[1.201s] DEBUG:colcon:Command line arguments: ['/usr/bin/colcon', 'build', '--packages-select', 'vesc_ackermann']
[1.202s] DEBUG:colcon:Parsed command line arguments: Namespace(allow_overriding=[], ament_cmake_args=None, base_paths=['.'], build_base='build', catkin_cmake_args=None, catkin_skip_building_tests=False, cmake_args=None, cmake_clean_cache=False, cmake_clean_first=False, cmake_force_configure=False, cmake_target=None, cmake_target_skip_unavailable=False, continue_on_error=False, event_handlers=None, executor='parallel', ignore_user_meta=False, install_base='install', log_base=None, log_level=None, main=<bound method BuildVerb.main of <colcon_core.verb.build.BuildVerb object at 0xffffb6f96af0>>, merge_install=False, metas=['./colcon.meta'], mixin=None, mixin_files=None, mixin_verb=('build',), packages_above=None, packages_above_and_dependencies=None, packages_above_depth=None, packages_end=None, packages_ignore=None, packages_ignore_regex=None, packages_select=['vesc_ackermann'], packages_select_build_failed=False, packages_select_by_dep=None, packages_select_regex=None, packages_select_test_failures=False, packages_skip=None, packages_skip_build_finished=False, packages_skip_by_dep=None, packages_skip_regex=None, packages_skip_test_passed=False, packages_skip_up_to=None, packages_start=None, packages_up_to=None, packages_up_to_regex=None, parallel_workers=6, paths=None, symlink_install=False, test_result_base=None, verb_extension=<colcon_core.verb.build.BuildVerb object at 0xffffb6f96af0>, verb_name='build', verb_parser=<colcon_mixin.mixin.mixin_argument.MixinArgumentDecorator object at 0xffffb6e59190>)
[2.173s] Level 1:colcon.colcon_core.package_discovery:discover_packages(colcon_meta) check parameters
[2.173s] Level 1:colcon.colcon_core.package_discovery:discover_packages(recursive) check parameters
[2.174s] Level 1:colcon.colcon_core.package_discovery:discover_packages(ignore) check parameters
[2.174s] Level 1:colcon.colcon_core.package_discovery:discover_packages(path) check parameters
[2.174s] Level 1:colcon.colcon_core.package_discovery:discover_packages(colcon_meta) discover
[2.174s] Level 1:colcon.colcon_core.package_discovery:discover_packages(recursive) discover
[2.175s] INFO:colcon.colcon_core.package_discovery:Crawling recursively for packages in '/home/f1/f1tenth_ws'
[2.176s] Level 1:colcon.colcon_core.package_identification:_identify(.) by extensions ['ignore', 'ignore_ament_install']
[2.176s] Level 1:colcon.colcon_core.package_identification:_identify(.) by extension 'ignore'
[2.177s] Level 1:colcon.colcon_core.package_identification:_identify(.) by extension 'ignore_ament_install'
[2.177s] Level 1:colcon.colcon_core.package_identification:_identify(.) by extensions ['colcon_pkg']
[2.177s] Level 1:colcon.colcon_core.package_identification:_identify(.) by extension 'colcon_pkg'
[2.177s] Level 1:colcon.colcon_core.package_identification:_identify(.) by extensions ['colcon_meta']
[2.178s] Level 1:colcon.colcon_core.package_identification:_identify(.) by extension 'colcon_meta'
[2.178s] Level 1:colcon.colcon_core.package_identification:_identify(.) by extensions ['ros']
[2.178s] Level 1:colcon.colcon_core.package_identification:_identify(.) by extension 'ros'
[2.238s] Level 1:colcon.colcon_core.package_identification:_identify(.) by extensions ['cmake', 'python']
[2.239s] Level 1:colcon.colcon_core.package_identification:_identify(.) by extension 'cmake'
[2.239s] Level 1:colcon.colcon_core.package_identification:_identify(.) by extension 'python'
[2.239s] Level 1:colcon.colcon_core.package_identification:_identify(.) by extensions ['python_setup_py']
[2.240s] Level 1:colcon.colcon_core.package_identification:_identify(.) by extension 'python_setup_py'
[2.240s] Level 1:colcon.colcon_core.package_identification:_identify(bags) by extensions ['ignore', 'ignore_ament_install']
[2.241s] Level 1:colcon.colcon_core.package_identification:_identify(bags) by extension 'ignore'
[2.241s] Level 1:colcon.colcon_core.package_identification:_identify(bags) by extension 'ignore_ament_install'
[2.241s] Level 1:colcon.colcon_core.package_identification:_identify(bags) by extensions ['colcon_pkg']
[2.242s] Level 1:colcon.colcon_core.package_identification:_identify(bags) by extension 'colcon_pkg'
[2.242s] Level 1:colcon.colcon_core.package_identification:_identify(bags) by extensions ['colcon_meta']
[2.242s] Level 1:colcon.colcon_core.package_identification:_identify(bags) by extension 'colcon_meta'
[2.242s] Level 1:colcon.colcon_core.package_identification:_identify(bags) by extensions ['ros']
[2.243s] Level 1:colcon.colcon_core.package_identification:_identify(bags) by extension 'ros'
[2.243s] Level 1:colcon.colcon_core.package_identification:_identify(bags) by extensions ['cmake', 'python']
[2.243s] Level 1:colcon.colcon_core.package_identification:_identify(bags) by extension 'cmake'
[2.243s] Level 1:colcon.colcon_core.package_identification:_identify(bags) by extension 'python'
[2.244s] Level 1:colcon.colcon_core.package_identification:_identify(bags) by extensions ['python_setup_py']
[2.244s] Level 1:colcon.colcon_core.package_identification:_identify(bags) by extension 'python_setup_py'
[2.245s] Level 1:colcon.colcon_core.package_identification:_identify(bags/maps) by extensions ['ignore', 'ignore_ament_install']
[2.245s] Level 1:colcon.colcon_core.package_identification:_identify(bags/maps) by extension 'ignore'
[2.245s] Level 1:colcon.colcon_core.package_identification:_identify(bags/maps) by extension 'ignore_ament_install'
[2.245s] Level 1:colcon.colcon_core.package_identification:_identify(bags/maps) by extensions ['colcon_pkg']
[2.246s] Level 1:colcon.colcon_core.package_identification:_identify(bags/maps) by extension 'colcon_pkg'
[2.246s] Level 1:colcon.colcon_core.package_identification:_identify(bags/maps) by extensions ['colcon_meta']
[2.246s] Level 1:colcon.colcon_core.package_identification:_identify(bags/maps) by extension 'colcon_meta'
[2.246s] Level 1:colcon.colcon_core.package_identification:_identify(bags/maps) by extensions ['ros']
[2.247s] Level 1:colcon.colcon_core.package_identification:_identify(bags/maps) by extension 'ros'
[2.247s] Level 1:colcon.colcon_core.package_identification:_identify(bags/maps) by extensions ['cmake', 'python']
[2.247s] Level 1:colcon.colcon_core.package_identification:_identify(bags/maps) by extension 'cmake'
[2.247s] Level 1:colcon.colcon_core.package_identification:_identify(bags/maps) by extension 'python'
[2.248s] Level 1:colcon.colcon_core.package_identification:_identify(bags/maps) by extensions ['python_setup_py']
[2.248s] Level 1:colcon.colcon_core.package_identification:_identify(bags/maps) by extension 'python_setup_py'
[2.248s] Level 1:colcon.colcon_core.package_identification:_identify(bags/maps/my_carto_map) by extensions ['ignore', 'ignore_ament_install']
[2.249s] Level 1:colcon.colcon_core.package_identification:_identify(bags/maps/my_carto_map) by extension 'ignore'
[2.249s] Level 1:colcon.colcon_core.package_identification:_identify(bags/maps/my_carto_map) by extension 'ignore_ament_install'
[2.249s] Level 1:colcon.colcon_core.package_identification:_identify(bags/maps/my_carto_map) by extensions ['colcon_pkg']
[2.249s] Level 1:colcon.colcon_core.package_identification:_identify(bags/maps/my_carto_map) by extension 'colcon_pkg'
[2.250s] Level 1:colcon.colcon_core.package_identification:_identify(bags/maps/my_carto_map) by extensions ['colcon_meta']
[2.250s] Level 1:colcon.colcon_core.package_identification:_identify(bags/maps/my_carto_map) by extension 'colcon_meta'
[2.250s] Level 1:colcon.colcon_core.package_identification:_identify(bags/maps/my_carto_map) by extensions ['ros']
[2.250s] Level 1:colcon.colcon_core.package_identification:_identify(bags/maps/my_carto_map) by extension 'ros'
[2.251s] Level 1:colcon.colcon_core.package_identification:_identify(bags/maps/my_carto_map) by extensions ['cmake', 'python']
[2.251s] Level 1:colcon.colcon_core.package_identification:_identify(bags/maps/my_carto_map) by extension 'cmake'
[2.251s] Level 1:colcon.colcon_core.package_identification:_identify(bags/maps/my_carto_map) by extension 'python'
[2.252s] Level 1:colcon.colcon_core.package_identification:_identify(bags/maps/my_carto_map) by extensions ['python_setup_py']
[2.252s] Level 1:colcon.colcon_core.package_identification:_identify(bags/maps/my_carto_map) by extension 'python_setup_py'
[2.252s] Level 1:colcon.colcon_core.package_identification:_identify(bags/maps/with_jg) by extensions ['ignore', 'ignore_ament_install']
[2.253s] Level 1:colcon.colcon_core.package_identification:_identify(bags/maps/with_jg) by extension 'ignore'
[2.253s] Level 1:colcon.colcon_core.package_identification:_identify(bags/maps/with_jg) by extension 'ignore_ament_install'
[2.253s] Level 1:colcon.colcon_core.package_identification:_identify(bags/maps/with_jg) by extensions ['colcon_pkg']
[2.254s] Level 1:colcon.colcon_core.package_identification:_identify(bags/maps/with_jg) by extension 'colcon_pkg'
[2.254s] Level 1:colcon.colcon_core.package_identification:_identify(bags/maps/with_jg) by extensions ['colcon_meta']
[2.254s] Level 1:colcon.colcon_core.package_identification:_identify(bags/maps/with_jg) by extension 'colcon_meta'
[2.254s] Level 1:colcon.colcon_core.package_identification:_identify(bags/maps/with_jg) by extensions ['ros']
[2.255s] Level 1:colcon.colcon_core.package_identification:_identify(bags/maps/with_jg) by extension 'ros'
[2.255s] Level 1:colcon.colcon_core.package_identification:_identify(bags/maps/with_jg) by extensions ['cmake', 'python']
[2.255s] Level 1:colcon.colcon_core.package_identification:_identify(bags/maps/with_jg) by extension 'cmake'
[2.255s] Level 1:colcon.colcon_core.package_identification:_identify(bags/maps/with_jg) by extension 'python'
[2.256s] Level 1:colcon.colcon_core.package_identification:_identify(bags/maps/with_jg) by extensions ['python_setup_py']
[2.256s] Level 1:colcon.colcon_core.package_identification:_identify(bags/maps/with_jg) by extension 'python_setup_py'
[2.256s] Level 1:colcon.colcon_core.package_identification:_identify(build) by extensions ['ignore', 'ignore_ament_install']
[2.257s] Level 1:colcon.colcon_core.package_identification:_identify(build) by extension 'ignore'
[2.257s] Level 1:colcon.colcon_core.package_identification:_identify(build) ignored
[2.258s] Level 1:colcon.colcon_core.package_identification:_identify(config) by extensions ['ignore', 'ignore_ament_install']
[2.258s] Level 1:colcon.colcon_core.package_identification:_identify(config) by extension 'ignore'
[2.258s] Level 1:colcon.colcon_core.package_identification:_identify(config) by extension 'ignore_ament_install'
[2.259s] Level 1:colcon.colcon_core.package_identification:_identify(config) by extensions ['colcon_pkg']
[2.259s] Level 1:colcon.colcon_core.package_identification:_identify(config) by extension 'colcon_pkg'
[2.259s] Level 1:colcon.colcon_core.package_identification:_identify(config) by extensions ['colcon_meta']
[2.259s] Level 1:colcon.colcon_core.package_identification:_identify(config) by extension 'colcon_meta'
[2.260s] Level 1:colcon.colcon_core.package_identification:_identify(config) by extensions ['ros']
[2.260s] Level 1:colcon.colcon_core.package_identification:_identify(config) by extension 'ros'
[2.260s] Level 1:colcon.colcon_core.package_identification:_identify(config) by extensions ['cmake', 'python']
[2.260s] Level 1:colcon.colcon_core.package_identification:_identify(config) by extension 'cmake'
[2.261s] Level 1:colcon.colcon_core.package_identification:_identify(config) by extension 'python'
[2.261s] Level 1:colcon.colcon_core.package_identification:_identify(config) by extensions ['python_setup_py']
[2.261s] Level 1:colcon.colcon_core.package_identification:_identify(config) by extension 'python_setup_py'
[2.262s] Level 1:colcon.colcon_core.package_identification:_identify(install) by extensions ['ignore', 'ignore_ament_install']
[2.262s] Level 1:colcon.colcon_core.package_identification:_identify(install) by extension 'ignore'
[2.263s] Level 1:colcon.colcon_core.package_identification:_identify(install) ignored
[2.264s] Level 1:colcon.colcon_core.package_identification:_identify(joon_path_generate) by extensions ['ignore', 'ignore_ament_install']
[2.264s] Level 1:colcon.colcon_core.package_identification:_identify(joon_path_generate) by extension 'ignore'
[2.265s] Level 1:colcon.colcon_core.package_identification:_identify(joon_path_generate) by extension 'ignore_ament_install'
[2.265s] Level 1:colcon.colcon_core.package_identification:_identify(joon_path_generate) by extensions ['colcon_pkg']
[2.265s] Level 1:colcon.colcon_core.package_identification:_identify(joon_path_generate) by extension 'colcon_pkg'
[2.265s] Level 1:colcon.colcon_core.package_identification:_identify(joon_path_generate) by extensions ['colcon_meta']
[2.265s] Level 1:colcon.colcon_core.package_identification:_identify(joon_path_generate) by extension 'colcon_meta'
[2.266s] Level 1:colcon.colcon_core.package_identification:_identify(joon_path_generate) by extensions ['ros']
[2.266s] Level 1:colcon.colcon_core.package_identification:_identify(joon_path_generate) by extension 'ros'
[2.267s] Level 1:colcon.colcon_core.package_identification:_identify(joon_path_generate) by extensions ['cmake', 'python']
[2.267s] Level 1:colcon.colcon_core.package_identification:_identify(joon_path_generate) by extension 'cmake'
[2.267s] Level 1:colcon.colcon_core.package_identification:_identify(joon_path_generate) by extension 'python'
[2.267s] Level 1:colcon.colcon_core.package_identification:_identify(joon_path_generate) by extensions ['python_setup_py']
[2.267s] Level 1:colcon.colcon_core.package_identification:_identify(joon_path_generate) by extension 'python_setup_py'
[2.268s] Level 1:colcon.colcon_core.package_identification:_identify(joon_path_generate/etc) by extensions ['ignore', 'ignore_ament_install']
[2.269s] Level 1:colcon.colcon_core.package_identification:_identify(joon_path_generate/etc) by extension 'ignore'
[2.269s] Level 1:colcon.colcon_core.package_identification:_identify(joon_path_generate/etc) by extension 'ignore_ament_install'
[2.269s] Level 1:colcon.colcon_core.package_identification:_identify(joon_path_generate/etc) by extensions ['colcon_pkg']
[2.269s] Level 1:colcon.colcon_core.package_identification:_identify(joon_path_generate/etc) by extension 'colcon_pkg'
[2.270s] Level 1:colcon.colcon_core.package_identification:_identify(joon_path_generate/etc) by extensions ['colcon_meta']
[2.270s] Level 1:colcon.colcon_core.package_identification:_identify(joon_path_generate/etc) by extension 'colcon_meta'
[2.270s] Level 1:colcon.colcon_core.package_identification:_identify(joon_path_generate/etc) by extensions ['ros']
[2.270s] Level 1:colcon.colcon_core.package_identification:_identify(joon_path_generate/etc) by extension 'ros'
[2.271s] Level 1:colcon.colcon_core.package_identification:_identify(joon_path_generate/etc) by extensions ['cmake', 'python']
[2.271s] Level 1:colcon.colcon_core.package_identification:_identify(joon_path_generate/etc) by extension 'cmake'
[2.271s] Level 1:colcon.colcon_core.package_identification:_identify(joon_path_generate/etc) by extension 'python'
[2.271s] Level 1:colcon.colcon_core.package_identification:_identify(joon_path_generate/etc) by extensions ['python_setup_py']
[2.272s] Level 1:colcon.colcon_core.package_identification:_identify(joon_path_generate/etc) by extension 'python_setup_py'
[2.272s] Level 1:colcon.colcon_core.package_identification:_identify(joon_path_generate/etc/centerline) by extensions ['ignore', 'ignore_ament_install']
[2.273s] Level 1:colcon.colcon_core.package_identification:_identify(joon_path_generate/etc/centerline) by extension 'ignore'
[2.273s] Level 1:colcon.colcon_core.package_identification:_identify(joon_path_generate/etc/centerline) by extension 'ignore_ament_install'
[2.273s] Level 1:colcon.colcon_core.package_identification:_identify(joon_path_generate/etc/centerline) by extensions ['colcon_pkg']
[2.273s] Level 1:colcon.colcon_core.package_identification:_identify(joon_path_generate/etc/centerline) by extension 'colcon_pkg'
[2.274s] Level 1:colcon.colcon_core.package_identification:_identify(joon_path_generate/etc/centerline) by extensions ['colcon_meta']
[2.274s] Level 1:colcon.colcon_core.package_identification:_identify(joon_path_generate/etc/centerline) by extension 'colcon_meta'
[2.274s] Level 1:colcon.colcon_core.package_identification:_identify(joon_path_generate/etc/centerline) by extensions ['ros']
[2.274s] Level 1:colcon.colcon_core.package_identification:_identify(joon_path_generate/etc/centerline) by extension 'ros'
[2.275s] Level 1:colcon.colcon_core.package_identification:_identify(joon_path_generate/etc/centerline) by extensions ['cmake', 'python']
[2.275s] Level 1:colcon.colcon_core.package_identification:_identify(joon_path_generate/etc/centerline) by extension 'cmake'
[2.275s] Level 1:colcon.colcon_core.package_identification:_identify(joon_path_generate/etc/centerline) by extension 'python'
[2.276s] Level 1:colcon.colcon_core.package_identification:_identify(joon_path_generate/etc/centerline) by extensions ['python_setup_py']
[2.276s] Level 1:colcon.colcon_core.package_identification:_identify(joon_path_generate/etc/centerline) by extension 'python_setup_py'
[2.276s] Level 1:colcon.colcon_core.package_identification:_identify(joon_path_generate/etc/centerline_with_boundary) by extensions ['ignore', 'ignore_ament_install']
[2.277s] Level 1:colcon.colcon_core.package_identification:_identify(joon_path_generate/etc/centerline_with_boundary) by extension 'ignore'
[2.277s] Level 1:colcon.colcon_core.package_identification:_identify(joon_path_generate/etc/centerline_with_boundary) by extension 'ignore_ament_install'
[2.277s] Level 1:colcon.colcon_core.package_identification:_identify(joon_path_generate/etc/centerline_with_boundary) by extensions ['colcon_pkg']
[2.277s] Level 1:colcon.colcon_core.package_identification:_identify(joon_path_generate/etc/centerline_with_boundary) by extension 'colcon_pkg'
[2.278s] Level 1:colcon.colcon_core.package_identification:_identify(joon_path_generate/etc/centerline_with_boundary) by extensions ['colcon_meta']
[2.278s] Level 1:colcon.colcon_core.package_identification:_identify(joon_path_generate/etc/centerline_with_boundary) by extension 'colcon_meta'
[2.278s] Level 1:colcon.colcon_core.package_identification:_identify(joon_path_generate/etc/centerline_with_boundary) by extensions ['ros']
[2.278s] Level 1:colcon.colcon_core.package_identification:_identify(joon_path_generate/etc/centerline_with_boundary) by extension 'ros'
[2.279s] Level 1:colcon.colcon_core.package_identification:_identify(joon_path_generate/etc/centerline_with_boundary) by extensions ['cmake', 'python']
[2.279s] Level 1:colcon.colcon_core.package_identification:_identify(joon_path_generate/etc/centerline_with_boundary) by extension 'cmake'
[2.279s] Level 1:colcon.colcon_core.package_identification:_identify(joon_path_generate/etc/centerline_with_boundary) by extension 'python'
[2.280s] Level 1:colcon.colcon_core.package_identification:_identify(joon_path_generate/etc/centerline_with_boundary) by extensions ['python_setup_py']
[2.280s] Level 1:colcon.colcon_core.package_identification:_identify(joon_path_generate/etc/centerline_with_boundary) by extension 'python_setup_py'
[2.280s] Level 1:colcon.colcon_core.package_identification:_identify(joon_path_generate/etc/edt_results) by extensions ['ignore', 'ignore_ament_install']
[2.281s] Level 1:colcon.colcon_core.package_identification:_identify(joon_path_generate/etc/edt_results) by extension 'ignore'
[2.281s] Level 1:colcon.colcon_core.package_identification:_identify(joon_path_generate/etc/edt_results) by extension 'ignore_ament_install'
[2.281s] Level 1:colcon.colcon_core.package_identification:_identify(joon_path_generate/etc/edt_results) by extensions ['colcon_pkg']
[2.281s] Level 1:colcon.colcon_core.package_identification:_identify(joon_path_generate/etc/edt_results) by extension 'colcon_pkg'
[2.282s] Level 1:colcon.colcon_core.package_identification:_identify(joon_path_generate/etc/edt_results) by extensions ['colcon_meta']
[2.282s] Level 1:colcon.colcon_core.package_identification:_identify(joon_path_generate/etc/edt_results) by extension 'colcon_meta'
[2.282s] Level 1:colcon.colcon_core.package_identification:_identify(joon_path_generate/etc/edt_results) by extensions ['ros']
[2.282s] Level 1:colcon.colcon_core.package_identification:_identify(joon_path_generate/etc/edt_results) by extension 'ros'
[2.283s] Level 1:colcon.colcon_core.package_identification:_identify(joon_path_generate/etc/edt_results) by extensions ['cmake', 'python']
[2.283s] Level 1:colcon.colcon_core.package_identification:_identify(joon_path_generate/etc/edt_results) by extension 'cmake'
[2.283s] Level 1:colcon.colcon_core.package_identification:_identify(joon_path_generate/etc/edt_results) by extension 'python'
[2.283s] Level 1:colcon.colcon_core.package_identification:_identify(joon_path_generate/etc/edt_results) by extensions ['python_setup_py']
[2.284s] Level 1:colcon.colcon_core.package_identification:_identify(joon_path_generate/etc/edt_results) by extension 'python_setup_py'
[2.284s] Level 1:colcon.colcon_core.package_identification:_identify(joon_path_generate/etc/global_path) by extensions ['ignore', 'ignore_ament_install']
[2.285s] Level 1:colcon.colcon_core.package_identification:_identify(joon_path_generate/etc/global_path) by extension 'ignore'
[2.285s] Level 1:colcon.colcon_core.package_identification:_identify(joon_path_generate/etc/global_path) by extension 'ignore_ament_install'
[2.286s] Level 1:colcon.colcon_core.package_identification:_identify(joon_path_generate/etc/global_path) by extensions ['colcon_pkg']
[2.286s] Level 1:colcon.colcon_core.package_identification:_identify(joon_path_generate/etc/global_path) by extension 'colcon_pkg'
[2.286s] Level 1:colcon.colcon_core.package_identification:_identify(joon_path_generate/etc/global_path) by extensions ['colcon_meta']
[2.286s] Level 1:colcon.colcon_core.package_identification:_identify(joon_path_generate/etc/global_path) by extension 'colcon_meta'
[2.287s] Level 1:colcon.colcon_core.package_identification:_identify(joon_path_generate/etc/global_path) by extensions ['ros']
[2.287s] Level 1:colcon.colcon_core.package_identification:_identify(joon_path_generate/etc/global_path) by extension 'ros'
[2.287s] Level 1:colcon.colcon_core.package_identification:_identify(joon_path_generate/etc/global_path) by extensions ['cmake', 'python']
[2.288s] Level 1:colcon.colcon_core.package_identification:_identify(joon_path_generate/etc/global_path) by extension 'cmake'
[2.288s] Level 1:colcon.colcon_core.package_identification:_identify(joon_path_generate/etc/global_path) by extension 'python'
[2.288s] Level 1:colcon.colcon_core.package_identification:_identify(joon_path_generate/etc/global_path) by extensions ['python_setup_py']
[2.288s] Level 1:colcon.colcon_core.package_identification:_identify(joon_path_generate/etc/global_path) by extension 'python_setup_py'
[2.289s] Level 1:colcon.colcon_core.package_identification:_identify(joon_path_generate/final_centerline) by extensions ['ignore', 'ignore_ament_install']
[2.289s] Level 1:colcon.colcon_core.package_identification:_identify(joon_path_generate/final_centerline) by extension 'ignore'
[2.290s] Level 1:colcon.colcon_core.package_identification:_identify(joon_path_generate/final_centerline) by extension 'ignore_ament_install'
[2.290s] Level 1:colcon.colcon_core.package_identification:_identify(joon_path_generate/final_centerline) by extensions ['colcon_pkg']
[2.290s] Level 1:colcon.colcon_core.package_identification:_identify(joon_path_generate/final_centerline) by extension 'colcon_pkg'
[2.291s] Level 1:colcon.colcon_core.package_identification:_identify(joon_path_generate/final_centerline) by extensions ['colcon_meta']
[2.291s] Level 1:colcon.colcon_core.package_identification:_identify(joon_path_generate/final_centerline) by extension 'colcon_meta'
[2.291s] Level 1:colcon.colcon_core.package_identification:_identify(joon_path_generate/final_centerline) by extensions ['ros']
[2.291s] Level 1:colcon.colcon_core.package_identification:_identify(joon_path_generate/final_centerline) by extension 'ros'
[2.292s] Level 1:colcon.colcon_core.package_identification:_identify(joon_path_generate/final_centerline) by extensions ['cmake', 'python']
[2.292s] Level 1:colcon.colcon_core.package_identification:_identify(joon_path_generate/final_centerline) by extension 'cmake'
[2.292s] Level 1:colcon.colcon_core.package_identification:_identify(joon_path_generate/final_centerline) by extension 'python'
[2.293s] Level 1:colcon.colcon_core.package_identification:_identify(joon_path_generate/final_centerline) by extensions ['python_setup_py']
[2.293s] Level 1:colcon.colcon_core.package_identification:_identify(joon_path_generate/final_centerline) by extension 'python_setup_py'
[2.293s] Level 1:colcon.colcon_core.package_identification:_identify(joon_path_generate/final_centerline/output) by extensions ['ignore', 'ignore_ament_install']
[2.294s] Level 1:colcon.colcon_core.package_identification:_identify(joon_path_generate/final_centerline/output) by extension 'ignore'
[2.294s] Level 1:colcon.colcon_core.package_identification:_identify(joon_path_generate/final_centerline/output) by extension 'ignore_ament_install'
[2.295s] Level 1:colcon.colcon_core.package_identification:_identify(joon_path_generate/final_centerline/output) by extensions ['colcon_pkg']
[2.295s] Level 1:colcon.colcon_core.package_identification:_identify(joon_path_generate/final_centerline/output) by extension 'colcon_pkg'
[2.295s] Level 1:colcon.colcon_core.package_identification:_identify(joon_path_generate/final_centerline/output) by extensions ['colcon_meta']
[2.295s] Level 1:colcon.colcon_core.package_identification:_identify(joon_path_generate/final_centerline/output) by extension 'colcon_meta'
[2.296s] Level 1:colcon.colcon_core.package_identification:_identify(joon_path_generate/final_centerline/output) by extensions ['ros']
[2.296s] Level 1:colcon.colcon_core.package_identification:_identify(joon_path_generate/final_centerline/output) by extension 'ros'
[2.296s] Level 1:colcon.colcon_core.package_identification:_identify(joon_path_generate/final_centerline/output) by extensions ['cmake', 'python']
[2.296s] Level 1:colcon.colcon_core.package_identification:_identify(joon_path_generate/final_centerline/output) by extension 'cmake'
[2.297s] Level 1:colcon.colcon_core.package_identification:_identify(joon_path_generate/final_centerline/output) by extension 'python'
[2.297s] Level 1:colcon.colcon_core.package_identification:_identify(joon_path_generate/final_centerline/output) by extensions ['python_setup_py']
[2.297s] Level 1:colcon.colcon_core.package_identification:_identify(joon_path_generate/final_centerline/output) by extension 'python_setup_py'
[2.298s] Level 1:colcon.colcon_core.package_identification:_identify(joon_path_generate/final_centerline/src) by extensions ['ignore', 'ignore_ament_install']
[2.298s] Level 1:colcon.colcon_core.package_identification:_identify(joon_path_generate/final_centerline/src) by extension 'ignore'
[2.298s] Level 1:colcon.colcon_core.package_identification:_identify(joon_path_generate/final_centerline/src) by extension 'ignore_ament_install'
[2.299s] Level 1:colcon.colcon_core.package_identification:_identify(joon_path_generate/final_centerline/src) by extensions ['colcon_pkg']
[2.299s] Level 1:colcon.colcon_core.package_identification:_identify(joon_path_generate/final_centerline/src) by extension 'colcon_pkg'
[2.299s] Level 1:colcon.colcon_core.package_identification:_identify(joon_path_generate/final_centerline/src) by extensions ['colcon_meta']
[2.299s] Level 1:colcon.colcon_core.package_identification:_identify(joon_path_generate/final_centerline/src) by extension 'colcon_meta'
[2.300s] Level 1:colcon.colcon_core.package_identification:_identify(joon_path_generate/final_centerline/src) by extensions ['ros']
[2.300s] Level 1:colcon.colcon_core.package_identification:_identify(joon_path_generate/final_centerline/src) by extension 'ros'
[2.300s] Level 1:colcon.colcon_core.package_identification:_identify(joon_path_generate/final_centerline/src) by extensions ['cmake', 'python']
[2.300s] Level 1:colcon.colcon_core.package_identification:_identify(joon_path_generate/final_centerline/src) by extension 'cmake'
[2.301s] Level 1:colcon.colcon_core.package_identification:_identify(joon_path_generate/final_centerline/src) by extension 'python'
[2.301s] Level 1:colcon.colcon_core.package_identification:_identify(joon_path_generate/final_centerline/src) by extensions ['python_setup_py']
[2.301s] Level 1:colcon.colcon_core.package_identification:_identify(joon_path_generate/final_centerline/src) by extension 'python_setup_py'
[2.302s] Level 1:colcon.colcon_core.package_identification:_identify(joon_path_generate/final_centerline/src/__pycache__) by extensions ['ignore', 'ignore_ament_install']
[2.303s] Level 1:colcon.colcon_core.package_identification:_identify(joon_path_generate/final_centerline/src/__pycache__) by extension 'ignore'
[2.303s] Level 1:colcon.colcon_core.package_identification:_identify(joon_path_generate/final_centerline/src/__pycache__) by extension 'ignore_ament_install'
[2.303s] Level 1:colcon.colcon_core.package_identification:_identify(joon_path_generate/final_centerline/src/__pycache__) by extensions ['colcon_pkg']
[2.303s] Level 1:colcon.colcon_core.package_identification:_identify(joon_path_generate/final_centerline/src/__pycache__) by extension 'colcon_pkg'
[2.304s] Level 1:colcon.colcon_core.package_identification:_identify(joon_path_generate/final_centerline/src/__pycache__) by extensions ['colcon_meta']
[2.304s] Level 1:colcon.colcon_core.package_identification:_identify(joon_path_generate/final_centerline/src/__pycache__) by extension 'colcon_meta'
[2.304s] Level 1:colcon.colcon_core.package_identification:_identify(joon_path_generate/final_centerline/src/__pycache__) by extensions ['ros']
[2.304s] Level 1:colcon.colcon_core.package_identification:_identify(joon_path_generate/final_centerline/src/__pycache__) by extension 'ros'
[2.305s] Level 1:colcon.colcon_core.package_identification:_identify(joon_path_generate/final_centerline/src/__pycache__) by extensions ['cmake', 'python']
[2.305s] Level 1:colcon.colcon_core.package_identification:_identify(joon_path_generate/final_centerline/src/__pycache__) by extension 'cmake'
[2.305s] Level 1:colcon.colcon_core.package_identification:_identify(joon_path_generate/final_centerline/src/__pycache__) by extension 'python'
[2.306s] Level 1:colcon.colcon_core.package_identification:_identify(joon_path_generate/final_centerline/src/__pycache__) by extensions ['python_setup_py']
[2.306s] Level 1:colcon.colcon_core.package_identification:_identify(joon_path_generate/final_centerline/src/__pycache__) by extension 'python_setup_py'
[2.306s] Level 1:colcon.colcon_core.package_identification:_identify(joon_path_generate/final_steven_gong) by extensions ['ignore', 'ignore_ament_install']
[2.307s] Level 1:colcon.colcon_core.package_identification:_identify(joon_path_generate/final_steven_gong) by extension 'ignore'
[2.307s] Level 1:colcon.colcon_core.package_identification:_identify(joon_path_generate/final_steven_gong) by extension 'ignore_ament_install'
[2.307s] Level 1:colcon.colcon_core.package_identification:_identify(joon_path_generate/final_steven_gong) by extensions ['colcon_pkg']
[2.308s] Level 1:colcon.colcon_core.package_identification:_identify(joon_path_generate/final_steven_gong) by extension 'colcon_pkg'
[2.308s] Level 1:colcon.colcon_core.package_identification:_identify(joon_path_generate/final_steven_gong) by extensions ['colcon_meta']
[2.308s] Level 1:colcon.colcon_core.package_identification:_identify(joon_path_generate/final_steven_gong) by extension 'colcon_meta'
[2.308s] Level 1:colcon.colcon_core.package_identification:_identify(joon_path_generate/final_steven_gong) by extensions ['ros']
[2.308s] Level 1:colcon.colcon_core.package_identification:_identify(joon_path_generate/final_steven_gong) by extension 'ros'
[2.309s] Level 1:colcon.colcon_core.package_identification:_identify(joon_path_generate/final_steven_gong) by extensions ['cmake', 'python']
[2.309s] Level 1:colcon.colcon_core.package_identification:_identify(joon_path_generate/final_steven_gong) by extension 'cmake'
[2.309s] Level 1:colcon.colcon_core.package_identification:_identify(joon_path_generate/final_steven_gong) by extension 'python'
[2.310s] Level 1:colcon.colcon_core.package_identification:_identify(joon_path_generate/final_steven_gong) by extensions ['python_setup_py']
[2.310s] Level 1:colcon.colcon_core.package_identification:_identify(joon_path_generate/final_steven_gong) by extension 'python_setup_py'
[2.311s] Level 1:colcon.colcon_core.package_identification:_identify(joon_path_generate/final_steven_gong/Raceline-Optimization) by extensions ['ignore', 'ignore_ament_install']
[2.311s] Level 1:colcon.colcon_core.package_identification:_identify(joon_path_generate/final_steven_gong/Raceline-Optimization) by extension 'ignore'
[2.311s] Level 1:colcon.colcon_core.package_identification:_identify(joon_path_generate/final_steven_gong/Raceline-Optimization) by extension 'ignore_ament_install'
[2.312s] Level 1:colcon.colcon_core.package_identification:_identify(joon_path_generate/final_steven_gong/Raceline-Optimization) by extensions ['colcon_pkg']
[2.312s] Level 1:colcon.colcon_core.package_identification:_identify(joon_path_generate/final_steven_gong/Raceline-Optimization) by extension 'colcon_pkg'
[2.312s] Level 1:colcon.colcon_core.package_identification:_identify(joon_path_generate/final_steven_gong/Raceline-Optimization) by extensions ['colcon_meta']
[2.312s] Level 1:colcon.colcon_core.package_identification:_identify(joon_path_generate/final_steven_gong/Raceline-Optimization) by extension 'colcon_meta'
[2.313s] Level 1:colcon.colcon_core.package_identification:_identify(joon_path_generate/final_steven_gong/Raceline-Optimization) by extensions ['ros']
[2.313s] Level 1:colcon.colcon_core.package_identification:_identify(joon_path_generate/final_steven_gong/Raceline-Optimization) by extension 'ros'
[2.313s] Level 1:colcon.colcon_core.package_identification:_identify(joon_path_generate/final_steven_gong/Raceline-Optimization) by extensions ['cmake', 'python']
[2.313s] Level 1:colcon.colcon_core.package_identification:_identify(joon_path_generate/final_steven_gong/Raceline-Optimization) by extension 'cmake'
[2.314s] Level 1:colcon.colcon_core.package_identification:_identify(joon_path_generate/final_steven_gong/Raceline-Optimization) by extension 'python'
[2.314s] Level 1:colcon.colcon_core.package_identification:_identify(joon_path_generate/final_steven_gong/Raceline-Optimization) by extensions ['python_setup_py']
[2.314s] Level 1:colcon.colcon_core.package_identification:_identify(joon_path_generate/final_steven_gong/Raceline-Optimization) by extension 'python_setup_py'
[2.315s] Level 1:colcon.colcon_core.package_identification:_identify(joon_path_generate/final_steven_gong/Raceline-Optimization/frictionmap) by extensions ['ignore', 'ignore_ament_install']
[2.315s] Level 1:colcon.colcon_core.package_identification:_identify(joon_path_generate/final_steven_gong/Raceline-Optimization/frictionmap) by extension 'ignore'
[2.315s] Level 1:colcon.colcon_core.package_identification:_identify(joon_path_generate/final_steven_gong/Raceline-Optimization/frictionmap) by extension 'ignore_ament_install'
[2.316s] Level 1:colcon.colcon_core.package_identification:_identify(joon_path_generate/final_steven_gong/Raceline-Optimization/frictionmap) by extensions ['colcon_pkg']
[2.316s] Level 1:colcon.colcon_core.package_identification:_identify(joon_path_generate/final_steven_gong/Raceline-Optimization/frictionmap) by extension 'colcon_pkg'
[2.316s] Level 1:colcon.colcon_core.package_identification:_identify(joon_path_generate/final_steven_gong/Raceline-Optimization/frictionmap) by extensions ['colcon_meta']
[2.316s] Level 1:colcon.colcon_core.package_identification:_identify(joon_path_generate/final_steven_gong/Raceline-Optimization/frictionmap) by extension 'colcon_meta'
[2.317s] Level 1:colcon.colcon_core.package_identification:_identify(joon_path_generate/final_steven_gong/Raceline-Optimization/frictionmap) by extensions ['ros']
[2.317s] Level 1:colcon.colcon_core.package_identification:_identify(joon_path_generate/final_steven_gong/Raceline-Optimization/frictionmap) by extension 'ros'
[2.317s] Level 1:colcon.colcon_core.package_identification:_identify(joon_path_generate/final_steven_gong/Raceline-Optimization/frictionmap) by extensions ['cmake', 'python']
[2.317s] Level 1:colcon.colcon_core.package_identification:_identify(joon_path_generate/final_steven_gong/Raceline-Optimization/frictionmap) by extension 'cmake'
[2.318s] Level 1:colcon.colcon_core.package_identification:_identify(joon_path_generate/final_steven_gong/Raceline-Optimization/frictionmap) by extension 'python'
[2.318s] Level 1:colcon.colcon_core.package_identification:_identify(joon_path_generate/final_steven_gong/Raceline-Optimization/frictionmap) by extensions ['python_setup_py']
[2.318s] Level 1:colcon.colcon_core.package_identification:_identify(joon_path_generate/final_steven_gong/Raceline-Optimization/frictionmap) by extension 'python_setup_py'
[2.319s] Level 1:colcon.colcon_core.package_identification:_identify(joon_path_generate/final_steven_gong/Raceline-Optimization/frictionmap/src) by extensions ['ignore', 'ignore_ament_install']
[2.319s] Level 1:colcon.colcon_core.package_identification:_identify(joon_path_generate/final_steven_gong/Raceline-Optimization/frictionmap/src) by extension 'ignore'
[2.319s] Level 1:colcon.colcon_core.package_identification:_identify(joon_path_generate/final_steven_gong/Raceline-Optimization/frictionmap/src) by extension 'ignore_ament_install'
[2.320s] Level 1:colcon.colcon_core.package_identification:_identify(joon_path_generate/final_steven_gong/Raceline-Optimization/frictionmap/src) by extensions ['colcon_pkg']
[2.320s] Level 1:colcon.colcon_core.package_identification:_identify(joon_path_generate/final_steven_gong/Raceline-Optimization/frictionmap/src) by extension 'colcon_pkg'
[2.320s] Level 1:colcon.colcon_core.package_identification:_identify(joon_path_generate/final_steven_gong/Raceline-Optimization/frictionmap/src) by extensions ['colcon_meta']
[2.320s] Level 1:colcon.colcon_core.package_identification:_identify(joon_path_generate/final_steven_gong/Raceline-Optimization/frictionmap/src) by extension 'colcon_meta'
[2.321s] Level 1:colcon.colcon_core.package_identification:_identify(joon_path_generate/final_steven_gong/Raceline-Optimization/frictionmap/src) by extensions ['ros']
[2.321s] Level 1:colcon.colcon_core.package_identification:_identify(joon_path_generate/final_steven_gong/Raceline-Optimization/frictionmap/src) by extension 'ros'
[2.321s] Level 1:colcon.colcon_core.package_identification:_identify(joon_path_generate/final_steven_gong/Raceline-Optimization/frictionmap/src) by extensions ['cmake', 'python']
[2.321s] Level 1:colcon.colcon_core.package_identification:_identify(joon_path_generate/final_steven_gong/Raceline-Optimization/frictionmap/src) by extension 'cmake'
[2.322s] Level 1:colcon.colcon_core.package_identification:_identify(joon_path_generate/final_steven_gong/Raceline-Optimization/frictionmap/src) by extension 'python'
[2.322s] Level 1:colcon.colcon_core.package_identification:_identify(joon_path_generate/final_steven_gong/Raceline-Optimization/frictionmap/src) by extensions ['python_setup_py']
[2.322s] Level 1:colcon.colcon_core.package_identification:_identify(joon_path_generate/final_steven_gong/Raceline-Optimization/frictionmap/src) by extension 'python_setup_py'
[2.323s] Level 1:colcon.colcon_core.package_identification:_identify(joon_path_generate/final_steven_gong/Raceline-Optimization/helper_funcs_glob) by extensions ['ignore', 'ignore_ament_install']
[2.323s] Level 1:colcon.colcon_core.package_identification:_identify(joon_path_generate/final_steven_gong/Raceline-Optimization/helper_funcs_glob) by extension 'ignore'
[2.324s] Level 1:colcon.colcon_core.package_identification:_identify(joon_path_generate/final_steven_gong/Raceline-Optimization/helper_funcs_glob) by extension 'ignore_ament_install'
[2.324s] Level 1:colcon.colcon_core.package_identification:_identify(joon_path_generate/final_steven_gong/Raceline-Optimization/helper_funcs_glob) by extensions ['colcon_pkg']
[2.324s] Level 1:colcon.colcon_core.package_identification:_identify(joon_path_generate/final_steven_gong/Raceline-Optimization/helper_funcs_glob) by extension 'colcon_pkg'
[2.324s] Level 1:colcon.colcon_core.package_identification:_identify(joon_path_generate/final_steven_gong/Raceline-Optimization/helper_funcs_glob) by extensions ['colcon_meta']
[2.325s] Level 1:colcon.colcon_core.package_identification:_identify(joon_path_generate/final_steven_gong/Raceline-Optimization/helper_funcs_glob) by extension 'colcon_meta'
[2.325s] Level 1:colcon.colcon_core.package_identification:_identify(joon_path_generate/final_steven_gong/Raceline-Optimization/helper_funcs_glob) by extensions ['ros']
[2.325s] Level 1:colcon.colcon_core.package_identification:_identify(joon_path_generate/final_steven_gong/Raceline-Optimization/helper_funcs_glob) by extension 'ros'
[2.326s] Level 1:colcon.colcon_core.package_identification:_identify(joon_path_generate/final_steven_gong/Raceline-Optimization/helper_funcs_glob) by extensions ['cmake', 'python']
[2.326s] Level 1:colcon.colcon_core.package_identification:_identify(joon_path_generate/final_steven_gong/Raceline-Optimization/helper_funcs_glob) by extension 'cmake'
[2.326s] Level 1:colcon.colcon_core.package_identification:_identify(joon_path_generate/final_steven_gong/Raceline-Optimization/helper_funcs_glob) by extension 'python'
[2.326s] Level 1:colcon.colcon_core.package_identification:_identify(joon_path_generate/final_steven_gong/Raceline-Optimization/helper_funcs_glob) by extensions ['python_setup_py']
[2.326s] Level 1:colcon.colcon_core.package_identification:_identify(joon_path_generate/final_steven_gong/Raceline-Optimization/helper_funcs_glob) by extension 'python_setup_py'
[2.327s] Level 1:colcon.colcon_core.package_identification:_identify(joon_path_generate/final_steven_gong/Raceline-Optimization/helper_funcs_glob/__pycache__) by extensions ['ignore', 'ignore_ament_install']
[2.328s] Level 1:colcon.colcon_core.package_identification:_identify(joon_path_generate/final_steven_gong/Raceline-Optimization/helper_funcs_glob/__pycache__) by extension 'ignore'
[2.328s] Level 1:colcon.colcon_core.package_identification:_identify(joon_path_generate/final_steven_gong/Raceline-Optimization/helper_funcs_glob/__pycache__) by extension 'ignore_ament_install'
[2.328s] Level 1:colcon.colcon_core.package_identification:_identify(joon_path_generate/final_steven_gong/Raceline-Optimization/helper_funcs_glob/__pycache__) by extensions ['colcon_pkg']
[2.328s] Level 1:colcon.colcon_core.package_identification:_identify(joon_path_generate/final_steven_gong/Raceline-Optimization/helper_funcs_glob/__pycache__) by extension 'colcon_pkg'
[2.329s] Level 1:colcon.colcon_core.package_identification:_identify(joon_path_generate/final_steven_gong/Raceline-Optimization/helper_funcs_glob/__pycache__) by extensions ['colcon_meta']
[2.329s] Level 1:colcon.colcon_core.package_identification:_identify(joon_path_generate/final_steven_gong/Raceline-Optimization/helper_funcs_glob/__pycache__) by extension 'colcon_meta'
[2.329s] Level 1:colcon.colcon_core.package_identification:_identify(joon_path_generate/final_steven_gong/Raceline-Optimization/helper_funcs_glob/__pycache__) by extensions ['ros']
[2.329s] Level 1:colcon.colcon_core.package_identification:_identify(joon_path_generate/final_steven_gong/Raceline-Optimization/helper_funcs_glob/__pycache__) by extension 'ros'
[2.330s] Level 1:colcon.colcon_core.package_identification:_identify(joon_path_generate/final_steven_gong/Raceline-Optimization/helper_funcs_glob/__pycache__) by extensions ['cmake', 'python']
[2.330s] Level 1:colcon.colcon_core.package_identification:_identify(joon_path_generate/final_steven_gong/Raceline-Optimization/helper_funcs_glob/__pycache__) by extension 'cmake'
[2.330s] Level 1:colcon.colcon_core.package_identification:_identify(joon_path_generate/final_steven_gong/Raceline-Optimization/helper_funcs_glob/__pycache__) by extension 'python'
[2.331s] Level 1:colcon.colcon_core.package_identification:_identify(joon_path_generate/final_steven_gong/Raceline-Optimization/helper_funcs_glob/__pycache__) by extensions ['python_setup_py']
[2.331s] Level 1:colcon.colcon_core.package_identification:_identify(joon_path_generate/final_steven_gong/Raceline-Optimization/helper_funcs_glob/__pycache__) by extension 'python_setup_py'
[2.332s] Level 1:colcon.colcon_core.package_identification:_identify(joon_path_generate/final_steven_gong/Raceline-Optimization/helper_funcs_glob/src) by extensions ['ignore', 'ignore_ament_install']
[2.332s] Level 1:colcon.colcon_core.package_identification:_identify(joon_path_generate/final_steven_gong/Raceline-Optimization/helper_funcs_glob/src) by extension 'ignore'
[2.332s] Level 1:colcon.colcon_core.package_identification:_identify(joon_path_generate/final_steven_gong/Raceline-Optimization/helper_funcs_glob/src) by extension 'ignore_ament_install'
[2.333s] Level 1:colcon.colcon_core.package_identification:_identify(joon_path_generate/final_steven_gong/Raceline-Optimization/helper_funcs_glob/src) by extensions ['colcon_pkg']
[2.333s] Level 1:colcon.colcon_core.package_identification:_identify(joon_path_generate/final_steven_gong/Raceline-Optimization/helper_funcs_glob/src) by extension 'colcon_pkg'
[2.333s] Level 1:colcon.colcon_core.package_identification:_identify(joon_path_generate/final_steven_gong/Raceline-Optimization/helper_funcs_glob/src) by extensions ['colcon_meta']
[2.333s] Level 1:colcon.colcon_core.package_identification:_identify(joon_path_generate/final_steven_gong/Raceline-Optimization/helper_funcs_glob/src) by extension 'colcon_meta'
[2.334s] Level 1:colcon.colcon_core.package_identification:_identify(joon_path_generate/final_steven_gong/Raceline-Optimization/helper_funcs_glob/src) by extensions ['ros']
[2.334s] Level 1:colcon.colcon_core.package_identification:_identify(joon_path_generate/final_steven_gong/Raceline-Optimization/helper_funcs_glob/src) by extension 'ros'
[2.335s] Level 1:colcon.colcon_core.package_identification:_identify(joon_path_generate/final_steven_gong/Raceline-Optimization/helper_funcs_glob/src) by extensions ['cmake', 'python']
[2.335s] Level 1:colcon.colcon_core.package_identification:_identify(joon_path_generate/final_steven_gong/Raceline-Optimization/helper_funcs_glob/src) by extension 'cmake'
[2.335s] Level 1:colcon.colcon_core.package_identification:_identify(joon_path_generate/final_steven_gong/Raceline-Optimization/helper_funcs_glob/src) by extension 'python'
[2.335s] Level 1:colcon.colcon_core.package_identification:_identify(joon_path_generate/final_steven_gong/Raceline-Optimization/helper_funcs_glob/src) by extensions ['python_setup_py']
[2.335s] Level 1:colcon.colcon_core.package_identification:_identify(joon_path_generate/final_steven_gong/Raceline-Optimization/helper_funcs_glob/src) by extension 'python_setup_py'
[2.336s] Level 1:colcon.colcon_core.package_identification:_identify(joon_path_generate/final_steven_gong/Raceline-Optimization/helper_funcs_glob/src/__pycache__) by extensions ['ignore', 'ignore_ament_install']
[2.337s] Level 1:colcon.colcon_core.package_identification:_identify(joon_path_generate/final_steven_gong/Raceline-Optimization/helper_funcs_glob/src/__pycache__) by extension 'ignore'
[2.337s] Level 1:colcon.colcon_core.package_identification:_identify(joon_path_generate/final_steven_gong/Raceline-Optimization/helper_funcs_glob/src/__pycache__) by extension 'ignore_ament_install'
[2.337s] Level 1:colcon.colcon_core.package_identification:_identify(joon_path_generate/final_steven_gong/Raceline-Optimization/helper_funcs_glob/src/__pycache__) by extensions ['colcon_pkg']
[2.337s] Level 1:colcon.colcon_core.package_identification:_identify(joon_path_generate/final_steven_gong/Raceline-Optimization/helper_funcs_glob/src/__pycache__) by extension 'colcon_pkg'
[2.338s] Level 1:colcon.colcon_core.package_identification:_identify(joon_path_generate/final_steven_gong/Raceline-Optimization/helper_funcs_glob/src/__pycache__) by extensions ['colcon_meta']
[2.338s] Level 1:colcon.colcon_core.package_identification:_identify(joon_path_generate/final_steven_gong/Raceline-Optimization/helper_funcs_glob/src/__pycache__) by extension 'colcon_meta'
[2.338s] Level 1:colcon.colcon_core.package_identification:_identify(joon_path_generate/final_steven_gong/Raceline-Optimization/helper_funcs_glob/src/__pycache__) by extensions ['ros']
[2.338s] Level 1:colcon.colcon_core.package_identification:_identify(joon_path_generate/final_steven_gong/Raceline-Optimization/helper_funcs_glob/src/__pycache__) by extension 'ros'
[2.339s] Level 1:colcon.colcon_core.package_identification:_identify(joon_path_generate/final_steven_gong/Raceline-Optimization/helper_funcs_glob/src/__pycache__) by extensions ['cmake', 'python']
[2.339s] Level 1:colcon.colcon_core.package_identification:_identify(joon_path_generate/final_steven_gong/Raceline-Optimization/helper_funcs_glob/src/__pycache__) by extension 'cmake'
[2.339s] Level 1:colcon.colcon_core.package_identification:_identify(joon_path_generate/final_steven_gong/Raceline-Optimization/helper_funcs_glob/src/__pycache__) by extension 'python'
[2.340s] Level 1:colcon.colcon_core.package_identification:_identify(joon_path_generate/final_steven_gong/Raceline-Optimization/helper_funcs_glob/src/__pycache__) by extensions ['python_setup_py']
[2.340s] Level 1:colcon.colcon_core.package_identification:_identify(joon_path_generate/final_steven_gong/Raceline-Optimization/helper_funcs_glob/src/__pycache__) by extension 'python_setup_py'
[2.342s] Level 1:colcon.colcon_core.package_identification:_identify(joon_path_generate/final_steven_gong/Raceline-Optimization/inputs) by extensions ['ignore', 'ignore_ament_install']
[2.343s] Level 1:colcon.colcon_core.package_identification:_identify(joon_path_generate/final_steven_gong/Raceline-Optimization/inputs) by extension 'ignore'
[2.343s] Level 1:colcon.colcon_core.package_identification:_identify(joon_path_generate/final_steven_gong/Raceline-Optimization/inputs) by extension 'ignore_ament_install'
[2.343s] Level 1:colcon.colcon_core.package_identification:_identify(joon_path_generate/final_steven_gong/Raceline-Optimization/inputs) by extensions ['colcon_pkg']
[2.343s] Level 1:colcon.colcon_core.package_identification:_identify(joon_path_generate/final_steven_gong/Raceline-Optimization/inputs) by extension 'colcon_pkg'
[2.344s] Level 1:colcon.colcon_core.package_identification:_identify(joon_path_generate/final_steven_gong/Raceline-Optimization/inputs) by extensions ['colcon_meta']
[2.344s] Level 1:colcon.colcon_core.package_identification:_identify(joon_path_generate/final_steven_gong/Raceline-Optimization/inputs) by extension 'colcon_meta'
[2.344s] Level 1:colcon.colcon_core.package_identification:_identify(joon_path_generate/final_steven_gong/Raceline-Optimization/inputs) by extensions ['ros']
[2.345s] Level 1:colcon.colcon_core.package_identification:_identify(joon_path_generate/final_steven_gong/Raceline-Optimization/inputs) by extension 'ros'
[2.345s] Level 1:colcon.colcon_core.package_identification:_identify(joon_path_generate/final_steven_gong/Raceline-Optimization/inputs) by extensions ['cmake', 'python']
[2.345s] Level 1:colcon.colcon_core.package_identification:_identify(joon_path_generate/final_steven_gong/Raceline-Optimization/inputs) by extension 'cmake'
[2.346s] Level 1:colcon.colcon_core.package_identification:_identify(joon_path_generate/final_steven_gong/Raceline-Optimization/inputs) by extension 'python'
[2.346s] Level 1:colcon.colcon_core.package_identification:_identify(joon_path_generate/final_steven_gong/Raceline-Optimization/inputs) by extensions ['python_setup_py']
[2.346s] Level 1:colcon.colcon_core.package_identification:_identify(joon_path_generate/final_steven_gong/Raceline-Optimization/inputs) by extension 'python_setup_py'
[2.347s] Level 1:colcon.colcon_core.package_identification:_identify(joon_path_generate/final_steven_gong/Raceline-Optimization/inputs/frictionmaps) by extensions ['ignore', 'ignore_ament_install']
[2.348s] Level 1:colcon.colcon_core.package_identification:_identify(joon_path_generate/final_steven_gong/Raceline-Optimization/inputs/frictionmaps) by extension 'ignore'
[2.348s] Level 1:colcon.colcon_core.package_identification:_identify(joon_path_generate/final_steven_gong/Raceline-Optimization/inputs/frictionmaps) by extension 'ignore_ament_install'
[2.348s] Level 1:colcon.colcon_core.package_identification:_identify(joon_path_generate/final_steven_gong/Raceline-Optimization/inputs/frictionmaps) by extensions ['colcon_pkg']
[2.348s] Level 1:colcon.colcon_core.package_identification:_identify(joon_path_generate/final_steven_gong/Raceline-Optimization/inputs/frictionmaps) by extension 'colcon_pkg'
[2.349s] Level 1:colcon.colcon_core.package_identification:_identify(joon_path_generate/final_steven_gong/Raceline-Optimization/inputs/frictionmaps) by extensions ['colcon_meta']
[2.349s] Level 1:colcon.colcon_core.package_identification:_identify(joon_path_generate/final_steven_gong/Raceline-Optimization/inputs/frictionmaps) by extension 'colcon_meta'
[2.349s] Level 1:colcon.colcon_core.package_identification:_identify(joon_path_generate/final_steven_gong/Raceline-Optimization/inputs/frictionmaps) by extensions ['ros']
[2.350s] Level 1:colcon.colcon_core.package_identification:_identify(joon_path_generate/final_steven_gong/Raceline-Optimization/inputs/frictionmaps) by extension 'ros'
[2.350s] Level 1:colcon.colcon_core.package_identification:_identify(joon_path_generate/final_steven_gong/Raceline-Optimization/inputs/frictionmaps) by extensions ['cmake', 'python']
[2.351s] Level 1:colcon.colcon_core.package_identification:_identify(joon_path_generate/final_steven_gong/Raceline-Optimization/inputs/frictionmaps) by extension 'cmake'
[2.351s] Level 1:colcon.colcon_core.package_identification:_identify(joon_path_generate/final_steven_gong/Raceline-Optimization/inputs/frictionmaps) by extension 'python'
[2.351s] Level 1:colcon.colcon_core.package_identification:_identify(joon_path_generate/final_steven_gong/Raceline-Optimization/inputs/frictionmaps) by extensions ['python_setup_py']
[2.351s] Level 1:colcon.colcon_core.package_identification:_identify(joon_path_generate/final_steven_gong/Raceline-Optimization/inputs/frictionmaps) by extension 'python_setup_py'
[2.352s] Level 1:colcon.colcon_core.package_identification:_identify(joon_path_generate/final_steven_gong/Raceline-Optimization/inputs/tracks) by extensions ['ignore', 'ignore_ament_install']
[2.353s] Level 1:colcon.colcon_core.package_identification:_identify(joon_path_generate/final_steven_gong/Raceline-Optimization/inputs/tracks) by extension 'ignore'
[2.353s] Level 1:colcon.colcon_core.package_identification:_identify(joon_path_generate/final_steven_gong/Raceline-Optimization/inputs/tracks) by extension 'ignore_ament_install'
[2.353s] Level 1:colcon.colcon_core.package_identification:_identify(joon_path_generate/final_steven_gong/Raceline-Optimization/inputs/tracks) by extensions ['colcon_pkg']
[2.354s] Level 1:colcon.colcon_core.package_identification:_identify(joon_path_generate/final_steven_gong/Raceline-Optimization/inputs/tracks) by extension 'colcon_pkg'
[2.354s] Level 1:colcon.colcon_core.package_identification:_identify(joon_path_generate/final_steven_gong/Raceline-Optimization/inputs/tracks) by extensions ['colcon_meta']
[2.354s] Level 1:colcon.colcon_core.package_identification:_identify(joon_path_generate/final_steven_gong/Raceline-Optimization/inputs/tracks) by extension 'colcon_meta'
[2.354s] Level 1:colcon.colcon_core.package_identification:_identify(joon_path_generate/final_steven_gong/Raceline-Optimization/inputs/tracks) by extensions ['ros']
[2.355s] Level 1:colcon.colcon_core.package_identification:_identify(joon_path_generate/final_steven_gong/Raceline-Optimization/inputs/tracks) by extension 'ros'
[2.355s] Level 1:colcon.colcon_core.package_identification:_identify(joon_path_generate/final_steven_gong/Raceline-Optimization/inputs/tracks) by extensions ['cmake', 'python']
[2.355s] Level 1:colcon.colcon_core.package_identification:_identify(joon_path_generate/final_steven_gong/Raceline-Optimization/inputs/tracks) by extension 'cmake'
[2.356s] Level 1:colcon.colcon_core.package_identification:_identify(joon_path_generate/final_steven_gong/Raceline-Optimization/inputs/tracks) by extension 'python'
[2.356s] Level 1:colcon.colcon_core.package_identification:_identify(joon_path_generate/final_steven_gong/Raceline-Optimization/inputs/tracks) by extensions ['python_setup_py']
[2.356s] Level 1:colcon.colcon_core.package_identification:_identify(joon_path_generate/final_steven_gong/Raceline-Optimization/inputs/tracks) by extension 'python_setup_py'
[2.357s] Level 1:colcon.colcon_core.package_identification:_identify(joon_path_generate/final_steven_gong/Raceline-Optimization/inputs/veh_dyn_info) by extensions ['ignore', 'ignore_ament_install']
[2.357s] Level 1:colcon.colcon_core.package_identification:_identify(joon_path_generate/final_steven_gong/Raceline-Optimization/inputs/veh_dyn_info) by extension 'ignore'
[2.357s] Level 1:colcon.colcon_core.package_identification:_identify(joon_path_generate/final_steven_gong/Raceline-Optimization/inputs/veh_dyn_info) by extension 'ignore_ament_install'
[2.358s] Level 1:colcon.colcon_core.package_identification:_identify(joon_path_generate/final_steven_gong/Raceline-Optimization/inputs/veh_dyn_info) by extensions ['colcon_pkg']
[2.358s] Level 1:colcon.colcon_core.package_identification:_identify(joon_path_generate/final_steven_gong/Raceline-Optimization/inputs/veh_dyn_info) by extension 'colcon_pkg'
[2.358s] Level 1:colcon.colcon_core.package_identification:_identify(joon_path_generate/final_steven_gong/Raceline-Optimization/inputs/veh_dyn_info) by extensions ['colcon_meta']
[2.358s] Level 1:colcon.colcon_core.package_identification:_identify(joon_path_generate/final_steven_gong/Raceline-Optimization/inputs/veh_dyn_info) by extension 'colcon_meta'
[2.359s] Level 1:colcon.colcon_core.package_identification:_identify(joon_path_generate/final_steven_gong/Raceline-Optimization/inputs/veh_dyn_info) by extensions ['ros']
[2.359s] Level 1:colcon.colcon_core.package_identification:_identify(joon_path_generate/final_steven_gong/Raceline-Optimization/inputs/veh_dyn_info) by extension 'ros'
[2.360s] Level 1:colcon.colcon_core.package_identification:_identify(joon_path_generate/final_steven_gong/Raceline-Optimization/inputs/veh_dyn_info) by extensions ['cmake', 'python']
[2.360s] Level 1:colcon.colcon_core.package_identification:_identify(joon_path_generate/final_steven_gong/Raceline-Optimization/inputs/veh_dyn_info) by extension 'cmake'
[2.360s] Level 1:colcon.colcon_core.package_identification:_identify(joon_path_generate/final_steven_gong/Raceline-Optimization/inputs/veh_dyn_info) by extension 'python'
[2.360s] Level 1:colcon.colcon_core.package_identification:_identify(joon_path_generate/final_steven_gong/Raceline-Optimization/inputs/veh_dyn_info) by extensions ['python_setup_py']
[2.360s] Level 1:colcon.colcon_core.package_identification:_identify(joon_path_generate/final_steven_gong/Raceline-Optimization/inputs/veh_dyn_info) by extension 'python_setup_py'
[2.361s] Level 1:colcon.colcon_core.package_identification:_identify(joon_path_generate/final_steven_gong/Raceline-Optimization/maps) by extensions ['ignore', 'ignore_ament_install']
[2.362s] Level 1:colcon.colcon_core.package_identification:_identify(joon_path_generate/final_steven_gong/Raceline-Optimization/maps) by extension 'ignore'
[2.362s] Level 1:colcon.colcon_core.package_identification:_identify(joon_path_generate/final_steven_gong/Raceline-Optimization/maps) by extension 'ignore_ament_install'
[2.362s] Level 1:colcon.colcon_core.package_identification:_identify(joon_path_generate/final_steven_gong/Raceline-Optimization/maps) by extensions ['colcon_pkg']
[2.362s] Level 1:colcon.colcon_core.package_identification:_identify(joon_path_generate/final_steven_gong/Raceline-Optimization/maps) by extension 'colcon_pkg'
[2.363s] Level 1:colcon.colcon_core.package_identification:_identify(joon_path_generate/final_steven_gong/Raceline-Optimization/maps) by extensions ['colcon_meta']
[2.363s] Level 1:colcon.colcon_core.package_identification:_identify(joon_path_generate/final_steven_gong/Raceline-Optimization/maps) by extension 'colcon_meta'
[2.363s] Level 1:colcon.colcon_core.package_identification:_identify(joon_path_generate/final_steven_gong/Raceline-Optimization/maps) by extensions ['ros']
[2.363s] Level 1:colcon.colcon_core.package_identification:_identify(joon_path_generate/final_steven_gong/Raceline-Optimization/maps) by extension 'ros'
[2.364s] Level 1:colcon.colcon_core.package_identification:_identify(joon_path_generate/final_steven_gong/Raceline-Optimization/maps) by extensions ['cmake', 'python']
[2.364s] Level 1:colcon.colcon_core.package_identification:_identify(joon_path_generate/final_steven_gong/Raceline-Optimization/maps) by extension 'cmake'
[2.364s] Level 1:colcon.colcon_core.package_identification:_identify(joon_path_generate/final_steven_gong/Raceline-Optimization/maps) by extension 'python'
[2.365s] Level 1:colcon.colcon_core.package_identification:_identify(joon_path_generate/final_steven_gong/Raceline-Optimization/maps) by extensions ['python_setup_py']
[2.365s] Level 1:colcon.colcon_core.package_identification:_identify(joon_path_generate/final_steven_gong/Raceline-Optimization/maps) by extension 'python_setup_py'
[2.365s] Level 1:colcon.colcon_core.package_identification:_identify(joon_path_generate/final_steven_gong/Raceline-Optimization/opt_mintime_traj) by extensions ['ignore', 'ignore_ament_install']
[2.366s] Level 1:colcon.colcon_core.package_identification:_identify(joon_path_generate/final_steven_gong/Raceline-Optimization/opt_mintime_traj) by extension 'ignore'
[2.366s] Level 1:colcon.colcon_core.package_identification:_identify(joon_path_generate/final_steven_gong/Raceline-Optimization/opt_mintime_traj) by extension 'ignore_ament_install'
[2.366s] Level 1:colcon.colcon_core.package_identification:_identify(joon_path_generate/final_steven_gong/Raceline-Optimization/opt_mintime_traj) by extensions ['colcon_pkg']
[2.367s] Level 1:colcon.colcon_core.package_identification:_identify(joon_path_generate/final_steven_gong/Raceline-Optimization/opt_mintime_traj) by extension 'colcon_pkg'
[2.367s] Level 1:colcon.colcon_core.package_identification:_identify(joon_path_generate/final_steven_gong/Raceline-Optimization/opt_mintime_traj) by extensions ['colcon_meta']
[2.367s] Level 1:colcon.colcon_core.package_identification:_identify(joon_path_generate/final_steven_gong/Raceline-Optimization/opt_mintime_traj) by extension 'colcon_meta'
[2.367s] Level 1:colcon.colcon_core.package_identification:_identify(joon_path_generate/final_steven_gong/Raceline-Optimization/opt_mintime_traj) by extensions ['ros']
[2.368s] Level 1:colcon.colcon_core.package_identification:_identify(joon_path_generate/final_steven_gong/Raceline-Optimization/opt_mintime_traj) by extension 'ros'
[2.368s] Level 1:colcon.colcon_core.package_identification:_identify(joon_path_generate/final_steven_gong/Raceline-Optimization/opt_mintime_traj) by extensions ['cmake', 'python']
[2.368s] Level 1:colcon.colcon_core.package_identification:_identify(joon_path_generate/final_steven_gong/Raceline-Optimization/opt_mintime_traj) by extension 'cmake'
[2.369s] Level 1:colcon.colcon_core.package_identification:_identify(joon_path_generate/final_steven_gong/Raceline-Optimization/opt_mintime_traj) by extension 'python'
[2.369s] Level 1:colcon.colcon_core.package_identification:_identify(joon_path_generate/final_steven_gong/Raceline-Optimization/opt_mintime_traj) by extensions ['python_setup_py']
[2.369s] Level 1:colcon.colcon_core.package_identification:_identify(joon_path_generate/final_steven_gong/Raceline-Optimization/opt_mintime_traj) by extension 'python_setup_py'
[2.370s] Level 1:colcon.colcon_core.package_identification:_identify(joon_path_generate/final_steven_gong/Raceline-Optimization/opt_mintime_traj/__pycache__) by extensions ['ignore', 'ignore_ament_install']
[2.370s] Level 1:colcon.colcon_core.package_identification:_identify(joon_path_generate/final_steven_gong/Raceline-Optimization/opt_mintime_traj/__pycache__) by extension 'ignore'
[2.370s] Level 1:colcon.colcon_core.package_identification:_identify(joon_path_generate/final_steven_gong/Raceline-Optimization/opt_mintime_traj/__pycache__) by extension 'ignore_ament_install'
[2.371s] Level 1:colcon.colcon_core.package_identification:_identify(joon_path_generate/final_steven_gong/Raceline-Optimization/opt_mintime_traj/__pycache__) by extensions ['colcon_pkg']
[2.371s] Level 1:colcon.colcon_core.package_identification:_identify(joon_path_generate/final_steven_gong/Raceline-Optimization/opt_mintime_traj/__pycache__) by extension 'colcon_pkg'
[2.372s] Level 1:colcon.colcon_core.package_identification:_identify(joon_path_generate/final_steven_gong/Raceline-Optimization/opt_mintime_traj/__pycache__) by extensions ['colcon_meta']
[2.372s] Level 1:colcon.colcon_core.package_identification:_identify(joon_path_generate/final_steven_gong/Raceline-Optimization/opt_mintime_traj/__pycache__) by extension 'colcon_meta'
[2.373s] Level 1:colcon.colcon_core.package_identification:_identify(joon_path_generate/final_steven_gong/Raceline-Optimization/opt_mintime_traj/__pycache__) by extensions ['ros']
[2.373s] Level 1:colcon.colcon_core.package_identification:_identify(joon_path_generate/final_steven_gong/Raceline-Optimization/opt_mintime_traj/__pycache__) by extension 'ros'
[2.373s] Level 1:colcon.colcon_core.package_identification:_identify(joon_path_generate/final_steven_gong/Raceline-Optimization/opt_mintime_traj/__pycache__) by extensions ['cmake', 'python']
[2.374s] Level 1:colcon.colcon_core.package_identification:_identify(joon_path_generate/final_steven_gong/Raceline-Optimization/opt_mintime_traj/__pycache__) by extension 'cmake'
[2.374s] Level 1:colcon.colcon_core.package_identification:_identify(joon_path_generate/final_steven_gong/Raceline-Optimization/opt_mintime_traj/__pycache__) by extension 'python'
[2.374s] Level 1:colcon.colcon_core.package_identification:_identify(joon_path_generate/final_steven_gong/Raceline-Optimization/opt_mintime_traj/__pycache__) by extensions ['python_setup_py']
[2.374s] Level 1:colcon.colcon_core.package_identification:_identify(joon_path_generate/final_steven_gong/Raceline-Optimization/opt_mintime_traj/__pycache__) by extension 'python_setup_py'
[2.375s] Level 1:colcon.colcon_core.package_identification:_identify(joon_path_generate/final_steven_gong/Raceline-Optimization/opt_mintime_traj/powertrain_src) by extensions ['ignore', 'ignore_ament_install']
[2.375s] Level 1:colcon.colcon_core.package_identification:_identify(joon_path_generate/final_steven_gong/Raceline-Optimization/opt_mintime_traj/powertrain_src) by extension 'ignore'
[2.376s] Level 1:colcon.colcon_core.package_identification:_identify(joon_path_generate/final_steven_gong/Raceline-Optimization/opt_mintime_traj/powertrain_src) by extension 'ignore_ament_install'
[2.376s] Level 1:colcon.colcon_core.package_identification:_identify(joon_path_generate/final_steven_gong/Raceline-Optimization/opt_mintime_traj/powertrain_src) by extensions ['colcon_pkg']
[2.376s] Level 1:colcon.colcon_core.package_identification:_identify(joon_path_generate/final_steven_gong/Raceline-Optimization/opt_mintime_traj/powertrain_src) by extension 'colcon_pkg'
[2.376s] Level 1:colcon.colcon_core.package_identification:_identify(joon_path_generate/final_steven_gong/Raceline-Optimization/opt_mintime_traj/powertrain_src) by extensions ['colcon_meta']
[2.377s] Level 1:colcon.colcon_core.package_identification:_identify(joon_path_generate/final_steven_gong/Raceline-Optimization/opt_mintime_traj/powertrain_src) by extension 'colcon_meta'
[2.377s] Level 1:colcon.colcon_core.package_identification:_identify(joon_path_generate/final_steven_gong/Raceline-Optimization/opt_mintime_traj/powertrain_src) by extensions ['ros']
[2.377s] Level 1:colcon.colcon_core.package_identification:_identify(joon_path_generate/final_steven_gong/Raceline-Optimization/opt_mintime_traj/powertrain_src) by extension 'ros'
[2.378s] Level 1:colcon.colcon_core.package_identification:_identify(joon_path_generate/final_steven_gong/Raceline-Optimization/opt_mintime_traj/powertrain_src) by extensions ['cmake', 'python']
[2.378s] Level 1:colcon.colcon_core.package_identification:_identify(joon_path_generate/final_steven_gong/Raceline-Optimization/opt_mintime_traj/powertrain_src) by extension 'cmake'
[2.378s] Level 1:colcon.colcon_core.package_identification:_identify(joon_path_generate/final_steven_gong/Raceline-Optimization/opt_mintime_traj/powertrain_src) by extension 'python'
[2.378s] Level 1:colcon.colcon_core.package_identification:_identify(joon_path_generate/final_steven_gong/Raceline-Optimization/opt_mintime_traj/powertrain_src) by extensions ['python_setup_py']
[2.379s] Level 1:colcon.colcon_core.package_identification:_identify(joon_path_generate/final_steven_gong/Raceline-Optimization/opt_mintime_traj/powertrain_src) by extension 'python_setup_py'
[2.379s] Level 1:colcon.colcon_core.package_identification:_identify(joon_path_generate/final_steven_gong/Raceline-Optimization/opt_mintime_traj/powertrain_src/__pycache__) by extensions ['ignore', 'ignore_ament_install']
[2.380s] Level 1:colcon.colcon_core.package_identification:_identify(joon_path_generate/final_steven_gong/Raceline-Optimization/opt_mintime_traj/powertrain_src/__pycache__) by extension 'ignore'
[2.380s] Level 1:colcon.colcon_core.package_identification:_identify(joon_path_generate/final_steven_gong/Raceline-Optimization/opt_mintime_traj/powertrain_src/__pycache__) by extension 'ignore_ament_install'
[2.380s] Level 1:colcon.colcon_core.package_identification:_identify(joon_path_generate/final_steven_gong/Raceline-Optimization/opt_mintime_traj/powertrain_src/__pycache__) by extensions ['colcon_pkg']
[2.380s] Level 1:colcon.colcon_core.package_identification:_identify(joon_path_generate/final_steven_gong/Raceline-Optimization/opt_mintime_traj/powertrain_src/__pycache__) by extension 'colcon_pkg'
[2.381s] Level 1:colcon.colcon_core.package_identification:_identify(joon_path_generate/final_steven_gong/Raceline-Optimization/opt_mintime_traj/powertrain_src/__pycache__) by extensions ['colcon_meta']
[2.381s] Level 1:colcon.colcon_core.package_identification:_identify(joon_path_generate/final_steven_gong/Raceline-Optimization/opt_mintime_traj/powertrain_src/__pycache__) by extension 'colcon_meta'
[2.381s] Level 1:colcon.colcon_core.package_identification:_identify(joon_path_generate/final_steven_gong/Raceline-Optimization/opt_mintime_traj/powertrain_src/__pycache__) by extensions ['ros']
[2.381s] Level 1:colcon.colcon_core.package_identification:_identify(joon_path_generate/final_steven_gong/Raceline-Optimization/opt_mintime_traj/powertrain_src/__pycache__) by extension 'ros'
[2.383s] Level 1:colcon.colcon_core.package_identification:_identify(joon_path_generate/final_steven_gong/Raceline-Optimization/opt_mintime_traj/powertrain_src/__pycache__) by extensions ['cmake', 'python']
[2.383s] Level 1:colcon.colcon_core.package_identification:_identify(joon_path_generate/final_steven_gong/Raceline-Optimization/opt_mintime_traj/powertrain_src/__pycache__) by extension 'cmake'
[2.384s] Level 1:colcon.colcon_core.package_identification:_identify(joon_path_generate/final_steven_gong/Raceline-Optimization/opt_mintime_traj/powertrain_src/__pycache__) by extension 'python'
[2.384s] Level 1:colcon.colcon_core.package_identification:_identify(joon_path_generate/final_steven_gong/Raceline-Optimization/opt_mintime_traj/powertrain_src/__pycache__) by extensions ['python_setup_py']
[2.385s] Level 1:colcon.colcon_core.package_identification:_identify(joon_path_generate/final_steven_gong/Raceline-Optimization/opt_mintime_traj/powertrain_src/__pycache__) by extension 'python_setup_py'
[2.385s] Level 1:colcon.colcon_core.package_identification:_identify(joon_path_generate/final_steven_gong/Raceline-Optimization/opt_mintime_traj/powertrain_src/src) by extensions ['ignore', 'ignore_ament_install']
[2.386s] Level 1:colcon.colcon_core.package_identification:_identify(joon_path_generate/final_steven_gong/Raceline-Optimization/opt_mintime_traj/powertrain_src/src) by extension 'ignore'
[2.386s] Level 1:colcon.colcon_core.package_identification:_identify(joon_path_generate/final_steven_gong/Raceline-Optimization/opt_mintime_traj/powertrain_src/src) by extension 'ignore_ament_install'
[2.387s] Level 1:colcon.colcon_core.package_identification:_identify(joon_path_generate/final_steven_gong/Raceline-Optimization/opt_mintime_traj/powertrain_src/src) by extensions ['colcon_pkg']
[2.387s] Level 1:colcon.colcon_core.package_identification:_identify(joon_path_generate/final_steven_gong/Raceline-Optimization/opt_mintime_traj/powertrain_src/src) by extension 'colcon_pkg'
[2.387s] Level 1:colcon.colcon_core.package_identification:_identify(joon_path_generate/final_steven_gong/Raceline-Optimization/opt_mintime_traj/powertrain_src/src) by extensions ['colcon_meta']
[2.387s] Level 1:colcon.colcon_core.package_identification:_identify(joon_path_generate/final_steven_gong/Raceline-Optimization/opt_mintime_traj/powertrain_src/src) by extension 'colcon_meta'
[2.388s] Level 1:colcon.colcon_core.package_identification:_identify(joon_path_generate/final_steven_gong/Raceline-Optimization/opt_mintime_traj/powertrain_src/src) by extensions ['ros']
[2.388s] Level 1:colcon.colcon_core.package_identification:_identify(joon_path_generate/final_steven_gong/Raceline-Optimization/opt_mintime_traj/powertrain_src/src) by extension 'ros'
[2.388s] Level 1:colcon.colcon_core.package_identification:_identify(joon_path_generate/final_steven_gong/Raceline-Optimization/opt_mintime_traj/powertrain_src/src) by extensions ['cmake', 'python']
[2.388s] Level 1:colcon.colcon_core.package_identification:_identify(joon_path_generate/final_steven_gong/Raceline-Optimization/opt_mintime_traj/powertrain_src/src) by extension 'cmake'
[2.389s] Level 1:colcon.colcon_core.package_identification:_identify(joon_path_generate/final_steven_gong/Raceline-Optimization/opt_mintime_traj/powertrain_src/src) by extension 'python'
[2.389s] Level 1:colcon.colcon_core.package_identification:_identify(joon_path_generate/final_steven_gong/Raceline-Optimization/opt_mintime_traj/powertrain_src/src) by extensions ['python_setup_py']
[2.389s] Level 1:colcon.colcon_core.package_identification:_identify(joon_path_generate/final_steven_gong/Raceline-Optimization/opt_mintime_traj/powertrain_src/src) by extension 'python_setup_py'
[2.390s] Level 1:colcon.colcon_core.package_identification:_identify(joon_path_generate/final_steven_gong/Raceline-Optimization/opt_mintime_traj/powertrain_src/src/__pycache__) by extensions ['ignore', 'ignore_ament_install']
[2.390s] Level 1:colcon.colcon_core.package_identification:_identify(joon_path_generate/final_steven_gong/Raceline-Optimization/opt_mintime_traj/powertrain_src/src/__pycache__) by extension 'ignore'
[2.391s] Level 1:colcon.colcon_core.package_identification:_identify(joon_path_generate/final_steven_gong/Raceline-Optimization/opt_mintime_traj/powertrain_src/src/__pycache__) by extension 'ignore_ament_install'
[2.391s] Level 1:colcon.colcon_core.package_identification:_identify(joon_path_generate/final_steven_gong/Raceline-Optimization/opt_mintime_traj/powertrain_src/src/__pycache__) by extensions ['colcon_pkg']
[2.391s] Level 1:colcon.colcon_core.package_identification:_identify(joon_path_generate/final_steven_gong/Raceline-Optimization/opt_mintime_traj/powertrain_src/src/__pycache__) by extension 'colcon_pkg'
[2.391s] Level 1:colcon.colcon_core.package_identification:_identify(joon_path_generate/final_steven_gong/Raceline-Optimization/opt_mintime_traj/powertrain_src/src/__pycache__) by extensions ['colcon_meta']
[2.391s] Level 1:colcon.colcon_core.package_identification:_identify(joon_path_generate/final_steven_gong/Raceline-Optimization/opt_mintime_traj/powertrain_src/src/__pycache__) by extension 'colcon_meta'
[2.392s] Level 1:colcon.colcon_core.package_identification:_identify(joon_path_generate/final_steven_gong/Raceline-Optimization/opt_mintime_traj/powertrain_src/src/__pycache__) by extensions ['ros']
[2.392s] Level 1:colcon.colcon_core.package_identification:_identify(joon_path_generate/final_steven_gong/Raceline-Optimization/opt_mintime_traj/powertrain_src/src/__pycache__) by extension 'ros'
[2.393s] Level 1:colcon.colcon_core.package_identification:_identify(joon_path_generate/final_steven_gong/Raceline-Optimization/opt_mintime_traj/powertrain_src/src/__pycache__) by extensions ['cmake', 'python']
[2.393s] Level 1:colcon.colcon_core.package_identification:_identify(joon_path_generate/final_steven_gong/Raceline-Optimization/opt_mintime_traj/powertrain_src/src/__pycache__) by extension 'cmake'
[2.393s] Level 1:colcon.colcon_core.package_identification:_identify(joon_path_generate/final_steven_gong/Raceline-Optimization/opt_mintime_traj/powertrain_src/src/__pycache__) by extension 'python'
[2.393s] Level 1:colcon.colcon_core.package_identification:_identify(joon_path_generate/final_steven_gong/Raceline-Optimization/opt_mintime_traj/powertrain_src/src/__pycache__) by extensions ['python_setup_py']
[2.393s] Level 1:colcon.colcon_core.package_identification:_identify(joon_path_generate/final_steven_gong/Raceline-Optimization/opt_mintime_traj/powertrain_src/src/__pycache__) by extension 'python_setup_py'
[2.394s] Level 1:colcon.colcon_core.package_identification:_identify(joon_path_generate/final_steven_gong/Raceline-Optimization/opt_mintime_traj/src) by extensions ['ignore', 'ignore_ament_install']
[2.395s] Level 1:colcon.colcon_core.package_identification:_identify(joon_path_generate/final_steven_gong/Raceline-Optimization/opt_mintime_traj/src) by extension 'ignore'
[2.395s] Level 1:colcon.colcon_core.package_identification:_identify(joon_path_generate/final_steven_gong/Raceline-Optimization/opt_mintime_traj/src) by extension 'ignore_ament_install'
[2.395s] Level 1:colcon.colcon_core.package_identification:_identify(joon_path_generate/final_steven_gong/Raceline-Optimization/opt_mintime_traj/src) by extensions ['colcon_pkg']
[2.395s] Level 1:colcon.colcon_core.package_identification:_identify(joon_path_generate/final_steven_gong/Raceline-Optimization/opt_mintime_traj/src) by extension 'colcon_pkg'
[2.396s] Level 1:colcon.colcon_core.package_identification:_identify(joon_path_generate/final_steven_gong/Raceline-Optimization/opt_mintime_traj/src) by extensions ['colcon_meta']
[2.396s] Level 1:colcon.colcon_core.package_identification:_identify(joon_path_generate/final_steven_gong/Raceline-Optimization/opt_mintime_traj/src) by extension 'colcon_meta'
[2.396s] Level 1:colcon.colcon_core.package_identification:_identify(joon_path_generate/final_steven_gong/Raceline-Optimization/opt_mintime_traj/src) by extensions ['ros']
[2.396s] Level 1:colcon.colcon_core.package_identification:_identify(joon_path_generate/final_steven_gong/Raceline-Optimization/opt_mintime_traj/src) by extension 'ros'
[2.397s] Level 1:colcon.colcon_core.package_identification:_identify(joon_path_generate/final_steven_gong/Raceline-Optimization/opt_mintime_traj/src) by extensions ['cmake', 'python']
[2.397s] Level 1:colcon.colcon_core.package_identification:_identify(joon_path_generate/final_steven_gong/Raceline-Optimization/opt_mintime_traj/src) by extension 'cmake'
[2.397s] Level 1:colcon.colcon_core.package_identification:_identify(joon_path_generate/final_steven_gong/Raceline-Optimization/opt_mintime_traj/src) by extension 'python'
[2.397s] Level 1:colcon.colcon_core.package_identification:_identify(joon_path_generate/final_steven_gong/Raceline-Optimization/opt_mintime_traj/src) by extensions ['python_setup_py']
[2.398s] Level 1:colcon.colcon_core.package_identification:_identify(joon_path_generate/final_steven_gong/Raceline-Optimization/opt_mintime_traj/src) by extension 'python_setup_py'
[2.398s] Level 1:colcon.colcon_core.package_identification:_identify(joon_path_generate/final_steven_gong/Raceline-Optimization/opt_mintime_traj/src/__pycache__) by extensions ['ignore', 'ignore_ament_install']
[2.399s] Level 1:colcon.colcon_core.package_identification:_identify(joon_path_generate/final_steven_gong/Raceline-Optimization/opt_mintime_traj/src/__pycache__) by extension 'ignore'
[2.399s] Level 1:colcon.colcon_core.package_identification:_identify(joon_path_generate/final_steven_gong/Raceline-Optimization/opt_mintime_traj/src/__pycache__) by extension 'ignore_ament_install'
[2.399s] Level 1:colcon.colcon_core.package_identification:_identify(joon_path_generate/final_steven_gong/Raceline-Optimization/opt_mintime_traj/src/__pycache__) by extensions ['colcon_pkg']
[2.400s] Level 1:colcon.colcon_core.package_identification:_identify(joon_path_generate/final_steven_gong/Raceline-Optimization/opt_mintime_traj/src/__pycache__) by extension 'colcon_pkg'
[2.400s] Level 1:colcon.colcon_core.package_identification:_identify(joon_path_generate/final_steven_gong/Raceline-Optimization/opt_mintime_traj/src/__pycache__) by extensions ['colcon_meta']
[2.400s] Level 1:colcon.colcon_core.package_identification:_identify(joon_path_generate/final_steven_gong/Raceline-Optimization/opt_mintime_traj/src/__pycache__) by extension 'colcon_meta'
[2.400s] Level 1:colcon.colcon_core.package_identification:_identify(joon_path_generate/final_steven_gong/Raceline-Optimization/opt_mintime_traj/src/__pycache__) by extensions ['ros']
[2.400s] Level 1:colcon.colcon_core.package_identification:_identify(joon_path_generate/final_steven_gong/Raceline-Optimization/opt_mintime_traj/src/__pycache__) by extension 'ros'
[2.401s] Level 1:colcon.colcon_core.package_identification:_identify(joon_path_generate/final_steven_gong/Raceline-Optimization/opt_mintime_traj/src/__pycache__) by extensions ['cmake', 'python']
[2.401s] Level 1:colcon.colcon_core.package_identification:_identify(joon_path_generate/final_steven_gong/Raceline-Optimization/opt_mintime_traj/src/__pycache__) by extension 'cmake'
[2.401s] Level 1:colcon.colcon_core.package_identification:_identify(joon_path_generate/final_steven_gong/Raceline-Optimization/opt_mintime_traj/src/__pycache__) by extension 'python'
[2.402s] Level 1:colcon.colcon_core.package_identification:_identify(joon_path_generate/final_steven_gong/Raceline-Optimization/opt_mintime_traj/src/__pycache__) by extensions ['python_setup_py']
[2.402s] Level 1:colcon.colcon_core.package_identification:_identify(joon_path_generate/final_steven_gong/Raceline-Optimization/opt_mintime_traj/src/__pycache__) by extension 'python_setup_py'
[2.402s] Level 1:colcon.colcon_core.package_identification:_identify(joon_path_generate/final_steven_gong/Raceline-Optimization/outputs) by extensions ['ignore', 'ignore_ament_install']
[2.403s] Level 1:colcon.colcon_core.package_identification:_identify(joon_path_generate/final_steven_gong/Raceline-Optimization/outputs) by extension 'ignore'
[2.403s] Level 1:colcon.colcon_core.package_identification:_identify(joon_path_generate/final_steven_gong/Raceline-Optimization/outputs) by extension 'ignore_ament_install'
[2.403s] Level 1:colcon.colcon_core.package_identification:_identify(joon_path_generate/final_steven_gong/Raceline-Optimization/outputs) by extensions ['colcon_pkg']
[2.404s] Level 1:colcon.colcon_core.package_identification:_identify(joon_path_generate/final_steven_gong/Raceline-Optimization/outputs) by extension 'colcon_pkg'
[2.404s] Level 1:colcon.colcon_core.package_identification:_identify(joon_path_generate/final_steven_gong/Raceline-Optimization/outputs) by extensions ['colcon_meta']
[2.404s] Level 1:colcon.colcon_core.package_identification:_identify(joon_path_generate/final_steven_gong/Raceline-Optimization/outputs) by extension 'colcon_meta'
[2.404s] Level 1:colcon.colcon_core.package_identification:_identify(joon_path_generate/final_steven_gong/Raceline-Optimization/outputs) by extensions ['ros']
[2.404s] Level 1:colcon.colcon_core.package_identification:_identify(joon_path_generate/final_steven_gong/Raceline-Optimization/outputs) by extension 'ros'
[2.405s] Level 1:colcon.colcon_core.package_identification:_identify(joon_path_generate/final_steven_gong/Raceline-Optimization/outputs) by extensions ['cmake', 'python']
[2.405s] Level 1:colcon.colcon_core.package_identification:_identify(joon_path_generate/final_steven_gong/Raceline-Optimization/outputs) by extension 'cmake'
[2.405s] Level 1:colcon.colcon_core.package_identification:_identify(joon_path_generate/final_steven_gong/Raceline-Optimization/outputs) by extension 'python'
[2.406s] Level 1:colcon.colcon_core.package_identification:_identify(joon_path_generate/final_steven_gong/Raceline-Optimization/outputs) by extensions ['python_setup_py']
[2.406s] Level 1:colcon.colcon_core.package_identification:_identify(joon_path_generate/final_steven_gong/Raceline-Optimization/outputs) by extension 'python_setup_py'
[2.406s] Level 1:colcon.colcon_core.package_identification:_identify(joon_path_generate/final_steven_gong/Raceline-Optimization/outputs/e7_floor5_square) by extensions ['ignore', 'ignore_ament_install']
[2.407s] Level 1:colcon.colcon_core.package_identification:_identify(joon_path_generate/final_steven_gong/Raceline-Optimization/outputs/e7_floor5_square) by extension 'ignore'
[2.407s] Level 1:colcon.colcon_core.package_identification:_identify(joon_path_generate/final_steven_gong/Raceline-Optimization/outputs/e7_floor5_square) by extension 'ignore_ament_install'
[2.407s] Level 1:colcon.colcon_core.package_identification:_identify(joon_path_generate/final_steven_gong/Raceline-Optimization/outputs/e7_floor5_square) by extensions ['colcon_pkg']
[2.408s] Level 1:colcon.colcon_core.package_identification:_identify(joon_path_generate/final_steven_gong/Raceline-Optimization/outputs/e7_floor5_square) by extension 'colcon_pkg'
[2.408s] Level 1:colcon.colcon_core.package_identification:_identify(joon_path_generate/final_steven_gong/Raceline-Optimization/outputs/e7_floor5_square) by extensions ['colcon_meta']
[2.408s] Level 1:colcon.colcon_core.package_identification:_identify(joon_path_generate/final_steven_gong/Raceline-Optimization/outputs/e7_floor5_square) by extension 'colcon_meta'
[2.409s] Level 1:colcon.colcon_core.package_identification:_identify(joon_path_generate/final_steven_gong/Raceline-Optimization/outputs/e7_floor5_square) by extensions ['ros']
[2.409s] Level 1:colcon.colcon_core.package_identification:_identify(joon_path_generate/final_steven_gong/Raceline-Optimization/outputs/e7_floor5_square) by extension 'ros'
[2.409s] Level 1:colcon.colcon_core.package_identification:_identify(joon_path_generate/final_steven_gong/Raceline-Optimization/outputs/e7_floor5_square) by extensions ['cmake', 'python']
[2.409s] Level 1:colcon.colcon_core.package_identification:_identify(joon_path_generate/final_steven_gong/Raceline-Optimization/outputs/e7_floor5_square) by extension 'cmake'
[2.410s] Level 1:colcon.colcon_core.package_identification:_identify(joon_path_generate/final_steven_gong/Raceline-Optimization/outputs/e7_floor5_square) by extension 'python'
[2.410s] Level 1:colcon.colcon_core.package_identification:_identify(joon_path_generate/final_steven_gong/Raceline-Optimization/outputs/e7_floor5_square) by extensions ['python_setup_py']
[2.410s] Level 1:colcon.colcon_core.package_identification:_identify(joon_path_generate/final_steven_gong/Raceline-Optimization/outputs/e7_floor5_square) by extension 'python_setup_py'
[2.411s] Level 1:colcon.colcon_core.package_identification:_identify(joon_path_generate/final_steven_gong/Raceline-Optimization/outputs/e7_floor5_square/mintime-2025-08-29 18:03:12.609310) by extensions ['ignore', 'ignore_ament_install']
[2.411s] Level 1:colcon.colcon_core.package_identification:_identify(joon_path_generate/final_steven_gong/Raceline-Optimization/outputs/e7_floor5_square/mintime-2025-08-29 18:03:12.609310) by extension 'ignore'
[2.411s] Level 1:colcon.colcon_core.package_identification:_identify(joon_path_generate/final_steven_gong/Raceline-Optimization/outputs/e7_floor5_square/mintime-2025-08-29 18:03:12.609310) by extension 'ignore_ament_install'
[2.412s] Level 1:colcon.colcon_core.package_identification:_identify(joon_path_generate/final_steven_gong/Raceline-Optimization/outputs/e7_floor5_square/mintime-2025-08-29 18:03:12.609310) by extensions ['colcon_pkg']
[2.412s] Level 1:colcon.colcon_core.package_identification:_identify(joon_path_generate/final_steven_gong/Raceline-Optimization/outputs/e7_floor5_square/mintime-2025-08-29 18:03:12.609310) by extension 'colcon_pkg'
[2.412s] Level 1:colcon.colcon_core.package_identification:_identify(joon_path_generate/final_steven_gong/Raceline-Optimization/outputs/e7_floor5_square/mintime-2025-08-29 18:03:12.609310) by extensions ['colcon_meta']
[2.412s] Level 1:colcon.colcon_core.package_identification:_identify(joon_path_generate/final_steven_gong/Raceline-Optimization/outputs/e7_floor5_square/mintime-2025-08-29 18:03:12.609310) by extension 'colcon_meta'
[2.413s] Level 1:colcon.colcon_core.package_identification:_identify(joon_path_generate/final_steven_gong/Raceline-Optimization/outputs/e7_floor5_square/mintime-2025-08-29 18:03:12.609310) by extensions ['ros']
[2.413s] Level 1:colcon.colcon_core.package_identification:_identify(joon_path_generate/final_steven_gong/Raceline-Optimization/outputs/e7_floor5_square/mintime-2025-08-29 18:03:12.609310) by extension 'ros'
[2.413s] Level 1:colcon.colcon_core.package_identification:_identify(joon_path_generate/final_steven_gong/Raceline-Optimization/outputs/e7_floor5_square/mintime-2025-08-29 18:03:12.609310) by extensions ['cmake', 'python']
[2.414s] Level 1:colcon.colcon_core.package_identification:_identify(joon_path_generate/final_steven_gong/Raceline-Optimization/outputs/e7_floor5_square/mintime-2025-08-29 18:03:12.609310) by extension 'cmake'
[2.414s] Level 1:colcon.colcon_core.package_identification:_identify(joon_path_generate/final_steven_gong/Raceline-Optimization/outputs/e7_floor5_square/mintime-2025-08-29 18:03:12.609310) by extension 'python'
[2.414s] Level 1:colcon.colcon_core.package_identification:_identify(joon_path_generate/final_steven_gong/Raceline-Optimization/outputs/e7_floor5_square/mintime-2025-08-29 18:03:12.609310) by extensions ['python_setup_py']
[2.414s] Level 1:colcon.colcon_core.package_identification:_identify(joon_path_generate/final_steven_gong/Raceline-Optimization/outputs/e7_floor5_square/mintime-2025-08-29 18:03:12.609310) by extension 'python_setup_py'
[2.415s] Level 1:colcon.colcon_core.package_identification:_identify(joon_path_generate/final_steven_gong/Raceline-Optimization/outputs/e7_floor5_square/mintime-2025-08-29 18:09:37.018979) by extensions ['ignore', 'ignore_ament_install']
[2.415s] Level 1:colcon.colcon_core.package_identification:_identify(joon_path_generate/final_steven_gong/Raceline-Optimization/outputs/e7_floor5_square/mintime-2025-08-29 18:09:37.018979) by extension 'ignore'
[2.416s] Level 1:colcon.colcon_core.package_identification:_identify(joon_path_generate/final_steven_gong/Raceline-Optimization/outputs/e7_floor5_square/mintime-2025-08-29 18:09:37.018979) by extension 'ignore_ament_install'
[2.416s] Level 1:colcon.colcon_core.package_identification:_identify(joon_path_generate/final_steven_gong/Raceline-Optimization/outputs/e7_floor5_square/mintime-2025-08-29 18:09:37.018979) by extensions ['colcon_pkg']
[2.416s] Level 1:colcon.colcon_core.package_identification:_identify(joon_path_generate/final_steven_gong/Raceline-Optimization/outputs/e7_floor5_square/mintime-2025-08-29 18:09:37.018979) by extension 'colcon_pkg'
[2.416s] Level 1:colcon.colcon_core.package_identification:_identify(joon_path_generate/final_steven_gong/Raceline-Optimization/outputs/e7_floor5_square/mintime-2025-08-29 18:09:37.018979) by extensions ['colcon_meta']
[2.416s] Level 1:colcon.colcon_core.package_identification:_identify(joon_path_generate/final_steven_gong/Raceline-Optimization/outputs/e7_floor5_square/mintime-2025-08-29 18:09:37.018979) by extension 'colcon_meta'
[2.417s] Level 1:colcon.colcon_core.package_identification:_identify(joon_path_generate/final_steven_gong/Raceline-Optimization/outputs/e7_floor5_square/mintime-2025-08-29 18:09:37.018979) by extensions ['ros']
[2.417s] Level 1:colcon.colcon_core.package_identification:_identify(joon_path_generate/final_steven_gong/Raceline-Optimization/outputs/e7_floor5_square/mintime-2025-08-29 18:09:37.018979) by extension 'ros'
[2.417s] Level 1:colcon.colcon_core.package_identification:_identify(joon_path_generate/final_steven_gong/Raceline-Optimization/outputs/e7_floor5_square/mintime-2025-08-29 18:09:37.018979) by extensions ['cmake', 'python']
[2.418s] Level 1:colcon.colcon_core.package_identification:_identify(joon_path_generate/final_steven_gong/Raceline-Optimization/outputs/e7_floor5_square/mintime-2025-08-29 18:09:37.018979) by extension 'cmake'
[2.418s] Level 1:colcon.colcon_core.package_identification:_identify(joon_path_generate/final_steven_gong/Raceline-Optimization/outputs/e7_floor5_square/mintime-2025-08-29 18:09:37.018979) by extension 'python'
[2.418s] Level 1:colcon.colcon_core.package_identification:_identify(joon_path_generate/final_steven_gong/Raceline-Optimization/outputs/e7_floor5_square/mintime-2025-08-29 18:09:37.018979) by extensions ['python_setup_py']
[2.418s] Level 1:colcon.colcon_core.package_identification:_identify(joon_path_generate/final_steven_gong/Raceline-Optimization/outputs/e7_floor5_square/mintime-2025-08-29 18:09:37.018979) by extension 'python_setup_py'
[2.419s] Level 1:colcon.colcon_core.package_identification:_identify(joon_path_generate/final_steven_gong/Raceline-Optimization/outputs/e7_floor5_square/mintime-2025-08-29 18:09:53.220174) by extensions ['ignore', 'ignore_ament_install']
[2.420s] Level 1:colcon.colcon_core.package_identification:_identify(joon_path_generate/final_steven_gong/Raceline-Optimization/outputs/e7_floor5_square/mintime-2025-08-29 18:09:53.220174) by extension 'ignore'
[2.420s] Level 1:colcon.colcon_core.package_identification:_identify(joon_path_generate/final_steven_gong/Raceline-Optimization/outputs/e7_floor5_square/mintime-2025-08-29 18:09:53.220174) by extension 'ignore_ament_install'
[2.420s] Level 1:colcon.colcon_core.package_identification:_identify(joon_path_generate/final_steven_gong/Raceline-Optimization/outputs/e7_floor5_square/mintime-2025-08-29 18:09:53.220174) by extensions ['colcon_pkg']
[2.420s] Level 1:colcon.colcon_core.package_identification:_identify(joon_path_generate/final_steven_gong/Raceline-Optimization/outputs/e7_floor5_square/mintime-2025-08-29 18:09:53.220174) by extension 'colcon_pkg'
[2.421s] Level 1:colcon.colcon_core.package_identification:_identify(joon_path_generate/final_steven_gong/Raceline-Optimization/outputs/e7_floor5_square/mintime-2025-08-29 18:09:53.220174) by extensions ['colcon_meta']
[2.421s] Level 1:colcon.colcon_core.package_identification:_identify(joon_path_generate/final_steven_gong/Raceline-Optimization/outputs/e7_floor5_square/mintime-2025-08-29 18:09:53.220174) by extension 'colcon_meta'
[2.421s] Level 1:colcon.colcon_core.package_identification:_identify(joon_path_generate/final_steven_gong/Raceline-Optimization/outputs/e7_floor5_square/mintime-2025-08-29 18:09:53.220174) by extensions ['ros']
[2.421s] Level 1:colcon.colcon_core.package_identification:_identify(joon_path_generate/final_steven_gong/Raceline-Optimization/outputs/e7_floor5_square/mintime-2025-08-29 18:09:53.220174) by extension 'ros'
[2.422s] Level 1:colcon.colcon_core.package_identification:_identify(joon_path_generate/final_steven_gong/Raceline-Optimization/outputs/e7_floor5_square/mintime-2025-08-29 18:09:53.220174) by extensions ['cmake', 'python']
[2.422s] Level 1:colcon.colcon_core.package_identification:_identify(joon_path_generate/final_steven_gong/Raceline-Optimization/outputs/e7_floor5_square/mintime-2025-08-29 18:09:53.220174) by extension 'cmake'
[2.422s] Level 1:colcon.colcon_core.package_identification:_identify(joon_path_generate/final_steven_gong/Raceline-Optimization/outputs/e7_floor5_square/mintime-2025-08-29 18:09:53.220174) by extension 'python'
[2.423s] Level 1:colcon.colcon_core.package_identification:_identify(joon_path_generate/final_steven_gong/Raceline-Optimization/outputs/e7_floor5_square/mintime-2025-08-29 18:09:53.220174) by extensions ['python_setup_py']
[2.423s] Level 1:colcon.colcon_core.package_identification:_identify(joon_path_generate/final_steven_gong/Raceline-Optimization/outputs/e7_floor5_square/mintime-2025-08-29 18:09:53.220174) by extension 'python_setup_py'
[2.424s] Level 1:colcon.colcon_core.package_identification:_identify(joon_path_generate/final_steven_gong/Raceline-Optimization/outputs/e7_floor5_square/mintime-2025-08-29 18:13:03.765429) by extensions ['ignore', 'ignore_ament_install']
[2.424s] Level 1:colcon.colcon_core.package_identification:_identify(joon_path_generate/final_steven_gong/Raceline-Optimization/outputs/e7_floor5_square/mintime-2025-08-29 18:13:03.765429) by extension 'ignore'
[2.425s] Level 1:colcon.colcon_core.package_identification:_identify(joon_path_generate/final_steven_gong/Raceline-Optimization/outputs/e7_floor5_square/mintime-2025-08-29 18:13:03.765429) by extension 'ignore_ament_install'
[2.425s] Level 1:colcon.colcon_core.package_identification:_identify(joon_path_generate/final_steven_gong/Raceline-Optimization/outputs/e7_floor5_square/mintime-2025-08-29 18:13:03.765429) by extensions ['colcon_pkg']
[2.425s] Level 1:colcon.colcon_core.package_identification:_identify(joon_path_generate/final_steven_gong/Raceline-Optimization/outputs/e7_floor5_square/mintime-2025-08-29 18:13:03.765429) by extension 'colcon_pkg'
[2.425s] Level 1:colcon.colcon_core.package_identification:_identify(joon_path_generate/final_steven_gong/Raceline-Optimization/outputs/e7_floor5_square/mintime-2025-08-29 18:13:03.765429) by extensions ['colcon_meta']
[2.426s] Level 1:colcon.colcon_core.package_identification:_identify(joon_path_generate/final_steven_gong/Raceline-Optimization/outputs/e7_floor5_square/mintime-2025-08-29 18:13:03.765429) by extension 'colcon_meta'
[2.426s] Level 1:colcon.colcon_core.package_identification:_identify(joon_path_generate/final_steven_gong/Raceline-Optimization/outputs/e7_floor5_square/mintime-2025-08-29 18:13:03.765429) by extensions ['ros']
[2.426s] Level 1:colcon.colcon_core.package_identification:_identify(joon_path_generate/final_steven_gong/Raceline-Optimization/outputs/e7_floor5_square/mintime-2025-08-29 18:13:03.765429) by extension 'ros'
[2.427s] Level 1:colcon.colcon_core.package_identification:_identify(joon_path_generate/final_steven_gong/Raceline-Optimization/outputs/e7_floor5_square/mintime-2025-08-29 18:13:03.765429) by extensions ['cmake', 'python']
[2.427s] Level 1:colcon.colcon_core.package_identification:_identify(joon_path_generate/final_steven_gong/Raceline-Optimization/outputs/e7_floor5_square/mintime-2025-08-29 18:13:03.765429) by extension 'cmake'
[2.427s] Level 1:colcon.colcon_core.package_identification:_identify(joon_path_generate/final_steven_gong/Raceline-Optimization/outputs/e7_floor5_square/mintime-2025-08-29 18:13:03.765429) by extension 'python'
[2.427s] Level 1:colcon.colcon_core.package_identification:_identify(joon_path_generate/final_steven_gong/Raceline-Optimization/outputs/e7_floor5_square/mintime-2025-08-29 18:13:03.765429) by extensions ['python_setup_py']
[2.428s] Level 1:colcon.colcon_core.package_identification:_identify(joon_path_generate/final_steven_gong/Raceline-Optimization/outputs/e7_floor5_square/mintime-2025-08-29 18:13:03.765429) by extension 'python_setup_py'
[2.428s] Level 1:colcon.colcon_core.package_identification:_identify(joon_path_generate/final_steven_gong/Raceline-Optimization/outputs/f1tenth_korea_3rd) by extensions ['ignore', 'ignore_ament_install']
[2.429s] Level 1:colcon.colcon_core.package_identification:_identify(joon_path_generate/final_steven_gong/Raceline-Optimization/outputs/f1tenth_korea_3rd) by extension 'ignore'
[2.429s] Level 1:colcon.colcon_core.package_identification:_identify(joon_path_generate/final_steven_gong/Raceline-Optimization/outputs/f1tenth_korea_3rd) by extension 'ignore_ament_install'
[2.429s] Level 1:colcon.colcon_core.package_identification:_identify(joon_path_generate/final_steven_gong/Raceline-Optimization/outputs/f1tenth_korea_3rd) by extensions ['colcon_pkg']
[2.429s] Level 1:colcon.colcon_core.package_identification:_identify(joon_path_generate/final_steven_gong/Raceline-Optimization/outputs/f1tenth_korea_3rd) by extension 'colcon_pkg'
[2.430s] Level 1:colcon.colcon_core.package_identification:_identify(joon_path_generate/final_steven_gong/Raceline-Optimization/outputs/f1tenth_korea_3rd) by extensions ['colcon_meta']
[2.430s] Level 1:colcon.colcon_core.package_identification:_identify(joon_path_generate/final_steven_gong/Raceline-Optimization/outputs/f1tenth_korea_3rd) by extension 'colcon_meta'
[2.430s] Level 1:colcon.colcon_core.package_identification:_identify(joon_path_generate/final_steven_gong/Raceline-Optimization/outputs/f1tenth_korea_3rd) by extensions ['ros']
[2.430s] Level 1:colcon.colcon_core.package_identification:_identify(joon_path_generate/final_steven_gong/Raceline-Optimization/outputs/f1tenth_korea_3rd) by extension 'ros'
[2.431s] Level 1:colcon.colcon_core.package_identification:_identify(joon_path_generate/final_steven_gong/Raceline-Optimization/outputs/f1tenth_korea_3rd) by extensions ['cmake', 'python']
[2.431s] Level 1:colcon.colcon_core.package_identification:_identify(joon_path_generate/final_steven_gong/Raceline-Optimization/outputs/f1tenth_korea_3rd) by extension 'cmake'
[2.431s] Level 1:colcon.colcon_core.package_identification:_identify(joon_path_generate/final_steven_gong/Raceline-Optimization/outputs/f1tenth_korea_3rd) by extension 'python'
[2.432s] Level 1:colcon.colcon_core.package_identification:_identify(joon_path_generate/final_steven_gong/Raceline-Optimization/outputs/f1tenth_korea_3rd) by extensions ['python_setup_py']
[2.432s] Level 1:colcon.colcon_core.package_identification:_identify(joon_path_generate/final_steven_gong/Raceline-Optimization/outputs/f1tenth_korea_3rd) by extension 'python_setup_py'
[2.433s] Level 1:colcon.colcon_core.package_identification:_identify(joon_path_generate/final_steven_gong/Raceline-Optimization/outputs/f1tenth_korea_3rd/mintime-2025-08-29 18:18:37.534407) by extensions ['ignore', 'ignore_ament_install']
[2.433s] Level 1:colcon.colcon_core.package_identification:_identify(joon_path_generate/final_steven_gong/Raceline-Optimization/outputs/f1tenth_korea_3rd/mintime-2025-08-29 18:18:37.534407) by extension 'ignore'
[2.433s] Level 1:colcon.colcon_core.package_identification:_identify(joon_path_generate/final_steven_gong/Raceline-Optimization/outputs/f1tenth_korea_3rd/mintime-2025-08-29 18:18:37.534407) by extension 'ignore_ament_install'
[2.434s] Level 1:colcon.colcon_core.package_identification:_identify(joon_path_generate/final_steven_gong/Raceline-Optimization/outputs/f1tenth_korea_3rd/mintime-2025-08-29 18:18:37.534407) by extensions ['colcon_pkg']
[2.434s] Level 1:colcon.colcon_core.package_identification:_identify(joon_path_generate/final_steven_gong/Raceline-Optimization/outputs/f1tenth_korea_3rd/mintime-2025-08-29 18:18:37.534407) by extension 'colcon_pkg'
[2.434s] Level 1:colcon.colcon_core.package_identification:_identify(joon_path_generate/final_steven_gong/Raceline-Optimization/outputs/f1tenth_korea_3rd/mintime-2025-08-29 18:18:37.534407) by extensions ['colcon_meta']
[2.434s] Level 1:colcon.colcon_core.package_identification:_identify(joon_path_generate/final_steven_gong/Raceline-Optimization/outputs/f1tenth_korea_3rd/mintime-2025-08-29 18:18:37.534407) by extension 'colcon_meta'
[2.435s] Level 1:colcon.colcon_core.package_identification:_identify(joon_path_generate/final_steven_gong/Raceline-Optimization/outputs/f1tenth_korea_3rd/mintime-2025-08-29 18:18:37.534407) by extensions ['ros']
[2.435s] Level 1:colcon.colcon_core.package_identification:_identify(joon_path_generate/final_steven_gong/Raceline-Optimization/outputs/f1tenth_korea_3rd/mintime-2025-08-29 18:18:37.534407) by extension 'ros'
[2.435s] Level 1:colcon.colcon_core.package_identification:_identify(joon_path_generate/final_steven_gong/Raceline-Optimization/outputs/f1tenth_korea_3rd/mintime-2025-08-29 18:18:37.534407) by extensions ['cmake', 'python']
[2.435s] Level 1:colcon.colcon_core.package_identification:_identify(joon_path_generate/final_steven_gong/Raceline-Optimization/outputs/f1tenth_korea_3rd/mintime-2025-08-29 18:18:37.534407) by extension 'cmake'
[2.436s] Level 1:colcon.colcon_core.package_identification:_identify(joon_path_generate/final_steven_gong/Raceline-Optimization/outputs/f1tenth_korea_3rd/mintime-2025-08-29 18:18:37.534407) by extension 'python'
[2.436s] Level 1:colcon.colcon_core.package_identification:_identify(joon_path_generate/final_steven_gong/Raceline-Optimization/outputs/f1tenth_korea_3rd/mintime-2025-08-29 18:18:37.534407) by extensions ['python_setup_py']
[2.436s] Level 1:colcon.colcon_core.package_identification:_identify(joon_path_generate/final_steven_gong/Raceline-Optimization/outputs/f1tenth_korea_3rd/mintime-2025-08-29 18:18:37.534407) by extension 'python_setup_py'
[2.437s] Level 1:colcon.colcon_core.package_identification:_identify(joon_path_generate/final_steven_gong/Raceline-Optimization/outputs/f1tenth_korea_3rd_centerline) by extensions ['ignore', 'ignore_ament_install']
[2.437s] Level 1:colcon.colcon_core.package_identification:_identify(joon_path_generate/final_steven_gong/Raceline-Optimization/outputs/f1tenth_korea_3rd_centerline) by extension 'ignore'
[2.437s] Level 1:colcon.colcon_core.package_identification:_identify(joon_path_generate/final_steven_gong/Raceline-Optimization/outputs/f1tenth_korea_3rd_centerline) by extension 'ignore_ament_install'
[2.438s] Level 1:colcon.colcon_core.package_identification:_identify(joon_path_generate/final_steven_gong/Raceline-Optimization/outputs/f1tenth_korea_3rd_centerline) by extensions ['colcon_pkg']
[2.438s] Level 1:colcon.colcon_core.package_identification:_identify(joon_path_generate/final_steven_gong/Raceline-Optimization/outputs/f1tenth_korea_3rd_centerline) by extension 'colcon_pkg'
[2.438s] Level 1:colcon.colcon_core.package_identification:_identify(joon_path_generate/final_steven_gong/Raceline-Optimization/outputs/f1tenth_korea_3rd_centerline) by extensions ['colcon_meta']
[2.438s] Level 1:colcon.colcon_core.package_identification:_identify(joon_path_generate/final_steven_gong/Raceline-Optimization/outputs/f1tenth_korea_3rd_centerline) by extension 'colcon_meta'
[2.439s] Level 1:colcon.colcon_core.package_identification:_identify(joon_path_generate/final_steven_gong/Raceline-Optimization/outputs/f1tenth_korea_3rd_centerline) by extensions ['ros']
[2.439s] Level 1:colcon.colcon_core.package_identification:_identify(joon_path_generate/final_steven_gong/Raceline-Optimization/outputs/f1tenth_korea_3rd_centerline) by extension 'ros'
[2.439s] Level 1:colcon.colcon_core.package_identification:_identify(joon_path_generate/final_steven_gong/Raceline-Optimization/outputs/f1tenth_korea_3rd_centerline) by extensions ['cmake', 'python']
[2.439s] Level 1:colcon.colcon_core.package_identification:_identify(joon_path_generate/final_steven_gong/Raceline-Optimization/outputs/f1tenth_korea_3rd_centerline) by extension 'cmake'
[2.440s] Level 1:colcon.colcon_core.package_identification:_identify(joon_path_generate/final_steven_gong/Raceline-Optimization/outputs/f1tenth_korea_3rd_centerline) by extension 'python'
[2.440s] Level 1:colcon.colcon_core.package_identification:_identify(joon_path_generate/final_steven_gong/Raceline-Optimization/outputs/f1tenth_korea_3rd_centerline) by extensions ['python_setup_py']
[2.440s] Level 1:colcon.colcon_core.package_identification:_identify(joon_path_generate/final_steven_gong/Raceline-Optimization/outputs/f1tenth_korea_3rd_centerline) by extension 'python_setup_py'
[2.441s] Level 1:colcon.colcon_core.package_identification:_identify(joon_path_generate/final_steven_gong/Raceline-Optimization/outputs/f1tenth_korea_3rd_centerline/mintime-2025-08-29 18:19:28.126033) by extensions ['ignore', 'ignore_ament_install']
[2.441s] Level 1:colcon.colcon_core.package_identification:_identify(joon_path_generate/final_steven_gong/Raceline-Optimization/outputs/f1tenth_korea_3rd_centerline/mintime-2025-08-29 18:19:28.126033) by extension 'ignore'
[2.441s] Level 1:colcon.colcon_core.package_identification:_identify(joon_path_generate/final_steven_gong/Raceline-Optimization/outputs/f1tenth_korea_3rd_centerline/mintime-2025-08-29 18:19:28.126033) by extension 'ignore_ament_install'
[2.442s] Level 1:colcon.colcon_core.package_identification:_identify(joon_path_generate/final_steven_gong/Raceline-Optimization/outputs/f1tenth_korea_3rd_centerline/mintime-2025-08-29 18:19:28.126033) by extensions ['colcon_pkg']
[2.442s] Level 1:colcon.colcon_core.package_identification:_identify(joon_path_generate/final_steven_gong/Raceline-Optimization/outputs/f1tenth_korea_3rd_centerline/mintime-2025-08-29 18:19:28.126033) by extension 'colcon_pkg'
[2.442s] Level 1:colcon.colcon_core.package_identification:_identify(joon_path_generate/final_steven_gong/Raceline-Optimization/outputs/f1tenth_korea_3rd_centerline/mintime-2025-08-29 18:19:28.126033) by extensions ['colcon_meta']
[2.442s] Level 1:colcon.colcon_core.package_identification:_identify(joon_path_generate/final_steven_gong/Raceline-Optimization/outputs/f1tenth_korea_3rd_centerline/mintime-2025-08-29 18:19:28.126033) by extension 'colcon_meta'
[2.443s] Level 1:colcon.colcon_core.package_identification:_identify(joon_path_generate/final_steven_gong/Raceline-Optimization/outputs/f1tenth_korea_3rd_centerline/mintime-2025-08-29 18:19:28.126033) by extensions ['ros']
[2.443s] Level 1:colcon.colcon_core.package_identification:_identify(joon_path_generate/final_steven_gong/Raceline-Optimization/outputs/f1tenth_korea_3rd_centerline/mintime-2025-08-29 18:19:28.126033) by extension 'ros'
[2.443s] Level 1:colcon.colcon_core.package_identification:_identify(joon_path_generate/final_steven_gong/Raceline-Optimization/outputs/f1tenth_korea_3rd_centerline/mintime-2025-08-29 18:19:28.126033) by extensions ['cmake', 'python']
[2.444s] Level 1:colcon.colcon_core.package_identification:_identify(joon_path_generate/final_steven_gong/Raceline-Optimization/outputs/f1tenth_korea_3rd_centerline/mintime-2025-08-29 18:19:28.126033) by extension 'cmake'
[2.444s] Level 1:colcon.colcon_core.package_identification:_identify(joon_path_generate/final_steven_gong/Raceline-Optimization/outputs/f1tenth_korea_3rd_centerline/mintime-2025-08-29 18:19:28.126033) by extension 'python'
[2.444s] Level 1:colcon.colcon_core.package_identification:_identify(joon_path_generate/final_steven_gong/Raceline-Optimization/outputs/f1tenth_korea_3rd_centerline/mintime-2025-08-29 18:19:28.126033) by extensions ['python_setup_py']
[2.444s] Level 1:colcon.colcon_core.package_identification:_identify(joon_path_generate/final_steven_gong/Raceline-Optimization/outputs/f1tenth_korea_3rd_centerline/mintime-2025-08-29 18:19:28.126033) by extension 'python_setup_py'
[2.445s] Level 1:colcon.colcon_core.package_identification:_identify(joon_path_generate/final_steven_gong/Raceline-Optimization/outputs/f1tenth_korea_3rd_centerline_with_widths) by extensions ['ignore', 'ignore_ament_install']
[2.445s] Level 1:colcon.colcon_core.package_identification:_identify(joon_path_generate/final_steven_gong/Raceline-Optimization/outputs/f1tenth_korea_3rd_centerline_with_widths) by extension 'ignore'
[2.445s] Level 1:colcon.colcon_core.package_identification:_identify(joon_path_generate/final_steven_gong/Raceline-Optimization/outputs/f1tenth_korea_3rd_centerline_with_widths) by extension 'ignore_ament_install'
[2.446s] Level 1:colcon.colcon_core.package_identification:_identify(joon_path_generate/final_steven_gong/Raceline-Optimization/outputs/f1tenth_korea_3rd_centerline_with_widths) by extensions ['colcon_pkg']
[2.446s] Level 1:colcon.colcon_core.package_identification:_identify(joon_path_generate/final_steven_gong/Raceline-Optimization/outputs/f1tenth_korea_3rd_centerline_with_widths) by extension 'colcon_pkg'
[2.446s] Level 1:colcon.colcon_core.package_identification:_identify(joon_path_generate/final_steven_gong/Raceline-Optimization/outputs/f1tenth_korea_3rd_centerline_with_widths) by extensions ['colcon_meta']
[2.446s] Level 1:colcon.colcon_core.package_identification:_identify(joon_path_generate/final_steven_gong/Raceline-Optimization/outputs/f1tenth_korea_3rd_centerline_with_widths) by extension 'colcon_meta'
[2.447s] Level 1:colcon.colcon_core.package_identification:_identify(joon_path_generate/final_steven_gong/Raceline-Optimization/outputs/f1tenth_korea_3rd_centerline_with_widths) by extensions ['ros']
[2.447s] Level 1:colcon.colcon_core.package_identification:_identify(joon_path_generate/final_steven_gong/Raceline-Optimization/outputs/f1tenth_korea_3rd_centerline_with_widths) by extension 'ros'
[2.447s] Level 1:colcon.colcon_core.package_identification:_identify(joon_path_generate/final_steven_gong/Raceline-Optimization/outputs/f1tenth_korea_3rd_centerline_with_widths) by extensions ['cmake', 'python']
[2.448s] Level 1:colcon.colcon_core.package_identification:_identify(joon_path_generate/final_steven_gong/Raceline-Optimization/outputs/f1tenth_korea_3rd_centerline_with_widths) by extension 'cmake'
[2.448s] Level 1:colcon.colcon_core.package_identification:_identify(joon_path_generate/final_steven_gong/Raceline-Optimization/outputs/f1tenth_korea_3rd_centerline_with_widths) by extension 'python'
[2.448s] Level 1:colcon.colcon_core.package_identification:_identify(joon_path_generate/final_steven_gong/Raceline-Optimization/outputs/f1tenth_korea_3rd_centerline_with_widths) by extensions ['python_setup_py']
[2.448s] Level 1:colcon.colcon_core.package_identification:_identify(joon_path_generate/final_steven_gong/Raceline-Optimization/outputs/f1tenth_korea_3rd_centerline_with_widths) by extension 'python_setup_py'
[2.449s] Level 1:colcon.colcon_core.package_identification:_identify(joon_path_generate/final_steven_gong/Raceline-Optimization/outputs/f1tenth_korea_3rd_centerline_with_widths/mintime-2025-08-29 18:30:01.666133) by extensions ['ignore', 'ignore_ament_install']
[2.449s] Level 1:colcon.colcon_core.package_identification:_identify(joon_path_generate/final_steven_gong/Raceline-Optimization/outputs/f1tenth_korea_3rd_centerline_with_widths/mintime-2025-08-29 18:30:01.666133) by extension 'ignore'
[2.449s] Level 1:colcon.colcon_core.package_identification:_identify(joon_path_generate/final_steven_gong/Raceline-Optimization/outputs/f1tenth_korea_3rd_centerline_with_widths/mintime-2025-08-29 18:30:01.666133) by extension 'ignore_ament_install'
[2.450s] Level 1:colcon.colcon_core.package_identification:_identify(joon_path_generate/final_steven_gong/Raceline-Optimization/outputs/f1tenth_korea_3rd_centerline_with_widths/mintime-2025-08-29 18:30:01.666133) by extensions ['colcon_pkg']
[2.450s] Level 1:colcon.colcon_core.package_identification:_identify(joon_path_generate/final_steven_gong/Raceline-Optimization/outputs/f1tenth_korea_3rd_centerline_with_widths/mintime-2025-08-29 18:30:01.666133) by extension 'colcon_pkg'
[2.450s] Level 1:colcon.colcon_core.package_identification:_identify(joon_path_generate/final_steven_gong/Raceline-Optimization/outputs/f1tenth_korea_3rd_centerline_with_widths/mintime-2025-08-29 18:30:01.666133) by extensions ['colcon_meta']
[2.450s] Level 1:colcon.colcon_core.package_identification:_identify(joon_path_generate/final_steven_gong/Raceline-Optimization/outputs/f1tenth_korea_3rd_centerline_with_widths/mintime-2025-08-29 18:30:01.666133) by extension 'colcon_meta'
[2.451s] Level 1:colcon.colcon_core.package_identification:_identify(joon_path_generate/final_steven_gong/Raceline-Optimization/outputs/f1tenth_korea_3rd_centerline_with_widths/mintime-2025-08-29 18:30:01.666133) by extensions ['ros']
[2.451s] Level 1:colcon.colcon_core.package_identification:_identify(joon_path_generate/final_steven_gong/Raceline-Optimization/outputs/f1tenth_korea_3rd_centerline_with_widths/mintime-2025-08-29 18:30:01.666133) by extension 'ros'
[2.451s] Level 1:colcon.colcon_core.package_identification:_identify(joon_path_generate/final_steven_gong/Raceline-Optimization/outputs/f1tenth_korea_3rd_centerline_with_widths/mintime-2025-08-29 18:30:01.666133) by extensions ['cmake', 'python']
[2.452s] Level 1:colcon.colcon_core.package_identification:_identify(joon_path_generate/final_steven_gong/Raceline-Optimization/outputs/f1tenth_korea_3rd_centerline_with_widths/mintime-2025-08-29 18:30:01.666133) by extension 'cmake'
[2.452s] Level 1:colcon.colcon_core.package_identification:_identify(joon_path_generate/final_steven_gong/Raceline-Optimization/outputs/f1tenth_korea_3rd_centerline_with_widths/mintime-2025-08-29 18:30:01.666133) by extension 'python'
[2.452s] Level 1:colcon.colcon_core.package_identification:_identify(joon_path_generate/final_steven_gong/Raceline-Optimization/outputs/f1tenth_korea_3rd_centerline_with_widths/mintime-2025-08-29 18:30:01.666133) by extensions ['python_setup_py']
[2.452s] Level 1:colcon.colcon_core.package_identification:_identify(joon_path_generate/final_steven_gong/Raceline-Optimization/outputs/f1tenth_korea_3rd_centerline_with_widths/mintime-2025-08-29 18:30:01.666133) by extension 'python_setup_py'
[2.453s] Level 1:colcon.colcon_core.package_identification:_identify(joon_path_generate/final_steven_gong/Raceline-Optimization/outputs/f1tenth_korea_3rd_centerline_with_widths_fixed) by extensions ['ignore', 'ignore_ament_install']
[2.453s] Level 1:colcon.colcon_core.package_identification:_identify(joon_path_generate/final_steven_gong/Raceline-Optimization/outputs/f1tenth_korea_3rd_centerline_with_widths_fixed) by extension 'ignore'
[2.454s] Level 1:colcon.colcon_core.package_identification:_identify(joon_path_generate/final_steven_gong/Raceline-Optimization/outputs/f1tenth_korea_3rd_centerline_with_widths_fixed) by extension 'ignore_ament_install'
[2.454s] Level 1:colcon.colcon_core.package_identification:_identify(joon_path_generate/final_steven_gong/Raceline-Optimization/outputs/f1tenth_korea_3rd_centerline_with_widths_fixed) by extensions ['colcon_pkg']
[2.454s] Level 1:colcon.colcon_core.package_identification:_identify(joon_path_generate/final_steven_gong/Raceline-Optimization/outputs/f1tenth_korea_3rd_centerline_with_widths_fixed) by extension 'colcon_pkg'
[2.454s] Level 1:colcon.colcon_core.package_identification:_identify(joon_path_generate/final_steven_gong/Raceline-Optimization/outputs/f1tenth_korea_3rd_centerline_with_widths_fixed) by extensions ['colcon_meta']
[2.454s] Level 1:colcon.colcon_core.package_identification:_identify(joon_path_generate/final_steven_gong/Raceline-Optimization/outputs/f1tenth_korea_3rd_centerline_with_widths_fixed) by extension 'colcon_meta'
[2.455s] Level 1:colcon.colcon_core.package_identification:_identify(joon_path_generate/final_steven_gong/Raceline-Optimization/outputs/f1tenth_korea_3rd_centerline_with_widths_fixed) by extensions ['ros']
[2.455s] Level 1:colcon.colcon_core.package_identification:_identify(joon_path_generate/final_steven_gong/Raceline-Optimization/outputs/f1tenth_korea_3rd_centerline_with_widths_fixed) by extension 'ros'
[2.455s] Level 1:colcon.colcon_core.package_identification:_identify(joon_path_generate/final_steven_gong/Raceline-Optimization/outputs/f1tenth_korea_3rd_centerline_with_widths_fixed) by extensions ['cmake', 'python']
[2.456s] Level 1:colcon.colcon_core.package_identification:_identify(joon_path_generate/final_steven_gong/Raceline-Optimization/outputs/f1tenth_korea_3rd_centerline_with_widths_fixed) by extension 'cmake'
[2.456s] Level 1:colcon.colcon_core.package_identification:_identify(joon_path_generate/final_steven_gong/Raceline-Optimization/outputs/f1tenth_korea_3rd_centerline_with_widths_fixed) by extension 'python'
[2.456s] Level 1:colcon.colcon_core.package_identification:_identify(joon_path_generate/final_steven_gong/Raceline-Optimization/outputs/f1tenth_korea_3rd_centerline_with_widths_fixed) by extensions ['python_setup_py']
[2.456s] Level 1:colcon.colcon_core.package_identification:_identify(joon_path_generate/final_steven_gong/Raceline-Optimization/outputs/f1tenth_korea_3rd_centerline_with_widths_fixed) by extension 'python_setup_py'
[2.457s] Level 1:colcon.colcon_core.package_identification:_identify(joon_path_generate/final_steven_gong/Raceline-Optimization/outputs/f1tenth_korea_3rd_centerline_with_widths_fixed/mintime-2025-08-29 18:24:42.547684) by extensions ['ignore', 'ignore_ament_install']
[2.457s] Level 1:colcon.colcon_core.package_identification:_identify(joon_path_generate/final_steven_gong/Raceline-Optimization/outputs/f1tenth_korea_3rd_centerline_with_widths_fixed/mintime-2025-08-29 18:24:42.547684) by extension 'ignore'
[2.458s] Level 1:colcon.colcon_core.package_identification:_identify(joon_path_generate/final_steven_gong/Raceline-Optimization/outputs/f1tenth_korea_3rd_centerline_with_widths_fixed/mintime-2025-08-29 18:24:42.547684) by extension 'ignore_ament_install'
[2.458s] Level 1:colcon.colcon_core.package_identification:_identify(joon_path_generate/final_steven_gong/Raceline-Optimization/outputs/f1tenth_korea_3rd_centerline_with_widths_fixed/mintime-2025-08-29 18:24:42.547684) by extensions ['colcon_pkg']
[2.458s] Level 1:colcon.colcon_core.package_identification:_identify(joon_path_generate/final_steven_gong/Raceline-Optimization/outputs/f1tenth_korea_3rd_centerline_with_widths_fixed/mintime-2025-08-29 18:24:42.547684) by extension 'colcon_pkg'
[2.458s] Level 1:colcon.colcon_core.package_identification:_identify(joon_path_generate/final_steven_gong/Raceline-Optimization/outputs/f1tenth_korea_3rd_centerline_with_widths_fixed/mintime-2025-08-29 18:24:42.547684) by extensions ['colcon_meta']
[2.459s] Level 1:colcon.colcon_core.package_identification:_identify(joon_path_generate/final_steven_gong/Raceline-Optimization/outputs/f1tenth_korea_3rd_centerline_with_widths_fixed/mintime-2025-08-29 18:24:42.547684) by extension 'colcon_meta'
[2.459s] Level 1:colcon.colcon_core.package_identification:_identify(joon_path_generate/final_steven_gong/Raceline-Optimization/outputs/f1tenth_korea_3rd_centerline_with_widths_fixed/mintime-2025-08-29 18:24:42.547684) by extensions ['ros']
[2.459s] Level 1:colcon.colcon_core.package_identification:_identify(joon_path_generate/final_steven_gong/Raceline-Optimization/outputs/f1tenth_korea_3rd_centerline_with_widths_fixed/mintime-2025-08-29 18:24:42.547684) by extension 'ros'
[2.460s] Level 1:colcon.colcon_core.package_identification:_identify(joon_path_generate/final_steven_gong/Raceline-Optimization/outputs/f1tenth_korea_3rd_centerline_with_widths_fixed/mintime-2025-08-29 18:24:42.547684) by extensions ['cmake', 'python']
[2.460s] Level 1:colcon.colcon_core.package_identification:_identify(joon_path_generate/final_steven_gong/Raceline-Optimization/outputs/f1tenth_korea_3rd_centerline_with_widths_fixed/mintime-2025-08-29 18:24:42.547684) by extension 'cmake'
[2.460s] Level 1:colcon.colcon_core.package_identification:_identify(joon_path_generate/final_steven_gong/Raceline-Optimization/outputs/f1tenth_korea_3rd_centerline_with_widths_fixed/mintime-2025-08-29 18:24:42.547684) by extension 'python'
[2.460s] Level 1:colcon.colcon_core.package_identification:_identify(joon_path_generate/final_steven_gong/Raceline-Optimization/outputs/f1tenth_korea_3rd_centerline_with_widths_fixed/mintime-2025-08-29 18:24:42.547684) by extensions ['python_setup_py']
[2.461s] Level 1:colcon.colcon_core.package_identification:_identify(joon_path_generate/final_steven_gong/Raceline-Optimization/outputs/f1tenth_korea_3rd_centerline_with_widths_fixed/mintime-2025-08-29 18:24:42.547684) by extension 'python_setup_py'
[2.461s] Level 1:colcon.colcon_core.package_identification:_identify(joon_path_generate/final_steven_gong/Raceline-Optimization/params) by extensions ['ignore', 'ignore_ament_install']
[2.462s] Level 1:colcon.colcon_core.package_identification:_identify(joon_path_generate/final_steven_gong/Raceline-Optimization/params) by extension 'ignore'
[2.462s] Level 1:colcon.colcon_core.package_identification:_identify(joon_path_generate/final_steven_gong/Raceline-Optimization/params) by extension 'ignore_ament_install'
[2.462s] Level 1:colcon.colcon_core.package_identification:_identify(joon_path_generate/final_steven_gong/Raceline-Optimization/params) by extensions ['colcon_pkg']
[2.463s] Level 1:colcon.colcon_core.package_identification:_identify(joon_path_generate/final_steven_gong/Raceline-Optimization/params) by extension 'colcon_pkg'
[2.463s] Level 1:colcon.colcon_core.package_identification:_identify(joon_path_generate/final_steven_gong/Raceline-Optimization/params) by extensions ['colcon_meta']
[2.463s] Level 1:colcon.colcon_core.package_identification:_identify(joon_path_generate/final_steven_gong/Raceline-Optimization/params) by extension 'colcon_meta'
[2.464s] Level 1:colcon.colcon_core.package_identification:_identify(joon_path_generate/final_steven_gong/Raceline-Optimization/params) by extensions ['ros']
[2.464s] Level 1:colcon.colcon_core.package_identification:_identify(joon_path_generate/final_steven_gong/Raceline-Optimization/params) by extension 'ros'
[2.464s] Level 1:colcon.colcon_core.package_identification:_identify(joon_path_generate/final_steven_gong/Raceline-Optimization/params) by extensions ['cmake', 'python']
[2.465s] Level 1:colcon.colcon_core.package_identification:_identify(joon_path_generate/final_steven_gong/Raceline-Optimization/params) by extension 'cmake'
[2.465s] Level 1:colcon.colcon_core.package_identification:_identify(joon_path_generate/final_steven_gong/Raceline-Optimization/params) by extension 'python'
[2.465s] Level 1:colcon.colcon_core.package_identification:_identify(joon_path_generate/final_steven_gong/Raceline-Optimization/params) by extensions ['python_setup_py']
[2.465s] Level 1:colcon.colcon_core.package_identification:_identify(joon_path_generate/final_steven_gong/Raceline-Optimization/params) by extension 'python_setup_py'
[2.466s] Level 1:colcon.colcon_core.package_identification:_identify(joon_path_generate/global_racetrajectory_optimization) by extensions ['ignore', 'ignore_ament_install']
[2.467s] Level 1:colcon.colcon_core.package_identification:_identify(joon_path_generate/global_racetrajectory_optimization) by extension 'ignore'
[2.467s] Level 1:colcon.colcon_core.package_identification:_identify(joon_path_generate/global_racetrajectory_optimization) by extension 'ignore_ament_install'
[2.467s] Level 1:colcon.colcon_core.package_identification:_identify(joon_path_generate/global_racetrajectory_optimization) by extensions ['colcon_pkg']
[2.468s] Level 1:colcon.colcon_core.package_identification:_identify(joon_path_generate/global_racetrajectory_optimization) by extension 'colcon_pkg'
[2.468s] Level 1:colcon.colcon_core.package_identification:_identify(joon_path_generate/global_racetrajectory_optimization) by extensions ['colcon_meta']
[2.468s] Level 1:colcon.colcon_core.package_identification:_identify(joon_path_generate/global_racetrajectory_optimization) by extension 'colcon_meta'
[2.468s] Level 1:colcon.colcon_core.package_identification:_identify(joon_path_generate/global_racetrajectory_optimization) by extensions ['ros']
[2.468s] Level 1:colcon.colcon_core.package_identification:_identify(joon_path_generate/global_racetrajectory_optimization) by extension 'ros'
[2.469s] Level 1:colcon.colcon_core.package_identification:_identify(joon_path_generate/global_racetrajectory_optimization) by extensions ['cmake', 'python']
[2.469s] Level 1:colcon.colcon_core.package_identification:_identify(joon_path_generate/global_racetrajectory_optimization) by extension 'cmake'
[2.469s] Level 1:colcon.colcon_core.package_identification:_identify(joon_path_generate/global_racetrajectory_optimization) by extension 'python'
[2.469s] Level 1:colcon.colcon_core.package_identification:_identify(joon_path_generate/global_racetrajectory_optimization) by extensions ['python_setup_py']
[2.470s] Level 1:colcon.colcon_core.package_identification:_identify(joon_path_generate/global_racetrajectory_optimization) by extension 'python_setup_py'
[2.470s] Level 1:colcon.colcon_core.package_identification:_identify(joon_path_generate/global_racetrajectory_optimization/frictionmap) by extensions ['ignore', 'ignore_ament_install']
[2.471s] Level 1:colcon.colcon_core.package_identification:_identify(joon_path_generate/global_racetrajectory_optimization/frictionmap) by extension 'ignore'
[2.471s] Level 1:colcon.colcon_core.package_identification:_identify(joon_path_generate/global_racetrajectory_optimization/frictionmap) by extension 'ignore_ament_install'
[2.471s] Level 1:colcon.colcon_core.package_identification:_identify(joon_path_generate/global_racetrajectory_optimization/frictionmap) by extensions ['colcon_pkg']
[2.471s] Level 1:colcon.colcon_core.package_identification:_identify(joon_path_generate/global_racetrajectory_optimization/frictionmap) by extension 'colcon_pkg'
[2.472s] Level 1:colcon.colcon_core.package_identification:_identify(joon_path_generate/global_racetrajectory_optimization/frictionmap) by extensions ['colcon_meta']
[2.472s] Level 1:colcon.colcon_core.package_identification:_identify(joon_path_generate/global_racetrajectory_optimization/frictionmap) by extension 'colcon_meta'
[2.472s] Level 1:colcon.colcon_core.package_identification:_identify(joon_path_generate/global_racetrajectory_optimization/frictionmap) by extensions ['ros']
[2.472s] Level 1:colcon.colcon_core.package_identification:_identify(joon_path_generate/global_racetrajectory_optimization/frictionmap) by extension 'ros'
[2.473s] Level 1:colcon.colcon_core.package_identification:_identify(joon_path_generate/global_racetrajectory_optimization/frictionmap) by extensions ['cmake', 'python']
[2.473s] Level 1:colcon.colcon_core.package_identification:_identify(joon_path_generate/global_racetrajectory_optimization/frictionmap) by extension 'cmake'
[2.473s] Level 1:colcon.colcon_core.package_identification:_identify(joon_path_generate/global_racetrajectory_optimization/frictionmap) by extension 'python'
[2.473s] Level 1:colcon.colcon_core.package_identification:_identify(joon_path_generate/global_racetrajectory_optimization/frictionmap) by extensions ['python_setup_py']
[2.474s] Level 1:colcon.colcon_core.package_identification:_identify(joon_path_generate/global_racetrajectory_optimization/frictionmap) by extension 'python_setup_py'
[2.474s] Level 1:colcon.colcon_core.package_identification:_identify(joon_path_generate/global_racetrajectory_optimization/frictionmap/src) by extensions ['ignore', 'ignore_ament_install']
[2.475s] Level 1:colcon.colcon_core.package_identification:_identify(joon_path_generate/global_racetrajectory_optimization/frictionmap/src) by extension 'ignore'
[2.475s] Level 1:colcon.colcon_core.package_identification:_identify(joon_path_generate/global_racetrajectory_optimization/frictionmap/src) by extension 'ignore_ament_install'
[2.476s] Level 1:colcon.colcon_core.package_identification:_identify(joon_path_generate/global_racetrajectory_optimization/frictionmap/src) by extensions ['colcon_pkg']
[2.476s] Level 1:colcon.colcon_core.package_identification:_identify(joon_path_generate/global_racetrajectory_optimization/frictionmap/src) by extension 'colcon_pkg'
[2.476s] Level 1:colcon.colcon_core.package_identification:_identify(joon_path_generate/global_racetrajectory_optimization/frictionmap/src) by extensions ['colcon_meta']
[2.476s] Level 1:colcon.colcon_core.package_identification:_identify(joon_path_generate/global_racetrajectory_optimization/frictionmap/src) by extension 'colcon_meta'
[2.477s] Level 1:colcon.colcon_core.package_identification:_identify(joon_path_generate/global_racetrajectory_optimization/frictionmap/src) by extensions ['ros']
[2.477s] Level 1:colcon.colcon_core.package_identification:_identify(joon_path_generate/global_racetrajectory_optimization/frictionmap/src) by extension 'ros'
[2.477s] Level 1:colcon.colcon_core.package_identification:_identify(joon_path_generate/global_racetrajectory_optimization/frictionmap/src) by extensions ['cmake', 'python']
[2.478s] Level 1:colcon.colcon_core.package_identification:_identify(joon_path_generate/global_racetrajectory_optimization/frictionmap/src) by extension 'cmake'
[2.478s] Level 1:colcon.colcon_core.package_identification:_identify(joon_path_generate/global_racetrajectory_optimization/frictionmap/src) by extension 'python'
[2.478s] Level 1:colcon.colcon_core.package_identification:_identify(joon_path_generate/global_racetrajectory_optimization/frictionmap/src) by extensions ['python_setup_py']
[2.478s] Level 1:colcon.colcon_core.package_identification:_identify(joon_path_generate/global_racetrajectory_optimization/frictionmap/src) by extension 'python_setup_py'
[2.479s] Level 1:colcon.colcon_core.package_identification:_identify(joon_path_generate/global_racetrajectory_optimization/helper_funcs_glob) by extensions ['ignore', 'ignore_ament_install']
[2.479s] Level 1:colcon.colcon_core.package_identification:_identify(joon_path_generate/global_racetrajectory_optimization/helper_funcs_glob) by extension 'ignore'
[2.479s] Level 1:colcon.colcon_core.package_identification:_identify(joon_path_generate/global_racetrajectory_optimization/helper_funcs_glob) by extension 'ignore_ament_install'
[2.480s] Level 1:colcon.colcon_core.package_identification:_identify(joon_path_generate/global_racetrajectory_optimization/helper_funcs_glob) by extensions ['colcon_pkg']
[2.480s] Level 1:colcon.colcon_core.package_identification:_identify(joon_path_generate/global_racetrajectory_optimization/helper_funcs_glob) by extension 'colcon_pkg'
[2.480s] Level 1:colcon.colcon_core.package_identification:_identify(joon_path_generate/global_racetrajectory_optimization/helper_funcs_glob) by extensions ['colcon_meta']
[2.480s] Level 1:colcon.colcon_core.package_identification:_identify(joon_path_generate/global_racetrajectory_optimization/helper_funcs_glob) by extension 'colcon_meta'
[2.481s] Level 1:colcon.colcon_core.package_identification:_identify(joon_path_generate/global_racetrajectory_optimization/helper_funcs_glob) by extensions ['ros']
[2.481s] Level 1:colcon.colcon_core.package_identification:_identify(joon_path_generate/global_racetrajectory_optimization/helper_funcs_glob) by extension 'ros'
[2.481s] Level 1:colcon.colcon_core.package_identification:_identify(joon_path_generate/global_racetrajectory_optimization/helper_funcs_glob) by extensions ['cmake', 'python']
[2.481s] Level 1:colcon.colcon_core.package_identification:_identify(joon_path_generate/global_racetrajectory_optimization/helper_funcs_glob) by extension 'cmake'
[2.482s] Level 1:colcon.colcon_core.package_identification:_identify(joon_path_generate/global_racetrajectory_optimization/helper_funcs_glob) by extension 'python'
[2.482s] Level 1:colcon.colcon_core.package_identification:_identify(joon_path_generate/global_racetrajectory_optimization/helper_funcs_glob) by extensions ['python_setup_py']
[2.482s] Level 1:colcon.colcon_core.package_identification:_identify(joon_path_generate/global_racetrajectory_optimization/helper_funcs_glob) by extension 'python_setup_py'
[2.483s] Level 1:colcon.colcon_core.package_identification:_identify(joon_path_generate/global_racetrajectory_optimization/helper_funcs_glob/src) by extensions ['ignore', 'ignore_ament_install']
[2.483s] Level 1:colcon.colcon_core.package_identification:_identify(joon_path_generate/global_racetrajectory_optimization/helper_funcs_glob/src) by extension 'ignore'
[2.483s] Level 1:colcon.colcon_core.package_identification:_identify(joon_path_generate/global_racetrajectory_optimization/helper_funcs_glob/src) by extension 'ignore_ament_install'
[2.484s] Level 1:colcon.colcon_core.package_identification:_identify(joon_path_generate/global_racetrajectory_optimization/helper_funcs_glob/src) by extensions ['colcon_pkg']
[2.484s] Level 1:colcon.colcon_core.package_identification:_identify(joon_path_generate/global_racetrajectory_optimization/helper_funcs_glob/src) by extension 'colcon_pkg'
[2.484s] Level 1:colcon.colcon_core.package_identification:_identify(joon_path_generate/global_racetrajectory_optimization/helper_funcs_glob/src) by extensions ['colcon_meta']
[2.484s] Level 1:colcon.colcon_core.package_identification:_identify(joon_path_generate/global_racetrajectory_optimization/helper_funcs_glob/src) by extension 'colcon_meta'
[2.485s] Level 1:colcon.colcon_core.package_identification:_identify(joon_path_generate/global_racetrajectory_optimization/helper_funcs_glob/src) by extensions ['ros']
[2.485s] Level 1:colcon.colcon_core.package_identification:_identify(joon_path_generate/global_racetrajectory_optimization/helper_funcs_glob/src) by extension 'ros'
[2.485s] Level 1:colcon.colcon_core.package_identification:_identify(joon_path_generate/global_racetrajectory_optimization/helper_funcs_glob/src) by extensions ['cmake', 'python']
[2.485s] Level 1:colcon.colcon_core.package_identification:_identify(joon_path_generate/global_racetrajectory_optimization/helper_funcs_glob/src) by extension 'cmake'
[2.486s] Level 1:colcon.colcon_core.package_identification:_identify(joon_path_generate/global_racetrajectory_optimization/helper_funcs_glob/src) by extension 'python'
[2.486s] Level 1:colcon.colcon_core.package_identification:_identify(joon_path_generate/global_racetrajectory_optimization/helper_funcs_glob/src) by extensions ['python_setup_py']
[2.486s] Level 1:colcon.colcon_core.package_identification:_identify(joon_path_generate/global_racetrajectory_optimization/helper_funcs_glob/src) by extension 'python_setup_py'
[2.487s] Level 1:colcon.colcon_core.package_identification:_identify(joon_path_generate/global_racetrajectory_optimization/inputs) by extensions ['ignore', 'ignore_ament_install']
[2.487s] Level 1:colcon.colcon_core.package_identification:_identify(joon_path_generate/global_racetrajectory_optimization/inputs) by extension 'ignore'
[2.487s] Level 1:colcon.colcon_core.package_identification:_identify(joon_path_generate/global_racetrajectory_optimization/inputs) by extension 'ignore_ament_install'
[2.488s] Level 1:colcon.colcon_core.package_identification:_identify(joon_path_generate/global_racetrajectory_optimization/inputs) by extensions ['colcon_pkg']
[2.488s] Level 1:colcon.colcon_core.package_identification:_identify(joon_path_generate/global_racetrajectory_optimization/inputs) by extension 'colcon_pkg'
[2.488s] Level 1:colcon.colcon_core.package_identification:_identify(joon_path_generate/global_racetrajectory_optimization/inputs) by extensions ['colcon_meta']
[2.488s] Level 1:colcon.colcon_core.package_identification:_identify(joon_path_generate/global_racetrajectory_optimization/inputs) by extension 'colcon_meta'
[2.488s] Level 1:colcon.colcon_core.package_identification:_identify(joon_path_generate/global_racetrajectory_optimization/inputs) by extensions ['ros']
[2.489s] Level 1:colcon.colcon_core.package_identification:_identify(joon_path_generate/global_racetrajectory_optimization/inputs) by extension 'ros'
[2.489s] Level 1:colcon.colcon_core.package_identification:_identify(joon_path_generate/global_racetrajectory_optimization/inputs) by extensions ['cmake', 'python']
[2.489s] Level 1:colcon.colcon_core.package_identification:_identify(joon_path_generate/global_racetrajectory_optimization/inputs) by extension 'cmake'
[2.489s] Level 1:colcon.colcon_core.package_identification:_identify(joon_path_generate/global_racetrajectory_optimization/inputs) by extension 'python'
[2.490s] Level 1:colcon.colcon_core.package_identification:_identify(joon_path_generate/global_racetrajectory_optimization/inputs) by extensions ['python_setup_py']
[2.490s] Level 1:colcon.colcon_core.package_identification:_identify(joon_path_generate/global_racetrajectory_optimization/inputs) by extension 'python_setup_py'
[2.490s] Level 1:colcon.colcon_core.package_identification:_identify(joon_path_generate/global_racetrajectory_optimization/inputs/frictionmaps) by extensions ['ignore', 'ignore_ament_install']
[2.491s] Level 1:colcon.colcon_core.package_identification:_identify(joon_path_generate/global_racetrajectory_optimization/inputs/frictionmaps) by extension 'ignore'
[2.491s] Level 1:colcon.colcon_core.package_identification:_identify(joon_path_generate/global_racetrajectory_optimization/inputs/frictionmaps) by extension 'ignore_ament_install'
[2.491s] Level 1:colcon.colcon_core.package_identification:_identify(joon_path_generate/global_racetrajectory_optimization/inputs/frictionmaps) by extensions ['colcon_pkg']
[2.492s] Level 1:colcon.colcon_core.package_identification:_identify(joon_path_generate/global_racetrajectory_optimization/inputs/frictionmaps) by extension 'colcon_pkg'
[2.492s] Level 1:colcon.colcon_core.package_identification:_identify(joon_path_generate/global_racetrajectory_optimization/inputs/frictionmaps) by extensions ['colcon_meta']
[2.492s] Level 1:colcon.colcon_core.package_identification:_identify(joon_path_generate/global_racetrajectory_optimization/inputs/frictionmaps) by extension 'colcon_meta'
[2.492s] Level 1:colcon.colcon_core.package_identification:_identify(joon_path_generate/global_racetrajectory_optimization/inputs/frictionmaps) by extensions ['ros']
[2.492s] Level 1:colcon.colcon_core.package_identification:_identify(joon_path_generate/global_racetrajectory_optimization/inputs/frictionmaps) by extension 'ros'
[2.493s] Level 1:colcon.colcon_core.package_identification:_identify(joon_path_generate/global_racetrajectory_optimization/inputs/frictionmaps) by extensions ['cmake', 'python']
[2.493s] Level 1:colcon.colcon_core.package_identification:_identify(joon_path_generate/global_racetrajectory_optimization/inputs/frictionmaps) by extension 'cmake'
[2.493s] Level 1:colcon.colcon_core.package_identification:_identify(joon_path_generate/global_racetrajectory_optimization/inputs/frictionmaps) by extension 'python'
[2.494s] Level 1:colcon.colcon_core.package_identification:_identify(joon_path_generate/global_racetrajectory_optimization/inputs/frictionmaps) by extensions ['python_setup_py']
[2.494s] Level 1:colcon.colcon_core.package_identification:_identify(joon_path_generate/global_racetrajectory_optimization/inputs/frictionmaps) by extension 'python_setup_py'
[2.494s] Level 1:colcon.colcon_core.package_identification:_identify(joon_path_generate/global_racetrajectory_optimization/inputs/tracks) by extensions ['ignore', 'ignore_ament_install']
[2.495s] Level 1:colcon.colcon_core.package_identification:_identify(joon_path_generate/global_racetrajectory_optimization/inputs/tracks) by extension 'ignore'
[2.495s] Level 1:colcon.colcon_core.package_identification:_identify(joon_path_generate/global_racetrajectory_optimization/inputs/tracks) by extension 'ignore_ament_install'
[2.495s] Level 1:colcon.colcon_core.package_identification:_identify(joon_path_generate/global_racetrajectory_optimization/inputs/tracks) by extensions ['colcon_pkg']
[2.495s] Level 1:colcon.colcon_core.package_identification:_identify(joon_path_generate/global_racetrajectory_optimization/inputs/tracks) by extension 'colcon_pkg'
[2.496s] Level 1:colcon.colcon_core.package_identification:_identify(joon_path_generate/global_racetrajectory_optimization/inputs/tracks) by extensions ['colcon_meta']
[2.496s] Level 1:colcon.colcon_core.package_identification:_identify(joon_path_generate/global_racetrajectory_optimization/inputs/tracks) by extension 'colcon_meta'
[2.496s] Level 1:colcon.colcon_core.package_identification:_identify(joon_path_generate/global_racetrajectory_optimization/inputs/tracks) by extensions ['ros']
[2.496s] Level 1:colcon.colcon_core.package_identification:_identify(joon_path_generate/global_racetrajectory_optimization/inputs/tracks) by extension 'ros'
[2.497s] Level 1:colcon.colcon_core.package_identification:_identify(joon_path_generate/global_racetrajectory_optimization/inputs/tracks) by extensions ['cmake', 'python']
[2.497s] Level 1:colcon.colcon_core.package_identification:_identify(joon_path_generate/global_racetrajectory_optimization/inputs/tracks) by extension 'cmake'
[2.497s] Level 1:colcon.colcon_core.package_identification:_identify(joon_path_generate/global_racetrajectory_optimization/inputs/tracks) by extension 'python'
[2.497s] Level 1:colcon.colcon_core.package_identification:_identify(joon_path_generate/global_racetrajectory_optimization/inputs/tracks) by extensions ['python_setup_py']
[2.498s] Level 1:colcon.colcon_core.package_identification:_identify(joon_path_generate/global_racetrajectory_optimization/inputs/tracks) by extension 'python_setup_py'
[2.498s] Level 1:colcon.colcon_core.package_identification:_identify(joon_path_generate/global_racetrajectory_optimization/inputs/veh_dyn_info) by extensions ['ignore', 'ignore_ament_install']
[2.499s] Level 1:colcon.colcon_core.package_identification:_identify(joon_path_generate/global_racetrajectory_optimization/inputs/veh_dyn_info) by extension 'ignore'
[2.499s] Level 1:colcon.colcon_core.package_identification:_identify(joon_path_generate/global_racetrajectory_optimization/inputs/veh_dyn_info) by extension 'ignore_ament_install'
[2.499s] Level 1:colcon.colcon_core.package_identification:_identify(joon_path_generate/global_racetrajectory_optimization/inputs/veh_dyn_info) by extensions ['colcon_pkg']
[2.499s] Level 1:colcon.colcon_core.package_identification:_identify(joon_path_generate/global_racetrajectory_optimization/inputs/veh_dyn_info) by extension 'colcon_pkg'
[2.500s] Level 1:colcon.colcon_core.package_identification:_identify(joon_path_generate/global_racetrajectory_optimization/inputs/veh_dyn_info) by extensions ['colcon_meta']
[2.500s] Level 1:colcon.colcon_core.package_identification:_identify(joon_path_generate/global_racetrajectory_optimization/inputs/veh_dyn_info) by extension 'colcon_meta'
[2.500s] Level 1:colcon.colcon_core.package_identification:_identify(joon_path_generate/global_racetrajectory_optimization/inputs/veh_dyn_info) by extensions ['ros']
[2.500s] Level 1:colcon.colcon_core.package_identification:_identify(joon_path_generate/global_racetrajectory_optimization/inputs/veh_dyn_info) by extension 'ros'
[2.501s] Level 1:colcon.colcon_core.package_identification:_identify(joon_path_generate/global_racetrajectory_optimization/inputs/veh_dyn_info) by extensions ['cmake', 'python']
[2.501s] Level 1:colcon.colcon_core.package_identification:_identify(joon_path_generate/global_racetrajectory_optimization/inputs/veh_dyn_info) by extension 'cmake'
[2.501s] Level 1:colcon.colcon_core.package_identification:_identify(joon_path_generate/global_racetrajectory_optimization/inputs/veh_dyn_info) by extension 'python'
[2.502s] Level 1:colcon.colcon_core.package_identification:_identify(joon_path_generate/global_racetrajectory_optimization/inputs/veh_dyn_info) by extensions ['python_setup_py']
[2.502s] Level 1:colcon.colcon_core.package_identification:_identify(joon_path_generate/global_racetrajectory_optimization/inputs/veh_dyn_info) by extension 'python_setup_py'
[2.503s] Level 1:colcon.colcon_core.package_identification:_identify(joon_path_generate/global_racetrajectory_optimization/opt_mintime_traj) by extensions ['ignore', 'ignore_ament_install']
[2.503s] Level 1:colcon.colcon_core.package_identification:_identify(joon_path_generate/global_racetrajectory_optimization/opt_mintime_traj) by extension 'ignore'
[2.503s] Level 1:colcon.colcon_core.package_identification:_identify(joon_path_generate/global_racetrajectory_optimization/opt_mintime_traj) by extension 'ignore_ament_install'
[2.504s] Level 1:colcon.colcon_core.package_identification:_identify(joon_path_generate/global_racetrajectory_optimization/opt_mintime_traj) by extensions ['colcon_pkg']
[2.504s] Level 1:colcon.colcon_core.package_identification:_identify(joon_path_generate/global_racetrajectory_optimization/opt_mintime_traj) by extension 'colcon_pkg'
[2.504s] Level 1:colcon.colcon_core.package_identification:_identify(joon_path_generate/global_racetrajectory_optimization/opt_mintime_traj) by extensions ['colcon_meta']
[2.504s] Level 1:colcon.colcon_core.package_identification:_identify(joon_path_generate/global_racetrajectory_optimization/opt_mintime_traj) by extension 'colcon_meta'
[2.505s] Level 1:colcon.colcon_core.package_identification:_identify(joon_path_generate/global_racetrajectory_optimization/opt_mintime_traj) by extensions ['ros']
[2.505s] Level 1:colcon.colcon_core.package_identification:_identify(joon_path_generate/global_racetrajectory_optimization/opt_mintime_traj) by extension 'ros'
[2.505s] Level 1:colcon.colcon_core.package_identification:_identify(joon_path_generate/global_racetrajectory_optimization/opt_mintime_traj) by extensions ['cmake', 'python']
[2.506s] Level 1:colcon.colcon_core.package_identification:_identify(joon_path_generate/global_racetrajectory_optimization/opt_mintime_traj) by extension 'cmake'
[2.506s] Level 1:colcon.colcon_core.package_identification:_identify(joon_path_generate/global_racetrajectory_optimization/opt_mintime_traj) by extension 'python'
[2.506s] Level 1:colcon.colcon_core.package_identification:_identify(joon_path_generate/global_racetrajectory_optimization/opt_mintime_traj) by extensions ['python_setup_py']
[2.506s] Level 1:colcon.colcon_core.package_identification:_identify(joon_path_generate/global_racetrajectory_optimization/opt_mintime_traj) by extension 'python_setup_py'
[2.507s] Level 1:colcon.colcon_core.package_identification:_identify(joon_path_generate/global_racetrajectory_optimization/opt_mintime_traj/powertrain_src) by extensions ['ignore', 'ignore_ament_install']
[2.507s] Level 1:colcon.colcon_core.package_identification:_identify(joon_path_generate/global_racetrajectory_optimization/opt_mintime_traj/powertrain_src) by extension 'ignore'
[2.508s] Level 1:colcon.colcon_core.package_identification:_identify(joon_path_generate/global_racetrajectory_optimization/opt_mintime_traj/powertrain_src) by extension 'ignore_ament_install'
[2.508s] Level 1:colcon.colcon_core.package_identification:_identify(joon_path_generate/global_racetrajectory_optimization/opt_mintime_traj/powertrain_src) by extensions ['colcon_pkg']
[2.508s] Level 1:colcon.colcon_core.package_identification:_identify(joon_path_generate/global_racetrajectory_optimization/opt_mintime_traj/powertrain_src) by extension 'colcon_pkg'
[2.508s] Level 1:colcon.colcon_core.package_identification:_identify(joon_path_generate/global_racetrajectory_optimization/opt_mintime_traj/powertrain_src) by extensions ['colcon_meta']
[2.509s] Level 1:colcon.colcon_core.package_identification:_identify(joon_path_generate/global_racetrajectory_optimization/opt_mintime_traj/powertrain_src) by extension 'colcon_meta'
[2.509s] Level 1:colcon.colcon_core.package_identification:_identify(joon_path_generate/global_racetrajectory_optimization/opt_mintime_traj/powertrain_src) by extensions ['ros']
[2.509s] Level 1:colcon.colcon_core.package_identification:_identify(joon_path_generate/global_racetrajectory_optimization/opt_mintime_traj/powertrain_src) by extension 'ros'
[2.510s] Level 1:colcon.colcon_core.package_identification:_identify(joon_path_generate/global_racetrajectory_optimization/opt_mintime_traj/powertrain_src) by extensions ['cmake', 'python']
[2.510s] Level 1:colcon.colcon_core.package_identification:_identify(joon_path_generate/global_racetrajectory_optimization/opt_mintime_traj/powertrain_src) by extension 'cmake'
[2.510s] Level 1:colcon.colcon_core.package_identification:_identify(joon_path_generate/global_racetrajectory_optimization/opt_mintime_traj/powertrain_src) by extension 'python'
[2.510s] Level 1:colcon.colcon_core.package_identification:_identify(joon_path_generate/global_racetrajectory_optimization/opt_mintime_traj/powertrain_src) by extensions ['python_setup_py']
[2.510s] Level 1:colcon.colcon_core.package_identification:_identify(joon_path_generate/global_racetrajectory_optimization/opt_mintime_traj/powertrain_src) by extension 'python_setup_py'
[2.511s] Level 1:colcon.colcon_core.package_identification:_identify(joon_path_generate/global_racetrajectory_optimization/opt_mintime_traj/powertrain_src/src) by extensions ['ignore', 'ignore_ament_install']
[2.511s] Level 1:colcon.colcon_core.package_identification:_identify(joon_path_generate/global_racetrajectory_optimization/opt_mintime_traj/powertrain_src/src) by extension 'ignore'
[2.512s] Level 1:colcon.colcon_core.package_identification:_identify(joon_path_generate/global_racetrajectory_optimization/opt_mintime_traj/powertrain_src/src) by extension 'ignore_ament_install'
[2.512s] Level 1:colcon.colcon_core.package_identification:_identify(joon_path_generate/global_racetrajectory_optimization/opt_mintime_traj/powertrain_src/src) by extensions ['colcon_pkg']
[2.512s] Level 1:colcon.colcon_core.package_identification:_identify(joon_path_generate/global_racetrajectory_optimization/opt_mintime_traj/powertrain_src/src) by extension 'colcon_pkg'
[2.512s] Level 1:colcon.colcon_core.package_identification:_identify(joon_path_generate/global_racetrajectory_optimization/opt_mintime_traj/powertrain_src/src) by extensions ['colcon_meta']
[2.513s] Level 1:colcon.colcon_core.package_identification:_identify(joon_path_generate/global_racetrajectory_optimization/opt_mintime_traj/powertrain_src/src) by extension 'colcon_meta'
[2.513s] Level 1:colcon.colcon_core.package_identification:_identify(joon_path_generate/global_racetrajectory_optimization/opt_mintime_traj/powertrain_src/src) by extensions ['ros']
[2.513s] Level 1:colcon.colcon_core.package_identification:_identify(joon_path_generate/global_racetrajectory_optimization/opt_mintime_traj/powertrain_src/src) by extension 'ros'
[2.514s] Level 1:colcon.colcon_core.package_identification:_identify(joon_path_generate/global_racetrajectory_optimization/opt_mintime_traj/powertrain_src/src) by extensions ['cmake', 'python']
[2.514s] Level 1:colcon.colcon_core.package_identification:_identify(joon_path_generate/global_racetrajectory_optimization/opt_mintime_traj/powertrain_src/src) by extension 'cmake'
[2.514s] Level 1:colcon.colcon_core.package_identification:_identify(joon_path_generate/global_racetrajectory_optimization/opt_mintime_traj/powertrain_src/src) by extension 'python'
[2.514s] Level 1:colcon.colcon_core.package_identification:_identify(joon_path_generate/global_racetrajectory_optimization/opt_mintime_traj/powertrain_src/src) by extensions ['python_setup_py']
[2.514s] Level 1:colcon.colcon_core.package_identification:_identify(joon_path_generate/global_racetrajectory_optimization/opt_mintime_traj/powertrain_src/src) by extension 'python_setup_py'
[2.515s] Level 1:colcon.colcon_core.package_identification:_identify(joon_path_generate/global_racetrajectory_optimization/opt_mintime_traj/src) by extensions ['ignore', 'ignore_ament_install']
[2.515s] Level 1:colcon.colcon_core.package_identification:_identify(joon_path_generate/global_racetrajectory_optimization/opt_mintime_traj/src) by extension 'ignore'
[2.516s] Level 1:colcon.colcon_core.package_identification:_identify(joon_path_generate/global_racetrajectory_optimization/opt_mintime_traj/src) by extension 'ignore_ament_install'
[2.516s] Level 1:colcon.colcon_core.package_identification:_identify(joon_path_generate/global_racetrajectory_optimization/opt_mintime_traj/src) by extensions ['colcon_pkg']
[2.516s] Level 1:colcon.colcon_core.package_identification:_identify(joon_path_generate/global_racetrajectory_optimization/opt_mintime_traj/src) by extension 'colcon_pkg'
[2.516s] Level 1:colcon.colcon_core.package_identification:_identify(joon_path_generate/global_racetrajectory_optimization/opt_mintime_traj/src) by extensions ['colcon_meta']
[2.517s] Level 1:colcon.colcon_core.package_identification:_identify(joon_path_generate/global_racetrajectory_optimization/opt_mintime_traj/src) by extension 'colcon_meta'
[2.517s] Level 1:colcon.colcon_core.package_identification:_identify(joon_path_generate/global_racetrajectory_optimization/opt_mintime_traj/src) by extensions ['ros']
[2.517s] Level 1:colcon.colcon_core.package_identification:_identify(joon_path_generate/global_racetrajectory_optimization/opt_mintime_traj/src) by extension 'ros'
[2.518s] Level 1:colcon.colcon_core.package_identification:_identify(joon_path_generate/global_racetrajectory_optimization/opt_mintime_traj/src) by extensions ['cmake', 'python']
[2.518s] Level 1:colcon.colcon_core.package_identification:_identify(joon_path_generate/global_racetrajectory_optimization/opt_mintime_traj/src) by extension 'cmake'
[2.518s] Level 1:colcon.colcon_core.package_identification:_identify(joon_path_generate/global_racetrajectory_optimization/opt_mintime_traj/src) by extension 'python'
[2.518s] Level 1:colcon.colcon_core.package_identification:_identify(joon_path_generate/global_racetrajectory_optimization/opt_mintime_traj/src) by extensions ['python_setup_py']
[2.518s] Level 1:colcon.colcon_core.package_identification:_identify(joon_path_generate/global_racetrajectory_optimization/opt_mintime_traj/src) by extension 'python_setup_py'
[2.519s] Level 1:colcon.colcon_core.package_identification:_identify(joon_path_generate/global_racetrajectory_optimization/params) by extensions ['ignore', 'ignore_ament_install']
[2.519s] Level 1:colcon.colcon_core.package_identification:_identify(joon_path_generate/global_racetrajectory_optimization/params) by extension 'ignore'
[2.520s] Level 1:colcon.colcon_core.package_identification:_identify(joon_path_generate/global_racetrajectory_optimization/params) by extension 'ignore_ament_install'
[2.520s] Level 1:colcon.colcon_core.package_identification:_identify(joon_path_generate/global_racetrajectory_optimization/params) by extensions ['colcon_pkg']
[2.520s] Level 1:colcon.colcon_core.package_identification:_identify(joon_path_generate/global_racetrajectory_optimization/params) by extension 'colcon_pkg'
[2.520s] Level 1:colcon.colcon_core.package_identification:_identify(joon_path_generate/global_racetrajectory_optimization/params) by extensions ['colcon_meta']
[2.521s] Level 1:colcon.colcon_core.package_identification:_identify(joon_path_generate/global_racetrajectory_optimization/params) by extension 'colcon_meta'
[2.521s] Level 1:colcon.colcon_core.package_identification:_identify(joon_path_generate/global_racetrajectory_optimization/params) by extensions ['ros']
[2.521s] Level 1:colcon.colcon_core.package_identification:_identify(joon_path_generate/global_racetrajectory_optimization/params) by extension 'ros'
[2.522s] Level 1:colcon.colcon_core.package_identification:_identify(joon_path_generate/global_racetrajectory_optimization/params) by extensions ['cmake', 'python']
[2.522s] Level 1:colcon.colcon_core.package_identification:_identify(joon_path_generate/global_racetrajectory_optimization/params) by extension 'cmake'
[2.522s] Level 1:colcon.colcon_core.package_identification:_identify(joon_path_generate/global_racetrajectory_optimization/params) by extension 'python'
[2.522s] Level 1:colcon.colcon_core.package_identification:_identify(joon_path_generate/global_racetrajectory_optimization/params) by extensions ['python_setup_py']
[2.522s] Level 1:colcon.colcon_core.package_identification:_identify(joon_path_generate/global_racetrajectory_optimization/params) by extension 'python_setup_py'
[2.523s] Level 1:colcon.colcon_core.package_identification:_identify(joon_path_generate/maps) by extensions ['ignore', 'ignore_ament_install']
[2.523s] Level 1:colcon.colcon_core.package_identification:_identify(joon_path_generate/maps) by extension 'ignore'
[2.524s] Level 1:colcon.colcon_core.package_identification:_identify(joon_path_generate/maps) by extension 'ignore_ament_install'
[2.524s] Level 1:colcon.colcon_core.package_identification:_identify(joon_path_generate/maps) by extensions ['colcon_pkg']
[2.524s] Level 1:colcon.colcon_core.package_identification:_identify(joon_path_generate/maps) by extension 'colcon_pkg'
[2.524s] Level 1:colcon.colcon_core.package_identification:_identify(joon_path_generate/maps) by extensions ['colcon_meta']
[2.525s] Level 1:colcon.colcon_core.package_identification:_identify(joon_path_generate/maps) by extension 'colcon_meta'
[2.525s] Level 1:colcon.colcon_core.package_identification:_identify(joon_path_generate/maps) by extensions ['ros']
[2.525s] Level 1:colcon.colcon_core.package_identification:_identify(joon_path_generate/maps) by extension 'ros'
[2.525s] Level 1:colcon.colcon_core.package_identification:_identify(joon_path_generate/maps) by extensions ['cmake', 'python']
[2.526s] Level 1:colcon.colcon_core.package_identification:_identify(joon_path_generate/maps) by extension 'cmake'
[2.526s] Level 1:colcon.colcon_core.package_identification:_identify(joon_path_generate/maps) by extension 'python'
[2.526s] Level 1:colcon.colcon_core.package_identification:_identify(joon_path_generate/maps) by extensions ['python_setup_py']
[2.526s] Level 1:colcon.colcon_core.package_identification:_identify(joon_path_generate/maps) by extension 'python_setup_py'
[2.527s] Level 1:colcon.colcon_core.package_identification:_identify(joon_path_generate/raceline) by extensions ['ignore', 'ignore_ament_install']
[2.527s] Level 1:colcon.colcon_core.package_identification:_identify(joon_path_generate/raceline) by extension 'ignore'
[2.527s] Level 1:colcon.colcon_core.package_identification:_identify(joon_path_generate/raceline) by extension 'ignore_ament_install'
[2.528s] Level 1:colcon.colcon_core.package_identification:_identify(joon_path_generate/raceline) by extensions ['colcon_pkg']
[2.528s] Level 1:colcon.colcon_core.package_identification:_identify(joon_path_generate/raceline) by extension 'colcon_pkg'
[2.528s] Level 1:colcon.colcon_core.package_identification:_identify(joon_path_generate/raceline) by extensions ['colcon_meta']
[2.528s] Level 1:colcon.colcon_core.package_identification:_identify(joon_path_generate/raceline) by extension 'colcon_meta'
[2.529s] Level 1:colcon.colcon_core.package_identification:_identify(joon_path_generate/raceline) by extensions ['ros']
[2.529s] Level 1:colcon.colcon_core.package_identification:_identify(joon_path_generate/raceline) by extension 'ros'
[2.529s] Level 1:colcon.colcon_core.package_identification:_identify(joon_path_generate/raceline) by extensions ['cmake', 'python']
[2.529s] Level 1:colcon.colcon_core.package_identification:_identify(joon_path_generate/raceline) by extension 'cmake'
[2.530s] Level 1:colcon.colcon_core.package_identification:_identify(joon_path_generate/raceline) by extension 'python'
[2.530s] Level 1:colcon.colcon_core.package_identification:_identify(joon_path_generate/raceline) by extensions ['python_setup_py']
[2.530s] Level 1:colcon.colcon_core.package_identification:_identify(joon_path_generate/raceline) by extension 'python_setup_py'
[2.531s] Level 1:colcon.colcon_core.package_identification:_identify(joon_path_generate/src) by extensions ['ignore', 'ignore_ament_install']
[2.531s] Level 1:colcon.colcon_core.package_identification:_identify(joon_path_generate/src) by extension 'ignore'
[2.531s] Level 1:colcon.colcon_core.package_identification:_identify(joon_path_generate/src) by extension 'ignore_ament_install'
[2.532s] Level 1:colcon.colcon_core.package_identification:_identify(joon_path_generate/src) by extensions ['colcon_pkg']
[2.532s] Level 1:colcon.colcon_core.package_identification:_identify(joon_path_generate/src) by extension 'colcon_pkg'
[2.532s] Level 1:colcon.colcon_core.package_identification:_identify(joon_path_generate/src) by extensions ['colcon_meta']
[2.532s] Level 1:colcon.colcon_core.package_identification:_identify(joon_path_generate/src) by extension 'colcon_meta'
[2.532s] Level 1:colcon.colcon_core.package_identification:_identify(joon_path_generate/src) by extensions ['ros']
[2.533s] Level 1:colcon.colcon_core.package_identification:_identify(joon_path_generate/src) by extension 'ros'
[2.533s] Level 1:colcon.colcon_core.package_identification:_identify(joon_path_generate/src) by extensions ['cmake', 'python']
[2.533s] Level 1:colcon.colcon_core.package_identification:_identify(joon_path_generate/src) by extension 'cmake'
[2.533s] Level 1:colcon.colcon_core.package_identification:_identify(joon_path_generate/src) by extension 'python'
[2.534s] Level 1:colcon.colcon_core.package_identification:_identify(joon_path_generate/src) by extensions ['python_setup_py']
[2.534s] Level 1:colcon.colcon_core.package_identification:_identify(joon_path_generate/src) by extension 'python_setup_py'
[2.534s] Level 1:colcon.colcon_core.package_identification:_identify(joon_path_generate/src/__pycache__) by extensions ['ignore', 'ignore_ament_install']
[2.535s] Level 1:colcon.colcon_core.package_identification:_identify(joon_path_generate/src/__pycache__) by extension 'ignore'
[2.535s] Level 1:colcon.colcon_core.package_identification:_identify(joon_path_generate/src/__pycache__) by extension 'ignore_ament_install'
[2.535s] Level 1:colcon.colcon_core.package_identification:_identify(joon_path_generate/src/__pycache__) by extensions ['colcon_pkg']
[2.536s] Level 1:colcon.colcon_core.package_identification:_identify(joon_path_generate/src/__pycache__) by extension 'colcon_pkg'
[2.536s] Level 1:colcon.colcon_core.package_identification:_identify(joon_path_generate/src/__pycache__) by extensions ['colcon_meta']
[2.536s] Level 1:colcon.colcon_core.package_identification:_identify(joon_path_generate/src/__pycache__) by extension 'colcon_meta'
[2.536s] Level 1:colcon.colcon_core.package_identification:_identify(joon_path_generate/src/__pycache__) by extensions ['ros']
[2.536s] Level 1:colcon.colcon_core.package_identification:_identify(joon_path_generate/src/__pycache__) by extension 'ros'
[2.537s] Level 1:colcon.colcon_core.package_identification:_identify(joon_path_generate/src/__pycache__) by extensions ['cmake', 'python']
[2.537s] Level 1:colcon.colcon_core.package_identification:_identify(joon_path_generate/src/__pycache__) by extension 'cmake'
[2.537s] Level 1:colcon.colcon_core.package_identification:_identify(joon_path_generate/src/__pycache__) by extension 'python'
[2.538s] Level 1:colcon.colcon_core.package_identification:_identify(joon_path_generate/src/__pycache__) by extensions ['python_setup_py']
[2.538s] Level 1:colcon.colcon_core.package_identification:_identify(joon_path_generate/src/__pycache__) by extension 'python_setup_py'
[2.538s] Level 1:colcon.colcon_core.package_identification:_identify(joon_path_generate/src/outputs) by extensions ['ignore', 'ignore_ament_install']
[2.539s] Level 1:colcon.colcon_core.package_identification:_identify(joon_path_generate/src/outputs) by extension 'ignore'
[2.539s] Level 1:colcon.colcon_core.package_identification:_identify(joon_path_generate/src/outputs) by extension 'ignore_ament_install'
[2.539s] Level 1:colcon.colcon_core.package_identification:_identify(joon_path_generate/src/outputs) by extensions ['colcon_pkg']
[2.539s] Level 1:colcon.colcon_core.package_identification:_identify(joon_path_generate/src/outputs) by extension 'colcon_pkg'
[2.540s] Level 1:colcon.colcon_core.package_identification:_identify(joon_path_generate/src/outputs) by extensions ['colcon_meta']
[2.540s] Level 1:colcon.colcon_core.package_identification:_identify(joon_path_generate/src/outputs) by extension 'colcon_meta'
[2.540s] Level 1:colcon.colcon_core.package_identification:_identify(joon_path_generate/src/outputs) by extensions ['ros']
[2.540s] Level 1:colcon.colcon_core.package_identification:_identify(joon_path_generate/src/outputs) by extension 'ros'
[2.541s] Level 1:colcon.colcon_core.package_identification:_identify(joon_path_generate/src/outputs) by extensions ['cmake', 'python']
[2.541s] Level 1:colcon.colcon_core.package_identification:_identify(joon_path_generate/src/outputs) by extension 'cmake'
[2.541s] Level 1:colcon.colcon_core.package_identification:_identify(joon_path_generate/src/outputs) by extension 'python'
[2.542s] Level 1:colcon.colcon_core.package_identification:_identify(joon_path_generate/src/outputs) by extensions ['python_setup_py']
[2.542s] Level 1:colcon.colcon_core.package_identification:_identify(joon_path_generate/src/outputs) by extension 'python_setup_py'
[2.542s] Level 1:colcon.colcon_core.package_identification:_identify(joon_path_generate/src/outputs/gap_map_path) by extensions ['ignore', 'ignore_ament_install']
[2.543s] Level 1:colcon.colcon_core.package_identification:_identify(joon_path_generate/src/outputs/gap_map_path) by extension 'ignore'
[2.543s] Level 1:colcon.colcon_core.package_identification:_identify(joon_path_generate/src/outputs/gap_map_path) by extension 'ignore_ament_install'
[2.544s] Level 1:colcon.colcon_core.package_identification:_identify(joon_path_generate/src/outputs/gap_map_path) by extensions ['colcon_pkg']
[2.544s] Level 1:colcon.colcon_core.package_identification:_identify(joon_path_generate/src/outputs/gap_map_path) by extension 'colcon_pkg'
[2.544s] Level 1:colcon.colcon_core.package_identification:_identify(joon_path_generate/src/outputs/gap_map_path) by extensions ['colcon_meta']
[2.544s] Level 1:colcon.colcon_core.package_identification:_identify(joon_path_generate/src/outputs/gap_map_path) by extension 'colcon_meta'
[2.545s] Level 1:colcon.colcon_core.package_identification:_identify(joon_path_generate/src/outputs/gap_map_path) by extensions ['ros']
[2.545s] Level 1:colcon.colcon_core.package_identification:_identify(joon_path_generate/src/outputs/gap_map_path) by extension 'ros'
[2.545s] Level 1:colcon.colcon_core.package_identification:_identify(joon_path_generate/src/outputs/gap_map_path) by extensions ['cmake', 'python']
[2.545s] Level 1:colcon.colcon_core.package_identification:_identify(joon_path_generate/src/outputs/gap_map_path) by extension 'cmake'
[2.546s] Level 1:colcon.colcon_core.package_identification:_identify(joon_path_generate/src/outputs/gap_map_path) by extension 'python'
[2.546s] Level 1:colcon.colcon_core.package_identification:_identify(joon_path_generate/src/outputs/gap_map_path) by extensions ['python_setup_py']
[2.546s] Level 1:colcon.colcon_core.package_identification:_identify(joon_path_generate/src/outputs/gap_map_path) by extension 'python_setup_py'
[2.547s] Level 1:colcon.colcon_core.package_identification:_identify(joon_path_generate/src/params) by extensions ['ignore', 'ignore_ament_install']
[2.548s] Level 1:colcon.colcon_core.package_identification:_identify(joon_path_generate/src/params) by extension 'ignore'
[2.548s] Level 1:colcon.colcon_core.package_identification:_identify(joon_path_generate/src/params) by extension 'ignore_ament_install'
[2.548s] Level 1:colcon.colcon_core.package_identification:_identify(joon_path_generate/src/params) by extensions ['colcon_pkg']
[2.548s] Level 1:colcon.colcon_core.package_identification:_identify(joon_path_generate/src/params) by extension 'colcon_pkg'
[2.549s] Level 1:colcon.colcon_core.package_identification:_identify(joon_path_generate/src/params) by extensions ['colcon_meta']
[2.549s] Level 1:colcon.colcon_core.package_identification:_identify(joon_path_generate/src/params) by extension 'colcon_meta'
[2.549s] Level 1:colcon.colcon_core.package_identification:_identify(joon_path_generate/src/params) by extensions ['ros']
[2.549s] Level 1:colcon.colcon_core.package_identification:_identify(joon_path_generate/src/params) by extension 'ros'
[2.550s] Level 1:colcon.colcon_core.package_identification:_identify(joon_path_generate/src/params) by extensions ['cmake', 'python']
[2.550s] Level 1:colcon.colcon_core.package_identification:_identify(joon_path_generate/src/params) by extension 'cmake'
[2.550s] Level 1:colcon.colcon_core.package_identification:_identify(joon_path_generate/src/params) by extension 'python'
[2.550s] Level 1:colcon.colcon_core.package_identification:_identify(joon_path_generate/src/params) by extensions ['python_setup_py']
[2.551s] Level 1:colcon.colcon_core.package_identification:_identify(joon_path_generate/src/params) by extension 'python_setup_py'
[2.551s] Level 1:colcon.colcon_core.package_identification:_identify(joon_path_generate/src/temp) by extensions ['ignore', 'ignore_ament_install']
[2.552s] Level 1:colcon.colcon_core.package_identification:_identify(joon_path_generate/src/temp) by extension 'ignore'
[2.552s] Level 1:colcon.colcon_core.package_identification:_identify(joon_path_generate/src/temp) by extension 'ignore_ament_install'
[2.552s] Level 1:colcon.colcon_core.package_identification:_identify(joon_path_generate/src/temp) by extensions ['colcon_pkg']
[2.552s] Level 1:colcon.colcon_core.package_identification:_identify(joon_path_generate/src/temp) by extension 'colcon_pkg'
[2.552s] Level 1:colcon.colcon_core.package_identification:_identify(joon_path_generate/src/temp) by extensions ['colcon_meta']
[2.553s] Level 1:colcon.colcon_core.package_identification:_identify(joon_path_generate/src/temp) by extension 'colcon_meta'
[2.553s] Level 1:colcon.colcon_core.package_identification:_identify(joon_path_generate/src/temp) by extensions ['ros']
[2.553s] Level 1:colcon.colcon_core.package_identification:_identify(joon_path_generate/src/temp) by extension 'ros'
[2.553s] Level 1:colcon.colcon_core.package_identification:_identify(joon_path_generate/src/temp) by extensions ['cmake', 'python']
[2.554s] Level 1:colcon.colcon_core.package_identification:_identify(joon_path_generate/src/temp) by extension 'cmake'
[2.554s] Level 1:colcon.colcon_core.package_identification:_identify(joon_path_generate/src/temp) by extension 'python'
[2.554s] Level 1:colcon.colcon_core.package_identification:_identify(joon_path_generate/src/temp) by extensions ['python_setup_py']
[2.554s] Level 1:colcon.colcon_core.package_identification:_identify(joon_path_generate/src/temp) by extension 'python_setup_py'
[2.555s] Level 1:colcon.colcon_core.package_identification:_identify(launch) by extensions ['ignore', 'ignore_ament_install']
[2.555s] Level 1:colcon.colcon_core.package_identification:_identify(launch) by extension 'ignore'
[2.556s] Level 1:colcon.colcon_core.package_identification:_identify(launch) by extension 'ignore_ament_install'
[2.556s] Level 1:colcon.colcon_core.package_identification:_identify(launch) by extensions ['colcon_pkg']
[2.556s] Level 1:colcon.colcon_core.package_identification:_identify(launch) by extension 'colcon_pkg'
[2.556s] Level 1:colcon.colcon_core.package_identification:_identify(launch) by extensions ['colcon_meta']
[2.556s] Level 1:colcon.colcon_core.package_identification:_identify(launch) by extension 'colcon_meta'
[2.557s] Level 1:colcon.colcon_core.package_identification:_identify(launch) by extensions ['ros']
[2.557s] Level 1:colcon.colcon_core.package_identification:_identify(launch) by extension 'ros'
[2.557s] Level 1:colcon.colcon_core.package_identification:_identify(launch) by extensions ['cmake', 'python']
[2.557s] Level 1:colcon.colcon_core.package_identification:_identify(launch) by extension 'cmake'
[2.558s] Level 1:colcon.colcon_core.package_identification:_identify(launch) by extension 'python'
[2.558s] Level 1:colcon.colcon_core.package_identification:_identify(launch) by extensions ['python_setup_py']
[2.558s] Level 1:colcon.colcon_core.package_identification:_identify(launch) by extension 'python_setup_py'
[2.559s] Level 1:colcon.colcon_core.package_identification:_identify(launch/__pycache__) by extensions ['ignore', 'ignore_ament_install']
[2.559s] Level 1:colcon.colcon_core.package_identification:_identify(launch/__pycache__) by extension 'ignore'
[2.559s] Level 1:colcon.colcon_core.package_identification:_identify(launch/__pycache__) by extension 'ignore_ament_install'
[2.560s] Level 1:colcon.colcon_core.package_identification:_identify(launch/__pycache__) by extensions ['colcon_pkg']
[2.560s] Level 1:colcon.colcon_core.package_identification:_identify(launch/__pycache__) by extension 'colcon_pkg'
[2.560s] Level 1:colcon.colcon_core.package_identification:_identify(launch/__pycache__) by extensions ['colcon_meta']
[2.560s] Level 1:colcon.colcon_core.package_identification:_identify(launch/__pycache__) by extension 'colcon_meta'
[2.560s] Level 1:colcon.colcon_core.package_identification:_identify(launch/__pycache__) by extensions ['ros']
[2.561s] Level 1:colcon.colcon_core.package_identification:_identify(launch/__pycache__) by extension 'ros'
[2.561s] Level 1:colcon.colcon_core.package_identification:_identify(launch/__pycache__) by extensions ['cmake', 'python']
[2.561s] Level 1:colcon.colcon_core.package_identification:_identify(launch/__pycache__) by extension 'cmake'
[2.561s] Level 1:colcon.colcon_core.package_identification:_identify(launch/__pycache__) by extension 'python'
[2.562s] Level 1:colcon.colcon_core.package_identification:_identify(launch/__pycache__) by extensions ['python_setup_py']
[2.562s] Level 1:colcon.colcon_core.package_identification:_identify(launch/__pycache__) by extension 'python_setup_py'
[2.563s] Level 1:colcon.colcon_core.package_identification:_identify(log) by extensions ['ignore', 'ignore_ament_install']
[2.563s] Level 1:colcon.colcon_core.package_identification:_identify(log) by extension 'ignore'
[2.563s] Level 1:colcon.colcon_core.package_identification:_identify(log) ignored
[2.564s] Level 1:colcon.colcon_core.package_identification:_identify(map_topic_data) by extensions ['ignore', 'ignore_ament_install']
[2.564s] Level 1:colcon.colcon_core.package_identification:_identify(map_topic_data) by extension 'ignore'
[2.565s] Level 1:colcon.colcon_core.package_identification:_identify(map_topic_data) by extension 'ignore_ament_install'
[2.565s] Level 1:colcon.colcon_core.package_identification:_identify(map_topic_data) by extensions ['colcon_pkg']
[2.565s] Level 1:colcon.colcon_core.package_identification:_identify(map_topic_data) by extension 'colcon_pkg'
[2.565s] Level 1:colcon.colcon_core.package_identification:_identify(map_topic_data) by extensions ['colcon_meta']
[2.565s] Level 1:colcon.colcon_core.package_identification:_identify(map_topic_data) by extension 'colcon_meta'
[2.566s] Level 1:colcon.colcon_core.package_identification:_identify(map_topic_data) by extensions ['ros']
[2.566s] Level 1:colcon.colcon_core.package_identification:_identify(map_topic_data) by extension 'ros'
[2.566s] Level 1:colcon.colcon_core.package_identification:_identify(map_topic_data) by extensions ['cmake', 'python']
[2.566s] Level 1:colcon.colcon_core.package_identification:_identify(map_topic_data) by extension 'cmake'
[2.567s] Level 1:colcon.colcon_core.package_identification:_identify(map_topic_data) by extension 'python'
[2.567s] Level 1:colcon.colcon_core.package_identification:_identify(map_topic_data) by extensions ['python_setup_py']
[2.567s] Level 1:colcon.colcon_core.package_identification:_identify(map_topic_data) by extension 'python_setup_py'
[2.568s] Level 1:colcon.colcon_core.package_identification:_identify(path_generate) by extensions ['ignore', 'ignore_ament_install']
[2.568s] Level 1:colcon.colcon_core.package_identification:_identify(path_generate) by extension 'ignore'
[2.568s] Level 1:colcon.colcon_core.package_identification:_identify(path_generate) by extension 'ignore_ament_install'
[2.569s] Level 1:colcon.colcon_core.package_identification:_identify(path_generate) by extensions ['colcon_pkg']
[2.569s] Level 1:colcon.colcon_core.package_identification:_identify(path_generate) by extension 'colcon_pkg'
[2.569s] Level 1:colcon.colcon_core.package_identification:_identify(path_generate) by extensions ['colcon_meta']
[2.569s] Level 1:colcon.colcon_core.package_identification:_identify(path_generate) by extension 'colcon_meta'
[2.569s] Level 1:colcon.colcon_core.package_identification:_identify(path_generate) by extensions ['ros']
[2.570s] Level 1:colcon.colcon_core.package_identification:_identify(path_generate) by extension 'ros'
[2.570s] Level 1:colcon.colcon_core.package_identification:_identify(path_generate) by extensions ['cmake', 'python']
[2.570s] Level 1:colcon.colcon_core.package_identification:_identify(path_generate) by extension 'cmake'
[2.570s] Level 1:colcon.colcon_core.package_identification:_identify(path_generate) by extension 'python'
[2.571s] Level 1:colcon.colcon_core.package_identification:_identify(path_generate) by extensions ['python_setup_py']
[2.571s] Level 1:colcon.colcon_core.package_identification:_identify(path_generate) by extension 'python_setup_py'
[2.571s] Level 1:colcon.colcon_core.package_identification:_identify(path_generate/center-line-fitting) by extensions ['ignore', 'ignore_ament_install']
[2.572s] Level 1:colcon.colcon_core.package_identification:_identify(path_generate/center-line-fitting) by extension 'ignore'
[2.572s] Level 1:colcon.colcon_core.package_identification:_identify(path_generate/center-line-fitting) by extension 'ignore_ament_install'
[2.572s] Level 1:colcon.colcon_core.package_identification:_identify(path_generate/center-line-fitting) by extensions ['colcon_pkg']
[2.572s] Level 1:colcon.colcon_core.package_identification:_identify(path_generate/center-line-fitting) by extension 'colcon_pkg'
[2.573s] Level 1:colcon.colcon_core.package_identification:_identify(path_generate/center-line-fitting) by extensions ['colcon_meta']
[2.573s] Level 1:colcon.colcon_core.package_identification:_identify(path_generate/center-line-fitting) by extension 'colcon_meta'
[2.573s] Level 1:colcon.colcon_core.package_identification:_identify(path_generate/center-line-fitting) by extensions ['ros']
[2.573s] Level 1:colcon.colcon_core.package_identification:_identify(path_generate/center-line-fitting) by extension 'ros'
[2.574s] Level 1:colcon.colcon_core.package_identification:_identify(path_generate/center-line-fitting) by extensions ['cmake', 'python']
[2.574s] Level 1:colcon.colcon_core.package_identification:_identify(path_generate/center-line-fitting) by extension 'cmake'
[2.574s] Level 1:colcon.colcon_core.package_identification:_identify(path_generate/center-line-fitting) by extension 'python'
[2.574s] Level 1:colcon.colcon_core.package_identification:_identify(path_generate/center-line-fitting) by extensions ['python_setup_py']
[2.575s] Level 1:colcon.colcon_core.package_identification:_identify(path_generate/center-line-fitting) by extension 'python_setup_py'
[2.575s] Level 1:colcon.colcon_core.package_identification:_identify(path_generate/center-line-fitting/src) by extensions ['ignore', 'ignore_ament_install']
[2.575s] Level 1:colcon.colcon_core.package_identification:_identify(path_generate/center-line-fitting/src) by extension 'ignore'
[2.576s] Level 1:colcon.colcon_core.package_identification:_identify(path_generate/center-line-fitting/src) by extension 'ignore_ament_install'
[2.576s] Level 1:colcon.colcon_core.package_identification:_identify(path_generate/center-line-fitting/src) by extensions ['colcon_pkg']
[2.576s] Level 1:colcon.colcon_core.package_identification:_identify(path_generate/center-line-fitting/src) by extension 'colcon_pkg'
[2.576s] Level 1:colcon.colcon_core.package_identification:_identify(path_generate/center-line-fitting/src) by extensions ['colcon_meta']
[2.577s] Level 1:colcon.colcon_core.package_identification:_identify(path_generate/center-line-fitting/src) by extension 'colcon_meta'
[2.577s] Level 1:colcon.colcon_core.package_identification:_identify(path_generate/center-line-fitting/src) by extensions ['ros']
[2.577s] Level 1:colcon.colcon_core.package_identification:_identify(path_generate/center-line-fitting/src) by extension 'ros'
[2.577s] Level 1:colcon.colcon_core.package_identification:_identify(path_generate/center-line-fitting/src) by extensions ['cmake', 'python']
[2.578s] Level 1:colcon.colcon_core.package_identification:_identify(path_generate/center-line-fitting/src) by extension 'cmake'
[2.578s] Level 1:colcon.colcon_core.package_identification:_identify(path_generate/center-line-fitting/src) by extension 'python'
[2.578s] Level 1:colcon.colcon_core.package_identification:_identify(path_generate/center-line-fitting/src) by extensions ['python_setup_py']
[2.578s] Level 1:colcon.colcon_core.package_identification:_identify(path_generate/center-line-fitting/src) by extension 'python_setup_py'
[2.579s] Level 1:colcon.colcon_core.package_identification:_identify(path_generate/global_racetrajectory_optimization) by extensions ['ignore', 'ignore_ament_install']
[2.580s] Level 1:colcon.colcon_core.package_identification:_identify(path_generate/global_racetrajectory_optimization) by extension 'ignore'
[2.580s] Level 1:colcon.colcon_core.package_identification:_identify(path_generate/global_racetrajectory_optimization) by extension 'ignore_ament_install'
[2.580s] Level 1:colcon.colcon_core.package_identification:_identify(path_generate/global_racetrajectory_optimization) by extensions ['colcon_pkg']
[2.580s] Level 1:colcon.colcon_core.package_identification:_identify(path_generate/global_racetrajectory_optimization) by extension 'colcon_pkg'
[2.581s] Level 1:colcon.colcon_core.package_identification:_identify(path_generate/global_racetrajectory_optimization) by extensions ['colcon_meta']
[2.581s] Level 1:colcon.colcon_core.package_identification:_identify(path_generate/global_racetrajectory_optimization) by extension 'colcon_meta'
[2.581s] Level 1:colcon.colcon_core.package_identification:_identify(path_generate/global_racetrajectory_optimization) by extensions ['ros']
[2.581s] Level 1:colcon.colcon_core.package_identification:_identify(path_generate/global_racetrajectory_optimization) by extension 'ros'
[2.582s] Level 1:colcon.colcon_core.package_identification:_identify(path_generate/global_racetrajectory_optimization) by extensions ['cmake', 'python']
[2.582s] Level 1:colcon.colcon_core.package_identification:_identify(path_generate/global_racetrajectory_optimization) by extension 'cmake'
[2.582s] Level 1:colcon.colcon_core.package_identification:_identify(path_generate/global_racetrajectory_optimization) by extension 'python'
[2.583s] Level 1:colcon.colcon_core.package_identification:_identify(path_generate/global_racetrajectory_optimization) by extensions ['python_setup_py']
[2.583s] Level 1:colcon.colcon_core.package_identification:_identify(path_generate/global_racetrajectory_optimization) by extension 'python_setup_py'
[2.584s] Level 1:colcon.colcon_core.package_identification:_identify(path_generate/global_racetrajectory_optimization/frictionmap) by extensions ['ignore', 'ignore_ament_install']
[2.584s] Level 1:colcon.colcon_core.package_identification:_identify(path_generate/global_racetrajectory_optimization/frictionmap) by extension 'ignore'
[2.584s] Level 1:colcon.colcon_core.package_identification:_identify(path_generate/global_racetrajectory_optimization/frictionmap) by extension 'ignore_ament_install'
[2.585s] Level 1:colcon.colcon_core.package_identification:_identify(path_generate/global_racetrajectory_optimization/frictionmap) by extensions ['colcon_pkg']
[2.585s] Level 1:colcon.colcon_core.package_identification:_identify(path_generate/global_racetrajectory_optimization/frictionmap) by extension 'colcon_pkg'
[2.585s] Level 1:colcon.colcon_core.package_identification:_identify(path_generate/global_racetrajectory_optimization/frictionmap) by extensions ['colcon_meta']
[2.585s] Level 1:colcon.colcon_core.package_identification:_identify(path_generate/global_racetrajectory_optimization/frictionmap) by extension 'colcon_meta'
[2.586s] Level 1:colcon.colcon_core.package_identification:_identify(path_generate/global_racetrajectory_optimization/frictionmap) by extensions ['ros']
[2.586s] Level 1:colcon.colcon_core.package_identification:_identify(path_generate/global_racetrajectory_optimization/frictionmap) by extension 'ros'
[2.586s] Level 1:colcon.colcon_core.package_identification:_identify(path_generate/global_racetrajectory_optimization/frictionmap) by extensions ['cmake', 'python']
[2.586s] Level 1:colcon.colcon_core.package_identification:_identify(path_generate/global_racetrajectory_optimization/frictionmap) by extension 'cmake'
[2.587s] Level 1:colcon.colcon_core.package_identification:_identify(path_generate/global_racetrajectory_optimization/frictionmap) by extension 'python'
[2.587s] Level 1:colcon.colcon_core.package_identification:_identify(path_generate/global_racetrajectory_optimization/frictionmap) by extensions ['python_setup_py']
[2.587s] Level 1:colcon.colcon_core.package_identification:_identify(path_generate/global_racetrajectory_optimization/frictionmap) by extension 'python_setup_py'
[2.588s] Level 1:colcon.colcon_core.package_identification:_identify(path_generate/global_racetrajectory_optimization/frictionmap/src) by extensions ['ignore', 'ignore_ament_install']
[2.588s] Level 1:colcon.colcon_core.package_identification:_identify(path_generate/global_racetrajectory_optimization/frictionmap/src) by extension 'ignore'
[2.588s] Level 1:colcon.colcon_core.package_identification:_identify(path_generate/global_racetrajectory_optimization/frictionmap/src) by extension 'ignore_ament_install'
[2.589s] Level 1:colcon.colcon_core.package_identification:_identify(path_generate/global_racetrajectory_optimization/frictionmap/src) by extensions ['colcon_pkg']
[2.589s] Level 1:colcon.colcon_core.package_identification:_identify(path_generate/global_racetrajectory_optimization/frictionmap/src) by extension 'colcon_pkg'
[2.589s] Level 1:colcon.colcon_core.package_identification:_identify(path_generate/global_racetrajectory_optimization/frictionmap/src) by extensions ['colcon_meta']
[2.589s] Level 1:colcon.colcon_core.package_identification:_identify(path_generate/global_racetrajectory_optimization/frictionmap/src) by extension 'colcon_meta'
[2.589s] Level 1:colcon.colcon_core.package_identification:_identify(path_generate/global_racetrajectory_optimization/frictionmap/src) by extensions ['ros']
[2.590s] Level 1:colcon.colcon_core.package_identification:_identify(path_generate/global_racetrajectory_optimization/frictionmap/src) by extension 'ros'
[2.590s] Level 1:colcon.colcon_core.package_identification:_identify(path_generate/global_racetrajectory_optimization/frictionmap/src) by extensions ['cmake', 'python']
[2.590s] Level 1:colcon.colcon_core.package_identification:_identify(path_generate/global_racetrajectory_optimization/frictionmap/src) by extension 'cmake'
[2.591s] Level 1:colcon.colcon_core.package_identification:_identify(path_generate/global_racetrajectory_optimization/frictionmap/src) by extension 'python'
[2.591s] Level 1:colcon.colcon_core.package_identification:_identify(path_generate/global_racetrajectory_optimization/frictionmap/src) by extensions ['python_setup_py']
[2.591s] Level 1:colcon.colcon_core.package_identification:_identify(path_generate/global_racetrajectory_optimization/frictionmap/src) by extension 'python_setup_py'
[2.592s] Level 1:colcon.colcon_core.package_identification:_identify(path_generate/global_racetrajectory_optimization/helper_funcs_glob) by extensions ['ignore', 'ignore_ament_install']
[2.592s] Level 1:colcon.colcon_core.package_identification:_identify(path_generate/global_racetrajectory_optimization/helper_funcs_glob) by extension 'ignore'
[2.592s] Level 1:colcon.colcon_core.package_identification:_identify(path_generate/global_racetrajectory_optimization/helper_funcs_glob) by extension 'ignore_ament_install'
[2.592s] Level 1:colcon.colcon_core.package_identification:_identify(path_generate/global_racetrajectory_optimization/helper_funcs_glob) by extensions ['colcon_pkg']
[2.593s] Level 1:colcon.colcon_core.package_identification:_identify(path_generate/global_racetrajectory_optimization/helper_funcs_glob) by extension 'colcon_pkg'
[2.593s] Level 1:colcon.colcon_core.package_identification:_identify(path_generate/global_racetrajectory_optimization/helper_funcs_glob) by extensions ['colcon_meta']
[2.593s] Level 1:colcon.colcon_core.package_identification:_identify(path_generate/global_racetrajectory_optimization/helper_funcs_glob) by extension 'colcon_meta'
[2.593s] Level 1:colcon.colcon_core.package_identification:_identify(path_generate/global_racetrajectory_optimization/helper_funcs_glob) by extensions ['ros']
[2.594s] Level 1:colcon.colcon_core.package_identification:_identify(path_generate/global_racetrajectory_optimization/helper_funcs_glob) by extension 'ros'
[2.594s] Level 1:colcon.colcon_core.package_identification:_identify(path_generate/global_racetrajectory_optimization/helper_funcs_glob) by extensions ['cmake', 'python']
[2.594s] Level 1:colcon.colcon_core.package_identification:_identify(path_generate/global_racetrajectory_optimization/helper_funcs_glob) by extension 'cmake'
[2.594s] Level 1:colcon.colcon_core.package_identification:_identify(path_generate/global_racetrajectory_optimization/helper_funcs_glob) by extension 'python'
[2.595s] Level 1:colcon.colcon_core.package_identification:_identify(path_generate/global_racetrajectory_optimization/helper_funcs_glob) by extensions ['python_setup_py']
[2.595s] Level 1:colcon.colcon_core.package_identification:_identify(path_generate/global_racetrajectory_optimization/helper_funcs_glob) by extension 'python_setup_py'
[2.595s] Level 1:colcon.colcon_core.package_identification:_identify(path_generate/global_racetrajectory_optimization/helper_funcs_glob/src) by extensions ['ignore', 'ignore_ament_install']
[2.596s] Level 1:colcon.colcon_core.package_identification:_identify(path_generate/global_racetrajectory_optimization/helper_funcs_glob/src) by extension 'ignore'
[2.596s] Level 1:colcon.colcon_core.package_identification:_identify(path_generate/global_racetrajectory_optimization/helper_funcs_glob/src) by extension 'ignore_ament_install'
[2.596s] Level 1:colcon.colcon_core.package_identification:_identify(path_generate/global_racetrajectory_optimization/helper_funcs_glob/src) by extensions ['colcon_pkg']
[2.597s] Level 1:colcon.colcon_core.package_identification:_identify(path_generate/global_racetrajectory_optimization/helper_funcs_glob/src) by extension 'colcon_pkg'
[2.597s] Level 1:colcon.colcon_core.package_identification:_identify(path_generate/global_racetrajectory_optimization/helper_funcs_glob/src) by extensions ['colcon_meta']
[2.597s] Level 1:colcon.colcon_core.package_identification:_identify(path_generate/global_racetrajectory_optimization/helper_funcs_glob/src) by extension 'colcon_meta'
[2.597s] Level 1:colcon.colcon_core.package_identification:_identify(path_generate/global_racetrajectory_optimization/helper_funcs_glob/src) by extensions ['ros']
[2.597s] Level 1:colcon.colcon_core.package_identification:_identify(path_generate/global_racetrajectory_optimization/helper_funcs_glob/src) by extension 'ros'
[2.598s] Level 1:colcon.colcon_core.package_identification:_identify(path_generate/global_racetrajectory_optimization/helper_funcs_glob/src) by extensions ['cmake', 'python']
[2.598s] Level 1:colcon.colcon_core.package_identification:_identify(path_generate/global_racetrajectory_optimization/helper_funcs_glob/src) by extension 'cmake'
[2.598s] Level 1:colcon.colcon_core.package_identification:_identify(path_generate/global_racetrajectory_optimization/helper_funcs_glob/src) by extension 'python'
[2.599s] Level 1:colcon.colcon_core.package_identification:_identify(path_generate/global_racetrajectory_optimization/helper_funcs_glob/src) by extensions ['python_setup_py']
[2.599s] Level 1:colcon.colcon_core.package_identification:_identify(path_generate/global_racetrajectory_optimization/helper_funcs_glob/src) by extension 'python_setup_py'
[2.599s] Level 1:colcon.colcon_core.package_identification:_identify(path_generate/global_racetrajectory_optimization/inputs) by extensions ['ignore', 'ignore_ament_install']
[2.600s] Level 1:colcon.colcon_core.package_identification:_identify(path_generate/global_racetrajectory_optimization/inputs) by extension 'ignore'
[2.600s] Level 1:colcon.colcon_core.package_identification:_identify(path_generate/global_racetrajectory_optimization/inputs) by extension 'ignore_ament_install'
[2.600s] Level 1:colcon.colcon_core.package_identification:_identify(path_generate/global_racetrajectory_optimization/inputs) by extensions ['colcon_pkg']
[2.600s] Level 1:colcon.colcon_core.package_identification:_identify(path_generate/global_racetrajectory_optimization/inputs) by extension 'colcon_pkg'
[2.601s] Level 1:colcon.colcon_core.package_identification:_identify(path_generate/global_racetrajectory_optimization/inputs) by extensions ['colcon_meta']
[2.601s] Level 1:colcon.colcon_core.package_identification:_identify(path_generate/global_racetrajectory_optimization/inputs) by extension 'colcon_meta'
[2.601s] Level 1:colcon.colcon_core.package_identification:_identify(path_generate/global_racetrajectory_optimization/inputs) by extensions ['ros']
[2.601s] Level 1:colcon.colcon_core.package_identification:_identify(path_generate/global_racetrajectory_optimization/inputs) by extension 'ros'
[2.602s] Level 1:colcon.colcon_core.package_identification:_identify(path_generate/global_racetrajectory_optimization/inputs) by extensions ['cmake', 'python']
[2.602s] Level 1:colcon.colcon_core.package_identification:_identify(path_generate/global_racetrajectory_optimization/inputs) by extension 'cmake'
[2.602s] Level 1:colcon.colcon_core.package_identification:_identify(path_generate/global_racetrajectory_optimization/inputs) by extension 'python'
[2.603s] Level 1:colcon.colcon_core.package_identification:_identify(path_generate/global_racetrajectory_optimization/inputs) by extensions ['python_setup_py']
[2.603s] Level 1:colcon.colcon_core.package_identification:_identify(path_generate/global_racetrajectory_optimization/inputs) by extension 'python_setup_py'
[2.603s] Level 1:colcon.colcon_core.package_identification:_identify(path_generate/global_racetrajectory_optimization/inputs/frictionmaps) by extensions ['ignore', 'ignore_ament_install']
[2.604s] Level 1:colcon.colcon_core.package_identification:_identify(path_generate/global_racetrajectory_optimization/inputs/frictionmaps) by extension 'ignore'
[2.604s] Level 1:colcon.colcon_core.package_identification:_identify(path_generate/global_racetrajectory_optimization/inputs/frictionmaps) by extension 'ignore_ament_install'
[2.604s] Level 1:colcon.colcon_core.package_identification:_identify(path_generate/global_racetrajectory_optimization/inputs/frictionmaps) by extensions ['colcon_pkg']
[2.604s] Level 1:colcon.colcon_core.package_identification:_identify(path_generate/global_racetrajectory_optimization/inputs/frictionmaps) by extension 'colcon_pkg'
[2.605s] Level 1:colcon.colcon_core.package_identification:_identify(path_generate/global_racetrajectory_optimization/inputs/frictionmaps) by extensions ['colcon_meta']
[2.605s] Level 1:colcon.colcon_core.package_identification:_identify(path_generate/global_racetrajectory_optimization/inputs/frictionmaps) by extension 'colcon_meta'
[2.605s] Level 1:colcon.colcon_core.package_identification:_identify(path_generate/global_racetrajectory_optimization/inputs/frictionmaps) by extensions ['ros']
[2.605s] Level 1:colcon.colcon_core.package_identification:_identify(path_generate/global_racetrajectory_optimization/inputs/frictionmaps) by extension 'ros'
[2.606s] Level 1:colcon.colcon_core.package_identification:_identify(path_generate/global_racetrajectory_optimization/inputs/frictionmaps) by extensions ['cmake', 'python']
[2.606s] Level 1:colcon.colcon_core.package_identification:_identify(path_generate/global_racetrajectory_optimization/inputs/frictionmaps) by extension 'cmake'
[2.606s] Level 1:colcon.colcon_core.package_identification:_identify(path_generate/global_racetrajectory_optimization/inputs/frictionmaps) by extension 'python'
[2.606s] Level 1:colcon.colcon_core.package_identification:_identify(path_generate/global_racetrajectory_optimization/inputs/frictionmaps) by extensions ['python_setup_py']
[2.607s] Level 1:colcon.colcon_core.package_identification:_identify(path_generate/global_racetrajectory_optimization/inputs/frictionmaps) by extension 'python_setup_py'
[2.607s] Level 1:colcon.colcon_core.package_identification:_identify(path_generate/global_racetrajectory_optimization/inputs/tracks) by extensions ['ignore', 'ignore_ament_install']
[2.608s] Level 1:colcon.colcon_core.package_identification:_identify(path_generate/global_racetrajectory_optimization/inputs/tracks) by extension 'ignore'
[2.608s] Level 1:colcon.colcon_core.package_identification:_identify(path_generate/global_racetrajectory_optimization/inputs/tracks) by extension 'ignore_ament_install'
[2.608s] Level 1:colcon.colcon_core.package_identification:_identify(path_generate/global_racetrajectory_optimization/inputs/tracks) by extensions ['colcon_pkg']
[2.608s] Level 1:colcon.colcon_core.package_identification:_identify(path_generate/global_racetrajectory_optimization/inputs/tracks) by extension 'colcon_pkg'
[2.608s] Level 1:colcon.colcon_core.package_identification:_identify(path_generate/global_racetrajectory_optimization/inputs/tracks) by extensions ['colcon_meta']
[2.609s] Level 1:colcon.colcon_core.package_identification:_identify(path_generate/global_racetrajectory_optimization/inputs/tracks) by extension 'colcon_meta'
[2.609s] Level 1:colcon.colcon_core.package_identification:_identify(path_generate/global_racetrajectory_optimization/inputs/tracks) by extensions ['ros']
[2.609s] Level 1:colcon.colcon_core.package_identification:_identify(path_generate/global_racetrajectory_optimization/inputs/tracks) by extension 'ros'
[2.610s] Level 1:colcon.colcon_core.package_identification:_identify(path_generate/global_racetrajectory_optimization/inputs/tracks) by extensions ['cmake', 'python']
[2.610s] Level 1:colcon.colcon_core.package_identification:_identify(path_generate/global_racetrajectory_optimization/inputs/tracks) by extension 'cmake'
[2.610s] Level 1:colcon.colcon_core.package_identification:_identify(path_generate/global_racetrajectory_optimization/inputs/tracks) by extension 'python'
[2.610s] Level 1:colcon.colcon_core.package_identification:_identify(path_generate/global_racetrajectory_optimization/inputs/tracks) by extensions ['python_setup_py']
[2.610s] Level 1:colcon.colcon_core.package_identification:_identify(path_generate/global_racetrajectory_optimization/inputs/tracks) by extension 'python_setup_py'
[2.611s] Level 1:colcon.colcon_core.package_identification:_identify(path_generate/global_racetrajectory_optimization/inputs/veh_dyn_info) by extensions ['ignore', 'ignore_ament_install']
[2.611s] Level 1:colcon.colcon_core.package_identification:_identify(path_generate/global_racetrajectory_optimization/inputs/veh_dyn_info) by extension 'ignore'
[2.612s] Level 1:colcon.colcon_core.package_identification:_identify(path_generate/global_racetrajectory_optimization/inputs/veh_dyn_info) by extension 'ignore_ament_install'
[2.612s] Level 1:colcon.colcon_core.package_identification:_identify(path_generate/global_racetrajectory_optimization/inputs/veh_dyn_info) by extensions ['colcon_pkg']
[2.612s] Level 1:colcon.colcon_core.package_identification:_identify(path_generate/global_racetrajectory_optimization/inputs/veh_dyn_info) by extension 'colcon_pkg'
[2.612s] Level 1:colcon.colcon_core.package_identification:_identify(path_generate/global_racetrajectory_optimization/inputs/veh_dyn_info) by extensions ['colcon_meta']
[2.612s] Level 1:colcon.colcon_core.package_identification:_identify(path_generate/global_racetrajectory_optimization/inputs/veh_dyn_info) by extension 'colcon_meta'
[2.613s] Level 1:colcon.colcon_core.package_identification:_identify(path_generate/global_racetrajectory_optimization/inputs/veh_dyn_info) by extensions ['ros']
[2.613s] Level 1:colcon.colcon_core.package_identification:_identify(path_generate/global_racetrajectory_optimization/inputs/veh_dyn_info) by extension 'ros'
[2.613s] Level 1:colcon.colcon_core.package_identification:_identify(path_generate/global_racetrajectory_optimization/inputs/veh_dyn_info) by extensions ['cmake', 'python']
[2.614s] Level 1:colcon.colcon_core.package_identification:_identify(path_generate/global_racetrajectory_optimization/inputs/veh_dyn_info) by extension 'cmake'
[2.614s] Level 1:colcon.colcon_core.package_identification:_identify(path_generate/global_racetrajectory_optimization/inputs/veh_dyn_info) by extension 'python'
[2.614s] Level 1:colcon.colcon_core.package_identification:_identify(path_generate/global_racetrajectory_optimization/inputs/veh_dyn_info) by extensions ['python_setup_py']
[2.614s] Level 1:colcon.colcon_core.package_identification:_identify(path_generate/global_racetrajectory_optimization/inputs/veh_dyn_info) by extension 'python_setup_py'
[2.615s] Level 1:colcon.colcon_core.package_identification:_identify(path_generate/global_racetrajectory_optimization/opt_mintime_traj) by extensions ['ignore', 'ignore_ament_install']
[2.615s] Level 1:colcon.colcon_core.package_identification:_identify(path_generate/global_racetrajectory_optimization/opt_mintime_traj) by extension 'ignore'
[2.615s] Level 1:colcon.colcon_core.package_identification:_identify(path_generate/global_racetrajectory_optimization/opt_mintime_traj) by extension 'ignore_ament_install'
[2.616s] Level 1:colcon.colcon_core.package_identification:_identify(path_generate/global_racetrajectory_optimization/opt_mintime_traj) by extensions ['colcon_pkg']
[2.616s] Level 1:colcon.colcon_core.package_identification:_identify(path_generate/global_racetrajectory_optimization/opt_mintime_traj) by extension 'colcon_pkg'
[2.616s] Level 1:colcon.colcon_core.package_identification:_identify(path_generate/global_racetrajectory_optimization/opt_mintime_traj) by extensions ['colcon_meta']
[2.616s] Level 1:colcon.colcon_core.package_identification:_identify(path_generate/global_racetrajectory_optimization/opt_mintime_traj) by extension 'colcon_meta'
[2.617s] Level 1:colcon.colcon_core.package_identification:_identify(path_generate/global_racetrajectory_optimization/opt_mintime_traj) by extensions ['ros']
[2.617s] Level 1:colcon.colcon_core.package_identification:_identify(path_generate/global_racetrajectory_optimization/opt_mintime_traj) by extension 'ros'
[2.617s] Level 1:colcon.colcon_core.package_identification:_identify(path_generate/global_racetrajectory_optimization/opt_mintime_traj) by extensions ['cmake', 'python']
[2.617s] Level 1:colcon.colcon_core.package_identification:_identify(path_generate/global_racetrajectory_optimization/opt_mintime_traj) by extension 'cmake'
[2.618s] Level 1:colcon.colcon_core.package_identification:_identify(path_generate/global_racetrajectory_optimization/opt_mintime_traj) by extension 'python'
[2.618s] Level 1:colcon.colcon_core.package_identification:_identify(path_generate/global_racetrajectory_optimization/opt_mintime_traj) by extensions ['python_setup_py']
[2.618s] Level 1:colcon.colcon_core.package_identification:_identify(path_generate/global_racetrajectory_optimization/opt_mintime_traj) by extension 'python_setup_py'
[2.619s] Level 1:colcon.colcon_core.package_identification:_identify(path_generate/global_racetrajectory_optimization/opt_mintime_traj/powertrain_src) by extensions ['ignore', 'ignore_ament_install']
[2.619s] Level 1:colcon.colcon_core.package_identification:_identify(path_generate/global_racetrajectory_optimization/opt_mintime_traj/powertrain_src) by extension 'ignore'
[2.619s] Level 1:colcon.colcon_core.package_identification:_identify(path_generate/global_racetrajectory_optimization/opt_mintime_traj/powertrain_src) by extension 'ignore_ament_install'
[2.620s] Level 1:colcon.colcon_core.package_identification:_identify(path_generate/global_racetrajectory_optimization/opt_mintime_traj/powertrain_src) by extensions ['colcon_pkg']
[2.620s] Level 1:colcon.colcon_core.package_identification:_identify(path_generate/global_racetrajectory_optimization/opt_mintime_traj/powertrain_src) by extension 'colcon_pkg'
[2.620s] Level 1:colcon.colcon_core.package_identification:_identify(path_generate/global_racetrajectory_optimization/opt_mintime_traj/powertrain_src) by extensions ['colcon_meta']
[2.620s] Level 1:colcon.colcon_core.package_identification:_identify(path_generate/global_racetrajectory_optimization/opt_mintime_traj/powertrain_src) by extension 'colcon_meta'
[2.621s] Level 1:colcon.colcon_core.package_identification:_identify(path_generate/global_racetrajectory_optimization/opt_mintime_traj/powertrain_src) by extensions ['ros']
[2.621s] Level 1:colcon.colcon_core.package_identification:_identify(path_generate/global_racetrajectory_optimization/opt_mintime_traj/powertrain_src) by extension 'ros'
[2.621s] Level 1:colcon.colcon_core.package_identification:_identify(path_generate/global_racetrajectory_optimization/opt_mintime_traj/powertrain_src) by extensions ['cmake', 'python']
[2.621s] Level 1:colcon.colcon_core.package_identification:_identify(path_generate/global_racetrajectory_optimization/opt_mintime_traj/powertrain_src) by extension 'cmake'
[2.622s] Level 1:colcon.colcon_core.package_identification:_identify(path_generate/global_racetrajectory_optimization/opt_mintime_traj/powertrain_src) by extension 'python'
[2.622s] Level 1:colcon.colcon_core.package_identification:_identify(path_generate/global_racetrajectory_optimization/opt_mintime_traj/powertrain_src) by extensions ['python_setup_py']
[2.622s] Level 1:colcon.colcon_core.package_identification:_identify(path_generate/global_racetrajectory_optimization/opt_mintime_traj/powertrain_src) by extension 'python_setup_py'
[2.623s] Level 1:colcon.colcon_core.package_identification:_identify(path_generate/global_racetrajectory_optimization/opt_mintime_traj/powertrain_src/src) by extensions ['ignore', 'ignore_ament_install']
[2.623s] Level 1:colcon.colcon_core.package_identification:_identify(path_generate/global_racetrajectory_optimization/opt_mintime_traj/powertrain_src/src) by extension 'ignore'
[2.624s] Level 1:colcon.colcon_core.package_identification:_identify(path_generate/global_racetrajectory_optimization/opt_mintime_traj/powertrain_src/src) by extension 'ignore_ament_install'
[2.624s] Level 1:colcon.colcon_core.package_identification:_identify(path_generate/global_racetrajectory_optimization/opt_mintime_traj/powertrain_src/src) by extensions ['colcon_pkg']
[2.624s] Level 1:colcon.colcon_core.package_identification:_identify(path_generate/global_racetrajectory_optimization/opt_mintime_traj/powertrain_src/src) by extension 'colcon_pkg'
[2.624s] Level 1:colcon.colcon_core.package_identification:_identify(path_generate/global_racetrajectory_optimization/opt_mintime_traj/powertrain_src/src) by extensions ['colcon_meta']
[2.625s] Level 1:colcon.colcon_core.package_identification:_identify(path_generate/global_racetrajectory_optimization/opt_mintime_traj/powertrain_src/src) by extension 'colcon_meta'
[2.625s] Level 1:colcon.colcon_core.package_identification:_identify(path_generate/global_racetrajectory_optimization/opt_mintime_traj/powertrain_src/src) by extensions ['ros']
[2.625s] Level 1:colcon.colcon_core.package_identification:_identify(path_generate/global_racetrajectory_optimization/opt_mintime_traj/powertrain_src/src) by extension 'ros'
[2.626s] Level 1:colcon.colcon_core.package_identification:_identify(path_generate/global_racetrajectory_optimization/opt_mintime_traj/powertrain_src/src) by extensions ['cmake', 'python']
[2.626s] Level 1:colcon.colcon_core.package_identification:_identify(path_generate/global_racetrajectory_optimization/opt_mintime_traj/powertrain_src/src) by extension 'cmake'
[2.626s] Level 1:colcon.colcon_core.package_identification:_identify(path_generate/global_racetrajectory_optimization/opt_mintime_traj/powertrain_src/src) by extension 'python'
[2.626s] Level 1:colcon.colcon_core.package_identification:_identify(path_generate/global_racetrajectory_optimization/opt_mintime_traj/powertrain_src/src) by extensions ['python_setup_py']
[2.626s] Level 1:colcon.colcon_core.package_identification:_identify(path_generate/global_racetrajectory_optimization/opt_mintime_traj/powertrain_src/src) by extension 'python_setup_py'
[2.627s] Level 1:colcon.colcon_core.package_identification:_identify(path_generate/global_racetrajectory_optimization/opt_mintime_traj/src) by extensions ['ignore', 'ignore_ament_install']
[2.628s] Level 1:colcon.colcon_core.package_identification:_identify(path_generate/global_racetrajectory_optimization/opt_mintime_traj/src) by extension 'ignore'
[2.628s] Level 1:colcon.colcon_core.package_identification:_identify(path_generate/global_racetrajectory_optimization/opt_mintime_traj/src) by extension 'ignore_ament_install'
[2.628s] Level 1:colcon.colcon_core.package_identification:_identify(path_generate/global_racetrajectory_optimization/opt_mintime_traj/src) by extensions ['colcon_pkg']
[2.628s] Level 1:colcon.colcon_core.package_identification:_identify(path_generate/global_racetrajectory_optimization/opt_mintime_traj/src) by extension 'colcon_pkg'
[2.629s] Level 1:colcon.colcon_core.package_identification:_identify(path_generate/global_racetrajectory_optimization/opt_mintime_traj/src) by extensions ['colcon_meta']
[2.629s] Level 1:colcon.colcon_core.package_identification:_identify(path_generate/global_racetrajectory_optimization/opt_mintime_traj/src) by extension 'colcon_meta'
[2.629s] Level 1:colcon.colcon_core.package_identification:_identify(path_generate/global_racetrajectory_optimization/opt_mintime_traj/src) by extensions ['ros']
[2.629s] Level 1:colcon.colcon_core.package_identification:_identify(path_generate/global_racetrajectory_optimization/opt_mintime_traj/src) by extension 'ros'
[2.630s] Level 1:colcon.colcon_core.package_identification:_identify(path_generate/global_racetrajectory_optimization/opt_mintime_traj/src) by extensions ['cmake', 'python']
[2.630s] Level 1:colcon.colcon_core.package_identification:_identify(path_generate/global_racetrajectory_optimization/opt_mintime_traj/src) by extension 'cmake'
[2.630s] Level 1:colcon.colcon_core.package_identification:_identify(path_generate/global_racetrajectory_optimization/opt_mintime_traj/src) by extension 'python'
[2.630s] Level 1:colcon.colcon_core.package_identification:_identify(path_generate/global_racetrajectory_optimization/opt_mintime_traj/src) by extensions ['python_setup_py']
[2.631s] Level 1:colcon.colcon_core.package_identification:_identify(path_generate/global_racetrajectory_optimization/opt_mintime_traj/src) by extension 'python_setup_py'
[2.631s] Level 1:colcon.colcon_core.package_identification:_identify(path_generate/global_racetrajectory_optimization/params) by extensions ['ignore', 'ignore_ament_install']
[2.631s] Level 1:colcon.colcon_core.package_identification:_identify(path_generate/global_racetrajectory_optimization/params) by extension 'ignore'
[2.632s] Level 1:colcon.colcon_core.package_identification:_identify(path_generate/global_racetrajectory_optimization/params) by extension 'ignore_ament_install'
[2.632s] Level 1:colcon.colcon_core.package_identification:_identify(path_generate/global_racetrajectory_optimization/params) by extensions ['colcon_pkg']
[2.632s] Level 1:colcon.colcon_core.package_identification:_identify(path_generate/global_racetrajectory_optimization/params) by extension 'colcon_pkg'
[2.632s] Level 1:colcon.colcon_core.package_identification:_identify(path_generate/global_racetrajectory_optimization/params) by extensions ['colcon_meta']
[2.633s] Level 1:colcon.colcon_core.package_identification:_identify(path_generate/global_racetrajectory_optimization/params) by extension 'colcon_meta'
[2.633s] Level 1:colcon.colcon_core.package_identification:_identify(path_generate/global_racetrajectory_optimization/params) by extensions ['ros']
[2.633s] Level 1:colcon.colcon_core.package_identification:_identify(path_generate/global_racetrajectory_optimization/params) by extension 'ros'
[2.633s] Level 1:colcon.colcon_core.package_identification:_identify(path_generate/global_racetrajectory_optimization/params) by extensions ['cmake', 'python']
[2.634s] Level 1:colcon.colcon_core.package_identification:_identify(path_generate/global_racetrajectory_optimization/params) by extension 'cmake'
[2.634s] Level 1:colcon.colcon_core.package_identification:_identify(path_generate/global_racetrajectory_optimization/params) by extension 'python'
[2.634s] Level 1:colcon.colcon_core.package_identification:_identify(path_generate/global_racetrajectory_optimization/params) by extensions ['python_setup_py']
[2.634s] Level 1:colcon.colcon_core.package_identification:_identify(path_generate/global_racetrajectory_optimization/params) by extension 'python_setup_py'
[2.635s] Level 1:colcon.colcon_core.package_identification:_identify(path_generate/steven_gong) by extensions ['ignore', 'ignore_ament_install']
[2.635s] Level 1:colcon.colcon_core.package_identification:_identify(path_generate/steven_gong) by extension 'ignore'
[2.635s] Level 1:colcon.colcon_core.package_identification:_identify(path_generate/steven_gong) by extension 'ignore_ament_install'
[2.636s] Level 1:colcon.colcon_core.package_identification:_identify(path_generate/steven_gong) by extensions ['colcon_pkg']
[2.636s] Level 1:colcon.colcon_core.package_identification:_identify(path_generate/steven_gong) by extension 'colcon_pkg'
[2.636s] Level 1:colcon.colcon_core.package_identification:_identify(path_generate/steven_gong) by extensions ['colcon_meta']
[2.636s] Level 1:colcon.colcon_core.package_identification:_identify(path_generate/steven_gong) by extension 'colcon_meta'
[2.637s] Level 1:colcon.colcon_core.package_identification:_identify(path_generate/steven_gong) by extensions ['ros']
[2.637s] Level 1:colcon.colcon_core.package_identification:_identify(path_generate/steven_gong) by extension 'ros'
[2.637s] Level 1:colcon.colcon_core.package_identification:_identify(path_generate/steven_gong) by extensions ['cmake', 'python']
[2.637s] Level 1:colcon.colcon_core.package_identification:_identify(path_generate/steven_gong) by extension 'cmake'
[2.638s] Level 1:colcon.colcon_core.package_identification:_identify(path_generate/steven_gong) by extension 'python'
[2.638s] Level 1:colcon.colcon_core.package_identification:_identify(path_generate/steven_gong) by extensions ['python_setup_py']
[2.638s] Level 1:colcon.colcon_core.package_identification:_identify(path_generate/steven_gong) by extension 'python_setup_py'
[2.639s] Level 1:colcon.colcon_core.package_identification:_identify(path_generate/steven_gong/Raceline-Optimization) by extensions ['ignore', 'ignore_ament_install']
[2.639s] Level 1:colcon.colcon_core.package_identification:_identify(path_generate/steven_gong/Raceline-Optimization) by extension 'ignore'
[2.639s] Level 1:colcon.colcon_core.package_identification:_identify(path_generate/steven_gong/Raceline-Optimization) by extension 'ignore_ament_install'
[2.639s] Level 1:colcon.colcon_core.package_identification:_identify(path_generate/steven_gong/Raceline-Optimization) by extensions ['colcon_pkg']
[2.640s] Level 1:colcon.colcon_core.package_identification:_identify(path_generate/steven_gong/Raceline-Optimization) by extension 'colcon_pkg'
[2.640s] Level 1:colcon.colcon_core.package_identification:_identify(path_generate/steven_gong/Raceline-Optimization) by extensions ['colcon_meta']
[2.640s] Level 1:colcon.colcon_core.package_identification:_identify(path_generate/steven_gong/Raceline-Optimization) by extension 'colcon_meta'
[2.640s] Level 1:colcon.colcon_core.package_identification:_identify(path_generate/steven_gong/Raceline-Optimization) by extensions ['ros']
[2.641s] Level 1:colcon.colcon_core.package_identification:_identify(path_generate/steven_gong/Raceline-Optimization) by extension 'ros'
[2.641s] Level 1:colcon.colcon_core.package_identification:_identify(path_generate/steven_gong/Raceline-Optimization) by extensions ['cmake', 'python']
[2.641s] Level 1:colcon.colcon_core.package_identification:_identify(path_generate/steven_gong/Raceline-Optimization) by extension 'cmake'
[2.641s] Level 1:colcon.colcon_core.package_identification:_identify(path_generate/steven_gong/Raceline-Optimization) by extension 'python'
[2.642s] Level 1:colcon.colcon_core.package_identification:_identify(path_generate/steven_gong/Raceline-Optimization) by extensions ['python_setup_py']
[2.642s] Level 1:colcon.colcon_core.package_identification:_identify(path_generate/steven_gong/Raceline-Optimization) by extension 'python_setup_py'
[2.643s] Level 1:colcon.colcon_core.package_identification:_identify(path_generate/steven_gong/Raceline-Optimization/frictionmap) by extensions ['ignore', 'ignore_ament_install']
[2.643s] Level 1:colcon.colcon_core.package_identification:_identify(path_generate/steven_gong/Raceline-Optimization/frictionmap) by extension 'ignore'
[2.643s] Level 1:colcon.colcon_core.package_identification:_identify(path_generate/steven_gong/Raceline-Optimization/frictionmap) by extension 'ignore_ament_install'
[2.644s] Level 1:colcon.colcon_core.package_identification:_identify(path_generate/steven_gong/Raceline-Optimization/frictionmap) by extensions ['colcon_pkg']
[2.644s] Level 1:colcon.colcon_core.package_identification:_identify(path_generate/steven_gong/Raceline-Optimization/frictionmap) by extension 'colcon_pkg'
[2.644s] Level 1:colcon.colcon_core.package_identification:_identify(path_generate/steven_gong/Raceline-Optimization/frictionmap) by extensions ['colcon_meta']
[2.644s] Level 1:colcon.colcon_core.package_identification:_identify(path_generate/steven_gong/Raceline-Optimization/frictionmap) by extension 'colcon_meta'
[2.645s] Level 1:colcon.colcon_core.package_identification:_identify(path_generate/steven_gong/Raceline-Optimization/frictionmap) by extensions ['ros']
[2.645s] Level 1:colcon.colcon_core.package_identification:_identify(path_generate/steven_gong/Raceline-Optimization/frictionmap) by extension 'ros'
[2.645s] Level 1:colcon.colcon_core.package_identification:_identify(path_generate/steven_gong/Raceline-Optimization/frictionmap) by extensions ['cmake', 'python']
[2.646s] Level 1:colcon.colcon_core.package_identification:_identify(path_generate/steven_gong/Raceline-Optimization/frictionmap) by extension 'cmake'
[2.646s] Level 1:colcon.colcon_core.package_identification:_identify(path_generate/steven_gong/Raceline-Optimization/frictionmap) by extension 'python'
[2.646s] Level 1:colcon.colcon_core.package_identification:_identify(path_generate/steven_gong/Raceline-Optimization/frictionmap) by extensions ['python_setup_py']
[2.646s] Level 1:colcon.colcon_core.package_identification:_identify(path_generate/steven_gong/Raceline-Optimization/frictionmap) by extension 'python_setup_py'
[2.647s] Level 1:colcon.colcon_core.package_identification:_identify(path_generate/steven_gong/Raceline-Optimization/frictionmap/src) by extensions ['ignore', 'ignore_ament_install']
[2.647s] Level 1:colcon.colcon_core.package_identification:_identify(path_generate/steven_gong/Raceline-Optimization/frictionmap/src) by extension 'ignore'
[2.648s] Level 1:colcon.colcon_core.package_identification:_identify(path_generate/steven_gong/Raceline-Optimization/frictionmap/src) by extension 'ignore_ament_install'
[2.648s] Level 1:colcon.colcon_core.package_identification:_identify(path_generate/steven_gong/Raceline-Optimization/frictionmap/src) by extensions ['colcon_pkg']
[2.648s] Level 1:colcon.colcon_core.package_identification:_identify(path_generate/steven_gong/Raceline-Optimization/frictionmap/src) by extension 'colcon_pkg'
[2.648s] Level 1:colcon.colcon_core.package_identification:_identify(path_generate/steven_gong/Raceline-Optimization/frictionmap/src) by extensions ['colcon_meta']
[2.648s] Level 1:colcon.colcon_core.package_identification:_identify(path_generate/steven_gong/Raceline-Optimization/frictionmap/src) by extension 'colcon_meta'
[2.649s] Level 1:colcon.colcon_core.package_identification:_identify(path_generate/steven_gong/Raceline-Optimization/frictionmap/src) by extensions ['ros']
[2.649s] Level 1:colcon.colcon_core.package_identification:_identify(path_generate/steven_gong/Raceline-Optimization/frictionmap/src) by extension 'ros'
[2.649s] Level 1:colcon.colcon_core.package_identification:_identify(path_generate/steven_gong/Raceline-Optimization/frictionmap/src) by extensions ['cmake', 'python']
[2.650s] Level 1:colcon.colcon_core.package_identification:_identify(path_generate/steven_gong/Raceline-Optimization/frictionmap/src) by extension 'cmake'
[2.650s] Level 1:colcon.colcon_core.package_identification:_identify(path_generate/steven_gong/Raceline-Optimization/frictionmap/src) by extension 'python'
[2.650s] Level 1:colcon.colcon_core.package_identification:_identify(path_generate/steven_gong/Raceline-Optimization/frictionmap/src) by extensions ['python_setup_py']
[2.650s] Level 1:colcon.colcon_core.package_identification:_identify(path_generate/steven_gong/Raceline-Optimization/frictionmap/src) by extension 'python_setup_py'
[2.651s] Level 1:colcon.colcon_core.package_identification:_identify(path_generate/steven_gong/Raceline-Optimization/helper_funcs_glob) by extensions ['ignore', 'ignore_ament_install']
[2.651s] Level 1:colcon.colcon_core.package_identification:_identify(path_generate/steven_gong/Raceline-Optimization/helper_funcs_glob) by extension 'ignore'
[2.651s] Level 1:colcon.colcon_core.package_identification:_identify(path_generate/steven_gong/Raceline-Optimization/helper_funcs_glob) by extension 'ignore_ament_install'
[2.652s] Level 1:colcon.colcon_core.package_identification:_identify(path_generate/steven_gong/Raceline-Optimization/helper_funcs_glob) by extensions ['colcon_pkg']
[2.652s] Level 1:colcon.colcon_core.package_identification:_identify(path_generate/steven_gong/Raceline-Optimization/helper_funcs_glob) by extension 'colcon_pkg'
[2.652s] Level 1:colcon.colcon_core.package_identification:_identify(path_generate/steven_gong/Raceline-Optimization/helper_funcs_glob) by extensions ['colcon_meta']
[2.652s] Level 1:colcon.colcon_core.package_identification:_identify(path_generate/steven_gong/Raceline-Optimization/helper_funcs_glob) by extension 'colcon_meta'
[2.653s] Level 1:colcon.colcon_core.package_identification:_identify(path_generate/steven_gong/Raceline-Optimization/helper_funcs_glob) by extensions ['ros']
[2.653s] Level 1:colcon.colcon_core.package_identification:_identify(path_generate/steven_gong/Raceline-Optimization/helper_funcs_glob) by extension 'ros'
[2.653s] Level 1:colcon.colcon_core.package_identification:_identify(path_generate/steven_gong/Raceline-Optimization/helper_funcs_glob) by extensions ['cmake', 'python']
[2.653s] Level 1:colcon.colcon_core.package_identification:_identify(path_generate/steven_gong/Raceline-Optimization/helper_funcs_glob) by extension 'cmake'
[2.654s] Level 1:colcon.colcon_core.package_identification:_identify(path_generate/steven_gong/Raceline-Optimization/helper_funcs_glob) by extension 'python'
[2.654s] Level 1:colcon.colcon_core.package_identification:_identify(path_generate/steven_gong/Raceline-Optimization/helper_funcs_glob) by extensions ['python_setup_py']
[2.654s] Level 1:colcon.colcon_core.package_identification:_identify(path_generate/steven_gong/Raceline-Optimization/helper_funcs_glob) by extension 'python_setup_py'
[2.655s] Level 1:colcon.colcon_core.package_identification:_identify(path_generate/steven_gong/Raceline-Optimization/helper_funcs_glob/src) by extensions ['ignore', 'ignore_ament_install']
[2.655s] Level 1:colcon.colcon_core.package_identification:_identify(path_generate/steven_gong/Raceline-Optimization/helper_funcs_glob/src) by extension 'ignore'
[2.655s] Level 1:colcon.colcon_core.package_identification:_identify(path_generate/steven_gong/Raceline-Optimization/helper_funcs_glob/src) by extension 'ignore_ament_install'
[2.656s] Level 1:colcon.colcon_core.package_identification:_identify(path_generate/steven_gong/Raceline-Optimization/helper_funcs_glob/src) by extensions ['colcon_pkg']
[2.656s] Level 1:colcon.colcon_core.package_identification:_identify(path_generate/steven_gong/Raceline-Optimization/helper_funcs_glob/src) by extension 'colcon_pkg'
[2.656s] Level 1:colcon.colcon_core.package_identification:_identify(path_generate/steven_gong/Raceline-Optimization/helper_funcs_glob/src) by extensions ['colcon_meta']
[2.656s] Level 1:colcon.colcon_core.package_identification:_identify(path_generate/steven_gong/Raceline-Optimization/helper_funcs_glob/src) by extension 'colcon_meta'
[2.657s] Level 1:colcon.colcon_core.package_identification:_identify(path_generate/steven_gong/Raceline-Optimization/helper_funcs_glob/src) by extensions ['ros']
[2.657s] Level 1:colcon.colcon_core.package_identification:_identify(path_generate/steven_gong/Raceline-Optimization/helper_funcs_glob/src) by extension 'ros'
[2.657s] Level 1:colcon.colcon_core.package_identification:_identify(path_generate/steven_gong/Raceline-Optimization/helper_funcs_glob/src) by extensions ['cmake', 'python']
[2.657s] Level 1:colcon.colcon_core.package_identification:_identify(path_generate/steven_gong/Raceline-Optimization/helper_funcs_glob/src) by extension 'cmake'
[2.658s] Level 1:colcon.colcon_core.package_identification:_identify(path_generate/steven_gong/Raceline-Optimization/helper_funcs_glob/src) by extension 'python'
[2.658s] Level 1:colcon.colcon_core.package_identification:_identify(path_generate/steven_gong/Raceline-Optimization/helper_funcs_glob/src) by extensions ['python_setup_py']
[2.658s] Level 1:colcon.colcon_core.package_identification:_identify(path_generate/steven_gong/Raceline-Optimization/helper_funcs_glob/src) by extension 'python_setup_py'
[2.659s] Level 1:colcon.colcon_core.package_identification:_identify(path_generate/steven_gong/Raceline-Optimization/inputs) by extensions ['ignore', 'ignore_ament_install']
[2.659s] Level 1:colcon.colcon_core.package_identification:_identify(path_generate/steven_gong/Raceline-Optimization/inputs) by extension 'ignore'
[2.659s] Level 1:colcon.colcon_core.package_identification:_identify(path_generate/steven_gong/Raceline-Optimization/inputs) by extension 'ignore_ament_install'
[2.660s] Level 1:colcon.colcon_core.package_identification:_identify(path_generate/steven_gong/Raceline-Optimization/inputs) by extensions ['colcon_pkg']
[2.660s] Level 1:colcon.colcon_core.package_identification:_identify(path_generate/steven_gong/Raceline-Optimization/inputs) by extension 'colcon_pkg'
[2.660s] Level 1:colcon.colcon_core.package_identification:_identify(path_generate/steven_gong/Raceline-Optimization/inputs) by extensions ['colcon_meta']
[2.660s] Level 1:colcon.colcon_core.package_identification:_identify(path_generate/steven_gong/Raceline-Optimization/inputs) by extension 'colcon_meta'
[2.661s] Level 1:colcon.colcon_core.package_identification:_identify(path_generate/steven_gong/Raceline-Optimization/inputs) by extensions ['ros']
[2.661s] Level 1:colcon.colcon_core.package_identification:_identify(path_generate/steven_gong/Raceline-Optimization/inputs) by extension 'ros'
[2.661s] Level 1:colcon.colcon_core.package_identification:_identify(path_generate/steven_gong/Raceline-Optimization/inputs) by extensions ['cmake', 'python']
[2.661s] Level 1:colcon.colcon_core.package_identification:_identify(path_generate/steven_gong/Raceline-Optimization/inputs) by extension 'cmake'
[2.662s] Level 1:colcon.colcon_core.package_identification:_identify(path_generate/steven_gong/Raceline-Optimization/inputs) by extension 'python'
[2.662s] Level 1:colcon.colcon_core.package_identification:_identify(path_generate/steven_gong/Raceline-Optimization/inputs) by extensions ['python_setup_py']
[2.662s] Level 1:colcon.colcon_core.package_identification:_identify(path_generate/steven_gong/Raceline-Optimization/inputs) by extension 'python_setup_py'
[2.663s] Level 1:colcon.colcon_core.package_identification:_identify(path_generate/steven_gong/Raceline-Optimization/inputs/frictionmaps) by extensions ['ignore', 'ignore_ament_install']
[2.663s] Level 1:colcon.colcon_core.package_identification:_identify(path_generate/steven_gong/Raceline-Optimization/inputs/frictionmaps) by extension 'ignore'
[2.664s] Level 1:colcon.colcon_core.package_identification:_identify(path_generate/steven_gong/Raceline-Optimization/inputs/frictionmaps) by extension 'ignore_ament_install'
[2.664s] Level 1:colcon.colcon_core.package_identification:_identify(path_generate/steven_gong/Raceline-Optimization/inputs/frictionmaps) by extensions ['colcon_pkg']
[2.664s] Level 1:colcon.colcon_core.package_identification:_identify(path_generate/steven_gong/Raceline-Optimization/inputs/frictionmaps) by extension 'colcon_pkg'
[2.665s] Level 1:colcon.colcon_core.package_identification:_identify(path_generate/steven_gong/Raceline-Optimization/inputs/frictionmaps) by extensions ['colcon_meta']
[2.665s] Level 1:colcon.colcon_core.package_identification:_identify(path_generate/steven_gong/Raceline-Optimization/inputs/frictionmaps) by extension 'colcon_meta'
[2.665s] Level 1:colcon.colcon_core.package_identification:_identify(path_generate/steven_gong/Raceline-Optimization/inputs/frictionmaps) by extensions ['ros']
[2.666s] Level 1:colcon.colcon_core.package_identification:_identify(path_generate/steven_gong/Raceline-Optimization/inputs/frictionmaps) by extension 'ros'
[2.666s] Level 1:colcon.colcon_core.package_identification:_identify(path_generate/steven_gong/Raceline-Optimization/inputs/frictionmaps) by extensions ['cmake', 'python']
[2.667s] Level 1:colcon.colcon_core.package_identification:_identify(path_generate/steven_gong/Raceline-Optimization/inputs/frictionmaps) by extension 'cmake'
[2.667s] Level 1:colcon.colcon_core.package_identification:_identify(path_generate/steven_gong/Raceline-Optimization/inputs/frictionmaps) by extension 'python'
[2.667s] Level 1:colcon.colcon_core.package_identification:_identify(path_generate/steven_gong/Raceline-Optimization/inputs/frictionmaps) by extensions ['python_setup_py']
[2.668s] Level 1:colcon.colcon_core.package_identification:_identify(path_generate/steven_gong/Raceline-Optimization/inputs/frictionmaps) by extension 'python_setup_py'
[2.669s] Level 1:colcon.colcon_core.package_identification:_identify(path_generate/steven_gong/Raceline-Optimization/inputs/tracks) by extensions ['ignore', 'ignore_ament_install']
[2.671s] Level 1:colcon.colcon_core.package_identification:_identify(path_generate/steven_gong/Raceline-Optimization/inputs/tracks) by extension 'ignore'
[2.671s] Level 1:colcon.colcon_core.package_identification:_identify(path_generate/steven_gong/Raceline-Optimization/inputs/tracks) by extension 'ignore_ament_install'
[2.672s] Level 1:colcon.colcon_core.package_identification:_identify(path_generate/steven_gong/Raceline-Optimization/inputs/tracks) by extensions ['colcon_pkg']
[2.672s] Level 1:colcon.colcon_core.package_identification:_identify(path_generate/steven_gong/Raceline-Optimization/inputs/tracks) by extension 'colcon_pkg'
[2.672s] Level 1:colcon.colcon_core.package_identification:_identify(path_generate/steven_gong/Raceline-Optimization/inputs/tracks) by extensions ['colcon_meta']
[2.673s] Level 1:colcon.colcon_core.package_identification:_identify(path_generate/steven_gong/Raceline-Optimization/inputs/tracks) by extension 'colcon_meta'
[2.673s] Level 1:colcon.colcon_core.package_identification:_identify(path_generate/steven_gong/Raceline-Optimization/inputs/tracks) by extensions ['ros']
[2.673s] Level 1:colcon.colcon_core.package_identification:_identify(path_generate/steven_gong/Raceline-Optimization/inputs/tracks) by extension 'ros'
[2.674s] Level 1:colcon.colcon_core.package_identification:_identify(path_generate/steven_gong/Raceline-Optimization/inputs/tracks) by extensions ['cmake', 'python']
[2.674s] Level 1:colcon.colcon_core.package_identification:_identify(path_generate/steven_gong/Raceline-Optimization/inputs/tracks) by extension 'cmake'
[2.675s] Level 1:colcon.colcon_core.package_identification:_identify(path_generate/steven_gong/Raceline-Optimization/inputs/tracks) by extension 'python'
[2.675s] Level 1:colcon.colcon_core.package_identification:_identify(path_generate/steven_gong/Raceline-Optimization/inputs/tracks) by extensions ['python_setup_py']
[2.675s] Level 1:colcon.colcon_core.package_identification:_identify(path_generate/steven_gong/Raceline-Optimization/inputs/tracks) by extension 'python_setup_py'
[2.676s] Level 1:colcon.colcon_core.package_identification:_identify(path_generate/steven_gong/Raceline-Optimization/inputs/veh_dyn_info) by extensions ['ignore', 'ignore_ament_install']
[2.676s] Level 1:colcon.colcon_core.package_identification:_identify(path_generate/steven_gong/Raceline-Optimization/inputs/veh_dyn_info) by extension 'ignore'
[2.677s] Level 1:colcon.colcon_core.package_identification:_identify(path_generate/steven_gong/Raceline-Optimization/inputs/veh_dyn_info) by extension 'ignore_ament_install'
[2.677s] Level 1:colcon.colcon_core.package_identification:_identify(path_generate/steven_gong/Raceline-Optimization/inputs/veh_dyn_info) by extensions ['colcon_pkg']
[2.677s] Level 1:colcon.colcon_core.package_identification:_identify(path_generate/steven_gong/Raceline-Optimization/inputs/veh_dyn_info) by extension 'colcon_pkg'
[2.677s] Level 1:colcon.colcon_core.package_identification:_identify(path_generate/steven_gong/Raceline-Optimization/inputs/veh_dyn_info) by extensions ['colcon_meta']
[2.677s] Level 1:colcon.colcon_core.package_identification:_identify(path_generate/steven_gong/Raceline-Optimization/inputs/veh_dyn_info) by extension 'colcon_meta'
[2.678s] Level 1:colcon.colcon_core.package_identification:_identify(path_generate/steven_gong/Raceline-Optimization/inputs/veh_dyn_info) by extensions ['ros']
[2.678s] Level 1:colcon.colcon_core.package_identification:_identify(path_generate/steven_gong/Raceline-Optimization/inputs/veh_dyn_info) by extension 'ros'
[2.679s] Level 1:colcon.colcon_core.package_identification:_identify(path_generate/steven_gong/Raceline-Optimization/inputs/veh_dyn_info) by extensions ['cmake', 'python']
[2.679s] Level 1:colcon.colcon_core.package_identification:_identify(path_generate/steven_gong/Raceline-Optimization/inputs/veh_dyn_info) by extension 'cmake'
[2.679s] Level 1:colcon.colcon_core.package_identification:_identify(path_generate/steven_gong/Raceline-Optimization/inputs/veh_dyn_info) by extension 'python'
[2.679s] Level 1:colcon.colcon_core.package_identification:_identify(path_generate/steven_gong/Raceline-Optimization/inputs/veh_dyn_info) by extensions ['python_setup_py']
[2.679s] Level 1:colcon.colcon_core.package_identification:_identify(path_generate/steven_gong/Raceline-Optimization/inputs/veh_dyn_info) by extension 'python_setup_py'
[2.680s] Level 1:colcon.colcon_core.package_identification:_identify(path_generate/steven_gong/Raceline-Optimization/maps) by extensions ['ignore', 'ignore_ament_install']
[2.681s] Level 1:colcon.colcon_core.package_identification:_identify(path_generate/steven_gong/Raceline-Optimization/maps) by extension 'ignore'
[2.681s] Level 1:colcon.colcon_core.package_identification:_identify(path_generate/steven_gong/Raceline-Optimization/maps) by extension 'ignore_ament_install'
[2.681s] Level 1:colcon.colcon_core.package_identification:_identify(path_generate/steven_gong/Raceline-Optimization/maps) by extensions ['colcon_pkg']
[2.681s] Level 1:colcon.colcon_core.package_identification:_identify(path_generate/steven_gong/Raceline-Optimization/maps) by extension 'colcon_pkg'
[2.682s] Level 1:colcon.colcon_core.package_identification:_identify(path_generate/steven_gong/Raceline-Optimization/maps) by extensions ['colcon_meta']
[2.682s] Level 1:colcon.colcon_core.package_identification:_identify(path_generate/steven_gong/Raceline-Optimization/maps) by extension 'colcon_meta'
[2.682s] Level 1:colcon.colcon_core.package_identification:_identify(path_generate/steven_gong/Raceline-Optimization/maps) by extensions ['ros']
[2.682s] Level 1:colcon.colcon_core.package_identification:_identify(path_generate/steven_gong/Raceline-Optimization/maps) by extension 'ros'
[2.683s] Level 1:colcon.colcon_core.package_identification:_identify(path_generate/steven_gong/Raceline-Optimization/maps) by extensions ['cmake', 'python']
[2.683s] Level 1:colcon.colcon_core.package_identification:_identify(path_generate/steven_gong/Raceline-Optimization/maps) by extension 'cmake'
[2.683s] Level 1:colcon.colcon_core.package_identification:_identify(path_generate/steven_gong/Raceline-Optimization/maps) by extension 'python'
[2.683s] Level 1:colcon.colcon_core.package_identification:_identify(path_generate/steven_gong/Raceline-Optimization/maps) by extensions ['python_setup_py']
[2.684s] Level 1:colcon.colcon_core.package_identification:_identify(path_generate/steven_gong/Raceline-Optimization/maps) by extension 'python_setup_py'
[2.684s] Level 1:colcon.colcon_core.package_identification:_identify(path_generate/steven_gong/Raceline-Optimization/opt_mintime_traj) by extensions ['ignore', 'ignore_ament_install']
[2.685s] Level 1:colcon.colcon_core.package_identification:_identify(path_generate/steven_gong/Raceline-Optimization/opt_mintime_traj) by extension 'ignore'
[2.685s] Level 1:colcon.colcon_core.package_identification:_identify(path_generate/steven_gong/Raceline-Optimization/opt_mintime_traj) by extension 'ignore_ament_install'
[2.685s] Level 1:colcon.colcon_core.package_identification:_identify(path_generate/steven_gong/Raceline-Optimization/opt_mintime_traj) by extensions ['colcon_pkg']
[2.685s] Level 1:colcon.colcon_core.package_identification:_identify(path_generate/steven_gong/Raceline-Optimization/opt_mintime_traj) by extension 'colcon_pkg'
[2.685s] Level 1:colcon.colcon_core.package_identification:_identify(path_generate/steven_gong/Raceline-Optimization/opt_mintime_traj) by extensions ['colcon_meta']
[2.686s] Level 1:colcon.colcon_core.package_identification:_identify(path_generate/steven_gong/Raceline-Optimization/opt_mintime_traj) by extension 'colcon_meta'
[2.686s] Level 1:colcon.colcon_core.package_identification:_identify(path_generate/steven_gong/Raceline-Optimization/opt_mintime_traj) by extensions ['ros']
[2.686s] Level 1:colcon.colcon_core.package_identification:_identify(path_generate/steven_gong/Raceline-Optimization/opt_mintime_traj) by extension 'ros'
[2.687s] Level 1:colcon.colcon_core.package_identification:_identify(path_generate/steven_gong/Raceline-Optimization/opt_mintime_traj) by extensions ['cmake', 'python']
[2.687s] Level 1:colcon.colcon_core.package_identification:_identify(path_generate/steven_gong/Raceline-Optimization/opt_mintime_traj) by extension 'cmake'
[2.687s] Level 1:colcon.colcon_core.package_identification:_identify(path_generate/steven_gong/Raceline-Optimization/opt_mintime_traj) by extension 'python'
[2.687s] Level 1:colcon.colcon_core.package_identification:_identify(path_generate/steven_gong/Raceline-Optimization/opt_mintime_traj) by extensions ['python_setup_py']
[2.687s] Level 1:colcon.colcon_core.package_identification:_identify(path_generate/steven_gong/Raceline-Optimization/opt_mintime_traj) by extension 'python_setup_py'
[2.688s] Level 1:colcon.colcon_core.package_identification:_identify(path_generate/steven_gong/Raceline-Optimization/opt_mintime_traj/powertrain_src) by extensions ['ignore', 'ignore_ament_install']
[2.688s] Level 1:colcon.colcon_core.package_identification:_identify(path_generate/steven_gong/Raceline-Optimization/opt_mintime_traj/powertrain_src) by extension 'ignore'
[2.689s] Level 1:colcon.colcon_core.package_identification:_identify(path_generate/steven_gong/Raceline-Optimization/opt_mintime_traj/powertrain_src) by extension 'ignore_ament_install'
[2.689s] Level 1:colcon.colcon_core.package_identification:_identify(path_generate/steven_gong/Raceline-Optimization/opt_mintime_traj/powertrain_src) by extensions ['colcon_pkg']
[2.689s] Level 1:colcon.colcon_core.package_identification:_identify(path_generate/steven_gong/Raceline-Optimization/opt_mintime_traj/powertrain_src) by extension 'colcon_pkg'
[2.689s] Level 1:colcon.colcon_core.package_identification:_identify(path_generate/steven_gong/Raceline-Optimization/opt_mintime_traj/powertrain_src) by extensions ['colcon_meta']
[2.690s] Level 1:colcon.colcon_core.package_identification:_identify(path_generate/steven_gong/Raceline-Optimization/opt_mintime_traj/powertrain_src) by extension 'colcon_meta'
[2.690s] Level 1:colcon.colcon_core.package_identification:_identify(path_generate/steven_gong/Raceline-Optimization/opt_mintime_traj/powertrain_src) by extensions ['ros']
[2.690s] Level 1:colcon.colcon_core.package_identification:_identify(path_generate/steven_gong/Raceline-Optimization/opt_mintime_traj/powertrain_src) by extension 'ros'
[2.691s] Level 1:colcon.colcon_core.package_identification:_identify(path_generate/steven_gong/Raceline-Optimization/opt_mintime_traj/powertrain_src) by extensions ['cmake', 'python']
[2.691s] Level 1:colcon.colcon_core.package_identification:_identify(path_generate/steven_gong/Raceline-Optimization/opt_mintime_traj/powertrain_src) by extension 'cmake'
[2.691s] Level 1:colcon.colcon_core.package_identification:_identify(path_generate/steven_gong/Raceline-Optimization/opt_mintime_traj/powertrain_src) by extension 'python'
[2.691s] Level 1:colcon.colcon_core.package_identification:_identify(path_generate/steven_gong/Raceline-Optimization/opt_mintime_traj/powertrain_src) by extensions ['python_setup_py']
[2.691s] Level 1:colcon.colcon_core.package_identification:_identify(path_generate/steven_gong/Raceline-Optimization/opt_mintime_traj/powertrain_src) by extension 'python_setup_py'
[2.692s] Level 1:colcon.colcon_core.package_identification:_identify(path_generate/steven_gong/Raceline-Optimization/opt_mintime_traj/powertrain_src/src) by extensions ['ignore', 'ignore_ament_install']
[2.692s] Level 1:colcon.colcon_core.package_identification:_identify(path_generate/steven_gong/Raceline-Optimization/opt_mintime_traj/powertrain_src/src) by extension 'ignore'
[2.693s] Level 1:colcon.colcon_core.package_identification:_identify(path_generate/steven_gong/Raceline-Optimization/opt_mintime_traj/powertrain_src/src) by extension 'ignore_ament_install'
[2.693s] Level 1:colcon.colcon_core.package_identification:_identify(path_generate/steven_gong/Raceline-Optimization/opt_mintime_traj/powertrain_src/src) by extensions ['colcon_pkg']
[2.693s] Level 1:colcon.colcon_core.package_identification:_identify(path_generate/steven_gong/Raceline-Optimization/opt_mintime_traj/powertrain_src/src) by extension 'colcon_pkg'
[2.693s] Level 1:colcon.colcon_core.package_identification:_identify(path_generate/steven_gong/Raceline-Optimization/opt_mintime_traj/powertrain_src/src) by extensions ['colcon_meta']
[2.694s] Level 1:colcon.colcon_core.package_identification:_identify(path_generate/steven_gong/Raceline-Optimization/opt_mintime_traj/powertrain_src/src) by extension 'colcon_meta'
[2.694s] Level 1:colcon.colcon_core.package_identification:_identify(path_generate/steven_gong/Raceline-Optimization/opt_mintime_traj/powertrain_src/src) by extensions ['ros']
[2.694s] Level 1:colcon.colcon_core.package_identification:_identify(path_generate/steven_gong/Raceline-Optimization/opt_mintime_traj/powertrain_src/src) by extension 'ros'
[2.695s] Level 1:colcon.colcon_core.package_identification:_identify(path_generate/steven_gong/Raceline-Optimization/opt_mintime_traj/powertrain_src/src) by extensions ['cmake', 'python']
[2.695s] Level 1:colcon.colcon_core.package_identification:_identify(path_generate/steven_gong/Raceline-Optimization/opt_mintime_traj/powertrain_src/src) by extension 'cmake'
[2.695s] Level 1:colcon.colcon_core.package_identification:_identify(path_generate/steven_gong/Raceline-Optimization/opt_mintime_traj/powertrain_src/src) by extension 'python'
[2.695s] Level 1:colcon.colcon_core.package_identification:_identify(path_generate/steven_gong/Raceline-Optimization/opt_mintime_traj/powertrain_src/src) by extensions ['python_setup_py']
[2.695s] Level 1:colcon.colcon_core.package_identification:_identify(path_generate/steven_gong/Raceline-Optimization/opt_mintime_traj/powertrain_src/src) by extension 'python_setup_py'
[2.696s] Level 1:colcon.colcon_core.package_identification:_identify(path_generate/steven_gong/Raceline-Optimization/opt_mintime_traj/src) by extensions ['ignore', 'ignore_ament_install']
[2.696s] Level 1:colcon.colcon_core.package_identification:_identify(path_generate/steven_gong/Raceline-Optimization/opt_mintime_traj/src) by extension 'ignore'
[2.697s] Level 1:colcon.colcon_core.package_identification:_identify(path_generate/steven_gong/Raceline-Optimization/opt_mintime_traj/src) by extension 'ignore_ament_install'
[2.697s] Level 1:colcon.colcon_core.package_identification:_identify(path_generate/steven_gong/Raceline-Optimization/opt_mintime_traj/src) by extensions ['colcon_pkg']
[2.697s] Level 1:colcon.colcon_core.package_identification:_identify(path_generate/steven_gong/Raceline-Optimization/opt_mintime_traj/src) by extension 'colcon_pkg'
[2.697s] Level 1:colcon.colcon_core.package_identification:_identify(path_generate/steven_gong/Raceline-Optimization/opt_mintime_traj/src) by extensions ['colcon_meta']
[2.698s] Level 1:colcon.colcon_core.package_identification:_identify(path_generate/steven_gong/Raceline-Optimization/opt_mintime_traj/src) by extension 'colcon_meta'
[2.698s] Level 1:colcon.colcon_core.package_identification:_identify(path_generate/steven_gong/Raceline-Optimization/opt_mintime_traj/src) by extensions ['ros']
[2.698s] Level 1:colcon.colcon_core.package_identification:_identify(path_generate/steven_gong/Raceline-Optimization/opt_mintime_traj/src) by extension 'ros'
[2.699s] Level 1:colcon.colcon_core.package_identification:_identify(path_generate/steven_gong/Raceline-Optimization/opt_mintime_traj/src) by extensions ['cmake', 'python']
[2.699s] Level 1:colcon.colcon_core.package_identification:_identify(path_generate/steven_gong/Raceline-Optimization/opt_mintime_traj/src) by extension 'cmake'
[2.699s] Level 1:colcon.colcon_core.package_identification:_identify(path_generate/steven_gong/Raceline-Optimization/opt_mintime_traj/src) by extension 'python'
[2.699s] Level 1:colcon.colcon_core.package_identification:_identify(path_generate/steven_gong/Raceline-Optimization/opt_mintime_traj/src) by extensions ['python_setup_py']
[2.699s] Level 1:colcon.colcon_core.package_identification:_identify(path_generate/steven_gong/Raceline-Optimization/opt_mintime_traj/src) by extension 'python_setup_py'
[2.700s] Level 1:colcon.colcon_core.package_identification:_identify(path_generate/steven_gong/Raceline-Optimization/params) by extensions ['ignore', 'ignore_ament_install']
[2.700s] Level 1:colcon.colcon_core.package_identification:_identify(path_generate/steven_gong/Raceline-Optimization/params) by extension 'ignore'
[2.701s] Level 1:colcon.colcon_core.package_identification:_identify(path_generate/steven_gong/Raceline-Optimization/params) by extension 'ignore_ament_install'
[2.701s] Level 1:colcon.colcon_core.package_identification:_identify(path_generate/steven_gong/Raceline-Optimization/params) by extensions ['colcon_pkg']
[2.701s] Level 1:colcon.colcon_core.package_identification:_identify(path_generate/steven_gong/Raceline-Optimization/params) by extension 'colcon_pkg'
[2.701s] Level 1:colcon.colcon_core.package_identification:_identify(path_generate/steven_gong/Raceline-Optimization/params) by extensions ['colcon_meta']
[2.702s] Level 1:colcon.colcon_core.package_identification:_identify(path_generate/steven_gong/Raceline-Optimization/params) by extension 'colcon_meta'
[2.702s] Level 1:colcon.colcon_core.package_identification:_identify(path_generate/steven_gong/Raceline-Optimization/params) by extensions ['ros']
[2.702s] Level 1:colcon.colcon_core.package_identification:_identify(path_generate/steven_gong/Raceline-Optimization/params) by extension 'ros'
[2.703s] Level 1:colcon.colcon_core.package_identification:_identify(path_generate/steven_gong/Raceline-Optimization/params) by extensions ['cmake', 'python']
[2.703s] Level 1:colcon.colcon_core.package_identification:_identify(path_generate/steven_gong/Raceline-Optimization/params) by extension 'cmake'
[2.703s] Level 1:colcon.colcon_core.package_identification:_identify(path_generate/steven_gong/Raceline-Optimization/params) by extension 'python'
[2.704s] Level 1:colcon.colcon_core.package_identification:_identify(path_generate/steven_gong/Raceline-Optimization/params) by extensions ['python_setup_py']
[2.704s] Level 1:colcon.colcon_core.package_identification:_identify(path_generate/steven_gong/Raceline-Optimization/params) by extension 'python_setup_py'
[2.705s] Level 1:colcon.colcon_core.package_identification:_identify(src) by extensions ['ignore', 'ignore_ament_install']
[2.705s] Level 1:colcon.colcon_core.package_identification:_identify(src) by extension 'ignore'
[2.705s] Level 1:colcon.colcon_core.package_identification:_identify(src) by extension 'ignore_ament_install'
[2.706s] Level 1:colcon.colcon_core.package_identification:_identify(src) by extensions ['colcon_pkg']
[2.706s] Level 1:colcon.colcon_core.package_identification:_identify(src) by extension 'colcon_pkg'
[2.706s] Level 1:colcon.colcon_core.package_identification:_identify(src) by extensions ['colcon_meta']
[2.706s] Level 1:colcon.colcon_core.package_identification:_identify(src) by extension 'colcon_meta'
[2.707s] Level 1:colcon.colcon_core.package_identification:_identify(src) by extensions ['ros']
[2.707s] Level 1:colcon.colcon_core.package_identification:_identify(src) by extension 'ros'
[2.707s] Level 1:colcon.colcon_core.package_identification:_identify(src) by extensions ['cmake', 'python']
[2.708s] Level 1:colcon.colcon_core.package_identification:_identify(src) by extension 'cmake'
[2.708s] Level 1:colcon.colcon_core.package_identification:_identify(src) by extension 'python'
[2.708s] Level 1:colcon.colcon_core.package_identification:_identify(src) by extensions ['python_setup_py']
[2.708s] Level 1:colcon.colcon_core.package_identification:_identify(src) by extension 'python_setup_py'
[2.709s] Level 1:colcon.colcon_core.package_identification:_identify(src/build) by extensions ['ignore', 'ignore_ament_install']
[2.709s] Level 1:colcon.colcon_core.package_identification:_identify(src/build) by extension 'ignore'
[2.710s] Level 1:colcon.colcon_core.package_identification:_identify(src/build) ignored
[2.711s] Level 1:colcon.colcon_core.package_identification:_identify(src/center_follow_cpp) by extensions ['ignore', 'ignore_ament_install']
[2.711s] Level 1:colcon.colcon_core.package_identification:_identify(src/center_follow_cpp) by extension 'ignore'
[2.712s] Level 1:colcon.colcon_core.package_identification:_identify(src/center_follow_cpp) by extension 'ignore_ament_install'
[2.712s] Level 1:colcon.colcon_core.package_identification:_identify(src/center_follow_cpp) by extensions ['colcon_pkg']
[2.712s] Level 1:colcon.colcon_core.package_identification:_identify(src/center_follow_cpp) by extension 'colcon_pkg'
[2.713s] Level 1:colcon.colcon_core.package_identification:_identify(src/center_follow_cpp) by extensions ['colcon_meta']
[2.713s] Level 1:colcon.colcon_core.package_identification:_identify(src/center_follow_cpp) by extension 'colcon_meta'
[2.713s] Level 1:colcon.colcon_core.package_identification:_identify(src/center_follow_cpp) by extensions ['ros']
[2.713s] Level 1:colcon.colcon_core.package_identification:_identify(src/center_follow_cpp) by extension 'ros'
[2.732s] DEBUG:colcon.colcon_core.package_identification:Package 'src/center_follow_cpp' with type 'ros.ament_cmake' and name 'center_follow_cpp'
[2.733s] Level 1:colcon.colcon_core.package_identification:_identify(src/f1tenth_slam_nav) by extensions ['ignore', 'ignore_ament_install']
[2.734s] Level 1:colcon.colcon_core.package_identification:_identify(src/f1tenth_slam_nav) by extension 'ignore'
[2.734s] Level 1:colcon.colcon_core.package_identification:_identify(src/f1tenth_slam_nav) by extension 'ignore_ament_install'
[2.735s] Level 1:colcon.colcon_core.package_identification:_identify(src/f1tenth_slam_nav) by extensions ['colcon_pkg']
[2.735s] Level 1:colcon.colcon_core.package_identification:_identify(src/f1tenth_slam_nav) by extension 'colcon_pkg'
[2.735s] Level 1:colcon.colcon_core.package_identification:_identify(src/f1tenth_slam_nav) by extensions ['colcon_meta']
[2.735s] Level 1:colcon.colcon_core.package_identification:_identify(src/f1tenth_slam_nav) by extension 'colcon_meta'
[2.736s] Level 1:colcon.colcon_core.package_identification:_identify(src/f1tenth_slam_nav) by extensions ['ros']
[2.736s] Level 1:colcon.colcon_core.package_identification:_identify(src/f1tenth_slam_nav) by extension 'ros'
[2.748s] DEBUG:colcon.colcon_core.package_identification:Package 'src/f1tenth_slam_nav' with type 'ros.ament_cmake' and name 'f1tenth_slam_nav'
[2.749s] Level 1:colcon.colcon_core.package_identification:_identify(src/f1tenth_system) by extensions ['ignore', 'ignore_ament_install']
[2.750s] Level 1:colcon.colcon_core.package_identification:_identify(src/f1tenth_system) by extension 'ignore'
[2.750s] Level 1:colcon.colcon_core.package_identification:_identify(src/f1tenth_system) by extension 'ignore_ament_install'
[2.750s] Level 1:colcon.colcon_core.package_identification:_identify(src/f1tenth_system) by extensions ['colcon_pkg']
[2.751s] Level 1:colcon.colcon_core.package_identification:_identify(src/f1tenth_system) by extension 'colcon_pkg'
[2.751s] Level 1:colcon.colcon_core.package_identification:_identify(src/f1tenth_system) by extensions ['colcon_meta']
[2.751s] Level 1:colcon.colcon_core.package_identification:_identify(src/f1tenth_system) by extension 'colcon_meta'
[2.751s] Level 1:colcon.colcon_core.package_identification:_identify(src/f1tenth_system) by extensions ['ros']
[2.752s] Level 1:colcon.colcon_core.package_identification:_identify(src/f1tenth_system) by extension 'ros'
[2.752s] Level 1:colcon.colcon_core.package_identification:_identify(src/f1tenth_system) by extensions ['cmake', 'python']
[2.752s] Level 1:colcon.colcon_core.package_identification:_identify(src/f1tenth_system) by extension 'cmake'
[2.752s] Level 1:colcon.colcon_core.package_identification:_identify(src/f1tenth_system) by extension 'python'
[2.753s] Level 1:colcon.colcon_core.package_identification:_identify(src/f1tenth_system) by extensions ['python_setup_py']
[2.753s] Level 1:colcon.colcon_core.package_identification:_identify(src/f1tenth_system) by extension 'python_setup_py'
[2.754s] Level 1:colcon.colcon_core.package_identification:_identify(src/f1tenth_system/ackermann_mux) by extensions ['ignore', 'ignore_ament_install']
[2.754s] Level 1:colcon.colcon_core.package_identification:_identify(src/f1tenth_system/ackermann_mux) by extension 'ignore'
[2.754s] Level 1:colcon.colcon_core.package_identification:_identify(src/f1tenth_system/ackermann_mux) by extension 'ignore_ament_install'
[2.755s] Level 1:colcon.colcon_core.package_identification:_identify(src/f1tenth_system/ackermann_mux) by extensions ['colcon_pkg']
[2.755s] Level 1:colcon.colcon_core.package_identification:_identify(src/f1tenth_system/ackermann_mux) by extension 'colcon_pkg'
[2.755s] Level 1:colcon.colcon_core.package_identification:_identify(src/f1tenth_system/ackermann_mux) by extensions ['colcon_meta']
[2.755s] Level 1:colcon.colcon_core.package_identification:_identify(src/f1tenth_system/ackermann_mux) by extension 'colcon_meta'
[2.756s] Level 1:colcon.colcon_core.package_identification:_identify(src/f1tenth_system/ackermann_mux) by extensions ['ros']
[2.756s] Level 1:colcon.colcon_core.package_identification:_identify(src/f1tenth_system/ackermann_mux) by extension 'ros'
[2.761s] DEBUG:colcon.colcon_core.package_identification:Package 'src/f1tenth_system/ackermann_mux' with type 'ros.ament_cmake' and name 'ackermann_mux'
[2.761s] Level 1:colcon.colcon_core.package_identification:_identify(src/f1tenth_system/f1tenth_stack) by extensions ['ignore', 'ignore_ament_install']
[2.762s] Level 1:colcon.colcon_core.package_identification:_identify(src/f1tenth_system/f1tenth_stack) by extension 'ignore'
[2.762s] Level 1:colcon.colcon_core.package_identification:_identify(src/f1tenth_system/f1tenth_stack) by extension 'ignore_ament_install'
[2.762s] Level 1:colcon.colcon_core.package_identification:_identify(src/f1tenth_system/f1tenth_stack) by extensions ['colcon_pkg']
[2.763s] Level 1:colcon.colcon_core.package_identification:_identify(src/f1tenth_system/f1tenth_stack) by extension 'colcon_pkg'
[2.763s] Level 1:colcon.colcon_core.package_identification:_identify(src/f1tenth_system/f1tenth_stack) by extensions ['colcon_meta']
[2.763s] Level 1:colcon.colcon_core.package_identification:_identify(src/f1tenth_system/f1tenth_stack) by extension 'colcon_meta'
[2.763s] Level 1:colcon.colcon_core.package_identification:_identify(src/f1tenth_system/f1tenth_stack) by extensions ['ros']
[2.764s] Level 1:colcon.colcon_core.package_identification:_identify(src/f1tenth_system/f1tenth_stack) by extension 'ros'
[2.770s] DEBUG:colcon.colcon_core.package_identification:Package 'src/f1tenth_system/f1tenth_stack' with type 'ros.ament_python' and name 'f1tenth_stack'
[2.771s] Level 1:colcon.colcon_core.package_identification:_identify(src/f1tenth_system/scripts) by extensions ['ignore', 'ignore_ament_install']
[2.772s] Level 1:colcon.colcon_core.package_identification:_identify(src/f1tenth_system/scripts) by extension 'ignore'
[2.772s] Level 1:colcon.colcon_core.package_identification:_identify(src/f1tenth_system/scripts) by extension 'ignore_ament_install'
[2.772s] Level 1:colcon.colcon_core.package_identification:_identify(src/f1tenth_system/scripts) by extensions ['colcon_pkg']
[2.773s] Level 1:colcon.colcon_core.package_identification:_identify(src/f1tenth_system/scripts) by extension 'colcon_pkg'
[2.773s] Level 1:colcon.colcon_core.package_identification:_identify(src/f1tenth_system/scripts) by extensions ['colcon_meta']
[2.773s] Level 1:colcon.colcon_core.package_identification:_identify(src/f1tenth_system/scripts) by extension 'colcon_meta'
[2.773s] Level 1:colcon.colcon_core.package_identification:_identify(src/f1tenth_system/scripts) by extensions ['ros']
[2.774s] Level 1:colcon.colcon_core.package_identification:_identify(src/f1tenth_system/scripts) by extension 'ros'
[2.774s] Level 1:colcon.colcon_core.package_identification:_identify(src/f1tenth_system/scripts) by extensions ['cmake', 'python']
[2.774s] Level 1:colcon.colcon_core.package_identification:_identify(src/f1tenth_system/scripts) by extension 'cmake'
[2.775s] Level 1:colcon.colcon_core.package_identification:_identify(src/f1tenth_system/scripts) by extension 'python'
[2.775s] Level 1:colcon.colcon_core.package_identification:_identify(src/f1tenth_system/scripts) by extensions ['python_setup_py']
[2.775s] Level 1:colcon.colcon_core.package_identification:_identify(src/f1tenth_system/scripts) by extension 'python_setup_py'
[2.776s] Level 1:colcon.colcon_core.package_identification:_identify(src/f1tenth_system/teleop_tools) by extensions ['ignore', 'ignore_ament_install']
[2.776s] Level 1:colcon.colcon_core.package_identification:_identify(src/f1tenth_system/teleop_tools) by extension 'ignore'
[2.776s] Level 1:colcon.colcon_core.package_identification:_identify(src/f1tenth_system/teleop_tools) by extension 'ignore_ament_install'
[2.777s] Level 1:colcon.colcon_core.package_identification:_identify(src/f1tenth_system/teleop_tools) by extensions ['colcon_pkg']
[2.777s] Level 1:colcon.colcon_core.package_identification:_identify(src/f1tenth_system/teleop_tools) by extension 'colcon_pkg'
[2.777s] Level 1:colcon.colcon_core.package_identification:_identify(src/f1tenth_system/teleop_tools) by extensions ['colcon_meta']
[2.777s] Level 1:colcon.colcon_core.package_identification:_identify(src/f1tenth_system/teleop_tools) by extension 'colcon_meta'
[2.778s] Level 1:colcon.colcon_core.package_identification:_identify(src/f1tenth_system/teleop_tools) by extensions ['ros']
[2.778s] Level 1:colcon.colcon_core.package_identification:_identify(src/f1tenth_system/teleop_tools) by extension 'ros'
[2.778s] Level 1:colcon.colcon_core.package_identification:_identify(src/f1tenth_system/teleop_tools) by extensions ['cmake', 'python']
[2.778s] Level 1:colcon.colcon_core.package_identification:_identify(src/f1tenth_system/teleop_tools) by extension 'cmake'
[2.779s] Level 1:colcon.colcon_core.package_identification:_identify(src/f1tenth_system/teleop_tools) by extension 'python'
[2.779s] Level 1:colcon.colcon_core.package_identification:_identify(src/f1tenth_system/teleop_tools) by extensions ['python_setup_py']
[2.779s] Level 1:colcon.colcon_core.package_identification:_identify(src/f1tenth_system/teleop_tools) by extension 'python_setup_py'
[2.780s] Level 1:colcon.colcon_core.package_identification:_identify(src/f1tenth_system/teleop_tools/joy_teleop) by extensions ['ignore', 'ignore_ament_install']
[2.780s] Level 1:colcon.colcon_core.package_identification:_identify(src/f1tenth_system/teleop_tools/joy_teleop) by extension 'ignore'
[2.780s] Level 1:colcon.colcon_core.package_identification:_identify(src/f1tenth_system/teleop_tools/joy_teleop) by extension 'ignore_ament_install'
[2.781s] Level 1:colcon.colcon_core.package_identification:_identify(src/f1tenth_system/teleop_tools/joy_teleop) by extensions ['colcon_pkg']
[2.781s] Level 1:colcon.colcon_core.package_identification:_identify(src/f1tenth_system/teleop_tools/joy_teleop) by extension 'colcon_pkg'
[2.781s] Level 1:colcon.colcon_core.package_identification:_identify(src/f1tenth_system/teleop_tools/joy_teleop) by extensions ['colcon_meta']
[2.781s] Level 1:colcon.colcon_core.package_identification:_identify(src/f1tenth_system/teleop_tools/joy_teleop) by extension 'colcon_meta'
[2.782s] Level 1:colcon.colcon_core.package_identification:_identify(src/f1tenth_system/teleop_tools/joy_teleop) by extensions ['ros']
[2.782s] Level 1:colcon.colcon_core.package_identification:_identify(src/f1tenth_system/teleop_tools/joy_teleop) by extension 'ros'
[2.786s] DEBUG:colcon.colcon_core.package_identification:Package 'src/f1tenth_system/teleop_tools/joy_teleop' with type 'ros.ament_python' and name 'joy_teleop'
[2.786s] Level 1:colcon.colcon_core.package_identification:_identify(src/f1tenth_system/teleop_tools/key_teleop) by extensions ['ignore', 'ignore_ament_install']
[2.787s] Level 1:colcon.colcon_core.package_identification:_identify(src/f1tenth_system/teleop_tools/key_teleop) by extension 'ignore'
[2.787s] Level 1:colcon.colcon_core.package_identification:_identify(src/f1tenth_system/teleop_tools/key_teleop) by extension 'ignore_ament_install'
[2.787s] Level 1:colcon.colcon_core.package_identification:_identify(src/f1tenth_system/teleop_tools/key_teleop) by extensions ['colcon_pkg']
[2.788s] Level 1:colcon.colcon_core.package_identification:_identify(src/f1tenth_system/teleop_tools/key_teleop) by extension 'colcon_pkg'
[2.788s] Level 1:colcon.colcon_core.package_identification:_identify(src/f1tenth_system/teleop_tools/key_teleop) by extensions ['colcon_meta']
[2.788s] Level 1:colcon.colcon_core.package_identification:_identify(src/f1tenth_system/teleop_tools/key_teleop) by extension 'colcon_meta'
[2.788s] Level 1:colcon.colcon_core.package_identification:_identify(src/f1tenth_system/teleop_tools/key_teleop) by extensions ['ros']
[2.789s] Level 1:colcon.colcon_core.package_identification:_identify(src/f1tenth_system/teleop_tools/key_teleop) by extension 'ros'
[2.792s] DEBUG:colcon.colcon_core.package_identification:Package 'src/f1tenth_system/teleop_tools/key_teleop' with type 'ros.ament_python' and name 'key_teleop'
[2.792s] Level 1:colcon.colcon_core.package_identification:_identify(src/f1tenth_system/teleop_tools/mouse_teleop) by extensions ['ignore', 'ignore_ament_install']
[2.793s] Level 1:colcon.colcon_core.package_identification:_identify(src/f1tenth_system/teleop_tools/mouse_teleop) by extension 'ignore'
[2.793s] Level 1:colcon.colcon_core.package_identification:_identify(src/f1tenth_system/teleop_tools/mouse_teleop) by extension 'ignore_ament_install'
[2.793s] Level 1:colcon.colcon_core.package_identification:_identify(src/f1tenth_system/teleop_tools/mouse_teleop) by extensions ['colcon_pkg']
[2.794s] Level 1:colcon.colcon_core.package_identification:_identify(src/f1tenth_system/teleop_tools/mouse_teleop) by extension 'colcon_pkg'
[2.794s] Level 1:colcon.colcon_core.package_identification:_identify(src/f1tenth_system/teleop_tools/mouse_teleop) by extensions ['colcon_meta']
[2.794s] Level 1:colcon.colcon_core.package_identification:_identify(src/f1tenth_system/teleop_tools/mouse_teleop) by extension 'colcon_meta'
[2.794s] Level 1:colcon.colcon_core.package_identification:_identify(src/f1tenth_system/teleop_tools/mouse_teleop) by extensions ['ros']
[2.795s] Level 1:colcon.colcon_core.package_identification:_identify(src/f1tenth_system/teleop_tools/mouse_teleop) by extension 'ros'
[2.798s] DEBUG:colcon.colcon_core.package_identification:Package 'src/f1tenth_system/teleop_tools/mouse_teleop' with type 'ros.ament_python' and name 'mouse_teleop'
[2.798s] Level 1:colcon.colcon_core.package_identification:_identify(src/f1tenth_system/teleop_tools/teleop_tools) by extensions ['ignore', 'ignore_ament_install']
[2.799s] Level 1:colcon.colcon_core.package_identification:_identify(src/f1tenth_system/teleop_tools/teleop_tools) by extension 'ignore'
[2.799s] Level 1:colcon.colcon_core.package_identification:_identify(src/f1tenth_system/teleop_tools/teleop_tools) by extension 'ignore_ament_install'
[2.799s] Level 1:colcon.colcon_core.package_identification:_identify(src/f1tenth_system/teleop_tools/teleop_tools) by extensions ['colcon_pkg']
[2.800s] Level 1:colcon.colcon_core.package_identification:_identify(src/f1tenth_system/teleop_tools/teleop_tools) by extension 'colcon_pkg'
[2.800s] Level 1:colcon.colcon_core.package_identification:_identify(src/f1tenth_system/teleop_tools/teleop_tools) by extensions ['colcon_meta']
[2.800s] Level 1:colcon.colcon_core.package_identification:_identify(src/f1tenth_system/teleop_tools/teleop_tools) by extension 'colcon_meta'
[2.800s] Level 1:colcon.colcon_core.package_identification:_identify(src/f1tenth_system/teleop_tools/teleop_tools) by extensions ['ros']
[2.801s] Level 1:colcon.colcon_core.package_identification:_identify(src/f1tenth_system/teleop_tools/teleop_tools) by extension 'ros'
[2.803s] DEBUG:colcon.colcon_core.package_identification:Package 'src/f1tenth_system/teleop_tools/teleop_tools' with type 'ros.ament_cmake' and name 'teleop_tools'
[2.804s] Level 1:colcon.colcon_core.package_identification:_identify(src/f1tenth_system/teleop_tools/teleop_tools_msgs) by extensions ['ignore', 'ignore_ament_install']
[2.804s] Level 1:colcon.colcon_core.package_identification:_identify(src/f1tenth_system/teleop_tools/teleop_tools_msgs) by extension 'ignore'
[2.805s] Level 1:colcon.colcon_core.package_identification:_identify(src/f1tenth_system/teleop_tools/teleop_tools_msgs) by extension 'ignore_ament_install'
[2.805s] Level 1:colcon.colcon_core.package_identification:_identify(src/f1tenth_system/teleop_tools/teleop_tools_msgs) by extensions ['colcon_pkg']
[2.805s] Level 1:colcon.colcon_core.package_identification:_identify(src/f1tenth_system/teleop_tools/teleop_tools_msgs) by extension 'colcon_pkg'
[2.805s] Level 1:colcon.colcon_core.package_identification:_identify(src/f1tenth_system/teleop_tools/teleop_tools_msgs) by extensions ['colcon_meta']
[2.806s] Level 1:colcon.colcon_core.package_identification:_identify(src/f1tenth_system/teleop_tools/teleop_tools_msgs) by extension 'colcon_meta'
[2.806s] Level 1:colcon.colcon_core.package_identification:_identify(src/f1tenth_system/teleop_tools/teleop_tools_msgs) by extensions ['ros']
[2.806s] Level 1:colcon.colcon_core.package_identification:_identify(src/f1tenth_system/teleop_tools/teleop_tools_msgs) by extension 'ros'
[2.811s] DEBUG:colcon.colcon_core.package_identification:Package 'src/f1tenth_system/teleop_tools/teleop_tools_msgs' with type 'ros.ament_cmake' and name 'teleop_tools_msgs'
[2.812s] Level 1:colcon.colcon_core.package_identification:_identify(src/f1tenth_system/vesc) by extensions ['ignore', 'ignore_ament_install']
[2.812s] Level 1:colcon.colcon_core.package_identification:_identify(src/f1tenth_system/vesc) by extension 'ignore'
[2.813s] Level 1:colcon.colcon_core.package_identification:_identify(src/f1tenth_system/vesc) by extension 'ignore_ament_install'
[2.813s] Level 1:colcon.colcon_core.package_identification:_identify(src/f1tenth_system/vesc) by extensions ['colcon_pkg']
[2.813s] Level 1:colcon.colcon_core.package_identification:_identify(src/f1tenth_system/vesc) by extension 'colcon_pkg'
[2.813s] Level 1:colcon.colcon_core.package_identification:_identify(src/f1tenth_system/vesc) by extensions ['colcon_meta']
[2.814s] Level 1:colcon.colcon_core.package_identification:_identify(src/f1tenth_system/vesc) by extension 'colcon_meta'
[2.814s] Level 1:colcon.colcon_core.package_identification:_identify(src/f1tenth_system/vesc) by extensions ['ros']
[2.814s] Level 1:colcon.colcon_core.package_identification:_identify(src/f1tenth_system/vesc) by extension 'ros'
[2.815s] Level 1:colcon.colcon_core.package_identification:_identify(src/f1tenth_system/vesc) by extensions ['cmake', 'python']
[2.815s] Level 1:colcon.colcon_core.package_identification:_identify(src/f1tenth_system/vesc) by extension 'cmake'
[2.815s] Level 1:colcon.colcon_core.package_identification:_identify(src/f1tenth_system/vesc) by extension 'python'
[2.815s] Level 1:colcon.colcon_core.package_identification:_identify(src/f1tenth_system/vesc) by extensions ['python_setup_py']
[2.816s] Level 1:colcon.colcon_core.package_identification:_identify(src/f1tenth_system/vesc) by extension 'python_setup_py'
[2.816s] Level 1:colcon.colcon_core.package_identification:_identify(src/f1tenth_system/vesc/vesc) by extensions ['ignore', 'ignore_ament_install']
[2.817s] Level 1:colcon.colcon_core.package_identification:_identify(src/f1tenth_system/vesc/vesc) by extension 'ignore'
[2.817s] Level 1:colcon.colcon_core.package_identification:_identify(src/f1tenth_system/vesc/vesc) by extension 'ignore_ament_install'
[2.817s] Level 1:colcon.colcon_core.package_identification:_identify(src/f1tenth_system/vesc/vesc) by extensions ['colcon_pkg']
[2.817s] Level 1:colcon.colcon_core.package_identification:_identify(src/f1tenth_system/vesc/vesc) by extension 'colcon_pkg'
[2.818s] Level 1:colcon.colcon_core.package_identification:_identify(src/f1tenth_system/vesc/vesc) by extensions ['colcon_meta']
[2.818s] Level 1:colcon.colcon_core.package_identification:_identify(src/f1tenth_system/vesc/vesc) by extension 'colcon_meta'
[2.818s] Level 1:colcon.colcon_core.package_identification:_identify(src/f1tenth_system/vesc/vesc) by extensions ['ros']
[2.818s] Level 1:colcon.colcon_core.package_identification:_identify(src/f1tenth_system/vesc/vesc) by extension 'ros'
[2.822s] DEBUG:colcon.colcon_core.package_identification:Package 'src/f1tenth_system/vesc/vesc' with type 'ros.ament_cmake' and name 'vesc'
[2.823s] Level 1:colcon.colcon_core.package_identification:_identify(src/f1tenth_system/vesc/vesc_ackermann) by extensions ['ignore', 'ignore_ament_install']
[2.823s] Level 1:colcon.colcon_core.package_identification:_identify(src/f1tenth_system/vesc/vesc_ackermann) by extension 'ignore'
[2.824s] Level 1:colcon.colcon_core.package_identification:_identify(src/f1tenth_system/vesc/vesc_ackermann) by extension 'ignore_ament_install'
[2.824s] Level 1:colcon.colcon_core.package_identification:_identify(src/f1tenth_system/vesc/vesc_ackermann) by extensions ['colcon_pkg']
[2.824s] Level 1:colcon.colcon_core.package_identification:_identify(src/f1tenth_system/vesc/vesc_ackermann) by extension 'colcon_pkg'
[2.824s] Level 1:colcon.colcon_core.package_identification:_identify(src/f1tenth_system/vesc/vesc_ackermann) by extensions ['colcon_meta']
[2.825s] Level 1:colcon.colcon_core.package_identification:_identify(src/f1tenth_system/vesc/vesc_ackermann) by extension 'colcon_meta'
[2.825s] Level 1:colcon.colcon_core.package_identification:_identify(src/f1tenth_system/vesc/vesc_ackermann) by extensions ['ros']
[2.825s] Level 1:colcon.colcon_core.package_identification:_identify(src/f1tenth_system/vesc/vesc_ackermann) by extension 'ros'
[2.831s] DEBUG:colcon.colcon_core.package_identification:Package 'src/f1tenth_system/vesc/vesc_ackermann' with type 'ros.ament_cmake' and name 'vesc_ackermann'
[2.831s] Level 1:colcon.colcon_core.package_identification:_identify(src/f1tenth_system/vesc/vesc_driver) by extensions ['ignore', 'ignore_ament_install']
[2.832s] Level 1:colcon.colcon_core.package_identification:_identify(src/f1tenth_system/vesc/vesc_driver) by extension 'ignore'
[2.832s] Level 1:colcon.colcon_core.package_identification:_identify(src/f1tenth_system/vesc/vesc_driver) by extension 'ignore_ament_install'
[2.833s] Level 1:colcon.colcon_core.package_identification:_identify(src/f1tenth_system/vesc/vesc_driver) by extensions ['colcon_pkg']
[2.833s] Level 1:colcon.colcon_core.package_identification:_identify(src/f1tenth_system/vesc/vesc_driver) by extension 'colcon_pkg'
[2.833s] Level 1:colcon.colcon_core.package_identification:_identify(src/f1tenth_system/vesc/vesc_driver) by extensions ['colcon_meta']
[2.833s] Level 1:colcon.colcon_core.package_identification:_identify(src/f1tenth_system/vesc/vesc_driver) by extension 'colcon_meta'
[2.834s] Level 1:colcon.colcon_core.package_identification:_identify(src/f1tenth_system/vesc/vesc_driver) by extensions ['ros']
[2.834s] Level 1:colcon.colcon_core.package_identification:_identify(src/f1tenth_system/vesc/vesc_driver) by extension 'ros'
[2.841s] DEBUG:colcon.colcon_core.package_identification:Package 'src/f1tenth_system/vesc/vesc_driver' with type 'ros.ament_cmake' and name 'vesc_driver'
[2.841s] Level 1:colcon.colcon_core.package_identification:_identify(src/f1tenth_system/vesc/vesc_msgs) by extensions ['ignore', 'ignore_ament_install']
[2.842s] Level 1:colcon.colcon_core.package_identification:_identify(src/f1tenth_system/vesc/vesc_msgs) by extension 'ignore'
[2.843s] Level 1:colcon.colcon_core.package_identification:_identify(src/f1tenth_system/vesc/vesc_msgs) by extension 'ignore_ament_install'
[2.843s] Level 1:colcon.colcon_core.package_identification:_identify(src/f1tenth_system/vesc/vesc_msgs) by extensions ['colcon_pkg']
[2.844s] Level 1:colcon.colcon_core.package_identification:_identify(src/f1tenth_system/vesc/vesc_msgs) by extension 'colcon_pkg'
[2.844s] Level 1:colcon.colcon_core.package_identification:_identify(src/f1tenth_system/vesc/vesc_msgs) by extensions ['colcon_meta']
[2.844s] Level 1:colcon.colcon_core.package_identification:_identify(src/f1tenth_system/vesc/vesc_msgs) by extension 'colcon_meta'
[2.845s] Level 1:colcon.colcon_core.package_identification:_identify(src/f1tenth_system/vesc/vesc_msgs) by extensions ['ros']
[2.845s] Level 1:colcon.colcon_core.package_identification:_identify(src/f1tenth_system/vesc/vesc_msgs) by extension 'ros'
[2.851s] DEBUG:colcon.colcon_core.package_identification:Package 'src/f1tenth_system/vesc/vesc_msgs' with type 'ros.ament_cmake' and name 'vesc_msgs'
[2.852s] Level 1:colcon.colcon_core.package_identification:_identify(src/install) by extensions ['ignore', 'ignore_ament_install']
[2.852s] Level 1:colcon.colcon_core.package_identification:_identify(src/install) by extension 'ignore'
[2.853s] Level 1:colcon.colcon_core.package_identification:_identify(src/install) ignored
[2.853s] Level 1:colcon.colcon_core.package_identification:_identify(src/lidar_processing) by extensions ['ignore', 'ignore_ament_install']
[2.853s] Level 1:colcon.colcon_core.package_identification:_identify(src/lidar_processing) by extension 'ignore'
[2.854s] Level 1:colcon.colcon_core.package_identification:_identify(src/lidar_processing) by extension 'ignore_ament_install'
[2.854s] Level 1:colcon.colcon_core.package_identification:_identify(src/lidar_processing) by extensions ['colcon_pkg']
[2.854s] Level 1:colcon.colcon_core.package_identification:_identify(src/lidar_processing) by extension 'colcon_pkg'
[2.855s] Level 1:colcon.colcon_core.package_identification:_identify(src/lidar_processing) by extensions ['colcon_meta']
[2.855s] Level 1:colcon.colcon_core.package_identification:_identify(src/lidar_processing) by extension 'colcon_meta'
[2.855s] Level 1:colcon.colcon_core.package_identification:_identify(src/lidar_processing) by extensions ['ros']
[2.855s] Level 1:colcon.colcon_core.package_identification:_identify(src/lidar_processing) by extension 'ros'
[2.860s] DEBUG:colcon.colcon_core.package_identification:Package 'src/lidar_processing' with type 'ros.ament_cmake' and name 'lidar_processing'
[2.861s] Level 1:colcon.colcon_core.package_identification:_identify(src/log) by extensions ['ignore', 'ignore_ament_install']
[2.861s] Level 1:colcon.colcon_core.package_identification:_identify(src/log) by extension 'ignore'
[2.861s] Level 1:colcon.colcon_core.package_identification:_identify(src/log) ignored
[2.862s] Level 1:colcon.colcon_core.package_identification:_identify(src/path_follow) by extensions ['ignore', 'ignore_ament_install']
[2.862s] Level 1:colcon.colcon_core.package_identification:_identify(src/path_follow) by extension 'ignore'
[2.862s] Level 1:colcon.colcon_core.package_identification:_identify(src/path_follow) by extension 'ignore_ament_install'
[2.863s] Level 1:colcon.colcon_core.package_identification:_identify(src/path_follow) by extensions ['colcon_pkg']
[2.863s] Level 1:colcon.colcon_core.package_identification:_identify(src/path_follow) by extension 'colcon_pkg'
[2.863s] Level 1:colcon.colcon_core.package_identification:_identify(src/path_follow) by extensions ['colcon_meta']
[2.863s] Level 1:colcon.colcon_core.package_identification:_identify(src/path_follow) by extension 'colcon_meta'
[2.864s] Level 1:colcon.colcon_core.package_identification:_identify(src/path_follow) by extensions ['ros']
[2.864s] Level 1:colcon.colcon_core.package_identification:_identify(src/path_follow) by extension 'ros'
[2.869s] DEBUG:colcon.colcon_core.package_identification:Package 'src/path_follow' with type 'ros.ament_cmake' and name 'path_follow'
[2.870s] Level 1:colcon.colcon_core.package_identification:_identify(src/path_planner) by extensions ['ignore', 'ignore_ament_install']
[2.870s] Level 1:colcon.colcon_core.package_identification:_identify(src/path_planner) by extension 'ignore'
[2.871s] Level 1:colcon.colcon_core.package_identification:_identify(src/path_planner) by extension 'ignore_ament_install'
[2.871s] Level 1:colcon.colcon_core.package_identification:_identify(src/path_planner) by extensions ['colcon_pkg']
[2.871s] Level 1:colcon.colcon_core.package_identification:_identify(src/path_planner) by extension 'colcon_pkg'
[2.872s] Level 1:colcon.colcon_core.package_identification:_identify(src/path_planner) by extensions ['colcon_meta']
[2.872s] Level 1:colcon.colcon_core.package_identification:_identify(src/path_planner) by extension 'colcon_meta'
[2.872s] Level 1:colcon.colcon_core.package_identification:_identify(src/path_planner) by extensions ['ros']
[2.872s] Level 1:colcon.colcon_core.package_identification:_identify(src/path_planner) by extension 'ros'
[2.878s] DEBUG:colcon.colcon_core.package_identification:Package 'src/path_planner' with type 'ros.ament_cmake' and name 'path_planner'
[2.879s] Level 1:colcon.colcon_core.package_identification:_identify(src/pygame_key_teleop) by extensions ['ignore', 'ignore_ament_install']
[2.879s] Level 1:colcon.colcon_core.package_identification:_identify(src/pygame_key_teleop) by extension 'ignore'
[2.879s] Level 1:colcon.colcon_core.package_identification:_identify(src/pygame_key_teleop) by extension 'ignore_ament_install'
[2.880s] Level 1:colcon.colcon_core.package_identification:_identify(src/pygame_key_teleop) by extensions ['colcon_pkg']
[2.880s] Level 1:colcon.colcon_core.package_identification:_identify(src/pygame_key_teleop) by extension 'colcon_pkg'
[2.880s] Level 1:colcon.colcon_core.package_identification:_identify(src/pygame_key_teleop) by extensions ['colcon_meta']
[2.880s] Level 1:colcon.colcon_core.package_identification:_identify(src/pygame_key_teleop) by extension 'colcon_meta'
[2.880s] Level 1:colcon.colcon_core.package_identification:_identify(src/pygame_key_teleop) by extensions ['ros']
[2.881s] Level 1:colcon.colcon_core.package_identification:_identify(src/pygame_key_teleop) by extension 'ros'
[2.884s] DEBUG:colcon.colcon_core.package_identification:Package 'src/pygame_key_teleop' with type 'ros.ament_python' and name 'pygame_key_teleop'
[2.884s] Level 1:colcon.colcon_core.package_discovery:discover_packages(recursive) using defaults
[2.884s] Level 1:colcon.colcon_core.package_discovery:discover_packages(ignore) discover
[2.885s] Level 1:colcon.colcon_core.package_discovery:discover_packages(ignore) using defaults
[2.885s] Level 1:colcon.colcon_core.package_discovery:discover_packages(path) discover
[2.885s] Level 1:colcon.colcon_core.package_discovery:discover_packages(path) using defaults
[3.037s] INFO:colcon.colcon_core.package_selection:Skipping not selected package 'ackermann_mux' in 'src/f1tenth_system/ackermann_mux'
[3.037s] INFO:colcon.colcon_core.package_selection:Skipping not selected package 'center_follow_cpp' in 'src/center_follow_cpp'
[3.037s] INFO:colcon.colcon_core.package_selection:Skipping not selected package 'key_teleop' in 'src/f1tenth_system/teleop_tools/key_teleop'
[3.038s] INFO:colcon.colcon_core.package_selection:Skipping not selected package 'lidar_processing' in 'src/lidar_processing'
[3.038s] INFO:colcon.colcon_core.package_selection:Skipping not selected package 'mouse_teleop' in 'src/f1tenth_system/teleop_tools/mouse_teleop'
[3.038s] INFO:colcon.colcon_core.package_selection:Skipping not selected package 'path_follow' in 'src/path_follow'
[3.038s] INFO:colcon.colcon_core.package_selection:Skipping not selected package 'path_planner' in 'src/path_planner'
[3.038s] INFO:colcon.colcon_core.package_selection:Skipping not selected package 'pygame_key_teleop' in 'src/pygame_key_teleop'
[3.039s] INFO:colcon.colcon_core.package_selection:Skipping not selected package 'teleop_tools_msgs' in 'src/f1tenth_system/teleop_tools/teleop_tools_msgs'
[3.039s] INFO:colcon.colcon_core.package_selection:Skipping not selected package 'vesc_msgs' in 'src/f1tenth_system/vesc/vesc_msgs'
[3.039s] INFO:colcon.colcon_core.package_selection:Skipping not selected package 'joy_teleop' in 'src/f1tenth_system/teleop_tools/joy_teleop'
[3.039s] INFO:colcon.colcon_core.package_selection:Skipping not selected package 'vesc_driver' in 'src/f1tenth_system/vesc/vesc_driver'
[3.039s] INFO:colcon.colcon_core.package_selection:Skipping not selected package 'teleop_tools' in 'src/f1tenth_system/teleop_tools/teleop_tools'
[3.039s] INFO:colcon.colcon_core.package_selection:Skipping not selected package 'vesc' in 'src/f1tenth_system/vesc/vesc'
[3.040s] INFO:colcon.colcon_core.package_selection:Skipping not selected package 'f1tenth_stack' in 'src/f1tenth_system/f1tenth_stack'
[3.040s] INFO:colcon.colcon_core.package_selection:Skipping not selected package 'f1tenth_slam_nav' in 'src/f1tenth_slam_nav'
[3.042s] Level 1:colcon.colcon_core.package_discovery:discover_packages(prefix_path) check parameters
[3.042s] Level 1:colcon.colcon_core.package_discovery:discover_packages(prefix_path) discover
[3.061s] DEBUG:colcon.colcon_installed_package_information.package_discovery:Found 19 installed packages in /home/f1/f1tenth_ws/install
[3.071s] DEBUG:colcon.colcon_installed_package_information.package_discovery:Found 308 installed packages in /opt/ros/foxy
[3.084s] Level 1:colcon.colcon_core.package_discovery:discover_packages(prefix_path) using defaults
[3.455s] WARNING:colcon.colcon_core.package_selection:Some selected packages are already built in one or more underlay workspaces:
	'vesc_ackermann' is in: /home/f1/f1tenth_ws/install/vesc_ackermann, /opt/ros/foxy
If a package in a merged underlay workspace is overridden and it installs headers, then all packages in the overlay must sort their include directories by workspace order. Failure to do so may result in build failures or undefined behavior at run time.
If the overridden package is used by another package in any underlay, then the overriding package in the overlay must be API and ABI compatible or undefined behavior at run time may occur.

If you understand the risks and want to override a package anyways, add the following to the command line:
	--allow-overriding vesc_ackermann

This may be promoted to an error in a future release of colcon-override-check.
[3.461s] Level 5:colcon.colcon_core.verb:set package 'vesc_ackermann' build argument 'cmake_args' from command line to 'None'
[3.461s] Level 5:colcon.colcon_core.verb:set package 'vesc_ackermann' build argument 'cmake_target' from command line to 'None'
[3.461s] Level 5:colcon.colcon_core.verb:set package 'vesc_ackermann' build argument 'cmake_target_skip_unavailable' from command line to 'False'
[3.461s] Level 5:colcon.colcon_core.verb:set package 'vesc_ackermann' build argument 'cmake_clean_cache' from command line to 'False'
[3.462s] Level 5:colcon.colcon_core.verb:set package 'vesc_ackermann' build argument 'cmake_clean_first' from command line to 'False'
[3.462s] Level 5:colcon.colcon_core.verb:set package 'vesc_ackermann' build argument 'cmake_force_configure' from command line to 'False'
[3.462s] Level 5:colcon.colcon_core.verb:set package 'vesc_ackermann' build argument 'ament_cmake_args' from command line to 'None'
[3.462s] Level 5:colcon.colcon_core.verb:set package 'vesc_ackermann' build argument 'catkin_cmake_args' from command line to 'None'
[3.463s] Level 5:colcon.colcon_core.verb:set package 'vesc_ackermann' build argument 'catkin_skip_building_tests' from command line to 'False'
[3.463s] DEBUG:colcon.colcon_core.verb:Building package 'vesc_ackermann' with the following arguments: {'ament_cmake_args': None, 'build_base': '/home/f1/f1tenth_ws/build/vesc_ackermann', 'catkin_cmake_args': None, 'catkin_skip_building_tests': False, 'cmake_args': None, 'cmake_clean_cache': False, 'cmake_clean_first': False, 'cmake_force_configure': False, 'cmake_target': None, 'cmake_target_skip_unavailable': False, 'install_base': '/home/f1/f1tenth_ws/install/vesc_ackermann', 'merge_install': False, 'path': '/home/f1/f1tenth_ws/src/f1tenth_system/vesc/vesc_ackermann', 'symlink_install': False, 'test_result_base': None}
[3.464s] INFO:colcon.colcon_core.executor:Executing jobs using 'parallel' executor
[3.469s] DEBUG:colcon.colcon_parallel_executor.executor.parallel:run_until_complete
[3.471s] INFO:colcon.colcon_ros.task.ament_cmake.build:Building ROS package in '/home/f1/f1tenth_ws/src/f1tenth_system/vesc/vesc_ackermann' with build type 'ament_cmake'
[3.471s] INFO:colcon.colcon_cmake.task.cmake.build:Building CMake package in '/home/f1/f1tenth_ws/src/f1tenth_system/vesc/vesc_ackermann'
[3.487s] INFO:colcon.colcon_core.plugin_system:Skipping extension 'colcon_core.shell.bat': Not used on non-Windows systems
[3.488s] INFO:colcon.colcon_core.shell:Skip shell extension 'powershell' for command environment: Not usable outside of PowerShell
[3.489s] DEBUG:colcon.colcon_core.shell:Skip shell extension 'dsv' for command environment
[3.590s] DEBUG:colcon.colcon_core.event_handler.log_command:Invoking command in '/home/f1/f1tenth_ws/build/vesc_ackermann': CMAKE_PREFIX_PATH=/home/f1/f1tenth_ws/install/vesc_msgs:/home/f1/f1tenth_ws/install/f1tenth_slam_nav:/home/f1/f1tenth_ws/install/vesc:/home/f1/f1tenth_ws/install/vesc_driver:/home/f1/f1tenth_ws/install/vesc_ackermann:/home/f1/f1tenth_ws/install/teleop_tools:/home/f1/f1tenth_ws/install/teleop_tools_msgs:/home/f1/f1tenth_ws/install/path_planner:/home/f1/f1tenth_ws/install/path_follow:/home/f1/f1tenth_ws/install/lidar_processing:/home/f1/f1tenth_ws/install/center_follow_cpp:/home/f1/f1tenth_ws/install/ackermann_mux:/home/f1/f1tenth_ws/install/f1tenth_stack:/home/f1/f1tenth_ws/install/joy_teleop:/home/f1/f1tenth_ws/install/pygame_key_teleop:/home/f1/f1tenth_ws/install/mouse_teleop:/home/f1/f1tenth_ws/install/key_teleop:/home/f1/f1tenth_ws/install/f1tenth_path_planner:/opt/ros/foxy CONDA_PROMPT_MODIFIER=(base) LD_LIBRARY_PATH=/home/f1/f1tenth_ws/install/vesc_msgs/lib:/home/f1/f1tenth_ws/install/vesc_driver/lib:/home/f1/f1tenth_ws/install/vesc_ackermann/lib:/home/f1/f1tenth_ws/install/teleop_tools_msgs/lib:/opt/ros/foxy/opt/yaml_cpp_vendor/lib:/opt/ros/foxy/opt/rviz_ogre_vendor/lib:/opt/ros/foxy/lib/aarch64-linux-gnu:/opt/ros/foxy/lib PYTHONPATH=/home/f1/f1tenth_ws/install/vesc_msgs/lib/python3.8/site-packages:/home/f1/f1tenth_ws/install/f1tenth_slam_nav/lib/python3.8/site-packages:/home/f1/f1tenth_ws/build/f1tenth_stack:/home/f1/f1tenth_ws/install/f1tenth_stack/lib/python3.8/site-packages:/home/f1/f1tenth_ws/build/joy_teleop:/home/f1/f1tenth_ws/install/joy_teleop/lib/python3.8/site-packages:/home/f1/f1tenth_ws/install/teleop_tools_msgs/lib/python3.8/site-packages:/home/f1/f1tenth_ws/build/pygame_key_teleop:/home/f1/f1tenth_ws/install/pygame_key_teleop/lib/python3.8/site-packages:/home/f1/f1tenth_ws/build/mouse_teleop:/home/f1/f1tenth_ws/install/mouse_teleop/lib/python3.8/site-packages:/home/f1/f1tenth_ws/build/key_teleop:/home/f1/f1tenth_ws/install/key_teleop/lib/python3.8/site-packages:/home/f1/f1tenth_ws/install/f1tenth_path_planner/lib/python3.8/site-packages:/opt/ros/foxy/lib/python3.8/site-packages /usr/bin/cmake /home/f1/f1tenth_ws/src/f1tenth_system/vesc/vesc_ackermann -DCMAKE_INSTALL_PREFIX=/home/f1/f1tenth_ws/install/vesc_ackermann
[11.030s] DEBUG:colcon.colcon_core.event_handler.log_command:Invoked command in '/home/f1/f1tenth_ws/build/vesc_ackermann' returned '0': CMAKE_PREFIX_PATH=/home/f1/f1tenth_ws/install/vesc_msgs:/home/f1/f1tenth_ws/install/f1tenth_slam_nav:/home/f1/f1tenth_ws/install/vesc:/home/f1/f1tenth_ws/install/vesc_driver:/home/f1/f1tenth_ws/install/vesc_ackermann:/home/f1/f1tenth_ws/install/teleop_tools:/home/f1/f1tenth_ws/install/teleop_tools_msgs:/home/f1/f1tenth_ws/install/path_planner:/home/f1/f1tenth_ws/install/path_follow:/home/f1/f1tenth_ws/install/lidar_processing:/home/f1/f1tenth_ws/install/center_follow_cpp:/home/f1/f1tenth_ws/install/ackermann_mux:/home/f1/f1tenth_ws/install/f1tenth_stack:/home/f1/f1tenth_ws/install/joy_teleop:/home/f1/f1tenth_ws/install/pygame_key_teleop:/home/f1/f1tenth_ws/install/mouse_teleop:/home/f1/f1tenth_ws/install/key_teleop:/home/f1/f1tenth_ws/install/f1tenth_path_planner:/opt/ros/foxy CONDA_PROMPT_MODIFIER=(base) LD_LIBRARY_PATH=/home/f1/f1tenth_ws/install/vesc_msgs/lib:/home/f1/f1tenth_ws/install/vesc_driver/lib:/home/f1/f1tenth_ws/install/vesc_ackermann/lib:/home/f1/f1tenth_ws/install/teleop_tools_msgs/lib:/opt/ros/foxy/opt/yaml_cpp_vendor/lib:/opt/ros/foxy/opt/rviz_ogre_vendor/lib:/opt/ros/foxy/lib/aarch64-linux-gnu:/opt/ros/foxy/lib PYTHONPATH=/home/f1/f1tenth_ws/install/vesc_msgs/lib/python3.8/site-packages:/home/f1/f1tenth_ws/install/f1tenth_slam_nav/lib/python3.8/site-packages:/home/f1/f1tenth_ws/build/f1tenth_stack:/home/f1/f1tenth_ws/install/f1tenth_stack/lib/python3.8/site-packages:/home/f1/f1tenth_ws/build/joy_teleop:/home/f1/f1tenth_ws/install/joy_teleop/lib/python3.8/site-packages:/home/f1/f1tenth_ws/install/teleop_tools_msgs/lib/python3.8/site-packages:/home/f1/f1tenth_ws/build/pygame_key_teleop:/home/f1/f1tenth_ws/install/pygame_key_teleop/lib/python3.8/site-packages:/home/f1/f1tenth_ws/build/mouse_teleop:/home/f1/f1tenth_ws/install/mouse_teleop/lib/python3.8/site-packages:/home/f1/f1tenth_ws/build/key_teleop:/home/f1/f1tenth_ws/install/key_teleop/lib/python3.8/site-packages:/home/f1/f1tenth_ws/install/f1tenth_path_planner/lib/python3.8/site-packages:/opt/ros/foxy/lib/python3.8/site-packages /usr/bin/cmake /home/f1/f1tenth_ws/src/f1tenth_system/vesc/vesc_ackermann -DCMAKE_INSTALL_PREFIX=/home/f1/f1tenth_ws/install/vesc_ackermann
[11.054s] DEBUG:colcon.colcon_core.event_handler.log_command:Invoking command in '/home/f1/f1tenth_ws/build/vesc_ackermann': CMAKE_PREFIX_PATH=/home/f1/f1tenth_ws/install/vesc_msgs:/home/f1/f1tenth_ws/install/f1tenth_slam_nav:/home/f1/f1tenth_ws/install/vesc:/home/f1/f1tenth_ws/install/vesc_driver:/home/f1/f1tenth_ws/install/vesc_ackermann:/home/f1/f1tenth_ws/install/teleop_tools:/home/f1/f1tenth_ws/install/teleop_tools_msgs:/home/f1/f1tenth_ws/install/path_planner:/home/f1/f1tenth_ws/install/path_follow:/home/f1/f1tenth_ws/install/lidar_processing:/home/f1/f1tenth_ws/install/center_follow_cpp:/home/f1/f1tenth_ws/install/ackermann_mux:/home/f1/f1tenth_ws/install/f1tenth_stack:/home/f1/f1tenth_ws/install/joy_teleop:/home/f1/f1tenth_ws/install/pygame_key_teleop:/home/f1/f1tenth_ws/install/mouse_teleop:/home/f1/f1tenth_ws/install/key_teleop:/home/f1/f1tenth_ws/install/f1tenth_path_planner:/opt/ros/foxy CONDA_PROMPT_MODIFIER=(base) LD_LIBRARY_PATH=/home/f1/f1tenth_ws/install/vesc_msgs/lib:/home/f1/f1tenth_ws/install/vesc_driver/lib:/home/f1/f1tenth_ws/install/vesc_ackermann/lib:/home/f1/f1tenth_ws/install/teleop_tools_msgs/lib:/opt/ros/foxy/opt/yaml_cpp_vendor/lib:/opt/ros/foxy/opt/rviz_ogre_vendor/lib:/opt/ros/foxy/lib/aarch64-linux-gnu:/opt/ros/foxy/lib PYTHONPATH=/home/f1/f1tenth_ws/install/vesc_msgs/lib/python3.8/site-packages:/home/f1/f1tenth_ws/install/f1tenth_slam_nav/lib/python3.8/site-packages:/home/f1/f1tenth_ws/build/f1tenth_stack:/home/f1/f1tenth_ws/install/f1tenth_stack/lib/python3.8/site-packages:/home/f1/f1tenth_ws/build/joy_teleop:/home/f1/f1tenth_ws/install/joy_teleop/lib/python3.8/site-packages:/home/f1/f1tenth_ws/install/teleop_tools_msgs/lib/python3.8/site-packages:/home/f1/f1tenth_ws/build/pygame_key_teleop:/home/f1/f1tenth_ws/install/pygame_key_teleop/lib/python3.8/site-packages:/home/f1/f1tenth_ws/build/mouse_teleop:/home/f1/f1tenth_ws/install/mouse_teleop/lib/python3.8/site-packages:/home/f1/f1tenth_ws/build/key_teleop:/home/f1/f1tenth_ws/install/key_teleop/lib/python3.8/site-packages:/home/f1/f1tenth_ws/install/f1tenth_path_planner/lib/python3.8/site-packages:/opt/ros/foxy/lib/python3.8/site-packages /usr/bin/cmake --build /home/f1/f1tenth_ws/build/vesc_ackermann -- -j6 -l6
[54.719s] DEBUG:colcon.colcon_core.event_handler.log_command:Invoked command in '/home/f1/f1tenth_ws/build/vesc_ackermann' returned '0': CMAKE_PREFIX_PATH=/home/f1/f1tenth_ws/install/vesc_msgs:/home/f1/f1tenth_ws/install/f1tenth_slam_nav:/home/f1/f1tenth_ws/install/vesc:/home/f1/f1tenth_ws/install/vesc_driver:/home/f1/f1tenth_ws/install/vesc_ackermann:/home/f1/f1tenth_ws/install/teleop_tools:/home/f1/f1tenth_ws/install/teleop_tools_msgs:/home/f1/f1tenth_ws/install/path_planner:/home/f1/f1tenth_ws/install/path_follow:/home/f1/f1tenth_ws/install/lidar_processing:/home/f1/f1tenth_ws/install/center_follow_cpp:/home/f1/f1tenth_ws/install/ackermann_mux:/home/f1/f1tenth_ws/install/f1tenth_stack:/home/f1/f1tenth_ws/install/joy_teleop:/home/f1/f1tenth_ws/install/pygame_key_teleop:/home/f1/f1tenth_ws/install/mouse_teleop:/home/f1/f1tenth_ws/install/key_teleop:/home/f1/f1tenth_ws/install/f1tenth_path_planner:/opt/ros/foxy CONDA_PROMPT_MODIFIER=(base) LD_LIBRARY_PATH=/home/f1/f1tenth_ws/install/vesc_msgs/lib:/home/f1/f1tenth_ws/install/vesc_driver/lib:/home/f1/f1tenth_ws/install/vesc_ackermann/lib:/home/f1/f1tenth_ws/install/teleop_tools_msgs/lib:/opt/ros/foxy/opt/yaml_cpp_vendor/lib:/opt/ros/foxy/opt/rviz_ogre_vendor/lib:/opt/ros/foxy/lib/aarch64-linux-gnu:/opt/ros/foxy/lib PYTHONPATH=/home/f1/f1tenth_ws/install/vesc_msgs/lib/python3.8/site-packages:/home/f1/f1tenth_ws/install/f1tenth_slam_nav/lib/python3.8/site-packages:/home/f1/f1tenth_ws/build/f1tenth_stack:/home/f1/f1tenth_ws/install/f1tenth_stack/lib/python3.8/site-packages:/home/f1/f1tenth_ws/build/joy_teleop:/home/f1/f1tenth_ws/install/joy_teleop/lib/python3.8/site-packages:/home/f1/f1tenth_ws/install/teleop_tools_msgs/lib/python3.8/site-packages:/home/f1/f1tenth_ws/build/pygame_key_teleop:/home/f1/f1tenth_ws/install/pygame_key_teleop/lib/python3.8/site-packages:/home/f1/f1tenth_ws/build/mouse_teleop:/home/f1/f1tenth_ws/install/mouse_teleop/lib/python3.8/site-packages:/home/f1/f1tenth_ws/build/key_teleop:/home/f1/f1tenth_ws/install/key_teleop/lib/python3.8/site-packages:/home/f1/f1tenth_ws/install/f1tenth_path_planner/lib/python3.8/site-packages:/opt/ros/foxy/lib/python3.8/site-packages /usr/bin/cmake --build /home/f1/f1tenth_ws/build/vesc_ackermann -- -j6 -l6
[54.805s] DEBUG:colcon.colcon_core.event_handler.log_command:Invoking command in '/home/f1/f1tenth_ws/build/vesc_ackermann': CMAKE_PREFIX_PATH=/home/f1/f1tenth_ws/install/vesc_msgs:/home/f1/f1tenth_ws/install/f1tenth_slam_nav:/home/f1/f1tenth_ws/install/vesc:/home/f1/f1tenth_ws/install/vesc_driver:/home/f1/f1tenth_ws/install/vesc_ackermann:/home/f1/f1tenth_ws/install/teleop_tools:/home/f1/f1tenth_ws/install/teleop_tools_msgs:/home/f1/f1tenth_ws/install/path_planner:/home/f1/f1tenth_ws/install/path_follow:/home/f1/f1tenth_ws/install/lidar_processing:/home/f1/f1tenth_ws/install/center_follow_cpp:/home/f1/f1tenth_ws/install/ackermann_mux:/home/f1/f1tenth_ws/install/f1tenth_stack:/home/f1/f1tenth_ws/install/joy_teleop:/home/f1/f1tenth_ws/install/pygame_key_teleop:/home/f1/f1tenth_ws/install/mouse_teleop:/home/f1/f1tenth_ws/install/key_teleop:/home/f1/f1tenth_ws/install/f1tenth_path_planner:/opt/ros/foxy CONDA_PROMPT_MODIFIER=(base) LD_LIBRARY_PATH=/home/f1/f1tenth_ws/install/vesc_msgs/lib:/home/f1/f1tenth_ws/install/vesc_driver/lib:/home/f1/f1tenth_ws/install/vesc_ackermann/lib:/home/f1/f1tenth_ws/install/teleop_tools_msgs/lib:/opt/ros/foxy/opt/yaml_cpp_vendor/lib:/opt/ros/foxy/opt/rviz_ogre_vendor/lib:/opt/ros/foxy/lib/aarch64-linux-gnu:/opt/ros/foxy/lib PYTHONPATH=/home/f1/f1tenth_ws/install/vesc_msgs/lib/python3.8/site-packages:/home/f1/f1tenth_ws/install/f1tenth_slam_nav/lib/python3.8/site-packages:/home/f1/f1tenth_ws/build/f1tenth_stack:/home/f1/f1tenth_ws/install/f1tenth_stack/lib/python3.8/site-packages:/home/f1/f1tenth_ws/build/joy_teleop:/home/f1/f1tenth_ws/install/joy_teleop/lib/python3.8/site-packages:/home/f1/f1tenth_ws/install/teleop_tools_msgs/lib/python3.8/site-packages:/home/f1/f1tenth_ws/build/pygame_key_teleop:/home/f1/f1tenth_ws/install/pygame_key_teleop/lib/python3.8/site-packages:/home/f1/f1tenth_ws/build/mouse_teleop:/home/f1/f1tenth_ws/install/mouse_teleop/lib/python3.8/site-packages:/home/f1/f1tenth_ws/build/key_teleop:/home/f1/f1tenth_ws/install/key_teleop/lib/python3.8/site-packages:/home/f1/f1tenth_ws/install/f1tenth_path_planner/lib/python3.8/site-packages:/opt/ros/foxy/lib/python3.8/site-packages /usr/bin/cmake --install /home/f1/f1tenth_ws/build/vesc_ackermann
[55.024s] Level 1:colcon.colcon_core.environment:create_environment_scripts_only(vesc_ackermann)
[55.032s] DEBUG:colcon.colcon_core.event_handler.log_command:Invoked command in '/home/f1/f1tenth_ws/build/vesc_ackermann' returned '0': CMAKE_PREFIX_PATH=/home/f1/f1tenth_ws/install/vesc_msgs:/home/f1/f1tenth_ws/install/f1tenth_slam_nav:/home/f1/f1tenth_ws/install/vesc:/home/f1/f1tenth_ws/install/vesc_driver:/home/f1/f1tenth_ws/install/vesc_ackermann:/home/f1/f1tenth_ws/install/teleop_tools:/home/f1/f1tenth_ws/install/teleop_tools_msgs:/home/f1/f1tenth_ws/install/path_planner:/home/f1/f1tenth_ws/install/path_follow:/home/f1/f1tenth_ws/install/lidar_processing:/home/f1/f1tenth_ws/install/center_follow_cpp:/home/f1/f1tenth_ws/install/ackermann_mux:/home/f1/f1tenth_ws/install/f1tenth_stack:/home/f1/f1tenth_ws/install/joy_teleop:/home/f1/f1tenth_ws/install/pygame_key_teleop:/home/f1/f1tenth_ws/install/mouse_teleop:/home/f1/f1tenth_ws/install/key_teleop:/home/f1/f1tenth_ws/install/f1tenth_path_planner:/opt/ros/foxy CONDA_PROMPT_MODIFIER=(base) LD_LIBRARY_PATH=/home/f1/f1tenth_ws/install/vesc_msgs/lib:/home/f1/f1tenth_ws/install/vesc_driver/lib:/home/f1/f1tenth_ws/install/vesc_ackermann/lib:/home/f1/f1tenth_ws/install/teleop_tools_msgs/lib:/opt/ros/foxy/opt/yaml_cpp_vendor/lib:/opt/ros/foxy/opt/rviz_ogre_vendor/lib:/opt/ros/foxy/lib/aarch64-linux-gnu:/opt/ros/foxy/lib PYTHONPATH=/home/f1/f1tenth_ws/install/vesc_msgs/lib/python3.8/site-packages:/home/f1/f1tenth_ws/install/f1tenth_slam_nav/lib/python3.8/site-packages:/home/f1/f1tenth_ws/build/f1tenth_stack:/home/f1/f1tenth_ws/install/f1tenth_stack/lib/python3.8/site-packages:/home/f1/f1tenth_ws/build/joy_teleop:/home/f1/f1tenth_ws/install/joy_teleop/lib/python3.8/site-packages:/home/f1/f1tenth_ws/install/teleop_tools_msgs/lib/python3.8/site-packages:/home/f1/f1tenth_ws/build/pygame_key_teleop:/home/f1/f1tenth_ws/install/pygame_key_teleop/lib/python3.8/site-packages:/home/f1/f1tenth_ws/build/mouse_teleop:/home/f1/f1tenth_ws/install/mouse_teleop/lib/python3.8/site-packages:/home/f1/f1tenth_ws/build/key_teleop:/home/f1/f1tenth_ws/install/key_teleop/lib/python3.8/site-packages:/home/f1/f1tenth_ws/install/f1tenth_path_planner/lib/python3.8/site-packages:/opt/ros/foxy/lib/python3.8/site-packages /usr/bin/cmake --install /home/f1/f1tenth_ws/build/vesc_ackermann
[55.057s] Level 1:colcon.colcon_core.environment:checking '/home/f1/f1tenth_ws/install/vesc_ackermann' for CMake module files
[55.063s] Level 1:colcon.colcon_core.environment:checking '/home/f1/f1tenth_ws/install/vesc_ackermann' for CMake config files
[55.066s] Level 1:colcon.colcon_core.shell:create_environment_hook('vesc_ackermann', 'cmake_prefix_path')
[55.069s] INFO:colcon.colcon_core.shell:Creating environment hook '/home/f1/f1tenth_ws/install/vesc_ackermann/share/vesc_ackermann/hook/cmake_prefix_path.ps1'
[55.077s] INFO:colcon.colcon_core.shell:Creating environment descriptor '/home/f1/f1tenth_ws/install/vesc_ackermann/share/vesc_ackermann/hook/cmake_prefix_path.dsv'
[55.082s] INFO:colcon.colcon_core.shell:Creating environment hook '/home/f1/f1tenth_ws/install/vesc_ackermann/share/vesc_ackermann/hook/cmake_prefix_path.sh'
[55.090s] Level 1:colcon.colcon_core.environment:checking '/home/f1/f1tenth_ws/install/vesc_ackermann/lib'
[55.091s] Level 1:colcon.colcon_core.shell:create_environment_hook('vesc_ackermann', 'ld_library_path_lib')
[55.093s] INFO:colcon.colcon_core.shell:Creating environment hook '/home/f1/f1tenth_ws/install/vesc_ackermann/share/vesc_ackermann/hook/ld_library_path_lib.ps1'
[55.099s] INFO:colcon.colcon_core.shell:Creating environment descriptor '/home/f1/f1tenth_ws/install/vesc_ackermann/share/vesc_ackermann/hook/ld_library_path_lib.dsv'
[55.102s] INFO:colcon.colcon_core.shell:Creating environment hook '/home/f1/f1tenth_ws/install/vesc_ackermann/share/vesc_ackermann/hook/ld_library_path_lib.sh'
[55.106s] Level 1:colcon.colcon_core.environment:checking '/home/f1/f1tenth_ws/install/vesc_ackermann/bin'
[55.107s] Level 1:colcon.colcon_core.environment:checking '/home/f1/f1tenth_ws/install/vesc_ackermann/lib/pkgconfig/vesc_ackermann.pc'
[55.109s] Level 1:colcon.colcon_core.environment:checking '/home/f1/f1tenth_ws/install/vesc_ackermann/lib/python3.8/site-packages'
[55.110s] Level 1:colcon.colcon_core.environment:checking '/home/f1/f1tenth_ws/install/vesc_ackermann/bin'
[55.119s] INFO:colcon.colcon_core.shell:Creating package script '/home/f1/f1tenth_ws/install/vesc_ackermann/share/vesc_ackermann/package.ps1'
[55.125s] INFO:colcon.colcon_core.shell:Creating package descriptor '/home/f1/f1tenth_ws/install/vesc_ackermann/share/vesc_ackermann/package.dsv'
[55.130s] INFO:colcon.colcon_core.shell:Creating package script '/home/f1/f1tenth_ws/install/vesc_ackermann/share/vesc_ackermann/package.sh'
[55.136s] INFO:colcon.colcon_core.shell:Creating package script '/home/f1/f1tenth_ws/install/vesc_ackermann/share/vesc_ackermann/package.bash'
[55.142s] INFO:colcon.colcon_core.shell:Creating package script '/home/f1/f1tenth_ws/install/vesc_ackermann/share/vesc_ackermann/package.zsh'
[55.150s] Level 1:colcon.colcon_core.environment:create_file_with_runtime_dependencies(/home/f1/f1tenth_ws/install/vesc_ackermann/share/colcon-core/packages/vesc_ackermann)
[55.156s] Level 1:colcon.colcon_core.environment:create_environment_scripts_only(vesc_ackermann)
[55.157s] Level 1:colcon.colcon_core.environment:checking '/home/f1/f1tenth_ws/install/vesc_ackermann' for CMake module files
[55.161s] Level 1:colcon.colcon_core.environment:checking '/home/f1/f1tenth_ws/install/vesc_ackermann' for CMake config files
[55.164s] Level 1:colcon.colcon_core.shell:create_environment_hook('vesc_ackermann', 'cmake_prefix_path')
[55.165s] INFO:colcon.colcon_core.shell:Creating environment hook '/home/f1/f1tenth_ws/install/vesc_ackermann/share/vesc_ackermann/hook/cmake_prefix_path.ps1'
[55.170s] INFO:colcon.colcon_core.shell:Creating environment descriptor '/home/f1/f1tenth_ws/install/vesc_ackermann/share/vesc_ackermann/hook/cmake_prefix_path.dsv'
[55.173s] INFO:colcon.colcon_core.shell:Creating environment hook '/home/f1/f1tenth_ws/install/vesc_ackermann/share/vesc_ackermann/hook/cmake_prefix_path.sh'
[55.179s] Level 1:colcon.colcon_core.environment:checking '/home/f1/f1tenth_ws/install/vesc_ackermann/lib'
[55.180s] Level 1:colcon.colcon_core.shell:create_environment_hook('vesc_ackermann', 'ld_library_path_lib')
[55.183s] INFO:colcon.colcon_core.shell:Creating environment hook '/home/f1/f1tenth_ws/install/vesc_ackermann/share/vesc_ackermann/hook/ld_library_path_lib.ps1'
[55.188s] INFO:colcon.colcon_core.shell:Creating environment descriptor '/home/f1/f1tenth_ws/install/vesc_ackermann/share/vesc_ackermann/hook/ld_library_path_lib.dsv'
[55.191s] INFO:colcon.colcon_core.shell:Creating environment hook '/home/f1/f1tenth_ws/install/vesc_ackermann/share/vesc_ackermann/hook/ld_library_path_lib.sh'
[55.196s] Level 1:colcon.colcon_core.environment:checking '/home/f1/f1tenth_ws/install/vesc_ackermann/bin'
[55.198s] Level 1:colcon.colcon_core.environment:checking '/home/f1/f1tenth_ws/install/vesc_ackermann/lib/pkgconfig/vesc_ackermann.pc'
[55.200s] Level 1:colcon.colcon_core.environment:checking '/home/f1/f1tenth_ws/install/vesc_ackermann/lib/python3.8/site-packages'
[55.201s] Level 1:colcon.colcon_core.environment:checking '/home/f1/f1tenth_ws/install/vesc_ackermann/bin'
[55.205s] INFO:colcon.colcon_core.shell:Creating package script '/home/f1/f1tenth_ws/install/vesc_ackermann/share/vesc_ackermann/package.ps1'
[55.210s] INFO:colcon.colcon_core.shell:Creating package descriptor '/home/f1/f1tenth_ws/install/vesc_ackermann/share/vesc_ackermann/package.dsv'
[55.214s] INFO:colcon.colcon_core.shell:Creating package script '/home/f1/f1tenth_ws/install/vesc_ackermann/share/vesc_ackermann/package.sh'
[55.218s] INFO:colcon.colcon_core.shell:Creating package script '/home/f1/f1tenth_ws/install/vesc_ackermann/share/vesc_ackermann/package.bash'
[55.221s] INFO:colcon.colcon_core.shell:Creating package script '/home/f1/f1tenth_ws/install/vesc_ackermann/share/vesc_ackermann/package.zsh'
[55.224s] Level 1:colcon.colcon_core.environment:create_file_with_runtime_dependencies(/home/f1/f1tenth_ws/install/vesc_ackermann/share/colcon-core/packages/vesc_ackermann)
[55.228s] DEBUG:colcon.colcon_parallel_executor.executor.parallel:closing loop
[55.229s] DEBUG:colcon.colcon_parallel_executor.executor.parallel:loop closed
[55.231s] DEBUG:colcon.colcon_parallel_executor.executor.parallel:run_until_complete finished with '0'
[55.232s] DEBUG:colcon.colcon_core.event_reactor:joining thread
[55.277s] INFO:colcon.colcon_core.plugin_system:Skipping extension 'colcon_notification.desktop_notification.terminal_notifier': Not used on non-Darwin systems
[55.278s] INFO:colcon.colcon_core.plugin_system:Skipping extension 'colcon_notification.desktop_notification.win32': Not used on non-Windows systems
[55.279s] INFO:colcon.colcon_notification.desktop_notification:Sending desktop notification using 'notify2'
[55.403s] DEBUG:colcon.colcon_core.event_reactor:joined thread
[55.405s] INFO:colcon.colcon_core.shell:Creating prefix script '/home/f1/f1tenth_ws/install/local_setup.ps1'
[55.415s] INFO:colcon.colcon_core.shell:Creating prefix util module '/home/f1/f1tenth_ws/install/_local_setup_util_ps1.py'
[55.426s] INFO:colcon.colcon_core.shell:Creating prefix chain script '/home/f1/f1tenth_ws/install/setup.ps1'
[55.439s] INFO:colcon.colcon_core.shell:Creating prefix script '/home/f1/f1tenth_ws/install/local_setup.sh'
[55.444s] INFO:colcon.colcon_core.shell:Creating prefix util module '/home/f1/f1tenth_ws/install/_local_setup_util_sh.py'
[55.449s] INFO:colcon.colcon_core.shell:Creating prefix chain script '/home/f1/f1tenth_ws/install/setup.sh'
[55.462s] INFO:colcon.colcon_core.shell:Creating prefix script '/home/f1/f1tenth_ws/install/local_setup.bash'
[55.467s] INFO:colcon.colcon_core.shell:Creating prefix chain script '/home/f1/f1tenth_ws/install/setup.bash'
[55.480s] INFO:colcon.colcon_core.shell:Creating prefix script '/home/f1/f1tenth_ws/install/local_setup.zsh'
[55.484s] INFO:colcon.colcon_core.shell:Creating prefix chain script '/home/f1/f1tenth_ws/install/setup.zsh'
