[0.220s] DEBUG:colcon:Command line arguments: ['/usr/bin/colcon', 'build', '--symlink-install']
[0.220s] DEBUG:colcon:Parsed command line arguments: Namespace(log_base=None, log_level=None, verb_name='build', build_base='build', install_base='install', merge_install=False, symlink_install=True, test_result_base=None, continue_on_error=False, executor='parallel', parallel_workers=16, event_handlers=None, ignore_user_meta=False, metas=['./colcon.meta'], base_paths=['.'], packages_ignore=None, packages_ignore_regex=None, paths=None, packages_up_to=None, packages_up_to_regex=None, packages_above=None, packages_above_and_dependencies=None, packages_above_depth=None, packages_select_by_dep=None, packages_skip_by_dep=None, packages_skip_up_to=None, packages_select_build_failed=False, packages_skip_build_finished=False, packages_select_test_failures=False, packages_skip_test_passed=False, packages_select=None, packages_skip=None, packages_select_regex=None, packages_skip_regex=None, packages_start=None, packages_end=None, allow_overriding=[], cmake_args=None, cmake_target=None, cmake_target_skip_unavailable=False, cmake_clean_cache=False, cmake_clean_first=False, cmake_force_configure=False, ament_cmake_args=None, catkin_cmake_args=None, catkin_skip_building_tests=False, mixin_files=None, mixin=None, verb_parser=<colcon_mixin.mixin.mixin_argument.MixinArgumentDecorator object at 0x7946fe0f27a0>, verb_extension=<colcon_core.verb.build.BuildVerb object at 0x7946fe263670>, main=<bound method BuildVerb.main of <colcon_core.verb.build.BuildVerb object at 0x7946fe263670>>, mixin_verb=('build',))
[0.539s] Level 1:colcon.colcon_core.package_discovery:discover_packages(colcon_meta) check parameters
[0.539s] Level 1:colcon.colcon_core.package_discovery:discover_packages(recursive) check parameters
[0.539s] Level 1:colcon.colcon_core.package_discovery:discover_packages(ignore) check parameters
[0.539s] Level 1:colcon.colcon_core.package_discovery:discover_packages(path) check parameters
[0.539s] Level 1:colcon.colcon_core.package_discovery:discover_packages(colcon_meta) discover
[0.540s] Level 1:colcon.colcon_core.package_discovery:discover_packages(recursive) discover
[0.540s] INFO:colcon.colcon_core.package_discovery:Crawling recursively for packages in '/home/sh/projects/f1tenth_miru3'
[0.540s] Level 1:colcon.colcon_core.package_identification:_identify(.) by extensions ['ignore', 'ignore_ament_install']
[0.540s] Level 1:colcon.colcon_core.package_identification:_identify(.) by extension 'ignore'
[0.540s] Level 1:colcon.colcon_core.package_identification:_identify(.) by extension 'ignore_ament_install'
[0.540s] Level 1:colcon.colcon_core.package_identification:_identify(.) by extensions ['colcon_pkg']
[0.540s] Level 1:colcon.colcon_core.package_identification:_identify(.) by extension 'colcon_pkg'
[0.540s] Level 1:colcon.colcon_core.package_identification:_identify(.) by extensions ['colcon_meta']
[0.541s] Level 1:colcon.colcon_core.package_identification:_identify(.) by extension 'colcon_meta'
[0.541s] Level 1:colcon.colcon_core.package_identification:_identify(.) by extensions ['ros']
[0.541s] Level 1:colcon.colcon_core.package_identification:_identify(.) by extension 'ros'
[0.563s] Level 1:colcon.colcon_core.package_identification:_identify(.) by extensions ['cmake', 'python']
[0.564s] Level 1:colcon.colcon_core.package_identification:_identify(.) by extension 'cmake'
[0.564s] Level 1:colcon.colcon_core.package_identification:_identify(.) by extension 'python'
[0.564s] Level 1:colcon.colcon_core.package_identification:_identify(.) by extensions ['python_setup_py']
[0.564s] Level 1:colcon.colcon_core.package_identification:_identify(.) by extension 'python_setup_py'
[0.564s] Level 1:colcon.colcon_core.package_identification:_identify(build) by extensions ['ignore', 'ignore_ament_install']
[0.564s] Level 1:colcon.colcon_core.package_identification:_identify(build) by extension 'ignore'
[0.564s] Level 1:colcon.colcon_core.package_identification:_identify(build) ignored
[0.565s] Level 1:colcon.colcon_core.package_identification:_identify(config) by extensions ['ignore', 'ignore_ament_install']
[0.565s] Level 1:colcon.colcon_core.package_identification:_identify(config) by extension 'ignore'
[0.565s] Level 1:colcon.colcon_core.package_identification:_identify(config) by extension 'ignore_ament_install'
[0.565s] Level 1:colcon.colcon_core.package_identification:_identify(config) by extensions ['colcon_pkg']
[0.565s] Level 1:colcon.colcon_core.package_identification:_identify(config) by extension 'colcon_pkg'
[0.565s] Level 1:colcon.colcon_core.package_identification:_identify(config) by extensions ['colcon_meta']
[0.565s] Level 1:colcon.colcon_core.package_identification:_identify(config) by extension 'colcon_meta'
[0.565s] Level 1:colcon.colcon_core.package_identification:_identify(config) by extensions ['ros']
[0.565s] Level 1:colcon.colcon_core.package_identification:_identify(config) by extension 'ros'
[0.565s] Level 1:colcon.colcon_core.package_identification:_identify(config) by extensions ['cmake', 'python']
[0.565s] Level 1:colcon.colcon_core.package_identification:_identify(config) by extension 'cmake'
[0.565s] Level 1:colcon.colcon_core.package_identification:_identify(config) by extension 'python'
[0.566s] Level 1:colcon.colcon_core.package_identification:_identify(config) by extensions ['python_setup_py']
[0.566s] Level 1:colcon.colcon_core.package_identification:_identify(config) by extension 'python_setup_py'
[0.566s] Level 1:colcon.colcon_core.package_identification:_identify(install) by extensions ['ignore', 'ignore_ament_install']
[0.566s] Level 1:colcon.colcon_core.package_identification:_identify(install) by extension 'ignore'
[0.566s] Level 1:colcon.colcon_core.package_identification:_identify(install) ignored
[0.566s] Level 1:colcon.colcon_core.package_identification:_identify(launch) by extensions ['ignore', 'ignore_ament_install']
[0.566s] Level 1:colcon.colcon_core.package_identification:_identify(launch) by extension 'ignore'
[0.566s] Level 1:colcon.colcon_core.package_identification:_identify(launch) by extension 'ignore_ament_install'
[0.566s] Level 1:colcon.colcon_core.package_identification:_identify(launch) by extensions ['colcon_pkg']
[0.566s] Level 1:colcon.colcon_core.package_identification:_identify(launch) by extension 'colcon_pkg'
[0.566s] Level 1:colcon.colcon_core.package_identification:_identify(launch) by extensions ['colcon_meta']
[0.567s] Level 1:colcon.colcon_core.package_identification:_identify(launch) by extension 'colcon_meta'
[0.567s] Level 1:colcon.colcon_core.package_identification:_identify(launch) by extensions ['ros']
[0.567s] Level 1:colcon.colcon_core.package_identification:_identify(launch) by extension 'ros'
[0.567s] Level 1:colcon.colcon_core.package_identification:_identify(launch) by extensions ['cmake', 'python']
[0.567s] Level 1:colcon.colcon_core.package_identification:_identify(launch) by extension 'cmake'
[0.567s] Level 1:colcon.colcon_core.package_identification:_identify(launch) by extension 'python'
[0.567s] Level 1:colcon.colcon_core.package_identification:_identify(launch) by extensions ['python_setup_py']
[0.567s] Level 1:colcon.colcon_core.package_identification:_identify(launch) by extension 'python_setup_py'
[0.567s] Level 1:colcon.colcon_core.package_identification:_identify(launch/__pycache__) by extensions ['ignore', 'ignore_ament_install']
[0.567s] Level 1:colcon.colcon_core.package_identification:_identify(launch/__pycache__) by extension 'ignore'
[0.567s] Level 1:colcon.colcon_core.package_identification:_identify(launch/__pycache__) by extension 'ignore_ament_install'
[0.567s] Level 1:colcon.colcon_core.package_identification:_identify(launch/__pycache__) by extensions ['colcon_pkg']
[0.567s] Level 1:colcon.colcon_core.package_identification:_identify(launch/__pycache__) by extension 'colcon_pkg'
[0.567s] Level 1:colcon.colcon_core.package_identification:_identify(launch/__pycache__) by extensions ['colcon_meta']
[0.568s] Level 1:colcon.colcon_core.package_identification:_identify(launch/__pycache__) by extension 'colcon_meta'
[0.568s] Level 1:colcon.colcon_core.package_identification:_identify(launch/__pycache__) by extensions ['ros']
[0.568s] Level 1:colcon.colcon_core.package_identification:_identify(launch/__pycache__) by extension 'ros'
[0.568s] Level 1:colcon.colcon_core.package_identification:_identify(launch/__pycache__) by extensions ['cmake', 'python']
[0.568s] Level 1:colcon.colcon_core.package_identification:_identify(launch/__pycache__) by extension 'cmake'
[0.568s] Level 1:colcon.colcon_core.package_identification:_identify(launch/__pycache__) by extension 'python'
[0.568s] Level 1:colcon.colcon_core.package_identification:_identify(launch/__pycache__) by extensions ['python_setup_py']
[0.568s] Level 1:colcon.colcon_core.package_identification:_identify(launch/__pycache__) by extension 'python_setup_py'
[0.568s] Level 1:colcon.colcon_core.package_identification:_identify(log) by extensions ['ignore', 'ignore_ament_install']
[0.568s] Level 1:colcon.colcon_core.package_identification:_identify(log) by extension 'ignore'
[0.568s] Level 1:colcon.colcon_core.package_identification:_identify(log) ignored
[0.568s] Level 1:colcon.colcon_core.package_identification:_identify(maps_racelines) by extensions ['ignore', 'ignore_ament_install']
[0.569s] Level 1:colcon.colcon_core.package_identification:_identify(maps_racelines) by extension 'ignore'
[0.569s] Level 1:colcon.colcon_core.package_identification:_identify(maps_racelines) by extension 'ignore_ament_install'
[0.569s] Level 1:colcon.colcon_core.package_identification:_identify(maps_racelines) by extensions ['colcon_pkg']
[0.569s] Level 1:colcon.colcon_core.package_identification:_identify(maps_racelines) by extension 'colcon_pkg'
[0.569s] Level 1:colcon.colcon_core.package_identification:_identify(maps_racelines) by extensions ['colcon_meta']
[0.569s] Level 1:colcon.colcon_core.package_identification:_identify(maps_racelines) by extension 'colcon_meta'
[0.569s] Level 1:colcon.colcon_core.package_identification:_identify(maps_racelines) by extensions ['ros']
[0.569s] Level 1:colcon.colcon_core.package_identification:_identify(maps_racelines) by extension 'ros'
[0.569s] Level 1:colcon.colcon_core.package_identification:_identify(maps_racelines) by extensions ['cmake', 'python']
[0.569s] Level 1:colcon.colcon_core.package_identification:_identify(maps_racelines) by extension 'cmake'
[0.569s] Level 1:colcon.colcon_core.package_identification:_identify(maps_racelines) by extension 'python'
[0.569s] Level 1:colcon.colcon_core.package_identification:_identify(maps_racelines) by extensions ['python_setup_py']
[0.569s] Level 1:colcon.colcon_core.package_identification:_identify(maps_racelines) by extension 'python_setup_py'
[0.569s] Level 1:colcon.colcon_core.package_identification:_identify(maps_racelines/raceline) by extensions ['ignore', 'ignore_ament_install']
[0.570s] Level 1:colcon.colcon_core.package_identification:_identify(maps_racelines/raceline) by extension 'ignore'
[0.570s] Level 1:colcon.colcon_core.package_identification:_identify(maps_racelines/raceline) by extension 'ignore_ament_install'
[0.570s] Level 1:colcon.colcon_core.package_identification:_identify(maps_racelines/raceline) by extensions ['colcon_pkg']
[0.570s] Level 1:colcon.colcon_core.package_identification:_identify(maps_racelines/raceline) by extension 'colcon_pkg'
[0.570s] Level 1:colcon.colcon_core.package_identification:_identify(maps_racelines/raceline) by extensions ['colcon_meta']
[0.570s] Level 1:colcon.colcon_core.package_identification:_identify(maps_racelines/raceline) by extension 'colcon_meta'
[0.570s] Level 1:colcon.colcon_core.package_identification:_identify(maps_racelines/raceline) by extensions ['ros']
[0.570s] Level 1:colcon.colcon_core.package_identification:_identify(maps_racelines/raceline) by extension 'ros'
[0.570s] Level 1:colcon.colcon_core.package_identification:_identify(maps_racelines/raceline) by extensions ['cmake', 'python']
[0.570s] Level 1:colcon.colcon_core.package_identification:_identify(maps_racelines/raceline) by extension 'cmake'
[0.570s] Level 1:colcon.colcon_core.package_identification:_identify(maps_racelines/raceline) by extension 'python'
[0.570s] Level 1:colcon.colcon_core.package_identification:_identify(maps_racelines/raceline) by extensions ['python_setup_py']
[0.570s] Level 1:colcon.colcon_core.package_identification:_identify(maps_racelines/raceline) by extension 'python_setup_py'
[0.570s] Level 1:colcon.colcon_core.package_identification:_identify(maps_racelines_) by extensions ['ignore', 'ignore_ament_install']
[0.571s] Level 1:colcon.colcon_core.package_identification:_identify(maps_racelines_) by extension 'ignore'
[0.571s] Level 1:colcon.colcon_core.package_identification:_identify(maps_racelines_) by extension 'ignore_ament_install'
[0.571s] Level 1:colcon.colcon_core.package_identification:_identify(maps_racelines_) by extensions ['colcon_pkg']
[0.571s] Level 1:colcon.colcon_core.package_identification:_identify(maps_racelines_) by extension 'colcon_pkg'
[0.571s] Level 1:colcon.colcon_core.package_identification:_identify(maps_racelines_) by extensions ['colcon_meta']
[0.571s] Level 1:colcon.colcon_core.package_identification:_identify(maps_racelines_) by extension 'colcon_meta'
[0.571s] Level 1:colcon.colcon_core.package_identification:_identify(maps_racelines_) by extensions ['ros']
[0.571s] Level 1:colcon.colcon_core.package_identification:_identify(maps_racelines_) by extension 'ros'
[0.571s] Level 1:colcon.colcon_core.package_identification:_identify(maps_racelines_) by extensions ['cmake', 'python']
[0.571s] Level 1:colcon.colcon_core.package_identification:_identify(maps_racelines_) by extension 'cmake'
[0.571s] Level 1:colcon.colcon_core.package_identification:_identify(maps_racelines_) by extension 'python'
[0.571s] Level 1:colcon.colcon_core.package_identification:_identify(maps_racelines_) by extensions ['python_setup_py']
[0.571s] Level 1:colcon.colcon_core.package_identification:_identify(maps_racelines_) by extension 'python_setup_py'
[0.572s] Level 1:colcon.colcon_core.package_identification:_identify(maps_racelines_/maps) by extensions ['ignore', 'ignore_ament_install']
[0.572s] Level 1:colcon.colcon_core.package_identification:_identify(maps_racelines_/maps) by extension 'ignore'
[0.572s] Level 1:colcon.colcon_core.package_identification:_identify(maps_racelines_/maps) by extension 'ignore_ament_install'
[0.572s] Level 1:colcon.colcon_core.package_identification:_identify(maps_racelines_/maps) by extensions ['colcon_pkg']
[0.572s] Level 1:colcon.colcon_core.package_identification:_identify(maps_racelines_/maps) by extension 'colcon_pkg'
[0.572s] Level 1:colcon.colcon_core.package_identification:_identify(maps_racelines_/maps) by extensions ['colcon_meta']
[0.572s] Level 1:colcon.colcon_core.package_identification:_identify(maps_racelines_/maps) by extension 'colcon_meta'
[0.572s] Level 1:colcon.colcon_core.package_identification:_identify(maps_racelines_/maps) by extensions ['ros']
[0.572s] Level 1:colcon.colcon_core.package_identification:_identify(maps_racelines_/maps) by extension 'ros'
[0.572s] Level 1:colcon.colcon_core.package_identification:_identify(maps_racelines_/maps) by extensions ['cmake', 'python']
[0.572s] Level 1:colcon.colcon_core.package_identification:_identify(maps_racelines_/maps) by extension 'cmake'
[0.572s] Level 1:colcon.colcon_core.package_identification:_identify(maps_racelines_/maps) by extension 'python'
[0.573s] Level 1:colcon.colcon_core.package_identification:_identify(maps_racelines_/maps) by extensions ['python_setup_py']
[0.573s] Level 1:colcon.colcon_core.package_identification:_identify(maps_racelines_/maps) by extension 'python_setup_py'
[0.573s] Level 1:colcon.colcon_core.package_identification:_identify(maps_racelines_/raceline) by extensions ['ignore', 'ignore_ament_install']
[0.573s] Level 1:colcon.colcon_core.package_identification:_identify(maps_racelines_/raceline) by extension 'ignore'
[0.573s] Level 1:colcon.colcon_core.package_identification:_identify(maps_racelines_/raceline) by extension 'ignore_ament_install'
[0.573s] Level 1:colcon.colcon_core.package_identification:_identify(maps_racelines_/raceline) by extensions ['colcon_pkg']
[0.573s] Level 1:colcon.colcon_core.package_identification:_identify(maps_racelines_/raceline) by extension 'colcon_pkg'
[0.573s] Level 1:colcon.colcon_core.package_identification:_identify(maps_racelines_/raceline) by extensions ['colcon_meta']
[0.573s] Level 1:colcon.colcon_core.package_identification:_identify(maps_racelines_/raceline) by extension 'colcon_meta'
[0.573s] Level 1:colcon.colcon_core.package_identification:_identify(maps_racelines_/raceline) by extensions ['ros']
[0.573s] Level 1:colcon.colcon_core.package_identification:_identify(maps_racelines_/raceline) by extension 'ros'
[0.574s] Level 1:colcon.colcon_core.package_identification:_identify(maps_racelines_/raceline) by extensions ['cmake', 'python']
[0.574s] Level 1:colcon.colcon_core.package_identification:_identify(maps_racelines_/raceline) by extension 'cmake'
[0.574s] Level 1:colcon.colcon_core.package_identification:_identify(maps_racelines_/raceline) by extension 'python'
[0.574s] Level 1:colcon.colcon_core.package_identification:_identify(maps_racelines_/raceline) by extensions ['python_setup_py']
[0.574s] Level 1:colcon.colcon_core.package_identification:_identify(maps_racelines_/raceline) by extension 'python_setup_py'
[0.574s] Level 1:colcon.colcon_core.package_identification:_identify(maps_racelines_/src) by extensions ['ignore', 'ignore_ament_install']
[0.574s] Level 1:colcon.colcon_core.package_identification:_identify(maps_racelines_/src) by extension 'ignore'
[0.574s] Level 1:colcon.colcon_core.package_identification:_identify(maps_racelines_/src) by extension 'ignore_ament_install'
[0.574s] Level 1:colcon.colcon_core.package_identification:_identify(maps_racelines_/src) by extensions ['colcon_pkg']
[0.574s] Level 1:colcon.colcon_core.package_identification:_identify(maps_racelines_/src) by extension 'colcon_pkg'
[0.574s] Level 1:colcon.colcon_core.package_identification:_identify(maps_racelines_/src) by extensions ['colcon_meta']
[0.574s] Level 1:colcon.colcon_core.package_identification:_identify(maps_racelines_/src) by extension 'colcon_meta'
[0.574s] Level 1:colcon.colcon_core.package_identification:_identify(maps_racelines_/src) by extensions ['ros']
[0.574s] Level 1:colcon.colcon_core.package_identification:_identify(maps_racelines_/src) by extension 'ros'
[0.575s] Level 1:colcon.colcon_core.package_identification:_identify(maps_racelines_/src) by extensions ['cmake', 'python']
[0.575s] Level 1:colcon.colcon_core.package_identification:_identify(maps_racelines_/src) by extension 'cmake'
[0.575s] Level 1:colcon.colcon_core.package_identification:_identify(maps_racelines_/src) by extension 'python'
[0.575s] Level 1:colcon.colcon_core.package_identification:_identify(maps_racelines_/src) by extensions ['python_setup_py']
[0.575s] Level 1:colcon.colcon_core.package_identification:_identify(maps_racelines_/src) by extension 'python_setup_py'
[0.575s] Level 1:colcon.colcon_core.package_identification:_identify(maps_racelines_/src/params) by extensions ['ignore', 'ignore_ament_install']
[0.575s] Level 1:colcon.colcon_core.package_identification:_identify(maps_racelines_/src/params) by extension 'ignore'
[0.575s] Level 1:colcon.colcon_core.package_identification:_identify(maps_racelines_/src/params) by extension 'ignore_ament_install'
[0.575s] Level 1:colcon.colcon_core.package_identification:_identify(maps_racelines_/src/params) by extensions ['colcon_pkg']
[0.575s] Level 1:colcon.colcon_core.package_identification:_identify(maps_racelines_/src/params) by extension 'colcon_pkg'
[0.575s] Level 1:colcon.colcon_core.package_identification:_identify(maps_racelines_/src/params) by extensions ['colcon_meta']
[0.575s] Level 1:colcon.colcon_core.package_identification:_identify(maps_racelines_/src/params) by extension 'colcon_meta'
[0.576s] Level 1:colcon.colcon_core.package_identification:_identify(maps_racelines_/src/params) by extensions ['ros']
[0.576s] Level 1:colcon.colcon_core.package_identification:_identify(maps_racelines_/src/params) by extension 'ros'
[0.576s] Level 1:colcon.colcon_core.package_identification:_identify(maps_racelines_/src/params) by extensions ['cmake', 'python']
[0.576s] Level 1:colcon.colcon_core.package_identification:_identify(maps_racelines_/src/params) by extension 'cmake'
[0.576s] Level 1:colcon.colcon_core.package_identification:_identify(maps_racelines_/src/params) by extension 'python'
[0.576s] Level 1:colcon.colcon_core.package_identification:_identify(maps_racelines_/src/params) by extensions ['python_setup_py']
[0.576s] Level 1:colcon.colcon_core.package_identification:_identify(maps_racelines_/src/params) by extension 'python_setup_py'
[0.576s] Level 1:colcon.colcon_core.package_identification:_identify(maps_racelines_/src/temp) by extensions ['ignore', 'ignore_ament_install']
[0.576s] Level 1:colcon.colcon_core.package_identification:_identify(maps_racelines_/src/temp) by extension 'ignore'
[0.576s] Level 1:colcon.colcon_core.package_identification:_identify(maps_racelines_/src/temp) by extension 'ignore_ament_install'
[0.576s] Level 1:colcon.colcon_core.package_identification:_identify(maps_racelines_/src/temp) by extensions ['colcon_pkg']
[0.577s] Level 1:colcon.colcon_core.package_identification:_identify(maps_racelines_/src/temp) by extension 'colcon_pkg'
[0.577s] Level 1:colcon.colcon_core.package_identification:_identify(maps_racelines_/src/temp) by extensions ['colcon_meta']
[0.577s] Level 1:colcon.colcon_core.package_identification:_identify(maps_racelines_/src/temp) by extension 'colcon_meta'
[0.577s] Level 1:colcon.colcon_core.package_identification:_identify(maps_racelines_/src/temp) by extensions ['ros']
[0.577s] Level 1:colcon.colcon_core.package_identification:_identify(maps_racelines_/src/temp) by extension 'ros'
[0.577s] Level 1:colcon.colcon_core.package_identification:_identify(maps_racelines_/src/temp) by extensions ['cmake', 'python']
[0.577s] Level 1:colcon.colcon_core.package_identification:_identify(maps_racelines_/src/temp) by extension 'cmake'
[0.577s] Level 1:colcon.colcon_core.package_identification:_identify(maps_racelines_/src/temp) by extension 'python'
[0.577s] Level 1:colcon.colcon_core.package_identification:_identify(maps_racelines_/src/temp) by extensions ['python_setup_py']
[0.577s] Level 1:colcon.colcon_core.package_identification:_identify(maps_racelines_/src/temp) by extension 'python_setup_py'
[0.577s] Level 1:colcon.colcon_core.package_identification:_identify(rosbag) by extensions ['ignore', 'ignore_ament_install']
[0.577s] Level 1:colcon.colcon_core.package_identification:_identify(rosbag) by extension 'ignore'
[0.578s] Level 1:colcon.colcon_core.package_identification:_identify(rosbag) by extension 'ignore_ament_install'
[0.578s] Level 1:colcon.colcon_core.package_identification:_identify(rosbag) by extensions ['colcon_pkg']
[0.578s] Level 1:colcon.colcon_core.package_identification:_identify(rosbag) by extension 'colcon_pkg'
[0.578s] Level 1:colcon.colcon_core.package_identification:_identify(rosbag) by extensions ['colcon_meta']
[0.578s] Level 1:colcon.colcon_core.package_identification:_identify(rosbag) by extension 'colcon_meta'
[0.578s] Level 1:colcon.colcon_core.package_identification:_identify(rosbag) by extensions ['ros']
[0.578s] Level 1:colcon.colcon_core.package_identification:_identify(rosbag) by extension 'ros'
[0.578s] Level 1:colcon.colcon_core.package_identification:_identify(rosbag) by extensions ['cmake', 'python']
[0.578s] Level 1:colcon.colcon_core.package_identification:_identify(rosbag) by extension 'cmake'
[0.578s] Level 1:colcon.colcon_core.package_identification:_identify(rosbag) by extension 'python'
[0.578s] Level 1:colcon.colcon_core.package_identification:_identify(rosbag) by extensions ['python_setup_py']
[0.578s] Level 1:colcon.colcon_core.package_identification:_identify(rosbag) by extension 'python_setup_py'
[0.578s] Level 1:colcon.colcon_core.package_identification:_identify(rosbag/rosbag2_2025_09_18-18_36_26) by extensions ['ignore', 'ignore_ament_install']
[0.579s] Level 1:colcon.colcon_core.package_identification:_identify(rosbag/rosbag2_2025_09_18-18_36_26) by extension 'ignore'
[0.579s] Level 1:colcon.colcon_core.package_identification:_identify(rosbag/rosbag2_2025_09_18-18_36_26) by extension 'ignore_ament_install'
[0.579s] Level 1:colcon.colcon_core.package_identification:_identify(rosbag/rosbag2_2025_09_18-18_36_26) by extensions ['colcon_pkg']
[0.579s] Level 1:colcon.colcon_core.package_identification:_identify(rosbag/rosbag2_2025_09_18-18_36_26) by extension 'colcon_pkg'
[0.579s] Level 1:colcon.colcon_core.package_identification:_identify(rosbag/rosbag2_2025_09_18-18_36_26) by extensions ['colcon_meta']
[0.579s] Level 1:colcon.colcon_core.package_identification:_identify(rosbag/rosbag2_2025_09_18-18_36_26) by extension 'colcon_meta'
[0.579s] Level 1:colcon.colcon_core.package_identification:_identify(rosbag/rosbag2_2025_09_18-18_36_26) by extensions ['ros']
[0.579s] Level 1:colcon.colcon_core.package_identification:_identify(rosbag/rosbag2_2025_09_18-18_36_26) by extension 'ros'
[0.579s] Level 1:colcon.colcon_core.package_identification:_identify(rosbag/rosbag2_2025_09_18-18_36_26) by extensions ['cmake', 'python']
[0.579s] Level 1:colcon.colcon_core.package_identification:_identify(rosbag/rosbag2_2025_09_18-18_36_26) by extension 'cmake'
[0.579s] Level 1:colcon.colcon_core.package_identification:_identify(rosbag/rosbag2_2025_09_18-18_36_26) by extension 'python'
[0.579s] Level 1:colcon.colcon_core.package_identification:_identify(rosbag/rosbag2_2025_09_18-18_36_26) by extensions ['python_setup_py']
[0.579s] Level 1:colcon.colcon_core.package_identification:_identify(rosbag/rosbag2_2025_09_18-18_36_26) by extension 'python_setup_py'
[0.580s] Level 1:colcon.colcon_core.package_identification:_identify(src) by extensions ['ignore', 'ignore_ament_install']
[0.580s] Level 1:colcon.colcon_core.package_identification:_identify(src) by extension 'ignore'
[0.580s] Level 1:colcon.colcon_core.package_identification:_identify(src) by extension 'ignore_ament_install'
[0.580s] Level 1:colcon.colcon_core.package_identification:_identify(src) by extensions ['colcon_pkg']
[0.580s] Level 1:colcon.colcon_core.package_identification:_identify(src) by extension 'colcon_pkg'
[0.580s] Level 1:colcon.colcon_core.package_identification:_identify(src) by extensions ['colcon_meta']
[0.580s] Level 1:colcon.colcon_core.package_identification:_identify(src) by extension 'colcon_meta'
[0.580s] Level 1:colcon.colcon_core.package_identification:_identify(src) by extensions ['ros']
[0.580s] Level 1:colcon.colcon_core.package_identification:_identify(src) by extension 'ros'
[0.580s] Level 1:colcon.colcon_core.package_identification:_identify(src) by extensions ['cmake', 'python']
[0.580s] Level 1:colcon.colcon_core.package_identification:_identify(src) by extension 'cmake'
[0.580s] Level 1:colcon.colcon_core.package_identification:_identify(src) by extension 'python'
[0.580s] Level 1:colcon.colcon_core.package_identification:_identify(src) by extensions ['python_setup_py']
[0.580s] Level 1:colcon.colcon_core.package_identification:_identify(src) by extension 'python_setup_py'
[0.581s] Level 1:colcon.colcon_core.package_identification:_identify(src/build) by extensions ['ignore', 'ignore_ament_install']
[0.581s] Level 1:colcon.colcon_core.package_identification:_identify(src/build) by extension 'ignore'
[0.581s] Level 1:colcon.colcon_core.package_identification:_identify(src/build) ignored
[0.581s] Level 1:colcon.colcon_core.package_identification:_identify(src/center_follow_cpp) by extensions ['ignore', 'ignore_ament_install']
[0.581s] Level 1:colcon.colcon_core.package_identification:_identify(src/center_follow_cpp) by extension 'ignore'
[0.581s] Level 1:colcon.colcon_core.package_identification:_identify(src/center_follow_cpp) by extension 'ignore_ament_install'
[0.581s] Level 1:colcon.colcon_core.package_identification:_identify(src/center_follow_cpp) by extensions ['colcon_pkg']
[0.581s] Level 1:colcon.colcon_core.package_identification:_identify(src/center_follow_cpp) by extension 'colcon_pkg'
[0.581s] Level 1:colcon.colcon_core.package_identification:_identify(src/center_follow_cpp) by extensions ['colcon_meta']
[0.582s] Level 1:colcon.colcon_core.package_identification:_identify(src/center_follow_cpp) by extension 'colcon_meta'
[0.582s] Level 1:colcon.colcon_core.package_identification:_identify(src/center_follow_cpp) by extensions ['ros']
[0.582s] Level 1:colcon.colcon_core.package_identification:_identify(src/center_follow_cpp) by extension 'ros'
[0.588s] DEBUG:colcon.colcon_core.package_identification:Package 'src/center_follow_cpp' with type 'ros.ament_cmake' and name 'center_follow_cpp'
[0.588s] Level 1:colcon.colcon_core.package_identification:_identify(src/f1tenth_slam_nav) by extensions ['ignore', 'ignore_ament_install']
[0.588s] Level 1:colcon.colcon_core.package_identification:_identify(src/f1tenth_slam_nav) by extension 'ignore'
[0.588s] Level 1:colcon.colcon_core.package_identification:_identify(src/f1tenth_slam_nav) by extension 'ignore_ament_install'
[0.588s] Level 1:colcon.colcon_core.package_identification:_identify(src/f1tenth_slam_nav) by extensions ['colcon_pkg']
[0.588s] Level 1:colcon.colcon_core.package_identification:_identify(src/f1tenth_slam_nav) by extension 'colcon_pkg'
[0.589s] Level 1:colcon.colcon_core.package_identification:_identify(src/f1tenth_slam_nav) by extensions ['colcon_meta']
[0.589s] Level 1:colcon.colcon_core.package_identification:_identify(src/f1tenth_slam_nav) by extension 'colcon_meta'
[0.589s] Level 1:colcon.colcon_core.package_identification:_identify(src/f1tenth_slam_nav) by extensions ['ros']
[0.589s] Level 1:colcon.colcon_core.package_identification:_identify(src/f1tenth_slam_nav) by extension 'ros'
[0.596s] DEBUG:colcon.colcon_core.package_identification:Package 'src/f1tenth_slam_nav' with type 'ros.ament_cmake' and name 'f1tenth_slam_nav'
[0.596s] Level 1:colcon.colcon_core.package_identification:_identify(src/f1tenth_system) by extensions ['ignore', 'ignore_ament_install']
[0.596s] Level 1:colcon.colcon_core.package_identification:_identify(src/f1tenth_system) by extension 'ignore'
[0.596s] Level 1:colcon.colcon_core.package_identification:_identify(src/f1tenth_system) by extension 'ignore_ament_install'
[0.596s] Level 1:colcon.colcon_core.package_identification:_identify(src/f1tenth_system) by extensions ['colcon_pkg']
[0.596s] Level 1:colcon.colcon_core.package_identification:_identify(src/f1tenth_system) by extension 'colcon_pkg'
[0.597s] Level 1:colcon.colcon_core.package_identification:_identify(src/f1tenth_system) by extensions ['colcon_meta']
[0.597s] Level 1:colcon.colcon_core.package_identification:_identify(src/f1tenth_system) by extension 'colcon_meta'
[0.597s] Level 1:colcon.colcon_core.package_identification:_identify(src/f1tenth_system) by extensions ['ros']
[0.597s] Level 1:colcon.colcon_core.package_identification:_identify(src/f1tenth_system) by extension 'ros'
[0.597s] Level 1:colcon.colcon_core.package_identification:_identify(src/f1tenth_system) by extensions ['cmake', 'python']
[0.597s] Level 1:colcon.colcon_core.package_identification:_identify(src/f1tenth_system) by extension 'cmake'
[0.597s] Level 1:colcon.colcon_core.package_identification:_identify(src/f1tenth_system) by extension 'python'
[0.597s] Level 1:colcon.colcon_core.package_identification:_identify(src/f1tenth_system) by extensions ['python_setup_py']
[0.597s] Level 1:colcon.colcon_core.package_identification:_identify(src/f1tenth_system) by extension 'python_setup_py'
[0.597s] Level 1:colcon.colcon_core.package_identification:_identify(src/f1tenth_system/ackermann_mux) by extensions ['ignore', 'ignore_ament_install']
[0.597s] Level 1:colcon.colcon_core.package_identification:_identify(src/f1tenth_system/ackermann_mux) by extension 'ignore'
[0.597s] Level 1:colcon.colcon_core.package_identification:_identify(src/f1tenth_system/ackermann_mux) by extension 'ignore_ament_install'
[0.598s] Level 1:colcon.colcon_core.package_identification:_identify(src/f1tenth_system/ackermann_mux) by extensions ['colcon_pkg']
[0.598s] Level 1:colcon.colcon_core.package_identification:_identify(src/f1tenth_system/ackermann_mux) by extension 'colcon_pkg'
[0.598s] Level 1:colcon.colcon_core.package_identification:_identify(src/f1tenth_system/ackermann_mux) by extensions ['colcon_meta']
[0.598s] Level 1:colcon.colcon_core.package_identification:_identify(src/f1tenth_system/ackermann_mux) by extension 'colcon_meta'
[0.598s] Level 1:colcon.colcon_core.package_identification:_identify(src/f1tenth_system/ackermann_mux) by extensions ['ros']
[0.598s] Level 1:colcon.colcon_core.package_identification:_identify(src/f1tenth_system/ackermann_mux) by extension 'ros'
[0.600s] DEBUG:colcon.colcon_core.package_identification:Package 'src/f1tenth_system/ackermann_mux' with type 'ros.ament_cmake' and name 'ackermann_mux'
[0.600s] Level 1:colcon.colcon_core.package_identification:_identify(src/f1tenth_system/f1tenth_stack) by extensions ['ignore', 'ignore_ament_install']
[0.600s] Level 1:colcon.colcon_core.package_identification:_identify(src/f1tenth_system/f1tenth_stack) by extension 'ignore'
[0.600s] Level 1:colcon.colcon_core.package_identification:_identify(src/f1tenth_system/f1tenth_stack) by extension 'ignore_ament_install'
[0.600s] Level 1:colcon.colcon_core.package_identification:_identify(src/f1tenth_system/f1tenth_stack) by extensions ['colcon_pkg']
[0.600s] Level 1:colcon.colcon_core.package_identification:_identify(src/f1tenth_system/f1tenth_stack) by extension 'colcon_pkg'
[0.600s] Level 1:colcon.colcon_core.package_identification:_identify(src/f1tenth_system/f1tenth_stack) by extensions ['colcon_meta']
[0.600s] Level 1:colcon.colcon_core.package_identification:_identify(src/f1tenth_system/f1tenth_stack) by extension 'colcon_meta'
[0.600s] Level 1:colcon.colcon_core.package_identification:_identify(src/f1tenth_system/f1tenth_stack) by extensions ['ros']
[0.601s] Level 1:colcon.colcon_core.package_identification:_identify(src/f1tenth_system/f1tenth_stack) by extension 'ros'
[0.602s] DEBUG:colcon.colcon_core.package_identification:Package 'src/f1tenth_system/f1tenth_stack' with type 'ros.ament_python' and name 'f1tenth_stack'
[0.603s] Level 1:colcon.colcon_core.package_identification:_identify(src/f1tenth_system/scripts) by extensions ['ignore', 'ignore_ament_install']
[0.603s] Level 1:colcon.colcon_core.package_identification:_identify(src/f1tenth_system/scripts) by extension 'ignore'
[0.603s] Level 1:colcon.colcon_core.package_identification:_identify(src/f1tenth_system/scripts) by extension 'ignore_ament_install'
[0.603s] Level 1:colcon.colcon_core.package_identification:_identify(src/f1tenth_system/scripts) by extensions ['colcon_pkg']
[0.603s] Level 1:colcon.colcon_core.package_identification:_identify(src/f1tenth_system/scripts) by extension 'colcon_pkg'
[0.603s] Level 1:colcon.colcon_core.package_identification:_identify(src/f1tenth_system/scripts) by extensions ['colcon_meta']
[0.603s] Level 1:colcon.colcon_core.package_identification:_identify(src/f1tenth_system/scripts) by extension 'colcon_meta'
[0.603s] Level 1:colcon.colcon_core.package_identification:_identify(src/f1tenth_system/scripts) by extensions ['ros']
[0.603s] Level 1:colcon.colcon_core.package_identification:_identify(src/f1tenth_system/scripts) by extension 'ros'
[0.603s] Level 1:colcon.colcon_core.package_identification:_identify(src/f1tenth_system/scripts) by extensions ['cmake', 'python']
[0.603s] Level 1:colcon.colcon_core.package_identification:_identify(src/f1tenth_system/scripts) by extension 'cmake'
[0.603s] Level 1:colcon.colcon_core.package_identification:_identify(src/f1tenth_system/scripts) by extension 'python'
[0.603s] Level 1:colcon.colcon_core.package_identification:_identify(src/f1tenth_system/scripts) by extensions ['python_setup_py']
[0.604s] Level 1:colcon.colcon_core.package_identification:_identify(src/f1tenth_system/scripts) by extension 'python_setup_py'
[0.604s] Level 1:colcon.colcon_core.package_identification:_identify(src/f1tenth_system/teleop_tools) by extensions ['ignore', 'ignore_ament_install']
[0.604s] Level 1:colcon.colcon_core.package_identification:_identify(src/f1tenth_system/teleop_tools) by extension 'ignore'
[0.604s] Level 1:colcon.colcon_core.package_identification:_identify(src/f1tenth_system/teleop_tools) by extension 'ignore_ament_install'
[0.604s] Level 1:colcon.colcon_core.package_identification:_identify(src/f1tenth_system/teleop_tools) by extensions ['colcon_pkg']
[0.604s] Level 1:colcon.colcon_core.package_identification:_identify(src/f1tenth_system/teleop_tools) by extension 'colcon_pkg'
[0.604s] Level 1:colcon.colcon_core.package_identification:_identify(src/f1tenth_system/teleop_tools) by extensions ['colcon_meta']
[0.604s] Level 1:colcon.colcon_core.package_identification:_identify(src/f1tenth_system/teleop_tools) by extension 'colcon_meta'
[0.604s] Level 1:colcon.colcon_core.package_identification:_identify(src/f1tenth_system/teleop_tools) by extensions ['ros']
[0.604s] Level 1:colcon.colcon_core.package_identification:_identify(src/f1tenth_system/teleop_tools) by extension 'ros'
[0.604s] Level 1:colcon.colcon_core.package_identification:_identify(src/f1tenth_system/teleop_tools) by extensions ['cmake', 'python']
[0.605s] Level 1:colcon.colcon_core.package_identification:_identify(src/f1tenth_system/teleop_tools) by extension 'cmake'
[0.605s] Level 1:colcon.colcon_core.package_identification:_identify(src/f1tenth_system/teleop_tools) by extension 'python'
[0.605s] Level 1:colcon.colcon_core.package_identification:_identify(src/f1tenth_system/teleop_tools) by extensions ['python_setup_py']
[0.605s] Level 1:colcon.colcon_core.package_identification:_identify(src/f1tenth_system/teleop_tools) by extension 'python_setup_py'
[0.605s] Level 1:colcon.colcon_core.package_identification:_identify(src/f1tenth_system/teleop_tools/joy_teleop) by extensions ['ignore', 'ignore_ament_install']
[0.605s] Level 1:colcon.colcon_core.package_identification:_identify(src/f1tenth_system/teleop_tools/joy_teleop) by extension 'ignore'
[0.605s] Level 1:colcon.colcon_core.package_identification:_identify(src/f1tenth_system/teleop_tools/joy_teleop) by extension 'ignore_ament_install'
[0.605s] Level 1:colcon.colcon_core.package_identification:_identify(src/f1tenth_system/teleop_tools/joy_teleop) by extensions ['colcon_pkg']
[0.605s] Level 1:colcon.colcon_core.package_identification:_identify(src/f1tenth_system/teleop_tools/joy_teleop) by extension 'colcon_pkg'
[0.605s] Level 1:colcon.colcon_core.package_identification:_identify(src/f1tenth_system/teleop_tools/joy_teleop) by extensions ['colcon_meta']
[0.605s] Level 1:colcon.colcon_core.package_identification:_identify(src/f1tenth_system/teleop_tools/joy_teleop) by extension 'colcon_meta'
[0.605s] Level 1:colcon.colcon_core.package_identification:_identify(src/f1tenth_system/teleop_tools/joy_teleop) by extensions ['ros']
[0.605s] Level 1:colcon.colcon_core.package_identification:_identify(src/f1tenth_system/teleop_tools/joy_teleop) by extension 'ros'
[0.607s] DEBUG:colcon.colcon_core.package_identification:Package 'src/f1tenth_system/teleop_tools/joy_teleop' with type 'ros.ament_python' and name 'joy_teleop'
[0.607s] Level 1:colcon.colcon_core.package_identification:_identify(src/f1tenth_system/teleop_tools/key_teleop) by extensions ['ignore', 'ignore_ament_install']
[0.607s] Level 1:colcon.colcon_core.package_identification:_identify(src/f1tenth_system/teleop_tools/key_teleop) by extension 'ignore'
[0.607s] Level 1:colcon.colcon_core.package_identification:_identify(src/f1tenth_system/teleop_tools/key_teleop) by extension 'ignore_ament_install'
[0.608s] Level 1:colcon.colcon_core.package_identification:_identify(src/f1tenth_system/teleop_tools/key_teleop) by extensions ['colcon_pkg']
[0.608s] Level 1:colcon.colcon_core.package_identification:_identify(src/f1tenth_system/teleop_tools/key_teleop) by extension 'colcon_pkg'
[0.608s] Level 1:colcon.colcon_core.package_identification:_identify(src/f1tenth_system/teleop_tools/key_teleop) by extensions ['colcon_meta']
[0.608s] Level 1:colcon.colcon_core.package_identification:_identify(src/f1tenth_system/teleop_tools/key_teleop) by extension 'colcon_meta'
[0.608s] Level 1:colcon.colcon_core.package_identification:_identify(src/f1tenth_system/teleop_tools/key_teleop) by extensions ['ros']
[0.608s] Level 1:colcon.colcon_core.package_identification:_identify(src/f1tenth_system/teleop_tools/key_teleop) by extension 'ros'
[0.609s] DEBUG:colcon.colcon_core.package_identification:Package 'src/f1tenth_system/teleop_tools/key_teleop' with type 'ros.ament_python' and name 'key_teleop'
[0.609s] Level 1:colcon.colcon_core.package_identification:_identify(src/f1tenth_system/teleop_tools/mouse_teleop) by extensions ['ignore', 'ignore_ament_install']
[0.609s] Level 1:colcon.colcon_core.package_identification:_identify(src/f1tenth_system/teleop_tools/mouse_teleop) by extension 'ignore'
[0.610s] Level 1:colcon.colcon_core.package_identification:_identify(src/f1tenth_system/teleop_tools/mouse_teleop) by extension 'ignore_ament_install'
[0.610s] Level 1:colcon.colcon_core.package_identification:_identify(src/f1tenth_system/teleop_tools/mouse_teleop) by extensions ['colcon_pkg']
[0.610s] Level 1:colcon.colcon_core.package_identification:_identify(src/f1tenth_system/teleop_tools/mouse_teleop) by extension 'colcon_pkg'
[0.610s] Level 1:colcon.colcon_core.package_identification:_identify(src/f1tenth_system/teleop_tools/mouse_teleop) by extensions ['colcon_meta']
[0.610s] Level 1:colcon.colcon_core.package_identification:_identify(src/f1tenth_system/teleop_tools/mouse_teleop) by extension 'colcon_meta'
[0.610s] Level 1:colcon.colcon_core.package_identification:_identify(src/f1tenth_system/teleop_tools/mouse_teleop) by extensions ['ros']
[0.610s] Level 1:colcon.colcon_core.package_identification:_identify(src/f1tenth_system/teleop_tools/mouse_teleop) by extension 'ros'
[0.632s] DEBUG:colcon.colcon_core.package_identification:Package 'src/f1tenth_system/teleop_tools/mouse_teleop' with type 'ros.ament_python' and name 'mouse_teleop'
[0.632s] Level 1:colcon.colcon_core.package_identification:_identify(src/f1tenth_system/teleop_tools/teleop_tools) by extensions ['ignore', 'ignore_ament_install']
[0.632s] Level 1:colcon.colcon_core.package_identification:_identify(src/f1tenth_system/teleop_tools/teleop_tools) by extension 'ignore'
[0.632s] Level 1:colcon.colcon_core.package_identification:_identify(src/f1tenth_system/teleop_tools/teleop_tools) by extension 'ignore_ament_install'
[0.632s] Level 1:colcon.colcon_core.package_identification:_identify(src/f1tenth_system/teleop_tools/teleop_tools) by extensions ['colcon_pkg']
[0.632s] Level 1:colcon.colcon_core.package_identification:_identify(src/f1tenth_system/teleop_tools/teleop_tools) by extension 'colcon_pkg'
[0.633s] Level 1:colcon.colcon_core.package_identification:_identify(src/f1tenth_system/teleop_tools/teleop_tools) by extensions ['colcon_meta']
[0.633s] Level 1:colcon.colcon_core.package_identification:_identify(src/f1tenth_system/teleop_tools/teleop_tools) by extension 'colcon_meta'
[0.633s] Level 1:colcon.colcon_core.package_identification:_identify(src/f1tenth_system/teleop_tools/teleop_tools) by extensions ['ros']
[0.633s] Level 1:colcon.colcon_core.package_identification:_identify(src/f1tenth_system/teleop_tools/teleop_tools) by extension 'ros'
[0.634s] DEBUG:colcon.colcon_core.package_identification:Package 'src/f1tenth_system/teleop_tools/teleop_tools' with type 'ros.ament_cmake' and name 'teleop_tools'
[0.634s] Level 1:colcon.colcon_core.package_identification:_identify(src/f1tenth_system/teleop_tools/teleop_tools_msgs) by extensions ['ignore', 'ignore_ament_install']
[0.634s] Level 1:colcon.colcon_core.package_identification:_identify(src/f1tenth_system/teleop_tools/teleop_tools_msgs) by extension 'ignore'
[0.634s] Level 1:colcon.colcon_core.package_identification:_identify(src/f1tenth_system/teleop_tools/teleop_tools_msgs) by extension 'ignore_ament_install'
[0.634s] Level 1:colcon.colcon_core.package_identification:_identify(src/f1tenth_system/teleop_tools/teleop_tools_msgs) by extensions ['colcon_pkg']
[0.634s] Level 1:colcon.colcon_core.package_identification:_identify(src/f1tenth_system/teleop_tools/teleop_tools_msgs) by extension 'colcon_pkg'
[0.634s] Level 1:colcon.colcon_core.package_identification:_identify(src/f1tenth_system/teleop_tools/teleop_tools_msgs) by extensions ['colcon_meta']
[0.634s] Level 1:colcon.colcon_core.package_identification:_identify(src/f1tenth_system/teleop_tools/teleop_tools_msgs) by extension 'colcon_meta'
[0.635s] Level 1:colcon.colcon_core.package_identification:_identify(src/f1tenth_system/teleop_tools/teleop_tools_msgs) by extensions ['ros']
[0.635s] Level 1:colcon.colcon_core.package_identification:_identify(src/f1tenth_system/teleop_tools/teleop_tools_msgs) by extension 'ros'
[0.636s] DEBUG:colcon.colcon_core.package_identification:Package 'src/f1tenth_system/teleop_tools/teleop_tools_msgs' with type 'ros.ament_cmake' and name 'teleop_tools_msgs'
[0.636s] Level 1:colcon.colcon_core.package_identification:_identify(src/f1tenth_system/vesc) by extensions ['ignore', 'ignore_ament_install']
[0.636s] Level 1:colcon.colcon_core.package_identification:_identify(src/f1tenth_system/vesc) by extension 'ignore'
[0.636s] Level 1:colcon.colcon_core.package_identification:_identify(src/f1tenth_system/vesc) by extension 'ignore_ament_install'
[0.636s] Level 1:colcon.colcon_core.package_identification:_identify(src/f1tenth_system/vesc) by extensions ['colcon_pkg']
[0.636s] Level 1:colcon.colcon_core.package_identification:_identify(src/f1tenth_system/vesc) by extension 'colcon_pkg'
[0.636s] Level 1:colcon.colcon_core.package_identification:_identify(src/f1tenth_system/vesc) by extensions ['colcon_meta']
[0.636s] Level 1:colcon.colcon_core.package_identification:_identify(src/f1tenth_system/vesc) by extension 'colcon_meta'
[0.637s] Level 1:colcon.colcon_core.package_identification:_identify(src/f1tenth_system/vesc) by extensions ['ros']
[0.637s] Level 1:colcon.colcon_core.package_identification:_identify(src/f1tenth_system/vesc) by extension 'ros'
[0.637s] Level 1:colcon.colcon_core.package_identification:_identify(src/f1tenth_system/vesc) by extensions ['cmake', 'python']
[0.637s] Level 1:colcon.colcon_core.package_identification:_identify(src/f1tenth_system/vesc) by extension 'cmake'
[0.637s] Level 1:colcon.colcon_core.package_identification:_identify(src/f1tenth_system/vesc) by extension 'python'
[0.637s] Level 1:colcon.colcon_core.package_identification:_identify(src/f1tenth_system/vesc) by extensions ['python_setup_py']
[0.637s] Level 1:colcon.colcon_core.package_identification:_identify(src/f1tenth_system/vesc) by extension 'python_setup_py'
[0.637s] Level 1:colcon.colcon_core.package_identification:_identify(src/f1tenth_system/vesc/vesc) by extensions ['ignore', 'ignore_ament_install']
[0.637s] Level 1:colcon.colcon_core.package_identification:_identify(src/f1tenth_system/vesc/vesc) by extension 'ignore'
[0.637s] Level 1:colcon.colcon_core.package_identification:_identify(src/f1tenth_system/vesc/vesc) by extension 'ignore_ament_install'
[0.637s] Level 1:colcon.colcon_core.package_identification:_identify(src/f1tenth_system/vesc/vesc) by extensions ['colcon_pkg']
[0.637s] Level 1:colcon.colcon_core.package_identification:_identify(src/f1tenth_system/vesc/vesc) by extension 'colcon_pkg'
[0.638s] Level 1:colcon.colcon_core.package_identification:_identify(src/f1tenth_system/vesc/vesc) by extensions ['colcon_meta']
[0.638s] Level 1:colcon.colcon_core.package_identification:_identify(src/f1tenth_system/vesc/vesc) by extension 'colcon_meta'
[0.638s] Level 1:colcon.colcon_core.package_identification:_identify(src/f1tenth_system/vesc/vesc) by extensions ['ros']
[0.638s] Level 1:colcon.colcon_core.package_identification:_identify(src/f1tenth_system/vesc/vesc) by extension 'ros'
[0.639s] DEBUG:colcon.colcon_core.package_identification:Package 'src/f1tenth_system/vesc/vesc' with type 'ros.ament_cmake' and name 'vesc'
[0.639s] Level 1:colcon.colcon_core.package_identification:_identify(src/f1tenth_system/vesc/vesc_ackermann) by extensions ['ignore', 'ignore_ament_install']
[0.639s] Level 1:colcon.colcon_core.package_identification:_identify(src/f1tenth_system/vesc/vesc_ackermann) by extension 'ignore'
[0.640s] Level 1:colcon.colcon_core.package_identification:_identify(src/f1tenth_system/vesc/vesc_ackermann) by extension 'ignore_ament_install'
[0.640s] Level 1:colcon.colcon_core.package_identification:_identify(src/f1tenth_system/vesc/vesc_ackermann) by extensions ['colcon_pkg']
[0.640s] Level 1:colcon.colcon_core.package_identification:_identify(src/f1tenth_system/vesc/vesc_ackermann) by extension 'colcon_pkg'
[0.640s] Level 1:colcon.colcon_core.package_identification:_identify(src/f1tenth_system/vesc/vesc_ackermann) by extensions ['colcon_meta']
[0.640s] Level 1:colcon.colcon_core.package_identification:_identify(src/f1tenth_system/vesc/vesc_ackermann) by extension 'colcon_meta'
[0.640s] Level 1:colcon.colcon_core.package_identification:_identify(src/f1tenth_system/vesc/vesc_ackermann) by extensions ['ros']
[0.640s] Level 1:colcon.colcon_core.package_identification:_identify(src/f1tenth_system/vesc/vesc_ackermann) by extension 'ros'
[0.642s] DEBUG:colcon.colcon_core.package_identification:Package 'src/f1tenth_system/vesc/vesc_ackermann' with type 'ros.ament_cmake' and name 'vesc_ackermann'
[0.643s] Level 1:colcon.colcon_core.package_identification:_identify(src/f1tenth_system/vesc/vesc_driver) by extensions ['ignore', 'ignore_ament_install']
[0.643s] Level 1:colcon.colcon_core.package_identification:_identify(src/f1tenth_system/vesc/vesc_driver) by extension 'ignore'
[0.643s] Level 1:colcon.colcon_core.package_identification:_identify(src/f1tenth_system/vesc/vesc_driver) by extension 'ignore_ament_install'
[0.643s] Level 1:colcon.colcon_core.package_identification:_identify(src/f1tenth_system/vesc/vesc_driver) by extensions ['colcon_pkg']
[0.643s] Level 1:colcon.colcon_core.package_identification:_identify(src/f1tenth_system/vesc/vesc_driver) by extension 'colcon_pkg'
[0.643s] Level 1:colcon.colcon_core.package_identification:_identify(src/f1tenth_system/vesc/vesc_driver) by extensions ['colcon_meta']
[0.643s] Level 1:colcon.colcon_core.package_identification:_identify(src/f1tenth_system/vesc/vesc_driver) by extension 'colcon_meta'
[0.643s] Level 1:colcon.colcon_core.package_identification:_identify(src/f1tenth_system/vesc/vesc_driver) by extensions ['ros']
[0.643s] Level 1:colcon.colcon_core.package_identification:_identify(src/f1tenth_system/vesc/vesc_driver) by extension 'ros'
[0.646s] DEBUG:colcon.colcon_core.package_identification:Package 'src/f1tenth_system/vesc/vesc_driver' with type 'ros.ament_cmake' and name 'vesc_driver'
[0.646s] Level 1:colcon.colcon_core.package_identification:_identify(src/f1tenth_system/vesc/vesc_msgs) by extensions ['ignore', 'ignore_ament_install']
[0.646s] Level 1:colcon.colcon_core.package_identification:_identify(src/f1tenth_system/vesc/vesc_msgs) by extension 'ignore'
[0.646s] Level 1:colcon.colcon_core.package_identification:_identify(src/f1tenth_system/vesc/vesc_msgs) by extension 'ignore_ament_install'
[0.646s] Level 1:colcon.colcon_core.package_identification:_identify(src/f1tenth_system/vesc/vesc_msgs) by extensions ['colcon_pkg']
[0.646s] Level 1:colcon.colcon_core.package_identification:_identify(src/f1tenth_system/vesc/vesc_msgs) by extension 'colcon_pkg'
[0.646s] Level 1:colcon.colcon_core.package_identification:_identify(src/f1tenth_system/vesc/vesc_msgs) by extensions ['colcon_meta']
[0.646s] Level 1:colcon.colcon_core.package_identification:_identify(src/f1tenth_system/vesc/vesc_msgs) by extension 'colcon_meta'
[0.646s] Level 1:colcon.colcon_core.package_identification:_identify(src/f1tenth_system/vesc/vesc_msgs) by extensions ['ros']
[0.646s] Level 1:colcon.colcon_core.package_identification:_identify(src/f1tenth_system/vesc/vesc_msgs) by extension 'ros'
[0.648s] DEBUG:colcon.colcon_core.package_identification:Package 'src/f1tenth_system/vesc/vesc_msgs' with type 'ros.ament_cmake' and name 'vesc_msgs'
[0.648s] Level 1:colcon.colcon_core.package_identification:_identify(src/forza_map_controller) by extensions ['ignore', 'ignore_ament_install']
[0.648s] Level 1:colcon.colcon_core.package_identification:_identify(src/forza_map_controller) by extension 'ignore'
[0.649s] Level 1:colcon.colcon_core.package_identification:_identify(src/forza_map_controller) by extension 'ignore_ament_install'
[0.649s] Level 1:colcon.colcon_core.package_identification:_identify(src/forza_map_controller) by extensions ['colcon_pkg']
[0.649s] Level 1:colcon.colcon_core.package_identification:_identify(src/forza_map_controller) by extension 'colcon_pkg'
[0.649s] Level 1:colcon.colcon_core.package_identification:_identify(src/forza_map_controller) by extensions ['colcon_meta']
[0.649s] Level 1:colcon.colcon_core.package_identification:_identify(src/forza_map_controller) by extension 'colcon_meta'
[0.649s] Level 1:colcon.colcon_core.package_identification:_identify(src/forza_map_controller) by extensions ['ros']
[0.649s] Level 1:colcon.colcon_core.package_identification:_identify(src/forza_map_controller) by extension 'ros'
[0.651s] DEBUG:colcon.colcon_core.package_identification:Package 'src/forza_map_controller' with type 'ros.ament_python' and name 'forza_map_controller'
[0.651s] Level 1:colcon.colcon_core.package_identification:_identify(src/install) by extensions ['ignore', 'ignore_ament_install']
[0.651s] Level 1:colcon.colcon_core.package_identification:_identify(src/install) by extension 'ignore'
[0.651s] Level 1:colcon.colcon_core.package_identification:_identify(src/install) ignored
[0.652s] Level 1:colcon.colcon_core.package_identification:_identify(src/log) by extensions ['ignore', 'ignore_ament_install']
[0.652s] Level 1:colcon.colcon_core.package_identification:_identify(src/log) by extension 'ignore'
[0.652s] Level 1:colcon.colcon_core.package_identification:_identify(src/log) ignored
[0.652s] Level 1:colcon.colcon_core.package_identification:_identify(src/map_controller) by extensions ['ignore', 'ignore_ament_install']
[0.652s] Level 1:colcon.colcon_core.package_identification:_identify(src/map_controller) by extension 'ignore'
[0.652s] Level 1:colcon.colcon_core.package_identification:_identify(src/map_controller) by extension 'ignore_ament_install'
[0.652s] Level 1:colcon.colcon_core.package_identification:_identify(src/map_controller) by extensions ['colcon_pkg']
[0.652s] Level 1:colcon.colcon_core.package_identification:_identify(src/map_controller) by extension 'colcon_pkg'
[0.652s] Level 1:colcon.colcon_core.package_identification:_identify(src/map_controller) by extensions ['colcon_meta']
[0.652s] Level 1:colcon.colcon_core.package_identification:_identify(src/map_controller) by extension 'colcon_meta'
[0.653s] Level 1:colcon.colcon_core.package_identification:_identify(src/map_controller) by extensions ['ros']
[0.653s] Level 1:colcon.colcon_core.package_identification:_identify(src/map_controller) by extension 'ros'
[0.655s] DEBUG:colcon.colcon_core.package_identification:Package 'src/map_controller' with type 'ros.ament_cmake' and name 'map_controller'
[0.655s] Level 1:colcon.colcon_core.package_identification:_identify(src/path_follow) by extensions ['ignore', 'ignore_ament_install']
[0.655s] Level 1:colcon.colcon_core.package_identification:_identify(src/path_follow) by extension 'ignore'
[0.656s] Level 1:colcon.colcon_core.package_identification:_identify(src/path_follow) by extension 'ignore_ament_install'
[0.656s] Level 1:colcon.colcon_core.package_identification:_identify(src/path_follow) by extensions ['colcon_pkg']
[0.656s] Level 1:colcon.colcon_core.package_identification:_identify(src/path_follow) by extension 'colcon_pkg'
[0.656s] Level 1:colcon.colcon_core.package_identification:_identify(src/path_follow) by extensions ['colcon_meta']
[0.656s] Level 1:colcon.colcon_core.package_identification:_identify(src/path_follow) by extension 'colcon_meta'
[0.656s] Level 1:colcon.colcon_core.package_identification:_identify(src/path_follow) by extensions ['ros']
[0.656s] Level 1:colcon.colcon_core.package_identification:_identify(src/path_follow) by extension 'ros'
[0.658s] DEBUG:colcon.colcon_core.package_identification:Package 'src/path_follow' with type 'ros.ament_cmake' and name 'path_follow'
[0.659s] Level 1:colcon.colcon_core.package_identification:_identify(src/pure_pursuit) by extensions ['ignore', 'ignore_ament_install']
[0.659s] Level 1:colcon.colcon_core.package_identification:_identify(src/pure_pursuit) by extension 'ignore'
[0.659s] Level 1:colcon.colcon_core.package_identification:_identify(src/pure_pursuit) by extension 'ignore_ament_install'
[0.659s] Level 1:colcon.colcon_core.package_identification:_identify(src/pure_pursuit) by extensions ['colcon_pkg']
[0.659s] Level 1:colcon.colcon_core.package_identification:_identify(src/pure_pursuit) by extension 'colcon_pkg'
[0.659s] Level 1:colcon.colcon_core.package_identification:_identify(src/pure_pursuit) by extensions ['colcon_meta']
[0.659s] Level 1:colcon.colcon_core.package_identification:_identify(src/pure_pursuit) by extension 'colcon_meta'
[0.659s] Level 1:colcon.colcon_core.package_identification:_identify(src/pure_pursuit) by extensions ['ros']
[0.659s] Level 1:colcon.colcon_core.package_identification:_identify(src/pure_pursuit) by extension 'ros'
[0.661s] DEBUG:colcon.colcon_core.package_identification:Package 'src/pure_pursuit' with type 'ros.ament_cmake' and name 'pure_pursuit'
[0.662s] Level 1:colcon.colcon_core.package_identification:_identify(src/pygame_key_teleop) by extensions ['ignore', 'ignore_ament_install']
[0.662s] Level 1:colcon.colcon_core.package_identification:_identify(src/pygame_key_teleop) by extension 'ignore'
[0.662s] Level 1:colcon.colcon_core.package_identification:_identify(src/pygame_key_teleop) by extension 'ignore_ament_install'
[0.662s] Level 1:colcon.colcon_core.package_identification:_identify(src/pygame_key_teleop) by extensions ['colcon_pkg']
[0.662s] Level 1:colcon.colcon_core.package_identification:_identify(src/pygame_key_teleop) by extension 'colcon_pkg'
[0.662s] Level 1:colcon.colcon_core.package_identification:_identify(src/pygame_key_teleop) by extensions ['colcon_meta']
[0.662s] Level 1:colcon.colcon_core.package_identification:_identify(src/pygame_key_teleop) by extension 'colcon_meta'
[0.662s] Level 1:colcon.colcon_core.package_identification:_identify(src/pygame_key_teleop) by extensions ['ros']
[0.662s] Level 1:colcon.colcon_core.package_identification:_identify(src/pygame_key_teleop) by extension 'ros'
[0.663s] DEBUG:colcon.colcon_core.package_identification:Package 'src/pygame_key_teleop' with type 'ros.ament_python' and name 'pygame_key_teleop'
[0.664s] Level 1:colcon.colcon_core.package_discovery:discover_packages(recursive) using defaults
[0.664s] Level 1:colcon.colcon_core.package_discovery:discover_packages(ignore) discover
[0.664s] Level 1:colcon.colcon_core.package_discovery:discover_packages(ignore) using defaults
[0.664s] Level 1:colcon.colcon_core.package_discovery:discover_packages(path) discover
[0.664s] Level 1:colcon.colcon_core.package_discovery:discover_packages(path) using defaults
[0.715s] Level 1:colcon.colcon_core.package_discovery:discover_packages(prefix_path) check parameters
[0.715s] Level 1:colcon.colcon_core.package_discovery:discover_packages(prefix_path) discover
[0.720s] DEBUG:colcon.colcon_installed_package_information.package_discovery:Found 308 installed packages in /opt/ros/humble
[0.723s] Level 1:colcon.colcon_core.package_discovery:discover_packages(prefix_path) using defaults
[0.794s] Level 5:colcon.colcon_core.verb:set package 'ackermann_mux' build argument 'cmake_args' from command line to 'None'
[0.794s] Level 5:colcon.colcon_core.verb:set package 'ackermann_mux' build argument 'cmake_target' from command line to 'None'
[0.794s] Level 5:colcon.colcon_core.verb:set package 'ackermann_mux' build argument 'cmake_target_skip_unavailable' from command line to 'False'
[0.794s] Level 5:colcon.colcon_core.verb:set package 'ackermann_mux' build argument 'cmake_clean_cache' from command line to 'False'
[0.794s] Level 5:colcon.colcon_core.verb:set package 'ackermann_mux' build argument 'cmake_clean_first' from command line to 'False'
[0.794s] Level 5:colcon.colcon_core.verb:set package 'ackermann_mux' build argument 'cmake_force_configure' from command line to 'False'
[0.794s] Level 5:colcon.colcon_core.verb:set package 'ackermann_mux' build argument 'ament_cmake_args' from command line to 'None'
[0.794s] Level 5:colcon.colcon_core.verb:set package 'ackermann_mux' build argument 'catkin_cmake_args' from command line to 'None'
[0.795s] Level 5:colcon.colcon_core.verb:set package 'ackermann_mux' build argument 'catkin_skip_building_tests' from command line to 'False'
[0.795s] DEBUG:colcon.colcon_core.verb:Building package 'ackermann_mux' with the following arguments: {'ament_cmake_args': None, 'build_base': '/home/sh/projects/f1tenth_miru3/build/ackermann_mux', 'catkin_cmake_args': None, 'catkin_skip_building_tests': False, 'cmake_args': None, 'cmake_clean_cache': False, 'cmake_clean_first': False, 'cmake_force_configure': False, 'cmake_target': None, 'cmake_target_skip_unavailable': False, 'install_base': '/home/sh/projects/f1tenth_miru3/install/ackermann_mux', 'merge_install': False, 'path': '/home/sh/projects/f1tenth_miru3/src/f1tenth_system/ackermann_mux', 'symlink_install': True, 'test_result_base': None}
[0.795s] Level 5:colcon.colcon_core.verb:set package 'center_follow_cpp' build argument 'cmake_args' from command line to 'None'
[0.795s] Level 5:colcon.colcon_core.verb:set package 'center_follow_cpp' build argument 'cmake_target' from command line to 'None'
[0.795s] Level 5:colcon.colcon_core.verb:set package 'center_follow_cpp' build argument 'cmake_target_skip_unavailable' from command line to 'False'
[0.796s] Level 5:colcon.colcon_core.verb:set package 'center_follow_cpp' build argument 'cmake_clean_cache' from command line to 'False'
[0.796s] Level 5:colcon.colcon_core.verb:set package 'center_follow_cpp' build argument 'cmake_clean_first' from command line to 'False'
[0.796s] Level 5:colcon.colcon_core.verb:set package 'center_follow_cpp' build argument 'cmake_force_configure' from command line to 'False'
[0.796s] Level 5:colcon.colcon_core.verb:set package 'center_follow_cpp' build argument 'ament_cmake_args' from command line to 'None'
[0.796s] Level 5:colcon.colcon_core.verb:set package 'center_follow_cpp' build argument 'catkin_cmake_args' from command line to 'None'
[0.796s] Level 5:colcon.colcon_core.verb:set package 'center_follow_cpp' build argument 'catkin_skip_building_tests' from command line to 'False'
[0.796s] DEBUG:colcon.colcon_core.verb:Building package 'center_follow_cpp' with the following arguments: {'ament_cmake_args': None, 'build_base': '/home/sh/projects/f1tenth_miru3/build/center_follow_cpp', 'catkin_cmake_args': None, 'catkin_skip_building_tests': False, 'cmake_args': None, 'cmake_clean_cache': False, 'cmake_clean_first': False, 'cmake_force_configure': False, 'cmake_target': None, 'cmake_target_skip_unavailable': False, 'install_base': '/home/sh/projects/f1tenth_miru3/install/center_follow_cpp', 'merge_install': False, 'path': '/home/sh/projects/f1tenth_miru3/src/center_follow_cpp', 'symlink_install': True, 'test_result_base': None}
[0.796s] Level 5:colcon.colcon_core.verb:set package 'forza_map_controller' build argument 'cmake_args' from command line to 'None'
[0.796s] Level 5:colcon.colcon_core.verb:set package 'forza_map_controller' build argument 'cmake_target' from command line to 'None'
[0.796s] Level 5:colcon.colcon_core.verb:set package 'forza_map_controller' build argument 'cmake_target_skip_unavailable' from command line to 'False'
[0.797s] Level 5:colcon.colcon_core.verb:set package 'forza_map_controller' build argument 'cmake_clean_cache' from command line to 'False'
[0.797s] Level 5:colcon.colcon_core.verb:set package 'forza_map_controller' build argument 'cmake_clean_first' from command line to 'False'
[0.797s] Level 5:colcon.colcon_core.verb:set package 'forza_map_controller' build argument 'cmake_force_configure' from command line to 'False'
[0.797s] Level 5:colcon.colcon_core.verb:set package 'forza_map_controller' build argument 'ament_cmake_args' from command line to 'None'
[0.797s] Level 5:colcon.colcon_core.verb:set package 'forza_map_controller' build argument 'catkin_cmake_args' from command line to 'None'
[0.797s] Level 5:colcon.colcon_core.verb:set package 'forza_map_controller' build argument 'catkin_skip_building_tests' from command line to 'False'
[0.797s] DEBUG:colcon.colcon_core.verb:Building package 'forza_map_controller' with the following arguments: {'ament_cmake_args': None, 'build_base': '/home/sh/projects/f1tenth_miru3/build/forza_map_controller', 'catkin_cmake_args': None, 'catkin_skip_building_tests': False, 'cmake_args': None, 'cmake_clean_cache': False, 'cmake_clean_first': False, 'cmake_force_configure': False, 'cmake_target': None, 'cmake_target_skip_unavailable': False, 'install_base': '/home/sh/projects/f1tenth_miru3/install/forza_map_controller', 'merge_install': False, 'path': '/home/sh/projects/f1tenth_miru3/src/forza_map_controller', 'symlink_install': True, 'test_result_base': None}
[0.797s] Level 5:colcon.colcon_core.verb:set package 'key_teleop' build argument 'cmake_args' from command line to 'None'
[0.797s] Level 5:colcon.colcon_core.verb:set package 'key_teleop' build argument 'cmake_target' from command line to 'None'
[0.797s] Level 5:colcon.colcon_core.verb:set package 'key_teleop' build argument 'cmake_target_skip_unavailable' from command line to 'False'
[0.798s] Level 5:colcon.colcon_core.verb:set package 'key_teleop' build argument 'cmake_clean_cache' from command line to 'False'
[0.798s] Level 5:colcon.colcon_core.verb:set package 'key_teleop' build argument 'cmake_clean_first' from command line to 'False'
[0.798s] Level 5:colcon.colcon_core.verb:set package 'key_teleop' build argument 'cmake_force_configure' from command line to 'False'
[0.798s] Level 5:colcon.colcon_core.verb:set package 'key_teleop' build argument 'ament_cmake_args' from command line to 'None'
[0.798s] Level 5:colcon.colcon_core.verb:set package 'key_teleop' build argument 'catkin_cmake_args' from command line to 'None'
[0.798s] Level 5:colcon.colcon_core.verb:set package 'key_teleop' build argument 'catkin_skip_building_tests' from command line to 'False'
[0.798s] DEBUG:colcon.colcon_core.verb:Building package 'key_teleop' with the following arguments: {'ament_cmake_args': None, 'build_base': '/home/sh/projects/f1tenth_miru3/build/key_teleop', 'catkin_cmake_args': None, 'catkin_skip_building_tests': False, 'cmake_args': None, 'cmake_clean_cache': False, 'cmake_clean_first': False, 'cmake_force_configure': False, 'cmake_target': None, 'cmake_target_skip_unavailable': False, 'install_base': '/home/sh/projects/f1tenth_miru3/install/key_teleop', 'merge_install': False, 'path': '/home/sh/projects/f1tenth_miru3/src/f1tenth_system/teleop_tools/key_teleop', 'symlink_install': True, 'test_result_base': None}
[0.798s] Level 5:colcon.colcon_core.verb:set package 'map_controller' build argument 'cmake_args' from command line to 'None'
[0.798s] Level 5:colcon.colcon_core.verb:set package 'map_controller' build argument 'cmake_target' from command line to 'None'
[0.798s] Level 5:colcon.colcon_core.verb:set package 'map_controller' build argument 'cmake_target_skip_unavailable' from command line to 'False'
[0.798s] Level 5:colcon.colcon_core.verb:set package 'map_controller' build argument 'cmake_clean_cache' from command line to 'False'
[0.799s] Level 5:colcon.colcon_core.verb:set package 'map_controller' build argument 'cmake_clean_first' from command line to 'False'
[0.799s] Level 5:colcon.colcon_core.verb:set package 'map_controller' build argument 'cmake_force_configure' from command line to 'False'
[0.799s] Level 5:colcon.colcon_core.verb:set package 'map_controller' build argument 'ament_cmake_args' from command line to 'None'
[0.799s] Level 5:colcon.colcon_core.verb:set package 'map_controller' build argument 'catkin_cmake_args' from command line to 'None'
[0.799s] Level 5:colcon.colcon_core.verb:set package 'map_controller' build argument 'catkin_skip_building_tests' from command line to 'False'
[0.799s] DEBUG:colcon.colcon_core.verb:Building package 'map_controller' with the following arguments: {'ament_cmake_args': None, 'build_base': '/home/sh/projects/f1tenth_miru3/build/map_controller', 'catkin_cmake_args': None, 'catkin_skip_building_tests': False, 'cmake_args': None, 'cmake_clean_cache': False, 'cmake_clean_first': False, 'cmake_force_configure': False, 'cmake_target': None, 'cmake_target_skip_unavailable': False, 'install_base': '/home/sh/projects/f1tenth_miru3/install/map_controller', 'merge_install': False, 'path': '/home/sh/projects/f1tenth_miru3/src/map_controller', 'symlink_install': True, 'test_result_base': None}
[0.799s] Level 5:colcon.colcon_core.verb:set package 'mouse_teleop' build argument 'cmake_args' from command line to 'None'
[0.799s] Level 5:colcon.colcon_core.verb:set package 'mouse_teleop' build argument 'cmake_target' from command line to 'None'
[0.799s] Level 5:colcon.colcon_core.verb:set package 'mouse_teleop' build argument 'cmake_target_skip_unavailable' from command line to 'False'
[0.799s] Level 5:colcon.colcon_core.verb:set package 'mouse_teleop' build argument 'cmake_clean_cache' from command line to 'False'
[0.799s] Level 5:colcon.colcon_core.verb:set package 'mouse_teleop' build argument 'cmake_clean_first' from command line to 'False'
[0.799s] Level 5:colcon.colcon_core.verb:set package 'mouse_teleop' build argument 'cmake_force_configure' from command line to 'False'
[0.800s] Level 5:colcon.colcon_core.verb:set package 'mouse_teleop' build argument 'ament_cmake_args' from command line to 'None'
[0.800s] Level 5:colcon.colcon_core.verb:set package 'mouse_teleop' build argument 'catkin_cmake_args' from command line to 'None'
[0.800s] Level 5:colcon.colcon_core.verb:set package 'mouse_teleop' build argument 'catkin_skip_building_tests' from command line to 'False'
[0.800s] DEBUG:colcon.colcon_core.verb:Building package 'mouse_teleop' with the following arguments: {'ament_cmake_args': None, 'build_base': '/home/sh/projects/f1tenth_miru3/build/mouse_teleop', 'catkin_cmake_args': None, 'catkin_skip_building_tests': False, 'cmake_args': None, 'cmake_clean_cache': False, 'cmake_clean_first': False, 'cmake_force_configure': False, 'cmake_target': None, 'cmake_target_skip_unavailable': False, 'install_base': '/home/sh/projects/f1tenth_miru3/install/mouse_teleop', 'merge_install': False, 'path': '/home/sh/projects/f1tenth_miru3/src/f1tenth_system/teleop_tools/mouse_teleop', 'symlink_install': True, 'test_result_base': None}
[0.800s] Level 5:colcon.colcon_core.verb:set package 'path_follow' build argument 'cmake_args' from command line to 'None'
[0.800s] Level 5:colcon.colcon_core.verb:set package 'path_follow' build argument 'cmake_target' from command line to 'None'
[0.800s] Level 5:colcon.colcon_core.verb:set package 'path_follow' build argument 'cmake_target_skip_unavailable' from command line to 'False'
[0.800s] Level 5:colcon.colcon_core.verb:set package 'path_follow' build argument 'cmake_clean_cache' from command line to 'False'
[0.800s] Level 5:colcon.colcon_core.verb:set package 'path_follow' build argument 'cmake_clean_first' from command line to 'False'
[0.800s] Level 5:colcon.colcon_core.verb:set package 'path_follow' build argument 'cmake_force_configure' from command line to 'False'
[0.800s] Level 5:colcon.colcon_core.verb:set package 'path_follow' build argument 'ament_cmake_args' from command line to 'None'
[0.800s] Level 5:colcon.colcon_core.verb:set package 'path_follow' build argument 'catkin_cmake_args' from command line to 'None'
[0.801s] Level 5:colcon.colcon_core.verb:set package 'path_follow' build argument 'catkin_skip_building_tests' from command line to 'False'
[0.801s] DEBUG:colcon.colcon_core.verb:Building package 'path_follow' with the following arguments: {'ament_cmake_args': None, 'build_base': '/home/sh/projects/f1tenth_miru3/build/path_follow', 'catkin_cmake_args': None, 'catkin_skip_building_tests': False, 'cmake_args': None, 'cmake_clean_cache': False, 'cmake_clean_first': False, 'cmake_force_configure': False, 'cmake_target': None, 'cmake_target_skip_unavailable': False, 'install_base': '/home/sh/projects/f1tenth_miru3/install/path_follow', 'merge_install': False, 'path': '/home/sh/projects/f1tenth_miru3/src/path_follow', 'symlink_install': True, 'test_result_base': None}
[0.801s] Level 5:colcon.colcon_core.verb:set package 'pure_pursuit' build argument 'cmake_args' from command line to 'None'
[0.801s] Level 5:colcon.colcon_core.verb:set package 'pure_pursuit' build argument 'cmake_target' from command line to 'None'
[0.801s] Level 5:colcon.colcon_core.verb:set package 'pure_pursuit' build argument 'cmake_target_skip_unavailable' from command line to 'False'
[0.801s] Level 5:colcon.colcon_core.verb:set package 'pure_pursuit' build argument 'cmake_clean_cache' from command line to 'False'
[0.801s] Level 5:colcon.colcon_core.verb:set package 'pure_pursuit' build argument 'cmake_clean_first' from command line to 'False'
[0.801s] Level 5:colcon.colcon_core.verb:set package 'pure_pursuit' build argument 'cmake_force_configure' from command line to 'False'
[0.801s] Level 5:colcon.colcon_core.verb:set package 'pure_pursuit' build argument 'ament_cmake_args' from command line to 'None'
[0.801s] Level 5:colcon.colcon_core.verb:set package 'pure_pursuit' build argument 'catkin_cmake_args' from command line to 'None'
[0.801s] Level 5:colcon.colcon_core.verb:set package 'pure_pursuit' build argument 'catkin_skip_building_tests' from command line to 'False'
[0.802s] DEBUG:colcon.colcon_core.verb:Building package 'pure_pursuit' with the following arguments: {'ament_cmake_args': None, 'build_base': '/home/sh/projects/f1tenth_miru3/build/pure_pursuit', 'catkin_cmake_args': None, 'catkin_skip_building_tests': False, 'cmake_args': None, 'cmake_clean_cache': False, 'cmake_clean_first': False, 'cmake_force_configure': False, 'cmake_target': None, 'cmake_target_skip_unavailable': False, 'install_base': '/home/sh/projects/f1tenth_miru3/install/pure_pursuit', 'merge_install': False, 'path': '/home/sh/projects/f1tenth_miru3/src/pure_pursuit', 'symlink_install': True, 'test_result_base': None}
[0.802s] Level 5:colcon.colcon_core.verb:set package 'pygame_key_teleop' build argument 'cmake_args' from command line to 'None'
[0.802s] Level 5:colcon.colcon_core.verb:set package 'pygame_key_teleop' build argument 'cmake_target' from command line to 'None'
[0.802s] Level 5:colcon.colcon_core.verb:set package 'pygame_key_teleop' build argument 'cmake_target_skip_unavailable' from command line to 'False'
[0.802s] Level 5:colcon.colcon_core.verb:set package 'pygame_key_teleop' build argument 'cmake_clean_cache' from command line to 'False'
[0.802s] Level 5:colcon.colcon_core.verb:set package 'pygame_key_teleop' build argument 'cmake_clean_first' from command line to 'False'
[0.802s] Level 5:colcon.colcon_core.verb:set package 'pygame_key_teleop' build argument 'cmake_force_configure' from command line to 'False'
[0.802s] Level 5:colcon.colcon_core.verb:set package 'pygame_key_teleop' build argument 'ament_cmake_args' from command line to 'None'
[0.802s] Level 5:colcon.colcon_core.verb:set package 'pygame_key_teleop' build argument 'catkin_cmake_args' from command line to 'None'
[0.802s] Level 5:colcon.colcon_core.verb:set package 'pygame_key_teleop' build argument 'catkin_skip_building_tests' from command line to 'False'
[0.802s] DEBUG:colcon.colcon_core.verb:Building package 'pygame_key_teleop' with the following arguments: {'ament_cmake_args': None, 'build_base': '/home/sh/projects/f1tenth_miru3/build/pygame_key_teleop', 'catkin_cmake_args': None, 'catkin_skip_building_tests': False, 'cmake_args': None, 'cmake_clean_cache': False, 'cmake_clean_first': False, 'cmake_force_configure': False, 'cmake_target': None, 'cmake_target_skip_unavailable': False, 'install_base': '/home/sh/projects/f1tenth_miru3/install/pygame_key_teleop', 'merge_install': False, 'path': '/home/sh/projects/f1tenth_miru3/src/pygame_key_teleop', 'symlink_install': True, 'test_result_base': None}
[0.803s] Level 5:colcon.colcon_core.verb:set package 'teleop_tools_msgs' build argument 'cmake_args' from command line to 'None'
[0.803s] Level 5:colcon.colcon_core.verb:set package 'teleop_tools_msgs' build argument 'cmake_target' from command line to 'None'
[0.803s] Level 5:colcon.colcon_core.verb:set package 'teleop_tools_msgs' build argument 'cmake_target_skip_unavailable' from command line to 'False'
[0.803s] Level 5:colcon.colcon_core.verb:set package 'teleop_tools_msgs' build argument 'cmake_clean_cache' from command line to 'False'
[0.803s] Level 5:colcon.colcon_core.verb:set package 'teleop_tools_msgs' build argument 'cmake_clean_first' from command line to 'False'
[0.803s] Level 5:colcon.colcon_core.verb:set package 'teleop_tools_msgs' build argument 'cmake_force_configure' from command line to 'False'
[0.803s] Level 5:colcon.colcon_core.verb:set package 'teleop_tools_msgs' build argument 'ament_cmake_args' from command line to 'None'
[0.803s] Level 5:colcon.colcon_core.verb:set package 'teleop_tools_msgs' build argument 'catkin_cmake_args' from command line to 'None'
[0.803s] Level 5:colcon.colcon_core.verb:set package 'teleop_tools_msgs' build argument 'catkin_skip_building_tests' from command line to 'False'
[0.803s] DEBUG:colcon.colcon_core.verb:Building package 'teleop_tools_msgs' with the following arguments: {'ament_cmake_args': None, 'build_base': '/home/sh/projects/f1tenth_miru3/build/teleop_tools_msgs', 'catkin_cmake_args': None, 'catkin_skip_building_tests': False, 'cmake_args': None, 'cmake_clean_cache': False, 'cmake_clean_first': False, 'cmake_force_configure': False, 'cmake_target': None, 'cmake_target_skip_unavailable': False, 'install_base': '/home/sh/projects/f1tenth_miru3/install/teleop_tools_msgs', 'merge_install': False, 'path': '/home/sh/projects/f1tenth_miru3/src/f1tenth_system/teleop_tools/teleop_tools_msgs', 'symlink_install': True, 'test_result_base': None}
[0.804s] Level 5:colcon.colcon_core.verb:set package 'vesc_msgs' build argument 'cmake_args' from command line to 'None'
[0.804s] Level 5:colcon.colcon_core.verb:set package 'vesc_msgs' build argument 'cmake_target' from command line to 'None'
[0.804s] Level 5:colcon.colcon_core.verb:set package 'vesc_msgs' build argument 'cmake_target_skip_unavailable' from command line to 'False'
[0.804s] Level 5:colcon.colcon_core.verb:set package 'vesc_msgs' build argument 'cmake_clean_cache' from command line to 'False'
[0.804s] Level 5:colcon.colcon_core.verb:set package 'vesc_msgs' build argument 'cmake_clean_first' from command line to 'False'
[0.804s] Level 5:colcon.colcon_core.verb:set package 'vesc_msgs' build argument 'cmake_force_configure' from command line to 'False'
[0.804s] Level 5:colcon.colcon_core.verb:set package 'vesc_msgs' build argument 'ament_cmake_args' from command line to 'None'
[0.804s] Level 5:colcon.colcon_core.verb:set package 'vesc_msgs' build argument 'catkin_cmake_args' from command line to 'None'
[0.804s] Level 5:colcon.colcon_core.verb:set package 'vesc_msgs' build argument 'catkin_skip_building_tests' from command line to 'False'
[0.805s] DEBUG:colcon.colcon_core.verb:Building package 'vesc_msgs' with the following arguments: {'ament_cmake_args': None, 'build_base': '/home/sh/projects/f1tenth_miru3/build/vesc_msgs', 'catkin_cmake_args': None, 'catkin_skip_building_tests': False, 'cmake_args': None, 'cmake_clean_cache': False, 'cmake_clean_first': False, 'cmake_force_configure': False, 'cmake_target': None, 'cmake_target_skip_unavailable': False, 'install_base': '/home/sh/projects/f1tenth_miru3/install/vesc_msgs', 'merge_install': False, 'path': '/home/sh/projects/f1tenth_miru3/src/f1tenth_system/vesc/vesc_msgs', 'symlink_install': True, 'test_result_base': None}
[0.805s] Level 5:colcon.colcon_core.verb:set package 'joy_teleop' build argument 'cmake_args' from command line to 'None'
[0.805s] Level 5:colcon.colcon_core.verb:set package 'joy_teleop' build argument 'cmake_target' from command line to 'None'
[0.805s] Level 5:colcon.colcon_core.verb:set package 'joy_teleop' build argument 'cmake_target_skip_unavailable' from command line to 'False'
[0.805s] Level 5:colcon.colcon_core.verb:set package 'joy_teleop' build argument 'cmake_clean_cache' from command line to 'False'
[0.805s] Level 5:colcon.colcon_core.verb:set package 'joy_teleop' build argument 'cmake_clean_first' from command line to 'False'
[0.805s] Level 5:colcon.colcon_core.verb:set package 'joy_teleop' build argument 'cmake_force_configure' from command line to 'False'
[0.805s] Level 5:colcon.colcon_core.verb:set package 'joy_teleop' build argument 'ament_cmake_args' from command line to 'None'
[0.806s] Level 5:colcon.colcon_core.verb:set package 'joy_teleop' build argument 'catkin_cmake_args' from command line to 'None'
[0.806s] Level 5:colcon.colcon_core.verb:set package 'joy_teleop' build argument 'catkin_skip_building_tests' from command line to 'False'
[0.806s] DEBUG:colcon.colcon_core.verb:Building package 'joy_teleop' with the following arguments: {'ament_cmake_args': None, 'build_base': '/home/sh/projects/f1tenth_miru3/build/joy_teleop', 'catkin_cmake_args': None, 'catkin_skip_building_tests': False, 'cmake_args': None, 'cmake_clean_cache': False, 'cmake_clean_first': False, 'cmake_force_configure': False, 'cmake_target': None, 'cmake_target_skip_unavailable': False, 'install_base': '/home/sh/projects/f1tenth_miru3/install/joy_teleop', 'merge_install': False, 'path': '/home/sh/projects/f1tenth_miru3/src/f1tenth_system/teleop_tools/joy_teleop', 'symlink_install': True, 'test_result_base': None}
[0.806s] Level 5:colcon.colcon_core.verb:set package 'vesc_ackermann' build argument 'cmake_args' from command line to 'None'
[0.806s] Level 5:colcon.colcon_core.verb:set package 'vesc_ackermann' build argument 'cmake_target' from command line to 'None'
[0.806s] Level 5:colcon.colcon_core.verb:set package 'vesc_ackermann' build argument 'cmake_target_skip_unavailable' from command line to 'False'
[0.806s] Level 5:colcon.colcon_core.verb:set package 'vesc_ackermann' build argument 'cmake_clean_cache' from command line to 'False'
[0.806s] Level 5:colcon.colcon_core.verb:set package 'vesc_ackermann' build argument 'cmake_clean_first' from command line to 'False'
[0.807s] Level 5:colcon.colcon_core.verb:set package 'vesc_ackermann' build argument 'cmake_force_configure' from command line to 'False'
[0.807s] Level 5:colcon.colcon_core.verb:set package 'vesc_ackermann' build argument 'ament_cmake_args' from command line to 'None'
[0.807s] Level 5:colcon.colcon_core.verb:set package 'vesc_ackermann' build argument 'catkin_cmake_args' from command line to 'None'
[0.807s] Level 5:colcon.colcon_core.verb:set package 'vesc_ackermann' build argument 'catkin_skip_building_tests' from command line to 'False'
[0.807s] DEBUG:colcon.colcon_core.verb:Building package 'vesc_ackermann' with the following arguments: {'ament_cmake_args': None, 'build_base': '/home/sh/projects/f1tenth_miru3/build/vesc_ackermann', 'catkin_cmake_args': None, 'catkin_skip_building_tests': False, 'cmake_args': None, 'cmake_clean_cache': False, 'cmake_clean_first': False, 'cmake_force_configure': False, 'cmake_target': None, 'cmake_target_skip_unavailable': False, 'install_base': '/home/sh/projects/f1tenth_miru3/install/vesc_ackermann', 'merge_install': False, 'path': '/home/sh/projects/f1tenth_miru3/src/f1tenth_system/vesc/vesc_ackermann', 'symlink_install': True, 'test_result_base': None}
[0.807s] Level 5:colcon.colcon_core.verb:set package 'vesc_driver' build argument 'cmake_args' from command line to 'None'
[0.807s] Level 5:colcon.colcon_core.verb:set package 'vesc_driver' build argument 'cmake_target' from command line to 'None'
[0.807s] Level 5:colcon.colcon_core.verb:set package 'vesc_driver' build argument 'cmake_target_skip_unavailable' from command line to 'False'
[0.807s] Level 5:colcon.colcon_core.verb:set package 'vesc_driver' build argument 'cmake_clean_cache' from command line to 'False'
[0.807s] Level 5:colcon.colcon_core.verb:set package 'vesc_driver' build argument 'cmake_clean_first' from command line to 'False'
[0.808s] Level 5:colcon.colcon_core.verb:set package 'vesc_driver' build argument 'cmake_force_configure' from command line to 'False'
[0.808s] Level 5:colcon.colcon_core.verb:set package 'vesc_driver' build argument 'ament_cmake_args' from command line to 'None'
[0.808s] Level 5:colcon.colcon_core.verb:set package 'vesc_driver' build argument 'catkin_cmake_args' from command line to 'None'
[0.808s] Level 5:colcon.colcon_core.verb:set package 'vesc_driver' build argument 'catkin_skip_building_tests' from command line to 'False'
[0.808s] DEBUG:colcon.colcon_core.verb:Building package 'vesc_driver' with the following arguments: {'ament_cmake_args': None, 'build_base': '/home/sh/projects/f1tenth_miru3/build/vesc_driver', 'catkin_cmake_args': None, 'catkin_skip_building_tests': False, 'cmake_args': None, 'cmake_clean_cache': False, 'cmake_clean_first': False, 'cmake_force_configure': False, 'cmake_target': None, 'cmake_target_skip_unavailable': False, 'install_base': '/home/sh/projects/f1tenth_miru3/install/vesc_driver', 'merge_install': False, 'path': '/home/sh/projects/f1tenth_miru3/src/f1tenth_system/vesc/vesc_driver', 'symlink_install': True, 'test_result_base': None}
[0.808s] Level 5:colcon.colcon_core.verb:set package 'teleop_tools' build argument 'cmake_args' from command line to 'None'
[0.808s] Level 5:colcon.colcon_core.verb:set package 'teleop_tools' build argument 'cmake_target' from command line to 'None'
[0.808s] Level 5:colcon.colcon_core.verb:set package 'teleop_tools' build argument 'cmake_target_skip_unavailable' from command line to 'False'
[0.809s] Level 5:colcon.colcon_core.verb:set package 'teleop_tools' build argument 'cmake_clean_cache' from command line to 'False'
[0.809s] Level 5:colcon.colcon_core.verb:set package 'teleop_tools' build argument 'cmake_clean_first' from command line to 'False'
[0.809s] Level 5:colcon.colcon_core.verb:set package 'teleop_tools' build argument 'cmake_force_configure' from command line to 'False'
[0.809s] Level 5:colcon.colcon_core.verb:set package 'teleop_tools' build argument 'ament_cmake_args' from command line to 'None'
[0.809s] Level 5:colcon.colcon_core.verb:set package 'teleop_tools' build argument 'catkin_cmake_args' from command line to 'None'
[0.809s] Level 5:colcon.colcon_core.verb:set package 'teleop_tools' build argument 'catkin_skip_building_tests' from command line to 'False'
[0.809s] DEBUG:colcon.colcon_core.verb:Building package 'teleop_tools' with the following arguments: {'ament_cmake_args': None, 'build_base': '/home/sh/projects/f1tenth_miru3/build/teleop_tools', 'catkin_cmake_args': None, 'catkin_skip_building_tests': False, 'cmake_args': None, 'cmake_clean_cache': False, 'cmake_clean_first': False, 'cmake_force_configure': False, 'cmake_target': None, 'cmake_target_skip_unavailable': False, 'install_base': '/home/sh/projects/f1tenth_miru3/install/teleop_tools', 'merge_install': False, 'path': '/home/sh/projects/f1tenth_miru3/src/f1tenth_system/teleop_tools/teleop_tools', 'symlink_install': True, 'test_result_base': None}
[0.809s] Level 5:colcon.colcon_core.verb:set package 'vesc' build argument 'cmake_args' from command line to 'None'
[0.810s] Level 5:colcon.colcon_core.verb:set package 'vesc' build argument 'cmake_target' from command line to 'None'
[0.810s] Level 5:colcon.colcon_core.verb:set package 'vesc' build argument 'cmake_target_skip_unavailable' from command line to 'False'
[0.810s] Level 5:colcon.colcon_core.verb:set package 'vesc' build argument 'cmake_clean_cache' from command line to 'False'
[0.810s] Level 5:colcon.colcon_core.verb:set package 'vesc' build argument 'cmake_clean_first' from command line to 'False'
[0.810s] Level 5:colcon.colcon_core.verb:set package 'vesc' build argument 'cmake_force_configure' from command line to 'False'
[0.810s] Level 5:colcon.colcon_core.verb:set package 'vesc' build argument 'ament_cmake_args' from command line to 'None'
[0.810s] Level 5:colcon.colcon_core.verb:set package 'vesc' build argument 'catkin_cmake_args' from command line to 'None'
[0.810s] Level 5:colcon.colcon_core.verb:set package 'vesc' build argument 'catkin_skip_building_tests' from command line to 'False'
[0.810s] DEBUG:colcon.colcon_core.verb:Building package 'vesc' with the following arguments: {'ament_cmake_args': None, 'build_base': '/home/sh/projects/f1tenth_miru3/build/vesc', 'catkin_cmake_args': None, 'catkin_skip_building_tests': False, 'cmake_args': None, 'cmake_clean_cache': False, 'cmake_clean_first': False, 'cmake_force_configure': False, 'cmake_target': None, 'cmake_target_skip_unavailable': False, 'install_base': '/home/sh/projects/f1tenth_miru3/install/vesc', 'merge_install': False, 'path': '/home/sh/projects/f1tenth_miru3/src/f1tenth_system/vesc/vesc', 'symlink_install': True, 'test_result_base': None}
[0.811s] Level 5:colcon.colcon_core.verb:set package 'f1tenth_stack' build argument 'cmake_args' from command line to 'None'
[0.811s] Level 5:colcon.colcon_core.verb:set package 'f1tenth_stack' build argument 'cmake_target' from command line to 'None'
[0.811s] Level 5:colcon.colcon_core.verb:set package 'f1tenth_stack' build argument 'cmake_target_skip_unavailable' from command line to 'False'
[0.811s] Level 5:colcon.colcon_core.verb:set package 'f1tenth_stack' build argument 'cmake_clean_cache' from command line to 'False'
[0.811s] Level 5:colcon.colcon_core.verb:set package 'f1tenth_stack' build argument 'cmake_clean_first' from command line to 'False'
[0.811s] Level 5:colcon.colcon_core.verb:set package 'f1tenth_stack' build argument 'cmake_force_configure' from command line to 'False'
[0.811s] Level 5:colcon.colcon_core.verb:set package 'f1tenth_stack' build argument 'ament_cmake_args' from command line to 'None'
[0.811s] Level 5:colcon.colcon_core.verb:set package 'f1tenth_stack' build argument 'catkin_cmake_args' from command line to 'None'
[0.811s] Level 5:colcon.colcon_core.verb:set package 'f1tenth_stack' build argument 'catkin_skip_building_tests' from command line to 'False'
[0.811s] DEBUG:colcon.colcon_core.verb:Building package 'f1tenth_stack' with the following arguments: {'ament_cmake_args': None, 'build_base': '/home/sh/projects/f1tenth_miru3/build/f1tenth_stack', 'catkin_cmake_args': None, 'catkin_skip_building_tests': False, 'cmake_args': None, 'cmake_clean_cache': False, 'cmake_clean_first': False, 'cmake_force_configure': False, 'cmake_target': None, 'cmake_target_skip_unavailable': False, 'install_base': '/home/sh/projects/f1tenth_miru3/install/f1tenth_stack', 'merge_install': False, 'path': '/home/sh/projects/f1tenth_miru3/src/f1tenth_system/f1tenth_stack', 'symlink_install': True, 'test_result_base': None}
[0.812s] Level 5:colcon.colcon_core.verb:set package 'f1tenth_slam_nav' build argument 'cmake_args' from command line to 'None'
[0.812s] Level 5:colcon.colcon_core.verb:set package 'f1tenth_slam_nav' build argument 'cmake_target' from command line to 'None'
[0.812s] Level 5:colcon.colcon_core.verb:set package 'f1tenth_slam_nav' build argument 'cmake_target_skip_unavailable' from command line to 'False'
[0.812s] Level 5:colcon.colcon_core.verb:set package 'f1tenth_slam_nav' build argument 'cmake_clean_cache' from command line to 'False'
[0.812s] Level 5:colcon.colcon_core.verb:set package 'f1tenth_slam_nav' build argument 'cmake_clean_first' from command line to 'False'
[0.812s] Level 5:colcon.colcon_core.verb:set package 'f1tenth_slam_nav' build argument 'cmake_force_configure' from command line to 'False'
[0.812s] Level 5:colcon.colcon_core.verb:set package 'f1tenth_slam_nav' build argument 'ament_cmake_args' from command line to 'None'
[0.812s] Level 5:colcon.colcon_core.verb:set package 'f1tenth_slam_nav' build argument 'catkin_cmake_args' from command line to 'None'
[0.812s] Level 5:colcon.colcon_core.verb:set package 'f1tenth_slam_nav' build argument 'catkin_skip_building_tests' from command line to 'False'
[0.812s] DEBUG:colcon.colcon_core.verb:Building package 'f1tenth_slam_nav' with the following arguments: {'ament_cmake_args': None, 'build_base': '/home/sh/projects/f1tenth_miru3/build/f1tenth_slam_nav', 'catkin_cmake_args': None, 'catkin_skip_building_tests': False, 'cmake_args': None, 'cmake_clean_cache': False, 'cmake_clean_first': False, 'cmake_force_configure': False, 'cmake_target': None, 'cmake_target_skip_unavailable': False, 'install_base': '/home/sh/projects/f1tenth_miru3/install/f1tenth_slam_nav', 'merge_install': False, 'path': '/home/sh/projects/f1tenth_miru3/src/f1tenth_slam_nav', 'symlink_install': True, 'test_result_base': None}
[0.813s] INFO:colcon.colcon_core.executor:Executing jobs using 'parallel' executor
[0.816s] DEBUG:colcon.colcon_parallel_executor.executor.parallel:run_until_complete
[0.817s] INFO:colcon.colcon_ros.task.ament_cmake.build:Building ROS package in '/home/sh/projects/f1tenth_miru3/src/f1tenth_system/vesc/vesc_msgs' with build type 'ament_cmake'
[0.818s] INFO:colcon.colcon_cmake.task.cmake.build:Building CMake package in '/home/sh/projects/f1tenth_miru3/src/f1tenth_system/vesc/vesc_msgs'
[0.823s] INFO:colcon.colcon_core.plugin_system:Skipping extension 'colcon_core.shell.bat': Not used on non-Windows systems
[0.824s] INFO:colcon.colcon_core.shell:Skip shell extension 'powershell' for command environment: Not usable outside of PowerShell
[0.824s] DEBUG:colcon.colcon_core.shell:Skip shell extension 'dsv' for command environment
[0.833s] INFO:colcon.colcon_ros.task.ament_cmake.build:Building ROS package in '/home/sh/projects/f1tenth_miru3/src/f1tenth_system/teleop_tools/teleop_tools_msgs' with build type 'ament_cmake'
[0.833s] INFO:colcon.colcon_cmake.task.cmake.build:Building CMake package in '/home/sh/projects/f1tenth_miru3/src/f1tenth_system/teleop_tools/teleop_tools_msgs'
[0.834s] INFO:colcon.colcon_core.shell:Skip shell extension 'powershell' for command environment: Not usable outside of PowerShell
[0.834s] DEBUG:colcon.colcon_core.shell:Skip shell extension 'dsv' for command environment
[0.842s] INFO:colcon.colcon_ros.task.ament_cmake.build:Building ROS package in '/home/sh/projects/f1tenth_miru3/src/f1tenth_system/ackermann_mux' with build type 'ament_cmake'
[0.842s] INFO:colcon.colcon_cmake.task.cmake.build:Building CMake package in '/home/sh/projects/f1tenth_miru3/src/f1tenth_system/ackermann_mux'
[0.843s] INFO:colcon.colcon_core.shell:Skip shell extension 'powershell' for command environment: Not usable outside of PowerShell
[0.843s] DEBUG:colcon.colcon_core.shell:Skip shell extension 'dsv' for command environment
[0.849s] INFO:colcon.colcon_ros.task.ament_python.build:Building ROS package in '/home/sh/projects/f1tenth_miru3/src/f1tenth_system/teleop_tools/key_teleop' with build type 'ament_python'
[0.849s] Level 1:colcon.colcon_core.shell:create_environment_hook('key_teleop', 'ament_prefix_path')
[0.850s] INFO:colcon.colcon_core.shell:Creating environment hook '/home/sh/projects/f1tenth_miru3/install/key_teleop/share/key_teleop/hook/ament_prefix_path.ps1'
[0.852s] INFO:colcon.colcon_core.shell:Creating environment descriptor '/home/sh/projects/f1tenth_miru3/install/key_teleop/share/key_teleop/hook/ament_prefix_path.dsv'
[0.853s] INFO:colcon.colcon_core.shell:Creating environment hook '/home/sh/projects/f1tenth_miru3/install/key_teleop/share/key_teleop/hook/ament_prefix_path.sh'
[0.855s] INFO:colcon.colcon_core.shell:Skip shell extension 'powershell' for command environment: Not usable outside of PowerShell
[0.856s] DEBUG:colcon.colcon_core.shell:Skip shell extension 'dsv' for command environment
[0.862s] INFO:colcon.colcon_ros.task.ament_cmake.build:Building ROS package in '/home/sh/projects/f1tenth_miru3/src/center_follow_cpp' with build type 'ament_cmake'
[0.862s] INFO:colcon.colcon_cmake.task.cmake.build:Building CMake package in '/home/sh/projects/f1tenth_miru3/src/center_follow_cpp'
[0.863s] INFO:colcon.colcon_core.shell:Skip shell extension 'powershell' for command environment: Not usable outside of PowerShell
[0.863s] DEBUG:colcon.colcon_core.shell:Skip shell extension 'dsv' for command environment
[0.869s] INFO:colcon.colcon_ros.task.ament_python.build:Building ROS package in '/home/sh/projects/f1tenth_miru3/src/forza_map_controller' with build type 'ament_python'
[0.869s] Level 1:colcon.colcon_core.shell:create_environment_hook('forza_map_controller', 'ament_prefix_path')
[0.870s] INFO:colcon.colcon_core.shell:Creating environment hook '/home/sh/projects/f1tenth_miru3/install/forza_map_controller/share/forza_map_controller/hook/ament_prefix_path.ps1'
[0.871s] INFO:colcon.colcon_core.shell:Creating environment descriptor '/home/sh/projects/f1tenth_miru3/install/forza_map_controller/share/forza_map_controller/hook/ament_prefix_path.dsv'
[0.873s] INFO:colcon.colcon_core.shell:Creating environment hook '/home/sh/projects/f1tenth_miru3/install/forza_map_controller/share/forza_map_controller/hook/ament_prefix_path.sh'
[0.876s] INFO:colcon.colcon_core.shell:Skip shell extension 'powershell' for command environment: Not usable outside of PowerShell
[0.876s] DEBUG:colcon.colcon_core.shell:Skip shell extension 'dsv' for command environment
[0.884s] INFO:colcon.colcon_ros.task.ament_cmake.build:Building ROS package in '/home/sh/projects/f1tenth_miru3/src/map_controller' with build type 'ament_cmake'
[0.884s] INFO:colcon.colcon_cmake.task.cmake.build:Building CMake package in '/home/sh/projects/f1tenth_miru3/src/map_controller'
[0.885s] INFO:colcon.colcon_core.shell:Skip shell extension 'powershell' for command environment: Not usable outside of PowerShell
[0.885s] DEBUG:colcon.colcon_core.shell:Skip shell extension 'dsv' for command environment
[0.891s] INFO:colcon.colcon_ros.task.ament_python.build:Building ROS package in '/home/sh/projects/f1tenth_miru3/src/f1tenth_system/teleop_tools/mouse_teleop' with build type 'ament_python'
[0.891s] Level 1:colcon.colcon_core.shell:create_environment_hook('mouse_teleop', 'ament_prefix_path')
[0.892s] INFO:colcon.colcon_core.shell:Creating environment hook '/home/sh/projects/f1tenth_miru3/install/mouse_teleop/share/mouse_teleop/hook/ament_prefix_path.ps1'
[0.893s] INFO:colcon.colcon_core.shell:Creating environment descriptor '/home/sh/projects/f1tenth_miru3/install/mouse_teleop/share/mouse_teleop/hook/ament_prefix_path.dsv'
[0.894s] INFO:colcon.colcon_core.shell:Creating environment hook '/home/sh/projects/f1tenth_miru3/install/mouse_teleop/share/mouse_teleop/hook/ament_prefix_path.sh'
[0.896s] INFO:colcon.colcon_core.shell:Skip shell extension 'powershell' for command environment: Not usable outside of PowerShell
[0.896s] DEBUG:colcon.colcon_core.shell:Skip shell extension 'dsv' for command environment
[0.902s] INFO:colcon.colcon_ros.task.ament_cmake.build:Building ROS package in '/home/sh/projects/f1tenth_miru3/src/path_follow' with build type 'ament_cmake'
[0.902s] INFO:colcon.colcon_cmake.task.cmake.build:Building CMake package in '/home/sh/projects/f1tenth_miru3/src/path_follow'
[0.902s] INFO:colcon.colcon_core.shell:Skip shell extension 'powershell' for command environment: Not usable outside of PowerShell
[0.902s] DEBUG:colcon.colcon_core.shell:Skip shell extension 'dsv' for command environment
[0.908s] INFO:colcon.colcon_ros.task.ament_cmake.build:Building ROS package in '/home/sh/projects/f1tenth_miru3/src/pure_pursuit' with build type 'ament_cmake'
[0.909s] INFO:colcon.colcon_cmake.task.cmake.build:Building CMake package in '/home/sh/projects/f1tenth_miru3/src/pure_pursuit'
[0.909s] INFO:colcon.colcon_core.shell:Skip shell extension 'powershell' for command environment: Not usable outside of PowerShell
[0.909s] DEBUG:colcon.colcon_core.shell:Skip shell extension 'dsv' for command environment
[0.916s] INFO:colcon.colcon_ros.task.ament_python.build:Building ROS package in '/home/sh/projects/f1tenth_miru3/src/pygame_key_teleop' with build type 'ament_python'
[0.916s] Level 1:colcon.colcon_core.shell:create_environment_hook('pygame_key_teleop', 'ament_prefix_path')
[0.917s] INFO:colcon.colcon_core.shell:Creating environment hook '/home/sh/projects/f1tenth_miru3/install/pygame_key_teleop/share/pygame_key_teleop/hook/ament_prefix_path.ps1'
[0.918s] INFO:colcon.colcon_core.shell:Creating environment descriptor '/home/sh/projects/f1tenth_miru3/install/pygame_key_teleop/share/pygame_key_teleop/hook/ament_prefix_path.dsv'
[0.919s] INFO:colcon.colcon_core.shell:Creating environment hook '/home/sh/projects/f1tenth_miru3/install/pygame_key_teleop/share/pygame_key_teleop/hook/ament_prefix_path.sh'
[0.920s] INFO:colcon.colcon_core.shell:Skip shell extension 'powershell' for command environment: Not usable outside of PowerShell
[0.920s] DEBUG:colcon.colcon_core.shell:Skip shell extension 'dsv' for command environment
[0.940s] DEBUG:colcon.colcon_core.event_handler.log_command:Invoking command in '/home/sh/projects/f1tenth_miru3/build/vesc_msgs': CMAKE_PREFIX_PATH=/opt/ros/humble /usr/bin/cmake --build /home/sh/projects/f1tenth_miru3/build/vesc_msgs -- -j16 -l16
[0.946s] DEBUG:colcon.colcon_core.event_handler.log_command:Invoking command in '/home/sh/projects/f1tenth_miru3/build/teleop_tools_msgs': CMAKE_PREFIX_PATH=/opt/ros/humble /usr/bin/cmake --build /home/sh/projects/f1tenth_miru3/build/teleop_tools_msgs -- -j16 -l16
[0.952s] DEBUG:colcon.colcon_core.event_handler.log_command:Invoking command in '/home/sh/projects/f1tenth_miru3/build/ackermann_mux': CMAKE_PREFIX_PATH=/opt/ros/humble /usr/bin/cmake --build /home/sh/projects/f1tenth_miru3/build/ackermann_mux -- -j16 -l16
[1.636s] INFO:colcon.colcon_core.task.python.build:Building Python package in '/home/sh/projects/f1tenth_miru3/src/f1tenth_system/teleop_tools/key_teleop'
[1.637s] INFO:colcon.colcon_core.shell:Skip shell extension 'powershell' for command environment: Not usable outside of PowerShell
[1.637s] DEBUG:colcon.colcon_core.shell:Skip shell extension 'dsv' for command environment
[1.650s] DEBUG:colcon.colcon_core.event_handler.log_command:Invoking command in '/home/sh/projects/f1tenth_miru3/build/center_follow_cpp': CMAKE_PREFIX_PATH=/opt/ros/humble /usr/bin/cmake --build /home/sh/projects/f1tenth_miru3/build/center_follow_cpp -- -j16 -l16
[2.150s] INFO:colcon.colcon_core.task.python.build:Building Python package in '/home/sh/projects/f1tenth_miru3/src/forza_map_controller'
[2.151s] INFO:colcon.colcon_core.shell:Skip shell extension 'powershell' for command environment: Not usable outside of PowerShell
[2.151s] DEBUG:colcon.colcon_core.shell:Skip shell extension 'dsv' for command environment
[2.162s] DEBUG:colcon.colcon_core.event_handler.log_command:Invoking command in '/home/sh/projects/f1tenth_miru3/build/map_controller': CMAKE_PREFIX_PATH=/opt/ros/humble /usr/bin/cmake --build /home/sh/projects/f1tenth_miru3/build/map_controller -- -j16 -l16
[2.632s] INFO:colcon.colcon_core.task.python.build:Building Python package in '/home/sh/projects/f1tenth_miru3/src/f1tenth_system/teleop_tools/mouse_teleop'
[2.632s] INFO:colcon.colcon_core.shell:Skip shell extension 'powershell' for command environment: Not usable outside of PowerShell
[2.633s] DEBUG:colcon.colcon_core.shell:Skip shell extension 'dsv' for command environment
[2.644s] DEBUG:colcon.colcon_core.event_handler.log_command:Invoking command in '/home/sh/projects/f1tenth_miru3/build/path_follow': CMAKE_PREFIX_PATH=/opt/ros/humble /usr/bin/cmake --build /home/sh/projects/f1tenth_miru3/build/path_follow -- -j16 -l16
[2.650s] DEBUG:colcon.colcon_core.event_handler.log_command:Invoking command in '/home/sh/projects/f1tenth_miru3/build/pure_pursuit': CMAKE_PREFIX_PATH=/opt/ros/humble /usr/bin/cmake --build /home/sh/projects/f1tenth_miru3/build/pure_pursuit -- -j16 -l16
[3.141s] INFO:colcon.colcon_core.task.python.build:Building Python package in '/home/sh/projects/f1tenth_miru3/src/pygame_key_teleop'
[3.142s] INFO:colcon.colcon_core.shell:Skip shell extension 'powershell' for command environment: Not usable outside of PowerShell
[3.142s] DEBUG:colcon.colcon_core.shell:Skip shell extension 'dsv' for command environment
[3.165s] DEBUG:colcon.colcon_core.event_handler.log_command:Invoked command in '/home/sh/projects/f1tenth_miru3/build/vesc_msgs' returned '0': CMAKE_PREFIX_PATH=/opt/ros/humble /usr/bin/cmake --build /home/sh/projects/f1tenth_miru3/build/vesc_msgs -- -j16 -l16
[3.175s] DEBUG:colcon.colcon_core.event_handler.log_command:Invoking command in '/home/sh/projects/f1tenth_miru3/build/vesc_msgs': CMAKE_PREFIX_PATH=/opt/ros/humble /usr/bin/cmake --install /home/sh/projects/f1tenth_miru3/build/vesc_msgs
[3.176s] DEBUG:colcon.colcon_core.event_handler.log_command:Invoked command in '/home/sh/projects/f1tenth_miru3/build/teleop_tools_msgs' returned '0': CMAKE_PREFIX_PATH=/opt/ros/humble /usr/bin/cmake --build /home/sh/projects/f1tenth_miru3/build/teleop_tools_msgs -- -j16 -l16
[3.181s] DEBUG:colcon.colcon_core.event_handler.log_command:Invoking command in '/home/sh/projects/f1tenth_miru3/build/teleop_tools_msgs': CMAKE_PREFIX_PATH=/opt/ros/humble /usr/bin/cmake --install /home/sh/projects/f1tenth_miru3/build/teleop_tools_msgs
[3.184s] DEBUG:colcon.colcon_core.event_handler.log_command:Invoked command in '/home/sh/projects/f1tenth_miru3/build/ackermann_mux' returned '0': CMAKE_PREFIX_PATH=/opt/ros/humble /usr/bin/cmake --build /home/sh/projects/f1tenth_miru3/build/ackermann_mux -- -j16 -l16
[3.185s] DEBUG:colcon.colcon_core.event_handler.log_command:Invoking command in '/home/sh/projects/f1tenth_miru3/build/ackermann_mux': CMAKE_PREFIX_PATH=/opt/ros/humble /usr/bin/cmake --install /home/sh/projects/f1tenth_miru3/build/ackermann_mux
[3.188s] DEBUG:colcon.colcon_core.event_handler.log_command:Invoked command in '/home/sh/projects/f1tenth_miru3/build/center_follow_cpp' returned '0': CMAKE_PREFIX_PATH=/opt/ros/humble /usr/bin/cmake --build /home/sh/projects/f1tenth_miru3/build/center_follow_cpp -- -j16 -l16
[3.190s] DEBUG:colcon.colcon_core.event_handler.log_command:Invoking command in '/home/sh/projects/f1tenth_miru3/build/center_follow_cpp': CMAKE_PREFIX_PATH=/opt/ros/humble /usr/bin/cmake --install /home/sh/projects/f1tenth_miru3/build/center_follow_cpp
[3.191s] DEBUG:colcon.colcon_core.event_handler.log_command:Invoked command in '/home/sh/projects/f1tenth_miru3/build/map_controller' returned '0': CMAKE_PREFIX_PATH=/opt/ros/humble /usr/bin/cmake --build /home/sh/projects/f1tenth_miru3/build/map_controller -- -j16 -l16
[3.195s] DEBUG:colcon.colcon_core.event_handler.log_command:Invoking command in '/home/sh/projects/f1tenth_miru3/build/map_controller': CMAKE_PREFIX_PATH=/opt/ros/humble /usr/bin/cmake --install /home/sh/projects/f1tenth_miru3/build/map_controller
[3.197s] DEBUG:colcon.colcon_core.event_handler.log_command:Invoked command in '/home/sh/projects/f1tenth_miru3/build/path_follow' returned '0': CMAKE_PREFIX_PATH=/opt/ros/humble /usr/bin/cmake --build /home/sh/projects/f1tenth_miru3/build/path_follow -- -j16 -l16
[3.201s] DEBUG:colcon.colcon_core.event_handler.log_command:Invoking command in '/home/sh/projects/f1tenth_miru3/build/path_follow': CMAKE_PREFIX_PATH=/opt/ros/humble /usr/bin/cmake --install /home/sh/projects/f1tenth_miru3/build/path_follow
[3.202s] DEBUG:colcon.colcon_core.event_handler.log_command:Invoked command in '/home/sh/projects/f1tenth_miru3/build/pure_pursuit' returned '0': CMAKE_PREFIX_PATH=/opt/ros/humble /usr/bin/cmake --build /home/sh/projects/f1tenth_miru3/build/pure_pursuit -- -j16 -l16
[3.208s] DEBUG:colcon.colcon_core.event_handler.log_command:Invoking command in '/home/sh/projects/f1tenth_miru3/build/pure_pursuit': CMAKE_PREFIX_PATH=/opt/ros/humble /usr/bin/cmake --install /home/sh/projects/f1tenth_miru3/build/pure_pursuit
[3.418s] Level 1:colcon.colcon_core.environment:create_environment_scripts_only(teleop_tools_msgs)
[3.421s] DEBUG:colcon.colcon_core.event_handler.log_command:Invoked command in '/home/sh/projects/f1tenth_miru3/build/teleop_tools_msgs' returned '0': CMAKE_PREFIX_PATH=/opt/ros/humble /usr/bin/cmake --install /home/sh/projects/f1tenth_miru3/build/teleop_tools_msgs
[3.437s] Level 1:colcon.colcon_core.environment:checking '/home/sh/projects/f1tenth_miru3/install/teleop_tools_msgs' for CMake module files
[3.440s] Level 1:colcon.colcon_core.environment:checking '/home/sh/projects/f1tenth_miru3/install/teleop_tools_msgs' for CMake config files
[3.442s] Level 1:colcon.colcon_core.shell:create_environment_hook('teleop_tools_msgs', 'cmake_prefix_path')
[3.443s] INFO:colcon.colcon_core.shell:Creating environment hook '/home/sh/projects/f1tenth_miru3/install/teleop_tools_msgs/share/teleop_tools_msgs/hook/cmake_prefix_path.ps1'
[3.445s] INFO:colcon.colcon_core.shell:Creating environment descriptor '/home/sh/projects/f1tenth_miru3/install/teleop_tools_msgs/share/teleop_tools_msgs/hook/cmake_prefix_path.dsv'
[3.447s] INFO:colcon.colcon_core.shell:Creating environment hook '/home/sh/projects/f1tenth_miru3/install/teleop_tools_msgs/share/teleop_tools_msgs/hook/cmake_prefix_path.sh'
[3.449s] Level 1:colcon.colcon_core.environment:checking '/home/sh/projects/f1tenth_miru3/install/teleop_tools_msgs/lib'
[3.450s] Level 1:colcon.colcon_core.shell:create_environment_hook('teleop_tools_msgs', 'ld_library_path_lib')
[3.451s] INFO:colcon.colcon_core.shell:Creating environment hook '/home/sh/projects/f1tenth_miru3/install/teleop_tools_msgs/share/teleop_tools_msgs/hook/ld_library_path_lib.ps1'
[3.452s] INFO:colcon.colcon_core.shell:Creating environment descriptor '/home/sh/projects/f1tenth_miru3/install/teleop_tools_msgs/share/teleop_tools_msgs/hook/ld_library_path_lib.dsv'
[3.454s] INFO:colcon.colcon_core.shell:Creating environment hook '/home/sh/projects/f1tenth_miru3/install/teleop_tools_msgs/share/teleop_tools_msgs/hook/ld_library_path_lib.sh'
[3.456s] Level 1:colcon.colcon_core.environment:checking '/home/sh/projects/f1tenth_miru3/install/teleop_tools_msgs/bin'
[3.456s] Level 1:colcon.colcon_core.environment:checking '/home/sh/projects/f1tenth_miru3/install/teleop_tools_msgs/lib/pkgconfig/teleop_tools_msgs.pc'
[3.457s] Level 1:colcon.colcon_core.environment:checking '/home/sh/projects/f1tenth_miru3/install/teleop_tools_msgs/lib/python3.10/site-packages'
[3.458s] Level 1:colcon.colcon_core.environment:checking '/home/sh/projects/f1tenth_miru3/install/teleop_tools_msgs/bin'
[3.459s] INFO:colcon.colcon_core.shell:Creating package script '/home/sh/projects/f1tenth_miru3/install/teleop_tools_msgs/share/teleop_tools_msgs/package.ps1'
[3.464s] INFO:colcon.colcon_core.shell:Creating package descriptor '/home/sh/projects/f1tenth_miru3/install/teleop_tools_msgs/share/teleop_tools_msgs/package.dsv'
[3.466s] INFO:colcon.colcon_core.shell:Creating package script '/home/sh/projects/f1tenth_miru3/install/teleop_tools_msgs/share/teleop_tools_msgs/package.sh'
[3.468s] INFO:colcon.colcon_core.shell:Creating package script '/home/sh/projects/f1tenth_miru3/install/teleop_tools_msgs/share/teleop_tools_msgs/package.bash'
[3.471s] INFO:colcon.colcon_core.shell:Creating package script '/home/sh/projects/f1tenth_miru3/install/teleop_tools_msgs/share/teleop_tools_msgs/package.zsh'
[3.474s] Level 1:colcon.colcon_core.environment:create_file_with_runtime_dependencies(/home/sh/projects/f1tenth_miru3/install/teleop_tools_msgs/share/colcon-core/packages/teleop_tools_msgs)
[3.477s] Level 1:colcon.colcon_core.environment:create_environment_scripts_only(teleop_tools_msgs)
[3.478s] Level 1:colcon.colcon_core.environment:checking '/home/sh/projects/f1tenth_miru3/install/teleop_tools_msgs' for CMake module files
[3.481s] Level 1:colcon.colcon_core.environment:checking '/home/sh/projects/f1tenth_miru3/install/teleop_tools_msgs' for CMake config files
[3.483s] Level 1:colcon.colcon_core.shell:create_environment_hook('teleop_tools_msgs', 'cmake_prefix_path')
[3.484s] INFO:colcon.colcon_core.shell:Creating environment hook '/home/sh/projects/f1tenth_miru3/install/teleop_tools_msgs/share/teleop_tools_msgs/hook/cmake_prefix_path.ps1'
[3.485s] INFO:colcon.colcon_core.shell:Creating environment descriptor '/home/sh/projects/f1tenth_miru3/install/teleop_tools_msgs/share/teleop_tools_msgs/hook/cmake_prefix_path.dsv'
[3.487s] INFO:colcon.colcon_core.shell:Creating environment hook '/home/sh/projects/f1tenth_miru3/install/teleop_tools_msgs/share/teleop_tools_msgs/hook/cmake_prefix_path.sh'
[3.489s] Level 1:colcon.colcon_core.environment:checking '/home/sh/projects/f1tenth_miru3/install/teleop_tools_msgs/lib'
[3.490s] Level 1:colcon.colcon_core.shell:create_environment_hook('teleop_tools_msgs', 'ld_library_path_lib')
[3.490s] INFO:colcon.colcon_core.shell:Creating environment hook '/home/sh/projects/f1tenth_miru3/install/teleop_tools_msgs/share/teleop_tools_msgs/hook/ld_library_path_lib.ps1'
[3.492s] INFO:colcon.colcon_core.shell:Creating environment descriptor '/home/sh/projects/f1tenth_miru3/install/teleop_tools_msgs/share/teleop_tools_msgs/hook/ld_library_path_lib.dsv'
[3.494s] INFO:colcon.colcon_core.shell:Creating environment hook '/home/sh/projects/f1tenth_miru3/install/teleop_tools_msgs/share/teleop_tools_msgs/hook/ld_library_path_lib.sh'
[3.495s] Level 1:colcon.colcon_core.environment:checking '/home/sh/projects/f1tenth_miru3/install/teleop_tools_msgs/bin'
[3.496s] Level 1:colcon.colcon_core.environment:checking '/home/sh/projects/f1tenth_miru3/install/teleop_tools_msgs/lib/pkgconfig/teleop_tools_msgs.pc'
[3.497s] Level 1:colcon.colcon_core.environment:checking '/home/sh/projects/f1tenth_miru3/install/teleop_tools_msgs/lib/python3.10/site-packages'
[3.497s] Level 1:colcon.colcon_core.environment:checking '/home/sh/projects/f1tenth_miru3/install/teleop_tools_msgs/bin'
[3.499s] INFO:colcon.colcon_core.shell:Creating package script '/home/sh/projects/f1tenth_miru3/install/teleop_tools_msgs/share/teleop_tools_msgs/package.ps1'
[3.501s] INFO:colcon.colcon_core.shell:Creating package descriptor '/home/sh/projects/f1tenth_miru3/install/teleop_tools_msgs/share/teleop_tools_msgs/package.dsv'
[3.503s] INFO:colcon.colcon_core.shell:Creating package script '/home/sh/projects/f1tenth_miru3/install/teleop_tools_msgs/share/teleop_tools_msgs/package.sh'
[3.505s] INFO:colcon.colcon_core.shell:Creating package script '/home/sh/projects/f1tenth_miru3/install/teleop_tools_msgs/share/teleop_tools_msgs/package.bash'
[3.507s] INFO:colcon.colcon_core.shell:Creating package script '/home/sh/projects/f1tenth_miru3/install/teleop_tools_msgs/share/teleop_tools_msgs/package.zsh'
[3.509s] Level 1:colcon.colcon_core.environment:create_file_with_runtime_dependencies(/home/sh/projects/f1tenth_miru3/install/teleop_tools_msgs/share/colcon-core/packages/teleop_tools_msgs)
[3.512s] INFO:colcon.colcon_ros.task.ament_python.build:Building ROS package in '/home/sh/projects/f1tenth_miru3/src/f1tenth_system/teleop_tools/joy_teleop' with build type 'ament_python'
[3.513s] Level 1:colcon.colcon_core.shell:create_environment_hook('joy_teleop', 'ament_prefix_path')
[3.514s] INFO:colcon.colcon_core.shell:Creating environment hook '/home/sh/projects/f1tenth_miru3/install/joy_teleop/share/joy_teleop/hook/ament_prefix_path.ps1'
[3.517s] INFO:colcon.colcon_core.shell:Creating environment descriptor '/home/sh/projects/f1tenth_miru3/install/joy_teleop/share/joy_teleop/hook/ament_prefix_path.dsv'
[3.518s] INFO:colcon.colcon_core.shell:Creating environment hook '/home/sh/projects/f1tenth_miru3/install/joy_teleop/share/joy_teleop/hook/ament_prefix_path.sh'
[3.521s] INFO:colcon.colcon_core.shell:Skip shell extension 'powershell' for command environment: Not usable outside of PowerShell
[3.521s] DEBUG:colcon.colcon_core.shell:Skip shell extension 'dsv' for command environment
[3.534s] Level 1:colcon.colcon_core.environment:create_environment_scripts_only(vesc_msgs)
[3.535s] Level 1:colcon.colcon_core.environment:checking '/home/sh/projects/f1tenth_miru3/install/vesc_msgs' for CMake module files
[3.546s] Level 1:colcon.colcon_core.environment:checking '/home/sh/projects/f1tenth_miru3/install/vesc_msgs' for CMake config files
[3.555s] DEBUG:colcon.colcon_core.event_handler.log_command:Invoked command in '/home/sh/projects/f1tenth_miru3/build/vesc_msgs' returned '0': CMAKE_PREFIX_PATH=/opt/ros/humble /usr/bin/cmake --install /home/sh/projects/f1tenth_miru3/build/vesc_msgs
[3.556s] Level 1:colcon.colcon_core.shell:create_environment_hook('vesc_msgs', 'cmake_prefix_path')
[3.558s] INFO:colcon.colcon_core.shell:Creating environment hook '/home/sh/projects/f1tenth_miru3/install/vesc_msgs/share/vesc_msgs/hook/cmake_prefix_path.ps1'
[3.560s] INFO:colcon.colcon_core.shell:Creating environment descriptor '/home/sh/projects/f1tenth_miru3/install/vesc_msgs/share/vesc_msgs/hook/cmake_prefix_path.dsv'
[3.563s] INFO:colcon.colcon_core.shell:Creating environment hook '/home/sh/projects/f1tenth_miru3/install/vesc_msgs/share/vesc_msgs/hook/cmake_prefix_path.sh'
[3.566s] Level 1:colcon.colcon_core.environment:checking '/home/sh/projects/f1tenth_miru3/install/vesc_msgs/lib'
[3.566s] Level 1:colcon.colcon_core.shell:create_environment_hook('vesc_msgs', 'ld_library_path_lib')
[3.567s] INFO:colcon.colcon_core.shell:Creating environment hook '/home/sh/projects/f1tenth_miru3/install/vesc_msgs/share/vesc_msgs/hook/ld_library_path_lib.ps1'
[3.569s] INFO:colcon.colcon_core.shell:Creating environment descriptor '/home/sh/projects/f1tenth_miru3/install/vesc_msgs/share/vesc_msgs/hook/ld_library_path_lib.dsv'
[3.570s] INFO:colcon.colcon_core.shell:Creating environment hook '/home/sh/projects/f1tenth_miru3/install/vesc_msgs/share/vesc_msgs/hook/ld_library_path_lib.sh'
[3.572s] Level 1:colcon.colcon_core.environment:checking '/home/sh/projects/f1tenth_miru3/install/vesc_msgs/bin'
[3.575s] Level 1:colcon.colcon_core.environment:checking '/home/sh/projects/f1tenth_miru3/install/vesc_msgs/lib/pkgconfig/vesc_msgs.pc'
[3.576s] Level 1:colcon.colcon_core.environment:checking '/home/sh/projects/f1tenth_miru3/install/vesc_msgs/lib/python3.10/site-packages'
[3.577s] Level 1:colcon.colcon_core.environment:checking '/home/sh/projects/f1tenth_miru3/install/vesc_msgs/bin'
[3.578s] INFO:colcon.colcon_core.shell:Creating package script '/home/sh/projects/f1tenth_miru3/install/vesc_msgs/share/vesc_msgs/package.ps1'
[3.580s] INFO:colcon.colcon_core.shell:Creating package descriptor '/home/sh/projects/f1tenth_miru3/install/vesc_msgs/share/vesc_msgs/package.dsv'
[3.582s] INFO:colcon.colcon_core.shell:Creating package script '/home/sh/projects/f1tenth_miru3/install/vesc_msgs/share/vesc_msgs/package.sh'
[3.584s] INFO:colcon.colcon_core.shell:Creating package script '/home/sh/projects/f1tenth_miru3/install/vesc_msgs/share/vesc_msgs/package.bash'
[3.585s] INFO:colcon.colcon_core.shell:Creating package script '/home/sh/projects/f1tenth_miru3/install/vesc_msgs/share/vesc_msgs/package.zsh'
[3.586s] Level 1:colcon.colcon_core.environment:create_file_with_runtime_dependencies(/home/sh/projects/f1tenth_miru3/install/vesc_msgs/share/colcon-core/packages/vesc_msgs)
[3.589s] Level 1:colcon.colcon_core.environment:create_environment_scripts_only(vesc_msgs)
[3.590s] Level 1:colcon.colcon_core.environment:checking '/home/sh/projects/f1tenth_miru3/install/vesc_msgs' for CMake module files
[3.593s] Level 1:colcon.colcon_core.environment:checking '/home/sh/projects/f1tenth_miru3/install/vesc_msgs' for CMake config files
[3.597s] Level 1:colcon.colcon_core.shell:create_environment_hook('vesc_msgs', 'cmake_prefix_path')
[3.598s] INFO:colcon.colcon_core.shell:Creating environment hook '/home/sh/projects/f1tenth_miru3/install/vesc_msgs/share/vesc_msgs/hook/cmake_prefix_path.ps1'
[3.600s] INFO:colcon.colcon_core.shell:Creating environment descriptor '/home/sh/projects/f1tenth_miru3/install/vesc_msgs/share/vesc_msgs/hook/cmake_prefix_path.dsv'
[3.601s] INFO:colcon.colcon_core.shell:Creating environment hook '/home/sh/projects/f1tenth_miru3/install/vesc_msgs/share/vesc_msgs/hook/cmake_prefix_path.sh'
[3.603s] Level 1:colcon.colcon_core.environment:checking '/home/sh/projects/f1tenth_miru3/install/vesc_msgs/lib'
[3.603s] Level 1:colcon.colcon_core.shell:create_environment_hook('vesc_msgs', 'ld_library_path_lib')
[3.604s] INFO:colcon.colcon_core.shell:Creating environment hook '/home/sh/projects/f1tenth_miru3/install/vesc_msgs/share/vesc_msgs/hook/ld_library_path_lib.ps1'
[3.606s] INFO:colcon.colcon_core.shell:Creating environment descriptor '/home/sh/projects/f1tenth_miru3/install/vesc_msgs/share/vesc_msgs/hook/ld_library_path_lib.dsv'
[3.607s] INFO:colcon.colcon_core.shell:Creating environment hook '/home/sh/projects/f1tenth_miru3/install/vesc_msgs/share/vesc_msgs/hook/ld_library_path_lib.sh'
[3.609s] Level 1:colcon.colcon_core.environment:checking '/home/sh/projects/f1tenth_miru3/install/vesc_msgs/bin'
[3.609s] Level 1:colcon.colcon_core.environment:checking '/home/sh/projects/f1tenth_miru3/install/vesc_msgs/lib/pkgconfig/vesc_msgs.pc'
[3.610s] Level 1:colcon.colcon_core.environment:checking '/home/sh/projects/f1tenth_miru3/install/vesc_msgs/lib/python3.10/site-packages'
[3.611s] Level 1:colcon.colcon_core.environment:checking '/home/sh/projects/f1tenth_miru3/install/vesc_msgs/bin'
[3.613s] INFO:colcon.colcon_core.shell:Creating package script '/home/sh/projects/f1tenth_miru3/install/vesc_msgs/share/vesc_msgs/package.ps1'
[3.616s] INFO:colcon.colcon_core.shell:Creating package descriptor '/home/sh/projects/f1tenth_miru3/install/vesc_msgs/share/vesc_msgs/package.dsv'
[3.618s] INFO:colcon.colcon_core.shell:Creating package script '/home/sh/projects/f1tenth_miru3/install/vesc_msgs/share/vesc_msgs/package.sh'
[3.620s] INFO:colcon.colcon_core.shell:Creating package script '/home/sh/projects/f1tenth_miru3/install/vesc_msgs/share/vesc_msgs/package.bash'
[3.622s] INFO:colcon.colcon_core.shell:Creating package script '/home/sh/projects/f1tenth_miru3/install/vesc_msgs/share/vesc_msgs/package.zsh'
[3.624s] Level 1:colcon.colcon_core.environment:create_file_with_runtime_dependencies(/home/sh/projects/f1tenth_miru3/install/vesc_msgs/share/colcon-core/packages/vesc_msgs)
[3.629s] INFO:colcon.colcon_ros.task.ament_cmake.build:Building ROS package in '/home/sh/projects/f1tenth_miru3/src/f1tenth_system/vesc/vesc_ackermann' with build type 'ament_cmake'
[3.629s] INFO:colcon.colcon_cmake.task.cmake.build:Building CMake package in '/home/sh/projects/f1tenth_miru3/src/f1tenth_system/vesc/vesc_ackermann'
[3.630s] INFO:colcon.colcon_core.shell:Skip shell extension 'powershell' for command environment: Not usable outside of PowerShell
[3.630s] DEBUG:colcon.colcon_core.shell:Skip shell extension 'dsv' for command environment
[3.637s] INFO:colcon.colcon_ros.task.ament_cmake.build:Building ROS package in '/home/sh/projects/f1tenth_miru3/src/f1tenth_system/vesc/vesc_driver' with build type 'ament_cmake'
[3.637s] INFO:colcon.colcon_cmake.task.cmake.build:Building CMake package in '/home/sh/projects/f1tenth_miru3/src/f1tenth_system/vesc/vesc_driver'
[3.638s] INFO:colcon.colcon_core.shell:Skip shell extension 'powershell' for command environment: Not usable outside of PowerShell
[3.639s] DEBUG:colcon.colcon_core.shell:Skip shell extension 'dsv' for command environment
[3.660s] Level 1:colcon.colcon_core.environment:create_environment_scripts_only(center_follow_cpp)
[3.661s] Level 1:colcon.colcon_core.environment:checking '/home/sh/projects/f1tenth_miru3/install/center_follow_cpp' for CMake module files
[3.663s] Level 1:colcon.colcon_core.environment:checking '/home/sh/projects/f1tenth_miru3/install/center_follow_cpp' for CMake config files
[3.668s] Level 1:colcon.colcon_core.shell:create_environment_hook('center_follow_cpp', 'cmake_prefix_path')
[3.669s] INFO:colcon.colcon_core.shell:Creating environment hook '/home/sh/projects/f1tenth_miru3/install/center_follow_cpp/share/center_follow_cpp/hook/cmake_prefix_path.ps1'
[3.675s] DEBUG:colcon.colcon_core.event_handler.log_command:Invoked command in '/home/sh/projects/f1tenth_miru3/build/center_follow_cpp' returned '0': CMAKE_PREFIX_PATH=/opt/ros/humble /usr/bin/cmake --install /home/sh/projects/f1tenth_miru3/build/center_follow_cpp
[3.677s] INFO:colcon.colcon_core.shell:Creating environment descriptor '/home/sh/projects/f1tenth_miru3/install/center_follow_cpp/share/center_follow_cpp/hook/cmake_prefix_path.dsv'
[3.679s] INFO:colcon.colcon_core.shell:Creating environment hook '/home/sh/projects/f1tenth_miru3/install/center_follow_cpp/share/center_follow_cpp/hook/cmake_prefix_path.sh'
[3.681s] Level 1:colcon.colcon_core.environment:checking '/home/sh/projects/f1tenth_miru3/install/center_follow_cpp/lib'
[3.682s] Level 1:colcon.colcon_core.environment:checking '/home/sh/projects/f1tenth_miru3/install/center_follow_cpp/bin'
[3.682s] Level 1:colcon.colcon_core.environment:checking '/home/sh/projects/f1tenth_miru3/install/center_follow_cpp/lib/pkgconfig/center_follow_cpp.pc'
[3.683s] Level 1:colcon.colcon_core.environment:checking '/home/sh/projects/f1tenth_miru3/install/center_follow_cpp/lib/python3.10/site-packages'
[3.684s] Level 1:colcon.colcon_core.environment:checking '/home/sh/projects/f1tenth_miru3/install/center_follow_cpp/bin'
[3.685s] INFO:colcon.colcon_core.shell:Creating package script '/home/sh/projects/f1tenth_miru3/install/center_follow_cpp/share/center_follow_cpp/package.ps1'
[3.688s] INFO:colcon.colcon_core.shell:Creating package descriptor '/home/sh/projects/f1tenth_miru3/install/center_follow_cpp/share/center_follow_cpp/package.dsv'
[3.690s] INFO:colcon.colcon_core.shell:Creating package script '/home/sh/projects/f1tenth_miru3/install/center_follow_cpp/share/center_follow_cpp/package.sh'
[3.692s] INFO:colcon.colcon_core.shell:Creating package script '/home/sh/projects/f1tenth_miru3/install/center_follow_cpp/share/center_follow_cpp/package.bash'
[3.694s] INFO:colcon.colcon_core.shell:Creating package script '/home/sh/projects/f1tenth_miru3/install/center_follow_cpp/share/center_follow_cpp/package.zsh'
[3.695s] Level 1:colcon.colcon_core.environment:create_file_with_runtime_dependencies(/home/sh/projects/f1tenth_miru3/install/center_follow_cpp/share/colcon-core/packages/center_follow_cpp)
[3.697s] Level 1:colcon.colcon_core.environment:create_environment_scripts_only(center_follow_cpp)
[3.697s] Level 1:colcon.colcon_core.environment:checking '/home/sh/projects/f1tenth_miru3/install/center_follow_cpp' for CMake module files
[3.698s] Level 1:colcon.colcon_core.environment:checking '/home/sh/projects/f1tenth_miru3/install/center_follow_cpp' for CMake config files
[3.699s] Level 1:colcon.colcon_core.shell:create_environment_hook('center_follow_cpp', 'cmake_prefix_path')
[3.699s] INFO:colcon.colcon_core.shell:Creating environment hook '/home/sh/projects/f1tenth_miru3/install/center_follow_cpp/share/center_follow_cpp/hook/cmake_prefix_path.ps1'
[3.700s] INFO:colcon.colcon_core.shell:Creating environment descriptor '/home/sh/projects/f1tenth_miru3/install/center_follow_cpp/share/center_follow_cpp/hook/cmake_prefix_path.dsv'
[3.702s] INFO:colcon.colcon_core.shell:Creating environment hook '/home/sh/projects/f1tenth_miru3/install/center_follow_cpp/share/center_follow_cpp/hook/cmake_prefix_path.sh'
[3.704s] Level 1:colcon.colcon_core.environment:checking '/home/sh/projects/f1tenth_miru3/install/center_follow_cpp/lib'
[3.704s] Level 1:colcon.colcon_core.environment:checking '/home/sh/projects/f1tenth_miru3/install/center_follow_cpp/bin'
[3.704s] Level 1:colcon.colcon_core.environment:checking '/home/sh/projects/f1tenth_miru3/install/center_follow_cpp/lib/pkgconfig/center_follow_cpp.pc'
[3.705s] Level 1:colcon.colcon_core.environment:checking '/home/sh/projects/f1tenth_miru3/install/center_follow_cpp/lib/python3.10/site-packages'
[3.706s] Level 1:colcon.colcon_core.environment:checking '/home/sh/projects/f1tenth_miru3/install/center_follow_cpp/bin'
[3.708s] INFO:colcon.colcon_core.shell:Creating package script '/home/sh/projects/f1tenth_miru3/install/center_follow_cpp/share/center_follow_cpp/package.ps1'
[3.710s] INFO:colcon.colcon_core.shell:Creating package descriptor '/home/sh/projects/f1tenth_miru3/install/center_follow_cpp/share/center_follow_cpp/package.dsv'
[3.711s] INFO:colcon.colcon_core.shell:Creating package script '/home/sh/projects/f1tenth_miru3/install/center_follow_cpp/share/center_follow_cpp/package.sh'
[3.713s] INFO:colcon.colcon_core.shell:Creating package script '/home/sh/projects/f1tenth_miru3/install/center_follow_cpp/share/center_follow_cpp/package.bash'
[3.715s] INFO:colcon.colcon_core.shell:Creating package script '/home/sh/projects/f1tenth_miru3/install/center_follow_cpp/share/center_follow_cpp/package.zsh'
[3.716s] Level 1:colcon.colcon_core.environment:create_file_with_runtime_dependencies(/home/sh/projects/f1tenth_miru3/install/center_follow_cpp/share/colcon-core/packages/center_follow_cpp)
[4.399s] INFO:colcon.colcon_core.task.python.build:Building Python package in '/home/sh/projects/f1tenth_miru3/src/f1tenth_system/teleop_tools/joy_teleop'
[4.400s] INFO:colcon.colcon_core.shell:Skip shell extension 'powershell' for command environment: Not usable outside of PowerShell
[4.400s] DEBUG:colcon.colcon_core.shell:Skip shell extension 'dsv' for command environment
[4.409s] Level 1:colcon.colcon_core.environment:create_environment_scripts_only(path_follow)
[4.410s] Level 1:colcon.colcon_core.environment:checking '/home/sh/projects/f1tenth_miru3/install/path_follow' for CMake module files
[4.416s] DEBUG:colcon.colcon_core.event_handler.log_command:Invoked command in '/home/sh/projects/f1tenth_miru3/build/path_follow' returned '0': CMAKE_PREFIX_PATH=/opt/ros/humble /usr/bin/cmake --install /home/sh/projects/f1tenth_miru3/build/path_follow
[4.416s] Level 1:colcon.colcon_core.environment:checking '/home/sh/projects/f1tenth_miru3/install/path_follow' for CMake config files
[4.416s] Level 1:colcon.colcon_core.shell:create_environment_hook('path_follow', 'cmake_prefix_path')
[4.417s] INFO:colcon.colcon_core.shell:Creating environment hook '/home/sh/projects/f1tenth_miru3/install/path_follow/share/path_follow/hook/cmake_prefix_path.ps1'
[4.418s] INFO:colcon.colcon_core.shell:Creating environment descriptor '/home/sh/projects/f1tenth_miru3/install/path_follow/share/path_follow/hook/cmake_prefix_path.dsv'
[4.419s] INFO:colcon.colcon_core.shell:Creating environment hook '/home/sh/projects/f1tenth_miru3/install/path_follow/share/path_follow/hook/cmake_prefix_path.sh'
[4.420s] Level 1:colcon.colcon_core.environment:checking '/home/sh/projects/f1tenth_miru3/install/path_follow/lib'
[4.420s] Level 1:colcon.colcon_core.environment:checking '/home/sh/projects/f1tenth_miru3/install/path_follow/bin'
[4.421s] Level 1:colcon.colcon_core.environment:checking '/home/sh/projects/f1tenth_miru3/install/path_follow/lib/pkgconfig/path_follow.pc'
[4.421s] Level 1:colcon.colcon_core.environment:checking '/home/sh/projects/f1tenth_miru3/install/path_follow/lib/python3.10/site-packages'
[4.421s] Level 1:colcon.colcon_core.environment:checking '/home/sh/projects/f1tenth_miru3/install/path_follow/bin'
[4.422s] INFO:colcon.colcon_core.shell:Creating package script '/home/sh/projects/f1tenth_miru3/install/path_follow/share/path_follow/package.ps1'
[4.423s] INFO:colcon.colcon_core.shell:Creating package descriptor '/home/sh/projects/f1tenth_miru3/install/path_follow/share/path_follow/package.dsv'
[4.424s] INFO:colcon.colcon_core.shell:Creating package script '/home/sh/projects/f1tenth_miru3/install/path_follow/share/path_follow/package.sh'
[4.425s] INFO:colcon.colcon_core.shell:Creating package script '/home/sh/projects/f1tenth_miru3/install/path_follow/share/path_follow/package.bash'
[4.425s] INFO:colcon.colcon_core.shell:Creating package script '/home/sh/projects/f1tenth_miru3/install/path_follow/share/path_follow/package.zsh'
[4.426s] Level 1:colcon.colcon_core.environment:create_file_with_runtime_dependencies(/home/sh/projects/f1tenth_miru3/install/path_follow/share/colcon-core/packages/path_follow)
[4.427s] Level 1:colcon.colcon_core.environment:create_environment_scripts_only(path_follow)
[4.428s] Level 1:colcon.colcon_core.environment:checking '/home/sh/projects/f1tenth_miru3/install/path_follow' for CMake module files
[4.429s] Level 1:colcon.colcon_core.environment:checking '/home/sh/projects/f1tenth_miru3/install/path_follow' for CMake config files
[4.429s] Level 1:colcon.colcon_core.shell:create_environment_hook('path_follow', 'cmake_prefix_path')
[4.429s] INFO:colcon.colcon_core.shell:Creating environment hook '/home/sh/projects/f1tenth_miru3/install/path_follow/share/path_follow/hook/cmake_prefix_path.ps1'
[4.430s] INFO:colcon.colcon_core.shell:Creating environment descriptor '/home/sh/projects/f1tenth_miru3/install/path_follow/share/path_follow/hook/cmake_prefix_path.dsv'
[4.431s] INFO:colcon.colcon_core.shell:Creating environment hook '/home/sh/projects/f1tenth_miru3/install/path_follow/share/path_follow/hook/cmake_prefix_path.sh'
[4.432s] Level 1:colcon.colcon_core.environment:checking '/home/sh/projects/f1tenth_miru3/install/path_follow/lib'
[4.432s] Level 1:colcon.colcon_core.environment:checking '/home/sh/projects/f1tenth_miru3/install/path_follow/bin'
[4.432s] Level 1:colcon.colcon_core.environment:checking '/home/sh/projects/f1tenth_miru3/install/path_follow/lib/pkgconfig/path_follow.pc'
[4.432s] Level 1:colcon.colcon_core.environment:checking '/home/sh/projects/f1tenth_miru3/install/path_follow/lib/python3.10/site-packages'
[4.433s] Level 1:colcon.colcon_core.environment:checking '/home/sh/projects/f1tenth_miru3/install/path_follow/bin'
[4.433s] INFO:colcon.colcon_core.shell:Creating package script '/home/sh/projects/f1tenth_miru3/install/path_follow/share/path_follow/package.ps1'
[4.435s] INFO:colcon.colcon_core.shell:Creating package descriptor '/home/sh/projects/f1tenth_miru3/install/path_follow/share/path_follow/package.dsv'
[4.435s] INFO:colcon.colcon_core.shell:Creating package script '/home/sh/projects/f1tenth_miru3/install/path_follow/share/path_follow/package.sh'
[4.436s] INFO:colcon.colcon_core.shell:Creating package script '/home/sh/projects/f1tenth_miru3/install/path_follow/share/path_follow/package.bash'
[4.437s] INFO:colcon.colcon_core.shell:Creating package script '/home/sh/projects/f1tenth_miru3/install/path_follow/share/path_follow/package.zsh'
[4.438s] Level 1:colcon.colcon_core.environment:create_file_with_runtime_dependencies(/home/sh/projects/f1tenth_miru3/install/path_follow/share/colcon-core/packages/path_follow)
[4.438s] Level 1:colcon.colcon_core.environment:create_environment_scripts_only(pure_pursuit)
[4.439s] Level 1:colcon.colcon_core.environment:checking '/home/sh/projects/f1tenth_miru3/install/pure_pursuit' for CMake module files
[4.442s] DEBUG:colcon.colcon_core.event_handler.log_command:Invoked command in '/home/sh/projects/f1tenth_miru3/build/pure_pursuit' returned '0': CMAKE_PREFIX_PATH=/opt/ros/humble /usr/bin/cmake --install /home/sh/projects/f1tenth_miru3/build/pure_pursuit
[4.442s] Level 1:colcon.colcon_core.environment:checking '/home/sh/projects/f1tenth_miru3/install/pure_pursuit' for CMake config files
[4.443s] Level 1:colcon.colcon_core.shell:create_environment_hook('pure_pursuit', 'cmake_prefix_path')
[4.444s] INFO:colcon.colcon_core.shell:Creating environment hook '/home/sh/projects/f1tenth_miru3/install/pure_pursuit/share/pure_pursuit/hook/cmake_prefix_path.ps1'
[4.445s] INFO:colcon.colcon_core.shell:Creating environment descriptor '/home/sh/projects/f1tenth_miru3/install/pure_pursuit/share/pure_pursuit/hook/cmake_prefix_path.dsv'
[4.446s] INFO:colcon.colcon_core.shell:Creating environment hook '/home/sh/projects/f1tenth_miru3/install/pure_pursuit/share/pure_pursuit/hook/cmake_prefix_path.sh'
[4.447s] Level 1:colcon.colcon_core.environment:checking '/home/sh/projects/f1tenth_miru3/install/pure_pursuit/lib'
[4.447s] Level 1:colcon.colcon_core.environment:checking '/home/sh/projects/f1tenth_miru3/install/pure_pursuit/bin'
[4.448s] Level 1:colcon.colcon_core.environment:checking '/home/sh/projects/f1tenth_miru3/install/pure_pursuit/lib/pkgconfig/pure_pursuit.pc'
[4.448s] Level 1:colcon.colcon_core.environment:checking '/home/sh/projects/f1tenth_miru3/install/pure_pursuit/lib/python3.10/site-packages'
[4.449s] Level 1:colcon.colcon_core.environment:checking '/home/sh/projects/f1tenth_miru3/install/pure_pursuit/bin'
[4.449s] INFO:colcon.colcon_core.shell:Creating package script '/home/sh/projects/f1tenth_miru3/install/pure_pursuit/share/pure_pursuit/package.ps1'
[4.450s] INFO:colcon.colcon_core.shell:Creating package descriptor '/home/sh/projects/f1tenth_miru3/install/pure_pursuit/share/pure_pursuit/package.dsv'
[4.451s] INFO:colcon.colcon_core.shell:Creating package script '/home/sh/projects/f1tenth_miru3/install/pure_pursuit/share/pure_pursuit/package.sh'
[4.453s] INFO:colcon.colcon_core.shell:Creating package script '/home/sh/projects/f1tenth_miru3/install/pure_pursuit/share/pure_pursuit/package.bash'
[4.454s] INFO:colcon.colcon_core.shell:Creating package script '/home/sh/projects/f1tenth_miru3/install/pure_pursuit/share/pure_pursuit/package.zsh'
[4.455s] Level 1:colcon.colcon_core.environment:create_file_with_runtime_dependencies(/home/sh/projects/f1tenth_miru3/install/pure_pursuit/share/colcon-core/packages/pure_pursuit)
[4.456s] Level 1:colcon.colcon_core.environment:create_environment_scripts_only(pure_pursuit)
[4.457s] Level 1:colcon.colcon_core.environment:checking '/home/sh/projects/f1tenth_miru3/install/pure_pursuit' for CMake module files
[4.459s] Level 1:colcon.colcon_core.environment:checking '/home/sh/projects/f1tenth_miru3/install/pure_pursuit' for CMake config files
[4.459s] Level 1:colcon.colcon_core.shell:create_environment_hook('pure_pursuit', 'cmake_prefix_path')
[4.460s] INFO:colcon.colcon_core.shell:Creating environment hook '/home/sh/projects/f1tenth_miru3/install/pure_pursuit/share/pure_pursuit/hook/cmake_prefix_path.ps1'
[4.461s] INFO:colcon.colcon_core.shell:Creating environment descriptor '/home/sh/projects/f1tenth_miru3/install/pure_pursuit/share/pure_pursuit/hook/cmake_prefix_path.dsv'
[4.462s] INFO:colcon.colcon_core.shell:Creating environment hook '/home/sh/projects/f1tenth_miru3/install/pure_pursuit/share/pure_pursuit/hook/cmake_prefix_path.sh'
[4.463s] Level 1:colcon.colcon_core.environment:checking '/home/sh/projects/f1tenth_miru3/install/pure_pursuit/lib'
[4.464s] Level 1:colcon.colcon_core.environment:checking '/home/sh/projects/f1tenth_miru3/install/pure_pursuit/bin'
[4.464s] Level 1:colcon.colcon_core.environment:checking '/home/sh/projects/f1tenth_miru3/install/pure_pursuit/lib/pkgconfig/pure_pursuit.pc'
[4.464s] Level 1:colcon.colcon_core.environment:checking '/home/sh/projects/f1tenth_miru3/install/pure_pursuit/lib/python3.10/site-packages'
[4.465s] Level 1:colcon.colcon_core.environment:checking '/home/sh/projects/f1tenth_miru3/install/pure_pursuit/bin'
[4.466s] INFO:colcon.colcon_core.shell:Creating package script '/home/sh/projects/f1tenth_miru3/install/pure_pursuit/share/pure_pursuit/package.ps1'
[4.467s] INFO:colcon.colcon_core.shell:Creating package descriptor '/home/sh/projects/f1tenth_miru3/install/pure_pursuit/share/pure_pursuit/package.dsv'
[4.468s] INFO:colcon.colcon_core.shell:Creating package script '/home/sh/projects/f1tenth_miru3/install/pure_pursuit/share/pure_pursuit/package.sh'
[4.469s] INFO:colcon.colcon_core.shell:Creating package script '/home/sh/projects/f1tenth_miru3/install/pure_pursuit/share/pure_pursuit/package.bash'
[4.469s] INFO:colcon.colcon_core.shell:Creating package script '/home/sh/projects/f1tenth_miru3/install/pure_pursuit/share/pure_pursuit/package.zsh'
[4.470s] Level 1:colcon.colcon_core.environment:create_file_with_runtime_dependencies(/home/sh/projects/f1tenth_miru3/install/pure_pursuit/share/colcon-core/packages/pure_pursuit)
[4.481s] Level 1:colcon.colcon_core.environment:create_environment_scripts_only(ackermann_mux)
[4.482s] Level 1:colcon.colcon_core.environment:checking '/home/sh/projects/f1tenth_miru3/install/ackermann_mux' for CMake module files
[4.482s] DEBUG:colcon.colcon_core.event_handler.log_command:Invoking command in '/home/sh/projects/f1tenth_miru3/build/vesc_ackermann': AMENT_PREFIX_PATH=/home/sh/projects/f1tenth_miru3/install/vesc_msgs:${AMENT_PREFIX_PATH} CMAKE_PREFIX_PATH=/home/sh/projects/f1tenth_miru3/install/vesc_msgs:/opt/ros/humble LD_LIBRARY_PATH=/home/sh/projects/f1tenth_miru3/install/vesc_msgs/lib PYTHONPATH=/home/sh/projects/f1tenth_miru3/install/vesc_msgs/local/lib/python3.10/dist-packages:${PYTHONPATH} /usr/bin/cmake --build /home/sh/projects/f1tenth_miru3/build/vesc_ackermann -- -j16 -l16
[4.485s] DEBUG:colcon.colcon_core.event_handler.log_command:Invoking command in '/home/sh/projects/f1tenth_miru3/build/vesc_driver': AMENT_PREFIX_PATH=/home/sh/projects/f1tenth_miru3/install/vesc_msgs:${AMENT_PREFIX_PATH} CMAKE_PREFIX_PATH=/home/sh/projects/f1tenth_miru3/install/vesc_msgs:/opt/ros/humble LD_LIBRARY_PATH=/home/sh/projects/f1tenth_miru3/install/vesc_msgs/lib PYTHONPATH=/home/sh/projects/f1tenth_miru3/install/vesc_msgs/local/lib/python3.10/dist-packages:${PYTHONPATH} /usr/bin/cmake --build /home/sh/projects/f1tenth_miru3/build/vesc_driver -- -j16 -l16
[4.486s] DEBUG:colcon.colcon_core.event_handler.log_command:Invoked command in '/home/sh/projects/f1tenth_miru3/build/ackermann_mux' returned '0': CMAKE_PREFIX_PATH=/opt/ros/humble /usr/bin/cmake --install /home/sh/projects/f1tenth_miru3/build/ackermann_mux
[4.487s] Level 1:colcon.colcon_core.environment:checking '/home/sh/projects/f1tenth_miru3/install/ackermann_mux' for CMake config files
[4.488s] Level 1:colcon.colcon_core.shell:create_environment_hook('ackermann_mux', 'cmake_prefix_path')
[4.488s] INFO:colcon.colcon_core.shell:Creating environment hook '/home/sh/projects/f1tenth_miru3/install/ackermann_mux/share/ackermann_mux/hook/cmake_prefix_path.ps1'
[4.490s] INFO:colcon.colcon_core.shell:Creating environment descriptor '/home/sh/projects/f1tenth_miru3/install/ackermann_mux/share/ackermann_mux/hook/cmake_prefix_path.dsv'
[4.491s] INFO:colcon.colcon_core.shell:Creating environment hook '/home/sh/projects/f1tenth_miru3/install/ackermann_mux/share/ackermann_mux/hook/cmake_prefix_path.sh'
[4.492s] Level 1:colcon.colcon_core.environment:checking '/home/sh/projects/f1tenth_miru3/install/ackermann_mux/lib'
[4.492s] Level 1:colcon.colcon_core.environment:checking '/home/sh/projects/f1tenth_miru3/install/ackermann_mux/bin'
[4.493s] Level 1:colcon.colcon_core.environment:checking '/home/sh/projects/f1tenth_miru3/install/ackermann_mux/lib/pkgconfig/ackermann_mux.pc'
[4.493s] Level 1:colcon.colcon_core.environment:checking '/home/sh/projects/f1tenth_miru3/install/ackermann_mux/lib/python3.10/site-packages'
[4.493s] Level 1:colcon.colcon_core.environment:checking '/home/sh/projects/f1tenth_miru3/install/ackermann_mux/bin'
[4.494s] INFO:colcon.colcon_core.shell:Creating package script '/home/sh/projects/f1tenth_miru3/install/ackermann_mux/share/ackermann_mux/package.ps1'
[4.496s] INFO:colcon.colcon_core.shell:Creating package descriptor '/home/sh/projects/f1tenth_miru3/install/ackermann_mux/share/ackermann_mux/package.dsv'
[4.497s] INFO:colcon.colcon_core.shell:Creating package script '/home/sh/projects/f1tenth_miru3/install/ackermann_mux/share/ackermann_mux/package.sh'
[4.497s] INFO:colcon.colcon_core.shell:Creating package script '/home/sh/projects/f1tenth_miru3/install/ackermann_mux/share/ackermann_mux/package.bash'
[4.498s] INFO:colcon.colcon_core.shell:Creating package script '/home/sh/projects/f1tenth_miru3/install/ackermann_mux/share/ackermann_mux/package.zsh'
[4.499s] Level 1:colcon.colcon_core.environment:create_file_with_runtime_dependencies(/home/sh/projects/f1tenth_miru3/install/ackermann_mux/share/colcon-core/packages/ackermann_mux)
[4.500s] Level 1:colcon.colcon_core.environment:create_environment_scripts_only(ackermann_mux)
[4.500s] Level 1:colcon.colcon_core.environment:checking '/home/sh/projects/f1tenth_miru3/install/ackermann_mux' for CMake module files
[4.501s] Level 1:colcon.colcon_core.environment:checking '/home/sh/projects/f1tenth_miru3/install/ackermann_mux' for CMake config files
[4.501s] Level 1:colcon.colcon_core.shell:create_environment_hook('ackermann_mux', 'cmake_prefix_path')
[4.502s] INFO:colcon.colcon_core.shell:Creating environment hook '/home/sh/projects/f1tenth_miru3/install/ackermann_mux/share/ackermann_mux/hook/cmake_prefix_path.ps1'
[4.503s] INFO:colcon.colcon_core.shell:Creating environment descriptor '/home/sh/projects/f1tenth_miru3/install/ackermann_mux/share/ackermann_mux/hook/cmake_prefix_path.dsv'
[4.503s] INFO:colcon.colcon_core.shell:Creating environment hook '/home/sh/projects/f1tenth_miru3/install/ackermann_mux/share/ackermann_mux/hook/cmake_prefix_path.sh'
[4.504s] Level 1:colcon.colcon_core.environment:checking '/home/sh/projects/f1tenth_miru3/install/ackermann_mux/lib'
[4.505s] Level 1:colcon.colcon_core.environment:checking '/home/sh/projects/f1tenth_miru3/install/ackermann_mux/bin'
[4.505s] Level 1:colcon.colcon_core.environment:checking '/home/sh/projects/f1tenth_miru3/install/ackermann_mux/lib/pkgconfig/ackermann_mux.pc'
[4.505s] Level 1:colcon.colcon_core.environment:checking '/home/sh/projects/f1tenth_miru3/install/ackermann_mux/lib/python3.10/site-packages'
[4.506s] Level 1:colcon.colcon_core.environment:checking '/home/sh/projects/f1tenth_miru3/install/ackermann_mux/bin'
[4.506s] INFO:colcon.colcon_core.shell:Creating package script '/home/sh/projects/f1tenth_miru3/install/ackermann_mux/share/ackermann_mux/package.ps1'
[4.507s] INFO:colcon.colcon_core.shell:Creating package descriptor '/home/sh/projects/f1tenth_miru3/install/ackermann_mux/share/ackermann_mux/package.dsv'
[4.508s] INFO:colcon.colcon_core.shell:Creating package script '/home/sh/projects/f1tenth_miru3/install/ackermann_mux/share/ackermann_mux/package.sh'
[4.509s] INFO:colcon.colcon_core.shell:Creating package script '/home/sh/projects/f1tenth_miru3/install/ackermann_mux/share/ackermann_mux/package.bash'
[4.510s] INFO:colcon.colcon_core.shell:Creating package script '/home/sh/projects/f1tenth_miru3/install/ackermann_mux/share/ackermann_mux/package.zsh'
[4.510s] Level 1:colcon.colcon_core.environment:create_file_with_runtime_dependencies(/home/sh/projects/f1tenth_miru3/install/ackermann_mux/share/colcon-core/packages/ackermann_mux)
[4.511s] Level 1:colcon.colcon_core.environment:create_environment_scripts_only(map_controller)
[4.511s] Level 1:colcon.colcon_core.environment:checking '/home/sh/projects/f1tenth_miru3/install/map_controller' for CMake module files
[4.514s] DEBUG:colcon.colcon_core.event_handler.log_command:Invoked command in '/home/sh/projects/f1tenth_miru3/build/map_controller' returned '0': CMAKE_PREFIX_PATH=/opt/ros/humble /usr/bin/cmake --install /home/sh/projects/f1tenth_miru3/build/map_controller
[4.515s] Level 1:colcon.colcon_core.environment:checking '/home/sh/projects/f1tenth_miru3/install/map_controller' for CMake config files
[4.516s] Level 1:colcon.colcon_core.shell:create_environment_hook('map_controller', 'cmake_prefix_path')
[4.517s] INFO:colcon.colcon_core.shell:Creating environment hook '/home/sh/projects/f1tenth_miru3/install/map_controller/share/map_controller/hook/cmake_prefix_path.ps1'
[4.518s] INFO:colcon.colcon_core.shell:Creating environment descriptor '/home/sh/projects/f1tenth_miru3/install/map_controller/share/map_controller/hook/cmake_prefix_path.dsv'
[4.519s] INFO:colcon.colcon_core.shell:Creating environment hook '/home/sh/projects/f1tenth_miru3/install/map_controller/share/map_controller/hook/cmake_prefix_path.sh'
[4.521s] Level 1:colcon.colcon_core.environment:checking '/home/sh/projects/f1tenth_miru3/install/map_controller/lib'
[4.521s] Level 1:colcon.colcon_core.environment:checking '/home/sh/projects/f1tenth_miru3/install/map_controller/bin'
[4.521s] Level 1:colcon.colcon_core.environment:checking '/home/sh/projects/f1tenth_miru3/install/map_controller/lib/pkgconfig/map_controller.pc'
[4.522s] Level 1:colcon.colcon_core.environment:checking '/home/sh/projects/f1tenth_miru3/install/map_controller/lib/python3.10/site-packages'
[4.523s] Level 1:colcon.colcon_core.environment:checking '/home/sh/projects/f1tenth_miru3/install/map_controller/bin'
[4.524s] INFO:colcon.colcon_core.shell:Creating package script '/home/sh/projects/f1tenth_miru3/install/map_controller/share/map_controller/package.ps1'
[4.525s] INFO:colcon.colcon_core.shell:Creating package descriptor '/home/sh/projects/f1tenth_miru3/install/map_controller/share/map_controller/package.dsv'
[4.526s] INFO:colcon.colcon_core.shell:Creating package script '/home/sh/projects/f1tenth_miru3/install/map_controller/share/map_controller/package.sh'
[4.526s] INFO:colcon.colcon_core.shell:Creating package script '/home/sh/projects/f1tenth_miru3/install/map_controller/share/map_controller/package.bash'
[4.527s] INFO:colcon.colcon_core.shell:Creating package script '/home/sh/projects/f1tenth_miru3/install/map_controller/share/map_controller/package.zsh'
[4.528s] Level 1:colcon.colcon_core.environment:create_file_with_runtime_dependencies(/home/sh/projects/f1tenth_miru3/install/map_controller/share/colcon-core/packages/map_controller)
[4.529s] Level 1:colcon.colcon_core.environment:create_environment_scripts_only(map_controller)
[4.529s] Level 1:colcon.colcon_core.environment:checking '/home/sh/projects/f1tenth_miru3/install/map_controller' for CMake module files
[4.530s] Level 1:colcon.colcon_core.environment:checking '/home/sh/projects/f1tenth_miru3/install/map_controller' for CMake config files
[4.530s] Level 1:colcon.colcon_core.shell:create_environment_hook('map_controller', 'cmake_prefix_path')
[4.531s] INFO:colcon.colcon_core.shell:Creating environment hook '/home/sh/projects/f1tenth_miru3/install/map_controller/share/map_controller/hook/cmake_prefix_path.ps1'
[4.532s] INFO:colcon.colcon_core.shell:Creating environment descriptor '/home/sh/projects/f1tenth_miru3/install/map_controller/share/map_controller/hook/cmake_prefix_path.dsv'
[4.532s] INFO:colcon.colcon_core.shell:Creating environment hook '/home/sh/projects/f1tenth_miru3/install/map_controller/share/map_controller/hook/cmake_prefix_path.sh'
[4.533s] Level 1:colcon.colcon_core.environment:checking '/home/sh/projects/f1tenth_miru3/install/map_controller/lib'
[4.533s] Level 1:colcon.colcon_core.environment:checking '/home/sh/projects/f1tenth_miru3/install/map_controller/bin'
[4.534s] Level 1:colcon.colcon_core.environment:checking '/home/sh/projects/f1tenth_miru3/install/map_controller/lib/pkgconfig/map_controller.pc'
[4.534s] Level 1:colcon.colcon_core.environment:checking '/home/sh/projects/f1tenth_miru3/install/map_controller/lib/python3.10/site-packages'
[4.534s] Level 1:colcon.colcon_core.environment:checking '/home/sh/projects/f1tenth_miru3/install/map_controller/bin'
[4.535s] INFO:colcon.colcon_core.shell:Creating package script '/home/sh/projects/f1tenth_miru3/install/map_controller/share/map_controller/package.ps1'
[4.536s] INFO:colcon.colcon_core.shell:Creating package descriptor '/home/sh/projects/f1tenth_miru3/install/map_controller/share/map_controller/package.dsv'
[4.537s] INFO:colcon.colcon_core.shell:Creating package script '/home/sh/projects/f1tenth_miru3/install/map_controller/share/map_controller/package.sh'
[4.538s] INFO:colcon.colcon_core.shell:Creating package script '/home/sh/projects/f1tenth_miru3/install/map_controller/share/map_controller/package.bash'
[4.539s] INFO:colcon.colcon_core.shell:Creating package script '/home/sh/projects/f1tenth_miru3/install/map_controller/share/map_controller/package.zsh'
[4.540s] Level 1:colcon.colcon_core.environment:create_file_with_runtime_dependencies(/home/sh/projects/f1tenth_miru3/install/map_controller/share/colcon-core/packages/map_controller)
[4.547s] DEBUG:colcon.colcon_core.event_handler.log_command:Invoking command in '/home/sh/projects/f1tenth_miru3/build/forza_map_controller': PYTHONPATH=/home/sh/projects/f1tenth_miru3/build/forza_map_controller/prefix_override:/usr/lib/python3/dist-packages/colcon_core/task/python/colcon_distutils_commands:/home/sh/projects/f1tenth_miru3/install/forza_map_controller/lib/python3.10/site-packages:${PYTHONPATH} /usr/bin/python3 -W ignore:setup.py install is deprecated -W ignore:easy_install command is deprecated setup.py develop --editable --build-directory /home/sh/projects/f1tenth_miru3/build/forza_map_controller/build --no-deps symlink_data
[4.554s] DEBUG:colcon.colcon_core.event_handler.log_command:Invoking command in '/home/sh/projects/f1tenth_miru3/build/key_teleop': PYTHONPATH=/home/sh/projects/f1tenth_miru3/build/key_teleop/prefix_override:/usr/lib/python3/dist-packages/colcon_core/task/python/colcon_distutils_commands:/home/sh/projects/f1tenth_miru3/install/key_teleop/lib/python3.10/site-packages:${PYTHONPATH} /usr/bin/python3 -W ignore:setup.py install is deprecated -W ignore:easy_install command is deprecated setup.py develop --editable --build-directory /home/sh/projects/f1tenth_miru3/build/key_teleop/build --no-deps symlink_data
[4.565s] DEBUG:colcon.colcon_core.event_handler.log_command:Invoking command in '/home/sh/projects/f1tenth_miru3/build/pygame_key_teleop': PYTHONPATH=/home/sh/projects/f1tenth_miru3/build/pygame_key_teleop/prefix_override:/usr/lib/python3/dist-packages/colcon_core/task/python/colcon_distutils_commands:/home/sh/projects/f1tenth_miru3/install/pygame_key_teleop/lib/python3.10/site-packages:${PYTHONPATH} /usr/bin/python3 -W ignore:setup.py install is deprecated -W ignore:easy_install command is deprecated setup.py develop --editable --build-directory /home/sh/projects/f1tenth_miru3/build/pygame_key_teleop/build --no-deps symlink_data
[4.573s] DEBUG:colcon.colcon_core.event_handler.log_command:Invoking command in '/home/sh/projects/f1tenth_miru3/build/mouse_teleop': PYTHONPATH=/home/sh/projects/f1tenth_miru3/build/mouse_teleop/prefix_override:/usr/lib/python3/dist-packages/colcon_core/task/python/colcon_distutils_commands:/home/sh/projects/f1tenth_miru3/install/mouse_teleop/lib/python3.10/site-packages:${PYTHONPATH} /usr/bin/python3 -W ignore:setup.py install is deprecated -W ignore:easy_install command is deprecated setup.py develop --editable --build-directory /home/sh/projects/f1tenth_miru3/build/mouse_teleop/build --no-deps symlink_data
[4.681s] DEBUG:colcon.colcon_core.event_handler.log_command:Invoked command in '/home/sh/projects/f1tenth_miru3/build/vesc_ackermann' returned '0': AMENT_PREFIX_PATH=/home/sh/projects/f1tenth_miru3/install/vesc_msgs:${AMENT_PREFIX_PATH} CMAKE_PREFIX_PATH=/home/sh/projects/f1tenth_miru3/install/vesc_msgs:/opt/ros/humble LD_LIBRARY_PATH=/home/sh/projects/f1tenth_miru3/install/vesc_msgs/lib PYTHONPATH=/home/sh/projects/f1tenth_miru3/install/vesc_msgs/local/lib/python3.10/dist-packages:${PYTHONPATH} /usr/bin/cmake --build /home/sh/projects/f1tenth_miru3/build/vesc_ackermann -- -j16 -l16
[4.684s] DEBUG:colcon.colcon_core.event_handler.log_command:Invoking command in '/home/sh/projects/f1tenth_miru3/build/vesc_ackermann': AMENT_PREFIX_PATH=/home/sh/projects/f1tenth_miru3/install/vesc_msgs:${AMENT_PREFIX_PATH} CMAKE_PREFIX_PATH=/home/sh/projects/f1tenth_miru3/install/vesc_msgs:/opt/ros/humble LD_LIBRARY_PATH=/home/sh/projects/f1tenth_miru3/install/vesc_msgs/lib PYTHONPATH=/home/sh/projects/f1tenth_miru3/install/vesc_msgs/local/lib/python3.10/dist-packages:${PYTHONPATH} /usr/bin/cmake --install /home/sh/projects/f1tenth_miru3/build/vesc_ackermann
[4.743s] Level 1:colcon.colcon_core.environment:create_environment_scripts_only(vesc_ackermann)
[4.744s] Level 1:colcon.colcon_core.environment:checking '/home/sh/projects/f1tenth_miru3/install/vesc_ackermann' for CMake module files
[4.746s] DEBUG:colcon.colcon_core.event_handler.log_command:Invoked command in '/home/sh/projects/f1tenth_miru3/build/vesc_ackermann' returned '0': AMENT_PREFIX_PATH=/home/sh/projects/f1tenth_miru3/install/vesc_msgs:${AMENT_PREFIX_PATH} CMAKE_PREFIX_PATH=/home/sh/projects/f1tenth_miru3/install/vesc_msgs:/opt/ros/humble LD_LIBRARY_PATH=/home/sh/projects/f1tenth_miru3/install/vesc_msgs/lib PYTHONPATH=/home/sh/projects/f1tenth_miru3/install/vesc_msgs/local/lib/python3.10/dist-packages:${PYTHONPATH} /usr/bin/cmake --install /home/sh/projects/f1tenth_miru3/build/vesc_ackermann
[4.747s] Level 1:colcon.colcon_core.environment:checking '/home/sh/projects/f1tenth_miru3/install/vesc_ackermann' for CMake config files
[4.749s] Level 1:colcon.colcon_core.shell:create_environment_hook('vesc_ackermann', 'cmake_prefix_path')
[4.749s] INFO:colcon.colcon_core.shell:Creating environment hook '/home/sh/projects/f1tenth_miru3/install/vesc_ackermann/share/vesc_ackermann/hook/cmake_prefix_path.ps1'
[4.751s] INFO:colcon.colcon_core.shell:Creating environment descriptor '/home/sh/projects/f1tenth_miru3/install/vesc_ackermann/share/vesc_ackermann/hook/cmake_prefix_path.dsv'
[4.752s] INFO:colcon.colcon_core.shell:Creating environment hook '/home/sh/projects/f1tenth_miru3/install/vesc_ackermann/share/vesc_ackermann/hook/cmake_prefix_path.sh'
[4.754s] Level 1:colcon.colcon_core.environment:checking '/home/sh/projects/f1tenth_miru3/install/vesc_ackermann/lib'
[4.754s] Level 1:colcon.colcon_core.shell:create_environment_hook('vesc_ackermann', 'ld_library_path_lib')
[4.755s] INFO:colcon.colcon_core.shell:Creating environment hook '/home/sh/projects/f1tenth_miru3/install/vesc_ackermann/share/vesc_ackermann/hook/ld_library_path_lib.ps1'
[4.756s] INFO:colcon.colcon_core.shell:Creating environment descriptor '/home/sh/projects/f1tenth_miru3/install/vesc_ackermann/share/vesc_ackermann/hook/ld_library_path_lib.dsv'
[4.757s] INFO:colcon.colcon_core.shell:Creating environment hook '/home/sh/projects/f1tenth_miru3/install/vesc_ackermann/share/vesc_ackermann/hook/ld_library_path_lib.sh'
[4.759s] Level 1:colcon.colcon_core.environment:checking '/home/sh/projects/f1tenth_miru3/install/vesc_ackermann/bin'
[4.759s] Level 1:colcon.colcon_core.environment:checking '/home/sh/projects/f1tenth_miru3/install/vesc_ackermann/lib/pkgconfig/vesc_ackermann.pc'
[4.759s] Level 1:colcon.colcon_core.environment:checking '/home/sh/projects/f1tenth_miru3/install/vesc_ackermann/lib/python3.10/site-packages'
[4.760s] Level 1:colcon.colcon_core.environment:checking '/home/sh/projects/f1tenth_miru3/install/vesc_ackermann/bin'
[4.761s] INFO:colcon.colcon_core.shell:Creating package script '/home/sh/projects/f1tenth_miru3/install/vesc_ackermann/share/vesc_ackermann/package.ps1'
[4.762s] INFO:colcon.colcon_core.shell:Creating package descriptor '/home/sh/projects/f1tenth_miru3/install/vesc_ackermann/share/vesc_ackermann/package.dsv'
[4.763s] INFO:colcon.colcon_core.shell:Creating package script '/home/sh/projects/f1tenth_miru3/install/vesc_ackermann/share/vesc_ackermann/package.sh'
[4.764s] INFO:colcon.colcon_core.shell:Creating package script '/home/sh/projects/f1tenth_miru3/install/vesc_ackermann/share/vesc_ackermann/package.bash'
[4.764s] INFO:colcon.colcon_core.shell:Creating package script '/home/sh/projects/f1tenth_miru3/install/vesc_ackermann/share/vesc_ackermann/package.zsh'
[4.765s] Level 1:colcon.colcon_core.environment:create_file_with_runtime_dependencies(/home/sh/projects/f1tenth_miru3/install/vesc_ackermann/share/colcon-core/packages/vesc_ackermann)
[4.766s] Level 1:colcon.colcon_core.environment:create_environment_scripts_only(vesc_ackermann)
[4.766s] Level 1:colcon.colcon_core.environment:checking '/home/sh/projects/f1tenth_miru3/install/vesc_ackermann' for CMake module files
[4.767s] Level 1:colcon.colcon_core.environment:checking '/home/sh/projects/f1tenth_miru3/install/vesc_ackermann' for CMake config files
[4.768s] Level 1:colcon.colcon_core.shell:create_environment_hook('vesc_ackermann', 'cmake_prefix_path')
[4.768s] INFO:colcon.colcon_core.shell:Creating environment hook '/home/sh/projects/f1tenth_miru3/install/vesc_ackermann/share/vesc_ackermann/hook/cmake_prefix_path.ps1'
[4.769s] INFO:colcon.colcon_core.shell:Creating environment descriptor '/home/sh/projects/f1tenth_miru3/install/vesc_ackermann/share/vesc_ackermann/hook/cmake_prefix_path.dsv'
[4.770s] INFO:colcon.colcon_core.shell:Creating environment hook '/home/sh/projects/f1tenth_miru3/install/vesc_ackermann/share/vesc_ackermann/hook/cmake_prefix_path.sh'
[4.771s] Level 1:colcon.colcon_core.environment:checking '/home/sh/projects/f1tenth_miru3/install/vesc_ackermann/lib'
[4.771s] Level 1:colcon.colcon_core.shell:create_environment_hook('vesc_ackermann', 'ld_library_path_lib')
[4.772s] INFO:colcon.colcon_core.shell:Creating environment hook '/home/sh/projects/f1tenth_miru3/install/vesc_ackermann/share/vesc_ackermann/hook/ld_library_path_lib.ps1'
[4.773s] INFO:colcon.colcon_core.shell:Creating environment descriptor '/home/sh/projects/f1tenth_miru3/install/vesc_ackermann/share/vesc_ackermann/hook/ld_library_path_lib.dsv'
[4.774s] INFO:colcon.colcon_core.shell:Creating environment hook '/home/sh/projects/f1tenth_miru3/install/vesc_ackermann/share/vesc_ackermann/hook/ld_library_path_lib.sh'
[4.775s] Level 1:colcon.colcon_core.environment:checking '/home/sh/projects/f1tenth_miru3/install/vesc_ackermann/bin'
[4.775s] Level 1:colcon.colcon_core.environment:checking '/home/sh/projects/f1tenth_miru3/install/vesc_ackermann/lib/pkgconfig/vesc_ackermann.pc'
[4.776s] Level 1:colcon.colcon_core.environment:checking '/home/sh/projects/f1tenth_miru3/install/vesc_ackermann/lib/python3.10/site-packages'
[4.776s] Level 1:colcon.colcon_core.environment:checking '/home/sh/projects/f1tenth_miru3/install/vesc_ackermann/bin'
[4.777s] INFO:colcon.colcon_core.shell:Creating package script '/home/sh/projects/f1tenth_miru3/install/vesc_ackermann/share/vesc_ackermann/package.ps1'
[4.779s] INFO:colcon.colcon_core.shell:Creating package descriptor '/home/sh/projects/f1tenth_miru3/install/vesc_ackermann/share/vesc_ackermann/package.dsv'
[4.780s] INFO:colcon.colcon_core.shell:Creating package script '/home/sh/projects/f1tenth_miru3/install/vesc_ackermann/share/vesc_ackermann/package.sh'
[4.781s] INFO:colcon.colcon_core.shell:Creating package script '/home/sh/projects/f1tenth_miru3/install/vesc_ackermann/share/vesc_ackermann/package.bash'
[4.782s] INFO:colcon.colcon_core.shell:Creating package script '/home/sh/projects/f1tenth_miru3/install/vesc_ackermann/share/vesc_ackermann/package.zsh'
[4.782s] Level 1:colcon.colcon_core.environment:create_file_with_runtime_dependencies(/home/sh/projects/f1tenth_miru3/install/vesc_ackermann/share/colcon-core/packages/vesc_ackermann)
[5.109s] DEBUG:colcon.colcon_core.event_handler.log_command:Invoked command in '/home/sh/projects/f1tenth_miru3/build/vesc_driver' returned '2': AMENT_PREFIX_PATH=/home/sh/projects/f1tenth_miru3/install/vesc_msgs:${AMENT_PREFIX_PATH} CMAKE_PREFIX_PATH=/home/sh/projects/f1tenth_miru3/install/vesc_msgs:/opt/ros/humble LD_LIBRARY_PATH=/home/sh/projects/f1tenth_miru3/install/vesc_msgs/lib PYTHONPATH=/home/sh/projects/f1tenth_miru3/install/vesc_msgs/local/lib/python3.10/dist-packages:${PYTHONPATH} /usr/bin/cmake --build /home/sh/projects/f1tenth_miru3/build/vesc_driver -- -j16 -l16
[5.110s] Level 1:colcon.colcon_core.environment:create_environment_scripts_only(vesc_driver)
[5.111s] Level 1:colcon.colcon_core.environment:checking '/home/sh/projects/f1tenth_miru3/install/vesc_driver' for CMake module files
[5.112s] Level 1:colcon.colcon_core.environment:checking '/home/sh/projects/f1tenth_miru3/install/vesc_driver' for CMake config files
[5.113s] Level 1:colcon.colcon_core.environment:checking '/home/sh/projects/f1tenth_miru3/install/vesc_driver/bin'
[5.113s] Level 1:colcon.colcon_core.environment:checking '/home/sh/projects/f1tenth_miru3/install/vesc_driver/lib/pkgconfig/vesc_driver.pc'
[5.114s] Level 1:colcon.colcon_core.environment:checking '/home/sh/projects/f1tenth_miru3/install/vesc_driver/lib/python3.10/site-packages'
[5.114s] Level 1:colcon.colcon_core.environment:checking '/home/sh/projects/f1tenth_miru3/install/vesc_driver/bin'
[5.115s] INFO:colcon.colcon_core.shell:Creating package script '/home/sh/projects/f1tenth_miru3/install/vesc_driver/share/vesc_driver/package.ps1'
[5.116s] INFO:colcon.colcon_core.shell:Creating package descriptor '/home/sh/projects/f1tenth_miru3/install/vesc_driver/share/vesc_driver/package.dsv'
[5.117s] INFO:colcon.colcon_core.shell:Creating package script '/home/sh/projects/f1tenth_miru3/install/vesc_driver/share/vesc_driver/package.sh'
[5.119s] INFO:colcon.colcon_core.shell:Creating package script '/home/sh/projects/f1tenth_miru3/install/vesc_driver/share/vesc_driver/package.bash'
[5.120s] INFO:colcon.colcon_core.shell:Creating package script '/home/sh/projects/f1tenth_miru3/install/vesc_driver/share/vesc_driver/package.zsh'
[5.121s] Level 1:colcon.colcon_core.environment:create_file_with_runtime_dependencies(/home/sh/projects/f1tenth_miru3/install/vesc_driver/share/colcon-core/packages/vesc_driver)
[5.771s] DEBUG:colcon.colcon_parallel_executor.executor.parallel:closing loop
[5.772s] DEBUG:colcon.colcon_parallel_executor.executor.parallel:loop closed
[5.772s] DEBUG:colcon.colcon_parallel_executor.executor.parallel:run_until_complete finished with '2'
[5.772s] DEBUG:colcon.colcon_core.event_reactor:joining thread
[5.787s] INFO:colcon.colcon_core.plugin_system:Skipping extension 'colcon_notification.desktop_notification.terminal_notifier': Not used on non-Darwin systems
[5.787s] INFO:colcon.colcon_core.plugin_system:Skipping extension 'colcon_notification.desktop_notification.win32': Not used on non-Windows systems
[5.787s] INFO:colcon.colcon_notification.desktop_notification:Sending desktop notification using 'notify2'
[5.788s] DEBUG:colcon.colcon_notification.desktop_notification.notify2:Failed to initialize notify2: org.freedesktop.DBus.Error.AccessDenied: Failed to connect to socket /run/user/1000/bus: Operation not permitted
[5.788s] DEBUG:colcon.colcon_core.event_reactor:joined thread
[5.789s] INFO:colcon.colcon_core.shell:Creating prefix script '/home/sh/projects/f1tenth_miru3/install/local_setup.ps1'
[5.793s] INFO:colcon.colcon_core.shell:Creating prefix util module '/home/sh/projects/f1tenth_miru3/install/_local_setup_util_ps1.py'
[5.797s] INFO:colcon.colcon_core.shell:Creating prefix chain script '/home/sh/projects/f1tenth_miru3/install/setup.ps1'
[5.800s] INFO:colcon.colcon_core.shell:Creating prefix script '/home/sh/projects/f1tenth_miru3/install/local_setup.sh'
[5.802s] INFO:colcon.colcon_core.shell:Creating prefix util module '/home/sh/projects/f1tenth_miru3/install/_local_setup_util_sh.py'
[5.804s] INFO:colcon.colcon_core.shell:Creating prefix chain script '/home/sh/projects/f1tenth_miru3/install/setup.sh'
[5.808s] INFO:colcon.colcon_core.shell:Creating prefix script '/home/sh/projects/f1tenth_miru3/install/local_setup.bash'
[5.810s] INFO:colcon.colcon_core.shell:Creating prefix chain script '/home/sh/projects/f1tenth_miru3/install/setup.bash'
[5.813s] INFO:colcon.colcon_core.shell:Creating prefix script '/home/sh/projects/f1tenth_miru3/install/local_setup.zsh'
[5.815s] INFO:colcon.colcon_core.shell:Creating prefix chain script '/home/sh/projects/f1tenth_miru3/install/setup.zsh'
