[1.398s] DEBUG:colcon:Command line arguments: ['/usr/bin/colcon', 'build', '--packages-select', 'real_pure_pursuit']
[1.399s] DEBUG:colcon:Parsed command line arguments: Namespace(allow_overriding=[], ament_cmake_args=None, base_paths=['.'], build_base='build', catkin_cmake_args=None, catkin_skip_building_tests=False, cmake_args=None, cmake_clean_cache=False, cmake_clean_first=False, cmake_force_configure=False, cmake_target=None, cmake_target_skip_unavailable=False, continue_on_error=False, event_handlers=None, executor='parallel', ignore_user_meta=False, install_base='install', log_base=None, log_level=None, main=<bound method BuildVerb.main of <colcon_core.verb.build.BuildVerb object at 0xffffb07491f0>>, merge_install=False, metas=['./colcon.meta'], mixin=None, mixin_files=None, mixin_verb=('build',), packages_above=None, packages_above_and_dependencies=None, packages_above_depth=None, packages_end=None, packages_ignore=None, packages_ignore_regex=None, packages_select=['real_pure_pursuit'], packages_select_build_failed=False, packages_select_by_dep=None, packages_select_regex=None, packages_select_test_failures=False, packages_skip=None, packages_skip_build_finished=False, packages_skip_by_dep=None, packages_skip_regex=None, packages_skip_test_passed=False, packages_skip_up_to=None, packages_start=None, packages_up_to=None, packages_up_to_regex=None, parallel_workers=6, paths=None, symlink_install=False, test_result_base=None, verb_extension=<colcon_core.verb.build.BuildVerb object at 0xffffb07491f0>, verb_name='build', verb_parser=<colcon_mixin.mixin.mixin_argument.MixinArgumentDecorator object at 0xffffb0605a60>)
[2.572s] Level 1:colcon.colcon_core.package_discovery:discover_packages(colcon_meta) check parameters
[2.573s] Level 1:colcon.colcon_core.package_discovery:discover_packages(recursive) check parameters
[2.573s] Level 1:colcon.colcon_core.package_discovery:discover_packages(ignore) check parameters
[2.573s] Level 1:colcon.colcon_core.package_discovery:discover_packages(path) check parameters
[2.574s] Level 1:colcon.colcon_core.package_discovery:discover_packages(colcon_meta) discover
[2.574s] Level 1:colcon.colcon_core.package_discovery:discover_packages(recursive) discover
[2.574s] INFO:colcon.colcon_core.package_discovery:Crawling recursively for packages in '/home/f1/f1tenth_ws'
[2.576s] Level 1:colcon.colcon_core.package_identification:_identify(.) by extensions ['ignore', 'ignore_ament_install']
[2.577s] Level 1:colcon.colcon_core.package_identification:_identify(.) by extension 'ignore'
[2.577s] Level 1:colcon.colcon_core.package_identification:_identify(.) by extension 'ignore_ament_install'
[2.578s] Level 1:colcon.colcon_core.package_identification:_identify(.) by extensions ['colcon_pkg']
[2.578s] Level 1:colcon.colcon_core.package_identification:_identify(.) by extension 'colcon_pkg'
[2.578s] Level 1:colcon.colcon_core.package_identification:_identify(.) by extensions ['colcon_meta']
[2.578s] Level 1:colcon.colcon_core.package_identification:_identify(.) by extension 'colcon_meta'
[2.579s] Level 1:colcon.colcon_core.package_identification:_identify(.) by extensions ['ros']
[2.579s] Level 1:colcon.colcon_core.package_identification:_identify(.) by extension 'ros'
[2.657s] Level 1:colcon.colcon_core.package_identification:_identify(.) by extensions ['cmake', 'python']
[2.657s] Level 1:colcon.colcon_core.package_identification:_identify(.) by extension 'cmake'
[2.658s] Level 1:colcon.colcon_core.package_identification:_identify(.) by extension 'python'
[2.658s] Level 1:colcon.colcon_core.package_identification:_identify(.) by extensions ['python_setup_py']
[2.658s] Level 1:colcon.colcon_core.package_identification:_identify(.) by extension 'python_setup_py'
[2.659s] Level 1:colcon.colcon_core.package_identification:_identify(bags) by extensions ['ignore', 'ignore_ament_install']
[2.660s] Level 1:colcon.colcon_core.package_identification:_identify(bags) by extension 'ignore'
[2.660s] Level 1:colcon.colcon_core.package_identification:_identify(bags) by extension 'ignore_ament_install'
[2.661s] Level 1:colcon.colcon_core.package_identification:_identify(bags) by extensions ['colcon_pkg']
[2.661s] Level 1:colcon.colcon_core.package_identification:_identify(bags) by extension 'colcon_pkg'
[2.661s] Level 1:colcon.colcon_core.package_identification:_identify(bags) by extensions ['colcon_meta']
[2.661s] Level 1:colcon.colcon_core.package_identification:_identify(bags) by extension 'colcon_meta'
[2.662s] Level 1:colcon.colcon_core.package_identification:_identify(bags) by extensions ['ros']
[2.662s] Level 1:colcon.colcon_core.package_identification:_identify(bags) by extension 'ros'
[2.662s] Level 1:colcon.colcon_core.package_identification:_identify(bags) by extensions ['cmake', 'python']
[2.663s] Level 1:colcon.colcon_core.package_identification:_identify(bags) by extension 'cmake'
[2.663s] Level 1:colcon.colcon_core.package_identification:_identify(bags) by extension 'python'
[2.663s] Level 1:colcon.colcon_core.package_identification:_identify(bags) by extensions ['python_setup_py']
[2.664s] Level 1:colcon.colcon_core.package_identification:_identify(bags) by extension 'python_setup_py'
[2.683s] Level 1:colcon.colcon_core.package_identification:_identify(bags/maps) by extensions ['ignore', 'ignore_ament_install']
[2.684s] Level 1:colcon.colcon_core.package_identification:_identify(bags/maps) by extension 'ignore'
[2.685s] Level 1:colcon.colcon_core.package_identification:_identify(bags/maps) by extension 'ignore_ament_install'
[2.685s] Level 1:colcon.colcon_core.package_identification:_identify(bags/maps) by extensions ['colcon_pkg']
[2.685s] Level 1:colcon.colcon_core.package_identification:_identify(bags/maps) by extension 'colcon_pkg'
[2.686s] Level 1:colcon.colcon_core.package_identification:_identify(bags/maps) by extensions ['colcon_meta']
[2.686s] Level 1:colcon.colcon_core.package_identification:_identify(bags/maps) by extension 'colcon_meta'
[2.686s] Level 1:colcon.colcon_core.package_identification:_identify(bags/maps) by extensions ['ros']
[2.686s] Level 1:colcon.colcon_core.package_identification:_identify(bags/maps) by extension 'ros'
[2.687s] Level 1:colcon.colcon_core.package_identification:_identify(bags/maps) by extensions ['cmake', 'python']
[2.687s] Level 1:colcon.colcon_core.package_identification:_identify(bags/maps) by extension 'cmake'
[2.688s] Level 1:colcon.colcon_core.package_identification:_identify(bags/maps) by extension 'python'
[2.688s] Level 1:colcon.colcon_core.package_identification:_identify(bags/maps) by extensions ['python_setup_py']
[2.688s] Level 1:colcon.colcon_core.package_identification:_identify(bags/maps) by extension 'python_setup_py'
[2.689s] Level 1:colcon.colcon_core.package_identification:_identify(bags/maps/my_carto_map) by extensions ['ignore', 'ignore_ament_install']
[2.690s] Level 1:colcon.colcon_core.package_identification:_identify(bags/maps/my_carto_map) by extension 'ignore'
[2.690s] Level 1:colcon.colcon_core.package_identification:_identify(bags/maps/my_carto_map) by extension 'ignore_ament_install'
[2.691s] Level 1:colcon.colcon_core.package_identification:_identify(bags/maps/my_carto_map) by extensions ['colcon_pkg']
[2.691s] Level 1:colcon.colcon_core.package_identification:_identify(bags/maps/my_carto_map) by extension 'colcon_pkg'
[2.691s] Level 1:colcon.colcon_core.package_identification:_identify(bags/maps/my_carto_map) by extensions ['colcon_meta']
[2.691s] Level 1:colcon.colcon_core.package_identification:_identify(bags/maps/my_carto_map) by extension 'colcon_meta'
[2.692s] Level 1:colcon.colcon_core.package_identification:_identify(bags/maps/my_carto_map) by extensions ['ros']
[2.692s] Level 1:colcon.colcon_core.package_identification:_identify(bags/maps/my_carto_map) by extension 'ros'
[2.693s] Level 1:colcon.colcon_core.package_identification:_identify(bags/maps/my_carto_map) by extensions ['cmake', 'python']
[2.693s] Level 1:colcon.colcon_core.package_identification:_identify(bags/maps/my_carto_map) by extension 'cmake'
[2.693s] Level 1:colcon.colcon_core.package_identification:_identify(bags/maps/my_carto_map) by extension 'python'
[2.693s] Level 1:colcon.colcon_core.package_identification:_identify(bags/maps/my_carto_map) by extensions ['python_setup_py']
[2.694s] Level 1:colcon.colcon_core.package_identification:_identify(bags/maps/my_carto_map) by extension 'python_setup_py'
[2.694s] Level 1:colcon.colcon_core.package_identification:_identify(bags/maps/with_jg) by extensions ['ignore', 'ignore_ament_install']
[2.695s] Level 1:colcon.colcon_core.package_identification:_identify(bags/maps/with_jg) by extension 'ignore'
[2.695s] Level 1:colcon.colcon_core.package_identification:_identify(bags/maps/with_jg) by extension 'ignore_ament_install'
[2.696s] Level 1:colcon.colcon_core.package_identification:_identify(bags/maps/with_jg) by extensions ['colcon_pkg']
[2.696s] Level 1:colcon.colcon_core.package_identification:_identify(bags/maps/with_jg) by extension 'colcon_pkg'
[2.696s] Level 1:colcon.colcon_core.package_identification:_identify(bags/maps/with_jg) by extensions ['colcon_meta']
[2.696s] Level 1:colcon.colcon_core.package_identification:_identify(bags/maps/with_jg) by extension 'colcon_meta'
[2.698s] Level 1:colcon.colcon_core.package_identification:_identify(bags/maps/with_jg) by extensions ['ros']
[2.698s] Level 1:colcon.colcon_core.package_identification:_identify(bags/maps/with_jg) by extension 'ros'
[2.699s] Level 1:colcon.colcon_core.package_identification:_identify(bags/maps/with_jg) by extensions ['cmake', 'python']
[2.699s] Level 1:colcon.colcon_core.package_identification:_identify(bags/maps/with_jg) by extension 'cmake'
[2.700s] Level 1:colcon.colcon_core.package_identification:_identify(bags/maps/with_jg) by extension 'python'
[2.700s] Level 1:colcon.colcon_core.package_identification:_identify(bags/maps/with_jg) by extensions ['python_setup_py']
[2.700s] Level 1:colcon.colcon_core.package_identification:_identify(bags/maps/with_jg) by extension 'python_setup_py'
[2.701s] Level 1:colcon.colcon_core.package_identification:_identify(build) by extensions ['ignore', 'ignore_ament_install']
[2.701s] Level 1:colcon.colcon_core.package_identification:_identify(build) by extension 'ignore'
[2.702s] Level 1:colcon.colcon_core.package_identification:_identify(build) ignored
[2.702s] Level 1:colcon.colcon_core.package_identification:_identify(config) by extensions ['ignore', 'ignore_ament_install']
[2.703s] Level 1:colcon.colcon_core.package_identification:_identify(config) by extension 'ignore'
[2.703s] Level 1:colcon.colcon_core.package_identification:_identify(config) by extension 'ignore_ament_install'
[2.704s] Level 1:colcon.colcon_core.package_identification:_identify(config) by extensions ['colcon_pkg']
[2.704s] Level 1:colcon.colcon_core.package_identification:_identify(config) by extension 'colcon_pkg'
[2.704s] Level 1:colcon.colcon_core.package_identification:_identify(config) by extensions ['colcon_meta']
[2.704s] Level 1:colcon.colcon_core.package_identification:_identify(config) by extension 'colcon_meta'
[2.705s] Level 1:colcon.colcon_core.package_identification:_identify(config) by extensions ['ros']
[2.705s] Level 1:colcon.colcon_core.package_identification:_identify(config) by extension 'ros'
[2.705s] Level 1:colcon.colcon_core.package_identification:_identify(config) by extensions ['cmake', 'python']
[2.706s] Level 1:colcon.colcon_core.package_identification:_identify(config) by extension 'cmake'
[2.706s] Level 1:colcon.colcon_core.package_identification:_identify(config) by extension 'python'
[2.706s] Level 1:colcon.colcon_core.package_identification:_identify(config) by extensions ['python_setup_py']
[2.706s] Level 1:colcon.colcon_core.package_identification:_identify(config) by extension 'python_setup_py'
[2.707s] Level 1:colcon.colcon_core.package_identification:_identify(install) by extensions ['ignore', 'ignore_ament_install']
[2.708s] Level 1:colcon.colcon_core.package_identification:_identify(install) by extension 'ignore'
[2.708s] Level 1:colcon.colcon_core.package_identification:_identify(install) ignored
[2.709s] Level 1:colcon.colcon_core.package_identification:_identify(joon_path_generate) by extensions ['ignore', 'ignore_ament_install']
[2.709s] Level 1:colcon.colcon_core.package_identification:_identify(joon_path_generate) by extension 'ignore'
[2.709s] Level 1:colcon.colcon_core.package_identification:_identify(joon_path_generate) by extension 'ignore_ament_install'
[2.710s] Level 1:colcon.colcon_core.package_identification:_identify(joon_path_generate) by extensions ['colcon_pkg']
[2.710s] Level 1:colcon.colcon_core.package_identification:_identify(joon_path_generate) by extension 'colcon_pkg'
[2.710s] Level 1:colcon.colcon_core.package_identification:_identify(joon_path_generate) by extensions ['colcon_meta']
[2.711s] Level 1:colcon.colcon_core.package_identification:_identify(joon_path_generate) by extension 'colcon_meta'
[2.711s] Level 1:colcon.colcon_core.package_identification:_identify(joon_path_generate) by extensions ['ros']
[2.711s] Level 1:colcon.colcon_core.package_identification:_identify(joon_path_generate) by extension 'ros'
[2.712s] Level 1:colcon.colcon_core.package_identification:_identify(joon_path_generate) by extensions ['cmake', 'python']
[2.712s] Level 1:colcon.colcon_core.package_identification:_identify(joon_path_generate) by extension 'cmake'
[2.712s] Level 1:colcon.colcon_core.package_identification:_identify(joon_path_generate) by extension 'python'
[2.712s] Level 1:colcon.colcon_core.package_identification:_identify(joon_path_generate) by extensions ['python_setup_py']
[2.712s] Level 1:colcon.colcon_core.package_identification:_identify(joon_path_generate) by extension 'python_setup_py'
[2.713s] Level 1:colcon.colcon_core.package_identification:_identify(joon_path_generate/etc) by extensions ['ignore', 'ignore_ament_install']
[2.714s] Level 1:colcon.colcon_core.package_identification:_identify(joon_path_generate/etc) by extension 'ignore'
[2.714s] Level 1:colcon.colcon_core.package_identification:_identify(joon_path_generate/etc) by extension 'ignore_ament_install'
[2.714s] Level 1:colcon.colcon_core.package_identification:_identify(joon_path_generate/etc) by extensions ['colcon_pkg']
[2.714s] Level 1:colcon.colcon_core.package_identification:_identify(joon_path_generate/etc) by extension 'colcon_pkg'
[2.715s] Level 1:colcon.colcon_core.package_identification:_identify(joon_path_generate/etc) by extensions ['colcon_meta']
[2.715s] Level 1:colcon.colcon_core.package_identification:_identify(joon_path_generate/etc) by extension 'colcon_meta'
[2.715s] Level 1:colcon.colcon_core.package_identification:_identify(joon_path_generate/etc) by extensions ['ros']
[2.715s] Level 1:colcon.colcon_core.package_identification:_identify(joon_path_generate/etc) by extension 'ros'
[2.716s] Level 1:colcon.colcon_core.package_identification:_identify(joon_path_generate/etc) by extensions ['cmake', 'python']
[2.716s] Level 1:colcon.colcon_core.package_identification:_identify(joon_path_generate/etc) by extension 'cmake'
[2.716s] Level 1:colcon.colcon_core.package_identification:_identify(joon_path_generate/etc) by extension 'python'
[2.717s] Level 1:colcon.colcon_core.package_identification:_identify(joon_path_generate/etc) by extensions ['python_setup_py']
[2.717s] Level 1:colcon.colcon_core.package_identification:_identify(joon_path_generate/etc) by extension 'python_setup_py'
[2.718s] Level 1:colcon.colcon_core.package_identification:_identify(joon_path_generate/etc/centerline) by extensions ['ignore', 'ignore_ament_install']
[2.718s] Level 1:colcon.colcon_core.package_identification:_identify(joon_path_generate/etc/centerline) by extension 'ignore'
[2.718s] Level 1:colcon.colcon_core.package_identification:_identify(joon_path_generate/etc/centerline) by extension 'ignore_ament_install'
[2.719s] Level 1:colcon.colcon_core.package_identification:_identify(joon_path_generate/etc/centerline) by extensions ['colcon_pkg']
[2.719s] Level 1:colcon.colcon_core.package_identification:_identify(joon_path_generate/etc/centerline) by extension 'colcon_pkg'
[2.719s] Level 1:colcon.colcon_core.package_identification:_identify(joon_path_generate/etc/centerline) by extensions ['colcon_meta']
[2.719s] Level 1:colcon.colcon_core.package_identification:_identify(joon_path_generate/etc/centerline) by extension 'colcon_meta'
[2.720s] Level 1:colcon.colcon_core.package_identification:_identify(joon_path_generate/etc/centerline) by extensions ['ros']
[2.720s] Level 1:colcon.colcon_core.package_identification:_identify(joon_path_generate/etc/centerline) by extension 'ros'
[2.721s] Level 1:colcon.colcon_core.package_identification:_identify(joon_path_generate/etc/centerline) by extensions ['cmake', 'python']
[2.721s] Level 1:colcon.colcon_core.package_identification:_identify(joon_path_generate/etc/centerline) by extension 'cmake'
[2.721s] Level 1:colcon.colcon_core.package_identification:_identify(joon_path_generate/etc/centerline) by extension 'python'
[2.721s] Level 1:colcon.colcon_core.package_identification:_identify(joon_path_generate/etc/centerline) by extensions ['python_setup_py']
[2.722s] Level 1:colcon.colcon_core.package_identification:_identify(joon_path_generate/etc/centerline) by extension 'python_setup_py'
[2.722s] Level 1:colcon.colcon_core.package_identification:_identify(joon_path_generate/etc/centerline_with_boundary) by extensions ['ignore', 'ignore_ament_install']
[2.723s] Level 1:colcon.colcon_core.package_identification:_identify(joon_path_generate/etc/centerline_with_boundary) by extension 'ignore'
[2.723s] Level 1:colcon.colcon_core.package_identification:_identify(joon_path_generate/etc/centerline_with_boundary) by extension 'ignore_ament_install'
[2.724s] Level 1:colcon.colcon_core.package_identification:_identify(joon_path_generate/etc/centerline_with_boundary) by extensions ['colcon_pkg']
[2.724s] Level 1:colcon.colcon_core.package_identification:_identify(joon_path_generate/etc/centerline_with_boundary) by extension 'colcon_pkg'
[2.724s] Level 1:colcon.colcon_core.package_identification:_identify(joon_path_generate/etc/centerline_with_boundary) by extensions ['colcon_meta']
[2.724s] Level 1:colcon.colcon_core.package_identification:_identify(joon_path_generate/etc/centerline_with_boundary) by extension 'colcon_meta'
[2.725s] Level 1:colcon.colcon_core.package_identification:_identify(joon_path_generate/etc/centerline_with_boundary) by extensions ['ros']
[2.725s] Level 1:colcon.colcon_core.package_identification:_identify(joon_path_generate/etc/centerline_with_boundary) by extension 'ros'
[2.726s] Level 1:colcon.colcon_core.package_identification:_identify(joon_path_generate/etc/centerline_with_boundary) by extensions ['cmake', 'python']
[2.726s] Level 1:colcon.colcon_core.package_identification:_identify(joon_path_generate/etc/centerline_with_boundary) by extension 'cmake'
[2.726s] Level 1:colcon.colcon_core.package_identification:_identify(joon_path_generate/etc/centerline_with_boundary) by extension 'python'
[2.726s] Level 1:colcon.colcon_core.package_identification:_identify(joon_path_generate/etc/centerline_with_boundary) by extensions ['python_setup_py']
[2.727s] Level 1:colcon.colcon_core.package_identification:_identify(joon_path_generate/etc/centerline_with_boundary) by extension 'python_setup_py'
[2.728s] Level 1:colcon.colcon_core.package_identification:_identify(joon_path_generate/etc/edt_results) by extensions ['ignore', 'ignore_ament_install']
[2.728s] Level 1:colcon.colcon_core.package_identification:_identify(joon_path_generate/etc/edt_results) by extension 'ignore'
[2.729s] Level 1:colcon.colcon_core.package_identification:_identify(joon_path_generate/etc/edt_results) by extension 'ignore_ament_install'
[2.729s] Level 1:colcon.colcon_core.package_identification:_identify(joon_path_generate/etc/edt_results) by extensions ['colcon_pkg']
[2.729s] Level 1:colcon.colcon_core.package_identification:_identify(joon_path_generate/etc/edt_results) by extension 'colcon_pkg'
[2.730s] Level 1:colcon.colcon_core.package_identification:_identify(joon_path_generate/etc/edt_results) by extensions ['colcon_meta']
[2.730s] Level 1:colcon.colcon_core.package_identification:_identify(joon_path_generate/etc/edt_results) by extension 'colcon_meta'
[2.730s] Level 1:colcon.colcon_core.package_identification:_identify(joon_path_generate/etc/edt_results) by extensions ['ros']
[2.731s] Level 1:colcon.colcon_core.package_identification:_identify(joon_path_generate/etc/edt_results) by extension 'ros'
[2.731s] Level 1:colcon.colcon_core.package_identification:_identify(joon_path_generate/etc/edt_results) by extensions ['cmake', 'python']
[2.732s] Level 1:colcon.colcon_core.package_identification:_identify(joon_path_generate/etc/edt_results) by extension 'cmake'
[2.732s] Level 1:colcon.colcon_core.package_identification:_identify(joon_path_generate/etc/edt_results) by extension 'python'
[2.732s] Level 1:colcon.colcon_core.package_identification:_identify(joon_path_generate/etc/edt_results) by extensions ['python_setup_py']
[2.732s] Level 1:colcon.colcon_core.package_identification:_identify(joon_path_generate/etc/edt_results) by extension 'python_setup_py'
[2.733s] Level 1:colcon.colcon_core.package_identification:_identify(joon_path_generate/etc/global_path) by extensions ['ignore', 'ignore_ament_install']
[2.734s] Level 1:colcon.colcon_core.package_identification:_identify(joon_path_generate/etc/global_path) by extension 'ignore'
[2.734s] Level 1:colcon.colcon_core.package_identification:_identify(joon_path_generate/etc/global_path) by extension 'ignore_ament_install'
[2.734s] Level 1:colcon.colcon_core.package_identification:_identify(joon_path_generate/etc/global_path) by extensions ['colcon_pkg']
[2.734s] Level 1:colcon.colcon_core.package_identification:_identify(joon_path_generate/etc/global_path) by extension 'colcon_pkg'
[2.735s] Level 1:colcon.colcon_core.package_identification:_identify(joon_path_generate/etc/global_path) by extensions ['colcon_meta']
[2.735s] Level 1:colcon.colcon_core.package_identification:_identify(joon_path_generate/etc/global_path) by extension 'colcon_meta'
[2.735s] Level 1:colcon.colcon_core.package_identification:_identify(joon_path_generate/etc/global_path) by extensions ['ros']
[2.736s] Level 1:colcon.colcon_core.package_identification:_identify(joon_path_generate/etc/global_path) by extension 'ros'
[2.736s] Level 1:colcon.colcon_core.package_identification:_identify(joon_path_generate/etc/global_path) by extensions ['cmake', 'python']
[2.736s] Level 1:colcon.colcon_core.package_identification:_identify(joon_path_generate/etc/global_path) by extension 'cmake'
[2.737s] Level 1:colcon.colcon_core.package_identification:_identify(joon_path_generate/etc/global_path) by extension 'python'
[2.737s] Level 1:colcon.colcon_core.package_identification:_identify(joon_path_generate/etc/global_path) by extensions ['python_setup_py']
[2.737s] Level 1:colcon.colcon_core.package_identification:_identify(joon_path_generate/etc/global_path) by extension 'python_setup_py'
[2.738s] Level 1:colcon.colcon_core.package_identification:_identify(joon_path_generate/final_centerline) by extensions ['ignore', 'ignore_ament_install']
[2.739s] Level 1:colcon.colcon_core.package_identification:_identify(joon_path_generate/final_centerline) by extension 'ignore'
[2.740s] Level 1:colcon.colcon_core.package_identification:_identify(joon_path_generate/final_centerline) by extension 'ignore_ament_install'
[2.740s] Level 1:colcon.colcon_core.package_identification:_identify(joon_path_generate/final_centerline) by extensions ['colcon_pkg']
[2.740s] Level 1:colcon.colcon_core.package_identification:_identify(joon_path_generate/final_centerline) by extension 'colcon_pkg'
[2.741s] Level 1:colcon.colcon_core.package_identification:_identify(joon_path_generate/final_centerline) by extensions ['colcon_meta']
[2.741s] Level 1:colcon.colcon_core.package_identification:_identify(joon_path_generate/final_centerline) by extension 'colcon_meta'
[2.741s] Level 1:colcon.colcon_core.package_identification:_identify(joon_path_generate/final_centerline) by extensions ['ros']
[2.741s] Level 1:colcon.colcon_core.package_identification:_identify(joon_path_generate/final_centerline) by extension 'ros'
[2.742s] Level 1:colcon.colcon_core.package_identification:_identify(joon_path_generate/final_centerline) by extensions ['cmake', 'python']
[2.742s] Level 1:colcon.colcon_core.package_identification:_identify(joon_path_generate/final_centerline) by extension 'cmake'
[2.742s] Level 1:colcon.colcon_core.package_identification:_identify(joon_path_generate/final_centerline) by extension 'python'
[2.743s] Level 1:colcon.colcon_core.package_identification:_identify(joon_path_generate/final_centerline) by extensions ['python_setup_py']
[2.743s] Level 1:colcon.colcon_core.package_identification:_identify(joon_path_generate/final_centerline) by extension 'python_setup_py'
[2.744s] Level 1:colcon.colcon_core.package_identification:_identify(joon_path_generate/final_centerline/output) by extensions ['ignore', 'ignore_ament_install']
[2.744s] Level 1:colcon.colcon_core.package_identification:_identify(joon_path_generate/final_centerline/output) by extension 'ignore'
[2.744s] Level 1:colcon.colcon_core.package_identification:_identify(joon_path_generate/final_centerline/output) by extension 'ignore_ament_install'
[2.745s] Level 1:colcon.colcon_core.package_identification:_identify(joon_path_generate/final_centerline/output) by extensions ['colcon_pkg']
[2.745s] Level 1:colcon.colcon_core.package_identification:_identify(joon_path_generate/final_centerline/output) by extension 'colcon_pkg'
[2.745s] Level 1:colcon.colcon_core.package_identification:_identify(joon_path_generate/final_centerline/output) by extensions ['colcon_meta']
[2.745s] Level 1:colcon.colcon_core.package_identification:_identify(joon_path_generate/final_centerline/output) by extension 'colcon_meta'
[2.746s] Level 1:colcon.colcon_core.package_identification:_identify(joon_path_generate/final_centerline/output) by extensions ['ros']
[2.746s] Level 1:colcon.colcon_core.package_identification:_identify(joon_path_generate/final_centerline/output) by extension 'ros'
[2.746s] Level 1:colcon.colcon_core.package_identification:_identify(joon_path_generate/final_centerline/output) by extensions ['cmake', 'python']
[2.747s] Level 1:colcon.colcon_core.package_identification:_identify(joon_path_generate/final_centerline/output) by extension 'cmake'
[2.747s] Level 1:colcon.colcon_core.package_identification:_identify(joon_path_generate/final_centerline/output) by extension 'python'
[2.747s] Level 1:colcon.colcon_core.package_identification:_identify(joon_path_generate/final_centerline/output) by extensions ['python_setup_py']
[2.747s] Level 1:colcon.colcon_core.package_identification:_identify(joon_path_generate/final_centerline/output) by extension 'python_setup_py'
[2.748s] Level 1:colcon.colcon_core.package_identification:_identify(joon_path_generate/final_centerline/src) by extensions ['ignore', 'ignore_ament_install']
[2.749s] Level 1:colcon.colcon_core.package_identification:_identify(joon_path_generate/final_centerline/src) by extension 'ignore'
[2.749s] Level 1:colcon.colcon_core.package_identification:_identify(joon_path_generate/final_centerline/src) by extension 'ignore_ament_install'
[2.749s] Level 1:colcon.colcon_core.package_identification:_identify(joon_path_generate/final_centerline/src) by extensions ['colcon_pkg']
[2.749s] Level 1:colcon.colcon_core.package_identification:_identify(joon_path_generate/final_centerline/src) by extension 'colcon_pkg'
[2.750s] Level 1:colcon.colcon_core.package_identification:_identify(joon_path_generate/final_centerline/src) by extensions ['colcon_meta']
[2.750s] Level 1:colcon.colcon_core.package_identification:_identify(joon_path_generate/final_centerline/src) by extension 'colcon_meta'
[2.750s] Level 1:colcon.colcon_core.package_identification:_identify(joon_path_generate/final_centerline/src) by extensions ['ros']
[2.750s] Level 1:colcon.colcon_core.package_identification:_identify(joon_path_generate/final_centerline/src) by extension 'ros'
[2.751s] Level 1:colcon.colcon_core.package_identification:_identify(joon_path_generate/final_centerline/src) by extensions ['cmake', 'python']
[2.751s] Level 1:colcon.colcon_core.package_identification:_identify(joon_path_generate/final_centerline/src) by extension 'cmake'
[2.752s] Level 1:colcon.colcon_core.package_identification:_identify(joon_path_generate/final_centerline/src) by extension 'python'
[2.752s] Level 1:colcon.colcon_core.package_identification:_identify(joon_path_generate/final_centerline/src) by extensions ['python_setup_py']
[2.752s] Level 1:colcon.colcon_core.package_identification:_identify(joon_path_generate/final_centerline/src) by extension 'python_setup_py'
[2.753s] Level 1:colcon.colcon_core.package_identification:_identify(joon_path_generate/final_centerline/src/__pycache__) by extensions ['ignore', 'ignore_ament_install']
[2.753s] Level 1:colcon.colcon_core.package_identification:_identify(joon_path_generate/final_centerline/src/__pycache__) by extension 'ignore'
[2.754s] Level 1:colcon.colcon_core.package_identification:_identify(joon_path_generate/final_centerline/src/__pycache__) by extension 'ignore_ament_install'
[2.754s] Level 1:colcon.colcon_core.package_identification:_identify(joon_path_generate/final_centerline/src/__pycache__) by extensions ['colcon_pkg']
[2.754s] Level 1:colcon.colcon_core.package_identification:_identify(joon_path_generate/final_centerline/src/__pycache__) by extension 'colcon_pkg'
[2.754s] Level 1:colcon.colcon_core.package_identification:_identify(joon_path_generate/final_centerline/src/__pycache__) by extensions ['colcon_meta']
[2.755s] Level 1:colcon.colcon_core.package_identification:_identify(joon_path_generate/final_centerline/src/__pycache__) by extension 'colcon_meta'
[2.755s] Level 1:colcon.colcon_core.package_identification:_identify(joon_path_generate/final_centerline/src/__pycache__) by extensions ['ros']
[2.755s] Level 1:colcon.colcon_core.package_identification:_identify(joon_path_generate/final_centerline/src/__pycache__) by extension 'ros'
[2.756s] Level 1:colcon.colcon_core.package_identification:_identify(joon_path_generate/final_centerline/src/__pycache__) by extensions ['cmake', 'python']
[2.756s] Level 1:colcon.colcon_core.package_identification:_identify(joon_path_generate/final_centerline/src/__pycache__) by extension 'cmake'
[2.756s] Level 1:colcon.colcon_core.package_identification:_identify(joon_path_generate/final_centerline/src/__pycache__) by extension 'python'
[2.757s] Level 1:colcon.colcon_core.package_identification:_identify(joon_path_generate/final_centerline/src/__pycache__) by extensions ['python_setup_py']
[2.757s] Level 1:colcon.colcon_core.package_identification:_identify(joon_path_generate/final_centerline/src/__pycache__) by extension 'python_setup_py'
[2.757s] Level 1:colcon.colcon_core.package_identification:_identify(joon_path_generate/final_steven_gong) by extensions ['ignore', 'ignore_ament_install']
[2.758s] Level 1:colcon.colcon_core.package_identification:_identify(joon_path_generate/final_steven_gong) by extension 'ignore'
[2.758s] Level 1:colcon.colcon_core.package_identification:_identify(joon_path_generate/final_steven_gong) by extension 'ignore_ament_install'
[2.758s] Level 1:colcon.colcon_core.package_identification:_identify(joon_path_generate/final_steven_gong) by extensions ['colcon_pkg']
[2.759s] Level 1:colcon.colcon_core.package_identification:_identify(joon_path_generate/final_steven_gong) by extension 'colcon_pkg'
[2.759s] Level 1:colcon.colcon_core.package_identification:_identify(joon_path_generate/final_steven_gong) by extensions ['colcon_meta']
[2.759s] Level 1:colcon.colcon_core.package_identification:_identify(joon_path_generate/final_steven_gong) by extension 'colcon_meta'
[2.760s] Level 1:colcon.colcon_core.package_identification:_identify(joon_path_generate/final_steven_gong) by extensions ['ros']
[2.762s] Level 1:colcon.colcon_core.package_identification:_identify(joon_path_generate/final_steven_gong) by extension 'ros'
[2.763s] Level 1:colcon.colcon_core.package_identification:_identify(joon_path_generate/final_steven_gong) by extensions ['cmake', 'python']
[2.763s] Level 1:colcon.colcon_core.package_identification:_identify(joon_path_generate/final_steven_gong) by extension 'cmake'
[2.764s] Level 1:colcon.colcon_core.package_identification:_identify(joon_path_generate/final_steven_gong) by extension 'python'
[2.764s] Level 1:colcon.colcon_core.package_identification:_identify(joon_path_generate/final_steven_gong) by extensions ['python_setup_py']
[2.764s] Level 1:colcon.colcon_core.package_identification:_identify(joon_path_generate/final_steven_gong) by extension 'python_setup_py'
[2.765s] Level 1:colcon.colcon_core.package_identification:_identify(joon_path_generate/final_steven_gong/Raceline-Optimization) by extensions ['ignore', 'ignore_ament_install']
[2.765s] Level 1:colcon.colcon_core.package_identification:_identify(joon_path_generate/final_steven_gong/Raceline-Optimization) by extension 'ignore'
[2.766s] Level 1:colcon.colcon_core.package_identification:_identify(joon_path_generate/final_steven_gong/Raceline-Optimization) by extension 'ignore_ament_install'
[2.766s] Level 1:colcon.colcon_core.package_identification:_identify(joon_path_generate/final_steven_gong/Raceline-Optimization) by extensions ['colcon_pkg']
[2.766s] Level 1:colcon.colcon_core.package_identification:_identify(joon_path_generate/final_steven_gong/Raceline-Optimization) by extension 'colcon_pkg'
[2.767s] Level 1:colcon.colcon_core.package_identification:_identify(joon_path_generate/final_steven_gong/Raceline-Optimization) by extensions ['colcon_meta']
[2.767s] Level 1:colcon.colcon_core.package_identification:_identify(joon_path_generate/final_steven_gong/Raceline-Optimization) by extension 'colcon_meta'
[2.767s] Level 1:colcon.colcon_core.package_identification:_identify(joon_path_generate/final_steven_gong/Raceline-Optimization) by extensions ['ros']
[2.767s] Level 1:colcon.colcon_core.package_identification:_identify(joon_path_generate/final_steven_gong/Raceline-Optimization) by extension 'ros'
[2.768s] Level 1:colcon.colcon_core.package_identification:_identify(joon_path_generate/final_steven_gong/Raceline-Optimization) by extensions ['cmake', 'python']
[2.768s] Level 1:colcon.colcon_core.package_identification:_identify(joon_path_generate/final_steven_gong/Raceline-Optimization) by extension 'cmake'
[2.769s] Level 1:colcon.colcon_core.package_identification:_identify(joon_path_generate/final_steven_gong/Raceline-Optimization) by extension 'python'
[2.769s] Level 1:colcon.colcon_core.package_identification:_identify(joon_path_generate/final_steven_gong/Raceline-Optimization) by extensions ['python_setup_py']
[2.769s] Level 1:colcon.colcon_core.package_identification:_identify(joon_path_generate/final_steven_gong/Raceline-Optimization) by extension 'python_setup_py'
[2.770s] Level 1:colcon.colcon_core.package_identification:_identify(joon_path_generate/final_steven_gong/Raceline-Optimization/frictionmap) by extensions ['ignore', 'ignore_ament_install']
[2.770s] Level 1:colcon.colcon_core.package_identification:_identify(joon_path_generate/final_steven_gong/Raceline-Optimization/frictionmap) by extension 'ignore'
[2.771s] Level 1:colcon.colcon_core.package_identification:_identify(joon_path_generate/final_steven_gong/Raceline-Optimization/frictionmap) by extension 'ignore_ament_install'
[2.771s] Level 1:colcon.colcon_core.package_identification:_identify(joon_path_generate/final_steven_gong/Raceline-Optimization/frictionmap) by extensions ['colcon_pkg']
[2.771s] Level 1:colcon.colcon_core.package_identification:_identify(joon_path_generate/final_steven_gong/Raceline-Optimization/frictionmap) by extension 'colcon_pkg'
[2.771s] Level 1:colcon.colcon_core.package_identification:_identify(joon_path_generate/final_steven_gong/Raceline-Optimization/frictionmap) by extensions ['colcon_meta']
[2.772s] Level 1:colcon.colcon_core.package_identification:_identify(joon_path_generate/final_steven_gong/Raceline-Optimization/frictionmap) by extension 'colcon_meta'
[2.772s] Level 1:colcon.colcon_core.package_identification:_identify(joon_path_generate/final_steven_gong/Raceline-Optimization/frictionmap) by extensions ['ros']
[2.772s] Level 1:colcon.colcon_core.package_identification:_identify(joon_path_generate/final_steven_gong/Raceline-Optimization/frictionmap) by extension 'ros'
[2.773s] Level 1:colcon.colcon_core.package_identification:_identify(joon_path_generate/final_steven_gong/Raceline-Optimization/frictionmap) by extensions ['cmake', 'python']
[2.773s] Level 1:colcon.colcon_core.package_identification:_identify(joon_path_generate/final_steven_gong/Raceline-Optimization/frictionmap) by extension 'cmake'
[2.773s] Level 1:colcon.colcon_core.package_identification:_identify(joon_path_generate/final_steven_gong/Raceline-Optimization/frictionmap) by extension 'python'
[2.774s] Level 1:colcon.colcon_core.package_identification:_identify(joon_path_generate/final_steven_gong/Raceline-Optimization/frictionmap) by extensions ['python_setup_py']
[2.774s] Level 1:colcon.colcon_core.package_identification:_identify(joon_path_generate/final_steven_gong/Raceline-Optimization/frictionmap) by extension 'python_setup_py'
[2.775s] Level 1:colcon.colcon_core.package_identification:_identify(joon_path_generate/final_steven_gong/Raceline-Optimization/frictionmap/src) by extensions ['ignore', 'ignore_ament_install']
[2.775s] Level 1:colcon.colcon_core.package_identification:_identify(joon_path_generate/final_steven_gong/Raceline-Optimization/frictionmap/src) by extension 'ignore'
[2.776s] Level 1:colcon.colcon_core.package_identification:_identify(joon_path_generate/final_steven_gong/Raceline-Optimization/frictionmap/src) by extension 'ignore_ament_install'
[2.776s] Level 1:colcon.colcon_core.package_identification:_identify(joon_path_generate/final_steven_gong/Raceline-Optimization/frictionmap/src) by extensions ['colcon_pkg']
[2.776s] Level 1:colcon.colcon_core.package_identification:_identify(joon_path_generate/final_steven_gong/Raceline-Optimization/frictionmap/src) by extension 'colcon_pkg'
[2.777s] Level 1:colcon.colcon_core.package_identification:_identify(joon_path_generate/final_steven_gong/Raceline-Optimization/frictionmap/src) by extensions ['colcon_meta']
[2.777s] Level 1:colcon.colcon_core.package_identification:_identify(joon_path_generate/final_steven_gong/Raceline-Optimization/frictionmap/src) by extension 'colcon_meta'
[2.777s] Level 1:colcon.colcon_core.package_identification:_identify(joon_path_generate/final_steven_gong/Raceline-Optimization/frictionmap/src) by extensions ['ros']
[2.777s] Level 1:colcon.colcon_core.package_identification:_identify(joon_path_generate/final_steven_gong/Raceline-Optimization/frictionmap/src) by extension 'ros'
[2.778s] Level 1:colcon.colcon_core.package_identification:_identify(joon_path_generate/final_steven_gong/Raceline-Optimization/frictionmap/src) by extensions ['cmake', 'python']
[2.778s] Level 1:colcon.colcon_core.package_identification:_identify(joon_path_generate/final_steven_gong/Raceline-Optimization/frictionmap/src) by extension 'cmake'
[2.778s] Level 1:colcon.colcon_core.package_identification:_identify(joon_path_generate/final_steven_gong/Raceline-Optimization/frictionmap/src) by extension 'python'
[2.779s] Level 1:colcon.colcon_core.package_identification:_identify(joon_path_generate/final_steven_gong/Raceline-Optimization/frictionmap/src) by extensions ['python_setup_py']
[2.779s] Level 1:colcon.colcon_core.package_identification:_identify(joon_path_generate/final_steven_gong/Raceline-Optimization/frictionmap/src) by extension 'python_setup_py'
[2.780s] Level 1:colcon.colcon_core.package_identification:_identify(joon_path_generate/final_steven_gong/Raceline-Optimization/helper_funcs_glob) by extensions ['ignore', 'ignore_ament_install']
[2.780s] Level 1:colcon.colcon_core.package_identification:_identify(joon_path_generate/final_steven_gong/Raceline-Optimization/helper_funcs_glob) by extension 'ignore'
[2.781s] Level 1:colcon.colcon_core.package_identification:_identify(joon_path_generate/final_steven_gong/Raceline-Optimization/helper_funcs_glob) by extension 'ignore_ament_install'
[2.781s] Level 1:colcon.colcon_core.package_identification:_identify(joon_path_generate/final_steven_gong/Raceline-Optimization/helper_funcs_glob) by extensions ['colcon_pkg']
[2.781s] Level 1:colcon.colcon_core.package_identification:_identify(joon_path_generate/final_steven_gong/Raceline-Optimization/helper_funcs_glob) by extension 'colcon_pkg'
[2.781s] Level 1:colcon.colcon_core.package_identification:_identify(joon_path_generate/final_steven_gong/Raceline-Optimization/helper_funcs_glob) by extensions ['colcon_meta']
[2.782s] Level 1:colcon.colcon_core.package_identification:_identify(joon_path_generate/final_steven_gong/Raceline-Optimization/helper_funcs_glob) by extension 'colcon_meta'
[2.782s] Level 1:colcon.colcon_core.package_identification:_identify(joon_path_generate/final_steven_gong/Raceline-Optimization/helper_funcs_glob) by extensions ['ros']
[2.782s] Level 1:colcon.colcon_core.package_identification:_identify(joon_path_generate/final_steven_gong/Raceline-Optimization/helper_funcs_glob) by extension 'ros'
[2.783s] Level 1:colcon.colcon_core.package_identification:_identify(joon_path_generate/final_steven_gong/Raceline-Optimization/helper_funcs_glob) by extensions ['cmake', 'python']
[2.783s] Level 1:colcon.colcon_core.package_identification:_identify(joon_path_generate/final_steven_gong/Raceline-Optimization/helper_funcs_glob) by extension 'cmake'
[2.783s] Level 1:colcon.colcon_core.package_identification:_identify(joon_path_generate/final_steven_gong/Raceline-Optimization/helper_funcs_glob) by extension 'python'
[2.784s] Level 1:colcon.colcon_core.package_identification:_identify(joon_path_generate/final_steven_gong/Raceline-Optimization/helper_funcs_glob) by extensions ['python_setup_py']
[2.784s] Level 1:colcon.colcon_core.package_identification:_identify(joon_path_generate/final_steven_gong/Raceline-Optimization/helper_funcs_glob) by extension 'python_setup_py'
[2.784s] Level 1:colcon.colcon_core.package_identification:_identify(joon_path_generate/final_steven_gong/Raceline-Optimization/helper_funcs_glob/__pycache__) by extensions ['ignore', 'ignore_ament_install']
[2.785s] Level 1:colcon.colcon_core.package_identification:_identify(joon_path_generate/final_steven_gong/Raceline-Optimization/helper_funcs_glob/__pycache__) by extension 'ignore'
[2.785s] Level 1:colcon.colcon_core.package_identification:_identify(joon_path_generate/final_steven_gong/Raceline-Optimization/helper_funcs_glob/__pycache__) by extension 'ignore_ament_install'
[2.786s] Level 1:colcon.colcon_core.package_identification:_identify(joon_path_generate/final_steven_gong/Raceline-Optimization/helper_funcs_glob/__pycache__) by extensions ['colcon_pkg']
[2.786s] Level 1:colcon.colcon_core.package_identification:_identify(joon_path_generate/final_steven_gong/Raceline-Optimization/helper_funcs_glob/__pycache__) by extension 'colcon_pkg'
[2.786s] Level 1:colcon.colcon_core.package_identification:_identify(joon_path_generate/final_steven_gong/Raceline-Optimization/helper_funcs_glob/__pycache__) by extensions ['colcon_meta']
[2.786s] Level 1:colcon.colcon_core.package_identification:_identify(joon_path_generate/final_steven_gong/Raceline-Optimization/helper_funcs_glob/__pycache__) by extension 'colcon_meta'
[2.787s] Level 1:colcon.colcon_core.package_identification:_identify(joon_path_generate/final_steven_gong/Raceline-Optimization/helper_funcs_glob/__pycache__) by extensions ['ros']
[2.787s] Level 1:colcon.colcon_core.package_identification:_identify(joon_path_generate/final_steven_gong/Raceline-Optimization/helper_funcs_glob/__pycache__) by extension 'ros'
[2.788s] Level 1:colcon.colcon_core.package_identification:_identify(joon_path_generate/final_steven_gong/Raceline-Optimization/helper_funcs_glob/__pycache__) by extensions ['cmake', 'python']
[2.788s] Level 1:colcon.colcon_core.package_identification:_identify(joon_path_generate/final_steven_gong/Raceline-Optimization/helper_funcs_glob/__pycache__) by extension 'cmake'
[2.788s] Level 1:colcon.colcon_core.package_identification:_identify(joon_path_generate/final_steven_gong/Raceline-Optimization/helper_funcs_glob/__pycache__) by extension 'python'
[2.789s] Level 1:colcon.colcon_core.package_identification:_identify(joon_path_generate/final_steven_gong/Raceline-Optimization/helper_funcs_glob/__pycache__) by extensions ['python_setup_py']
[2.790s] Level 1:colcon.colcon_core.package_identification:_identify(joon_path_generate/final_steven_gong/Raceline-Optimization/helper_funcs_glob/__pycache__) by extension 'python_setup_py'
[2.791s] Level 1:colcon.colcon_core.package_identification:_identify(joon_path_generate/final_steven_gong/Raceline-Optimization/helper_funcs_glob/src) by extensions ['ignore', 'ignore_ament_install']
[2.791s] Level 1:colcon.colcon_core.package_identification:_identify(joon_path_generate/final_steven_gong/Raceline-Optimization/helper_funcs_glob/src) by extension 'ignore'
[2.792s] Level 1:colcon.colcon_core.package_identification:_identify(joon_path_generate/final_steven_gong/Raceline-Optimization/helper_funcs_glob/src) by extension 'ignore_ament_install'
[2.792s] Level 1:colcon.colcon_core.package_identification:_identify(joon_path_generate/final_steven_gong/Raceline-Optimization/helper_funcs_glob/src) by extensions ['colcon_pkg']
[2.792s] Level 1:colcon.colcon_core.package_identification:_identify(joon_path_generate/final_steven_gong/Raceline-Optimization/helper_funcs_glob/src) by extension 'colcon_pkg'
[2.793s] Level 1:colcon.colcon_core.package_identification:_identify(joon_path_generate/final_steven_gong/Raceline-Optimization/helper_funcs_glob/src) by extensions ['colcon_meta']
[2.793s] Level 1:colcon.colcon_core.package_identification:_identify(joon_path_generate/final_steven_gong/Raceline-Optimization/helper_funcs_glob/src) by extension 'colcon_meta'
[2.793s] Level 1:colcon.colcon_core.package_identification:_identify(joon_path_generate/final_steven_gong/Raceline-Optimization/helper_funcs_glob/src) by extensions ['ros']
[2.794s] Level 1:colcon.colcon_core.package_identification:_identify(joon_path_generate/final_steven_gong/Raceline-Optimization/helper_funcs_glob/src) by extension 'ros'
[2.794s] Level 1:colcon.colcon_core.package_identification:_identify(joon_path_generate/final_steven_gong/Raceline-Optimization/helper_funcs_glob/src) by extensions ['cmake', 'python']
[2.794s] Level 1:colcon.colcon_core.package_identification:_identify(joon_path_generate/final_steven_gong/Raceline-Optimization/helper_funcs_glob/src) by extension 'cmake'
[2.795s] Level 1:colcon.colcon_core.package_identification:_identify(joon_path_generate/final_steven_gong/Raceline-Optimization/helper_funcs_glob/src) by extension 'python'
[2.795s] Level 1:colcon.colcon_core.package_identification:_identify(joon_path_generate/final_steven_gong/Raceline-Optimization/helper_funcs_glob/src) by extensions ['python_setup_py']
[2.795s] Level 1:colcon.colcon_core.package_identification:_identify(joon_path_generate/final_steven_gong/Raceline-Optimization/helper_funcs_glob/src) by extension 'python_setup_py'
[2.796s] Level 1:colcon.colcon_core.package_identification:_identify(joon_path_generate/final_steven_gong/Raceline-Optimization/helper_funcs_glob/src/__pycache__) by extensions ['ignore', 'ignore_ament_install']
[2.797s] Level 1:colcon.colcon_core.package_identification:_identify(joon_path_generate/final_steven_gong/Raceline-Optimization/helper_funcs_glob/src/__pycache__) by extension 'ignore'
[2.797s] Level 1:colcon.colcon_core.package_identification:_identify(joon_path_generate/final_steven_gong/Raceline-Optimization/helper_funcs_glob/src/__pycache__) by extension 'ignore_ament_install'
[2.798s] Level 1:colcon.colcon_core.package_identification:_identify(joon_path_generate/final_steven_gong/Raceline-Optimization/helper_funcs_glob/src/__pycache__) by extensions ['colcon_pkg']
[2.798s] Level 1:colcon.colcon_core.package_identification:_identify(joon_path_generate/final_steven_gong/Raceline-Optimization/helper_funcs_glob/src/__pycache__) by extension 'colcon_pkg'
[2.798s] Level 1:colcon.colcon_core.package_identification:_identify(joon_path_generate/final_steven_gong/Raceline-Optimization/helper_funcs_glob/src/__pycache__) by extensions ['colcon_meta']
[2.798s] Level 1:colcon.colcon_core.package_identification:_identify(joon_path_generate/final_steven_gong/Raceline-Optimization/helper_funcs_glob/src/__pycache__) by extension 'colcon_meta'
[2.799s] Level 1:colcon.colcon_core.package_identification:_identify(joon_path_generate/final_steven_gong/Raceline-Optimization/helper_funcs_glob/src/__pycache__) by extensions ['ros']
[2.799s] Level 1:colcon.colcon_core.package_identification:_identify(joon_path_generate/final_steven_gong/Raceline-Optimization/helper_funcs_glob/src/__pycache__) by extension 'ros'
[2.800s] Level 1:colcon.colcon_core.package_identification:_identify(joon_path_generate/final_steven_gong/Raceline-Optimization/helper_funcs_glob/src/__pycache__) by extensions ['cmake', 'python']
[2.800s] Level 1:colcon.colcon_core.package_identification:_identify(joon_path_generate/final_steven_gong/Raceline-Optimization/helper_funcs_glob/src/__pycache__) by extension 'cmake'
[2.800s] Level 1:colcon.colcon_core.package_identification:_identify(joon_path_generate/final_steven_gong/Raceline-Optimization/helper_funcs_glob/src/__pycache__) by extension 'python'
[2.800s] Level 1:colcon.colcon_core.package_identification:_identify(joon_path_generate/final_steven_gong/Raceline-Optimization/helper_funcs_glob/src/__pycache__) by extensions ['python_setup_py']
[2.801s] Level 1:colcon.colcon_core.package_identification:_identify(joon_path_generate/final_steven_gong/Raceline-Optimization/helper_funcs_glob/src/__pycache__) by extension 'python_setup_py'
[2.801s] Level 1:colcon.colcon_core.package_identification:_identify(joon_path_generate/final_steven_gong/Raceline-Optimization/inputs) by extensions ['ignore', 'ignore_ament_install']
[2.802s] Level 1:colcon.colcon_core.package_identification:_identify(joon_path_generate/final_steven_gong/Raceline-Optimization/inputs) by extension 'ignore'
[2.802s] Level 1:colcon.colcon_core.package_identification:_identify(joon_path_generate/final_steven_gong/Raceline-Optimization/inputs) by extension 'ignore_ament_install'
[2.803s] Level 1:colcon.colcon_core.package_identification:_identify(joon_path_generate/final_steven_gong/Raceline-Optimization/inputs) by extensions ['colcon_pkg']
[2.803s] Level 1:colcon.colcon_core.package_identification:_identify(joon_path_generate/final_steven_gong/Raceline-Optimization/inputs) by extension 'colcon_pkg'
[2.803s] Level 1:colcon.colcon_core.package_identification:_identify(joon_path_generate/final_steven_gong/Raceline-Optimization/inputs) by extensions ['colcon_meta']
[2.803s] Level 1:colcon.colcon_core.package_identification:_identify(joon_path_generate/final_steven_gong/Raceline-Optimization/inputs) by extension 'colcon_meta'
[2.804s] Level 1:colcon.colcon_core.package_identification:_identify(joon_path_generate/final_steven_gong/Raceline-Optimization/inputs) by extensions ['ros']
[2.804s] Level 1:colcon.colcon_core.package_identification:_identify(joon_path_generate/final_steven_gong/Raceline-Optimization/inputs) by extension 'ros'
[2.805s] Level 1:colcon.colcon_core.package_identification:_identify(joon_path_generate/final_steven_gong/Raceline-Optimization/inputs) by extensions ['cmake', 'python']
[2.805s] Level 1:colcon.colcon_core.package_identification:_identify(joon_path_generate/final_steven_gong/Raceline-Optimization/inputs) by extension 'cmake'
[2.805s] Level 1:colcon.colcon_core.package_identification:_identify(joon_path_generate/final_steven_gong/Raceline-Optimization/inputs) by extension 'python'
[2.805s] Level 1:colcon.colcon_core.package_identification:_identify(joon_path_generate/final_steven_gong/Raceline-Optimization/inputs) by extensions ['python_setup_py']
[2.805s] Level 1:colcon.colcon_core.package_identification:_identify(joon_path_generate/final_steven_gong/Raceline-Optimization/inputs) by extension 'python_setup_py'
[2.806s] Level 1:colcon.colcon_core.package_identification:_identify(joon_path_generate/final_steven_gong/Raceline-Optimization/inputs/frictionmaps) by extensions ['ignore', 'ignore_ament_install']
[2.807s] Level 1:colcon.colcon_core.package_identification:_identify(joon_path_generate/final_steven_gong/Raceline-Optimization/inputs/frictionmaps) by extension 'ignore'
[2.807s] Level 1:colcon.colcon_core.package_identification:_identify(joon_path_generate/final_steven_gong/Raceline-Optimization/inputs/frictionmaps) by extension 'ignore_ament_install'
[2.807s] Level 1:colcon.colcon_core.package_identification:_identify(joon_path_generate/final_steven_gong/Raceline-Optimization/inputs/frictionmaps) by extensions ['colcon_pkg']
[2.808s] Level 1:colcon.colcon_core.package_identification:_identify(joon_path_generate/final_steven_gong/Raceline-Optimization/inputs/frictionmaps) by extension 'colcon_pkg'
[2.808s] Level 1:colcon.colcon_core.package_identification:_identify(joon_path_generate/final_steven_gong/Raceline-Optimization/inputs/frictionmaps) by extensions ['colcon_meta']
[2.808s] Level 1:colcon.colcon_core.package_identification:_identify(joon_path_generate/final_steven_gong/Raceline-Optimization/inputs/frictionmaps) by extension 'colcon_meta'
[2.809s] Level 1:colcon.colcon_core.package_identification:_identify(joon_path_generate/final_steven_gong/Raceline-Optimization/inputs/frictionmaps) by extensions ['ros']
[2.809s] Level 1:colcon.colcon_core.package_identification:_identify(joon_path_generate/final_steven_gong/Raceline-Optimization/inputs/frictionmaps) by extension 'ros'
[2.809s] Level 1:colcon.colcon_core.package_identification:_identify(joon_path_generate/final_steven_gong/Raceline-Optimization/inputs/frictionmaps) by extensions ['cmake', 'python']
[2.810s] Level 1:colcon.colcon_core.package_identification:_identify(joon_path_generate/final_steven_gong/Raceline-Optimization/inputs/frictionmaps) by extension 'cmake'
[2.810s] Level 1:colcon.colcon_core.package_identification:_identify(joon_path_generate/final_steven_gong/Raceline-Optimization/inputs/frictionmaps) by extension 'python'
[2.810s] Level 1:colcon.colcon_core.package_identification:_identify(joon_path_generate/final_steven_gong/Raceline-Optimization/inputs/frictionmaps) by extensions ['python_setup_py']
[2.810s] Level 1:colcon.colcon_core.package_identification:_identify(joon_path_generate/final_steven_gong/Raceline-Optimization/inputs/frictionmaps) by extension 'python_setup_py'
[2.812s] Level 1:colcon.colcon_core.package_identification:_identify(joon_path_generate/final_steven_gong/Raceline-Optimization/inputs/tracks) by extensions ['ignore', 'ignore_ament_install']
[2.813s] Level 1:colcon.colcon_core.package_identification:_identify(joon_path_generate/final_steven_gong/Raceline-Optimization/inputs/tracks) by extension 'ignore'
[2.813s] Level 1:colcon.colcon_core.package_identification:_identify(joon_path_generate/final_steven_gong/Raceline-Optimization/inputs/tracks) by extension 'ignore_ament_install'
[2.813s] Level 1:colcon.colcon_core.package_identification:_identify(joon_path_generate/final_steven_gong/Raceline-Optimization/inputs/tracks) by extensions ['colcon_pkg']
[2.814s] Level 1:colcon.colcon_core.package_identification:_identify(joon_path_generate/final_steven_gong/Raceline-Optimization/inputs/tracks) by extension 'colcon_pkg'
[2.814s] Level 1:colcon.colcon_core.package_identification:_identify(joon_path_generate/final_steven_gong/Raceline-Optimization/inputs/tracks) by extensions ['colcon_meta']
[2.814s] Level 1:colcon.colcon_core.package_identification:_identify(joon_path_generate/final_steven_gong/Raceline-Optimization/inputs/tracks) by extension 'colcon_meta'
[2.815s] Level 1:colcon.colcon_core.package_identification:_identify(joon_path_generate/final_steven_gong/Raceline-Optimization/inputs/tracks) by extensions ['ros']
[2.815s] Level 1:colcon.colcon_core.package_identification:_identify(joon_path_generate/final_steven_gong/Raceline-Optimization/inputs/tracks) by extension 'ros'
[2.816s] Level 1:colcon.colcon_core.package_identification:_identify(joon_path_generate/final_steven_gong/Raceline-Optimization/inputs/tracks) by extensions ['cmake', 'python']
[2.816s] Level 1:colcon.colcon_core.package_identification:_identify(joon_path_generate/final_steven_gong/Raceline-Optimization/inputs/tracks) by extension 'cmake'
[2.817s] Level 1:colcon.colcon_core.package_identification:_identify(joon_path_generate/final_steven_gong/Raceline-Optimization/inputs/tracks) by extension 'python'
[2.818s] Level 1:colcon.colcon_core.package_identification:_identify(joon_path_generate/final_steven_gong/Raceline-Optimization/inputs/tracks) by extensions ['python_setup_py']
[2.818s] Level 1:colcon.colcon_core.package_identification:_identify(joon_path_generate/final_steven_gong/Raceline-Optimization/inputs/tracks) by extension 'python_setup_py'
[2.819s] Level 1:colcon.colcon_core.package_identification:_identify(joon_path_generate/final_steven_gong/Raceline-Optimization/inputs/veh_dyn_info) by extensions ['ignore', 'ignore_ament_install']
[2.820s] Level 1:colcon.colcon_core.package_identification:_identify(joon_path_generate/final_steven_gong/Raceline-Optimization/inputs/veh_dyn_info) by extension 'ignore'
[2.820s] Level 1:colcon.colcon_core.package_identification:_identify(joon_path_generate/final_steven_gong/Raceline-Optimization/inputs/veh_dyn_info) by extension 'ignore_ament_install'
[2.821s] Level 1:colcon.colcon_core.package_identification:_identify(joon_path_generate/final_steven_gong/Raceline-Optimization/inputs/veh_dyn_info) by extensions ['colcon_pkg']
[2.821s] Level 1:colcon.colcon_core.package_identification:_identify(joon_path_generate/final_steven_gong/Raceline-Optimization/inputs/veh_dyn_info) by extension 'colcon_pkg'
[2.821s] Level 1:colcon.colcon_core.package_identification:_identify(joon_path_generate/final_steven_gong/Raceline-Optimization/inputs/veh_dyn_info) by extensions ['colcon_meta']
[2.821s] Level 1:colcon.colcon_core.package_identification:_identify(joon_path_generate/final_steven_gong/Raceline-Optimization/inputs/veh_dyn_info) by extension 'colcon_meta'
[2.822s] Level 1:colcon.colcon_core.package_identification:_identify(joon_path_generate/final_steven_gong/Raceline-Optimization/inputs/veh_dyn_info) by extensions ['ros']
[2.822s] Level 1:colcon.colcon_core.package_identification:_identify(joon_path_generate/final_steven_gong/Raceline-Optimization/inputs/veh_dyn_info) by extension 'ros'
[2.823s] Level 1:colcon.colcon_core.package_identification:_identify(joon_path_generate/final_steven_gong/Raceline-Optimization/inputs/veh_dyn_info) by extensions ['cmake', 'python']
[2.823s] Level 1:colcon.colcon_core.package_identification:_identify(joon_path_generate/final_steven_gong/Raceline-Optimization/inputs/veh_dyn_info) by extension 'cmake'
[2.823s] Level 1:colcon.colcon_core.package_identification:_identify(joon_path_generate/final_steven_gong/Raceline-Optimization/inputs/veh_dyn_info) by extension 'python'
[2.824s] Level 1:colcon.colcon_core.package_identification:_identify(joon_path_generate/final_steven_gong/Raceline-Optimization/inputs/veh_dyn_info) by extensions ['python_setup_py']
[2.824s] Level 1:colcon.colcon_core.package_identification:_identify(joon_path_generate/final_steven_gong/Raceline-Optimization/inputs/veh_dyn_info) by extension 'python_setup_py'
[2.825s] Level 1:colcon.colcon_core.package_identification:_identify(joon_path_generate/final_steven_gong/Raceline-Optimization/maps) by extensions ['ignore', 'ignore_ament_install']
[2.825s] Level 1:colcon.colcon_core.package_identification:_identify(joon_path_generate/final_steven_gong/Raceline-Optimization/maps) by extension 'ignore'
[2.826s] Level 1:colcon.colcon_core.package_identification:_identify(joon_path_generate/final_steven_gong/Raceline-Optimization/maps) by extension 'ignore_ament_install'
[2.826s] Level 1:colcon.colcon_core.package_identification:_identify(joon_path_generate/final_steven_gong/Raceline-Optimization/maps) by extensions ['colcon_pkg']
[2.826s] Level 1:colcon.colcon_core.package_identification:_identify(joon_path_generate/final_steven_gong/Raceline-Optimization/maps) by extension 'colcon_pkg'
[2.827s] Level 1:colcon.colcon_core.package_identification:_identify(joon_path_generate/final_steven_gong/Raceline-Optimization/maps) by extensions ['colcon_meta']
[2.827s] Level 1:colcon.colcon_core.package_identification:_identify(joon_path_generate/final_steven_gong/Raceline-Optimization/maps) by extension 'colcon_meta'
[2.827s] Level 1:colcon.colcon_core.package_identification:_identify(joon_path_generate/final_steven_gong/Raceline-Optimization/maps) by extensions ['ros']
[2.828s] Level 1:colcon.colcon_core.package_identification:_identify(joon_path_generate/final_steven_gong/Raceline-Optimization/maps) by extension 'ros'
[2.828s] Level 1:colcon.colcon_core.package_identification:_identify(joon_path_generate/final_steven_gong/Raceline-Optimization/maps) by extensions ['cmake', 'python']
[2.829s] Level 1:colcon.colcon_core.package_identification:_identify(joon_path_generate/final_steven_gong/Raceline-Optimization/maps) by extension 'cmake'
[2.829s] Level 1:colcon.colcon_core.package_identification:_identify(joon_path_generate/final_steven_gong/Raceline-Optimization/maps) by extension 'python'
[2.829s] Level 1:colcon.colcon_core.package_identification:_identify(joon_path_generate/final_steven_gong/Raceline-Optimization/maps) by extensions ['python_setup_py']
[2.829s] Level 1:colcon.colcon_core.package_identification:_identify(joon_path_generate/final_steven_gong/Raceline-Optimization/maps) by extension 'python_setup_py'
[2.830s] Level 1:colcon.colcon_core.package_identification:_identify(joon_path_generate/final_steven_gong/Raceline-Optimization/opt_mintime_traj) by extensions ['ignore', 'ignore_ament_install']
[2.831s] Level 1:colcon.colcon_core.package_identification:_identify(joon_path_generate/final_steven_gong/Raceline-Optimization/opt_mintime_traj) by extension 'ignore'
[2.831s] Level 1:colcon.colcon_core.package_identification:_identify(joon_path_generate/final_steven_gong/Raceline-Optimization/opt_mintime_traj) by extension 'ignore_ament_install'
[2.832s] Level 1:colcon.colcon_core.package_identification:_identify(joon_path_generate/final_steven_gong/Raceline-Optimization/opt_mintime_traj) by extensions ['colcon_pkg']
[2.832s] Level 1:colcon.colcon_core.package_identification:_identify(joon_path_generate/final_steven_gong/Raceline-Optimization/opt_mintime_traj) by extension 'colcon_pkg'
[2.832s] Level 1:colcon.colcon_core.package_identification:_identify(joon_path_generate/final_steven_gong/Raceline-Optimization/opt_mintime_traj) by extensions ['colcon_meta']
[2.832s] Level 1:colcon.colcon_core.package_identification:_identify(joon_path_generate/final_steven_gong/Raceline-Optimization/opt_mintime_traj) by extension 'colcon_meta'
[2.833s] Level 1:colcon.colcon_core.package_identification:_identify(joon_path_generate/final_steven_gong/Raceline-Optimization/opt_mintime_traj) by extensions ['ros']
[2.833s] Level 1:colcon.colcon_core.package_identification:_identify(joon_path_generate/final_steven_gong/Raceline-Optimization/opt_mintime_traj) by extension 'ros'
[2.833s] Level 1:colcon.colcon_core.package_identification:_identify(joon_path_generate/final_steven_gong/Raceline-Optimization/opt_mintime_traj) by extensions ['cmake', 'python']
[2.834s] Level 1:colcon.colcon_core.package_identification:_identify(joon_path_generate/final_steven_gong/Raceline-Optimization/opt_mintime_traj) by extension 'cmake'
[2.834s] Level 1:colcon.colcon_core.package_identification:_identify(joon_path_generate/final_steven_gong/Raceline-Optimization/opt_mintime_traj) by extension 'python'
[2.834s] Level 1:colcon.colcon_core.package_identification:_identify(joon_path_generate/final_steven_gong/Raceline-Optimization/opt_mintime_traj) by extensions ['python_setup_py']
[2.835s] Level 1:colcon.colcon_core.package_identification:_identify(joon_path_generate/final_steven_gong/Raceline-Optimization/opt_mintime_traj) by extension 'python_setup_py'
[2.836s] Level 1:colcon.colcon_core.package_identification:_identify(joon_path_generate/final_steven_gong/Raceline-Optimization/opt_mintime_traj/__pycache__) by extensions ['ignore', 'ignore_ament_install']
[2.837s] Level 1:colcon.colcon_core.package_identification:_identify(joon_path_generate/final_steven_gong/Raceline-Optimization/opt_mintime_traj/__pycache__) by extension 'ignore'
[2.837s] Level 1:colcon.colcon_core.package_identification:_identify(joon_path_generate/final_steven_gong/Raceline-Optimization/opt_mintime_traj/__pycache__) by extension 'ignore_ament_install'
[2.837s] Level 1:colcon.colcon_core.package_identification:_identify(joon_path_generate/final_steven_gong/Raceline-Optimization/opt_mintime_traj/__pycache__) by extensions ['colcon_pkg']
[2.838s] Level 1:colcon.colcon_core.package_identification:_identify(joon_path_generate/final_steven_gong/Raceline-Optimization/opt_mintime_traj/__pycache__) by extension 'colcon_pkg'
[2.838s] Level 1:colcon.colcon_core.package_identification:_identify(joon_path_generate/final_steven_gong/Raceline-Optimization/opt_mintime_traj/__pycache__) by extensions ['colcon_meta']
[2.838s] Level 1:colcon.colcon_core.package_identification:_identify(joon_path_generate/final_steven_gong/Raceline-Optimization/opt_mintime_traj/__pycache__) by extension 'colcon_meta'
[2.839s] Level 1:colcon.colcon_core.package_identification:_identify(joon_path_generate/final_steven_gong/Raceline-Optimization/opt_mintime_traj/__pycache__) by extensions ['ros']
[2.839s] Level 1:colcon.colcon_core.package_identification:_identify(joon_path_generate/final_steven_gong/Raceline-Optimization/opt_mintime_traj/__pycache__) by extension 'ros'
[2.840s] Level 1:colcon.colcon_core.package_identification:_identify(joon_path_generate/final_steven_gong/Raceline-Optimization/opt_mintime_traj/__pycache__) by extensions ['cmake', 'python']
[2.840s] Level 1:colcon.colcon_core.package_identification:_identify(joon_path_generate/final_steven_gong/Raceline-Optimization/opt_mintime_traj/__pycache__) by extension 'cmake'
[2.840s] Level 1:colcon.colcon_core.package_identification:_identify(joon_path_generate/final_steven_gong/Raceline-Optimization/opt_mintime_traj/__pycache__) by extension 'python'
[2.840s] Level 1:colcon.colcon_core.package_identification:_identify(joon_path_generate/final_steven_gong/Raceline-Optimization/opt_mintime_traj/__pycache__) by extensions ['python_setup_py']
[2.841s] Level 1:colcon.colcon_core.package_identification:_identify(joon_path_generate/final_steven_gong/Raceline-Optimization/opt_mintime_traj/__pycache__) by extension 'python_setup_py'
[2.843s] Level 1:colcon.colcon_core.package_identification:_identify(joon_path_generate/final_steven_gong/Raceline-Optimization/opt_mintime_traj/powertrain_src) by extensions ['ignore', 'ignore_ament_install']
[2.844s] Level 1:colcon.colcon_core.package_identification:_identify(joon_path_generate/final_steven_gong/Raceline-Optimization/opt_mintime_traj/powertrain_src) by extension 'ignore'
[2.844s] Level 1:colcon.colcon_core.package_identification:_identify(joon_path_generate/final_steven_gong/Raceline-Optimization/opt_mintime_traj/powertrain_src) by extension 'ignore_ament_install'
[2.845s] Level 1:colcon.colcon_core.package_identification:_identify(joon_path_generate/final_steven_gong/Raceline-Optimization/opt_mintime_traj/powertrain_src) by extensions ['colcon_pkg']
[2.845s] Level 1:colcon.colcon_core.package_identification:_identify(joon_path_generate/final_steven_gong/Raceline-Optimization/opt_mintime_traj/powertrain_src) by extension 'colcon_pkg'
[2.845s] Level 1:colcon.colcon_core.package_identification:_identify(joon_path_generate/final_steven_gong/Raceline-Optimization/opt_mintime_traj/powertrain_src) by extensions ['colcon_meta']
[2.845s] Level 1:colcon.colcon_core.package_identification:_identify(joon_path_generate/final_steven_gong/Raceline-Optimization/opt_mintime_traj/powertrain_src) by extension 'colcon_meta'
[2.846s] Level 1:colcon.colcon_core.package_identification:_identify(joon_path_generate/final_steven_gong/Raceline-Optimization/opt_mintime_traj/powertrain_src) by extensions ['ros']
[2.846s] Level 1:colcon.colcon_core.package_identification:_identify(joon_path_generate/final_steven_gong/Raceline-Optimization/opt_mintime_traj/powertrain_src) by extension 'ros'
[2.847s] Level 1:colcon.colcon_core.package_identification:_identify(joon_path_generate/final_steven_gong/Raceline-Optimization/opt_mintime_traj/powertrain_src) by extensions ['cmake', 'python']
[2.847s] Level 1:colcon.colcon_core.package_identification:_identify(joon_path_generate/final_steven_gong/Raceline-Optimization/opt_mintime_traj/powertrain_src) by extension 'cmake'
[2.847s] Level 1:colcon.colcon_core.package_identification:_identify(joon_path_generate/final_steven_gong/Raceline-Optimization/opt_mintime_traj/powertrain_src) by extension 'python'
[2.848s] Level 1:colcon.colcon_core.package_identification:_identify(joon_path_generate/final_steven_gong/Raceline-Optimization/opt_mintime_traj/powertrain_src) by extensions ['python_setup_py']
[2.848s] Level 1:colcon.colcon_core.package_identification:_identify(joon_path_generate/final_steven_gong/Raceline-Optimization/opt_mintime_traj/powertrain_src) by extension 'python_setup_py'
[2.849s] Level 1:colcon.colcon_core.package_identification:_identify(joon_path_generate/final_steven_gong/Raceline-Optimization/opt_mintime_traj/powertrain_src/__pycache__) by extensions ['ignore', 'ignore_ament_install']
[2.849s] Level 1:colcon.colcon_core.package_identification:_identify(joon_path_generate/final_steven_gong/Raceline-Optimization/opt_mintime_traj/powertrain_src/__pycache__) by extension 'ignore'
[2.850s] Level 1:colcon.colcon_core.package_identification:_identify(joon_path_generate/final_steven_gong/Raceline-Optimization/opt_mintime_traj/powertrain_src/__pycache__) by extension 'ignore_ament_install'
[2.850s] Level 1:colcon.colcon_core.package_identification:_identify(joon_path_generate/final_steven_gong/Raceline-Optimization/opt_mintime_traj/powertrain_src/__pycache__) by extensions ['colcon_pkg']
[2.850s] Level 1:colcon.colcon_core.package_identification:_identify(joon_path_generate/final_steven_gong/Raceline-Optimization/opt_mintime_traj/powertrain_src/__pycache__) by extension 'colcon_pkg'
[2.851s] Level 1:colcon.colcon_core.package_identification:_identify(joon_path_generate/final_steven_gong/Raceline-Optimization/opt_mintime_traj/powertrain_src/__pycache__) by extensions ['colcon_meta']
[2.851s] Level 1:colcon.colcon_core.package_identification:_identify(joon_path_generate/final_steven_gong/Raceline-Optimization/opt_mintime_traj/powertrain_src/__pycache__) by extension 'colcon_meta'
[2.851s] Level 1:colcon.colcon_core.package_identification:_identify(joon_path_generate/final_steven_gong/Raceline-Optimization/opt_mintime_traj/powertrain_src/__pycache__) by extensions ['ros']
[2.852s] Level 1:colcon.colcon_core.package_identification:_identify(joon_path_generate/final_steven_gong/Raceline-Optimization/opt_mintime_traj/powertrain_src/__pycache__) by extension 'ros'
[2.852s] Level 1:colcon.colcon_core.package_identification:_identify(joon_path_generate/final_steven_gong/Raceline-Optimization/opt_mintime_traj/powertrain_src/__pycache__) by extensions ['cmake', 'python']
[2.853s] Level 1:colcon.colcon_core.package_identification:_identify(joon_path_generate/final_steven_gong/Raceline-Optimization/opt_mintime_traj/powertrain_src/__pycache__) by extension 'cmake'
[2.853s] Level 1:colcon.colcon_core.package_identification:_identify(joon_path_generate/final_steven_gong/Raceline-Optimization/opt_mintime_traj/powertrain_src/__pycache__) by extension 'python'
[2.853s] Level 1:colcon.colcon_core.package_identification:_identify(joon_path_generate/final_steven_gong/Raceline-Optimization/opt_mintime_traj/powertrain_src/__pycache__) by extensions ['python_setup_py']
[2.853s] Level 1:colcon.colcon_core.package_identification:_identify(joon_path_generate/final_steven_gong/Raceline-Optimization/opt_mintime_traj/powertrain_src/__pycache__) by extension 'python_setup_py'
[2.854s] Level 1:colcon.colcon_core.package_identification:_identify(joon_path_generate/final_steven_gong/Raceline-Optimization/opt_mintime_traj/powertrain_src/src) by extensions ['ignore', 'ignore_ament_install']
[2.855s] Level 1:colcon.colcon_core.package_identification:_identify(joon_path_generate/final_steven_gong/Raceline-Optimization/opt_mintime_traj/powertrain_src/src) by extension 'ignore'
[2.856s] Level 1:colcon.colcon_core.package_identification:_identify(joon_path_generate/final_steven_gong/Raceline-Optimization/opt_mintime_traj/powertrain_src/src) by extension 'ignore_ament_install'
[2.856s] Level 1:colcon.colcon_core.package_identification:_identify(joon_path_generate/final_steven_gong/Raceline-Optimization/opt_mintime_traj/powertrain_src/src) by extensions ['colcon_pkg']
[2.856s] Level 1:colcon.colcon_core.package_identification:_identify(joon_path_generate/final_steven_gong/Raceline-Optimization/opt_mintime_traj/powertrain_src/src) by extension 'colcon_pkg'
[2.857s] Level 1:colcon.colcon_core.package_identification:_identify(joon_path_generate/final_steven_gong/Raceline-Optimization/opt_mintime_traj/powertrain_src/src) by extensions ['colcon_meta']
[2.857s] Level 1:colcon.colcon_core.package_identification:_identify(joon_path_generate/final_steven_gong/Raceline-Optimization/opt_mintime_traj/powertrain_src/src) by extension 'colcon_meta'
[2.857s] Level 1:colcon.colcon_core.package_identification:_identify(joon_path_generate/final_steven_gong/Raceline-Optimization/opt_mintime_traj/powertrain_src/src) by extensions ['ros']
[2.858s] Level 1:colcon.colcon_core.package_identification:_identify(joon_path_generate/final_steven_gong/Raceline-Optimization/opt_mintime_traj/powertrain_src/src) by extension 'ros'
[2.859s] Level 1:colcon.colcon_core.package_identification:_identify(joon_path_generate/final_steven_gong/Raceline-Optimization/opt_mintime_traj/powertrain_src/src) by extensions ['cmake', 'python']
[2.859s] Level 1:colcon.colcon_core.package_identification:_identify(joon_path_generate/final_steven_gong/Raceline-Optimization/opt_mintime_traj/powertrain_src/src) by extension 'cmake'
[2.859s] Level 1:colcon.colcon_core.package_identification:_identify(joon_path_generate/final_steven_gong/Raceline-Optimization/opt_mintime_traj/powertrain_src/src) by extension 'python'
[2.860s] Level 1:colcon.colcon_core.package_identification:_identify(joon_path_generate/final_steven_gong/Raceline-Optimization/opt_mintime_traj/powertrain_src/src) by extensions ['python_setup_py']
[2.860s] Level 1:colcon.colcon_core.package_identification:_identify(joon_path_generate/final_steven_gong/Raceline-Optimization/opt_mintime_traj/powertrain_src/src) by extension 'python_setup_py'
[2.863s] Level 1:colcon.colcon_core.package_identification:_identify(joon_path_generate/final_steven_gong/Raceline-Optimization/opt_mintime_traj/powertrain_src/src/__pycache__) by extensions ['ignore', 'ignore_ament_install']
[2.863s] Level 1:colcon.colcon_core.package_identification:_identify(joon_path_generate/final_steven_gong/Raceline-Optimization/opt_mintime_traj/powertrain_src/src/__pycache__) by extension 'ignore'
[2.864s] Level 1:colcon.colcon_core.package_identification:_identify(joon_path_generate/final_steven_gong/Raceline-Optimization/opt_mintime_traj/powertrain_src/src/__pycache__) by extension 'ignore_ament_install'
[2.864s] Level 1:colcon.colcon_core.package_identification:_identify(joon_path_generate/final_steven_gong/Raceline-Optimization/opt_mintime_traj/powertrain_src/src/__pycache__) by extensions ['colcon_pkg']
[2.865s] Level 1:colcon.colcon_core.package_identification:_identify(joon_path_generate/final_steven_gong/Raceline-Optimization/opt_mintime_traj/powertrain_src/src/__pycache__) by extension 'colcon_pkg'
[2.865s] Level 1:colcon.colcon_core.package_identification:_identify(joon_path_generate/final_steven_gong/Raceline-Optimization/opt_mintime_traj/powertrain_src/src/__pycache__) by extensions ['colcon_meta']
[2.865s] Level 1:colcon.colcon_core.package_identification:_identify(joon_path_generate/final_steven_gong/Raceline-Optimization/opt_mintime_traj/powertrain_src/src/__pycache__) by extension 'colcon_meta'
[2.866s] Level 1:colcon.colcon_core.package_identification:_identify(joon_path_generate/final_steven_gong/Raceline-Optimization/opt_mintime_traj/powertrain_src/src/__pycache__) by extensions ['ros']
[2.866s] Level 1:colcon.colcon_core.package_identification:_identify(joon_path_generate/final_steven_gong/Raceline-Optimization/opt_mintime_traj/powertrain_src/src/__pycache__) by extension 'ros'
[2.867s] Level 1:colcon.colcon_core.package_identification:_identify(joon_path_generate/final_steven_gong/Raceline-Optimization/opt_mintime_traj/powertrain_src/src/__pycache__) by extensions ['cmake', 'python']
[2.867s] Level 1:colcon.colcon_core.package_identification:_identify(joon_path_generate/final_steven_gong/Raceline-Optimization/opt_mintime_traj/powertrain_src/src/__pycache__) by extension 'cmake'
[2.867s] Level 1:colcon.colcon_core.package_identification:_identify(joon_path_generate/final_steven_gong/Raceline-Optimization/opt_mintime_traj/powertrain_src/src/__pycache__) by extension 'python'
[2.868s] Level 1:colcon.colcon_core.package_identification:_identify(joon_path_generate/final_steven_gong/Raceline-Optimization/opt_mintime_traj/powertrain_src/src/__pycache__) by extensions ['python_setup_py']
[2.868s] Level 1:colcon.colcon_core.package_identification:_identify(joon_path_generate/final_steven_gong/Raceline-Optimization/opt_mintime_traj/powertrain_src/src/__pycache__) by extension 'python_setup_py'
[2.869s] Level 1:colcon.colcon_core.package_identification:_identify(joon_path_generate/final_steven_gong/Raceline-Optimization/opt_mintime_traj/src) by extensions ['ignore', 'ignore_ament_install']
[2.869s] Level 1:colcon.colcon_core.package_identification:_identify(joon_path_generate/final_steven_gong/Raceline-Optimization/opt_mintime_traj/src) by extension 'ignore'
[2.869s] Level 1:colcon.colcon_core.package_identification:_identify(joon_path_generate/final_steven_gong/Raceline-Optimization/opt_mintime_traj/src) by extension 'ignore_ament_install'
[2.870s] Level 1:colcon.colcon_core.package_identification:_identify(joon_path_generate/final_steven_gong/Raceline-Optimization/opt_mintime_traj/src) by extensions ['colcon_pkg']
[2.870s] Level 1:colcon.colcon_core.package_identification:_identify(joon_path_generate/final_steven_gong/Raceline-Optimization/opt_mintime_traj/src) by extension 'colcon_pkg'
[2.870s] Level 1:colcon.colcon_core.package_identification:_identify(joon_path_generate/final_steven_gong/Raceline-Optimization/opt_mintime_traj/src) by extensions ['colcon_meta']
[2.871s] Level 1:colcon.colcon_core.package_identification:_identify(joon_path_generate/final_steven_gong/Raceline-Optimization/opt_mintime_traj/src) by extension 'colcon_meta'
[2.871s] Level 1:colcon.colcon_core.package_identification:_identify(joon_path_generate/final_steven_gong/Raceline-Optimization/opt_mintime_traj/src) by extensions ['ros']
[2.871s] Level 1:colcon.colcon_core.package_identification:_identify(joon_path_generate/final_steven_gong/Raceline-Optimization/opt_mintime_traj/src) by extension 'ros'
[2.872s] Level 1:colcon.colcon_core.package_identification:_identify(joon_path_generate/final_steven_gong/Raceline-Optimization/opt_mintime_traj/src) by extensions ['cmake', 'python']
[2.872s] Level 1:colcon.colcon_core.package_identification:_identify(joon_path_generate/final_steven_gong/Raceline-Optimization/opt_mintime_traj/src) by extension 'cmake'
[2.872s] Level 1:colcon.colcon_core.package_identification:_identify(joon_path_generate/final_steven_gong/Raceline-Optimization/opt_mintime_traj/src) by extension 'python'
[2.873s] Level 1:colcon.colcon_core.package_identification:_identify(joon_path_generate/final_steven_gong/Raceline-Optimization/opt_mintime_traj/src) by extensions ['python_setup_py']
[2.873s] Level 1:colcon.colcon_core.package_identification:_identify(joon_path_generate/final_steven_gong/Raceline-Optimization/opt_mintime_traj/src) by extension 'python_setup_py'
[2.874s] Level 1:colcon.colcon_core.package_identification:_identify(joon_path_generate/final_steven_gong/Raceline-Optimization/opt_mintime_traj/src/__pycache__) by extensions ['ignore', 'ignore_ament_install']
[2.874s] Level 1:colcon.colcon_core.package_identification:_identify(joon_path_generate/final_steven_gong/Raceline-Optimization/opt_mintime_traj/src/__pycache__) by extension 'ignore'
[2.875s] Level 1:colcon.colcon_core.package_identification:_identify(joon_path_generate/final_steven_gong/Raceline-Optimization/opt_mintime_traj/src/__pycache__) by extension 'ignore_ament_install'
[2.876s] Level 1:colcon.colcon_core.package_identification:_identify(joon_path_generate/final_steven_gong/Raceline-Optimization/opt_mintime_traj/src/__pycache__) by extensions ['colcon_pkg']
[2.876s] Level 1:colcon.colcon_core.package_identification:_identify(joon_path_generate/final_steven_gong/Raceline-Optimization/opt_mintime_traj/src/__pycache__) by extension 'colcon_pkg'
[2.876s] Level 1:colcon.colcon_core.package_identification:_identify(joon_path_generate/final_steven_gong/Raceline-Optimization/opt_mintime_traj/src/__pycache__) by extensions ['colcon_meta']
[2.876s] Level 1:colcon.colcon_core.package_identification:_identify(joon_path_generate/final_steven_gong/Raceline-Optimization/opt_mintime_traj/src/__pycache__) by extension 'colcon_meta'
[2.877s] Level 1:colcon.colcon_core.package_identification:_identify(joon_path_generate/final_steven_gong/Raceline-Optimization/opt_mintime_traj/src/__pycache__) by extensions ['ros']
[2.877s] Level 1:colcon.colcon_core.package_identification:_identify(joon_path_generate/final_steven_gong/Raceline-Optimization/opt_mintime_traj/src/__pycache__) by extension 'ros'
[2.878s] Level 1:colcon.colcon_core.package_identification:_identify(joon_path_generate/final_steven_gong/Raceline-Optimization/opt_mintime_traj/src/__pycache__) by extensions ['cmake', 'python']
[2.878s] Level 1:colcon.colcon_core.package_identification:_identify(joon_path_generate/final_steven_gong/Raceline-Optimization/opt_mintime_traj/src/__pycache__) by extension 'cmake'
[2.878s] Level 1:colcon.colcon_core.package_identification:_identify(joon_path_generate/final_steven_gong/Raceline-Optimization/opt_mintime_traj/src/__pycache__) by extension 'python'
[2.878s] Level 1:colcon.colcon_core.package_identification:_identify(joon_path_generate/final_steven_gong/Raceline-Optimization/opt_mintime_traj/src/__pycache__) by extensions ['python_setup_py']
[2.879s] Level 1:colcon.colcon_core.package_identification:_identify(joon_path_generate/final_steven_gong/Raceline-Optimization/opt_mintime_traj/src/__pycache__) by extension 'python_setup_py'
[2.880s] Level 1:colcon.colcon_core.package_identification:_identify(joon_path_generate/final_steven_gong/Raceline-Optimization/outputs) by extensions ['ignore', 'ignore_ament_install']
[2.880s] Level 1:colcon.colcon_core.package_identification:_identify(joon_path_generate/final_steven_gong/Raceline-Optimization/outputs) by extension 'ignore'
[2.880s] Level 1:colcon.colcon_core.package_identification:_identify(joon_path_generate/final_steven_gong/Raceline-Optimization/outputs) by extension 'ignore_ament_install'
[2.881s] Level 1:colcon.colcon_core.package_identification:_identify(joon_path_generate/final_steven_gong/Raceline-Optimization/outputs) by extensions ['colcon_pkg']
[2.881s] Level 1:colcon.colcon_core.package_identification:_identify(joon_path_generate/final_steven_gong/Raceline-Optimization/outputs) by extension 'colcon_pkg'
[2.881s] Level 1:colcon.colcon_core.package_identification:_identify(joon_path_generate/final_steven_gong/Raceline-Optimization/outputs) by extensions ['colcon_meta']
[2.881s] Level 1:colcon.colcon_core.package_identification:_identify(joon_path_generate/final_steven_gong/Raceline-Optimization/outputs) by extension 'colcon_meta'
[2.882s] Level 1:colcon.colcon_core.package_identification:_identify(joon_path_generate/final_steven_gong/Raceline-Optimization/outputs) by extensions ['ros']
[2.882s] Level 1:colcon.colcon_core.package_identification:_identify(joon_path_generate/final_steven_gong/Raceline-Optimization/outputs) by extension 'ros'
[2.883s] Level 1:colcon.colcon_core.package_identification:_identify(joon_path_generate/final_steven_gong/Raceline-Optimization/outputs) by extensions ['cmake', 'python']
[2.883s] Level 1:colcon.colcon_core.package_identification:_identify(joon_path_generate/final_steven_gong/Raceline-Optimization/outputs) by extension 'cmake'
[2.883s] Level 1:colcon.colcon_core.package_identification:_identify(joon_path_generate/final_steven_gong/Raceline-Optimization/outputs) by extension 'python'
[2.884s] Level 1:colcon.colcon_core.package_identification:_identify(joon_path_generate/final_steven_gong/Raceline-Optimization/outputs) by extensions ['python_setup_py']
[2.885s] Level 1:colcon.colcon_core.package_identification:_identify(joon_path_generate/final_steven_gong/Raceline-Optimization/outputs) by extension 'python_setup_py'
[2.886s] Level 1:colcon.colcon_core.package_identification:_identify(joon_path_generate/final_steven_gong/Raceline-Optimization/outputs/e7_floor5_square) by extensions ['ignore', 'ignore_ament_install']
[2.886s] Level 1:colcon.colcon_core.package_identification:_identify(joon_path_generate/final_steven_gong/Raceline-Optimization/outputs/e7_floor5_square) by extension 'ignore'
[2.887s] Level 1:colcon.colcon_core.package_identification:_identify(joon_path_generate/final_steven_gong/Raceline-Optimization/outputs/e7_floor5_square) by extension 'ignore_ament_install'
[2.887s] Level 1:colcon.colcon_core.package_identification:_identify(joon_path_generate/final_steven_gong/Raceline-Optimization/outputs/e7_floor5_square) by extensions ['colcon_pkg']
[2.887s] Level 1:colcon.colcon_core.package_identification:_identify(joon_path_generate/final_steven_gong/Raceline-Optimization/outputs/e7_floor5_square) by extension 'colcon_pkg'
[2.888s] Level 1:colcon.colcon_core.package_identification:_identify(joon_path_generate/final_steven_gong/Raceline-Optimization/outputs/e7_floor5_square) by extensions ['colcon_meta']
[2.888s] Level 1:colcon.colcon_core.package_identification:_identify(joon_path_generate/final_steven_gong/Raceline-Optimization/outputs/e7_floor5_square) by extension 'colcon_meta'
[2.888s] Level 1:colcon.colcon_core.package_identification:_identify(joon_path_generate/final_steven_gong/Raceline-Optimization/outputs/e7_floor5_square) by extensions ['ros']
[2.889s] Level 1:colcon.colcon_core.package_identification:_identify(joon_path_generate/final_steven_gong/Raceline-Optimization/outputs/e7_floor5_square) by extension 'ros'
[2.889s] Level 1:colcon.colcon_core.package_identification:_identify(joon_path_generate/final_steven_gong/Raceline-Optimization/outputs/e7_floor5_square) by extensions ['cmake', 'python']
[2.889s] Level 1:colcon.colcon_core.package_identification:_identify(joon_path_generate/final_steven_gong/Raceline-Optimization/outputs/e7_floor5_square) by extension 'cmake'
[2.890s] Level 1:colcon.colcon_core.package_identification:_identify(joon_path_generate/final_steven_gong/Raceline-Optimization/outputs/e7_floor5_square) by extension 'python'
[2.890s] Level 1:colcon.colcon_core.package_identification:_identify(joon_path_generate/final_steven_gong/Raceline-Optimization/outputs/e7_floor5_square) by extensions ['python_setup_py']
[2.890s] Level 1:colcon.colcon_core.package_identification:_identify(joon_path_generate/final_steven_gong/Raceline-Optimization/outputs/e7_floor5_square) by extension 'python_setup_py'
[2.891s] Level 1:colcon.colcon_core.package_identification:_identify(joon_path_generate/final_steven_gong/Raceline-Optimization/outputs/e7_floor5_square/mintime-2025-08-29 18:03:12.609310) by extensions ['ignore', 'ignore_ament_install']
[2.892s] Level 1:colcon.colcon_core.package_identification:_identify(joon_path_generate/final_steven_gong/Raceline-Optimization/outputs/e7_floor5_square/mintime-2025-08-29 18:03:12.609310) by extension 'ignore'
[2.892s] Level 1:colcon.colcon_core.package_identification:_identify(joon_path_generate/final_steven_gong/Raceline-Optimization/outputs/e7_floor5_square/mintime-2025-08-29 18:03:12.609310) by extension 'ignore_ament_install'
[2.892s] Level 1:colcon.colcon_core.package_identification:_identify(joon_path_generate/final_steven_gong/Raceline-Optimization/outputs/e7_floor5_square/mintime-2025-08-29 18:03:12.609310) by extensions ['colcon_pkg']
[2.892s] Level 1:colcon.colcon_core.package_identification:_identify(joon_path_generate/final_steven_gong/Raceline-Optimization/outputs/e7_floor5_square/mintime-2025-08-29 18:03:12.609310) by extension 'colcon_pkg'
[2.893s] Level 1:colcon.colcon_core.package_identification:_identify(joon_path_generate/final_steven_gong/Raceline-Optimization/outputs/e7_floor5_square/mintime-2025-08-29 18:03:12.609310) by extensions ['colcon_meta']
[2.893s] Level 1:colcon.colcon_core.package_identification:_identify(joon_path_generate/final_steven_gong/Raceline-Optimization/outputs/e7_floor5_square/mintime-2025-08-29 18:03:12.609310) by extension 'colcon_meta'
[2.893s] Level 1:colcon.colcon_core.package_identification:_identify(joon_path_generate/final_steven_gong/Raceline-Optimization/outputs/e7_floor5_square/mintime-2025-08-29 18:03:12.609310) by extensions ['ros']
[2.894s] Level 1:colcon.colcon_core.package_identification:_identify(joon_path_generate/final_steven_gong/Raceline-Optimization/outputs/e7_floor5_square/mintime-2025-08-29 18:03:12.609310) by extension 'ros'
[2.894s] Level 1:colcon.colcon_core.package_identification:_identify(joon_path_generate/final_steven_gong/Raceline-Optimization/outputs/e7_floor5_square/mintime-2025-08-29 18:03:12.609310) by extensions ['cmake', 'python']
[2.894s] Level 1:colcon.colcon_core.package_identification:_identify(joon_path_generate/final_steven_gong/Raceline-Optimization/outputs/e7_floor5_square/mintime-2025-08-29 18:03:12.609310) by extension 'cmake'
[2.895s] Level 1:colcon.colcon_core.package_identification:_identify(joon_path_generate/final_steven_gong/Raceline-Optimization/outputs/e7_floor5_square/mintime-2025-08-29 18:03:12.609310) by extension 'python'
[2.896s] Level 1:colcon.colcon_core.package_identification:_identify(joon_path_generate/final_steven_gong/Raceline-Optimization/outputs/e7_floor5_square/mintime-2025-08-29 18:03:12.609310) by extensions ['python_setup_py']
[2.896s] Level 1:colcon.colcon_core.package_identification:_identify(joon_path_generate/final_steven_gong/Raceline-Optimization/outputs/e7_floor5_square/mintime-2025-08-29 18:03:12.609310) by extension 'python_setup_py'
[2.897s] Level 1:colcon.colcon_core.package_identification:_identify(joon_path_generate/final_steven_gong/Raceline-Optimization/outputs/e7_floor5_square/mintime-2025-08-29 18:09:37.018979) by extensions ['ignore', 'ignore_ament_install']
[2.898s] Level 1:colcon.colcon_core.package_identification:_identify(joon_path_generate/final_steven_gong/Raceline-Optimization/outputs/e7_floor5_square/mintime-2025-08-29 18:09:37.018979) by extension 'ignore'
[2.898s] Level 1:colcon.colcon_core.package_identification:_identify(joon_path_generate/final_steven_gong/Raceline-Optimization/outputs/e7_floor5_square/mintime-2025-08-29 18:09:37.018979) by extension 'ignore_ament_install'
[2.899s] Level 1:colcon.colcon_core.package_identification:_identify(joon_path_generate/final_steven_gong/Raceline-Optimization/outputs/e7_floor5_square/mintime-2025-08-29 18:09:37.018979) by extensions ['colcon_pkg']
[2.899s] Level 1:colcon.colcon_core.package_identification:_identify(joon_path_generate/final_steven_gong/Raceline-Optimization/outputs/e7_floor5_square/mintime-2025-08-29 18:09:37.018979) by extension 'colcon_pkg'
[2.899s] Level 1:colcon.colcon_core.package_identification:_identify(joon_path_generate/final_steven_gong/Raceline-Optimization/outputs/e7_floor5_square/mintime-2025-08-29 18:09:37.018979) by extensions ['colcon_meta']
[2.899s] Level 1:colcon.colcon_core.package_identification:_identify(joon_path_generate/final_steven_gong/Raceline-Optimization/outputs/e7_floor5_square/mintime-2025-08-29 18:09:37.018979) by extension 'colcon_meta'
[2.900s] Level 1:colcon.colcon_core.package_identification:_identify(joon_path_generate/final_steven_gong/Raceline-Optimization/outputs/e7_floor5_square/mintime-2025-08-29 18:09:37.018979) by extensions ['ros']
[2.900s] Level 1:colcon.colcon_core.package_identification:_identify(joon_path_generate/final_steven_gong/Raceline-Optimization/outputs/e7_floor5_square/mintime-2025-08-29 18:09:37.018979) by extension 'ros'
[2.901s] Level 1:colcon.colcon_core.package_identification:_identify(joon_path_generate/final_steven_gong/Raceline-Optimization/outputs/e7_floor5_square/mintime-2025-08-29 18:09:37.018979) by extensions ['cmake', 'python']
[2.901s] Level 1:colcon.colcon_core.package_identification:_identify(joon_path_generate/final_steven_gong/Raceline-Optimization/outputs/e7_floor5_square/mintime-2025-08-29 18:09:37.018979) by extension 'cmake'
[2.901s] Level 1:colcon.colcon_core.package_identification:_identify(joon_path_generate/final_steven_gong/Raceline-Optimization/outputs/e7_floor5_square/mintime-2025-08-29 18:09:37.018979) by extension 'python'
[2.902s] Level 1:colcon.colcon_core.package_identification:_identify(joon_path_generate/final_steven_gong/Raceline-Optimization/outputs/e7_floor5_square/mintime-2025-08-29 18:09:37.018979) by extensions ['python_setup_py']
[2.902s] Level 1:colcon.colcon_core.package_identification:_identify(joon_path_generate/final_steven_gong/Raceline-Optimization/outputs/e7_floor5_square/mintime-2025-08-29 18:09:37.018979) by extension 'python_setup_py'
[2.902s] Level 1:colcon.colcon_core.package_identification:_identify(joon_path_generate/final_steven_gong/Raceline-Optimization/outputs/e7_floor5_square/mintime-2025-08-29 18:09:53.220174) by extensions ['ignore', 'ignore_ament_install']
[2.903s] Level 1:colcon.colcon_core.package_identification:_identify(joon_path_generate/final_steven_gong/Raceline-Optimization/outputs/e7_floor5_square/mintime-2025-08-29 18:09:53.220174) by extension 'ignore'
[2.904s] Level 1:colcon.colcon_core.package_identification:_identify(joon_path_generate/final_steven_gong/Raceline-Optimization/outputs/e7_floor5_square/mintime-2025-08-29 18:09:53.220174) by extension 'ignore_ament_install'
[2.904s] Level 1:colcon.colcon_core.package_identification:_identify(joon_path_generate/final_steven_gong/Raceline-Optimization/outputs/e7_floor5_square/mintime-2025-08-29 18:09:53.220174) by extensions ['colcon_pkg']
[2.904s] Level 1:colcon.colcon_core.package_identification:_identify(joon_path_generate/final_steven_gong/Raceline-Optimization/outputs/e7_floor5_square/mintime-2025-08-29 18:09:53.220174) by extension 'colcon_pkg'
[2.904s] Level 1:colcon.colcon_core.package_identification:_identify(joon_path_generate/final_steven_gong/Raceline-Optimization/outputs/e7_floor5_square/mintime-2025-08-29 18:09:53.220174) by extensions ['colcon_meta']
[2.905s] Level 1:colcon.colcon_core.package_identification:_identify(joon_path_generate/final_steven_gong/Raceline-Optimization/outputs/e7_floor5_square/mintime-2025-08-29 18:09:53.220174) by extension 'colcon_meta'
[2.905s] Level 1:colcon.colcon_core.package_identification:_identify(joon_path_generate/final_steven_gong/Raceline-Optimization/outputs/e7_floor5_square/mintime-2025-08-29 18:09:53.220174) by extensions ['ros']
[2.905s] Level 1:colcon.colcon_core.package_identification:_identify(joon_path_generate/final_steven_gong/Raceline-Optimization/outputs/e7_floor5_square/mintime-2025-08-29 18:09:53.220174) by extension 'ros'
[2.906s] Level 1:colcon.colcon_core.package_identification:_identify(joon_path_generate/final_steven_gong/Raceline-Optimization/outputs/e7_floor5_square/mintime-2025-08-29 18:09:53.220174) by extensions ['cmake', 'python']
[2.906s] Level 1:colcon.colcon_core.package_identification:_identify(joon_path_generate/final_steven_gong/Raceline-Optimization/outputs/e7_floor5_square/mintime-2025-08-29 18:09:53.220174) by extension 'cmake'
[2.906s] Level 1:colcon.colcon_core.package_identification:_identify(joon_path_generate/final_steven_gong/Raceline-Optimization/outputs/e7_floor5_square/mintime-2025-08-29 18:09:53.220174) by extension 'python'
[2.907s] Level 1:colcon.colcon_core.package_identification:_identify(joon_path_generate/final_steven_gong/Raceline-Optimization/outputs/e7_floor5_square/mintime-2025-08-29 18:09:53.220174) by extensions ['python_setup_py']
[2.907s] Level 1:colcon.colcon_core.package_identification:_identify(joon_path_generate/final_steven_gong/Raceline-Optimization/outputs/e7_floor5_square/mintime-2025-08-29 18:09:53.220174) by extension 'python_setup_py'
[2.908s] Level 1:colcon.colcon_core.package_identification:_identify(joon_path_generate/final_steven_gong/Raceline-Optimization/outputs/e7_floor5_square/mintime-2025-08-29 18:13:03.765429) by extensions ['ignore', 'ignore_ament_install']
[2.908s] Level 1:colcon.colcon_core.package_identification:_identify(joon_path_generate/final_steven_gong/Raceline-Optimization/outputs/e7_floor5_square/mintime-2025-08-29 18:13:03.765429) by extension 'ignore'
[2.909s] Level 1:colcon.colcon_core.package_identification:_identify(joon_path_generate/final_steven_gong/Raceline-Optimization/outputs/e7_floor5_square/mintime-2025-08-29 18:13:03.765429) by extension 'ignore_ament_install'
[2.909s] Level 1:colcon.colcon_core.package_identification:_identify(joon_path_generate/final_steven_gong/Raceline-Optimization/outputs/e7_floor5_square/mintime-2025-08-29 18:13:03.765429) by extensions ['colcon_pkg']
[2.909s] Level 1:colcon.colcon_core.package_identification:_identify(joon_path_generate/final_steven_gong/Raceline-Optimization/outputs/e7_floor5_square/mintime-2025-08-29 18:13:03.765429) by extension 'colcon_pkg'
[2.910s] Level 1:colcon.colcon_core.package_identification:_identify(joon_path_generate/final_steven_gong/Raceline-Optimization/outputs/e7_floor5_square/mintime-2025-08-29 18:13:03.765429) by extensions ['colcon_meta']
[2.910s] Level 1:colcon.colcon_core.package_identification:_identify(joon_path_generate/final_steven_gong/Raceline-Optimization/outputs/e7_floor5_square/mintime-2025-08-29 18:13:03.765429) by extension 'colcon_meta'
[2.910s] Level 1:colcon.colcon_core.package_identification:_identify(joon_path_generate/final_steven_gong/Raceline-Optimization/outputs/e7_floor5_square/mintime-2025-08-29 18:13:03.765429) by extensions ['ros']
[2.910s] Level 1:colcon.colcon_core.package_identification:_identify(joon_path_generate/final_steven_gong/Raceline-Optimization/outputs/e7_floor5_square/mintime-2025-08-29 18:13:03.765429) by extension 'ros'
[2.911s] Level 1:colcon.colcon_core.package_identification:_identify(joon_path_generate/final_steven_gong/Raceline-Optimization/outputs/e7_floor5_square/mintime-2025-08-29 18:13:03.765429) by extensions ['cmake', 'python']
[2.911s] Level 1:colcon.colcon_core.package_identification:_identify(joon_path_generate/final_steven_gong/Raceline-Optimization/outputs/e7_floor5_square/mintime-2025-08-29 18:13:03.765429) by extension 'cmake'
[2.912s] Level 1:colcon.colcon_core.package_identification:_identify(joon_path_generate/final_steven_gong/Raceline-Optimization/outputs/e7_floor5_square/mintime-2025-08-29 18:13:03.765429) by extension 'python'
[2.912s] Level 1:colcon.colcon_core.package_identification:_identify(joon_path_generate/final_steven_gong/Raceline-Optimization/outputs/e7_floor5_square/mintime-2025-08-29 18:13:03.765429) by extensions ['python_setup_py']
[2.912s] Level 1:colcon.colcon_core.package_identification:_identify(joon_path_generate/final_steven_gong/Raceline-Optimization/outputs/e7_floor5_square/mintime-2025-08-29 18:13:03.765429) by extension 'python_setup_py'
[2.914s] Level 1:colcon.colcon_core.package_identification:_identify(joon_path_generate/final_steven_gong/Raceline-Optimization/outputs/f1tenth_korea_3rd) by extensions ['ignore', 'ignore_ament_install']
[2.915s] Level 1:colcon.colcon_core.package_identification:_identify(joon_path_generate/final_steven_gong/Raceline-Optimization/outputs/f1tenth_korea_3rd) by extension 'ignore'
[2.916s] Level 1:colcon.colcon_core.package_identification:_identify(joon_path_generate/final_steven_gong/Raceline-Optimization/outputs/f1tenth_korea_3rd) by extension 'ignore_ament_install'
[2.916s] Level 1:colcon.colcon_core.package_identification:_identify(joon_path_generate/final_steven_gong/Raceline-Optimization/outputs/f1tenth_korea_3rd) by extensions ['colcon_pkg']
[2.916s] Level 1:colcon.colcon_core.package_identification:_identify(joon_path_generate/final_steven_gong/Raceline-Optimization/outputs/f1tenth_korea_3rd) by extension 'colcon_pkg'
[2.917s] Level 1:colcon.colcon_core.package_identification:_identify(joon_path_generate/final_steven_gong/Raceline-Optimization/outputs/f1tenth_korea_3rd) by extensions ['colcon_meta']
[2.917s] Level 1:colcon.colcon_core.package_identification:_identify(joon_path_generate/final_steven_gong/Raceline-Optimization/outputs/f1tenth_korea_3rd) by extension 'colcon_meta'
[2.917s] Level 1:colcon.colcon_core.package_identification:_identify(joon_path_generate/final_steven_gong/Raceline-Optimization/outputs/f1tenth_korea_3rd) by extensions ['ros']
[2.918s] Level 1:colcon.colcon_core.package_identification:_identify(joon_path_generate/final_steven_gong/Raceline-Optimization/outputs/f1tenth_korea_3rd) by extension 'ros'
[2.918s] Level 1:colcon.colcon_core.package_identification:_identify(joon_path_generate/final_steven_gong/Raceline-Optimization/outputs/f1tenth_korea_3rd) by extensions ['cmake', 'python']
[2.919s] Level 1:colcon.colcon_core.package_identification:_identify(joon_path_generate/final_steven_gong/Raceline-Optimization/outputs/f1tenth_korea_3rd) by extension 'cmake'
[2.919s] Level 1:colcon.colcon_core.package_identification:_identify(joon_path_generate/final_steven_gong/Raceline-Optimization/outputs/f1tenth_korea_3rd) by extension 'python'
[2.919s] Level 1:colcon.colcon_core.package_identification:_identify(joon_path_generate/final_steven_gong/Raceline-Optimization/outputs/f1tenth_korea_3rd) by extensions ['python_setup_py']
[2.919s] Level 1:colcon.colcon_core.package_identification:_identify(joon_path_generate/final_steven_gong/Raceline-Optimization/outputs/f1tenth_korea_3rd) by extension 'python_setup_py'
[2.920s] Level 1:colcon.colcon_core.package_identification:_identify(joon_path_generate/final_steven_gong/Raceline-Optimization/outputs/f1tenth_korea_3rd/mintime-2025-08-29 18:18:37.534407) by extensions ['ignore', 'ignore_ament_install']
[2.921s] Level 1:colcon.colcon_core.package_identification:_identify(joon_path_generate/final_steven_gong/Raceline-Optimization/outputs/f1tenth_korea_3rd/mintime-2025-08-29 18:18:37.534407) by extension 'ignore'
[2.921s] Level 1:colcon.colcon_core.package_identification:_identify(joon_path_generate/final_steven_gong/Raceline-Optimization/outputs/f1tenth_korea_3rd/mintime-2025-08-29 18:18:37.534407) by extension 'ignore_ament_install'
[2.922s] Level 1:colcon.colcon_core.package_identification:_identify(joon_path_generate/final_steven_gong/Raceline-Optimization/outputs/f1tenth_korea_3rd/mintime-2025-08-29 18:18:37.534407) by extensions ['colcon_pkg']
[2.922s] Level 1:colcon.colcon_core.package_identification:_identify(joon_path_generate/final_steven_gong/Raceline-Optimization/outputs/f1tenth_korea_3rd/mintime-2025-08-29 18:18:37.534407) by extension 'colcon_pkg'
[2.922s] Level 1:colcon.colcon_core.package_identification:_identify(joon_path_generate/final_steven_gong/Raceline-Optimization/outputs/f1tenth_korea_3rd/mintime-2025-08-29 18:18:37.534407) by extensions ['colcon_meta']
[2.923s] Level 1:colcon.colcon_core.package_identification:_identify(joon_path_generate/final_steven_gong/Raceline-Optimization/outputs/f1tenth_korea_3rd/mintime-2025-08-29 18:18:37.534407) by extension 'colcon_meta'
[2.923s] Level 1:colcon.colcon_core.package_identification:_identify(joon_path_generate/final_steven_gong/Raceline-Optimization/outputs/f1tenth_korea_3rd/mintime-2025-08-29 18:18:37.534407) by extensions ['ros']
[2.923s] Level 1:colcon.colcon_core.package_identification:_identify(joon_path_generate/final_steven_gong/Raceline-Optimization/outputs/f1tenth_korea_3rd/mintime-2025-08-29 18:18:37.534407) by extension 'ros'
[2.924s] Level 1:colcon.colcon_core.package_identification:_identify(joon_path_generate/final_steven_gong/Raceline-Optimization/outputs/f1tenth_korea_3rd/mintime-2025-08-29 18:18:37.534407) by extensions ['cmake', 'python']
[2.924s] Level 1:colcon.colcon_core.package_identification:_identify(joon_path_generate/final_steven_gong/Raceline-Optimization/outputs/f1tenth_korea_3rd/mintime-2025-08-29 18:18:37.534407) by extension 'cmake'
[2.924s] Level 1:colcon.colcon_core.package_identification:_identify(joon_path_generate/final_steven_gong/Raceline-Optimization/outputs/f1tenth_korea_3rd/mintime-2025-08-29 18:18:37.534407) by extension 'python'
[2.925s] Level 1:colcon.colcon_core.package_identification:_identify(joon_path_generate/final_steven_gong/Raceline-Optimization/outputs/f1tenth_korea_3rd/mintime-2025-08-29 18:18:37.534407) by extensions ['python_setup_py']
[2.925s] Level 1:colcon.colcon_core.package_identification:_identify(joon_path_generate/final_steven_gong/Raceline-Optimization/outputs/f1tenth_korea_3rd/mintime-2025-08-29 18:18:37.534407) by extension 'python_setup_py'
[2.926s] Level 1:colcon.colcon_core.package_identification:_identify(joon_path_generate/final_steven_gong/Raceline-Optimization/outputs/f1tenth_korea_3rd_centerline) by extensions ['ignore', 'ignore_ament_install']
[2.926s] Level 1:colcon.colcon_core.package_identification:_identify(joon_path_generate/final_steven_gong/Raceline-Optimization/outputs/f1tenth_korea_3rd_centerline) by extension 'ignore'
[2.927s] Level 1:colcon.colcon_core.package_identification:_identify(joon_path_generate/final_steven_gong/Raceline-Optimization/outputs/f1tenth_korea_3rd_centerline) by extension 'ignore_ament_install'
[2.927s] Level 1:colcon.colcon_core.package_identification:_identify(joon_path_generate/final_steven_gong/Raceline-Optimization/outputs/f1tenth_korea_3rd_centerline) by extensions ['colcon_pkg']
[2.927s] Level 1:colcon.colcon_core.package_identification:_identify(joon_path_generate/final_steven_gong/Raceline-Optimization/outputs/f1tenth_korea_3rd_centerline) by extension 'colcon_pkg'
[2.928s] Level 1:colcon.colcon_core.package_identification:_identify(joon_path_generate/final_steven_gong/Raceline-Optimization/outputs/f1tenth_korea_3rd_centerline) by extensions ['colcon_meta']
[2.928s] Level 1:colcon.colcon_core.package_identification:_identify(joon_path_generate/final_steven_gong/Raceline-Optimization/outputs/f1tenth_korea_3rd_centerline) by extension 'colcon_meta'
[2.928s] Level 1:colcon.colcon_core.package_identification:_identify(joon_path_generate/final_steven_gong/Raceline-Optimization/outputs/f1tenth_korea_3rd_centerline) by extensions ['ros']
[2.929s] Level 1:colcon.colcon_core.package_identification:_identify(joon_path_generate/final_steven_gong/Raceline-Optimization/outputs/f1tenth_korea_3rd_centerline) by extension 'ros'
[2.929s] Level 1:colcon.colcon_core.package_identification:_identify(joon_path_generate/final_steven_gong/Raceline-Optimization/outputs/f1tenth_korea_3rd_centerline) by extensions ['cmake', 'python']
[2.929s] Level 1:colcon.colcon_core.package_identification:_identify(joon_path_generate/final_steven_gong/Raceline-Optimization/outputs/f1tenth_korea_3rd_centerline) by extension 'cmake'
[2.930s] Level 1:colcon.colcon_core.package_identification:_identify(joon_path_generate/final_steven_gong/Raceline-Optimization/outputs/f1tenth_korea_3rd_centerline) by extension 'python'
[2.930s] Level 1:colcon.colcon_core.package_identification:_identify(joon_path_generate/final_steven_gong/Raceline-Optimization/outputs/f1tenth_korea_3rd_centerline) by extensions ['python_setup_py']
[2.930s] Level 1:colcon.colcon_core.package_identification:_identify(joon_path_generate/final_steven_gong/Raceline-Optimization/outputs/f1tenth_korea_3rd_centerline) by extension 'python_setup_py'
[2.931s] Level 1:colcon.colcon_core.package_identification:_identify(joon_path_generate/final_steven_gong/Raceline-Optimization/outputs/f1tenth_korea_3rd_centerline/mintime-2025-08-29 18:19:28.126033) by extensions ['ignore', 'ignore_ament_install']
[2.931s] Level 1:colcon.colcon_core.package_identification:_identify(joon_path_generate/final_steven_gong/Raceline-Optimization/outputs/f1tenth_korea_3rd_centerline/mintime-2025-08-29 18:19:28.126033) by extension 'ignore'
[2.932s] Level 1:colcon.colcon_core.package_identification:_identify(joon_path_generate/final_steven_gong/Raceline-Optimization/outputs/f1tenth_korea_3rd_centerline/mintime-2025-08-29 18:19:28.126033) by extension 'ignore_ament_install'
[2.932s] Level 1:colcon.colcon_core.package_identification:_identify(joon_path_generate/final_steven_gong/Raceline-Optimization/outputs/f1tenth_korea_3rd_centerline/mintime-2025-08-29 18:19:28.126033) by extensions ['colcon_pkg']
[2.932s] Level 1:colcon.colcon_core.package_identification:_identify(joon_path_generate/final_steven_gong/Raceline-Optimization/outputs/f1tenth_korea_3rd_centerline/mintime-2025-08-29 18:19:28.126033) by extension 'colcon_pkg'
[2.933s] Level 1:colcon.colcon_core.package_identification:_identify(joon_path_generate/final_steven_gong/Raceline-Optimization/outputs/f1tenth_korea_3rd_centerline/mintime-2025-08-29 18:19:28.126033) by extensions ['colcon_meta']
[2.933s] Level 1:colcon.colcon_core.package_identification:_identify(joon_path_generate/final_steven_gong/Raceline-Optimization/outputs/f1tenth_korea_3rd_centerline/mintime-2025-08-29 18:19:28.126033) by extension 'colcon_meta'
[2.933s] Level 1:colcon.colcon_core.package_identification:_identify(joon_path_generate/final_steven_gong/Raceline-Optimization/outputs/f1tenth_korea_3rd_centerline/mintime-2025-08-29 18:19:28.126033) by extensions ['ros']
[2.933s] Level 1:colcon.colcon_core.package_identification:_identify(joon_path_generate/final_steven_gong/Raceline-Optimization/outputs/f1tenth_korea_3rd_centerline/mintime-2025-08-29 18:19:28.126033) by extension 'ros'
[2.934s] Level 1:colcon.colcon_core.package_identification:_identify(joon_path_generate/final_steven_gong/Raceline-Optimization/outputs/f1tenth_korea_3rd_centerline/mintime-2025-08-29 18:19:28.126033) by extensions ['cmake', 'python']
[2.934s] Level 1:colcon.colcon_core.package_identification:_identify(joon_path_generate/final_steven_gong/Raceline-Optimization/outputs/f1tenth_korea_3rd_centerline/mintime-2025-08-29 18:19:28.126033) by extension 'cmake'
[2.934s] Level 1:colcon.colcon_core.package_identification:_identify(joon_path_generate/final_steven_gong/Raceline-Optimization/outputs/f1tenth_korea_3rd_centerline/mintime-2025-08-29 18:19:28.126033) by extension 'python'
[2.935s] Level 1:colcon.colcon_core.package_identification:_identify(joon_path_generate/final_steven_gong/Raceline-Optimization/outputs/f1tenth_korea_3rd_centerline/mintime-2025-08-29 18:19:28.126033) by extensions ['python_setup_py']
[2.935s] Level 1:colcon.colcon_core.package_identification:_identify(joon_path_generate/final_steven_gong/Raceline-Optimization/outputs/f1tenth_korea_3rd_centerline/mintime-2025-08-29 18:19:28.126033) by extension 'python_setup_py'
[2.936s] Level 1:colcon.colcon_core.package_identification:_identify(joon_path_generate/final_steven_gong/Raceline-Optimization/outputs/f1tenth_korea_3rd_centerline_with_widths) by extensions ['ignore', 'ignore_ament_install']
[2.936s] Level 1:colcon.colcon_core.package_identification:_identify(joon_path_generate/final_steven_gong/Raceline-Optimization/outputs/f1tenth_korea_3rd_centerline_with_widths) by extension 'ignore'
[2.937s] Level 1:colcon.colcon_core.package_identification:_identify(joon_path_generate/final_steven_gong/Raceline-Optimization/outputs/f1tenth_korea_3rd_centerline_with_widths) by extension 'ignore_ament_install'
[2.937s] Level 1:colcon.colcon_core.package_identification:_identify(joon_path_generate/final_steven_gong/Raceline-Optimization/outputs/f1tenth_korea_3rd_centerline_with_widths) by extensions ['colcon_pkg']
[2.938s] Level 1:colcon.colcon_core.package_identification:_identify(joon_path_generate/final_steven_gong/Raceline-Optimization/outputs/f1tenth_korea_3rd_centerline_with_widths) by extension 'colcon_pkg'
[2.938s] Level 1:colcon.colcon_core.package_identification:_identify(joon_path_generate/final_steven_gong/Raceline-Optimization/outputs/f1tenth_korea_3rd_centerline_with_widths) by extensions ['colcon_meta']
[2.938s] Level 1:colcon.colcon_core.package_identification:_identify(joon_path_generate/final_steven_gong/Raceline-Optimization/outputs/f1tenth_korea_3rd_centerline_with_widths) by extension 'colcon_meta'
[2.939s] Level 1:colcon.colcon_core.package_identification:_identify(joon_path_generate/final_steven_gong/Raceline-Optimization/outputs/f1tenth_korea_3rd_centerline_with_widths) by extensions ['ros']
[2.939s] Level 1:colcon.colcon_core.package_identification:_identify(joon_path_generate/final_steven_gong/Raceline-Optimization/outputs/f1tenth_korea_3rd_centerline_with_widths) by extension 'ros'
[2.939s] Level 1:colcon.colcon_core.package_identification:_identify(joon_path_generate/final_steven_gong/Raceline-Optimization/outputs/f1tenth_korea_3rd_centerline_with_widths) by extensions ['cmake', 'python']
[2.940s] Level 1:colcon.colcon_core.package_identification:_identify(joon_path_generate/final_steven_gong/Raceline-Optimization/outputs/f1tenth_korea_3rd_centerline_with_widths) by extension 'cmake'
[2.940s] Level 1:colcon.colcon_core.package_identification:_identify(joon_path_generate/final_steven_gong/Raceline-Optimization/outputs/f1tenth_korea_3rd_centerline_with_widths) by extension 'python'
[2.940s] Level 1:colcon.colcon_core.package_identification:_identify(joon_path_generate/final_steven_gong/Raceline-Optimization/outputs/f1tenth_korea_3rd_centerline_with_widths) by extensions ['python_setup_py']
[2.940s] Level 1:colcon.colcon_core.package_identification:_identify(joon_path_generate/final_steven_gong/Raceline-Optimization/outputs/f1tenth_korea_3rd_centerline_with_widths) by extension 'python_setup_py'
[2.941s] Level 1:colcon.colcon_core.package_identification:_identify(joon_path_generate/final_steven_gong/Raceline-Optimization/outputs/f1tenth_korea_3rd_centerline_with_widths/mintime-2025-08-29 18:30:01.666133) by extensions ['ignore', 'ignore_ament_install']
[2.942s] Level 1:colcon.colcon_core.package_identification:_identify(joon_path_generate/final_steven_gong/Raceline-Optimization/outputs/f1tenth_korea_3rd_centerline_with_widths/mintime-2025-08-29 18:30:01.666133) by extension 'ignore'
[2.943s] Level 1:colcon.colcon_core.package_identification:_identify(joon_path_generate/final_steven_gong/Raceline-Optimization/outputs/f1tenth_korea_3rd_centerline_with_widths/mintime-2025-08-29 18:30:01.666133) by extension 'ignore_ament_install'
[2.944s] Level 1:colcon.colcon_core.package_identification:_identify(joon_path_generate/final_steven_gong/Raceline-Optimization/outputs/f1tenth_korea_3rd_centerline_with_widths/mintime-2025-08-29 18:30:01.666133) by extensions ['colcon_pkg']
[2.944s] Level 1:colcon.colcon_core.package_identification:_identify(joon_path_generate/final_steven_gong/Raceline-Optimization/outputs/f1tenth_korea_3rd_centerline_with_widths/mintime-2025-08-29 18:30:01.666133) by extension 'colcon_pkg'
[2.944s] Level 1:colcon.colcon_core.package_identification:_identify(joon_path_generate/final_steven_gong/Raceline-Optimization/outputs/f1tenth_korea_3rd_centerline_with_widths/mintime-2025-08-29 18:30:01.666133) by extensions ['colcon_meta']
[2.944s] Level 1:colcon.colcon_core.package_identification:_identify(joon_path_generate/final_steven_gong/Raceline-Optimization/outputs/f1tenth_korea_3rd_centerline_with_widths/mintime-2025-08-29 18:30:01.666133) by extension 'colcon_meta'
[2.945s] Level 1:colcon.colcon_core.package_identification:_identify(joon_path_generate/final_steven_gong/Raceline-Optimization/outputs/f1tenth_korea_3rd_centerline_with_widths/mintime-2025-08-29 18:30:01.666133) by extensions ['ros']
[2.945s] Level 1:colcon.colcon_core.package_identification:_identify(joon_path_generate/final_steven_gong/Raceline-Optimization/outputs/f1tenth_korea_3rd_centerline_with_widths/mintime-2025-08-29 18:30:01.666133) by extension 'ros'
[2.946s] Level 1:colcon.colcon_core.package_identification:_identify(joon_path_generate/final_steven_gong/Raceline-Optimization/outputs/f1tenth_korea_3rd_centerline_with_widths/mintime-2025-08-29 18:30:01.666133) by extensions ['cmake', 'python']
[2.946s] Level 1:colcon.colcon_core.package_identification:_identify(joon_path_generate/final_steven_gong/Raceline-Optimization/outputs/f1tenth_korea_3rd_centerline_with_widths/mintime-2025-08-29 18:30:01.666133) by extension 'cmake'
[2.946s] Level 1:colcon.colcon_core.package_identification:_identify(joon_path_generate/final_steven_gong/Raceline-Optimization/outputs/f1tenth_korea_3rd_centerline_with_widths/mintime-2025-08-29 18:30:01.666133) by extension 'python'
[2.947s] Level 1:colcon.colcon_core.package_identification:_identify(joon_path_generate/final_steven_gong/Raceline-Optimization/outputs/f1tenth_korea_3rd_centerline_with_widths/mintime-2025-08-29 18:30:01.666133) by extensions ['python_setup_py']
[2.947s] Level 1:colcon.colcon_core.package_identification:_identify(joon_path_generate/final_steven_gong/Raceline-Optimization/outputs/f1tenth_korea_3rd_centerline_with_widths/mintime-2025-08-29 18:30:01.666133) by extension 'python_setup_py'
[2.948s] Level 1:colcon.colcon_core.package_identification:_identify(joon_path_generate/final_steven_gong/Raceline-Optimization/outputs/f1tenth_korea_3rd_centerline_with_widths_fixed) by extensions ['ignore', 'ignore_ament_install']
[2.948s] Level 1:colcon.colcon_core.package_identification:_identify(joon_path_generate/final_steven_gong/Raceline-Optimization/outputs/f1tenth_korea_3rd_centerline_with_widths_fixed) by extension 'ignore'
[2.948s] Level 1:colcon.colcon_core.package_identification:_identify(joon_path_generate/final_steven_gong/Raceline-Optimization/outputs/f1tenth_korea_3rd_centerline_with_widths_fixed) by extension 'ignore_ament_install'
[2.949s] Level 1:colcon.colcon_core.package_identification:_identify(joon_path_generate/final_steven_gong/Raceline-Optimization/outputs/f1tenth_korea_3rd_centerline_with_widths_fixed) by extensions ['colcon_pkg']
[2.949s] Level 1:colcon.colcon_core.package_identification:_identify(joon_path_generate/final_steven_gong/Raceline-Optimization/outputs/f1tenth_korea_3rd_centerline_with_widths_fixed) by extension 'colcon_pkg'
[2.949s] Level 1:colcon.colcon_core.package_identification:_identify(joon_path_generate/final_steven_gong/Raceline-Optimization/outputs/f1tenth_korea_3rd_centerline_with_widths_fixed) by extensions ['colcon_meta']
[2.950s] Level 1:colcon.colcon_core.package_identification:_identify(joon_path_generate/final_steven_gong/Raceline-Optimization/outputs/f1tenth_korea_3rd_centerline_with_widths_fixed) by extension 'colcon_meta'
[2.951s] Level 1:colcon.colcon_core.package_identification:_identify(joon_path_generate/final_steven_gong/Raceline-Optimization/outputs/f1tenth_korea_3rd_centerline_with_widths_fixed) by extensions ['ros']
[2.951s] Level 1:colcon.colcon_core.package_identification:_identify(joon_path_generate/final_steven_gong/Raceline-Optimization/outputs/f1tenth_korea_3rd_centerline_with_widths_fixed) by extension 'ros'
[2.952s] Level 1:colcon.colcon_core.package_identification:_identify(joon_path_generate/final_steven_gong/Raceline-Optimization/outputs/f1tenth_korea_3rd_centerline_with_widths_fixed) by extensions ['cmake', 'python']
[2.952s] Level 1:colcon.colcon_core.package_identification:_identify(joon_path_generate/final_steven_gong/Raceline-Optimization/outputs/f1tenth_korea_3rd_centerline_with_widths_fixed) by extension 'cmake'
[2.952s] Level 1:colcon.colcon_core.package_identification:_identify(joon_path_generate/final_steven_gong/Raceline-Optimization/outputs/f1tenth_korea_3rd_centerline_with_widths_fixed) by extension 'python'
[2.953s] Level 1:colcon.colcon_core.package_identification:_identify(joon_path_generate/final_steven_gong/Raceline-Optimization/outputs/f1tenth_korea_3rd_centerline_with_widths_fixed) by extensions ['python_setup_py']
[2.953s] Level 1:colcon.colcon_core.package_identification:_identify(joon_path_generate/final_steven_gong/Raceline-Optimization/outputs/f1tenth_korea_3rd_centerline_with_widths_fixed) by extension 'python_setup_py'
[2.954s] Level 1:colcon.colcon_core.package_identification:_identify(joon_path_generate/final_steven_gong/Raceline-Optimization/outputs/f1tenth_korea_3rd_centerline_with_widths_fixed/mintime-2025-08-29 18:24:42.547684) by extensions ['ignore', 'ignore_ament_install']
[2.954s] Level 1:colcon.colcon_core.package_identification:_identify(joon_path_generate/final_steven_gong/Raceline-Optimization/outputs/f1tenth_korea_3rd_centerline_with_widths_fixed/mintime-2025-08-29 18:24:42.547684) by extension 'ignore'
[2.954s] Level 1:colcon.colcon_core.package_identification:_identify(joon_path_generate/final_steven_gong/Raceline-Optimization/outputs/f1tenth_korea_3rd_centerline_with_widths_fixed/mintime-2025-08-29 18:24:42.547684) by extension 'ignore_ament_install'
[2.955s] Level 1:colcon.colcon_core.package_identification:_identify(joon_path_generate/final_steven_gong/Raceline-Optimization/outputs/f1tenth_korea_3rd_centerline_with_widths_fixed/mintime-2025-08-29 18:24:42.547684) by extensions ['colcon_pkg']
[2.955s] Level 1:colcon.colcon_core.package_identification:_identify(joon_path_generate/final_steven_gong/Raceline-Optimization/outputs/f1tenth_korea_3rd_centerline_with_widths_fixed/mintime-2025-08-29 18:24:42.547684) by extension 'colcon_pkg'
[2.955s] Level 1:colcon.colcon_core.package_identification:_identify(joon_path_generate/final_steven_gong/Raceline-Optimization/outputs/f1tenth_korea_3rd_centerline_with_widths_fixed/mintime-2025-08-29 18:24:42.547684) by extensions ['colcon_meta']
[2.956s] Level 1:colcon.colcon_core.package_identification:_identify(joon_path_generate/final_steven_gong/Raceline-Optimization/outputs/f1tenth_korea_3rd_centerline_with_widths_fixed/mintime-2025-08-29 18:24:42.547684) by extension 'colcon_meta'
[2.956s] Level 1:colcon.colcon_core.package_identification:_identify(joon_path_generate/final_steven_gong/Raceline-Optimization/outputs/f1tenth_korea_3rd_centerline_with_widths_fixed/mintime-2025-08-29 18:24:42.547684) by extensions ['ros']
[2.956s] Level 1:colcon.colcon_core.package_identification:_identify(joon_path_generate/final_steven_gong/Raceline-Optimization/outputs/f1tenth_korea_3rd_centerline_with_widths_fixed/mintime-2025-08-29 18:24:42.547684) by extension 'ros'
[2.957s] Level 1:colcon.colcon_core.package_identification:_identify(joon_path_generate/final_steven_gong/Raceline-Optimization/outputs/f1tenth_korea_3rd_centerline_with_widths_fixed/mintime-2025-08-29 18:24:42.547684) by extensions ['cmake', 'python']
[2.957s] Level 1:colcon.colcon_core.package_identification:_identify(joon_path_generate/final_steven_gong/Raceline-Optimization/outputs/f1tenth_korea_3rd_centerline_with_widths_fixed/mintime-2025-08-29 18:24:42.547684) by extension 'cmake'
[2.957s] Level 1:colcon.colcon_core.package_identification:_identify(joon_path_generate/final_steven_gong/Raceline-Optimization/outputs/f1tenth_korea_3rd_centerline_with_widths_fixed/mintime-2025-08-29 18:24:42.547684) by extension 'python'
[2.958s] Level 1:colcon.colcon_core.package_identification:_identify(joon_path_generate/final_steven_gong/Raceline-Optimization/outputs/f1tenth_korea_3rd_centerline_with_widths_fixed/mintime-2025-08-29 18:24:42.547684) by extensions ['python_setup_py']
[2.958s] Level 1:colcon.colcon_core.package_identification:_identify(joon_path_generate/final_steven_gong/Raceline-Optimization/outputs/f1tenth_korea_3rd_centerline_with_widths_fixed/mintime-2025-08-29 18:24:42.547684) by extension 'python_setup_py'
[2.960s] Level 1:colcon.colcon_core.package_identification:_identify(joon_path_generate/final_steven_gong/Raceline-Optimization/params) by extensions ['ignore', 'ignore_ament_install']
[2.960s] Level 1:colcon.colcon_core.package_identification:_identify(joon_path_generate/final_steven_gong/Raceline-Optimization/params) by extension 'ignore'
[2.960s] Level 1:colcon.colcon_core.package_identification:_identify(joon_path_generate/final_steven_gong/Raceline-Optimization/params) by extension 'ignore_ament_install'
[2.961s] Level 1:colcon.colcon_core.package_identification:_identify(joon_path_generate/final_steven_gong/Raceline-Optimization/params) by extensions ['colcon_pkg']
[2.961s] Level 1:colcon.colcon_core.package_identification:_identify(joon_path_generate/final_steven_gong/Raceline-Optimization/params) by extension 'colcon_pkg'
[2.961s] Level 1:colcon.colcon_core.package_identification:_identify(joon_path_generate/final_steven_gong/Raceline-Optimization/params) by extensions ['colcon_meta']
[2.962s] Level 1:colcon.colcon_core.package_identification:_identify(joon_path_generate/final_steven_gong/Raceline-Optimization/params) by extension 'colcon_meta'
[2.962s] Level 1:colcon.colcon_core.package_identification:_identify(joon_path_generate/final_steven_gong/Raceline-Optimization/params) by extensions ['ros']
[2.963s] Level 1:colcon.colcon_core.package_identification:_identify(joon_path_generate/final_steven_gong/Raceline-Optimization/params) by extension 'ros'
[2.963s] Level 1:colcon.colcon_core.package_identification:_identify(joon_path_generate/final_steven_gong/Raceline-Optimization/params) by extensions ['cmake', 'python']
[2.963s] Level 1:colcon.colcon_core.package_identification:_identify(joon_path_generate/final_steven_gong/Raceline-Optimization/params) by extension 'cmake'
[2.964s] Level 1:colcon.colcon_core.package_identification:_identify(joon_path_generate/final_steven_gong/Raceline-Optimization/params) by extension 'python'
[2.964s] Level 1:colcon.colcon_core.package_identification:_identify(joon_path_generate/final_steven_gong/Raceline-Optimization/params) by extensions ['python_setup_py']
[2.964s] Level 1:colcon.colcon_core.package_identification:_identify(joon_path_generate/final_steven_gong/Raceline-Optimization/params) by extension 'python_setup_py'
[2.966s] Level 1:colcon.colcon_core.package_identification:_identify(joon_path_generate/global_racetrajectory_optimization) by extensions ['ignore', 'ignore_ament_install']
[2.966s] Level 1:colcon.colcon_core.package_identification:_identify(joon_path_generate/global_racetrajectory_optimization) by extension 'ignore'
[2.967s] Level 1:colcon.colcon_core.package_identification:_identify(joon_path_generate/global_racetrajectory_optimization) by extension 'ignore_ament_install'
[2.967s] Level 1:colcon.colcon_core.package_identification:_identify(joon_path_generate/global_racetrajectory_optimization) by extensions ['colcon_pkg']
[2.967s] Level 1:colcon.colcon_core.package_identification:_identify(joon_path_generate/global_racetrajectory_optimization) by extension 'colcon_pkg'
[2.968s] Level 1:colcon.colcon_core.package_identification:_identify(joon_path_generate/global_racetrajectory_optimization) by extensions ['colcon_meta']
[2.968s] Level 1:colcon.colcon_core.package_identification:_identify(joon_path_generate/global_racetrajectory_optimization) by extension 'colcon_meta'
[2.968s] Level 1:colcon.colcon_core.package_identification:_identify(joon_path_generate/global_racetrajectory_optimization) by extensions ['ros']
[2.968s] Level 1:colcon.colcon_core.package_identification:_identify(joon_path_generate/global_racetrajectory_optimization) by extension 'ros'
[2.969s] Level 1:colcon.colcon_core.package_identification:_identify(joon_path_generate/global_racetrajectory_optimization) by extensions ['cmake', 'python']
[2.969s] Level 1:colcon.colcon_core.package_identification:_identify(joon_path_generate/global_racetrajectory_optimization) by extension 'cmake'
[2.969s] Level 1:colcon.colcon_core.package_identification:_identify(joon_path_generate/global_racetrajectory_optimization) by extension 'python'
[2.970s] Level 1:colcon.colcon_core.package_identification:_identify(joon_path_generate/global_racetrajectory_optimization) by extensions ['python_setup_py']
[2.970s] Level 1:colcon.colcon_core.package_identification:_identify(joon_path_generate/global_racetrajectory_optimization) by extension 'python_setup_py'
[2.970s] Level 1:colcon.colcon_core.package_identification:_identify(joon_path_generate/global_racetrajectory_optimization/frictionmap) by extensions ['ignore', 'ignore_ament_install']
[2.971s] Level 1:colcon.colcon_core.package_identification:_identify(joon_path_generate/global_racetrajectory_optimization/frictionmap) by extension 'ignore'
[2.971s] Level 1:colcon.colcon_core.package_identification:_identify(joon_path_generate/global_racetrajectory_optimization/frictionmap) by extension 'ignore_ament_install'
[2.972s] Level 1:colcon.colcon_core.package_identification:_identify(joon_path_generate/global_racetrajectory_optimization/frictionmap) by extensions ['colcon_pkg']
[2.972s] Level 1:colcon.colcon_core.package_identification:_identify(joon_path_generate/global_racetrajectory_optimization/frictionmap) by extension 'colcon_pkg'
[2.972s] Level 1:colcon.colcon_core.package_identification:_identify(joon_path_generate/global_racetrajectory_optimization/frictionmap) by extensions ['colcon_meta']
[2.972s] Level 1:colcon.colcon_core.package_identification:_identify(joon_path_generate/global_racetrajectory_optimization/frictionmap) by extension 'colcon_meta'
[2.973s] Level 1:colcon.colcon_core.package_identification:_identify(joon_path_generate/global_racetrajectory_optimization/frictionmap) by extensions ['ros']
[2.973s] Level 1:colcon.colcon_core.package_identification:_identify(joon_path_generate/global_racetrajectory_optimization/frictionmap) by extension 'ros'
[2.973s] Level 1:colcon.colcon_core.package_identification:_identify(joon_path_generate/global_racetrajectory_optimization/frictionmap) by extensions ['cmake', 'python']
[2.974s] Level 1:colcon.colcon_core.package_identification:_identify(joon_path_generate/global_racetrajectory_optimization/frictionmap) by extension 'cmake'
[2.974s] Level 1:colcon.colcon_core.package_identification:_identify(joon_path_generate/global_racetrajectory_optimization/frictionmap) by extension 'python'
[2.974s] Level 1:colcon.colcon_core.package_identification:_identify(joon_path_generate/global_racetrajectory_optimization/frictionmap) by extensions ['python_setup_py']
[2.974s] Level 1:colcon.colcon_core.package_identification:_identify(joon_path_generate/global_racetrajectory_optimization/frictionmap) by extension 'python_setup_py'
[2.976s] Level 1:colcon.colcon_core.package_identification:_identify(joon_path_generate/global_racetrajectory_optimization/frictionmap/src) by extensions ['ignore', 'ignore_ament_install']
[2.976s] Level 1:colcon.colcon_core.package_identification:_identify(joon_path_generate/global_racetrajectory_optimization/frictionmap/src) by extension 'ignore'
[2.976s] Level 1:colcon.colcon_core.package_identification:_identify(joon_path_generate/global_racetrajectory_optimization/frictionmap/src) by extension 'ignore_ament_install'
[2.977s] Level 1:colcon.colcon_core.package_identification:_identify(joon_path_generate/global_racetrajectory_optimization/frictionmap/src) by extensions ['colcon_pkg']
[2.977s] Level 1:colcon.colcon_core.package_identification:_identify(joon_path_generate/global_racetrajectory_optimization/frictionmap/src) by extension 'colcon_pkg'
[2.977s] Level 1:colcon.colcon_core.package_identification:_identify(joon_path_generate/global_racetrajectory_optimization/frictionmap/src) by extensions ['colcon_meta']
[2.978s] Level 1:colcon.colcon_core.package_identification:_identify(joon_path_generate/global_racetrajectory_optimization/frictionmap/src) by extension 'colcon_meta'
[2.978s] Level 1:colcon.colcon_core.package_identification:_identify(joon_path_generate/global_racetrajectory_optimization/frictionmap/src) by extensions ['ros']
[2.978s] Level 1:colcon.colcon_core.package_identification:_identify(joon_path_generate/global_racetrajectory_optimization/frictionmap/src) by extension 'ros'
[2.979s] Level 1:colcon.colcon_core.package_identification:_identify(joon_path_generate/global_racetrajectory_optimization/frictionmap/src) by extensions ['cmake', 'python']
[2.979s] Level 1:colcon.colcon_core.package_identification:_identify(joon_path_generate/global_racetrajectory_optimization/frictionmap/src) by extension 'cmake'
[2.980s] Level 1:colcon.colcon_core.package_identification:_identify(joon_path_generate/global_racetrajectory_optimization/frictionmap/src) by extension 'python'
[2.980s] Level 1:colcon.colcon_core.package_identification:_identify(joon_path_generate/global_racetrajectory_optimization/frictionmap/src) by extensions ['python_setup_py']
[2.980s] Level 1:colcon.colcon_core.package_identification:_identify(joon_path_generate/global_racetrajectory_optimization/frictionmap/src) by extension 'python_setup_py'
[2.981s] Level 1:colcon.colcon_core.package_identification:_identify(joon_path_generate/global_racetrajectory_optimization/helper_funcs_glob) by extensions ['ignore', 'ignore_ament_install']
[2.981s] Level 1:colcon.colcon_core.package_identification:_identify(joon_path_generate/global_racetrajectory_optimization/helper_funcs_glob) by extension 'ignore'
[2.982s] Level 1:colcon.colcon_core.package_identification:_identify(joon_path_generate/global_racetrajectory_optimization/helper_funcs_glob) by extension 'ignore_ament_install'
[2.982s] Level 1:colcon.colcon_core.package_identification:_identify(joon_path_generate/global_racetrajectory_optimization/helper_funcs_glob) by extensions ['colcon_pkg']
[2.982s] Level 1:colcon.colcon_core.package_identification:_identify(joon_path_generate/global_racetrajectory_optimization/helper_funcs_glob) by extension 'colcon_pkg'
[2.982s] Level 1:colcon.colcon_core.package_identification:_identify(joon_path_generate/global_racetrajectory_optimization/helper_funcs_glob) by extensions ['colcon_meta']
[2.983s] Level 1:colcon.colcon_core.package_identification:_identify(joon_path_generate/global_racetrajectory_optimization/helper_funcs_glob) by extension 'colcon_meta'
[2.983s] Level 1:colcon.colcon_core.package_identification:_identify(joon_path_generate/global_racetrajectory_optimization/helper_funcs_glob) by extensions ['ros']
[2.983s] Level 1:colcon.colcon_core.package_identification:_identify(joon_path_generate/global_racetrajectory_optimization/helper_funcs_glob) by extension 'ros'
[2.984s] Level 1:colcon.colcon_core.package_identification:_identify(joon_path_generate/global_racetrajectory_optimization/helper_funcs_glob) by extensions ['cmake', 'python']
[2.984s] Level 1:colcon.colcon_core.package_identification:_identify(joon_path_generate/global_racetrajectory_optimization/helper_funcs_glob) by extension 'cmake'
[2.984s] Level 1:colcon.colcon_core.package_identification:_identify(joon_path_generate/global_racetrajectory_optimization/helper_funcs_glob) by extension 'python'
[2.985s] Level 1:colcon.colcon_core.package_identification:_identify(joon_path_generate/global_racetrajectory_optimization/helper_funcs_glob) by extensions ['python_setup_py']
[2.985s] Level 1:colcon.colcon_core.package_identification:_identify(joon_path_generate/global_racetrajectory_optimization/helper_funcs_glob) by extension 'python_setup_py'
[2.986s] Level 1:colcon.colcon_core.package_identification:_identify(joon_path_generate/global_racetrajectory_optimization/helper_funcs_glob/src) by extensions ['ignore', 'ignore_ament_install']
[2.986s] Level 1:colcon.colcon_core.package_identification:_identify(joon_path_generate/global_racetrajectory_optimization/helper_funcs_glob/src) by extension 'ignore'
[2.986s] Level 1:colcon.colcon_core.package_identification:_identify(joon_path_generate/global_racetrajectory_optimization/helper_funcs_glob/src) by extension 'ignore_ament_install'
[2.987s] Level 1:colcon.colcon_core.package_identification:_identify(joon_path_generate/global_racetrajectory_optimization/helper_funcs_glob/src) by extensions ['colcon_pkg']
[2.987s] Level 1:colcon.colcon_core.package_identification:_identify(joon_path_generate/global_racetrajectory_optimization/helper_funcs_glob/src) by extension 'colcon_pkg'
[2.988s] Level 1:colcon.colcon_core.package_identification:_identify(joon_path_generate/global_racetrajectory_optimization/helper_funcs_glob/src) by extensions ['colcon_meta']
[2.988s] Level 1:colcon.colcon_core.package_identification:_identify(joon_path_generate/global_racetrajectory_optimization/helper_funcs_glob/src) by extension 'colcon_meta'
[2.988s] Level 1:colcon.colcon_core.package_identification:_identify(joon_path_generate/global_racetrajectory_optimization/helper_funcs_glob/src) by extensions ['ros']
[2.989s] Level 1:colcon.colcon_core.package_identification:_identify(joon_path_generate/global_racetrajectory_optimization/helper_funcs_glob/src) by extension 'ros'
[2.989s] Level 1:colcon.colcon_core.package_identification:_identify(joon_path_generate/global_racetrajectory_optimization/helper_funcs_glob/src) by extensions ['cmake', 'python']
[2.989s] Level 1:colcon.colcon_core.package_identification:_identify(joon_path_generate/global_racetrajectory_optimization/helper_funcs_glob/src) by extension 'cmake'
[2.990s] Level 1:colcon.colcon_core.package_identification:_identify(joon_path_generate/global_racetrajectory_optimization/helper_funcs_glob/src) by extension 'python'
[2.990s] Level 1:colcon.colcon_core.package_identification:_identify(joon_path_generate/global_racetrajectory_optimization/helper_funcs_glob/src) by extensions ['python_setup_py']
[2.990s] Level 1:colcon.colcon_core.package_identification:_identify(joon_path_generate/global_racetrajectory_optimization/helper_funcs_glob/src) by extension 'python_setup_py'
[2.991s] Level 1:colcon.colcon_core.package_identification:_identify(joon_path_generate/global_racetrajectory_optimization/inputs) by extensions ['ignore', 'ignore_ament_install']
[2.992s] Level 1:colcon.colcon_core.package_identification:_identify(joon_path_generate/global_racetrajectory_optimization/inputs) by extension 'ignore'
[2.992s] Level 1:colcon.colcon_core.package_identification:_identify(joon_path_generate/global_racetrajectory_optimization/inputs) by extension 'ignore_ament_install'
[2.992s] Level 1:colcon.colcon_core.package_identification:_identify(joon_path_generate/global_racetrajectory_optimization/inputs) by extensions ['colcon_pkg']
[2.993s] Level 1:colcon.colcon_core.package_identification:_identify(joon_path_generate/global_racetrajectory_optimization/inputs) by extension 'colcon_pkg'
[2.993s] Level 1:colcon.colcon_core.package_identification:_identify(joon_path_generate/global_racetrajectory_optimization/inputs) by extensions ['colcon_meta']
[2.993s] Level 1:colcon.colcon_core.package_identification:_identify(joon_path_generate/global_racetrajectory_optimization/inputs) by extension 'colcon_meta'
[2.993s] Level 1:colcon.colcon_core.package_identification:_identify(joon_path_generate/global_racetrajectory_optimization/inputs) by extensions ['ros']
[2.994s] Level 1:colcon.colcon_core.package_identification:_identify(joon_path_generate/global_racetrajectory_optimization/inputs) by extension 'ros'
[2.994s] Level 1:colcon.colcon_core.package_identification:_identify(joon_path_generate/global_racetrajectory_optimization/inputs) by extensions ['cmake', 'python']
[2.994s] Level 1:colcon.colcon_core.package_identification:_identify(joon_path_generate/global_racetrajectory_optimization/inputs) by extension 'cmake'
[2.995s] Level 1:colcon.colcon_core.package_identification:_identify(joon_path_generate/global_racetrajectory_optimization/inputs) by extension 'python'
[2.995s] Level 1:colcon.colcon_core.package_identification:_identify(joon_path_generate/global_racetrajectory_optimization/inputs) by extensions ['python_setup_py']
[2.995s] Level 1:colcon.colcon_core.package_identification:_identify(joon_path_generate/global_racetrajectory_optimization/inputs) by extension 'python_setup_py'
[2.996s] Level 1:colcon.colcon_core.package_identification:_identify(joon_path_generate/global_racetrajectory_optimization/inputs/frictionmaps) by extensions ['ignore', 'ignore_ament_install']
[2.996s] Level 1:colcon.colcon_core.package_identification:_identify(joon_path_generate/global_racetrajectory_optimization/inputs/frictionmaps) by extension 'ignore'
[2.997s] Level 1:colcon.colcon_core.package_identification:_identify(joon_path_generate/global_racetrajectory_optimization/inputs/frictionmaps) by extension 'ignore_ament_install'
[2.997s] Level 1:colcon.colcon_core.package_identification:_identify(joon_path_generate/global_racetrajectory_optimization/inputs/frictionmaps) by extensions ['colcon_pkg']
[2.997s] Level 1:colcon.colcon_core.package_identification:_identify(joon_path_generate/global_racetrajectory_optimization/inputs/frictionmaps) by extension 'colcon_pkg'
[2.998s] Level 1:colcon.colcon_core.package_identification:_identify(joon_path_generate/global_racetrajectory_optimization/inputs/frictionmaps) by extensions ['colcon_meta']
[2.998s] Level 1:colcon.colcon_core.package_identification:_identify(joon_path_generate/global_racetrajectory_optimization/inputs/frictionmaps) by extension 'colcon_meta'
[2.998s] Level 1:colcon.colcon_core.package_identification:_identify(joon_path_generate/global_racetrajectory_optimization/inputs/frictionmaps) by extensions ['ros']
[2.998s] Level 1:colcon.colcon_core.package_identification:_identify(joon_path_generate/global_racetrajectory_optimization/inputs/frictionmaps) by extension 'ros'
[2.999s] Level 1:colcon.colcon_core.package_identification:_identify(joon_path_generate/global_racetrajectory_optimization/inputs/frictionmaps) by extensions ['cmake', 'python']
[2.999s] Level 1:colcon.colcon_core.package_identification:_identify(joon_path_generate/global_racetrajectory_optimization/inputs/frictionmaps) by extension 'cmake'
[3.000s] Level 1:colcon.colcon_core.package_identification:_identify(joon_path_generate/global_racetrajectory_optimization/inputs/frictionmaps) by extension 'python'
[3.000s] Level 1:colcon.colcon_core.package_identification:_identify(joon_path_generate/global_racetrajectory_optimization/inputs/frictionmaps) by extensions ['python_setup_py']
[3.000s] Level 1:colcon.colcon_core.package_identification:_identify(joon_path_generate/global_racetrajectory_optimization/inputs/frictionmaps) by extension 'python_setup_py'
[3.001s] Level 1:colcon.colcon_core.package_identification:_identify(joon_path_generate/global_racetrajectory_optimization/inputs/tracks) by extensions ['ignore', 'ignore_ament_install']
[3.001s] Level 1:colcon.colcon_core.package_identification:_identify(joon_path_generate/global_racetrajectory_optimization/inputs/tracks) by extension 'ignore'
[3.002s] Level 1:colcon.colcon_core.package_identification:_identify(joon_path_generate/global_racetrajectory_optimization/inputs/tracks) by extension 'ignore_ament_install'
[3.003s] Level 1:colcon.colcon_core.package_identification:_identify(joon_path_generate/global_racetrajectory_optimization/inputs/tracks) by extensions ['colcon_pkg']
[3.003s] Level 1:colcon.colcon_core.package_identification:_identify(joon_path_generate/global_racetrajectory_optimization/inputs/tracks) by extension 'colcon_pkg'
[3.003s] Level 1:colcon.colcon_core.package_identification:_identify(joon_path_generate/global_racetrajectory_optimization/inputs/tracks) by extensions ['colcon_meta']
[3.003s] Level 1:colcon.colcon_core.package_identification:_identify(joon_path_generate/global_racetrajectory_optimization/inputs/tracks) by extension 'colcon_meta'
[3.004s] Level 1:colcon.colcon_core.package_identification:_identify(joon_path_generate/global_racetrajectory_optimization/inputs/tracks) by extensions ['ros']
[3.004s] Level 1:colcon.colcon_core.package_identification:_identify(joon_path_generate/global_racetrajectory_optimization/inputs/tracks) by extension 'ros'
[3.005s] Level 1:colcon.colcon_core.package_identification:_identify(joon_path_generate/global_racetrajectory_optimization/inputs/tracks) by extensions ['cmake', 'python']
[3.005s] Level 1:colcon.colcon_core.package_identification:_identify(joon_path_generate/global_racetrajectory_optimization/inputs/tracks) by extension 'cmake'
[3.005s] Level 1:colcon.colcon_core.package_identification:_identify(joon_path_generate/global_racetrajectory_optimization/inputs/tracks) by extension 'python'
[3.005s] Level 1:colcon.colcon_core.package_identification:_identify(joon_path_generate/global_racetrajectory_optimization/inputs/tracks) by extensions ['python_setup_py']
[3.006s] Level 1:colcon.colcon_core.package_identification:_identify(joon_path_generate/global_racetrajectory_optimization/inputs/tracks) by extension 'python_setup_py'
[3.006s] Level 1:colcon.colcon_core.package_identification:_identify(joon_path_generate/global_racetrajectory_optimization/inputs/veh_dyn_info) by extensions ['ignore', 'ignore_ament_install']
[3.007s] Level 1:colcon.colcon_core.package_identification:_identify(joon_path_generate/global_racetrajectory_optimization/inputs/veh_dyn_info) by extension 'ignore'
[3.008s] Level 1:colcon.colcon_core.package_identification:_identify(joon_path_generate/global_racetrajectory_optimization/inputs/veh_dyn_info) by extension 'ignore_ament_install'
[3.009s] Level 1:colcon.colcon_core.package_identification:_identify(joon_path_generate/global_racetrajectory_optimization/inputs/veh_dyn_info) by extensions ['colcon_pkg']
[3.009s] Level 1:colcon.colcon_core.package_identification:_identify(joon_path_generate/global_racetrajectory_optimization/inputs/veh_dyn_info) by extension 'colcon_pkg'
[3.010s] Level 1:colcon.colcon_core.package_identification:_identify(joon_path_generate/global_racetrajectory_optimization/inputs/veh_dyn_info) by extensions ['colcon_meta']
[3.010s] Level 1:colcon.colcon_core.package_identification:_identify(joon_path_generate/global_racetrajectory_optimization/inputs/veh_dyn_info) by extension 'colcon_meta'
[3.011s] Level 1:colcon.colcon_core.package_identification:_identify(joon_path_generate/global_racetrajectory_optimization/inputs/veh_dyn_info) by extensions ['ros']
[3.011s] Level 1:colcon.colcon_core.package_identification:_identify(joon_path_generate/global_racetrajectory_optimization/inputs/veh_dyn_info) by extension 'ros'
[3.011s] Level 1:colcon.colcon_core.package_identification:_identify(joon_path_generate/global_racetrajectory_optimization/inputs/veh_dyn_info) by extensions ['cmake', 'python']
[3.012s] Level 1:colcon.colcon_core.package_identification:_identify(joon_path_generate/global_racetrajectory_optimization/inputs/veh_dyn_info) by extension 'cmake'
[3.012s] Level 1:colcon.colcon_core.package_identification:_identify(joon_path_generate/global_racetrajectory_optimization/inputs/veh_dyn_info) by extension 'python'
[3.012s] Level 1:colcon.colcon_core.package_identification:_identify(joon_path_generate/global_racetrajectory_optimization/inputs/veh_dyn_info) by extensions ['python_setup_py']
[3.012s] Level 1:colcon.colcon_core.package_identification:_identify(joon_path_generate/global_racetrajectory_optimization/inputs/veh_dyn_info) by extension 'python_setup_py'
[3.013s] Level 1:colcon.colcon_core.package_identification:_identify(joon_path_generate/global_racetrajectory_optimization/opt_mintime_traj) by extensions ['ignore', 'ignore_ament_install']
[3.014s] Level 1:colcon.colcon_core.package_identification:_identify(joon_path_generate/global_racetrajectory_optimization/opt_mintime_traj) by extension 'ignore'
[3.014s] Level 1:colcon.colcon_core.package_identification:_identify(joon_path_generate/global_racetrajectory_optimization/opt_mintime_traj) by extension 'ignore_ament_install'
[3.014s] Level 1:colcon.colcon_core.package_identification:_identify(joon_path_generate/global_racetrajectory_optimization/opt_mintime_traj) by extensions ['colcon_pkg']
[3.015s] Level 1:colcon.colcon_core.package_identification:_identify(joon_path_generate/global_racetrajectory_optimization/opt_mintime_traj) by extension 'colcon_pkg'
[3.015s] Level 1:colcon.colcon_core.package_identification:_identify(joon_path_generate/global_racetrajectory_optimization/opt_mintime_traj) by extensions ['colcon_meta']
[3.015s] Level 1:colcon.colcon_core.package_identification:_identify(joon_path_generate/global_racetrajectory_optimization/opt_mintime_traj) by extension 'colcon_meta'
[3.016s] Level 1:colcon.colcon_core.package_identification:_identify(joon_path_generate/global_racetrajectory_optimization/opt_mintime_traj) by extensions ['ros']
[3.016s] Level 1:colcon.colcon_core.package_identification:_identify(joon_path_generate/global_racetrajectory_optimization/opt_mintime_traj) by extension 'ros'
[3.016s] Level 1:colcon.colcon_core.package_identification:_identify(joon_path_generate/global_racetrajectory_optimization/opt_mintime_traj) by extensions ['cmake', 'python']
[3.017s] Level 1:colcon.colcon_core.package_identification:_identify(joon_path_generate/global_racetrajectory_optimization/opt_mintime_traj) by extension 'cmake'
[3.017s] Level 1:colcon.colcon_core.package_identification:_identify(joon_path_generate/global_racetrajectory_optimization/opt_mintime_traj) by extension 'python'
[3.017s] Level 1:colcon.colcon_core.package_identification:_identify(joon_path_generate/global_racetrajectory_optimization/opt_mintime_traj) by extensions ['python_setup_py']
[3.018s] Level 1:colcon.colcon_core.package_identification:_identify(joon_path_generate/global_racetrajectory_optimization/opt_mintime_traj) by extension 'python_setup_py'
[3.018s] Level 1:colcon.colcon_core.package_identification:_identify(joon_path_generate/global_racetrajectory_optimization/opt_mintime_traj/powertrain_src) by extensions ['ignore', 'ignore_ament_install']
[3.019s] Level 1:colcon.colcon_core.package_identification:_identify(joon_path_generate/global_racetrajectory_optimization/opt_mintime_traj/powertrain_src) by extension 'ignore'
[3.019s] Level 1:colcon.colcon_core.package_identification:_identify(joon_path_generate/global_racetrajectory_optimization/opt_mintime_traj/powertrain_src) by extension 'ignore_ament_install'
[3.020s] Level 1:colcon.colcon_core.package_identification:_identify(joon_path_generate/global_racetrajectory_optimization/opt_mintime_traj/powertrain_src) by extensions ['colcon_pkg']
[3.020s] Level 1:colcon.colcon_core.package_identification:_identify(joon_path_generate/global_racetrajectory_optimization/opt_mintime_traj/powertrain_src) by extension 'colcon_pkg'
[3.020s] Level 1:colcon.colcon_core.package_identification:_identify(joon_path_generate/global_racetrajectory_optimization/opt_mintime_traj/powertrain_src) by extensions ['colcon_meta']
[3.021s] Level 1:colcon.colcon_core.package_identification:_identify(joon_path_generate/global_racetrajectory_optimization/opt_mintime_traj/powertrain_src) by extension 'colcon_meta'
[3.021s] Level 1:colcon.colcon_core.package_identification:_identify(joon_path_generate/global_racetrajectory_optimization/opt_mintime_traj/powertrain_src) by extensions ['ros']
[3.021s] Level 1:colcon.colcon_core.package_identification:_identify(joon_path_generate/global_racetrajectory_optimization/opt_mintime_traj/powertrain_src) by extension 'ros'
[3.022s] Level 1:colcon.colcon_core.package_identification:_identify(joon_path_generate/global_racetrajectory_optimization/opt_mintime_traj/powertrain_src) by extensions ['cmake', 'python']
[3.022s] Level 1:colcon.colcon_core.package_identification:_identify(joon_path_generate/global_racetrajectory_optimization/opt_mintime_traj/powertrain_src) by extension 'cmake'
[3.022s] Level 1:colcon.colcon_core.package_identification:_identify(joon_path_generate/global_racetrajectory_optimization/opt_mintime_traj/powertrain_src) by extension 'python'
[3.023s] Level 1:colcon.colcon_core.package_identification:_identify(joon_path_generate/global_racetrajectory_optimization/opt_mintime_traj/powertrain_src) by extensions ['python_setup_py']
[3.023s] Level 1:colcon.colcon_core.package_identification:_identify(joon_path_generate/global_racetrajectory_optimization/opt_mintime_traj/powertrain_src) by extension 'python_setup_py'
[3.024s] Level 1:colcon.colcon_core.package_identification:_identify(joon_path_generate/global_racetrajectory_optimization/opt_mintime_traj/powertrain_src/src) by extensions ['ignore', 'ignore_ament_install']
[3.024s] Level 1:colcon.colcon_core.package_identification:_identify(joon_path_generate/global_racetrajectory_optimization/opt_mintime_traj/powertrain_src/src) by extension 'ignore'
[3.025s] Level 1:colcon.colcon_core.package_identification:_identify(joon_path_generate/global_racetrajectory_optimization/opt_mintime_traj/powertrain_src/src) by extension 'ignore_ament_install'
[3.025s] Level 1:colcon.colcon_core.package_identification:_identify(joon_path_generate/global_racetrajectory_optimization/opt_mintime_traj/powertrain_src/src) by extensions ['colcon_pkg']
[3.025s] Level 1:colcon.colcon_core.package_identification:_identify(joon_path_generate/global_racetrajectory_optimization/opt_mintime_traj/powertrain_src/src) by extension 'colcon_pkg'
[3.026s] Level 1:colcon.colcon_core.package_identification:_identify(joon_path_generate/global_racetrajectory_optimization/opt_mintime_traj/powertrain_src/src) by extensions ['colcon_meta']
[3.026s] Level 1:colcon.colcon_core.package_identification:_identify(joon_path_generate/global_racetrajectory_optimization/opt_mintime_traj/powertrain_src/src) by extension 'colcon_meta'
[3.026s] Level 1:colcon.colcon_core.package_identification:_identify(joon_path_generate/global_racetrajectory_optimization/opt_mintime_traj/powertrain_src/src) by extensions ['ros']
[3.026s] Level 1:colcon.colcon_core.package_identification:_identify(joon_path_generate/global_racetrajectory_optimization/opt_mintime_traj/powertrain_src/src) by extension 'ros'
[3.027s] Level 1:colcon.colcon_core.package_identification:_identify(joon_path_generate/global_racetrajectory_optimization/opt_mintime_traj/powertrain_src/src) by extensions ['cmake', 'python']
[3.027s] Level 1:colcon.colcon_core.package_identification:_identify(joon_path_generate/global_racetrajectory_optimization/opt_mintime_traj/powertrain_src/src) by extension 'cmake'
[3.028s] Level 1:colcon.colcon_core.package_identification:_identify(joon_path_generate/global_racetrajectory_optimization/opt_mintime_traj/powertrain_src/src) by extension 'python'
[3.028s] Level 1:colcon.colcon_core.package_identification:_identify(joon_path_generate/global_racetrajectory_optimization/opt_mintime_traj/powertrain_src/src) by extensions ['python_setup_py']
[3.028s] Level 1:colcon.colcon_core.package_identification:_identify(joon_path_generate/global_racetrajectory_optimization/opt_mintime_traj/powertrain_src/src) by extension 'python_setup_py'
[3.029s] Level 1:colcon.colcon_core.package_identification:_identify(joon_path_generate/global_racetrajectory_optimization/opt_mintime_traj/src) by extensions ['ignore', 'ignore_ament_install']
[3.029s] Level 1:colcon.colcon_core.package_identification:_identify(joon_path_generate/global_racetrajectory_optimization/opt_mintime_traj/src) by extension 'ignore'
[3.030s] Level 1:colcon.colcon_core.package_identification:_identify(joon_path_generate/global_racetrajectory_optimization/opt_mintime_traj/src) by extension 'ignore_ament_install'
[3.030s] Level 1:colcon.colcon_core.package_identification:_identify(joon_path_generate/global_racetrajectory_optimization/opt_mintime_traj/src) by extensions ['colcon_pkg']
[3.030s] Level 1:colcon.colcon_core.package_identification:_identify(joon_path_generate/global_racetrajectory_optimization/opt_mintime_traj/src) by extension 'colcon_pkg'
[3.031s] Level 1:colcon.colcon_core.package_identification:_identify(joon_path_generate/global_racetrajectory_optimization/opt_mintime_traj/src) by extensions ['colcon_meta']
[3.031s] Level 1:colcon.colcon_core.package_identification:_identify(joon_path_generate/global_racetrajectory_optimization/opt_mintime_traj/src) by extension 'colcon_meta'
[3.031s] Level 1:colcon.colcon_core.package_identification:_identify(joon_path_generate/global_racetrajectory_optimization/opt_mintime_traj/src) by extensions ['ros']
[3.031s] Level 1:colcon.colcon_core.package_identification:_identify(joon_path_generate/global_racetrajectory_optimization/opt_mintime_traj/src) by extension 'ros'
[3.032s] Level 1:colcon.colcon_core.package_identification:_identify(joon_path_generate/global_racetrajectory_optimization/opt_mintime_traj/src) by extensions ['cmake', 'python']
[3.032s] Level 1:colcon.colcon_core.package_identification:_identify(joon_path_generate/global_racetrajectory_optimization/opt_mintime_traj/src) by extension 'cmake'
[3.033s] Level 1:colcon.colcon_core.package_identification:_identify(joon_path_generate/global_racetrajectory_optimization/opt_mintime_traj/src) by extension 'python'
[3.033s] Level 1:colcon.colcon_core.package_identification:_identify(joon_path_generate/global_racetrajectory_optimization/opt_mintime_traj/src) by extensions ['python_setup_py']
[3.033s] Level 1:colcon.colcon_core.package_identification:_identify(joon_path_generate/global_racetrajectory_optimization/opt_mintime_traj/src) by extension 'python_setup_py'
[3.034s] Level 1:colcon.colcon_core.package_identification:_identify(joon_path_generate/global_racetrajectory_optimization/params) by extensions ['ignore', 'ignore_ament_install']
[3.034s] Level 1:colcon.colcon_core.package_identification:_identify(joon_path_generate/global_racetrajectory_optimization/params) by extension 'ignore'
[3.035s] Level 1:colcon.colcon_core.package_identification:_identify(joon_path_generate/global_racetrajectory_optimization/params) by extension 'ignore_ament_install'
[3.035s] Level 1:colcon.colcon_core.package_identification:_identify(joon_path_generate/global_racetrajectory_optimization/params) by extensions ['colcon_pkg']
[3.035s] Level 1:colcon.colcon_core.package_identification:_identify(joon_path_generate/global_racetrajectory_optimization/params) by extension 'colcon_pkg'
[3.036s] Level 1:colcon.colcon_core.package_identification:_identify(joon_path_generate/global_racetrajectory_optimization/params) by extensions ['colcon_meta']
[3.036s] Level 1:colcon.colcon_core.package_identification:_identify(joon_path_generate/global_racetrajectory_optimization/params) by extension 'colcon_meta'
[3.036s] Level 1:colcon.colcon_core.package_identification:_identify(joon_path_generate/global_racetrajectory_optimization/params) by extensions ['ros']
[3.036s] Level 1:colcon.colcon_core.package_identification:_identify(joon_path_generate/global_racetrajectory_optimization/params) by extension 'ros'
[3.037s] Level 1:colcon.colcon_core.package_identification:_identify(joon_path_generate/global_racetrajectory_optimization/params) by extensions ['cmake', 'python']
[3.037s] Level 1:colcon.colcon_core.package_identification:_identify(joon_path_generate/global_racetrajectory_optimization/params) by extension 'cmake'
[3.038s] Level 1:colcon.colcon_core.package_identification:_identify(joon_path_generate/global_racetrajectory_optimization/params) by extension 'python'
[3.039s] Level 1:colcon.colcon_core.package_identification:_identify(joon_path_generate/global_racetrajectory_optimization/params) by extensions ['python_setup_py']
[3.039s] Level 1:colcon.colcon_core.package_identification:_identify(joon_path_generate/global_racetrajectory_optimization/params) by extension 'python_setup_py'
[3.040s] Level 1:colcon.colcon_core.package_identification:_identify(joon_path_generate/maps) by extensions ['ignore', 'ignore_ament_install']
[3.041s] Level 1:colcon.colcon_core.package_identification:_identify(joon_path_generate/maps) by extension 'ignore'
[3.041s] Level 1:colcon.colcon_core.package_identification:_identify(joon_path_generate/maps) by extension 'ignore_ament_install'
[3.041s] Level 1:colcon.colcon_core.package_identification:_identify(joon_path_generate/maps) by extensions ['colcon_pkg']
[3.042s] Level 1:colcon.colcon_core.package_identification:_identify(joon_path_generate/maps) by extension 'colcon_pkg'
[3.042s] Level 1:colcon.colcon_core.package_identification:_identify(joon_path_generate/maps) by extensions ['colcon_meta']
[3.042s] Level 1:colcon.colcon_core.package_identification:_identify(joon_path_generate/maps) by extension 'colcon_meta'
[3.043s] Level 1:colcon.colcon_core.package_identification:_identify(joon_path_generate/maps) by extensions ['ros']
[3.043s] Level 1:colcon.colcon_core.package_identification:_identify(joon_path_generate/maps) by extension 'ros'
[3.043s] Level 1:colcon.colcon_core.package_identification:_identify(joon_path_generate/maps) by extensions ['cmake', 'python']
[3.044s] Level 1:colcon.colcon_core.package_identification:_identify(joon_path_generate/maps) by extension 'cmake'
[3.044s] Level 1:colcon.colcon_core.package_identification:_identify(joon_path_generate/maps) by extension 'python'
[3.044s] Level 1:colcon.colcon_core.package_identification:_identify(joon_path_generate/maps) by extensions ['python_setup_py']
[3.044s] Level 1:colcon.colcon_core.package_identification:_identify(joon_path_generate/maps) by extension 'python_setup_py'
[3.046s] Level 1:colcon.colcon_core.package_identification:_identify(joon_path_generate/raceline) by extensions ['ignore', 'ignore_ament_install']
[3.046s] Level 1:colcon.colcon_core.package_identification:_identify(joon_path_generate/raceline) by extension 'ignore'
[3.047s] Level 1:colcon.colcon_core.package_identification:_identify(joon_path_generate/raceline) by extension 'ignore_ament_install'
[3.047s] Level 1:colcon.colcon_core.package_identification:_identify(joon_path_generate/raceline) by extensions ['colcon_pkg']
[3.047s] Level 1:colcon.colcon_core.package_identification:_identify(joon_path_generate/raceline) by extension 'colcon_pkg'
[3.048s] Level 1:colcon.colcon_core.package_identification:_identify(joon_path_generate/raceline) by extensions ['colcon_meta']
[3.048s] Level 1:colcon.colcon_core.package_identification:_identify(joon_path_generate/raceline) by extension 'colcon_meta'
[3.048s] Level 1:colcon.colcon_core.package_identification:_identify(joon_path_generate/raceline) by extensions ['ros']
[3.048s] Level 1:colcon.colcon_core.package_identification:_identify(joon_path_generate/raceline) by extension 'ros'
[3.049s] Level 1:colcon.colcon_core.package_identification:_identify(joon_path_generate/raceline) by extensions ['cmake', 'python']
[3.049s] Level 1:colcon.colcon_core.package_identification:_identify(joon_path_generate/raceline) by extension 'cmake'
[3.049s] Level 1:colcon.colcon_core.package_identification:_identify(joon_path_generate/raceline) by extension 'python'
[3.050s] Level 1:colcon.colcon_core.package_identification:_identify(joon_path_generate/raceline) by extensions ['python_setup_py']
[3.050s] Level 1:colcon.colcon_core.package_identification:_identify(joon_path_generate/raceline) by extension 'python_setup_py'
[3.051s] Level 1:colcon.colcon_core.package_identification:_identify(joon_path_generate/src) by extensions ['ignore', 'ignore_ament_install']
[3.052s] Level 1:colcon.colcon_core.package_identification:_identify(joon_path_generate/src) by extension 'ignore'
[3.052s] Level 1:colcon.colcon_core.package_identification:_identify(joon_path_generate/src) by extension 'ignore_ament_install'
[3.053s] Level 1:colcon.colcon_core.package_identification:_identify(joon_path_generate/src) by extensions ['colcon_pkg']
[3.053s] Level 1:colcon.colcon_core.package_identification:_identify(joon_path_generate/src) by extension 'colcon_pkg'
[3.053s] Level 1:colcon.colcon_core.package_identification:_identify(joon_path_generate/src) by extensions ['colcon_meta']
[3.053s] Level 1:colcon.colcon_core.package_identification:_identify(joon_path_generate/src) by extension 'colcon_meta'
[3.054s] Level 1:colcon.colcon_core.package_identification:_identify(joon_path_generate/src) by extensions ['ros']
[3.054s] Level 1:colcon.colcon_core.package_identification:_identify(joon_path_generate/src) by extension 'ros'
[3.054s] Level 1:colcon.colcon_core.package_identification:_identify(joon_path_generate/src) by extensions ['cmake', 'python']
[3.055s] Level 1:colcon.colcon_core.package_identification:_identify(joon_path_generate/src) by extension 'cmake'
[3.055s] Level 1:colcon.colcon_core.package_identification:_identify(joon_path_generate/src) by extension 'python'
[3.055s] Level 1:colcon.colcon_core.package_identification:_identify(joon_path_generate/src) by extensions ['python_setup_py']
[3.055s] Level 1:colcon.colcon_core.package_identification:_identify(joon_path_generate/src) by extension 'python_setup_py'
[3.056s] Level 1:colcon.colcon_core.package_identification:_identify(joon_path_generate/src/__pycache__) by extensions ['ignore', 'ignore_ament_install']
[3.057s] Level 1:colcon.colcon_core.package_identification:_identify(joon_path_generate/src/__pycache__) by extension 'ignore'
[3.058s] Level 1:colcon.colcon_core.package_identification:_identify(joon_path_generate/src/__pycache__) by extension 'ignore_ament_install'
[3.059s] Level 1:colcon.colcon_core.package_identification:_identify(joon_path_generate/src/__pycache__) by extensions ['colcon_pkg']
[3.059s] Level 1:colcon.colcon_core.package_identification:_identify(joon_path_generate/src/__pycache__) by extension 'colcon_pkg'
[3.061s] Level 1:colcon.colcon_core.package_identification:_identify(joon_path_generate/src/__pycache__) by extensions ['colcon_meta']
[3.062s] Level 1:colcon.colcon_core.package_identification:_identify(joon_path_generate/src/__pycache__) by extension 'colcon_meta'
[3.063s] Level 1:colcon.colcon_core.package_identification:_identify(joon_path_generate/src/__pycache__) by extensions ['ros']
[3.063s] Level 1:colcon.colcon_core.package_identification:_identify(joon_path_generate/src/__pycache__) by extension 'ros'
[3.064s] Level 1:colcon.colcon_core.package_identification:_identify(joon_path_generate/src/__pycache__) by extensions ['cmake', 'python']
[3.065s] Level 1:colcon.colcon_core.package_identification:_identify(joon_path_generate/src/__pycache__) by extension 'cmake'
[3.066s] Level 1:colcon.colcon_core.package_identification:_identify(joon_path_generate/src/__pycache__) by extension 'python'
[3.066s] Level 1:colcon.colcon_core.package_identification:_identify(joon_path_generate/src/__pycache__) by extensions ['python_setup_py']
[3.067s] Level 1:colcon.colcon_core.package_identification:_identify(joon_path_generate/src/__pycache__) by extension 'python_setup_py'
[3.068s] Level 1:colcon.colcon_core.package_identification:_identify(joon_path_generate/src/outputs) by extensions ['ignore', 'ignore_ament_install']
[3.069s] Level 1:colcon.colcon_core.package_identification:_identify(joon_path_generate/src/outputs) by extension 'ignore'
[3.070s] Level 1:colcon.colcon_core.package_identification:_identify(joon_path_generate/src/outputs) by extension 'ignore_ament_install'
[3.070s] Level 1:colcon.colcon_core.package_identification:_identify(joon_path_generate/src/outputs) by extensions ['colcon_pkg']
[3.071s] Level 1:colcon.colcon_core.package_identification:_identify(joon_path_generate/src/outputs) by extension 'colcon_pkg'
[3.072s] Level 1:colcon.colcon_core.package_identification:_identify(joon_path_generate/src/outputs) by extensions ['colcon_meta']
[3.072s] Level 1:colcon.colcon_core.package_identification:_identify(joon_path_generate/src/outputs) by extension 'colcon_meta'
[3.073s] Level 1:colcon.colcon_core.package_identification:_identify(joon_path_generate/src/outputs) by extensions ['ros']
[3.074s] Level 1:colcon.colcon_core.package_identification:_identify(joon_path_generate/src/outputs) by extension 'ros'
[3.075s] Level 1:colcon.colcon_core.package_identification:_identify(joon_path_generate/src/outputs) by extensions ['cmake', 'python']
[3.075s] Level 1:colcon.colcon_core.package_identification:_identify(joon_path_generate/src/outputs) by extension 'cmake'
[3.076s] Level 1:colcon.colcon_core.package_identification:_identify(joon_path_generate/src/outputs) by extension 'python'
[3.076s] Level 1:colcon.colcon_core.package_identification:_identify(joon_path_generate/src/outputs) by extensions ['python_setup_py']
[3.077s] Level 1:colcon.colcon_core.package_identification:_identify(joon_path_generate/src/outputs) by extension 'python_setup_py'
[3.078s] Level 1:colcon.colcon_core.package_identification:_identify(joon_path_generate/src/outputs/gap_map_path) by extensions ['ignore', 'ignore_ament_install']
[3.079s] Level 1:colcon.colcon_core.package_identification:_identify(joon_path_generate/src/outputs/gap_map_path) by extension 'ignore'
[3.080s] Level 1:colcon.colcon_core.package_identification:_identify(joon_path_generate/src/outputs/gap_map_path) by extension 'ignore_ament_install'
[3.081s] Level 1:colcon.colcon_core.package_identification:_identify(joon_path_generate/src/outputs/gap_map_path) by extensions ['colcon_pkg']
[3.081s] Level 1:colcon.colcon_core.package_identification:_identify(joon_path_generate/src/outputs/gap_map_path) by extension 'colcon_pkg'
[3.082s] Level 1:colcon.colcon_core.package_identification:_identify(joon_path_generate/src/outputs/gap_map_path) by extensions ['colcon_meta']
[3.083s] Level 1:colcon.colcon_core.package_identification:_identify(joon_path_generate/src/outputs/gap_map_path) by extension 'colcon_meta'
[3.083s] Level 1:colcon.colcon_core.package_identification:_identify(joon_path_generate/src/outputs/gap_map_path) by extensions ['ros']
[3.084s] Level 1:colcon.colcon_core.package_identification:_identify(joon_path_generate/src/outputs/gap_map_path) by extension 'ros'
[3.085s] Level 1:colcon.colcon_core.package_identification:_identify(joon_path_generate/src/outputs/gap_map_path) by extensions ['cmake', 'python']
[3.087s] Level 1:colcon.colcon_core.package_identification:_identify(joon_path_generate/src/outputs/gap_map_path) by extension 'cmake'
[3.088s] Level 1:colcon.colcon_core.package_identification:_identify(joon_path_generate/src/outputs/gap_map_path) by extension 'python'
[3.089s] Level 1:colcon.colcon_core.package_identification:_identify(joon_path_generate/src/outputs/gap_map_path) by extensions ['python_setup_py']
[3.089s] Level 1:colcon.colcon_core.package_identification:_identify(joon_path_generate/src/outputs/gap_map_path) by extension 'python_setup_py'
[3.090s] Level 1:colcon.colcon_core.package_identification:_identify(joon_path_generate/src/params) by extensions ['ignore', 'ignore_ament_install']
[3.091s] Level 1:colcon.colcon_core.package_identification:_identify(joon_path_generate/src/params) by extension 'ignore'
[3.091s] Level 1:colcon.colcon_core.package_identification:_identify(joon_path_generate/src/params) by extension 'ignore_ament_install'
[3.093s] Level 1:colcon.colcon_core.package_identification:_identify(joon_path_generate/src/params) by extensions ['colcon_pkg']
[3.093s] Level 1:colcon.colcon_core.package_identification:_identify(joon_path_generate/src/params) by extension 'colcon_pkg'
[3.094s] Level 1:colcon.colcon_core.package_identification:_identify(joon_path_generate/src/params) by extensions ['colcon_meta']
[3.094s] Level 1:colcon.colcon_core.package_identification:_identify(joon_path_generate/src/params) by extension 'colcon_meta'
[3.094s] Level 1:colcon.colcon_core.package_identification:_identify(joon_path_generate/src/params) by extensions ['ros']
[3.095s] Level 1:colcon.colcon_core.package_identification:_identify(joon_path_generate/src/params) by extension 'ros'
[3.096s] Level 1:colcon.colcon_core.package_identification:_identify(joon_path_generate/src/params) by extensions ['cmake', 'python']
[3.096s] Level 1:colcon.colcon_core.package_identification:_identify(joon_path_generate/src/params) by extension 'cmake'
[3.097s] Level 1:colcon.colcon_core.package_identification:_identify(joon_path_generate/src/params) by extension 'python'
[3.097s] Level 1:colcon.colcon_core.package_identification:_identify(joon_path_generate/src/params) by extensions ['python_setup_py']
[3.097s] Level 1:colcon.colcon_core.package_identification:_identify(joon_path_generate/src/params) by extension 'python_setup_py'
[3.098s] Level 1:colcon.colcon_core.package_identification:_identify(joon_path_generate/src/temp) by extensions ['ignore', 'ignore_ament_install']
[3.099s] Level 1:colcon.colcon_core.package_identification:_identify(joon_path_generate/src/temp) by extension 'ignore'
[3.099s] Level 1:colcon.colcon_core.package_identification:_identify(joon_path_generate/src/temp) by extension 'ignore_ament_install'
[3.100s] Level 1:colcon.colcon_core.package_identification:_identify(joon_path_generate/src/temp) by extensions ['colcon_pkg']
[3.100s] Level 1:colcon.colcon_core.package_identification:_identify(joon_path_generate/src/temp) by extension 'colcon_pkg'
[3.100s] Level 1:colcon.colcon_core.package_identification:_identify(joon_path_generate/src/temp) by extensions ['colcon_meta']
[3.100s] Level 1:colcon.colcon_core.package_identification:_identify(joon_path_generate/src/temp) by extension 'colcon_meta'
[3.101s] Level 1:colcon.colcon_core.package_identification:_identify(joon_path_generate/src/temp) by extensions ['ros']
[3.101s] Level 1:colcon.colcon_core.package_identification:_identify(joon_path_generate/src/temp) by extension 'ros'
[3.102s] Level 1:colcon.colcon_core.package_identification:_identify(joon_path_generate/src/temp) by extensions ['cmake', 'python']
[3.102s] Level 1:colcon.colcon_core.package_identification:_identify(joon_path_generate/src/temp) by extension 'cmake'
[3.102s] Level 1:colcon.colcon_core.package_identification:_identify(joon_path_generate/src/temp) by extension 'python'
[3.102s] Level 1:colcon.colcon_core.package_identification:_identify(joon_path_generate/src/temp) by extensions ['python_setup_py']
[3.102s] Level 1:colcon.colcon_core.package_identification:_identify(joon_path_generate/src/temp) by extension 'python_setup_py'
[3.103s] Level 1:colcon.colcon_core.package_identification:_identify(launch) by extensions ['ignore', 'ignore_ament_install']
[3.104s] Level 1:colcon.colcon_core.package_identification:_identify(launch) by extension 'ignore'
[3.104s] Level 1:colcon.colcon_core.package_identification:_identify(launch) by extension 'ignore_ament_install'
[3.105s] Level 1:colcon.colcon_core.package_identification:_identify(launch) by extensions ['colcon_pkg']
[3.105s] Level 1:colcon.colcon_core.package_identification:_identify(launch) by extension 'colcon_pkg'
[3.105s] Level 1:colcon.colcon_core.package_identification:_identify(launch) by extensions ['colcon_meta']
[3.105s] Level 1:colcon.colcon_core.package_identification:_identify(launch) by extension 'colcon_meta'
[3.106s] Level 1:colcon.colcon_core.package_identification:_identify(launch) by extensions ['ros']
[3.106s] Level 1:colcon.colcon_core.package_identification:_identify(launch) by extension 'ros'
[3.107s] Level 1:colcon.colcon_core.package_identification:_identify(launch) by extensions ['cmake', 'python']
[3.107s] Level 1:colcon.colcon_core.package_identification:_identify(launch) by extension 'cmake'
[3.107s] Level 1:colcon.colcon_core.package_identification:_identify(launch) by extension 'python'
[3.107s] Level 1:colcon.colcon_core.package_identification:_identify(launch) by extensions ['python_setup_py']
[3.108s] Level 1:colcon.colcon_core.package_identification:_identify(launch) by extension 'python_setup_py'
[3.108s] Level 1:colcon.colcon_core.package_identification:_identify(launch/__pycache__) by extensions ['ignore', 'ignore_ament_install']
[3.109s] Level 1:colcon.colcon_core.package_identification:_identify(launch/__pycache__) by extension 'ignore'
[3.109s] Level 1:colcon.colcon_core.package_identification:_identify(launch/__pycache__) by extension 'ignore_ament_install'
[3.110s] Level 1:colcon.colcon_core.package_identification:_identify(launch/__pycache__) by extensions ['colcon_pkg']
[3.110s] Level 1:colcon.colcon_core.package_identification:_identify(launch/__pycache__) by extension 'colcon_pkg'
[3.110s] Level 1:colcon.colcon_core.package_identification:_identify(launch/__pycache__) by extensions ['colcon_meta']
[3.110s] Level 1:colcon.colcon_core.package_identification:_identify(launch/__pycache__) by extension 'colcon_meta'
[3.111s] Level 1:colcon.colcon_core.package_identification:_identify(launch/__pycache__) by extensions ['ros']
[3.111s] Level 1:colcon.colcon_core.package_identification:_identify(launch/__pycache__) by extension 'ros'
[3.112s] Level 1:colcon.colcon_core.package_identification:_identify(launch/__pycache__) by extensions ['cmake', 'python']
[3.112s] Level 1:colcon.colcon_core.package_identification:_identify(launch/__pycache__) by extension 'cmake'
[3.112s] Level 1:colcon.colcon_core.package_identification:_identify(launch/__pycache__) by extension 'python'
[3.112s] Level 1:colcon.colcon_core.package_identification:_identify(launch/__pycache__) by extensions ['python_setup_py']
[3.113s] Level 1:colcon.colcon_core.package_identification:_identify(launch/__pycache__) by extension 'python_setup_py'
[3.113s] Level 1:colcon.colcon_core.package_identification:_identify(localization_logs) by extensions ['ignore', 'ignore_ament_install']
[3.115s] Level 1:colcon.colcon_core.package_identification:_identify(localization_logs) by extension 'ignore'
[3.116s] Level 1:colcon.colcon_core.package_identification:_identify(localization_logs) by extension 'ignore_ament_install'
[3.117s] Level 1:colcon.colcon_core.package_identification:_identify(localization_logs) by extensions ['colcon_pkg']
[3.117s] Level 1:colcon.colcon_core.package_identification:_identify(localization_logs) by extension 'colcon_pkg'
[3.117s] Level 1:colcon.colcon_core.package_identification:_identify(localization_logs) by extensions ['colcon_meta']
[3.117s] Level 1:colcon.colcon_core.package_identification:_identify(localization_logs) by extension 'colcon_meta'
[3.118s] Level 1:colcon.colcon_core.package_identification:_identify(localization_logs) by extensions ['ros']
[3.118s] Level 1:colcon.colcon_core.package_identification:_identify(localization_logs) by extension 'ros'
[3.119s] Level 1:colcon.colcon_core.package_identification:_identify(localization_logs) by extensions ['cmake', 'python']
[3.120s] Level 1:colcon.colcon_core.package_identification:_identify(localization_logs) by extension 'cmake'
[3.120s] Level 1:colcon.colcon_core.package_identification:_identify(localization_logs) by extension 'python'
[3.120s] Level 1:colcon.colcon_core.package_identification:_identify(localization_logs) by extensions ['python_setup_py']
[3.121s] Level 1:colcon.colcon_core.package_identification:_identify(localization_logs) by extension 'python_setup_py'
[3.122s] Level 1:colcon.colcon_core.package_identification:_identify(log) by extensions ['ignore', 'ignore_ament_install']
[3.122s] Level 1:colcon.colcon_core.package_identification:_identify(log) by extension 'ignore'
[3.123s] Level 1:colcon.colcon_core.package_identification:_identify(log) ignored
[3.123s] Level 1:colcon.colcon_core.package_identification:_identify(map_topic_data) by extensions ['ignore', 'ignore_ament_install']
[3.124s] Level 1:colcon.colcon_core.package_identification:_identify(map_topic_data) by extension 'ignore'
[3.124s] Level 1:colcon.colcon_core.package_identification:_identify(map_topic_data) by extension 'ignore_ament_install'
[3.124s] Level 1:colcon.colcon_core.package_identification:_identify(map_topic_data) by extensions ['colcon_pkg']
[3.125s] Level 1:colcon.colcon_core.package_identification:_identify(map_topic_data) by extension 'colcon_pkg'
[3.125s] Level 1:colcon.colcon_core.package_identification:_identify(map_topic_data) by extensions ['colcon_meta']
[3.125s] Level 1:colcon.colcon_core.package_identification:_identify(map_topic_data) by extension 'colcon_meta'
[3.125s] Level 1:colcon.colcon_core.package_identification:_identify(map_topic_data) by extensions ['ros']
[3.126s] Level 1:colcon.colcon_core.package_identification:_identify(map_topic_data) by extension 'ros'
[3.126s] Level 1:colcon.colcon_core.package_identification:_identify(map_topic_data) by extensions ['cmake', 'python']
[3.126s] Level 1:colcon.colcon_core.package_identification:_identify(map_topic_data) by extension 'cmake'
[3.127s] Level 1:colcon.colcon_core.package_identification:_identify(map_topic_data) by extension 'python'
[3.127s] Level 1:colcon.colcon_core.package_identification:_identify(map_topic_data) by extensions ['python_setup_py']
[3.127s] Level 1:colcon.colcon_core.package_identification:_identify(map_topic_data) by extension 'python_setup_py'
[3.128s] Level 1:colcon.colcon_core.package_identification:_identify(path_generate) by extensions ['ignore', 'ignore_ament_install']
[3.128s] Level 1:colcon.colcon_core.package_identification:_identify(path_generate) by extension 'ignore'
[3.129s] Level 1:colcon.colcon_core.package_identification:_identify(path_generate) by extension 'ignore_ament_install'
[3.129s] Level 1:colcon.colcon_core.package_identification:_identify(path_generate) by extensions ['colcon_pkg']
[3.129s] Level 1:colcon.colcon_core.package_identification:_identify(path_generate) by extension 'colcon_pkg'
[3.129s] Level 1:colcon.colcon_core.package_identification:_identify(path_generate) by extensions ['colcon_meta']
[3.130s] Level 1:colcon.colcon_core.package_identification:_identify(path_generate) by extension 'colcon_meta'
[3.130s] Level 1:colcon.colcon_core.package_identification:_identify(path_generate) by extensions ['ros']
[3.130s] Level 1:colcon.colcon_core.package_identification:_identify(path_generate) by extension 'ros'
[3.131s] Level 1:colcon.colcon_core.package_identification:_identify(path_generate) by extensions ['cmake', 'python']
[3.131s] Level 1:colcon.colcon_core.package_identification:_identify(path_generate) by extension 'cmake'
[3.131s] Level 1:colcon.colcon_core.package_identification:_identify(path_generate) by extension 'python'
[3.131s] Level 1:colcon.colcon_core.package_identification:_identify(path_generate) by extensions ['python_setup_py']
[3.132s] Level 1:colcon.colcon_core.package_identification:_identify(path_generate) by extension 'python_setup_py'
[3.134s] Level 1:colcon.colcon_core.package_identification:_identify(path_generate/center-line-fitting) by extensions ['ignore', 'ignore_ament_install']
[3.134s] Level 1:colcon.colcon_core.package_identification:_identify(path_generate/center-line-fitting) by extension 'ignore'
[3.135s] Level 1:colcon.colcon_core.package_identification:_identify(path_generate/center-line-fitting) by extension 'ignore_ament_install'
[3.136s] Level 1:colcon.colcon_core.package_identification:_identify(path_generate/center-line-fitting) by extensions ['colcon_pkg']
[3.136s] Level 1:colcon.colcon_core.package_identification:_identify(path_generate/center-line-fitting) by extension 'colcon_pkg'
[3.136s] Level 1:colcon.colcon_core.package_identification:_identify(path_generate/center-line-fitting) by extensions ['colcon_meta']
[3.136s] Level 1:colcon.colcon_core.package_identification:_identify(path_generate/center-line-fitting) by extension 'colcon_meta'
[3.137s] Level 1:colcon.colcon_core.package_identification:_identify(path_generate/center-line-fitting) by extensions ['ros']
[3.137s] Level 1:colcon.colcon_core.package_identification:_identify(path_generate/center-line-fitting) by extension 'ros'
[3.138s] Level 1:colcon.colcon_core.package_identification:_identify(path_generate/center-line-fitting) by extensions ['cmake', 'python']
[3.138s] Level 1:colcon.colcon_core.package_identification:_identify(path_generate/center-line-fitting) by extension 'cmake'
[3.139s] Level 1:colcon.colcon_core.package_identification:_identify(path_generate/center-line-fitting) by extension 'python'
[3.139s] Level 1:colcon.colcon_core.package_identification:_identify(path_generate/center-line-fitting) by extensions ['python_setup_py']
[3.139s] Level 1:colcon.colcon_core.package_identification:_identify(path_generate/center-line-fitting) by extension 'python_setup_py'
[3.140s] Level 1:colcon.colcon_core.package_identification:_identify(path_generate/center-line-fitting/src) by extensions ['ignore', 'ignore_ament_install']
[3.141s] Level 1:colcon.colcon_core.package_identification:_identify(path_generate/center-line-fitting/src) by extension 'ignore'
[3.142s] Level 1:colcon.colcon_core.package_identification:_identify(path_generate/center-line-fitting/src) by extension 'ignore_ament_install'
[3.143s] Level 1:colcon.colcon_core.package_identification:_identify(path_generate/center-line-fitting/src) by extensions ['colcon_pkg']
[3.143s] Level 1:colcon.colcon_core.package_identification:_identify(path_generate/center-line-fitting/src) by extension 'colcon_pkg'
[3.143s] Level 1:colcon.colcon_core.package_identification:_identify(path_generate/center-line-fitting/src) by extensions ['colcon_meta']
[3.143s] Level 1:colcon.colcon_core.package_identification:_identify(path_generate/center-line-fitting/src) by extension 'colcon_meta'
[3.144s] Level 1:colcon.colcon_core.package_identification:_identify(path_generate/center-line-fitting/src) by extensions ['ros']
[3.144s] Level 1:colcon.colcon_core.package_identification:_identify(path_generate/center-line-fitting/src) by extension 'ros'
[3.145s] Level 1:colcon.colcon_core.package_identification:_identify(path_generate/center-line-fitting/src) by extensions ['cmake', 'python']
[3.145s] Level 1:colcon.colcon_core.package_identification:_identify(path_generate/center-line-fitting/src) by extension 'cmake'
[3.145s] Level 1:colcon.colcon_core.package_identification:_identify(path_generate/center-line-fitting/src) by extension 'python'
[3.145s] Level 1:colcon.colcon_core.package_identification:_identify(path_generate/center-line-fitting/src) by extensions ['python_setup_py']
[3.146s] Level 1:colcon.colcon_core.package_identification:_identify(path_generate/center-line-fitting/src) by extension 'python_setup_py'
[3.146s] Level 1:colcon.colcon_core.package_identification:_identify(path_generate/center-line-fitting/src/__pycache__) by extensions ['ignore', 'ignore_ament_install']
[3.147s] Level 1:colcon.colcon_core.package_identification:_identify(path_generate/center-line-fitting/src/__pycache__) by extension 'ignore'
[3.147s] Level 1:colcon.colcon_core.package_identification:_identify(path_generate/center-line-fitting/src/__pycache__) by extension 'ignore_ament_install'
[3.148s] Level 1:colcon.colcon_core.package_identification:_identify(path_generate/center-line-fitting/src/__pycache__) by extensions ['colcon_pkg']
[3.148s] Level 1:colcon.colcon_core.package_identification:_identify(path_generate/center-line-fitting/src/__pycache__) by extension 'colcon_pkg'
[3.148s] Level 1:colcon.colcon_core.package_identification:_identify(path_generate/center-line-fitting/src/__pycache__) by extensions ['colcon_meta']
[3.148s] Level 1:colcon.colcon_core.package_identification:_identify(path_generate/center-line-fitting/src/__pycache__) by extension 'colcon_meta'
[3.149s] Level 1:colcon.colcon_core.package_identification:_identify(path_generate/center-line-fitting/src/__pycache__) by extensions ['ros']
[3.149s] Level 1:colcon.colcon_core.package_identification:_identify(path_generate/center-line-fitting/src/__pycache__) by extension 'ros'
[3.149s] Level 1:colcon.colcon_core.package_identification:_identify(path_generate/center-line-fitting/src/__pycache__) by extensions ['cmake', 'python']
[3.150s] Level 1:colcon.colcon_core.package_identification:_identify(path_generate/center-line-fitting/src/__pycache__) by extension 'cmake'
[3.150s] Level 1:colcon.colcon_core.package_identification:_identify(path_generate/center-line-fitting/src/__pycache__) by extension 'python'
[3.150s] Level 1:colcon.colcon_core.package_identification:_identify(path_generate/center-line-fitting/src/__pycache__) by extensions ['python_setup_py']
[3.150s] Level 1:colcon.colcon_core.package_identification:_identify(path_generate/center-line-fitting/src/__pycache__) by extension 'python_setup_py'
[3.151s] Level 1:colcon.colcon_core.package_identification:_identify(path_generate/global_racetrajectory_optimization) by extensions ['ignore', 'ignore_ament_install']
[3.152s] Level 1:colcon.colcon_core.package_identification:_identify(path_generate/global_racetrajectory_optimization) by extension 'ignore'
[3.152s] Level 1:colcon.colcon_core.package_identification:_identify(path_generate/global_racetrajectory_optimization) by extension 'ignore_ament_install'
[3.152s] Level 1:colcon.colcon_core.package_identification:_identify(path_generate/global_racetrajectory_optimization) by extensions ['colcon_pkg']
[3.153s] Level 1:colcon.colcon_core.package_identification:_identify(path_generate/global_racetrajectory_optimization) by extension 'colcon_pkg'
[3.153s] Level 1:colcon.colcon_core.package_identification:_identify(path_generate/global_racetrajectory_optimization) by extensions ['colcon_meta']
[3.153s] Level 1:colcon.colcon_core.package_identification:_identify(path_generate/global_racetrajectory_optimization) by extension 'colcon_meta'
[3.154s] Level 1:colcon.colcon_core.package_identification:_identify(path_generate/global_racetrajectory_optimization) by extensions ['ros']
[3.154s] Level 1:colcon.colcon_core.package_identification:_identify(path_generate/global_racetrajectory_optimization) by extension 'ros'
[3.154s] Level 1:colcon.colcon_core.package_identification:_identify(path_generate/global_racetrajectory_optimization) by extensions ['cmake', 'python']
[3.154s] Level 1:colcon.colcon_core.package_identification:_identify(path_generate/global_racetrajectory_optimization) by extension 'cmake'
[3.155s] Level 1:colcon.colcon_core.package_identification:_identify(path_generate/global_racetrajectory_optimization) by extension 'python'
[3.155s] Level 1:colcon.colcon_core.package_identification:_identify(path_generate/global_racetrajectory_optimization) by extensions ['python_setup_py']
[3.155s] Level 1:colcon.colcon_core.package_identification:_identify(path_generate/global_racetrajectory_optimization) by extension 'python_setup_py'
[3.156s] Level 1:colcon.colcon_core.package_identification:_identify(path_generate/global_racetrajectory_optimization/frictionmap) by extensions ['ignore', 'ignore_ament_install']
[3.157s] Level 1:colcon.colcon_core.package_identification:_identify(path_generate/global_racetrajectory_optimization/frictionmap) by extension 'ignore'
[3.157s] Level 1:colcon.colcon_core.package_identification:_identify(path_generate/global_racetrajectory_optimization/frictionmap) by extension 'ignore_ament_install'
[3.158s] Level 1:colcon.colcon_core.package_identification:_identify(path_generate/global_racetrajectory_optimization/frictionmap) by extensions ['colcon_pkg']
[3.158s] Level 1:colcon.colcon_core.package_identification:_identify(path_generate/global_racetrajectory_optimization/frictionmap) by extension 'colcon_pkg'
[3.158s] Level 1:colcon.colcon_core.package_identification:_identify(path_generate/global_racetrajectory_optimization/frictionmap) by extensions ['colcon_meta']
[3.159s] Level 1:colcon.colcon_core.package_identification:_identify(path_generate/global_racetrajectory_optimization/frictionmap) by extension 'colcon_meta'
[3.159s] Level 1:colcon.colcon_core.package_identification:_identify(path_generate/global_racetrajectory_optimization/frictionmap) by extensions ['ros']
[3.159s] Level 1:colcon.colcon_core.package_identification:_identify(path_generate/global_racetrajectory_optimization/frictionmap) by extension 'ros'
[3.160s] Level 1:colcon.colcon_core.package_identification:_identify(path_generate/global_racetrajectory_optimization/frictionmap) by extensions ['cmake', 'python']
[3.160s] Level 1:colcon.colcon_core.package_identification:_identify(path_generate/global_racetrajectory_optimization/frictionmap) by extension 'cmake'
[3.161s] Level 1:colcon.colcon_core.package_identification:_identify(path_generate/global_racetrajectory_optimization/frictionmap) by extension 'python'
[3.161s] Level 1:colcon.colcon_core.package_identification:_identify(path_generate/global_racetrajectory_optimization/frictionmap) by extensions ['python_setup_py']
[3.161s] Level 1:colcon.colcon_core.package_identification:_identify(path_generate/global_racetrajectory_optimization/frictionmap) by extension 'python_setup_py'
[3.162s] Level 1:colcon.colcon_core.package_identification:_identify(path_generate/global_racetrajectory_optimization/frictionmap/src) by extensions ['ignore', 'ignore_ament_install']
[3.162s] Level 1:colcon.colcon_core.package_identification:_identify(path_generate/global_racetrajectory_optimization/frictionmap/src) by extension 'ignore'
[3.163s] Level 1:colcon.colcon_core.package_identification:_identify(path_generate/global_racetrajectory_optimization/frictionmap/src) by extension 'ignore_ament_install'
[3.166s] Level 1:colcon.colcon_core.package_identification:_identify(path_generate/global_racetrajectory_optimization/frictionmap/src) by extensions ['colcon_pkg']
[3.166s] Level 1:colcon.colcon_core.package_identification:_identify(path_generate/global_racetrajectory_optimization/frictionmap/src) by extension 'colcon_pkg'
[3.166s] Level 1:colcon.colcon_core.package_identification:_identify(path_generate/global_racetrajectory_optimization/frictionmap/src) by extensions ['colcon_meta']
[3.167s] Level 1:colcon.colcon_core.package_identification:_identify(path_generate/global_racetrajectory_optimization/frictionmap/src) by extension 'colcon_meta'
[3.167s] Level 1:colcon.colcon_core.package_identification:_identify(path_generate/global_racetrajectory_optimization/frictionmap/src) by extensions ['ros']
[3.167s] Level 1:colcon.colcon_core.package_identification:_identify(path_generate/global_racetrajectory_optimization/frictionmap/src) by extension 'ros'
[3.168s] Level 1:colcon.colcon_core.package_identification:_identify(path_generate/global_racetrajectory_optimization/frictionmap/src) by extensions ['cmake', 'python']
[3.168s] Level 1:colcon.colcon_core.package_identification:_identify(path_generate/global_racetrajectory_optimization/frictionmap/src) by extension 'cmake'
[3.169s] Level 1:colcon.colcon_core.package_identification:_identify(path_generate/global_racetrajectory_optimization/frictionmap/src) by extension 'python'
[3.169s] Level 1:colcon.colcon_core.package_identification:_identify(path_generate/global_racetrajectory_optimization/frictionmap/src) by extensions ['python_setup_py']
[3.169s] Level 1:colcon.colcon_core.package_identification:_identify(path_generate/global_racetrajectory_optimization/frictionmap/src) by extension 'python_setup_py'
[3.170s] Level 1:colcon.colcon_core.package_identification:_identify(path_generate/global_racetrajectory_optimization/helper_funcs_glob) by extensions ['ignore', 'ignore_ament_install']
[3.170s] Level 1:colcon.colcon_core.package_identification:_identify(path_generate/global_racetrajectory_optimization/helper_funcs_glob) by extension 'ignore'
[3.171s] Level 1:colcon.colcon_core.package_identification:_identify(path_generate/global_racetrajectory_optimization/helper_funcs_glob) by extension 'ignore_ament_install'
[3.171s] Level 1:colcon.colcon_core.package_identification:_identify(path_generate/global_racetrajectory_optimization/helper_funcs_glob) by extensions ['colcon_pkg']
[3.171s] Level 1:colcon.colcon_core.package_identification:_identify(path_generate/global_racetrajectory_optimization/helper_funcs_glob) by extension 'colcon_pkg'
[3.172s] Level 1:colcon.colcon_core.package_identification:_identify(path_generate/global_racetrajectory_optimization/helper_funcs_glob) by extensions ['colcon_meta']
[3.172s] Level 1:colcon.colcon_core.package_identification:_identify(path_generate/global_racetrajectory_optimization/helper_funcs_glob) by extension 'colcon_meta'
[3.172s] Level 1:colcon.colcon_core.package_identification:_identify(path_generate/global_racetrajectory_optimization/helper_funcs_glob) by extensions ['ros']
[3.173s] Level 1:colcon.colcon_core.package_identification:_identify(path_generate/global_racetrajectory_optimization/helper_funcs_glob) by extension 'ros'
[3.173s] Level 1:colcon.colcon_core.package_identification:_identify(path_generate/global_racetrajectory_optimization/helper_funcs_glob) by extensions ['cmake', 'python']
[3.173s] Level 1:colcon.colcon_core.package_identification:_identify(path_generate/global_racetrajectory_optimization/helper_funcs_glob) by extension 'cmake'
[3.174s] Level 1:colcon.colcon_core.package_identification:_identify(path_generate/global_racetrajectory_optimization/helper_funcs_glob) by extension 'python'
[3.174s] Level 1:colcon.colcon_core.package_identification:_identify(path_generate/global_racetrajectory_optimization/helper_funcs_glob) by extensions ['python_setup_py']
[3.174s] Level 1:colcon.colcon_core.package_identification:_identify(path_generate/global_racetrajectory_optimization/helper_funcs_glob) by extension 'python_setup_py'
[3.176s] Level 1:colcon.colcon_core.package_identification:_identify(path_generate/global_racetrajectory_optimization/helper_funcs_glob/src) by extensions ['ignore', 'ignore_ament_install']
[3.177s] Level 1:colcon.colcon_core.package_identification:_identify(path_generate/global_racetrajectory_optimization/helper_funcs_glob/src) by extension 'ignore'
[3.178s] Level 1:colcon.colcon_core.package_identification:_identify(path_generate/global_racetrajectory_optimization/helper_funcs_glob/src) by extension 'ignore_ament_install'
[3.179s] Level 1:colcon.colcon_core.package_identification:_identify(path_generate/global_racetrajectory_optimization/helper_funcs_glob/src) by extensions ['colcon_pkg']
[3.179s] Level 1:colcon.colcon_core.package_identification:_identify(path_generate/global_racetrajectory_optimization/helper_funcs_glob/src) by extension 'colcon_pkg'
[3.179s] Level 1:colcon.colcon_core.package_identification:_identify(path_generate/global_racetrajectory_optimization/helper_funcs_glob/src) by extensions ['colcon_meta']
[3.180s] Level 1:colcon.colcon_core.package_identification:_identify(path_generate/global_racetrajectory_optimization/helper_funcs_glob/src) by extension 'colcon_meta'
[3.180s] Level 1:colcon.colcon_core.package_identification:_identify(path_generate/global_racetrajectory_optimization/helper_funcs_glob/src) by extensions ['ros']
[3.181s] Level 1:colcon.colcon_core.package_identification:_identify(path_generate/global_racetrajectory_optimization/helper_funcs_glob/src) by extension 'ros'
[3.182s] Level 1:colcon.colcon_core.package_identification:_identify(path_generate/global_racetrajectory_optimization/helper_funcs_glob/src) by extensions ['cmake', 'python']
[3.182s] Level 1:colcon.colcon_core.package_identification:_identify(path_generate/global_racetrajectory_optimization/helper_funcs_glob/src) by extension 'cmake'
[3.182s] Level 1:colcon.colcon_core.package_identification:_identify(path_generate/global_racetrajectory_optimization/helper_funcs_glob/src) by extension 'python'
[3.182s] Level 1:colcon.colcon_core.package_identification:_identify(path_generate/global_racetrajectory_optimization/helper_funcs_glob/src) by extensions ['python_setup_py']
[3.183s] Level 1:colcon.colcon_core.package_identification:_identify(path_generate/global_racetrajectory_optimization/helper_funcs_glob/src) by extension 'python_setup_py'
[3.184s] Level 1:colcon.colcon_core.package_identification:_identify(path_generate/global_racetrajectory_optimization/inputs) by extensions ['ignore', 'ignore_ament_install']
[3.184s] Level 1:colcon.colcon_core.package_identification:_identify(path_generate/global_racetrajectory_optimization/inputs) by extension 'ignore'
[3.185s] Level 1:colcon.colcon_core.package_identification:_identify(path_generate/global_racetrajectory_optimization/inputs) by extension 'ignore_ament_install'
[3.185s] Level 1:colcon.colcon_core.package_identification:_identify(path_generate/global_racetrajectory_optimization/inputs) by extensions ['colcon_pkg']
[3.185s] Level 1:colcon.colcon_core.package_identification:_identify(path_generate/global_racetrajectory_optimization/inputs) by extension 'colcon_pkg'
[3.186s] Level 1:colcon.colcon_core.package_identification:_identify(path_generate/global_racetrajectory_optimization/inputs) by extensions ['colcon_meta']
[3.187s] Level 1:colcon.colcon_core.package_identification:_identify(path_generate/global_racetrajectory_optimization/inputs) by extension 'colcon_meta'
[3.187s] Level 1:colcon.colcon_core.package_identification:_identify(path_generate/global_racetrajectory_optimization/inputs) by extensions ['ros']
[3.187s] Level 1:colcon.colcon_core.package_identification:_identify(path_generate/global_racetrajectory_optimization/inputs) by extension 'ros'
[3.188s] Level 1:colcon.colcon_core.package_identification:_identify(path_generate/global_racetrajectory_optimization/inputs) by extensions ['cmake', 'python']
[3.188s] Level 1:colcon.colcon_core.package_identification:_identify(path_generate/global_racetrajectory_optimization/inputs) by extension 'cmake'
[3.189s] Level 1:colcon.colcon_core.package_identification:_identify(path_generate/global_racetrajectory_optimization/inputs) by extension 'python'
[3.189s] Level 1:colcon.colcon_core.package_identification:_identify(path_generate/global_racetrajectory_optimization/inputs) by extensions ['python_setup_py']
[3.189s] Level 1:colcon.colcon_core.package_identification:_identify(path_generate/global_racetrajectory_optimization/inputs) by extension 'python_setup_py'
[3.190s] Level 1:colcon.colcon_core.package_identification:_identify(path_generate/global_racetrajectory_optimization/inputs/frictionmaps) by extensions ['ignore', 'ignore_ament_install']
[3.191s] Level 1:colcon.colcon_core.package_identification:_identify(path_generate/global_racetrajectory_optimization/inputs/frictionmaps) by extension 'ignore'
[3.192s] Level 1:colcon.colcon_core.package_identification:_identify(path_generate/global_racetrajectory_optimization/inputs/frictionmaps) by extension 'ignore_ament_install'
[3.192s] Level 1:colcon.colcon_core.package_identification:_identify(path_generate/global_racetrajectory_optimization/inputs/frictionmaps) by extensions ['colcon_pkg']
[3.192s] Level 1:colcon.colcon_core.package_identification:_identify(path_generate/global_racetrajectory_optimization/inputs/frictionmaps) by extension 'colcon_pkg'
[3.193s] Level 1:colcon.colcon_core.package_identification:_identify(path_generate/global_racetrajectory_optimization/inputs/frictionmaps) by extensions ['colcon_meta']
[3.193s] Level 1:colcon.colcon_core.package_identification:_identify(path_generate/global_racetrajectory_optimization/inputs/frictionmaps) by extension 'colcon_meta'
[3.194s] Level 1:colcon.colcon_core.package_identification:_identify(path_generate/global_racetrajectory_optimization/inputs/frictionmaps) by extensions ['ros']
[3.194s] Level 1:colcon.colcon_core.package_identification:_identify(path_generate/global_racetrajectory_optimization/inputs/frictionmaps) by extension 'ros'
[3.194s] Level 1:colcon.colcon_core.package_identification:_identify(path_generate/global_racetrajectory_optimization/inputs/frictionmaps) by extensions ['cmake', 'python']
[3.195s] Level 1:colcon.colcon_core.package_identification:_identify(path_generate/global_racetrajectory_optimization/inputs/frictionmaps) by extension 'cmake'
[3.196s] Level 1:colcon.colcon_core.package_identification:_identify(path_generate/global_racetrajectory_optimization/inputs/frictionmaps) by extension 'python'
[3.196s] Level 1:colcon.colcon_core.package_identification:_identify(path_generate/global_racetrajectory_optimization/inputs/frictionmaps) by extensions ['python_setup_py']
[3.196s] Level 1:colcon.colcon_core.package_identification:_identify(path_generate/global_racetrajectory_optimization/inputs/frictionmaps) by extension 'python_setup_py'
[3.199s] Level 1:colcon.colcon_core.package_identification:_identify(path_generate/global_racetrajectory_optimization/inputs/tracks) by extensions ['ignore', 'ignore_ament_install']
[3.200s] Level 1:colcon.colcon_core.package_identification:_identify(path_generate/global_racetrajectory_optimization/inputs/tracks) by extension 'ignore'
[3.201s] Level 1:colcon.colcon_core.package_identification:_identify(path_generate/global_racetrajectory_optimization/inputs/tracks) by extension 'ignore_ament_install'
[3.202s] Level 1:colcon.colcon_core.package_identification:_identify(path_generate/global_racetrajectory_optimization/inputs/tracks) by extensions ['colcon_pkg']
[3.202s] Level 1:colcon.colcon_core.package_identification:_identify(path_generate/global_racetrajectory_optimization/inputs/tracks) by extension 'colcon_pkg'
[3.202s] Level 1:colcon.colcon_core.package_identification:_identify(path_generate/global_racetrajectory_optimization/inputs/tracks) by extensions ['colcon_meta']
[3.203s] Level 1:colcon.colcon_core.package_identification:_identify(path_generate/global_racetrajectory_optimization/inputs/tracks) by extension 'colcon_meta'
[3.203s] Level 1:colcon.colcon_core.package_identification:_identify(path_generate/global_racetrajectory_optimization/inputs/tracks) by extensions ['ros']
[3.203s] Level 1:colcon.colcon_core.package_identification:_identify(path_generate/global_racetrajectory_optimization/inputs/tracks) by extension 'ros'
[3.204s] Level 1:colcon.colcon_core.package_identification:_identify(path_generate/global_racetrajectory_optimization/inputs/tracks) by extensions ['cmake', 'python']
[3.204s] Level 1:colcon.colcon_core.package_identification:_identify(path_generate/global_racetrajectory_optimization/inputs/tracks) by extension 'cmake'
[3.205s] Level 1:colcon.colcon_core.package_identification:_identify(path_generate/global_racetrajectory_optimization/inputs/tracks) by extension 'python'
[3.205s] Level 1:colcon.colcon_core.package_identification:_identify(path_generate/global_racetrajectory_optimization/inputs/tracks) by extensions ['python_setup_py']
[3.208s] Level 1:colcon.colcon_core.package_identification:_identify(path_generate/global_racetrajectory_optimization/inputs/tracks) by extension 'python_setup_py'
[3.209s] Level 1:colcon.colcon_core.package_identification:_identify(path_generate/global_racetrajectory_optimization/inputs/veh_dyn_info) by extensions ['ignore', 'ignore_ament_install']
[3.210s] Level 1:colcon.colcon_core.package_identification:_identify(path_generate/global_racetrajectory_optimization/inputs/veh_dyn_info) by extension 'ignore'
[3.210s] Level 1:colcon.colcon_core.package_identification:_identify(path_generate/global_racetrajectory_optimization/inputs/veh_dyn_info) by extension 'ignore_ament_install'
[3.211s] Level 1:colcon.colcon_core.package_identification:_identify(path_generate/global_racetrajectory_optimization/inputs/veh_dyn_info) by extensions ['colcon_pkg']
[3.211s] Level 1:colcon.colcon_core.package_identification:_identify(path_generate/global_racetrajectory_optimization/inputs/veh_dyn_info) by extension 'colcon_pkg'
[3.211s] Level 1:colcon.colcon_core.package_identification:_identify(path_generate/global_racetrajectory_optimization/inputs/veh_dyn_info) by extensions ['colcon_meta']
[3.211s] Level 1:colcon.colcon_core.package_identification:_identify(path_generate/global_racetrajectory_optimization/inputs/veh_dyn_info) by extension 'colcon_meta'
[3.212s] Level 1:colcon.colcon_core.package_identification:_identify(path_generate/global_racetrajectory_optimization/inputs/veh_dyn_info) by extensions ['ros']
[3.212s] Level 1:colcon.colcon_core.package_identification:_identify(path_generate/global_racetrajectory_optimization/inputs/veh_dyn_info) by extension 'ros'
[3.213s] Level 1:colcon.colcon_core.package_identification:_identify(path_generate/global_racetrajectory_optimization/inputs/veh_dyn_info) by extensions ['cmake', 'python']
[3.213s] Level 1:colcon.colcon_core.package_identification:_identify(path_generate/global_racetrajectory_optimization/inputs/veh_dyn_info) by extension 'cmake'
[3.213s] Level 1:colcon.colcon_core.package_identification:_identify(path_generate/global_racetrajectory_optimization/inputs/veh_dyn_info) by extension 'python'
[3.214s] Level 1:colcon.colcon_core.package_identification:_identify(path_generate/global_racetrajectory_optimization/inputs/veh_dyn_info) by extensions ['python_setup_py']
[3.215s] Level 1:colcon.colcon_core.package_identification:_identify(path_generate/global_racetrajectory_optimization/inputs/veh_dyn_info) by extension 'python_setup_py'
[3.217s] Level 1:colcon.colcon_core.package_identification:_identify(path_generate/global_racetrajectory_optimization/opt_mintime_traj) by extensions ['ignore', 'ignore_ament_install']
[3.218s] Level 1:colcon.colcon_core.package_identification:_identify(path_generate/global_racetrajectory_optimization/opt_mintime_traj) by extension 'ignore'
[3.218s] Level 1:colcon.colcon_core.package_identification:_identify(path_generate/global_racetrajectory_optimization/opt_mintime_traj) by extension 'ignore_ament_install'
[3.219s] Level 1:colcon.colcon_core.package_identification:_identify(path_generate/global_racetrajectory_optimization/opt_mintime_traj) by extensions ['colcon_pkg']
[3.219s] Level 1:colcon.colcon_core.package_identification:_identify(path_generate/global_racetrajectory_optimization/opt_mintime_traj) by extension 'colcon_pkg'
[3.219s] Level 1:colcon.colcon_core.package_identification:_identify(path_generate/global_racetrajectory_optimization/opt_mintime_traj) by extensions ['colcon_meta']
[3.219s] Level 1:colcon.colcon_core.package_identification:_identify(path_generate/global_racetrajectory_optimization/opt_mintime_traj) by extension 'colcon_meta'
[3.220s] Level 1:colcon.colcon_core.package_identification:_identify(path_generate/global_racetrajectory_optimization/opt_mintime_traj) by extensions ['ros']
[3.220s] Level 1:colcon.colcon_core.package_identification:_identify(path_generate/global_racetrajectory_optimization/opt_mintime_traj) by extension 'ros'
[3.221s] Level 1:colcon.colcon_core.package_identification:_identify(path_generate/global_racetrajectory_optimization/opt_mintime_traj) by extensions ['cmake', 'python']
[3.221s] Level 1:colcon.colcon_core.package_identification:_identify(path_generate/global_racetrajectory_optimization/opt_mintime_traj) by extension 'cmake'
[3.221s] Level 1:colcon.colcon_core.package_identification:_identify(path_generate/global_racetrajectory_optimization/opt_mintime_traj) by extension 'python'
[3.222s] Level 1:colcon.colcon_core.package_identification:_identify(path_generate/global_racetrajectory_optimization/opt_mintime_traj) by extensions ['python_setup_py']
[3.222s] Level 1:colcon.colcon_core.package_identification:_identify(path_generate/global_racetrajectory_optimization/opt_mintime_traj) by extension 'python_setup_py'
[3.223s] Level 1:colcon.colcon_core.package_identification:_identify(path_generate/global_racetrajectory_optimization/opt_mintime_traj/powertrain_src) by extensions ['ignore', 'ignore_ament_install']
[3.223s] Level 1:colcon.colcon_core.package_identification:_identify(path_generate/global_racetrajectory_optimization/opt_mintime_traj/powertrain_src) by extension 'ignore'
[3.224s] Level 1:colcon.colcon_core.package_identification:_identify(path_generate/global_racetrajectory_optimization/opt_mintime_traj/powertrain_src) by extension 'ignore_ament_install'
[3.224s] Level 1:colcon.colcon_core.package_identification:_identify(path_generate/global_racetrajectory_optimization/opt_mintime_traj/powertrain_src) by extensions ['colcon_pkg']
[3.224s] Level 1:colcon.colcon_core.package_identification:_identify(path_generate/global_racetrajectory_optimization/opt_mintime_traj/powertrain_src) by extension 'colcon_pkg'
[3.224s] Level 1:colcon.colcon_core.package_identification:_identify(path_generate/global_racetrajectory_optimization/opt_mintime_traj/powertrain_src) by extensions ['colcon_meta']
[3.225s] Level 1:colcon.colcon_core.package_identification:_identify(path_generate/global_racetrajectory_optimization/opt_mintime_traj/powertrain_src) by extension 'colcon_meta'
[3.225s] Level 1:colcon.colcon_core.package_identification:_identify(path_generate/global_racetrajectory_optimization/opt_mintime_traj/powertrain_src) by extensions ['ros']
[3.225s] Level 1:colcon.colcon_core.package_identification:_identify(path_generate/global_racetrajectory_optimization/opt_mintime_traj/powertrain_src) by extension 'ros'
[3.226s] Level 1:colcon.colcon_core.package_identification:_identify(path_generate/global_racetrajectory_optimization/opt_mintime_traj/powertrain_src) by extensions ['cmake', 'python']
[3.226s] Level 1:colcon.colcon_core.package_identification:_identify(path_generate/global_racetrajectory_optimization/opt_mintime_traj/powertrain_src) by extension 'cmake'
[3.226s] Level 1:colcon.colcon_core.package_identification:_identify(path_generate/global_racetrajectory_optimization/opt_mintime_traj/powertrain_src) by extension 'python'
[3.226s] Level 1:colcon.colcon_core.package_identification:_identify(path_generate/global_racetrajectory_optimization/opt_mintime_traj/powertrain_src) by extensions ['python_setup_py']
[3.227s] Level 1:colcon.colcon_core.package_identification:_identify(path_generate/global_racetrajectory_optimization/opt_mintime_traj/powertrain_src) by extension 'python_setup_py'
[3.227s] Level 1:colcon.colcon_core.package_identification:_identify(path_generate/global_racetrajectory_optimization/opt_mintime_traj/powertrain_src/src) by extensions ['ignore', 'ignore_ament_install']
[3.228s] Level 1:colcon.colcon_core.package_identification:_identify(path_generate/global_racetrajectory_optimization/opt_mintime_traj/powertrain_src/src) by extension 'ignore'
[3.228s] Level 1:colcon.colcon_core.package_identification:_identify(path_generate/global_racetrajectory_optimization/opt_mintime_traj/powertrain_src/src) by extension 'ignore_ament_install'
[3.229s] Level 1:colcon.colcon_core.package_identification:_identify(path_generate/global_racetrajectory_optimization/opt_mintime_traj/powertrain_src/src) by extensions ['colcon_pkg']
[3.229s] Level 1:colcon.colcon_core.package_identification:_identify(path_generate/global_racetrajectory_optimization/opt_mintime_traj/powertrain_src/src) by extension 'colcon_pkg'
[3.229s] Level 1:colcon.colcon_core.package_identification:_identify(path_generate/global_racetrajectory_optimization/opt_mintime_traj/powertrain_src/src) by extensions ['colcon_meta']
[3.229s] Level 1:colcon.colcon_core.package_identification:_identify(path_generate/global_racetrajectory_optimization/opt_mintime_traj/powertrain_src/src) by extension 'colcon_meta'
[3.230s] Level 1:colcon.colcon_core.package_identification:_identify(path_generate/global_racetrajectory_optimization/opt_mintime_traj/powertrain_src/src) by extensions ['ros']
[3.230s] Level 1:colcon.colcon_core.package_identification:_identify(path_generate/global_racetrajectory_optimization/opt_mintime_traj/powertrain_src/src) by extension 'ros'
[3.230s] Level 1:colcon.colcon_core.package_identification:_identify(path_generate/global_racetrajectory_optimization/opt_mintime_traj/powertrain_src/src) by extensions ['cmake', 'python']
[3.231s] Level 1:colcon.colcon_core.package_identification:_identify(path_generate/global_racetrajectory_optimization/opt_mintime_traj/powertrain_src/src) by extension 'cmake'
[3.231s] Level 1:colcon.colcon_core.package_identification:_identify(path_generate/global_racetrajectory_optimization/opt_mintime_traj/powertrain_src/src) by extension 'python'
[3.231s] Level 1:colcon.colcon_core.package_identification:_identify(path_generate/global_racetrajectory_optimization/opt_mintime_traj/powertrain_src/src) by extensions ['python_setup_py']
[3.231s] Level 1:colcon.colcon_core.package_identification:_identify(path_generate/global_racetrajectory_optimization/opt_mintime_traj/powertrain_src/src) by extension 'python_setup_py'
[3.232s] Level 1:colcon.colcon_core.package_identification:_identify(path_generate/global_racetrajectory_optimization/opt_mintime_traj/src) by extensions ['ignore', 'ignore_ament_install']
[3.233s] Level 1:colcon.colcon_core.package_identification:_identify(path_generate/global_racetrajectory_optimization/opt_mintime_traj/src) by extension 'ignore'
[3.233s] Level 1:colcon.colcon_core.package_identification:_identify(path_generate/global_racetrajectory_optimization/opt_mintime_traj/src) by extension 'ignore_ament_install'
[3.234s] Level 1:colcon.colcon_core.package_identification:_identify(path_generate/global_racetrajectory_optimization/opt_mintime_traj/src) by extensions ['colcon_pkg']
[3.234s] Level 1:colcon.colcon_core.package_identification:_identify(path_generate/global_racetrajectory_optimization/opt_mintime_traj/src) by extension 'colcon_pkg'
[3.234s] Level 1:colcon.colcon_core.package_identification:_identify(path_generate/global_racetrajectory_optimization/opt_mintime_traj/src) by extensions ['colcon_meta']
[3.235s] Level 1:colcon.colcon_core.package_identification:_identify(path_generate/global_racetrajectory_optimization/opt_mintime_traj/src) by extension 'colcon_meta'
[3.236s] Level 1:colcon.colcon_core.package_identification:_identify(path_generate/global_racetrajectory_optimization/opt_mintime_traj/src) by extensions ['ros']
[3.237s] Level 1:colcon.colcon_core.package_identification:_identify(path_generate/global_racetrajectory_optimization/opt_mintime_traj/src) by extension 'ros'
[3.238s] Level 1:colcon.colcon_core.package_identification:_identify(path_generate/global_racetrajectory_optimization/opt_mintime_traj/src) by extensions ['cmake', 'python']
[3.238s] Level 1:colcon.colcon_core.package_identification:_identify(path_generate/global_racetrajectory_optimization/opt_mintime_traj/src) by extension 'cmake'
[3.238s] Level 1:colcon.colcon_core.package_identification:_identify(path_generate/global_racetrajectory_optimization/opt_mintime_traj/src) by extension 'python'
[3.239s] Level 1:colcon.colcon_core.package_identification:_identify(path_generate/global_racetrajectory_optimization/opt_mintime_traj/src) by extensions ['python_setup_py']
[3.239s] Level 1:colcon.colcon_core.package_identification:_identify(path_generate/global_racetrajectory_optimization/opt_mintime_traj/src) by extension 'python_setup_py'
[3.240s] Level 1:colcon.colcon_core.package_identification:_identify(path_generate/global_racetrajectory_optimization/params) by extensions ['ignore', 'ignore_ament_install']
[3.241s] Level 1:colcon.colcon_core.package_identification:_identify(path_generate/global_racetrajectory_optimization/params) by extension 'ignore'
[3.241s] Level 1:colcon.colcon_core.package_identification:_identify(path_generate/global_racetrajectory_optimization/params) by extension 'ignore_ament_install'
[3.242s] Level 1:colcon.colcon_core.package_identification:_identify(path_generate/global_racetrajectory_optimization/params) by extensions ['colcon_pkg']
[3.242s] Level 1:colcon.colcon_core.package_identification:_identify(path_generate/global_racetrajectory_optimization/params) by extension 'colcon_pkg'
[3.242s] Level 1:colcon.colcon_core.package_identification:_identify(path_generate/global_racetrajectory_optimization/params) by extensions ['colcon_meta']
[3.242s] Level 1:colcon.colcon_core.package_identification:_identify(path_generate/global_racetrajectory_optimization/params) by extension 'colcon_meta'
[3.243s] Level 1:colcon.colcon_core.package_identification:_identify(path_generate/global_racetrajectory_optimization/params) by extensions ['ros']
[3.243s] Level 1:colcon.colcon_core.package_identification:_identify(path_generate/global_racetrajectory_optimization/params) by extension 'ros'
[3.244s] Level 1:colcon.colcon_core.package_identification:_identify(path_generate/global_racetrajectory_optimization/params) by extensions ['cmake', 'python']
[3.244s] Level 1:colcon.colcon_core.package_identification:_identify(path_generate/global_racetrajectory_optimization/params) by extension 'cmake'
[3.244s] Level 1:colcon.colcon_core.package_identification:_identify(path_generate/global_racetrajectory_optimization/params) by extension 'python'
[3.244s] Level 1:colcon.colcon_core.package_identification:_identify(path_generate/global_racetrajectory_optimization/params) by extensions ['python_setup_py']
[3.245s] Level 1:colcon.colcon_core.package_identification:_identify(path_generate/global_racetrajectory_optimization/params) by extension 'python_setup_py'
[3.245s] Level 1:colcon.colcon_core.package_identification:_identify(path_generate/steven_gong) by extensions ['ignore', 'ignore_ament_install']
[3.246s] Level 1:colcon.colcon_core.package_identification:_identify(path_generate/steven_gong) by extension 'ignore'
[3.246s] Level 1:colcon.colcon_core.package_identification:_identify(path_generate/steven_gong) by extension 'ignore_ament_install'
[3.246s] Level 1:colcon.colcon_core.package_identification:_identify(path_generate/steven_gong) by extensions ['colcon_pkg']
[3.247s] Level 1:colcon.colcon_core.package_identification:_identify(path_generate/steven_gong) by extension 'colcon_pkg'
[3.247s] Level 1:colcon.colcon_core.package_identification:_identify(path_generate/steven_gong) by extensions ['colcon_meta']
[3.247s] Level 1:colcon.colcon_core.package_identification:_identify(path_generate/steven_gong) by extension 'colcon_meta'
[3.247s] Level 1:colcon.colcon_core.package_identification:_identify(path_generate/steven_gong) by extensions ['ros']
[3.248s] Level 1:colcon.colcon_core.package_identification:_identify(path_generate/steven_gong) by extension 'ros'
[3.248s] Level 1:colcon.colcon_core.package_identification:_identify(path_generate/steven_gong) by extensions ['cmake', 'python']
[3.248s] Level 1:colcon.colcon_core.package_identification:_identify(path_generate/steven_gong) by extension 'cmake'
[3.249s] Level 1:colcon.colcon_core.package_identification:_identify(path_generate/steven_gong) by extension 'python'
[3.249s] Level 1:colcon.colcon_core.package_identification:_identify(path_generate/steven_gong) by extensions ['python_setup_py']
[3.249s] Level 1:colcon.colcon_core.package_identification:_identify(path_generate/steven_gong) by extension 'python_setup_py'
[3.250s] Level 1:colcon.colcon_core.package_identification:_identify(path_generate/steven_gong/Raceline-Optimization) by extensions ['ignore', 'ignore_ament_install']
[3.250s] Level 1:colcon.colcon_core.package_identification:_identify(path_generate/steven_gong/Raceline-Optimization) by extension 'ignore'
[3.251s] Level 1:colcon.colcon_core.package_identification:_identify(path_generate/steven_gong/Raceline-Optimization) by extension 'ignore_ament_install'
[3.251s] Level 1:colcon.colcon_core.package_identification:_identify(path_generate/steven_gong/Raceline-Optimization) by extensions ['colcon_pkg']
[3.251s] Level 1:colcon.colcon_core.package_identification:_identify(path_generate/steven_gong/Raceline-Optimization) by extension 'colcon_pkg'
[3.252s] Level 1:colcon.colcon_core.package_identification:_identify(path_generate/steven_gong/Raceline-Optimization) by extensions ['colcon_meta']
[3.252s] Level 1:colcon.colcon_core.package_identification:_identify(path_generate/steven_gong/Raceline-Optimization) by extension 'colcon_meta'
[3.252s] Level 1:colcon.colcon_core.package_identification:_identify(path_generate/steven_gong/Raceline-Optimization) by extensions ['ros']
[3.252s] Level 1:colcon.colcon_core.package_identification:_identify(path_generate/steven_gong/Raceline-Optimization) by extension 'ros'
[3.253s] Level 1:colcon.colcon_core.package_identification:_identify(path_generate/steven_gong/Raceline-Optimization) by extensions ['cmake', 'python']
[3.253s] Level 1:colcon.colcon_core.package_identification:_identify(path_generate/steven_gong/Raceline-Optimization) by extension 'cmake'
[3.253s] Level 1:colcon.colcon_core.package_identification:_identify(path_generate/steven_gong/Raceline-Optimization) by extension 'python'
[3.254s] Level 1:colcon.colcon_core.package_identification:_identify(path_generate/steven_gong/Raceline-Optimization) by extensions ['python_setup_py']
[3.254s] Level 1:colcon.colcon_core.package_identification:_identify(path_generate/steven_gong/Raceline-Optimization) by extension 'python_setup_py'
[3.254s] Level 1:colcon.colcon_core.package_identification:_identify(path_generate/steven_gong/Raceline-Optimization/frictionmap) by extensions ['ignore', 'ignore_ament_install']
[3.255s] Level 1:colcon.colcon_core.package_identification:_identify(path_generate/steven_gong/Raceline-Optimization/frictionmap) by extension 'ignore'
[3.255s] Level 1:colcon.colcon_core.package_identification:_identify(path_generate/steven_gong/Raceline-Optimization/frictionmap) by extension 'ignore_ament_install'
[3.256s] Level 1:colcon.colcon_core.package_identification:_identify(path_generate/steven_gong/Raceline-Optimization/frictionmap) by extensions ['colcon_pkg']
[3.256s] Level 1:colcon.colcon_core.package_identification:_identify(path_generate/steven_gong/Raceline-Optimization/frictionmap) by extension 'colcon_pkg'
[3.256s] Level 1:colcon.colcon_core.package_identification:_identify(path_generate/steven_gong/Raceline-Optimization/frictionmap) by extensions ['colcon_meta']
[3.257s] Level 1:colcon.colcon_core.package_identification:_identify(path_generate/steven_gong/Raceline-Optimization/frictionmap) by extension 'colcon_meta'
[3.257s] Level 1:colcon.colcon_core.package_identification:_identify(path_generate/steven_gong/Raceline-Optimization/frictionmap) by extensions ['ros']
[3.257s] Level 1:colcon.colcon_core.package_identification:_identify(path_generate/steven_gong/Raceline-Optimization/frictionmap) by extension 'ros'
[3.259s] Level 1:colcon.colcon_core.package_identification:_identify(path_generate/steven_gong/Raceline-Optimization/frictionmap) by extensions ['cmake', 'python']
[3.259s] Level 1:colcon.colcon_core.package_identification:_identify(path_generate/steven_gong/Raceline-Optimization/frictionmap) by extension 'cmake'
[3.260s] Level 1:colcon.colcon_core.package_identification:_identify(path_generate/steven_gong/Raceline-Optimization/frictionmap) by extension 'python'
[3.260s] Level 1:colcon.colcon_core.package_identification:_identify(path_generate/steven_gong/Raceline-Optimization/frictionmap) by extensions ['python_setup_py']
[3.260s] Level 1:colcon.colcon_core.package_identification:_identify(path_generate/steven_gong/Raceline-Optimization/frictionmap) by extension 'python_setup_py'
[3.261s] Level 1:colcon.colcon_core.package_identification:_identify(path_generate/steven_gong/Raceline-Optimization/frictionmap/src) by extensions ['ignore', 'ignore_ament_install']
[3.261s] Level 1:colcon.colcon_core.package_identification:_identify(path_generate/steven_gong/Raceline-Optimization/frictionmap/src) by extension 'ignore'
[3.262s] Level 1:colcon.colcon_core.package_identification:_identify(path_generate/steven_gong/Raceline-Optimization/frictionmap/src) by extension 'ignore_ament_install'
[3.262s] Level 1:colcon.colcon_core.package_identification:_identify(path_generate/steven_gong/Raceline-Optimization/frictionmap/src) by extensions ['colcon_pkg']
[3.262s] Level 1:colcon.colcon_core.package_identification:_identify(path_generate/steven_gong/Raceline-Optimization/frictionmap/src) by extension 'colcon_pkg'
[3.263s] Level 1:colcon.colcon_core.package_identification:_identify(path_generate/steven_gong/Raceline-Optimization/frictionmap/src) by extensions ['colcon_meta']
[3.263s] Level 1:colcon.colcon_core.package_identification:_identify(path_generate/steven_gong/Raceline-Optimization/frictionmap/src) by extension 'colcon_meta'
[3.264s] Level 1:colcon.colcon_core.package_identification:_identify(path_generate/steven_gong/Raceline-Optimization/frictionmap/src) by extensions ['ros']
[3.265s] Level 1:colcon.colcon_core.package_identification:_identify(path_generate/steven_gong/Raceline-Optimization/frictionmap/src) by extension 'ros'
[3.265s] Level 1:colcon.colcon_core.package_identification:_identify(path_generate/steven_gong/Raceline-Optimization/frictionmap/src) by extensions ['cmake', 'python']
[3.266s] Level 1:colcon.colcon_core.package_identification:_identify(path_generate/steven_gong/Raceline-Optimization/frictionmap/src) by extension 'cmake'
[3.266s] Level 1:colcon.colcon_core.package_identification:_identify(path_generate/steven_gong/Raceline-Optimization/frictionmap/src) by extension 'python'
[3.266s] Level 1:colcon.colcon_core.package_identification:_identify(path_generate/steven_gong/Raceline-Optimization/frictionmap/src) by extensions ['python_setup_py']
[3.266s] Level 1:colcon.colcon_core.package_identification:_identify(path_generate/steven_gong/Raceline-Optimization/frictionmap/src) by extension 'python_setup_py'
[3.267s] Level 1:colcon.colcon_core.package_identification:_identify(path_generate/steven_gong/Raceline-Optimization/helper_funcs_glob) by extensions ['ignore', 'ignore_ament_install']
[3.268s] Level 1:colcon.colcon_core.package_identification:_identify(path_generate/steven_gong/Raceline-Optimization/helper_funcs_glob) by extension 'ignore'
[3.268s] Level 1:colcon.colcon_core.package_identification:_identify(path_generate/steven_gong/Raceline-Optimization/helper_funcs_glob) by extension 'ignore_ament_install'
[3.268s] Level 1:colcon.colcon_core.package_identification:_identify(path_generate/steven_gong/Raceline-Optimization/helper_funcs_glob) by extensions ['colcon_pkg']
[3.269s] Level 1:colcon.colcon_core.package_identification:_identify(path_generate/steven_gong/Raceline-Optimization/helper_funcs_glob) by extension 'colcon_pkg'
[3.269s] Level 1:colcon.colcon_core.package_identification:_identify(path_generate/steven_gong/Raceline-Optimization/helper_funcs_glob) by extensions ['colcon_meta']
[3.269s] Level 1:colcon.colcon_core.package_identification:_identify(path_generate/steven_gong/Raceline-Optimization/helper_funcs_glob) by extension 'colcon_meta'
[3.269s] Level 1:colcon.colcon_core.package_identification:_identify(path_generate/steven_gong/Raceline-Optimization/helper_funcs_glob) by extensions ['ros']
[3.270s] Level 1:colcon.colcon_core.package_identification:_identify(path_generate/steven_gong/Raceline-Optimization/helper_funcs_glob) by extension 'ros'
[3.270s] Level 1:colcon.colcon_core.package_identification:_identify(path_generate/steven_gong/Raceline-Optimization/helper_funcs_glob) by extensions ['cmake', 'python']
[3.271s] Level 1:colcon.colcon_core.package_identification:_identify(path_generate/steven_gong/Raceline-Optimization/helper_funcs_glob) by extension 'cmake'
[3.271s] Level 1:colcon.colcon_core.package_identification:_identify(path_generate/steven_gong/Raceline-Optimization/helper_funcs_glob) by extension 'python'
[3.271s] Level 1:colcon.colcon_core.package_identification:_identify(path_generate/steven_gong/Raceline-Optimization/helper_funcs_glob) by extensions ['python_setup_py']
[3.271s] Level 1:colcon.colcon_core.package_identification:_identify(path_generate/steven_gong/Raceline-Optimization/helper_funcs_glob) by extension 'python_setup_py'
[3.272s] Level 1:colcon.colcon_core.package_identification:_identify(path_generate/steven_gong/Raceline-Optimization/helper_funcs_glob/__pycache__) by extensions ['ignore', 'ignore_ament_install']
[3.273s] Level 1:colcon.colcon_core.package_identification:_identify(path_generate/steven_gong/Raceline-Optimization/helper_funcs_glob/__pycache__) by extension 'ignore'
[3.273s] Level 1:colcon.colcon_core.package_identification:_identify(path_generate/steven_gong/Raceline-Optimization/helper_funcs_glob/__pycache__) by extension 'ignore_ament_install'
[3.274s] Level 1:colcon.colcon_core.package_identification:_identify(path_generate/steven_gong/Raceline-Optimization/helper_funcs_glob/__pycache__) by extensions ['colcon_pkg']
[3.274s] Level 1:colcon.colcon_core.package_identification:_identify(path_generate/steven_gong/Raceline-Optimization/helper_funcs_glob/__pycache__) by extension 'colcon_pkg'
[3.274s] Level 1:colcon.colcon_core.package_identification:_identify(path_generate/steven_gong/Raceline-Optimization/helper_funcs_glob/__pycache__) by extensions ['colcon_meta']
[3.274s] Level 1:colcon.colcon_core.package_identification:_identify(path_generate/steven_gong/Raceline-Optimization/helper_funcs_glob/__pycache__) by extension 'colcon_meta'
[3.275s] Level 1:colcon.colcon_core.package_identification:_identify(path_generate/steven_gong/Raceline-Optimization/helper_funcs_glob/__pycache__) by extensions ['ros']
[3.275s] Level 1:colcon.colcon_core.package_identification:_identify(path_generate/steven_gong/Raceline-Optimization/helper_funcs_glob/__pycache__) by extension 'ros'
[3.276s] Level 1:colcon.colcon_core.package_identification:_identify(path_generate/steven_gong/Raceline-Optimization/helper_funcs_glob/__pycache__) by extensions ['cmake', 'python']
[3.276s] Level 1:colcon.colcon_core.package_identification:_identify(path_generate/steven_gong/Raceline-Optimization/helper_funcs_glob/__pycache__) by extension 'cmake'
[3.276s] Level 1:colcon.colcon_core.package_identification:_identify(path_generate/steven_gong/Raceline-Optimization/helper_funcs_glob/__pycache__) by extension 'python'
[3.277s] Level 1:colcon.colcon_core.package_identification:_identify(path_generate/steven_gong/Raceline-Optimization/helper_funcs_glob/__pycache__) by extensions ['python_setup_py']
[3.277s] Level 1:colcon.colcon_core.package_identification:_identify(path_generate/steven_gong/Raceline-Optimization/helper_funcs_glob/__pycache__) by extension 'python_setup_py'
[3.278s] Level 1:colcon.colcon_core.package_identification:_identify(path_generate/steven_gong/Raceline-Optimization/helper_funcs_glob/src) by extensions ['ignore', 'ignore_ament_install']
[3.279s] Level 1:colcon.colcon_core.package_identification:_identify(path_generate/steven_gong/Raceline-Optimization/helper_funcs_glob/src) by extension 'ignore'
[3.279s] Level 1:colcon.colcon_core.package_identification:_identify(path_generate/steven_gong/Raceline-Optimization/helper_funcs_glob/src) by extension 'ignore_ament_install'
[3.280s] Level 1:colcon.colcon_core.package_identification:_identify(path_generate/steven_gong/Raceline-Optimization/helper_funcs_glob/src) by extensions ['colcon_pkg']
[3.280s] Level 1:colcon.colcon_core.package_identification:_identify(path_generate/steven_gong/Raceline-Optimization/helper_funcs_glob/src) by extension 'colcon_pkg'
[3.280s] Level 1:colcon.colcon_core.package_identification:_identify(path_generate/steven_gong/Raceline-Optimization/helper_funcs_glob/src) by extensions ['colcon_meta']
[3.280s] Level 1:colcon.colcon_core.package_identification:_identify(path_generate/steven_gong/Raceline-Optimization/helper_funcs_glob/src) by extension 'colcon_meta'
[3.281s] Level 1:colcon.colcon_core.package_identification:_identify(path_generate/steven_gong/Raceline-Optimization/helper_funcs_glob/src) by extensions ['ros']
[3.281s] Level 1:colcon.colcon_core.package_identification:_identify(path_generate/steven_gong/Raceline-Optimization/helper_funcs_glob/src) by extension 'ros'
[3.281s] Level 1:colcon.colcon_core.package_identification:_identify(path_generate/steven_gong/Raceline-Optimization/helper_funcs_glob/src) by extensions ['cmake', 'python']
[3.282s] Level 1:colcon.colcon_core.package_identification:_identify(path_generate/steven_gong/Raceline-Optimization/helper_funcs_glob/src) by extension 'cmake'
[3.282s] Level 1:colcon.colcon_core.package_identification:_identify(path_generate/steven_gong/Raceline-Optimization/helper_funcs_glob/src) by extension 'python'
[3.282s] Level 1:colcon.colcon_core.package_identification:_identify(path_generate/steven_gong/Raceline-Optimization/helper_funcs_glob/src) by extensions ['python_setup_py']
[3.282s] Level 1:colcon.colcon_core.package_identification:_identify(path_generate/steven_gong/Raceline-Optimization/helper_funcs_glob/src) by extension 'python_setup_py'
[3.283s] Level 1:colcon.colcon_core.package_identification:_identify(path_generate/steven_gong/Raceline-Optimization/helper_funcs_glob/src/__pycache__) by extensions ['ignore', 'ignore_ament_install']
[3.284s] Level 1:colcon.colcon_core.package_identification:_identify(path_generate/steven_gong/Raceline-Optimization/helper_funcs_glob/src/__pycache__) by extension 'ignore'
[3.284s] Level 1:colcon.colcon_core.package_identification:_identify(path_generate/steven_gong/Raceline-Optimization/helper_funcs_glob/src/__pycache__) by extension 'ignore_ament_install'
[3.285s] Level 1:colcon.colcon_core.package_identification:_identify(path_generate/steven_gong/Raceline-Optimization/helper_funcs_glob/src/__pycache__) by extensions ['colcon_pkg']
[3.285s] Level 1:colcon.colcon_core.package_identification:_identify(path_generate/steven_gong/Raceline-Optimization/helper_funcs_glob/src/__pycache__) by extension 'colcon_pkg'
[3.285s] Level 1:colcon.colcon_core.package_identification:_identify(path_generate/steven_gong/Raceline-Optimization/helper_funcs_glob/src/__pycache__) by extensions ['colcon_meta']
[3.285s] Level 1:colcon.colcon_core.package_identification:_identify(path_generate/steven_gong/Raceline-Optimization/helper_funcs_glob/src/__pycache__) by extension 'colcon_meta'
[3.286s] Level 1:colcon.colcon_core.package_identification:_identify(path_generate/steven_gong/Raceline-Optimization/helper_funcs_glob/src/__pycache__) by extensions ['ros']
[3.286s] Level 1:colcon.colcon_core.package_identification:_identify(path_generate/steven_gong/Raceline-Optimization/helper_funcs_glob/src/__pycache__) by extension 'ros'
[3.287s] Level 1:colcon.colcon_core.package_identification:_identify(path_generate/steven_gong/Raceline-Optimization/helper_funcs_glob/src/__pycache__) by extensions ['cmake', 'python']
[3.288s] Level 1:colcon.colcon_core.package_identification:_identify(path_generate/steven_gong/Raceline-Optimization/helper_funcs_glob/src/__pycache__) by extension 'cmake'
[3.288s] Level 1:colcon.colcon_core.package_identification:_identify(path_generate/steven_gong/Raceline-Optimization/helper_funcs_glob/src/__pycache__) by extension 'python'
[3.288s] Level 1:colcon.colcon_core.package_identification:_identify(path_generate/steven_gong/Raceline-Optimization/helper_funcs_glob/src/__pycache__) by extensions ['python_setup_py']
[3.288s] Level 1:colcon.colcon_core.package_identification:_identify(path_generate/steven_gong/Raceline-Optimization/helper_funcs_glob/src/__pycache__) by extension 'python_setup_py'
[3.289s] Level 1:colcon.colcon_core.package_identification:_identify(path_generate/steven_gong/Raceline-Optimization/inputs) by extensions ['ignore', 'ignore_ament_install']
[3.290s] Level 1:colcon.colcon_core.package_identification:_identify(path_generate/steven_gong/Raceline-Optimization/inputs) by extension 'ignore'
[3.290s] Level 1:colcon.colcon_core.package_identification:_identify(path_generate/steven_gong/Raceline-Optimization/inputs) by extension 'ignore_ament_install'
[3.290s] Level 1:colcon.colcon_core.package_identification:_identify(path_generate/steven_gong/Raceline-Optimization/inputs) by extensions ['colcon_pkg']
[3.291s] Level 1:colcon.colcon_core.package_identification:_identify(path_generate/steven_gong/Raceline-Optimization/inputs) by extension 'colcon_pkg'
[3.291s] Level 1:colcon.colcon_core.package_identification:_identify(path_generate/steven_gong/Raceline-Optimization/inputs) by extensions ['colcon_meta']
[3.291s] Level 1:colcon.colcon_core.package_identification:_identify(path_generate/steven_gong/Raceline-Optimization/inputs) by extension 'colcon_meta'
[3.292s] Level 1:colcon.colcon_core.package_identification:_identify(path_generate/steven_gong/Raceline-Optimization/inputs) by extensions ['ros']
[3.292s] Level 1:colcon.colcon_core.package_identification:_identify(path_generate/steven_gong/Raceline-Optimization/inputs) by extension 'ros'
[3.292s] Level 1:colcon.colcon_core.package_identification:_identify(path_generate/steven_gong/Raceline-Optimization/inputs) by extensions ['cmake', 'python']
[3.293s] Level 1:colcon.colcon_core.package_identification:_identify(path_generate/steven_gong/Raceline-Optimization/inputs) by extension 'cmake'
[3.293s] Level 1:colcon.colcon_core.package_identification:_identify(path_generate/steven_gong/Raceline-Optimization/inputs) by extension 'python'
[3.293s] Level 1:colcon.colcon_core.package_identification:_identify(path_generate/steven_gong/Raceline-Optimization/inputs) by extensions ['python_setup_py']
[3.293s] Level 1:colcon.colcon_core.package_identification:_identify(path_generate/steven_gong/Raceline-Optimization/inputs) by extension 'python_setup_py'
[3.294s] Level 1:colcon.colcon_core.package_identification:_identify(path_generate/steven_gong/Raceline-Optimization/inputs/frictionmaps) by extensions ['ignore', 'ignore_ament_install']
[3.295s] Level 1:colcon.colcon_core.package_identification:_identify(path_generate/steven_gong/Raceline-Optimization/inputs/frictionmaps) by extension 'ignore'
[3.295s] Level 1:colcon.colcon_core.package_identification:_identify(path_generate/steven_gong/Raceline-Optimization/inputs/frictionmaps) by extension 'ignore_ament_install'
[3.295s] Level 1:colcon.colcon_core.package_identification:_identify(path_generate/steven_gong/Raceline-Optimization/inputs/frictionmaps) by extensions ['colcon_pkg']
[3.296s] Level 1:colcon.colcon_core.package_identification:_identify(path_generate/steven_gong/Raceline-Optimization/inputs/frictionmaps) by extension 'colcon_pkg'
[3.296s] Level 1:colcon.colcon_core.package_identification:_identify(path_generate/steven_gong/Raceline-Optimization/inputs/frictionmaps) by extensions ['colcon_meta']
[3.296s] Level 1:colcon.colcon_core.package_identification:_identify(path_generate/steven_gong/Raceline-Optimization/inputs/frictionmaps) by extension 'colcon_meta'
[3.297s] Level 1:colcon.colcon_core.package_identification:_identify(path_generate/steven_gong/Raceline-Optimization/inputs/frictionmaps) by extensions ['ros']
[3.297s] Level 1:colcon.colcon_core.package_identification:_identify(path_generate/steven_gong/Raceline-Optimization/inputs/frictionmaps) by extension 'ros'
[3.298s] Level 1:colcon.colcon_core.package_identification:_identify(path_generate/steven_gong/Raceline-Optimization/inputs/frictionmaps) by extensions ['cmake', 'python']
[3.298s] Level 1:colcon.colcon_core.package_identification:_identify(path_generate/steven_gong/Raceline-Optimization/inputs/frictionmaps) by extension 'cmake'
[3.298s] Level 1:colcon.colcon_core.package_identification:_identify(path_generate/steven_gong/Raceline-Optimization/inputs/frictionmaps) by extension 'python'
[3.298s] Level 1:colcon.colcon_core.package_identification:_identify(path_generate/steven_gong/Raceline-Optimization/inputs/frictionmaps) by extensions ['python_setup_py']
[3.299s] Level 1:colcon.colcon_core.package_identification:_identify(path_generate/steven_gong/Raceline-Optimization/inputs/frictionmaps) by extension 'python_setup_py'
[3.299s] Level 1:colcon.colcon_core.package_identification:_identify(path_generate/steven_gong/Raceline-Optimization/inputs/tracks) by extensions ['ignore', 'ignore_ament_install']
[3.300s] Level 1:colcon.colcon_core.package_identification:_identify(path_generate/steven_gong/Raceline-Optimization/inputs/tracks) by extension 'ignore'
[3.300s] Level 1:colcon.colcon_core.package_identification:_identify(path_generate/steven_gong/Raceline-Optimization/inputs/tracks) by extension 'ignore_ament_install'
[3.301s] Level 1:colcon.colcon_core.package_identification:_identify(path_generate/steven_gong/Raceline-Optimization/inputs/tracks) by extensions ['colcon_pkg']
[3.301s] Level 1:colcon.colcon_core.package_identification:_identify(path_generate/steven_gong/Raceline-Optimization/inputs/tracks) by extension 'colcon_pkg'
[3.301s] Level 1:colcon.colcon_core.package_identification:_identify(path_generate/steven_gong/Raceline-Optimization/inputs/tracks) by extensions ['colcon_meta']
[3.301s] Level 1:colcon.colcon_core.package_identification:_identify(path_generate/steven_gong/Raceline-Optimization/inputs/tracks) by extension 'colcon_meta'
[3.302s] Level 1:colcon.colcon_core.package_identification:_identify(path_generate/steven_gong/Raceline-Optimization/inputs/tracks) by extensions ['ros']
[3.302s] Level 1:colcon.colcon_core.package_identification:_identify(path_generate/steven_gong/Raceline-Optimization/inputs/tracks) by extension 'ros'
[3.303s] Level 1:colcon.colcon_core.package_identification:_identify(path_generate/steven_gong/Raceline-Optimization/inputs/tracks) by extensions ['cmake', 'python']
[3.303s] Level 1:colcon.colcon_core.package_identification:_identify(path_generate/steven_gong/Raceline-Optimization/inputs/tracks) by extension 'cmake'
[3.303s] Level 1:colcon.colcon_core.package_identification:_identify(path_generate/steven_gong/Raceline-Optimization/inputs/tracks) by extension 'python'
[3.303s] Level 1:colcon.colcon_core.package_identification:_identify(path_generate/steven_gong/Raceline-Optimization/inputs/tracks) by extensions ['python_setup_py']
[3.304s] Level 1:colcon.colcon_core.package_identification:_identify(path_generate/steven_gong/Raceline-Optimization/inputs/tracks) by extension 'python_setup_py'
[3.304s] Level 1:colcon.colcon_core.package_identification:_identify(path_generate/steven_gong/Raceline-Optimization/inputs/veh_dyn_info) by extensions ['ignore', 'ignore_ament_install']
[3.305s] Level 1:colcon.colcon_core.package_identification:_identify(path_generate/steven_gong/Raceline-Optimization/inputs/veh_dyn_info) by extension 'ignore'
[3.305s] Level 1:colcon.colcon_core.package_identification:_identify(path_generate/steven_gong/Raceline-Optimization/inputs/veh_dyn_info) by extension 'ignore_ament_install'
[3.305s] Level 1:colcon.colcon_core.package_identification:_identify(path_generate/steven_gong/Raceline-Optimization/inputs/veh_dyn_info) by extensions ['colcon_pkg']
[3.306s] Level 1:colcon.colcon_core.package_identification:_identify(path_generate/steven_gong/Raceline-Optimization/inputs/veh_dyn_info) by extension 'colcon_pkg'
[3.306s] Level 1:colcon.colcon_core.package_identification:_identify(path_generate/steven_gong/Raceline-Optimization/inputs/veh_dyn_info) by extensions ['colcon_meta']
[3.306s] Level 1:colcon.colcon_core.package_identification:_identify(path_generate/steven_gong/Raceline-Optimization/inputs/veh_dyn_info) by extension 'colcon_meta'
[3.306s] Level 1:colcon.colcon_core.package_identification:_identify(path_generate/steven_gong/Raceline-Optimization/inputs/veh_dyn_info) by extensions ['ros']
[3.307s] Level 1:colcon.colcon_core.package_identification:_identify(path_generate/steven_gong/Raceline-Optimization/inputs/veh_dyn_info) by extension 'ros'
[3.307s] Level 1:colcon.colcon_core.package_identification:_identify(path_generate/steven_gong/Raceline-Optimization/inputs/veh_dyn_info) by extensions ['cmake', 'python']
[3.307s] Level 1:colcon.colcon_core.package_identification:_identify(path_generate/steven_gong/Raceline-Optimization/inputs/veh_dyn_info) by extension 'cmake'
[3.308s] Level 1:colcon.colcon_core.package_identification:_identify(path_generate/steven_gong/Raceline-Optimization/inputs/veh_dyn_info) by extension 'python'
[3.308s] Level 1:colcon.colcon_core.package_identification:_identify(path_generate/steven_gong/Raceline-Optimization/inputs/veh_dyn_info) by extensions ['python_setup_py']
[3.308s] Level 1:colcon.colcon_core.package_identification:_identify(path_generate/steven_gong/Raceline-Optimization/inputs/veh_dyn_info) by extension 'python_setup_py'
[3.309s] Level 1:colcon.colcon_core.package_identification:_identify(path_generate/steven_gong/Raceline-Optimization/maps) by extensions ['ignore', 'ignore_ament_install']
[3.309s] Level 1:colcon.colcon_core.package_identification:_identify(path_generate/steven_gong/Raceline-Optimization/maps) by extension 'ignore'
[3.310s] Level 1:colcon.colcon_core.package_identification:_identify(path_generate/steven_gong/Raceline-Optimization/maps) by extension 'ignore_ament_install'
[3.310s] Level 1:colcon.colcon_core.package_identification:_identify(path_generate/steven_gong/Raceline-Optimization/maps) by extensions ['colcon_pkg']
[3.310s] Level 1:colcon.colcon_core.package_identification:_identify(path_generate/steven_gong/Raceline-Optimization/maps) by extension 'colcon_pkg'
[3.311s] Level 1:colcon.colcon_core.package_identification:_identify(path_generate/steven_gong/Raceline-Optimization/maps) by extensions ['colcon_meta']
[3.311s] Level 1:colcon.colcon_core.package_identification:_identify(path_generate/steven_gong/Raceline-Optimization/maps) by extension 'colcon_meta'
[3.311s] Level 1:colcon.colcon_core.package_identification:_identify(path_generate/steven_gong/Raceline-Optimization/maps) by extensions ['ros']
[3.311s] Level 1:colcon.colcon_core.package_identification:_identify(path_generate/steven_gong/Raceline-Optimization/maps) by extension 'ros'
[3.312s] Level 1:colcon.colcon_core.package_identification:_identify(path_generate/steven_gong/Raceline-Optimization/maps) by extensions ['cmake', 'python']
[3.312s] Level 1:colcon.colcon_core.package_identification:_identify(path_generate/steven_gong/Raceline-Optimization/maps) by extension 'cmake'
[3.312s] Level 1:colcon.colcon_core.package_identification:_identify(path_generate/steven_gong/Raceline-Optimization/maps) by extension 'python'
[3.313s] Level 1:colcon.colcon_core.package_identification:_identify(path_generate/steven_gong/Raceline-Optimization/maps) by extensions ['python_setup_py']
[3.313s] Level 1:colcon.colcon_core.package_identification:_identify(path_generate/steven_gong/Raceline-Optimization/maps) by extension 'python_setup_py'
[3.314s] Level 1:colcon.colcon_core.package_identification:_identify(path_generate/steven_gong/Raceline-Optimization/opt_mintime_traj) by extensions ['ignore', 'ignore_ament_install']
[3.314s] Level 1:colcon.colcon_core.package_identification:_identify(path_generate/steven_gong/Raceline-Optimization/opt_mintime_traj) by extension 'ignore'
[3.314s] Level 1:colcon.colcon_core.package_identification:_identify(path_generate/steven_gong/Raceline-Optimization/opt_mintime_traj) by extension 'ignore_ament_install'
[3.315s] Level 1:colcon.colcon_core.package_identification:_identify(path_generate/steven_gong/Raceline-Optimization/opt_mintime_traj) by extensions ['colcon_pkg']
[3.315s] Level 1:colcon.colcon_core.package_identification:_identify(path_generate/steven_gong/Raceline-Optimization/opt_mintime_traj) by extension 'colcon_pkg'
[3.315s] Level 1:colcon.colcon_core.package_identification:_identify(path_generate/steven_gong/Raceline-Optimization/opt_mintime_traj) by extensions ['colcon_meta']
[3.315s] Level 1:colcon.colcon_core.package_identification:_identify(path_generate/steven_gong/Raceline-Optimization/opt_mintime_traj) by extension 'colcon_meta'
[3.316s] Level 1:colcon.colcon_core.package_identification:_identify(path_generate/steven_gong/Raceline-Optimization/opt_mintime_traj) by extensions ['ros']
[3.316s] Level 1:colcon.colcon_core.package_identification:_identify(path_generate/steven_gong/Raceline-Optimization/opt_mintime_traj) by extension 'ros'
[3.317s] Level 1:colcon.colcon_core.package_identification:_identify(path_generate/steven_gong/Raceline-Optimization/opt_mintime_traj) by extensions ['cmake', 'python']
[3.317s] Level 1:colcon.colcon_core.package_identification:_identify(path_generate/steven_gong/Raceline-Optimization/opt_mintime_traj) by extension 'cmake'
[3.317s] Level 1:colcon.colcon_core.package_identification:_identify(path_generate/steven_gong/Raceline-Optimization/opt_mintime_traj) by extension 'python'
[3.317s] Level 1:colcon.colcon_core.package_identification:_identify(path_generate/steven_gong/Raceline-Optimization/opt_mintime_traj) by extensions ['python_setup_py']
[3.317s] Level 1:colcon.colcon_core.package_identification:_identify(path_generate/steven_gong/Raceline-Optimization/opt_mintime_traj) by extension 'python_setup_py'
[3.318s] Level 1:colcon.colcon_core.package_identification:_identify(path_generate/steven_gong/Raceline-Optimization/opt_mintime_traj/__pycache__) by extensions ['ignore', 'ignore_ament_install']
[3.319s] Level 1:colcon.colcon_core.package_identification:_identify(path_generate/steven_gong/Raceline-Optimization/opt_mintime_traj/__pycache__) by extension 'ignore'
[3.319s] Level 1:colcon.colcon_core.package_identification:_identify(path_generate/steven_gong/Raceline-Optimization/opt_mintime_traj/__pycache__) by extension 'ignore_ament_install'
[3.319s] Level 1:colcon.colcon_core.package_identification:_identify(path_generate/steven_gong/Raceline-Optimization/opt_mintime_traj/__pycache__) by extensions ['colcon_pkg']
[3.320s] Level 1:colcon.colcon_core.package_identification:_identify(path_generate/steven_gong/Raceline-Optimization/opt_mintime_traj/__pycache__) by extension 'colcon_pkg'
[3.320s] Level 1:colcon.colcon_core.package_identification:_identify(path_generate/steven_gong/Raceline-Optimization/opt_mintime_traj/__pycache__) by extensions ['colcon_meta']
[3.320s] Level 1:colcon.colcon_core.package_identification:_identify(path_generate/steven_gong/Raceline-Optimization/opt_mintime_traj/__pycache__) by extension 'colcon_meta'
[3.321s] Level 1:colcon.colcon_core.package_identification:_identify(path_generate/steven_gong/Raceline-Optimization/opt_mintime_traj/__pycache__) by extensions ['ros']
[3.321s] Level 1:colcon.colcon_core.package_identification:_identify(path_generate/steven_gong/Raceline-Optimization/opt_mintime_traj/__pycache__) by extension 'ros'
[3.322s] Level 1:colcon.colcon_core.package_identification:_identify(path_generate/steven_gong/Raceline-Optimization/opt_mintime_traj/__pycache__) by extensions ['cmake', 'python']
[3.322s] Level 1:colcon.colcon_core.package_identification:_identify(path_generate/steven_gong/Raceline-Optimization/opt_mintime_traj/__pycache__) by extension 'cmake'
[3.322s] Level 1:colcon.colcon_core.package_identification:_identify(path_generate/steven_gong/Raceline-Optimization/opt_mintime_traj/__pycache__) by extension 'python'
[3.322s] Level 1:colcon.colcon_core.package_identification:_identify(path_generate/steven_gong/Raceline-Optimization/opt_mintime_traj/__pycache__) by extensions ['python_setup_py']
[3.323s] Level 1:colcon.colcon_core.package_identification:_identify(path_generate/steven_gong/Raceline-Optimization/opt_mintime_traj/__pycache__) by extension 'python_setup_py'
[3.323s] Level 1:colcon.colcon_core.package_identification:_identify(path_generate/steven_gong/Raceline-Optimization/opt_mintime_traj/powertrain_src) by extensions ['ignore', 'ignore_ament_install']
[3.324s] Level 1:colcon.colcon_core.package_identification:_identify(path_generate/steven_gong/Raceline-Optimization/opt_mintime_traj/powertrain_src) by extension 'ignore'
[3.324s] Level 1:colcon.colcon_core.package_identification:_identify(path_generate/steven_gong/Raceline-Optimization/opt_mintime_traj/powertrain_src) by extension 'ignore_ament_install'
[3.325s] Level 1:colcon.colcon_core.package_identification:_identify(path_generate/steven_gong/Raceline-Optimization/opt_mintime_traj/powertrain_src) by extensions ['colcon_pkg']
[3.325s] Level 1:colcon.colcon_core.package_identification:_identify(path_generate/steven_gong/Raceline-Optimization/opt_mintime_traj/powertrain_src) by extension 'colcon_pkg'
[3.325s] Level 1:colcon.colcon_core.package_identification:_identify(path_generate/steven_gong/Raceline-Optimization/opt_mintime_traj/powertrain_src) by extensions ['colcon_meta']
[3.325s] Level 1:colcon.colcon_core.package_identification:_identify(path_generate/steven_gong/Raceline-Optimization/opt_mintime_traj/powertrain_src) by extension 'colcon_meta'
[3.326s] Level 1:colcon.colcon_core.package_identification:_identify(path_generate/steven_gong/Raceline-Optimization/opt_mintime_traj/powertrain_src) by extensions ['ros']
[3.326s] Level 1:colcon.colcon_core.package_identification:_identify(path_generate/steven_gong/Raceline-Optimization/opt_mintime_traj/powertrain_src) by extension 'ros'
[3.326s] Level 1:colcon.colcon_core.package_identification:_identify(path_generate/steven_gong/Raceline-Optimization/opt_mintime_traj/powertrain_src) by extensions ['cmake', 'python']
[3.326s] Level 1:colcon.colcon_core.package_identification:_identify(path_generate/steven_gong/Raceline-Optimization/opt_mintime_traj/powertrain_src) by extension 'cmake'
[3.327s] Level 1:colcon.colcon_core.package_identification:_identify(path_generate/steven_gong/Raceline-Optimization/opt_mintime_traj/powertrain_src) by extension 'python'
[3.327s] Level 1:colcon.colcon_core.package_identification:_identify(path_generate/steven_gong/Raceline-Optimization/opt_mintime_traj/powertrain_src) by extensions ['python_setup_py']
[3.327s] Level 1:colcon.colcon_core.package_identification:_identify(path_generate/steven_gong/Raceline-Optimization/opt_mintime_traj/powertrain_src) by extension 'python_setup_py'
[3.328s] Level 1:colcon.colcon_core.package_identification:_identify(path_generate/steven_gong/Raceline-Optimization/opt_mintime_traj/powertrain_src/__pycache__) by extensions ['ignore', 'ignore_ament_install']
[3.329s] Level 1:colcon.colcon_core.package_identification:_identify(path_generate/steven_gong/Raceline-Optimization/opt_mintime_traj/powertrain_src/__pycache__) by extension 'ignore'
[3.329s] Level 1:colcon.colcon_core.package_identification:_identify(path_generate/steven_gong/Raceline-Optimization/opt_mintime_traj/powertrain_src/__pycache__) by extension 'ignore_ament_install'
[3.329s] Level 1:colcon.colcon_core.package_identification:_identify(path_generate/steven_gong/Raceline-Optimization/opt_mintime_traj/powertrain_src/__pycache__) by extensions ['colcon_pkg']
[3.329s] Level 1:colcon.colcon_core.package_identification:_identify(path_generate/steven_gong/Raceline-Optimization/opt_mintime_traj/powertrain_src/__pycache__) by extension 'colcon_pkg'
[3.330s] Level 1:colcon.colcon_core.package_identification:_identify(path_generate/steven_gong/Raceline-Optimization/opt_mintime_traj/powertrain_src/__pycache__) by extensions ['colcon_meta']
[3.330s] Level 1:colcon.colcon_core.package_identification:_identify(path_generate/steven_gong/Raceline-Optimization/opt_mintime_traj/powertrain_src/__pycache__) by extension 'colcon_meta'
[3.330s] Level 1:colcon.colcon_core.package_identification:_identify(path_generate/steven_gong/Raceline-Optimization/opt_mintime_traj/powertrain_src/__pycache__) by extensions ['ros']
[3.331s] Level 1:colcon.colcon_core.package_identification:_identify(path_generate/steven_gong/Raceline-Optimization/opt_mintime_traj/powertrain_src/__pycache__) by extension 'ros'
[3.331s] Level 1:colcon.colcon_core.package_identification:_identify(path_generate/steven_gong/Raceline-Optimization/opt_mintime_traj/powertrain_src/__pycache__) by extensions ['cmake', 'python']
[3.331s] Level 1:colcon.colcon_core.package_identification:_identify(path_generate/steven_gong/Raceline-Optimization/opt_mintime_traj/powertrain_src/__pycache__) by extension 'cmake'
[3.332s] Level 1:colcon.colcon_core.package_identification:_identify(path_generate/steven_gong/Raceline-Optimization/opt_mintime_traj/powertrain_src/__pycache__) by extension 'python'
[3.332s] Level 1:colcon.colcon_core.package_identification:_identify(path_generate/steven_gong/Raceline-Optimization/opt_mintime_traj/powertrain_src/__pycache__) by extensions ['python_setup_py']
[3.332s] Level 1:colcon.colcon_core.package_identification:_identify(path_generate/steven_gong/Raceline-Optimization/opt_mintime_traj/powertrain_src/__pycache__) by extension 'python_setup_py'
[3.334s] Level 1:colcon.colcon_core.package_identification:_identify(path_generate/steven_gong/Raceline-Optimization/opt_mintime_traj/powertrain_src/src) by extensions ['ignore', 'ignore_ament_install']
[3.335s] Level 1:colcon.colcon_core.package_identification:_identify(path_generate/steven_gong/Raceline-Optimization/opt_mintime_traj/powertrain_src/src) by extension 'ignore'
[3.336s] Level 1:colcon.colcon_core.package_identification:_identify(path_generate/steven_gong/Raceline-Optimization/opt_mintime_traj/powertrain_src/src) by extension 'ignore_ament_install'
[3.336s] Level 1:colcon.colcon_core.package_identification:_identify(path_generate/steven_gong/Raceline-Optimization/opt_mintime_traj/powertrain_src/src) by extensions ['colcon_pkg']
[3.336s] Level 1:colcon.colcon_core.package_identification:_identify(path_generate/steven_gong/Raceline-Optimization/opt_mintime_traj/powertrain_src/src) by extension 'colcon_pkg'
[3.337s] Level 1:colcon.colcon_core.package_identification:_identify(path_generate/steven_gong/Raceline-Optimization/opt_mintime_traj/powertrain_src/src) by extensions ['colcon_meta']
[3.337s] Level 1:colcon.colcon_core.package_identification:_identify(path_generate/steven_gong/Raceline-Optimization/opt_mintime_traj/powertrain_src/src) by extension 'colcon_meta'
[3.337s] Level 1:colcon.colcon_core.package_identification:_identify(path_generate/steven_gong/Raceline-Optimization/opt_mintime_traj/powertrain_src/src) by extensions ['ros']
[3.337s] Level 1:colcon.colcon_core.package_identification:_identify(path_generate/steven_gong/Raceline-Optimization/opt_mintime_traj/powertrain_src/src) by extension 'ros'
[3.338s] Level 1:colcon.colcon_core.package_identification:_identify(path_generate/steven_gong/Raceline-Optimization/opt_mintime_traj/powertrain_src/src) by extensions ['cmake', 'python']
[3.339s] Level 1:colcon.colcon_core.package_identification:_identify(path_generate/steven_gong/Raceline-Optimization/opt_mintime_traj/powertrain_src/src) by extension 'cmake'
[3.339s] Level 1:colcon.colcon_core.package_identification:_identify(path_generate/steven_gong/Raceline-Optimization/opt_mintime_traj/powertrain_src/src) by extension 'python'
[3.339s] Level 1:colcon.colcon_core.package_identification:_identify(path_generate/steven_gong/Raceline-Optimization/opt_mintime_traj/powertrain_src/src) by extensions ['python_setup_py']
[3.339s] Level 1:colcon.colcon_core.package_identification:_identify(path_generate/steven_gong/Raceline-Optimization/opt_mintime_traj/powertrain_src/src) by extension 'python_setup_py'
[3.340s] Level 1:colcon.colcon_core.package_identification:_identify(path_generate/steven_gong/Raceline-Optimization/opt_mintime_traj/powertrain_src/src/__pycache__) by extensions ['ignore', 'ignore_ament_install']
[3.341s] Level 1:colcon.colcon_core.package_identification:_identify(path_generate/steven_gong/Raceline-Optimization/opt_mintime_traj/powertrain_src/src/__pycache__) by extension 'ignore'
[3.341s] Level 1:colcon.colcon_core.package_identification:_identify(path_generate/steven_gong/Raceline-Optimization/opt_mintime_traj/powertrain_src/src/__pycache__) by extension 'ignore_ament_install'
[3.342s] Level 1:colcon.colcon_core.package_identification:_identify(path_generate/steven_gong/Raceline-Optimization/opt_mintime_traj/powertrain_src/src/__pycache__) by extensions ['colcon_pkg']
[3.342s] Level 1:colcon.colcon_core.package_identification:_identify(path_generate/steven_gong/Raceline-Optimization/opt_mintime_traj/powertrain_src/src/__pycache__) by extension 'colcon_pkg'
[3.342s] Level 1:colcon.colcon_core.package_identification:_identify(path_generate/steven_gong/Raceline-Optimization/opt_mintime_traj/powertrain_src/src/__pycache__) by extensions ['colcon_meta']
[3.342s] Level 1:colcon.colcon_core.package_identification:_identify(path_generate/steven_gong/Raceline-Optimization/opt_mintime_traj/powertrain_src/src/__pycache__) by extension 'colcon_meta'
[3.343s] Level 1:colcon.colcon_core.package_identification:_identify(path_generate/steven_gong/Raceline-Optimization/opt_mintime_traj/powertrain_src/src/__pycache__) by extensions ['ros']
[3.343s] Level 1:colcon.colcon_core.package_identification:_identify(path_generate/steven_gong/Raceline-Optimization/opt_mintime_traj/powertrain_src/src/__pycache__) by extension 'ros'
[3.344s] Level 1:colcon.colcon_core.package_identification:_identify(path_generate/steven_gong/Raceline-Optimization/opt_mintime_traj/powertrain_src/src/__pycache__) by extensions ['cmake', 'python']
[3.344s] Level 1:colcon.colcon_core.package_identification:_identify(path_generate/steven_gong/Raceline-Optimization/opt_mintime_traj/powertrain_src/src/__pycache__) by extension 'cmake'
[3.344s] Level 1:colcon.colcon_core.package_identification:_identify(path_generate/steven_gong/Raceline-Optimization/opt_mintime_traj/powertrain_src/src/__pycache__) by extension 'python'
[3.345s] Level 1:colcon.colcon_core.package_identification:_identify(path_generate/steven_gong/Raceline-Optimization/opt_mintime_traj/powertrain_src/src/__pycache__) by extensions ['python_setup_py']
[3.345s] Level 1:colcon.colcon_core.package_identification:_identify(path_generate/steven_gong/Raceline-Optimization/opt_mintime_traj/powertrain_src/src/__pycache__) by extension 'python_setup_py'
[3.346s] Level 1:colcon.colcon_core.package_identification:_identify(path_generate/steven_gong/Raceline-Optimization/opt_mintime_traj/src) by extensions ['ignore', 'ignore_ament_install']
[3.346s] Level 1:colcon.colcon_core.package_identification:_identify(path_generate/steven_gong/Raceline-Optimization/opt_mintime_traj/src) by extension 'ignore'
[3.347s] Level 1:colcon.colcon_core.package_identification:_identify(path_generate/steven_gong/Raceline-Optimization/opt_mintime_traj/src) by extension 'ignore_ament_install'
[3.347s] Level 1:colcon.colcon_core.package_identification:_identify(path_generate/steven_gong/Raceline-Optimization/opt_mintime_traj/src) by extensions ['colcon_pkg']
[3.347s] Level 1:colcon.colcon_core.package_identification:_identify(path_generate/steven_gong/Raceline-Optimization/opt_mintime_traj/src) by extension 'colcon_pkg'
[3.348s] Level 1:colcon.colcon_core.package_identification:_identify(path_generate/steven_gong/Raceline-Optimization/opt_mintime_traj/src) by extensions ['colcon_meta']
[3.348s] Level 1:colcon.colcon_core.package_identification:_identify(path_generate/steven_gong/Raceline-Optimization/opt_mintime_traj/src) by extension 'colcon_meta'
[3.348s] Level 1:colcon.colcon_core.package_identification:_identify(path_generate/steven_gong/Raceline-Optimization/opt_mintime_traj/src) by extensions ['ros']
[3.348s] Level 1:colcon.colcon_core.package_identification:_identify(path_generate/steven_gong/Raceline-Optimization/opt_mintime_traj/src) by extension 'ros'
[3.349s] Level 1:colcon.colcon_core.package_identification:_identify(path_generate/steven_gong/Raceline-Optimization/opt_mintime_traj/src) by extensions ['cmake', 'python']
[3.349s] Level 1:colcon.colcon_core.package_identification:_identify(path_generate/steven_gong/Raceline-Optimization/opt_mintime_traj/src) by extension 'cmake'
[3.349s] Level 1:colcon.colcon_core.package_identification:_identify(path_generate/steven_gong/Raceline-Optimization/opt_mintime_traj/src) by extension 'python'
[3.350s] Level 1:colcon.colcon_core.package_identification:_identify(path_generate/steven_gong/Raceline-Optimization/opt_mintime_traj/src) by extensions ['python_setup_py']
[3.350s] Level 1:colcon.colcon_core.package_identification:_identify(path_generate/steven_gong/Raceline-Optimization/opt_mintime_traj/src) by extension 'python_setup_py'
[3.351s] Level 1:colcon.colcon_core.package_identification:_identify(path_generate/steven_gong/Raceline-Optimization/opt_mintime_traj/src/__pycache__) by extensions ['ignore', 'ignore_ament_install']
[3.351s] Level 1:colcon.colcon_core.package_identification:_identify(path_generate/steven_gong/Raceline-Optimization/opt_mintime_traj/src/__pycache__) by extension 'ignore'
[3.352s] Level 1:colcon.colcon_core.package_identification:_identify(path_generate/steven_gong/Raceline-Optimization/opt_mintime_traj/src/__pycache__) by extension 'ignore_ament_install'
[3.352s] Level 1:colcon.colcon_core.package_identification:_identify(path_generate/steven_gong/Raceline-Optimization/opt_mintime_traj/src/__pycache__) by extensions ['colcon_pkg']
[3.352s] Level 1:colcon.colcon_core.package_identification:_identify(path_generate/steven_gong/Raceline-Optimization/opt_mintime_traj/src/__pycache__) by extension 'colcon_pkg'
[3.352s] Level 1:colcon.colcon_core.package_identification:_identify(path_generate/steven_gong/Raceline-Optimization/opt_mintime_traj/src/__pycache__) by extensions ['colcon_meta']
[3.352s] Level 1:colcon.colcon_core.package_identification:_identify(path_generate/steven_gong/Raceline-Optimization/opt_mintime_traj/src/__pycache__) by extension 'colcon_meta'
[3.353s] Level 1:colcon.colcon_core.package_identification:_identify(path_generate/steven_gong/Raceline-Optimization/opt_mintime_traj/src/__pycache__) by extensions ['ros']
[3.353s] Level 1:colcon.colcon_core.package_identification:_identify(path_generate/steven_gong/Raceline-Optimization/opt_mintime_traj/src/__pycache__) by extension 'ros'
[3.354s] Level 1:colcon.colcon_core.package_identification:_identify(path_generate/steven_gong/Raceline-Optimization/opt_mintime_traj/src/__pycache__) by extensions ['cmake', 'python']
[3.354s] Level 1:colcon.colcon_core.package_identification:_identify(path_generate/steven_gong/Raceline-Optimization/opt_mintime_traj/src/__pycache__) by extension 'cmake'
[3.354s] Level 1:colcon.colcon_core.package_identification:_identify(path_generate/steven_gong/Raceline-Optimization/opt_mintime_traj/src/__pycache__) by extension 'python'
[3.354s] Level 1:colcon.colcon_core.package_identification:_identify(path_generate/steven_gong/Raceline-Optimization/opt_mintime_traj/src/__pycache__) by extensions ['python_setup_py']
[3.355s] Level 1:colcon.colcon_core.package_identification:_identify(path_generate/steven_gong/Raceline-Optimization/opt_mintime_traj/src/__pycache__) by extension 'python_setup_py'
[3.356s] Level 1:colcon.colcon_core.package_identification:_identify(path_generate/steven_gong/Raceline-Optimization/outputs) by extensions ['ignore', 'ignore_ament_install']
[3.357s] Level 1:colcon.colcon_core.package_identification:_identify(path_generate/steven_gong/Raceline-Optimization/outputs) by extension 'ignore'
[3.357s] Level 1:colcon.colcon_core.package_identification:_identify(path_generate/steven_gong/Raceline-Optimization/outputs) by extension 'ignore_ament_install'
[3.357s] Level 1:colcon.colcon_core.package_identification:_identify(path_generate/steven_gong/Raceline-Optimization/outputs) by extensions ['colcon_pkg']
[3.358s] Level 1:colcon.colcon_core.package_identification:_identify(path_generate/steven_gong/Raceline-Optimization/outputs) by extension 'colcon_pkg'
[3.358s] Level 1:colcon.colcon_core.package_identification:_identify(path_generate/steven_gong/Raceline-Optimization/outputs) by extensions ['colcon_meta']
[3.358s] Level 1:colcon.colcon_core.package_identification:_identify(path_generate/steven_gong/Raceline-Optimization/outputs) by extension 'colcon_meta'
[3.360s] Level 1:colcon.colcon_core.package_identification:_identify(path_generate/steven_gong/Raceline-Optimization/outputs) by extensions ['ros']
[3.360s] Level 1:colcon.colcon_core.package_identification:_identify(path_generate/steven_gong/Raceline-Optimization/outputs) by extension 'ros'
[3.361s] Level 1:colcon.colcon_core.package_identification:_identify(path_generate/steven_gong/Raceline-Optimization/outputs) by extensions ['cmake', 'python']
[3.361s] Level 1:colcon.colcon_core.package_identification:_identify(path_generate/steven_gong/Raceline-Optimization/outputs) by extension 'cmake'
[3.361s] Level 1:colcon.colcon_core.package_identification:_identify(path_generate/steven_gong/Raceline-Optimization/outputs) by extension 'python'
[3.361s] Level 1:colcon.colcon_core.package_identification:_identify(path_generate/steven_gong/Raceline-Optimization/outputs) by extensions ['python_setup_py']
[3.362s] Level 1:colcon.colcon_core.package_identification:_identify(path_generate/steven_gong/Raceline-Optimization/outputs) by extension 'python_setup_py'
[3.362s] Level 1:colcon.colcon_core.package_identification:_identify(path_generate/steven_gong/Raceline-Optimization/outputs/e7_floor5_square) by extensions ['ignore', 'ignore_ament_install']
[3.363s] Level 1:colcon.colcon_core.package_identification:_identify(path_generate/steven_gong/Raceline-Optimization/outputs/e7_floor5_square) by extension 'ignore'
[3.363s] Level 1:colcon.colcon_core.package_identification:_identify(path_generate/steven_gong/Raceline-Optimization/outputs/e7_floor5_square) by extension 'ignore_ament_install'
[3.364s] Level 1:colcon.colcon_core.package_identification:_identify(path_generate/steven_gong/Raceline-Optimization/outputs/e7_floor5_square) by extensions ['colcon_pkg']
[3.364s] Level 1:colcon.colcon_core.package_identification:_identify(path_generate/steven_gong/Raceline-Optimization/outputs/e7_floor5_square) by extension 'colcon_pkg'
[3.364s] Level 1:colcon.colcon_core.package_identification:_identify(path_generate/steven_gong/Raceline-Optimization/outputs/e7_floor5_square) by extensions ['colcon_meta']
[3.364s] Level 1:colcon.colcon_core.package_identification:_identify(path_generate/steven_gong/Raceline-Optimization/outputs/e7_floor5_square) by extension 'colcon_meta'
[3.365s] Level 1:colcon.colcon_core.package_identification:_identify(path_generate/steven_gong/Raceline-Optimization/outputs/e7_floor5_square) by extensions ['ros']
[3.365s] Level 1:colcon.colcon_core.package_identification:_identify(path_generate/steven_gong/Raceline-Optimization/outputs/e7_floor5_square) by extension 'ros'
[3.366s] Level 1:colcon.colcon_core.package_identification:_identify(path_generate/steven_gong/Raceline-Optimization/outputs/e7_floor5_square) by extensions ['cmake', 'python']
[3.366s] Level 1:colcon.colcon_core.package_identification:_identify(path_generate/steven_gong/Raceline-Optimization/outputs/e7_floor5_square) by extension 'cmake'
[3.366s] Level 1:colcon.colcon_core.package_identification:_identify(path_generate/steven_gong/Raceline-Optimization/outputs/e7_floor5_square) by extension 'python'
[3.366s] Level 1:colcon.colcon_core.package_identification:_identify(path_generate/steven_gong/Raceline-Optimization/outputs/e7_floor5_square) by extensions ['python_setup_py']
[3.367s] Level 1:colcon.colcon_core.package_identification:_identify(path_generate/steven_gong/Raceline-Optimization/outputs/e7_floor5_square) by extension 'python_setup_py'
[3.367s] Level 1:colcon.colcon_core.package_identification:_identify(path_generate/steven_gong/Raceline-Optimization/outputs/e7_floor5_square/mintime-2025-09-20 18:24:27.455987) by extensions ['ignore', 'ignore_ament_install']
[3.368s] Level 1:colcon.colcon_core.package_identification:_identify(path_generate/steven_gong/Raceline-Optimization/outputs/e7_floor5_square/mintime-2025-09-20 18:24:27.455987) by extension 'ignore'
[3.368s] Level 1:colcon.colcon_core.package_identification:_identify(path_generate/steven_gong/Raceline-Optimization/outputs/e7_floor5_square/mintime-2025-09-20 18:24:27.455987) by extension 'ignore_ament_install'
[3.369s] Level 1:colcon.colcon_core.package_identification:_identify(path_generate/steven_gong/Raceline-Optimization/outputs/e7_floor5_square/mintime-2025-09-20 18:24:27.455987) by extensions ['colcon_pkg']
[3.369s] Level 1:colcon.colcon_core.package_identification:_identify(path_generate/steven_gong/Raceline-Optimization/outputs/e7_floor5_square/mintime-2025-09-20 18:24:27.455987) by extension 'colcon_pkg'
[3.369s] Level 1:colcon.colcon_core.package_identification:_identify(path_generate/steven_gong/Raceline-Optimization/outputs/e7_floor5_square/mintime-2025-09-20 18:24:27.455987) by extensions ['colcon_meta']
[3.369s] Level 1:colcon.colcon_core.package_identification:_identify(path_generate/steven_gong/Raceline-Optimization/outputs/e7_floor5_square/mintime-2025-09-20 18:24:27.455987) by extension 'colcon_meta'
[3.370s] Level 1:colcon.colcon_core.package_identification:_identify(path_generate/steven_gong/Raceline-Optimization/outputs/e7_floor5_square/mintime-2025-09-20 18:24:27.455987) by extensions ['ros']
[3.370s] Level 1:colcon.colcon_core.package_identification:_identify(path_generate/steven_gong/Raceline-Optimization/outputs/e7_floor5_square/mintime-2025-09-20 18:24:27.455987) by extension 'ros'
[3.370s] Level 1:colcon.colcon_core.package_identification:_identify(path_generate/steven_gong/Raceline-Optimization/outputs/e7_floor5_square/mintime-2025-09-20 18:24:27.455987) by extensions ['cmake', 'python']
[3.371s] Level 1:colcon.colcon_core.package_identification:_identify(path_generate/steven_gong/Raceline-Optimization/outputs/e7_floor5_square/mintime-2025-09-20 18:24:27.455987) by extension 'cmake'
[3.371s] Level 1:colcon.colcon_core.package_identification:_identify(path_generate/steven_gong/Raceline-Optimization/outputs/e7_floor5_square/mintime-2025-09-20 18:24:27.455987) by extension 'python'
[3.371s] Level 1:colcon.colcon_core.package_identification:_identify(path_generate/steven_gong/Raceline-Optimization/outputs/e7_floor5_square/mintime-2025-09-20 18:24:27.455987) by extensions ['python_setup_py']
[3.371s] Level 1:colcon.colcon_core.package_identification:_identify(path_generate/steven_gong/Raceline-Optimization/outputs/e7_floor5_square/mintime-2025-09-20 18:24:27.455987) by extension 'python_setup_py'
[3.372s] Level 1:colcon.colcon_core.package_identification:_identify(path_generate/steven_gong/Raceline-Optimization/outputs/e7_floor5_square/mintime-2025-09-20 18:28:26.161406) by extensions ['ignore', 'ignore_ament_install']
[3.373s] Level 1:colcon.colcon_core.package_identification:_identify(path_generate/steven_gong/Raceline-Optimization/outputs/e7_floor5_square/mintime-2025-09-20 18:28:26.161406) by extension 'ignore'
[3.373s] Level 1:colcon.colcon_core.package_identification:_identify(path_generate/steven_gong/Raceline-Optimization/outputs/e7_floor5_square/mintime-2025-09-20 18:28:26.161406) by extension 'ignore_ament_install'
[3.373s] Level 1:colcon.colcon_core.package_identification:_identify(path_generate/steven_gong/Raceline-Optimization/outputs/e7_floor5_square/mintime-2025-09-20 18:28:26.161406) by extensions ['colcon_pkg']
[3.374s] Level 1:colcon.colcon_core.package_identification:_identify(path_generate/steven_gong/Raceline-Optimization/outputs/e7_floor5_square/mintime-2025-09-20 18:28:26.161406) by extension 'colcon_pkg'
[3.374s] Level 1:colcon.colcon_core.package_identification:_identify(path_generate/steven_gong/Raceline-Optimization/outputs/e7_floor5_square/mintime-2025-09-20 18:28:26.161406) by extensions ['colcon_meta']
[3.374s] Level 1:colcon.colcon_core.package_identification:_identify(path_generate/steven_gong/Raceline-Optimization/outputs/e7_floor5_square/mintime-2025-09-20 18:28:26.161406) by extension 'colcon_meta'
[3.374s] Level 1:colcon.colcon_core.package_identification:_identify(path_generate/steven_gong/Raceline-Optimization/outputs/e7_floor5_square/mintime-2025-09-20 18:28:26.161406) by extensions ['ros']
[3.375s] Level 1:colcon.colcon_core.package_identification:_identify(path_generate/steven_gong/Raceline-Optimization/outputs/e7_floor5_square/mintime-2025-09-20 18:28:26.161406) by extension 'ros'
[3.375s] Level 1:colcon.colcon_core.package_identification:_identify(path_generate/steven_gong/Raceline-Optimization/outputs/e7_floor5_square/mintime-2025-09-20 18:28:26.161406) by extensions ['cmake', 'python']
[3.375s] Level 1:colcon.colcon_core.package_identification:_identify(path_generate/steven_gong/Raceline-Optimization/outputs/e7_floor5_square/mintime-2025-09-20 18:28:26.161406) by extension 'cmake'
[3.376s] Level 1:colcon.colcon_core.package_identification:_identify(path_generate/steven_gong/Raceline-Optimization/outputs/e7_floor5_square/mintime-2025-09-20 18:28:26.161406) by extension 'python'
[3.376s] Level 1:colcon.colcon_core.package_identification:_identify(path_generate/steven_gong/Raceline-Optimization/outputs/e7_floor5_square/mintime-2025-09-20 18:28:26.161406) by extensions ['python_setup_py']
[3.376s] Level 1:colcon.colcon_core.package_identification:_identify(path_generate/steven_gong/Raceline-Optimization/outputs/e7_floor5_square/mintime-2025-09-20 18:28:26.161406) by extension 'python_setup_py'
[3.377s] Level 1:colcon.colcon_core.package_identification:_identify(path_generate/steven_gong/Raceline-Optimization/outputs/e7_floor5_square/mintime-2025-09-20 18:32:21.437278) by extensions ['ignore', 'ignore_ament_install']
[3.377s] Level 1:colcon.colcon_core.package_identification:_identify(path_generate/steven_gong/Raceline-Optimization/outputs/e7_floor5_square/mintime-2025-09-20 18:32:21.437278) by extension 'ignore'
[3.378s] Level 1:colcon.colcon_core.package_identification:_identify(path_generate/steven_gong/Raceline-Optimization/outputs/e7_floor5_square/mintime-2025-09-20 18:32:21.437278) by extension 'ignore_ament_install'
[3.378s] Level 1:colcon.colcon_core.package_identification:_identify(path_generate/steven_gong/Raceline-Optimization/outputs/e7_floor5_square/mintime-2025-09-20 18:32:21.437278) by extensions ['colcon_pkg']
[3.378s] Level 1:colcon.colcon_core.package_identification:_identify(path_generate/steven_gong/Raceline-Optimization/outputs/e7_floor5_square/mintime-2025-09-20 18:32:21.437278) by extension 'colcon_pkg'
[3.379s] Level 1:colcon.colcon_core.package_identification:_identify(path_generate/steven_gong/Raceline-Optimization/outputs/e7_floor5_square/mintime-2025-09-20 18:32:21.437278) by extensions ['colcon_meta']
[3.379s] Level 1:colcon.colcon_core.package_identification:_identify(path_generate/steven_gong/Raceline-Optimization/outputs/e7_floor5_square/mintime-2025-09-20 18:32:21.437278) by extension 'colcon_meta'
[3.379s] Level 1:colcon.colcon_core.package_identification:_identify(path_generate/steven_gong/Raceline-Optimization/outputs/e7_floor5_square/mintime-2025-09-20 18:32:21.437278) by extensions ['ros']
[3.380s] Level 1:colcon.colcon_core.package_identification:_identify(path_generate/steven_gong/Raceline-Optimization/outputs/e7_floor5_square/mintime-2025-09-20 18:32:21.437278) by extension 'ros'
[3.380s] Level 1:colcon.colcon_core.package_identification:_identify(path_generate/steven_gong/Raceline-Optimization/outputs/e7_floor5_square/mintime-2025-09-20 18:32:21.437278) by extensions ['cmake', 'python']
[3.380s] Level 1:colcon.colcon_core.package_identification:_identify(path_generate/steven_gong/Raceline-Optimization/outputs/e7_floor5_square/mintime-2025-09-20 18:32:21.437278) by extension 'cmake'
[3.381s] Level 1:colcon.colcon_core.package_identification:_identify(path_generate/steven_gong/Raceline-Optimization/outputs/e7_floor5_square/mintime-2025-09-20 18:32:21.437278) by extension 'python'
[3.381s] Level 1:colcon.colcon_core.package_identification:_identify(path_generate/steven_gong/Raceline-Optimization/outputs/e7_floor5_square/mintime-2025-09-20 18:32:21.437278) by extensions ['python_setup_py']
[3.381s] Level 1:colcon.colcon_core.package_identification:_identify(path_generate/steven_gong/Raceline-Optimization/outputs/e7_floor5_square/mintime-2025-09-20 18:32:21.437278) by extension 'python_setup_py'
[3.382s] Level 1:colcon.colcon_core.package_identification:_identify(path_generate/steven_gong/Raceline-Optimization/outputs/e7_floor5_square/mintime-2025-09-20 18:33:53.601057) by extensions ['ignore', 'ignore_ament_install']
[3.382s] Level 1:colcon.colcon_core.package_identification:_identify(path_generate/steven_gong/Raceline-Optimization/outputs/e7_floor5_square/mintime-2025-09-20 18:33:53.601057) by extension 'ignore'
[3.383s] Level 1:colcon.colcon_core.package_identification:_identify(path_generate/steven_gong/Raceline-Optimization/outputs/e7_floor5_square/mintime-2025-09-20 18:33:53.601057) by extension 'ignore_ament_install'
[3.383s] Level 1:colcon.colcon_core.package_identification:_identify(path_generate/steven_gong/Raceline-Optimization/outputs/e7_floor5_square/mintime-2025-09-20 18:33:53.601057) by extensions ['colcon_pkg']
[3.383s] Level 1:colcon.colcon_core.package_identification:_identify(path_generate/steven_gong/Raceline-Optimization/outputs/e7_floor5_square/mintime-2025-09-20 18:33:53.601057) by extension 'colcon_pkg'
[3.383s] Level 1:colcon.colcon_core.package_identification:_identify(path_generate/steven_gong/Raceline-Optimization/outputs/e7_floor5_square/mintime-2025-09-20 18:33:53.601057) by extensions ['colcon_meta']
[3.384s] Level 1:colcon.colcon_core.package_identification:_identify(path_generate/steven_gong/Raceline-Optimization/outputs/e7_floor5_square/mintime-2025-09-20 18:33:53.601057) by extension 'colcon_meta'
[3.384s] Level 1:colcon.colcon_core.package_identification:_identify(path_generate/steven_gong/Raceline-Optimization/outputs/e7_floor5_square/mintime-2025-09-20 18:33:53.601057) by extensions ['ros']
[3.384s] Level 1:colcon.colcon_core.package_identification:_identify(path_generate/steven_gong/Raceline-Optimization/outputs/e7_floor5_square/mintime-2025-09-20 18:33:53.601057) by extension 'ros'
[3.385s] Level 1:colcon.colcon_core.package_identification:_identify(path_generate/steven_gong/Raceline-Optimization/outputs/e7_floor5_square/mintime-2025-09-20 18:33:53.601057) by extensions ['cmake', 'python']
[3.385s] Level 1:colcon.colcon_core.package_identification:_identify(path_generate/steven_gong/Raceline-Optimization/outputs/e7_floor5_square/mintime-2025-09-20 18:33:53.601057) by extension 'cmake'
[3.385s] Level 1:colcon.colcon_core.package_identification:_identify(path_generate/steven_gong/Raceline-Optimization/outputs/e7_floor5_square/mintime-2025-09-20 18:33:53.601057) by extension 'python'
[3.385s] Level 1:colcon.colcon_core.package_identification:_identify(path_generate/steven_gong/Raceline-Optimization/outputs/e7_floor5_square/mintime-2025-09-20 18:33:53.601057) by extensions ['python_setup_py']
[3.386s] Level 1:colcon.colcon_core.package_identification:_identify(path_generate/steven_gong/Raceline-Optimization/outputs/e7_floor5_square/mintime-2025-09-20 18:33:53.601057) by extension 'python_setup_py'
[3.386s] Level 1:colcon.colcon_core.package_identification:_identify(path_generate/steven_gong/Raceline-Optimization/params) by extensions ['ignore', 'ignore_ament_install']
[3.387s] Level 1:colcon.colcon_core.package_identification:_identify(path_generate/steven_gong/Raceline-Optimization/params) by extension 'ignore'
[3.387s] Level 1:colcon.colcon_core.package_identification:_identify(path_generate/steven_gong/Raceline-Optimization/params) by extension 'ignore_ament_install'
[3.388s] Level 1:colcon.colcon_core.package_identification:_identify(path_generate/steven_gong/Raceline-Optimization/params) by extensions ['colcon_pkg']
[3.388s] Level 1:colcon.colcon_core.package_identification:_identify(path_generate/steven_gong/Raceline-Optimization/params) by extension 'colcon_pkg'
[3.388s] Level 1:colcon.colcon_core.package_identification:_identify(path_generate/steven_gong/Raceline-Optimization/params) by extensions ['colcon_meta']
[3.388s] Level 1:colcon.colcon_core.package_identification:_identify(path_generate/steven_gong/Raceline-Optimization/params) by extension 'colcon_meta'
[3.389s] Level 1:colcon.colcon_core.package_identification:_identify(path_generate/steven_gong/Raceline-Optimization/params) by extensions ['ros']
[3.389s] Level 1:colcon.colcon_core.package_identification:_identify(path_generate/steven_gong/Raceline-Optimization/params) by extension 'ros'
[3.390s] Level 1:colcon.colcon_core.package_identification:_identify(path_generate/steven_gong/Raceline-Optimization/params) by extensions ['cmake', 'python']
[3.391s] Level 1:colcon.colcon_core.package_identification:_identify(path_generate/steven_gong/Raceline-Optimization/params) by extension 'cmake'
[3.391s] Level 1:colcon.colcon_core.package_identification:_identify(path_generate/steven_gong/Raceline-Optimization/params) by extension 'python'
[3.391s] Level 1:colcon.colcon_core.package_identification:_identify(path_generate/steven_gong/Raceline-Optimization/params) by extensions ['python_setup_py']
[3.392s] Level 1:colcon.colcon_core.package_identification:_identify(path_generate/steven_gong/Raceline-Optimization/params) by extension 'python_setup_py'
[3.392s] Level 1:colcon.colcon_core.package_identification:_identify(rosbag2_2025_09_18-18_36_26) by extensions ['ignore', 'ignore_ament_install']
[3.393s] Level 1:colcon.colcon_core.package_identification:_identify(rosbag2_2025_09_18-18_36_26) by extension 'ignore'
[3.393s] Level 1:colcon.colcon_core.package_identification:_identify(rosbag2_2025_09_18-18_36_26) by extension 'ignore_ament_install'
[3.394s] Level 1:colcon.colcon_core.package_identification:_identify(rosbag2_2025_09_18-18_36_26) by extensions ['colcon_pkg']
[3.394s] Level 1:colcon.colcon_core.package_identification:_identify(rosbag2_2025_09_18-18_36_26) by extension 'colcon_pkg'
[3.394s] Level 1:colcon.colcon_core.package_identification:_identify(rosbag2_2025_09_18-18_36_26) by extensions ['colcon_meta']
[3.394s] Level 1:colcon.colcon_core.package_identification:_identify(rosbag2_2025_09_18-18_36_26) by extension 'colcon_meta'
[3.394s] Level 1:colcon.colcon_core.package_identification:_identify(rosbag2_2025_09_18-18_36_26) by extensions ['ros']
[3.395s] Level 1:colcon.colcon_core.package_identification:_identify(rosbag2_2025_09_18-18_36_26) by extension 'ros'
[3.395s] Level 1:colcon.colcon_core.package_identification:_identify(rosbag2_2025_09_18-18_36_26) by extensions ['cmake', 'python']
[3.396s] Level 1:colcon.colcon_core.package_identification:_identify(rosbag2_2025_09_18-18_36_26) by extension 'cmake'
[3.396s] Level 1:colcon.colcon_core.package_identification:_identify(rosbag2_2025_09_18-18_36_26) by extension 'python'
[3.396s] Level 1:colcon.colcon_core.package_identification:_identify(rosbag2_2025_09_18-18_36_26) by extensions ['python_setup_py']
[3.396s] Level 1:colcon.colcon_core.package_identification:_identify(rosbag2_2025_09_18-18_36_26) by extension 'python_setup_py'
[3.397s] Level 1:colcon.colcon_core.package_identification:_identify(src) by extensions ['ignore', 'ignore_ament_install']
[3.397s] Level 1:colcon.colcon_core.package_identification:_identify(src) by extension 'ignore'
[3.398s] Level 1:colcon.colcon_core.package_identification:_identify(src) by extension 'ignore_ament_install'
[3.398s] Level 1:colcon.colcon_core.package_identification:_identify(src) by extensions ['colcon_pkg']
[3.398s] Level 1:colcon.colcon_core.package_identification:_identify(src) by extension 'colcon_pkg'
[3.399s] Level 1:colcon.colcon_core.package_identification:_identify(src) by extensions ['colcon_meta']
[3.399s] Level 1:colcon.colcon_core.package_identification:_identify(src) by extension 'colcon_meta'
[3.399s] Level 1:colcon.colcon_core.package_identification:_identify(src) by extensions ['ros']
[3.399s] Level 1:colcon.colcon_core.package_identification:_identify(src) by extension 'ros'
[3.400s] Level 1:colcon.colcon_core.package_identification:_identify(src) by extensions ['cmake', 'python']
[3.400s] Level 1:colcon.colcon_core.package_identification:_identify(src) by extension 'cmake'
[3.400s] Level 1:colcon.colcon_core.package_identification:_identify(src) by extension 'python'
[3.401s] Level 1:colcon.colcon_core.package_identification:_identify(src) by extensions ['python_setup_py']
[3.401s] Level 1:colcon.colcon_core.package_identification:_identify(src) by extension 'python_setup_py'
[3.402s] Level 1:colcon.colcon_core.package_identification:_identify(src/build) by extensions ['ignore', 'ignore_ament_install']
[3.402s] Level 1:colcon.colcon_core.package_identification:_identify(src/build) by extension 'ignore'
[3.402s] Level 1:colcon.colcon_core.package_identification:_identify(src/build) ignored
[3.403s] Level 1:colcon.colcon_core.package_identification:_identify(src/center_follow_cpp) by extensions ['ignore', 'ignore_ament_install']
[3.403s] Level 1:colcon.colcon_core.package_identification:_identify(src/center_follow_cpp) by extension 'ignore'
[3.404s] Level 1:colcon.colcon_core.package_identification:_identify(src/center_follow_cpp) by extension 'ignore_ament_install'
[3.404s] Level 1:colcon.colcon_core.package_identification:_identify(src/center_follow_cpp) by extensions ['colcon_pkg']
[3.404s] Level 1:colcon.colcon_core.package_identification:_identify(src/center_follow_cpp) by extension 'colcon_pkg'
[3.405s] Level 1:colcon.colcon_core.package_identification:_identify(src/center_follow_cpp) by extensions ['colcon_meta']
[3.405s] Level 1:colcon.colcon_core.package_identification:_identify(src/center_follow_cpp) by extension 'colcon_meta'
[3.405s] Level 1:colcon.colcon_core.package_identification:_identify(src/center_follow_cpp) by extensions ['ros']
[3.405s] Level 1:colcon.colcon_core.package_identification:_identify(src/center_follow_cpp) by extension 'ros'
[3.425s] DEBUG:colcon.colcon_core.package_identification:Package 'src/center_follow_cpp' with type 'ros.ament_cmake' and name 'center_follow_cpp'
[3.426s] Level 1:colcon.colcon_core.package_identification:_identify(src/f1tenth_slam_nav) by extensions ['ignore', 'ignore_ament_install']
[3.426s] Level 1:colcon.colcon_core.package_identification:_identify(src/f1tenth_slam_nav) by extension 'ignore'
[3.427s] Level 1:colcon.colcon_core.package_identification:_identify(src/f1tenth_slam_nav) by extension 'ignore_ament_install'
[3.427s] Level 1:colcon.colcon_core.package_identification:_identify(src/f1tenth_slam_nav) by extensions ['colcon_pkg']
[3.428s] Level 1:colcon.colcon_core.package_identification:_identify(src/f1tenth_slam_nav) by extension 'colcon_pkg'
[3.428s] Level 1:colcon.colcon_core.package_identification:_identify(src/f1tenth_slam_nav) by extensions ['colcon_meta']
[3.428s] Level 1:colcon.colcon_core.package_identification:_identify(src/f1tenth_slam_nav) by extension 'colcon_meta'
[3.428s] Level 1:colcon.colcon_core.package_identification:_identify(src/f1tenth_slam_nav) by extensions ['ros']
[3.429s] Level 1:colcon.colcon_core.package_identification:_identify(src/f1tenth_slam_nav) by extension 'ros'
[3.443s] DEBUG:colcon.colcon_core.package_identification:Package 'src/f1tenth_slam_nav' with type 'ros.ament_cmake' and name 'f1tenth_slam_nav'
[3.444s] Level 1:colcon.colcon_core.package_identification:_identify(src/f1tenth_system) by extensions ['ignore', 'ignore_ament_install']
[3.445s] Level 1:colcon.colcon_core.package_identification:_identify(src/f1tenth_system) by extension 'ignore'
[3.445s] Level 1:colcon.colcon_core.package_identification:_identify(src/f1tenth_system) by extension 'ignore_ament_install'
[3.445s] Level 1:colcon.colcon_core.package_identification:_identify(src/f1tenth_system) by extensions ['colcon_pkg']
[3.446s] Level 1:colcon.colcon_core.package_identification:_identify(src/f1tenth_system) by extension 'colcon_pkg'
[3.446s] Level 1:colcon.colcon_core.package_identification:_identify(src/f1tenth_system) by extensions ['colcon_meta']
[3.446s] Level 1:colcon.colcon_core.package_identification:_identify(src/f1tenth_system) by extension 'colcon_meta'
[3.446s] Level 1:colcon.colcon_core.package_identification:_identify(src/f1tenth_system) by extensions ['ros']
[3.447s] Level 1:colcon.colcon_core.package_identification:_identify(src/f1tenth_system) by extension 'ros'
[3.447s] Level 1:colcon.colcon_core.package_identification:_identify(src/f1tenth_system) by extensions ['cmake', 'python']
[3.447s] Level 1:colcon.colcon_core.package_identification:_identify(src/f1tenth_system) by extension 'cmake'
[3.448s] Level 1:colcon.colcon_core.package_identification:_identify(src/f1tenth_system) by extension 'python'
[3.448s] Level 1:colcon.colcon_core.package_identification:_identify(src/f1tenth_system) by extensions ['python_setup_py']
[3.448s] Level 1:colcon.colcon_core.package_identification:_identify(src/f1tenth_system) by extension 'python_setup_py'
[3.449s] Level 1:colcon.colcon_core.package_identification:_identify(src/f1tenth_system/ackermann_mux) by extensions ['ignore', 'ignore_ament_install']
[3.449s] Level 1:colcon.colcon_core.package_identification:_identify(src/f1tenth_system/ackermann_mux) by extension 'ignore'
[3.450s] Level 1:colcon.colcon_core.package_identification:_identify(src/f1tenth_system/ackermann_mux) by extension 'ignore_ament_install'
[3.450s] Level 1:colcon.colcon_core.package_identification:_identify(src/f1tenth_system/ackermann_mux) by extensions ['colcon_pkg']
[3.450s] Level 1:colcon.colcon_core.package_identification:_identify(src/f1tenth_system/ackermann_mux) by extension 'colcon_pkg'
[3.450s] Level 1:colcon.colcon_core.package_identification:_identify(src/f1tenth_system/ackermann_mux) by extensions ['colcon_meta']
[3.451s] Level 1:colcon.colcon_core.package_identification:_identify(src/f1tenth_system/ackermann_mux) by extension 'colcon_meta'
[3.451s] Level 1:colcon.colcon_core.package_identification:_identify(src/f1tenth_system/ackermann_mux) by extensions ['ros']
[3.451s] Level 1:colcon.colcon_core.package_identification:_identify(src/f1tenth_system/ackermann_mux) by extension 'ros'
[3.458s] DEBUG:colcon.colcon_core.package_identification:Package 'src/f1tenth_system/ackermann_mux' with type 'ros.ament_cmake' and name 'ackermann_mux'
[3.459s] Level 1:colcon.colcon_core.package_identification:_identify(src/f1tenth_system/f1tenth_stack) by extensions ['ignore', 'ignore_ament_install']
[3.461s] Level 1:colcon.colcon_core.package_identification:_identify(src/f1tenth_system/f1tenth_stack) by extension 'ignore'
[3.461s] Level 1:colcon.colcon_core.package_identification:_identify(src/f1tenth_system/f1tenth_stack) by extension 'ignore_ament_install'
[3.462s] Level 1:colcon.colcon_core.package_identification:_identify(src/f1tenth_system/f1tenth_stack) by extensions ['colcon_pkg']
[3.462s] Level 1:colcon.colcon_core.package_identification:_identify(src/f1tenth_system/f1tenth_stack) by extension 'colcon_pkg'
[3.462s] Level 1:colcon.colcon_core.package_identification:_identify(src/f1tenth_system/f1tenth_stack) by extensions ['colcon_meta']
[3.463s] Level 1:colcon.colcon_core.package_identification:_identify(src/f1tenth_system/f1tenth_stack) by extension 'colcon_meta'
[3.463s] Level 1:colcon.colcon_core.package_identification:_identify(src/f1tenth_system/f1tenth_stack) by extensions ['ros']
[3.463s] Level 1:colcon.colcon_core.package_identification:_identify(src/f1tenth_system/f1tenth_stack) by extension 'ros'
[3.470s] DEBUG:colcon.colcon_core.package_identification:Package 'src/f1tenth_system/f1tenth_stack' with type 'ros.ament_python' and name 'f1tenth_stack'
[3.471s] Level 1:colcon.colcon_core.package_identification:_identify(src/f1tenth_system/scripts) by extensions ['ignore', 'ignore_ament_install']
[3.472s] Level 1:colcon.colcon_core.package_identification:_identify(src/f1tenth_system/scripts) by extension 'ignore'
[3.472s] Level 1:colcon.colcon_core.package_identification:_identify(src/f1tenth_system/scripts) by extension 'ignore_ament_install'
[3.472s] Level 1:colcon.colcon_core.package_identification:_identify(src/f1tenth_system/scripts) by extensions ['colcon_pkg']
[3.473s] Level 1:colcon.colcon_core.package_identification:_identify(src/f1tenth_system/scripts) by extension 'colcon_pkg'
[3.473s] Level 1:colcon.colcon_core.package_identification:_identify(src/f1tenth_system/scripts) by extensions ['colcon_meta']
[3.473s] Level 1:colcon.colcon_core.package_identification:_identify(src/f1tenth_system/scripts) by extension 'colcon_meta'
[3.473s] Level 1:colcon.colcon_core.package_identification:_identify(src/f1tenth_system/scripts) by extensions ['ros']
[3.474s] Level 1:colcon.colcon_core.package_identification:_identify(src/f1tenth_system/scripts) by extension 'ros'
[3.474s] Level 1:colcon.colcon_core.package_identification:_identify(src/f1tenth_system/scripts) by extensions ['cmake', 'python']
[3.474s] Level 1:colcon.colcon_core.package_identification:_identify(src/f1tenth_system/scripts) by extension 'cmake'
[3.475s] Level 1:colcon.colcon_core.package_identification:_identify(src/f1tenth_system/scripts) by extension 'python'
[3.475s] Level 1:colcon.colcon_core.package_identification:_identify(src/f1tenth_system/scripts) by extensions ['python_setup_py']
[3.475s] Level 1:colcon.colcon_core.package_identification:_identify(src/f1tenth_system/scripts) by extension 'python_setup_py'
[3.476s] Level 1:colcon.colcon_core.package_identification:_identify(src/f1tenth_system/teleop_tools) by extensions ['ignore', 'ignore_ament_install']
[3.477s] Level 1:colcon.colcon_core.package_identification:_identify(src/f1tenth_system/teleop_tools) by extension 'ignore'
[3.477s] Level 1:colcon.colcon_core.package_identification:_identify(src/f1tenth_system/teleop_tools) by extension 'ignore_ament_install'
[3.477s] Level 1:colcon.colcon_core.package_identification:_identify(src/f1tenth_system/teleop_tools) by extensions ['colcon_pkg']
[3.478s] Level 1:colcon.colcon_core.package_identification:_identify(src/f1tenth_system/teleop_tools) by extension 'colcon_pkg'
[3.478s] Level 1:colcon.colcon_core.package_identification:_identify(src/f1tenth_system/teleop_tools) by extensions ['colcon_meta']
[3.478s] Level 1:colcon.colcon_core.package_identification:_identify(src/f1tenth_system/teleop_tools) by extension 'colcon_meta'
[3.478s] Level 1:colcon.colcon_core.package_identification:_identify(src/f1tenth_system/teleop_tools) by extensions ['ros']
[3.479s] Level 1:colcon.colcon_core.package_identification:_identify(src/f1tenth_system/teleop_tools) by extension 'ros'
[3.479s] Level 1:colcon.colcon_core.package_identification:_identify(src/f1tenth_system/teleop_tools) by extensions ['cmake', 'python']
[3.479s] Level 1:colcon.colcon_core.package_identification:_identify(src/f1tenth_system/teleop_tools) by extension 'cmake'
[3.480s] Level 1:colcon.colcon_core.package_identification:_identify(src/f1tenth_system/teleop_tools) by extension 'python'
[3.480s] Level 1:colcon.colcon_core.package_identification:_identify(src/f1tenth_system/teleop_tools) by extensions ['python_setup_py']
[3.480s] Level 1:colcon.colcon_core.package_identification:_identify(src/f1tenth_system/teleop_tools) by extension 'python_setup_py'
[3.481s] Level 1:colcon.colcon_core.package_identification:_identify(src/f1tenth_system/teleop_tools/joy_teleop) by extensions ['ignore', 'ignore_ament_install']
[3.482s] Level 1:colcon.colcon_core.package_identification:_identify(src/f1tenth_system/teleop_tools/joy_teleop) by extension 'ignore'
[3.482s] Level 1:colcon.colcon_core.package_identification:_identify(src/f1tenth_system/teleop_tools/joy_teleop) by extension 'ignore_ament_install'
[3.482s] Level 1:colcon.colcon_core.package_identification:_identify(src/f1tenth_system/teleop_tools/joy_teleop) by extensions ['colcon_pkg']
[3.483s] Level 1:colcon.colcon_core.package_identification:_identify(src/f1tenth_system/teleop_tools/joy_teleop) by extension 'colcon_pkg'
[3.483s] Level 1:colcon.colcon_core.package_identification:_identify(src/f1tenth_system/teleop_tools/joy_teleop) by extensions ['colcon_meta']
[3.483s] Level 1:colcon.colcon_core.package_identification:_identify(src/f1tenth_system/teleop_tools/joy_teleop) by extension 'colcon_meta'
[3.483s] Level 1:colcon.colcon_core.package_identification:_identify(src/f1tenth_system/teleop_tools/joy_teleop) by extensions ['ros']
[3.484s] Level 1:colcon.colcon_core.package_identification:_identify(src/f1tenth_system/teleop_tools/joy_teleop) by extension 'ros'
[3.489s] DEBUG:colcon.colcon_core.package_identification:Package 'src/f1tenth_system/teleop_tools/joy_teleop' with type 'ros.ament_python' and name 'joy_teleop'
[3.490s] Level 1:colcon.colcon_core.package_identification:_identify(src/f1tenth_system/teleop_tools/key_teleop) by extensions ['ignore', 'ignore_ament_install']
[3.490s] Level 1:colcon.colcon_core.package_identification:_identify(src/f1tenth_system/teleop_tools/key_teleop) by extension 'ignore'
[3.491s] Level 1:colcon.colcon_core.package_identification:_identify(src/f1tenth_system/teleop_tools/key_teleop) by extension 'ignore_ament_install'
[3.491s] Level 1:colcon.colcon_core.package_identification:_identify(src/f1tenth_system/teleop_tools/key_teleop) by extensions ['colcon_pkg']
[3.492s] Level 1:colcon.colcon_core.package_identification:_identify(src/f1tenth_system/teleop_tools/key_teleop) by extension 'colcon_pkg'
[3.492s] Level 1:colcon.colcon_core.package_identification:_identify(src/f1tenth_system/teleop_tools/key_teleop) by extensions ['colcon_meta']
[3.492s] Level 1:colcon.colcon_core.package_identification:_identify(src/f1tenth_system/teleop_tools/key_teleop) by extension 'colcon_meta'
[3.492s] Level 1:colcon.colcon_core.package_identification:_identify(src/f1tenth_system/teleop_tools/key_teleop) by extensions ['ros']
[3.493s] Level 1:colcon.colcon_core.package_identification:_identify(src/f1tenth_system/teleop_tools/key_teleop) by extension 'ros'
[3.497s] DEBUG:colcon.colcon_core.package_identification:Package 'src/f1tenth_system/teleop_tools/key_teleop' with type 'ros.ament_python' and name 'key_teleop'
[3.498s] Level 1:colcon.colcon_core.package_identification:_identify(src/f1tenth_system/teleop_tools/mouse_teleop) by extensions ['ignore', 'ignore_ament_install']
[3.498s] Level 1:colcon.colcon_core.package_identification:_identify(src/f1tenth_system/teleop_tools/mouse_teleop) by extension 'ignore'
[3.499s] Level 1:colcon.colcon_core.package_identification:_identify(src/f1tenth_system/teleop_tools/mouse_teleop) by extension 'ignore_ament_install'
[3.499s] Level 1:colcon.colcon_core.package_identification:_identify(src/f1tenth_system/teleop_tools/mouse_teleop) by extensions ['colcon_pkg']
[3.499s] Level 1:colcon.colcon_core.package_identification:_identify(src/f1tenth_system/teleop_tools/mouse_teleop) by extension 'colcon_pkg'
[3.500s] Level 1:colcon.colcon_core.package_identification:_identify(src/f1tenth_system/teleop_tools/mouse_teleop) by extensions ['colcon_meta']
[3.500s] Level 1:colcon.colcon_core.package_identification:_identify(src/f1tenth_system/teleop_tools/mouse_teleop) by extension 'colcon_meta'
[3.500s] Level 1:colcon.colcon_core.package_identification:_identify(src/f1tenth_system/teleop_tools/mouse_teleop) by extensions ['ros']
[3.501s] Level 1:colcon.colcon_core.package_identification:_identify(src/f1tenth_system/teleop_tools/mouse_teleop) by extension 'ros'
[3.505s] DEBUG:colcon.colcon_core.package_identification:Package 'src/f1tenth_system/teleop_tools/mouse_teleop' with type 'ros.ament_python' and name 'mouse_teleop'
[3.506s] Level 1:colcon.colcon_core.package_identification:_identify(src/f1tenth_system/teleop_tools/teleop_tools) by extensions ['ignore', 'ignore_ament_install']
[3.507s] Level 1:colcon.colcon_core.package_identification:_identify(src/f1tenth_system/teleop_tools/teleop_tools) by extension 'ignore'
[3.507s] Level 1:colcon.colcon_core.package_identification:_identify(src/f1tenth_system/teleop_tools/teleop_tools) by extension 'ignore_ament_install'
[3.507s] Level 1:colcon.colcon_core.package_identification:_identify(src/f1tenth_system/teleop_tools/teleop_tools) by extensions ['colcon_pkg']
[3.508s] Level 1:colcon.colcon_core.package_identification:_identify(src/f1tenth_system/teleop_tools/teleop_tools) by extension 'colcon_pkg'
[3.508s] Level 1:colcon.colcon_core.package_identification:_identify(src/f1tenth_system/teleop_tools/teleop_tools) by extensions ['colcon_meta']
[3.508s] Level 1:colcon.colcon_core.package_identification:_identify(src/f1tenth_system/teleop_tools/teleop_tools) by extension 'colcon_meta'
[3.508s] Level 1:colcon.colcon_core.package_identification:_identify(src/f1tenth_system/teleop_tools/teleop_tools) by extensions ['ros']
[3.509s] Level 1:colcon.colcon_core.package_identification:_identify(src/f1tenth_system/teleop_tools/teleop_tools) by extension 'ros'
[3.512s] DEBUG:colcon.colcon_core.package_identification:Package 'src/f1tenth_system/teleop_tools/teleop_tools' with type 'ros.ament_cmake' and name 'teleop_tools'
[3.513s] Level 1:colcon.colcon_core.package_identification:_identify(src/f1tenth_system/teleop_tools/teleop_tools_msgs) by extensions ['ignore', 'ignore_ament_install']
[3.513s] Level 1:colcon.colcon_core.package_identification:_identify(src/f1tenth_system/teleop_tools/teleop_tools_msgs) by extension 'ignore'
[3.514s] Level 1:colcon.colcon_core.package_identification:_identify(src/f1tenth_system/teleop_tools/teleop_tools_msgs) by extension 'ignore_ament_install'
[3.514s] Level 1:colcon.colcon_core.package_identification:_identify(src/f1tenth_system/teleop_tools/teleop_tools_msgs) by extensions ['colcon_pkg']
[3.514s] Level 1:colcon.colcon_core.package_identification:_identify(src/f1tenth_system/teleop_tools/teleop_tools_msgs) by extension 'colcon_pkg'
[3.515s] Level 1:colcon.colcon_core.package_identification:_identify(src/f1tenth_system/teleop_tools/teleop_tools_msgs) by extensions ['colcon_meta']
[3.515s] Level 1:colcon.colcon_core.package_identification:_identify(src/f1tenth_system/teleop_tools/teleop_tools_msgs) by extension 'colcon_meta'
[3.515s] Level 1:colcon.colcon_core.package_identification:_identify(src/f1tenth_system/teleop_tools/teleop_tools_msgs) by extensions ['ros']
[3.515s] Level 1:colcon.colcon_core.package_identification:_identify(src/f1tenth_system/teleop_tools/teleop_tools_msgs) by extension 'ros'
[3.519s] DEBUG:colcon.colcon_core.package_identification:Package 'src/f1tenth_system/teleop_tools/teleop_tools_msgs' with type 'ros.ament_cmake' and name 'teleop_tools_msgs'
[3.520s] Level 1:colcon.colcon_core.package_identification:_identify(src/f1tenth_system/vesc) by extensions ['ignore', 'ignore_ament_install']
[3.521s] Level 1:colcon.colcon_core.package_identification:_identify(src/f1tenth_system/vesc) by extension 'ignore'
[3.522s] Level 1:colcon.colcon_core.package_identification:_identify(src/f1tenth_system/vesc) by extension 'ignore_ament_install'
[3.523s] Level 1:colcon.colcon_core.package_identification:_identify(src/f1tenth_system/vesc) by extensions ['colcon_pkg']
[3.523s] Level 1:colcon.colcon_core.package_identification:_identify(src/f1tenth_system/vesc) by extension 'colcon_pkg'
[3.523s] Level 1:colcon.colcon_core.package_identification:_identify(src/f1tenth_system/vesc) by extensions ['colcon_meta']
[3.523s] Level 1:colcon.colcon_core.package_identification:_identify(src/f1tenth_system/vesc) by extension 'colcon_meta'
[3.524s] Level 1:colcon.colcon_core.package_identification:_identify(src/f1tenth_system/vesc) by extensions ['ros']
[3.524s] Level 1:colcon.colcon_core.package_identification:_identify(src/f1tenth_system/vesc) by extension 'ros'
[3.525s] Level 1:colcon.colcon_core.package_identification:_identify(src/f1tenth_system/vesc) by extensions ['cmake', 'python']
[3.525s] Level 1:colcon.colcon_core.package_identification:_identify(src/f1tenth_system/vesc) by extension 'cmake'
[3.525s] Level 1:colcon.colcon_core.package_identification:_identify(src/f1tenth_system/vesc) by extension 'python'
[3.525s] Level 1:colcon.colcon_core.package_identification:_identify(src/f1tenth_system/vesc) by extensions ['python_setup_py']
[3.525s] Level 1:colcon.colcon_core.package_identification:_identify(src/f1tenth_system/vesc) by extension 'python_setup_py'
[3.526s] Level 1:colcon.colcon_core.package_identification:_identify(src/f1tenth_system/vesc/vesc) by extensions ['ignore', 'ignore_ament_install']
[3.527s] Level 1:colcon.colcon_core.package_identification:_identify(src/f1tenth_system/vesc/vesc) by extension 'ignore'
[3.527s] Level 1:colcon.colcon_core.package_identification:_identify(src/f1tenth_system/vesc/vesc) by extension 'ignore_ament_install'
[3.528s] Level 1:colcon.colcon_core.package_identification:_identify(src/f1tenth_system/vesc/vesc) by extensions ['colcon_pkg']
[3.528s] Level 1:colcon.colcon_core.package_identification:_identify(src/f1tenth_system/vesc/vesc) by extension 'colcon_pkg'
[3.528s] Level 1:colcon.colcon_core.package_identification:_identify(src/f1tenth_system/vesc/vesc) by extensions ['colcon_meta']
[3.528s] Level 1:colcon.colcon_core.package_identification:_identify(src/f1tenth_system/vesc/vesc) by extension 'colcon_meta'
[3.528s] Level 1:colcon.colcon_core.package_identification:_identify(src/f1tenth_system/vesc/vesc) by extensions ['ros']
[3.529s] Level 1:colcon.colcon_core.package_identification:_identify(src/f1tenth_system/vesc/vesc) by extension 'ros'
[3.533s] DEBUG:colcon.colcon_core.package_identification:Package 'src/f1tenth_system/vesc/vesc' with type 'ros.ament_cmake' and name 'vesc'
[3.534s] Level 1:colcon.colcon_core.package_identification:_identify(src/f1tenth_system/vesc/vesc_ackermann) by extensions ['ignore', 'ignore_ament_install']
[3.534s] Level 1:colcon.colcon_core.package_identification:_identify(src/f1tenth_system/vesc/vesc_ackermann) by extension 'ignore'
[3.534s] Level 1:colcon.colcon_core.package_identification:_identify(src/f1tenth_system/vesc/vesc_ackermann) by extension 'ignore_ament_install'
[3.535s] Level 1:colcon.colcon_core.package_identification:_identify(src/f1tenth_system/vesc/vesc_ackermann) by extensions ['colcon_pkg']
[3.535s] Level 1:colcon.colcon_core.package_identification:_identify(src/f1tenth_system/vesc/vesc_ackermann) by extension 'colcon_pkg'
[3.535s] Level 1:colcon.colcon_core.package_identification:_identify(src/f1tenth_system/vesc/vesc_ackermann) by extensions ['colcon_meta']
[3.536s] Level 1:colcon.colcon_core.package_identification:_identify(src/f1tenth_system/vesc/vesc_ackermann) by extension 'colcon_meta'
[3.536s] Level 1:colcon.colcon_core.package_identification:_identify(src/f1tenth_system/vesc/vesc_ackermann) by extensions ['ros']
[3.536s] Level 1:colcon.colcon_core.package_identification:_identify(src/f1tenth_system/vesc/vesc_ackermann) by extension 'ros'
[3.545s] DEBUG:colcon.colcon_core.package_identification:Package 'src/f1tenth_system/vesc/vesc_ackermann' with type 'ros.ament_cmake' and name 'vesc_ackermann'
[3.546s] Level 1:colcon.colcon_core.package_identification:_identify(src/f1tenth_system/vesc/vesc_driver) by extensions ['ignore', 'ignore_ament_install']
[3.546s] Level 1:colcon.colcon_core.package_identification:_identify(src/f1tenth_system/vesc/vesc_driver) by extension 'ignore'
[3.547s] Level 1:colcon.colcon_core.package_identification:_identify(src/f1tenth_system/vesc/vesc_driver) by extension 'ignore_ament_install'
[3.547s] Level 1:colcon.colcon_core.package_identification:_identify(src/f1tenth_system/vesc/vesc_driver) by extensions ['colcon_pkg']
[3.547s] Level 1:colcon.colcon_core.package_identification:_identify(src/f1tenth_system/vesc/vesc_driver) by extension 'colcon_pkg'
[3.548s] Level 1:colcon.colcon_core.package_identification:_identify(src/f1tenth_system/vesc/vesc_driver) by extensions ['colcon_meta']
[3.548s] Level 1:colcon.colcon_core.package_identification:_identify(src/f1tenth_system/vesc/vesc_driver) by extension 'colcon_meta'
[3.548s] Level 1:colcon.colcon_core.package_identification:_identify(src/f1tenth_system/vesc/vesc_driver) by extensions ['ros']
[3.549s] Level 1:colcon.colcon_core.package_identification:_identify(src/f1tenth_system/vesc/vesc_driver) by extension 'ros'
[3.556s] DEBUG:colcon.colcon_core.package_identification:Package 'src/f1tenth_system/vesc/vesc_driver' with type 'ros.ament_cmake' and name 'vesc_driver'
[3.557s] Level 1:colcon.colcon_core.package_identification:_identify(src/f1tenth_system/vesc/vesc_msgs) by extensions ['ignore', 'ignore_ament_install']
[3.558s] Level 1:colcon.colcon_core.package_identification:_identify(src/f1tenth_system/vesc/vesc_msgs) by extension 'ignore'
[3.558s] Level 1:colcon.colcon_core.package_identification:_identify(src/f1tenth_system/vesc/vesc_msgs) by extension 'ignore_ament_install'
[3.559s] Level 1:colcon.colcon_core.package_identification:_identify(src/f1tenth_system/vesc/vesc_msgs) by extensions ['colcon_pkg']
[3.559s] Level 1:colcon.colcon_core.package_identification:_identify(src/f1tenth_system/vesc/vesc_msgs) by extension 'colcon_pkg'
[3.559s] Level 1:colcon.colcon_core.package_identification:_identify(src/f1tenth_system/vesc/vesc_msgs) by extensions ['colcon_meta']
[3.559s] Level 1:colcon.colcon_core.package_identification:_identify(src/f1tenth_system/vesc/vesc_msgs) by extension 'colcon_meta'
[3.560s] Level 1:colcon.colcon_core.package_identification:_identify(src/f1tenth_system/vesc/vesc_msgs) by extensions ['ros']
[3.560s] Level 1:colcon.colcon_core.package_identification:_identify(src/f1tenth_system/vesc/vesc_msgs) by extension 'ros'
[3.566s] DEBUG:colcon.colcon_core.package_identification:Package 'src/f1tenth_system/vesc/vesc_msgs' with type 'ros.ament_cmake' and name 'vesc_msgs'
[3.567s] Level 1:colcon.colcon_core.package_identification:_identify(src/install) by extensions ['ignore', 'ignore_ament_install']
[3.568s] Level 1:colcon.colcon_core.package_identification:_identify(src/install) by extension 'ignore'
[3.568s] Level 1:colcon.colcon_core.package_identification:_identify(src/install) ignored
[3.569s] Level 1:colcon.colcon_core.package_identification:_identify(src/lidar_processing) by extensions ['ignore', 'ignore_ament_install']
[3.569s] Level 1:colcon.colcon_core.package_identification:_identify(src/lidar_processing) by extension 'ignore'
[3.569s] Level 1:colcon.colcon_core.package_identification:_identify(src/lidar_processing) by extension 'ignore_ament_install'
[3.570s] Level 1:colcon.colcon_core.package_identification:_identify(src/lidar_processing) by extensions ['colcon_pkg']
[3.570s] Level 1:colcon.colcon_core.package_identification:_identify(src/lidar_processing) by extension 'colcon_pkg'
[3.570s] Level 1:colcon.colcon_core.package_identification:_identify(src/lidar_processing) by extensions ['colcon_meta']
[3.571s] Level 1:colcon.colcon_core.package_identification:_identify(src/lidar_processing) by extension 'colcon_meta'
[3.571s] Level 1:colcon.colcon_core.package_identification:_identify(src/lidar_processing) by extensions ['ros']
[3.571s] Level 1:colcon.colcon_core.package_identification:_identify(src/lidar_processing) by extension 'ros'
[3.577s] DEBUG:colcon.colcon_core.package_identification:Package 'src/lidar_processing' with type 'ros.ament_cmake' and name 'lidar_processing'
[3.578s] Level 1:colcon.colcon_core.package_identification:_identify(src/log) by extensions ['ignore', 'ignore_ament_install']
[3.578s] Level 1:colcon.colcon_core.package_identification:_identify(src/log) by extension 'ignore'
[3.579s] Level 1:colcon.colcon_core.package_identification:_identify(src/log) ignored
[3.579s] Level 1:colcon.colcon_core.package_identification:_identify(src/path_follow) by extensions ['ignore', 'ignore_ament_install']
[3.580s] Level 1:colcon.colcon_core.package_identification:_identify(src/path_follow) by extension 'ignore'
[3.580s] Level 1:colcon.colcon_core.package_identification:_identify(src/path_follow) by extension 'ignore_ament_install'
[3.580s] Level 1:colcon.colcon_core.package_identification:_identify(src/path_follow) by extensions ['colcon_pkg']
[3.581s] Level 1:colcon.colcon_core.package_identification:_identify(src/path_follow) by extension 'colcon_pkg'
[3.581s] Level 1:colcon.colcon_core.package_identification:_identify(src/path_follow) by extensions ['colcon_meta']
[3.581s] Level 1:colcon.colcon_core.package_identification:_identify(src/path_follow) by extension 'colcon_meta'
[3.581s] Level 1:colcon.colcon_core.package_identification:_identify(src/path_follow) by extensions ['ros']
[3.582s] Level 1:colcon.colcon_core.package_identification:_identify(src/path_follow) by extension 'ros'
[3.589s] DEBUG:colcon.colcon_core.package_identification:Package 'src/path_follow' with type 'ros.ament_cmake' and name 'path_follow'
[3.590s] Level 1:colcon.colcon_core.package_identification:_identify(src/path_planner) by extensions ['ignore', 'ignore_ament_install']
[3.590s] Level 1:colcon.colcon_core.package_identification:_identify(src/path_planner) by extension 'ignore'
[3.591s] Level 1:colcon.colcon_core.package_identification:_identify(src/path_planner) by extension 'ignore_ament_install'
[3.591s] Level 1:colcon.colcon_core.package_identification:_identify(src/path_planner) by extensions ['colcon_pkg']
[3.591s] Level 1:colcon.colcon_core.package_identification:_identify(src/path_planner) by extension 'colcon_pkg'
[3.592s] Level 1:colcon.colcon_core.package_identification:_identify(src/path_planner) by extensions ['colcon_meta']
[3.592s] Level 1:colcon.colcon_core.package_identification:_identify(src/path_planner) by extension 'colcon_meta'
[3.592s] Level 1:colcon.colcon_core.package_identification:_identify(src/path_planner) by extensions ['ros']
[3.592s] Level 1:colcon.colcon_core.package_identification:_identify(src/path_planner) by extension 'ros'
[3.600s] DEBUG:colcon.colcon_core.package_identification:Package 'src/path_planner' with type 'ros.ament_cmake' and name 'path_planner'
[3.601s] Level 1:colcon.colcon_core.package_identification:_identify(src/pygame_key_teleop) by extensions ['ignore', 'ignore_ament_install']
[3.602s] Level 1:colcon.colcon_core.package_identification:_identify(src/pygame_key_teleop) by extension 'ignore'
[3.602s] Level 1:colcon.colcon_core.package_identification:_identify(src/pygame_key_teleop) by extension 'ignore_ament_install'
[3.603s] Level 1:colcon.colcon_core.package_identification:_identify(src/pygame_key_teleop) by extensions ['colcon_pkg']
[3.603s] Level 1:colcon.colcon_core.package_identification:_identify(src/pygame_key_teleop) by extension 'colcon_pkg'
[3.603s] Level 1:colcon.colcon_core.package_identification:_identify(src/pygame_key_teleop) by extensions ['colcon_meta']
[3.603s] Level 1:colcon.colcon_core.package_identification:_identify(src/pygame_key_teleop) by extension 'colcon_meta'
[3.604s] Level 1:colcon.colcon_core.package_identification:_identify(src/pygame_key_teleop) by extensions ['ros']
[3.604s] Level 1:colcon.colcon_core.package_identification:_identify(src/pygame_key_teleop) by extension 'ros'
[3.608s] DEBUG:colcon.colcon_core.package_identification:Package 'src/pygame_key_teleop' with type 'ros.ament_python' and name 'pygame_key_teleop'
[3.609s] Level 1:colcon.colcon_core.package_identification:_identify(src/real_pure_pursuit) by extensions ['ignore', 'ignore_ament_install']
[3.609s] Level 1:colcon.colcon_core.package_identification:_identify(src/real_pure_pursuit) by extension 'ignore'
[3.609s] Level 1:colcon.colcon_core.package_identification:_identify(src/real_pure_pursuit) by extension 'ignore_ament_install'
[3.610s] Level 1:colcon.colcon_core.package_identification:_identify(src/real_pure_pursuit) by extensions ['colcon_pkg']
[3.610s] Level 1:colcon.colcon_core.package_identification:_identify(src/real_pure_pursuit) by extension 'colcon_pkg'
[3.610s] Level 1:colcon.colcon_core.package_identification:_identify(src/real_pure_pursuit) by extensions ['colcon_meta']
[3.610s] Level 1:colcon.colcon_core.package_identification:_identify(src/real_pure_pursuit) by extension 'colcon_meta'
[3.611s] Level 1:colcon.colcon_core.package_identification:_identify(src/real_pure_pursuit) by extensions ['ros']
[3.611s] Level 1:colcon.colcon_core.package_identification:_identify(src/real_pure_pursuit) by extension 'ros'
[3.618s] DEBUG:colcon.colcon_core.package_identification:Package 'src/real_pure_pursuit' with type 'ros.ament_cmake' and name 'real_pure_pursuit'
[3.618s] Level 1:colcon.colcon_core.package_discovery:discover_packages(recursive) using defaults
[3.618s] Level 1:colcon.colcon_core.package_discovery:discover_packages(ignore) discover
[3.619s] Level 1:colcon.colcon_core.package_discovery:discover_packages(ignore) using defaults
[3.619s] Level 1:colcon.colcon_core.package_discovery:discover_packages(path) discover
[3.619s] Level 1:colcon.colcon_core.package_discovery:discover_packages(path) using defaults
[3.791s] INFO:colcon.colcon_core.package_selection:Skipping not selected package 'ackermann_mux' in 'src/f1tenth_system/ackermann_mux'
[3.791s] INFO:colcon.colcon_core.package_selection:Skipping not selected package 'center_follow_cpp' in 'src/center_follow_cpp'
[3.791s] INFO:colcon.colcon_core.package_selection:Skipping not selected package 'key_teleop' in 'src/f1tenth_system/teleop_tools/key_teleop'
[3.792s] INFO:colcon.colcon_core.package_selection:Skipping not selected package 'lidar_processing' in 'src/lidar_processing'
[3.792s] INFO:colcon.colcon_core.package_selection:Skipping not selected package 'mouse_teleop' in 'src/f1tenth_system/teleop_tools/mouse_teleop'
[3.792s] INFO:colcon.colcon_core.package_selection:Skipping not selected package 'path_follow' in 'src/path_follow'
[3.792s] INFO:colcon.colcon_core.package_selection:Skipping not selected package 'path_planner' in 'src/path_planner'
[3.792s] INFO:colcon.colcon_core.package_selection:Skipping not selected package 'pygame_key_teleop' in 'src/pygame_key_teleop'
[3.792s] INFO:colcon.colcon_core.package_selection:Skipping not selected package 'teleop_tools_msgs' in 'src/f1tenth_system/teleop_tools/teleop_tools_msgs'
[3.793s] INFO:colcon.colcon_core.package_selection:Skipping not selected package 'vesc_msgs' in 'src/f1tenth_system/vesc/vesc_msgs'
[3.793s] INFO:colcon.colcon_core.package_selection:Skipping not selected package 'joy_teleop' in 'src/f1tenth_system/teleop_tools/joy_teleop'
[3.793s] INFO:colcon.colcon_core.package_selection:Skipping not selected package 'vesc_ackermann' in 'src/f1tenth_system/vesc/vesc_ackermann'
[3.793s] INFO:colcon.colcon_core.package_selection:Skipping not selected package 'vesc_driver' in 'src/f1tenth_system/vesc/vesc_driver'
[3.793s] INFO:colcon.colcon_core.package_selection:Skipping not selected package 'teleop_tools' in 'src/f1tenth_system/teleop_tools/teleop_tools'
[3.793s] INFO:colcon.colcon_core.package_selection:Skipping not selected package 'vesc' in 'src/f1tenth_system/vesc/vesc'
[3.794s] INFO:colcon.colcon_core.package_selection:Skipping not selected package 'f1tenth_stack' in 'src/f1tenth_system/f1tenth_stack'
[3.794s] INFO:colcon.colcon_core.package_selection:Skipping not selected package 'f1tenth_slam_nav' in 'src/f1tenth_slam_nav'
[3.798s] Level 1:colcon.colcon_core.package_discovery:discover_packages(prefix_path) check parameters
[3.798s] Level 1:colcon.colcon_core.package_discovery:discover_packages(prefix_path) discover
[3.816s] DEBUG:colcon.colcon_installed_package_information.package_discovery:Found 308 installed packages in /opt/ros/foxy
[3.827s] Level 1:colcon.colcon_core.package_discovery:discover_packages(prefix_path) using defaults
[4.247s] Level 5:colcon.colcon_core.verb:set package 'real_pure_pursuit' build argument 'cmake_args' from command line to 'None'
[4.248s] Level 5:colcon.colcon_core.verb:set package 'real_pure_pursuit' build argument 'cmake_target' from command line to 'None'
[4.248s] Level 5:colcon.colcon_core.verb:set package 'real_pure_pursuit' build argument 'cmake_target_skip_unavailable' from command line to 'False'
[4.248s] Level 5:colcon.colcon_core.verb:set package 'real_pure_pursuit' build argument 'cmake_clean_cache' from command line to 'False'
[4.249s] Level 5:colcon.colcon_core.verb:set package 'real_pure_pursuit' build argument 'cmake_clean_first' from command line to 'False'
[4.249s] Level 5:colcon.colcon_core.verb:set package 'real_pure_pursuit' build argument 'cmake_force_configure' from command line to 'False'
[4.249s] Level 5:colcon.colcon_core.verb:set package 'real_pure_pursuit' build argument 'ament_cmake_args' from command line to 'None'
[4.249s] Level 5:colcon.colcon_core.verb:set package 'real_pure_pursuit' build argument 'catkin_cmake_args' from command line to 'None'
[4.249s] Level 5:colcon.colcon_core.verb:set package 'real_pure_pursuit' build argument 'catkin_skip_building_tests' from command line to 'False'
[4.250s] DEBUG:colcon.colcon_core.verb:Building package 'real_pure_pursuit' with the following arguments: {'ament_cmake_args': None, 'build_base': '/home/f1/f1tenth_ws/build/real_pure_pursuit', 'catkin_cmake_args': None, 'catkin_skip_building_tests': False, 'cmake_args': None, 'cmake_clean_cache': False, 'cmake_clean_first': False, 'cmake_force_configure': False, 'cmake_target': None, 'cmake_target_skip_unavailable': False, 'install_base': '/home/f1/f1tenth_ws/install/real_pure_pursuit', 'merge_install': False, 'path': '/home/f1/f1tenth_ws/src/real_pure_pursuit', 'symlink_install': False, 'test_result_base': None}
[4.251s] INFO:colcon.colcon_core.executor:Executing jobs using 'parallel' executor
[4.256s] DEBUG:colcon.colcon_parallel_executor.executor.parallel:run_until_complete
[4.257s] INFO:colcon.colcon_ros.task.ament_cmake.build:Building ROS package in '/home/f1/f1tenth_ws/src/real_pure_pursuit' with build type 'ament_cmake'
[4.257s] INFO:colcon.colcon_cmake.task.cmake.build:Building CMake package in '/home/f1/f1tenth_ws/src/real_pure_pursuit'
[4.276s] INFO:colcon.colcon_core.plugin_system:Skipping extension 'colcon_core.shell.bat': Not used on non-Windows systems
[4.278s] INFO:colcon.colcon_core.shell:Skip shell extension 'powershell' for command environment: Not usable outside of PowerShell
[4.278s] DEBUG:colcon.colcon_core.shell:Skip shell extension 'dsv' for command environment
[4.346s] DEBUG:colcon.colcon_core.event_handler.log_command:Invoking command in '/home/f1/f1tenth_ws/build/real_pure_pursuit': CMAKE_PREFIX_PATH=/opt/ros/foxy CONDA_PROMPT_MODIFIER=(base) /usr/bin/cmake /home/f1/f1tenth_ws/src/real_pure_pursuit -DCMAKE_INSTALL_PREFIX=/home/f1/f1tenth_ws/install/real_pure_pursuit
[11.628s] DEBUG:colcon.colcon_core.event_handler.log_command:Invoked command in '/home/f1/f1tenth_ws/build/real_pure_pursuit' returned '0': CMAKE_PREFIX_PATH=/opt/ros/foxy CONDA_PROMPT_MODIFIER=(base) /usr/bin/cmake /home/f1/f1tenth_ws/src/real_pure_pursuit -DCMAKE_INSTALL_PREFIX=/home/f1/f1tenth_ws/install/real_pure_pursuit
[11.651s] DEBUG:colcon.colcon_core.event_handler.log_command:Invoking command in '/home/f1/f1tenth_ws/build/real_pure_pursuit': CMAKE_PREFIX_PATH=/opt/ros/foxy CONDA_PROMPT_MODIFIER=(base) /usr/bin/cmake --build /home/f1/f1tenth_ws/build/real_pure_pursuit -- -j6 -l6
[76.510s] DEBUG:colcon.colcon_core.event_handler.log_command:Invoked command in '/home/f1/f1tenth_ws/build/real_pure_pursuit' returned '0': CMAKE_PREFIX_PATH=/opt/ros/foxy CONDA_PROMPT_MODIFIER=(base) /usr/bin/cmake --build /home/f1/f1tenth_ws/build/real_pure_pursuit -- -j6 -l6
[76.599s] DEBUG:colcon.colcon_core.event_handler.log_command:Invoking command in '/home/f1/f1tenth_ws/build/real_pure_pursuit': CMAKE_PREFIX_PATH=/opt/ros/foxy CONDA_PROMPT_MODIFIER=(base) /usr/bin/cmake --install /home/f1/f1tenth_ws/build/real_pure_pursuit
[76.766s] Level 1:colcon.colcon_core.environment:create_environment_scripts_only(real_pure_pursuit)
[76.777s] DEBUG:colcon.colcon_core.event_handler.log_command:Invoked command in '/home/f1/f1tenth_ws/build/real_pure_pursuit' returned '0': CMAKE_PREFIX_PATH=/opt/ros/foxy CONDA_PROMPT_MODIFIER=(base) /usr/bin/cmake --install /home/f1/f1tenth_ws/build/real_pure_pursuit
[76.808s] Level 1:colcon.colcon_core.environment:checking '/home/f1/f1tenth_ws/install/real_pure_pursuit' for CMake module files
[76.814s] Level 1:colcon.colcon_core.environment:checking '/home/f1/f1tenth_ws/install/real_pure_pursuit' for CMake config files
[76.816s] Level 1:colcon.colcon_core.shell:create_environment_hook('real_pure_pursuit', 'cmake_prefix_path')
[76.817s] INFO:colcon.colcon_core.shell:Creating environment hook '/home/f1/f1tenth_ws/install/real_pure_pursuit/share/real_pure_pursuit/hook/cmake_prefix_path.ps1'
[76.823s] INFO:colcon.colcon_core.shell:Creating environment descriptor '/home/f1/f1tenth_ws/install/real_pure_pursuit/share/real_pure_pursuit/hook/cmake_prefix_path.dsv'
[76.827s] INFO:colcon.colcon_core.shell:Creating environment hook '/home/f1/f1tenth_ws/install/real_pure_pursuit/share/real_pure_pursuit/hook/cmake_prefix_path.sh'
[76.838s] Level 1:colcon.colcon_core.environment:checking '/home/f1/f1tenth_ws/install/real_pure_pursuit/lib'
[76.840s] Level 1:colcon.colcon_core.environment:checking '/home/f1/f1tenth_ws/install/real_pure_pursuit/bin'
[76.840s] Level 1:colcon.colcon_core.environment:checking '/home/f1/f1tenth_ws/install/real_pure_pursuit/lib/pkgconfig/real_pure_pursuit.pc'
[76.842s] Level 1:colcon.colcon_core.environment:checking '/home/f1/f1tenth_ws/install/real_pure_pursuit/lib/python3.8/site-packages'
[76.843s] Level 1:colcon.colcon_core.environment:checking '/home/f1/f1tenth_ws/install/real_pure_pursuit/bin'
[76.845s] INFO:colcon.colcon_core.shell:Creating package script '/home/f1/f1tenth_ws/install/real_pure_pursuit/share/real_pure_pursuit/package.ps1'
[76.853s] INFO:colcon.colcon_core.shell:Creating package descriptor '/home/f1/f1tenth_ws/install/real_pure_pursuit/share/real_pure_pursuit/package.dsv'
[76.861s] INFO:colcon.colcon_core.shell:Creating package script '/home/f1/f1tenth_ws/install/real_pure_pursuit/share/real_pure_pursuit/package.sh'
[76.869s] INFO:colcon.colcon_core.shell:Creating package script '/home/f1/f1tenth_ws/install/real_pure_pursuit/share/real_pure_pursuit/package.bash'
[76.877s] INFO:colcon.colcon_core.shell:Creating package script '/home/f1/f1tenth_ws/install/real_pure_pursuit/share/real_pure_pursuit/package.zsh'
[76.884s] Level 1:colcon.colcon_core.environment:create_file_with_runtime_dependencies(/home/f1/f1tenth_ws/install/real_pure_pursuit/share/colcon-core/packages/real_pure_pursuit)
[76.890s] Level 1:colcon.colcon_core.environment:create_environment_scripts_only(real_pure_pursuit)
[76.892s] Level 1:colcon.colcon_core.environment:checking '/home/f1/f1tenth_ws/install/real_pure_pursuit' for CMake module files
[76.897s] Level 1:colcon.colcon_core.environment:checking '/home/f1/f1tenth_ws/install/real_pure_pursuit' for CMake config files
[76.899s] Level 1:colcon.colcon_core.shell:create_environment_hook('real_pure_pursuit', 'cmake_prefix_path')
[76.900s] INFO:colcon.colcon_core.shell:Creating environment hook '/home/f1/f1tenth_ws/install/real_pure_pursuit/share/real_pure_pursuit/hook/cmake_prefix_path.ps1'
[76.905s] INFO:colcon.colcon_core.shell:Creating environment descriptor '/home/f1/f1tenth_ws/install/real_pure_pursuit/share/real_pure_pursuit/hook/cmake_prefix_path.dsv'
[76.909s] INFO:colcon.colcon_core.shell:Creating environment hook '/home/f1/f1tenth_ws/install/real_pure_pursuit/share/real_pure_pursuit/hook/cmake_prefix_path.sh'
[76.917s] Level 1:colcon.colcon_core.environment:checking '/home/f1/f1tenth_ws/install/real_pure_pursuit/lib'
[76.918s] Level 1:colcon.colcon_core.environment:checking '/home/f1/f1tenth_ws/install/real_pure_pursuit/bin'
[76.920s] Level 1:colcon.colcon_core.environment:checking '/home/f1/f1tenth_ws/install/real_pure_pursuit/lib/pkgconfig/real_pure_pursuit.pc'
[76.921s] Level 1:colcon.colcon_core.environment:checking '/home/f1/f1tenth_ws/install/real_pure_pursuit/lib/python3.8/site-packages'
[76.923s] Level 1:colcon.colcon_core.environment:checking '/home/f1/f1tenth_ws/install/real_pure_pursuit/bin'
[76.925s] INFO:colcon.colcon_core.shell:Creating package script '/home/f1/f1tenth_ws/install/real_pure_pursuit/share/real_pure_pursuit/package.ps1'
[76.928s] INFO:colcon.colcon_core.shell:Creating package descriptor '/home/f1/f1tenth_ws/install/real_pure_pursuit/share/real_pure_pursuit/package.dsv'
[76.935s] INFO:colcon.colcon_core.shell:Creating package script '/home/f1/f1tenth_ws/install/real_pure_pursuit/share/real_pure_pursuit/package.sh'
[76.941s] INFO:colcon.colcon_core.shell:Creating package script '/home/f1/f1tenth_ws/install/real_pure_pursuit/share/real_pure_pursuit/package.bash'
[76.946s] INFO:colcon.colcon_core.shell:Creating package script '/home/f1/f1tenth_ws/install/real_pure_pursuit/share/real_pure_pursuit/package.zsh'
[76.950s] Level 1:colcon.colcon_core.environment:create_file_with_runtime_dependencies(/home/f1/f1tenth_ws/install/real_pure_pursuit/share/colcon-core/packages/real_pure_pursuit)
[76.954s] DEBUG:colcon.colcon_parallel_executor.executor.parallel:closing loop
[76.957s] DEBUG:colcon.colcon_parallel_executor.executor.parallel:loop closed
[76.960s] DEBUG:colcon.colcon_parallel_executor.executor.parallel:run_until_complete finished with '0'
[76.961s] DEBUG:colcon.colcon_core.event_reactor:joining thread
[77.007s] INFO:colcon.colcon_core.plugin_system:Skipping extension 'colcon_notification.desktop_notification.terminal_notifier': Not used on non-Darwin systems
[77.008s] INFO:colcon.colcon_core.plugin_system:Skipping extension 'colcon_notification.desktop_notification.win32': Not used on non-Windows systems
[77.009s] INFO:colcon.colcon_notification.desktop_notification:Sending desktop notification using 'notify2'
[77.146s] DEBUG:colcon.colcon_core.event_reactor:joined thread
[77.148s] INFO:colcon.colcon_core.shell:Creating prefix script '/home/f1/f1tenth_ws/install/local_setup.ps1'
[77.154s] INFO:colcon.colcon_core.shell:Creating prefix util module '/home/f1/f1tenth_ws/install/_local_setup_util_ps1.py'
[77.164s] INFO:colcon.colcon_core.shell:Creating prefix chain script '/home/f1/f1tenth_ws/install/setup.ps1'
[77.172s] INFO:colcon.colcon_core.shell:Creating prefix script '/home/f1/f1tenth_ws/install/local_setup.sh'
[77.177s] INFO:colcon.colcon_core.shell:Creating prefix util module '/home/f1/f1tenth_ws/install/_local_setup_util_sh.py'
[77.183s] INFO:colcon.colcon_core.shell:Creating prefix chain script '/home/f1/f1tenth_ws/install/setup.sh'
[77.193s] INFO:colcon.colcon_core.shell:Creating prefix script '/home/f1/f1tenth_ws/install/local_setup.bash'
[77.198s] INFO:colcon.colcon_core.shell:Creating prefix chain script '/home/f1/f1tenth_ws/install/setup.bash'
[77.205s] INFO:colcon.colcon_core.shell:Creating prefix script '/home/f1/f1tenth_ws/install/local_setup.zsh'
[77.211s] INFO:colcon.colcon_core.shell:Creating prefix chain script '/home/f1/f1tenth_ws/install/setup.zsh'
