[0.196s] DEBUG:colcon:Command line arguments: ['/usr/bin/colcon', 'build', '--symlink-install']
[0.197s] DEBUG:colcon:Parsed command line arguments: Namespace(log_base=None, log_level=None, verb_name='build', build_base='build', install_base='install', merge_install=False, symlink_install=True, test_result_base=None, continue_on_error=False, executor='parallel', parallel_workers=16, event_handlers=None, ignore_user_meta=False, metas=['./colcon.meta'], base_paths=['.'], packages_ignore=None, packages_ignore_regex=None, paths=None, packages_up_to=None, packages_up_to_regex=None, packages_above=None, packages_above_and_dependencies=None, packages_above_depth=None, packages_select_by_dep=None, packages_skip_by_dep=None, packages_skip_up_to=None, packages_select_build_failed=False, packages_skip_build_finished=False, packages_select_test_failures=False, packages_skip_test_passed=False, packages_select=None, packages_skip=None, packages_select_regex=None, packages_skip_regex=None, packages_start=None, packages_end=None, allow_overriding=[], cmake_args=None, cmake_target=None, cmake_target_skip_unavailable=False, cmake_clean_cache=False, cmake_clean_first=False, cmake_force_configure=False, ament_cmake_args=None, catkin_cmake_args=None, catkin_skip_building_tests=False, mixin_files=None, mixin=None, verb_parser=<colcon_mixin.mixin.mixin_argument.MixinArgumentDecorator object at 0x72543e569a80>, verb_extension=<colcon_core.verb.build.BuildVerb object at 0x72543e686950>, main=<bound method BuildVerb.main of <colcon_core.verb.build.BuildVerb object at 0x72543e686950>>, mixin_verb=('build',))
[0.496s] Level 1:colcon.colcon_core.package_discovery:discover_packages(colcon_meta) check parameters
[0.497s] Level 1:colcon.colcon_core.package_discovery:discover_packages(recursive) check parameters
[0.497s] Level 1:colcon.colcon_core.package_discovery:discover_packages(ignore) check parameters
[0.497s] Level 1:colcon.colcon_core.package_discovery:discover_packages(path) check parameters
[0.497s] Level 1:colcon.colcon_core.package_discovery:discover_packages(colcon_meta) discover
[0.497s] Level 1:colcon.colcon_core.package_discovery:discover_packages(recursive) discover
[0.497s] INFO:colcon.colcon_core.package_discovery:Crawling recursively for packages in '/home/sh/projects/f1tenth_miru3'
[0.497s] Level 1:colcon.colcon_core.package_identification:_identify(.) by extensions ['ignore', 'ignore_ament_install']
[0.497s] Level 1:colcon.colcon_core.package_identification:_identify(.) by extension 'ignore'
[0.497s] Level 1:colcon.colcon_core.package_identification:_identify(.) by extension 'ignore_ament_install'
[0.497s] Level 1:colcon.colcon_core.package_identification:_identify(.) by extensions ['colcon_pkg']
[0.498s] Level 1:colcon.colcon_core.package_identification:_identify(.) by extension 'colcon_pkg'
[0.498s] Level 1:colcon.colcon_core.package_identification:_identify(.) by extensions ['colcon_meta']
[0.498s] Level 1:colcon.colcon_core.package_identification:_identify(.) by extension 'colcon_meta'
[0.498s] Level 1:colcon.colcon_core.package_identification:_identify(.) by extensions ['ros']
[0.498s] Level 1:colcon.colcon_core.package_identification:_identify(.) by extension 'ros'
[0.519s] Level 1:colcon.colcon_core.package_identification:_identify(.) by extensions ['cmake', 'python']
[0.519s] Level 1:colcon.colcon_core.package_identification:_identify(.) by extension 'cmake'
[0.519s] Level 1:colcon.colcon_core.package_identification:_identify(.) by extension 'python'
[0.519s] Level 1:colcon.colcon_core.package_identification:_identify(.) by extensions ['python_setup_py']
[0.519s] Level 1:colcon.colcon_core.package_identification:_identify(.) by extension 'python_setup_py'
[0.519s] Level 1:colcon.colcon_core.package_identification:_identify(build) by extensions ['ignore', 'ignore_ament_install']
[0.519s] Level 1:colcon.colcon_core.package_identification:_identify(build) by extension 'ignore'
[0.519s] Level 1:colcon.colcon_core.package_identification:_identify(build) ignored
[0.520s] Level 1:colcon.colcon_core.package_identification:_identify(config) by extensions ['ignore', 'ignore_ament_install']
[0.520s] Level 1:colcon.colcon_core.package_identification:_identify(config) by extension 'ignore'
[0.520s] Level 1:colcon.colcon_core.package_identification:_identify(config) by extension 'ignore_ament_install'
[0.520s] Level 1:colcon.colcon_core.package_identification:_identify(config) by extensions ['colcon_pkg']
[0.520s] Level 1:colcon.colcon_core.package_identification:_identify(config) by extension 'colcon_pkg'
[0.520s] Level 1:colcon.colcon_core.package_identification:_identify(config) by extensions ['colcon_meta']
[0.520s] Level 1:colcon.colcon_core.package_identification:_identify(config) by extension 'colcon_meta'
[0.520s] Level 1:colcon.colcon_core.package_identification:_identify(config) by extensions ['ros']
[0.520s] Level 1:colcon.colcon_core.package_identification:_identify(config) by extension 'ros'
[0.520s] Level 1:colcon.colcon_core.package_identification:_identify(config) by extensions ['cmake', 'python']
[0.521s] Level 1:colcon.colcon_core.package_identification:_identify(config) by extension 'cmake'
[0.521s] Level 1:colcon.colcon_core.package_identification:_identify(config) by extension 'python'
[0.521s] Level 1:colcon.colcon_core.package_identification:_identify(config) by extensions ['python_setup_py']
[0.521s] Level 1:colcon.colcon_core.package_identification:_identify(config) by extension 'python_setup_py'
[0.521s] Level 1:colcon.colcon_core.package_identification:_identify(install) by extensions ['ignore', 'ignore_ament_install']
[0.521s] Level 1:colcon.colcon_core.package_identification:_identify(install) by extension 'ignore'
[0.521s] Level 1:colcon.colcon_core.package_identification:_identify(install) ignored
[0.521s] Level 1:colcon.colcon_core.package_identification:_identify(launch) by extensions ['ignore', 'ignore_ament_install']
[0.521s] Level 1:colcon.colcon_core.package_identification:_identify(launch) by extension 'ignore'
[0.521s] Level 1:colcon.colcon_core.package_identification:_identify(launch) by extension 'ignore_ament_install'
[0.521s] Level 1:colcon.colcon_core.package_identification:_identify(launch) by extensions ['colcon_pkg']
[0.521s] Level 1:colcon.colcon_core.package_identification:_identify(launch) by extension 'colcon_pkg'
[0.522s] Level 1:colcon.colcon_core.package_identification:_identify(launch) by extensions ['colcon_meta']
[0.522s] Level 1:colcon.colcon_core.package_identification:_identify(launch) by extension 'colcon_meta'
[0.522s] Level 1:colcon.colcon_core.package_identification:_identify(launch) by extensions ['ros']
[0.522s] Level 1:colcon.colcon_core.package_identification:_identify(launch) by extension 'ros'
[0.522s] Level 1:colcon.colcon_core.package_identification:_identify(launch) by extensions ['cmake', 'python']
[0.522s] Level 1:colcon.colcon_core.package_identification:_identify(launch) by extension 'cmake'
[0.522s] Level 1:colcon.colcon_core.package_identification:_identify(launch) by extension 'python'
[0.522s] Level 1:colcon.colcon_core.package_identification:_identify(launch) by extensions ['python_setup_py']
[0.522s] Level 1:colcon.colcon_core.package_identification:_identify(launch) by extension 'python_setup_py'
[0.522s] Level 1:colcon.colcon_core.package_identification:_identify(launch/__pycache__) by extensions ['ignore', 'ignore_ament_install']
[0.522s] Level 1:colcon.colcon_core.package_identification:_identify(launch/__pycache__) by extension 'ignore'
[0.522s] Level 1:colcon.colcon_core.package_identification:_identify(launch/__pycache__) by extension 'ignore_ament_install'
[0.522s] Level 1:colcon.colcon_core.package_identification:_identify(launch/__pycache__) by extensions ['colcon_pkg']
[0.522s] Level 1:colcon.colcon_core.package_identification:_identify(launch/__pycache__) by extension 'colcon_pkg'
[0.523s] Level 1:colcon.colcon_core.package_identification:_identify(launch/__pycache__) by extensions ['colcon_meta']
[0.523s] Level 1:colcon.colcon_core.package_identification:_identify(launch/__pycache__) by extension 'colcon_meta'
[0.523s] Level 1:colcon.colcon_core.package_identification:_identify(launch/__pycache__) by extensions ['ros']
[0.523s] Level 1:colcon.colcon_core.package_identification:_identify(launch/__pycache__) by extension 'ros'
[0.523s] Level 1:colcon.colcon_core.package_identification:_identify(launch/__pycache__) by extensions ['cmake', 'python']
[0.523s] Level 1:colcon.colcon_core.package_identification:_identify(launch/__pycache__) by extension 'cmake'
[0.523s] Level 1:colcon.colcon_core.package_identification:_identify(launch/__pycache__) by extension 'python'
[0.523s] Level 1:colcon.colcon_core.package_identification:_identify(launch/__pycache__) by extensions ['python_setup_py']
[0.523s] Level 1:colcon.colcon_core.package_identification:_identify(launch/__pycache__) by extension 'python_setup_py'
[0.523s] Level 1:colcon.colcon_core.package_identification:_identify(log) by extensions ['ignore', 'ignore_ament_install']
[0.523s] Level 1:colcon.colcon_core.package_identification:_identify(log) by extension 'ignore'
[0.523s] Level 1:colcon.colcon_core.package_identification:_identify(log) ignored
[0.523s] Level 1:colcon.colcon_core.package_identification:_identify(maps_racelines) by extensions ['ignore', 'ignore_ament_install']
[0.524s] Level 1:colcon.colcon_core.package_identification:_identify(maps_racelines) by extension 'ignore'
[0.524s] Level 1:colcon.colcon_core.package_identification:_identify(maps_racelines) by extension 'ignore_ament_install'
[0.524s] Level 1:colcon.colcon_core.package_identification:_identify(maps_racelines) by extensions ['colcon_pkg']
[0.524s] Level 1:colcon.colcon_core.package_identification:_identify(maps_racelines) by extension 'colcon_pkg'
[0.524s] Level 1:colcon.colcon_core.package_identification:_identify(maps_racelines) by extensions ['colcon_meta']
[0.524s] Level 1:colcon.colcon_core.package_identification:_identify(maps_racelines) by extension 'colcon_meta'
[0.524s] Level 1:colcon.colcon_core.package_identification:_identify(maps_racelines) by extensions ['ros']
[0.524s] Level 1:colcon.colcon_core.package_identification:_identify(maps_racelines) by extension 'ros'
[0.524s] Level 1:colcon.colcon_core.package_identification:_identify(maps_racelines) by extensions ['cmake', 'python']
[0.524s] Level 1:colcon.colcon_core.package_identification:_identify(maps_racelines) by extension 'cmake'
[0.524s] Level 1:colcon.colcon_core.package_identification:_identify(maps_racelines) by extension 'python'
[0.524s] Level 1:colcon.colcon_core.package_identification:_identify(maps_racelines) by extensions ['python_setup_py']
[0.524s] Level 1:colcon.colcon_core.package_identification:_identify(maps_racelines) by extension 'python_setup_py'
[0.524s] Level 1:colcon.colcon_core.package_identification:_identify(maps_racelines/raceline) by extensions ['ignore', 'ignore_ament_install']
[0.525s] Level 1:colcon.colcon_core.package_identification:_identify(maps_racelines/raceline) by extension 'ignore'
[0.525s] Level 1:colcon.colcon_core.package_identification:_identify(maps_racelines/raceline) by extension 'ignore_ament_install'
[0.525s] Level 1:colcon.colcon_core.package_identification:_identify(maps_racelines/raceline) by extensions ['colcon_pkg']
[0.525s] Level 1:colcon.colcon_core.package_identification:_identify(maps_racelines/raceline) by extension 'colcon_pkg'
[0.525s] Level 1:colcon.colcon_core.package_identification:_identify(maps_racelines/raceline) by extensions ['colcon_meta']
[0.525s] Level 1:colcon.colcon_core.package_identification:_identify(maps_racelines/raceline) by extension 'colcon_meta'
[0.525s] Level 1:colcon.colcon_core.package_identification:_identify(maps_racelines/raceline) by extensions ['ros']
[0.525s] Level 1:colcon.colcon_core.package_identification:_identify(maps_racelines/raceline) by extension 'ros'
[0.525s] Level 1:colcon.colcon_core.package_identification:_identify(maps_racelines/raceline) by extensions ['cmake', 'python']
[0.525s] Level 1:colcon.colcon_core.package_identification:_identify(maps_racelines/raceline) by extension 'cmake'
[0.525s] Level 1:colcon.colcon_core.package_identification:_identify(maps_racelines/raceline) by extension 'python'
[0.525s] Level 1:colcon.colcon_core.package_identification:_identify(maps_racelines/raceline) by extensions ['python_setup_py']
[0.525s] Level 1:colcon.colcon_core.package_identification:_identify(maps_racelines/raceline) by extension 'python_setup_py'
[0.525s] Level 1:colcon.colcon_core.package_identification:_identify(maps_racelines_) by extensions ['ignore', 'ignore_ament_install']
[0.526s] Level 1:colcon.colcon_core.package_identification:_identify(maps_racelines_) by extension 'ignore'
[0.526s] Level 1:colcon.colcon_core.package_identification:_identify(maps_racelines_) by extension 'ignore_ament_install'
[0.526s] Level 1:colcon.colcon_core.package_identification:_identify(maps_racelines_) by extensions ['colcon_pkg']
[0.526s] Level 1:colcon.colcon_core.package_identification:_identify(maps_racelines_) by extension 'colcon_pkg'
[0.526s] Level 1:colcon.colcon_core.package_identification:_identify(maps_racelines_) by extensions ['colcon_meta']
[0.526s] Level 1:colcon.colcon_core.package_identification:_identify(maps_racelines_) by extension 'colcon_meta'
[0.526s] Level 1:colcon.colcon_core.package_identification:_identify(maps_racelines_) by extensions ['ros']
[0.526s] Level 1:colcon.colcon_core.package_identification:_identify(maps_racelines_) by extension 'ros'
[0.526s] Level 1:colcon.colcon_core.package_identification:_identify(maps_racelines_) by extensions ['cmake', 'python']
[0.526s] Level 1:colcon.colcon_core.package_identification:_identify(maps_racelines_) by extension 'cmake'
[0.526s] Level 1:colcon.colcon_core.package_identification:_identify(maps_racelines_) by extension 'python'
[0.526s] Level 1:colcon.colcon_core.package_identification:_identify(maps_racelines_) by extensions ['python_setup_py']
[0.526s] Level 1:colcon.colcon_core.package_identification:_identify(maps_racelines_) by extension 'python_setup_py'
[0.526s] Level 1:colcon.colcon_core.package_identification:_identify(maps_racelines_/maps) by extensions ['ignore', 'ignore_ament_install']
[0.527s] Level 1:colcon.colcon_core.package_identification:_identify(maps_racelines_/maps) by extension 'ignore'
[0.527s] Level 1:colcon.colcon_core.package_identification:_identify(maps_racelines_/maps) by extension 'ignore_ament_install'
[0.527s] Level 1:colcon.colcon_core.package_identification:_identify(maps_racelines_/maps) by extensions ['colcon_pkg']
[0.527s] Level 1:colcon.colcon_core.package_identification:_identify(maps_racelines_/maps) by extension 'colcon_pkg'
[0.527s] Level 1:colcon.colcon_core.package_identification:_identify(maps_racelines_/maps) by extensions ['colcon_meta']
[0.527s] Level 1:colcon.colcon_core.package_identification:_identify(maps_racelines_/maps) by extension 'colcon_meta'
[0.527s] Level 1:colcon.colcon_core.package_identification:_identify(maps_racelines_/maps) by extensions ['ros']
[0.527s] Level 1:colcon.colcon_core.package_identification:_identify(maps_racelines_/maps) by extension 'ros'
[0.527s] Level 1:colcon.colcon_core.package_identification:_identify(maps_racelines_/maps) by extensions ['cmake', 'python']
[0.527s] Level 1:colcon.colcon_core.package_identification:_identify(maps_racelines_/maps) by extension 'cmake'
[0.527s] Level 1:colcon.colcon_core.package_identification:_identify(maps_racelines_/maps) by extension 'python'
[0.527s] Level 1:colcon.colcon_core.package_identification:_identify(maps_racelines_/maps) by extensions ['python_setup_py']
[0.527s] Level 1:colcon.colcon_core.package_identification:_identify(maps_racelines_/maps) by extension 'python_setup_py'
[0.527s] Level 1:colcon.colcon_core.package_identification:_identify(maps_racelines_/raceline) by extensions ['ignore', 'ignore_ament_install']
[0.528s] Level 1:colcon.colcon_core.package_identification:_identify(maps_racelines_/raceline) by extension 'ignore'
[0.528s] Level 1:colcon.colcon_core.package_identification:_identify(maps_racelines_/raceline) by extension 'ignore_ament_install'
[0.528s] Level 1:colcon.colcon_core.package_identification:_identify(maps_racelines_/raceline) by extensions ['colcon_pkg']
[0.528s] Level 1:colcon.colcon_core.package_identification:_identify(maps_racelines_/raceline) by extension 'colcon_pkg'
[0.528s] Level 1:colcon.colcon_core.package_identification:_identify(maps_racelines_/raceline) by extensions ['colcon_meta']
[0.528s] Level 1:colcon.colcon_core.package_identification:_identify(maps_racelines_/raceline) by extension 'colcon_meta'
[0.528s] Level 1:colcon.colcon_core.package_identification:_identify(maps_racelines_/raceline) by extensions ['ros']
[0.528s] Level 1:colcon.colcon_core.package_identification:_identify(maps_racelines_/raceline) by extension 'ros'
[0.528s] Level 1:colcon.colcon_core.package_identification:_identify(maps_racelines_/raceline) by extensions ['cmake', 'python']
[0.528s] Level 1:colcon.colcon_core.package_identification:_identify(maps_racelines_/raceline) by extension 'cmake'
[0.528s] Level 1:colcon.colcon_core.package_identification:_identify(maps_racelines_/raceline) by extension 'python'
[0.528s] Level 1:colcon.colcon_core.package_identification:_identify(maps_racelines_/raceline) by extensions ['python_setup_py']
[0.528s] Level 1:colcon.colcon_core.package_identification:_identify(maps_racelines_/raceline) by extension 'python_setup_py'
[0.528s] Level 1:colcon.colcon_core.package_identification:_identify(maps_racelines_/src) by extensions ['ignore', 'ignore_ament_install']
[0.529s] Level 1:colcon.colcon_core.package_identification:_identify(maps_racelines_/src) by extension 'ignore'
[0.529s] Level 1:colcon.colcon_core.package_identification:_identify(maps_racelines_/src) by extension 'ignore_ament_install'
[0.529s] Level 1:colcon.colcon_core.package_identification:_identify(maps_racelines_/src) by extensions ['colcon_pkg']
[0.529s] Level 1:colcon.colcon_core.package_identification:_identify(maps_racelines_/src) by extension 'colcon_pkg'
[0.529s] Level 1:colcon.colcon_core.package_identification:_identify(maps_racelines_/src) by extensions ['colcon_meta']
[0.529s] Level 1:colcon.colcon_core.package_identification:_identify(maps_racelines_/src) by extension 'colcon_meta'
[0.529s] Level 1:colcon.colcon_core.package_identification:_identify(maps_racelines_/src) by extensions ['ros']
[0.529s] Level 1:colcon.colcon_core.package_identification:_identify(maps_racelines_/src) by extension 'ros'
[0.529s] Level 1:colcon.colcon_core.package_identification:_identify(maps_racelines_/src) by extensions ['cmake', 'python']
[0.529s] Level 1:colcon.colcon_core.package_identification:_identify(maps_racelines_/src) by extension 'cmake'
[0.529s] Level 1:colcon.colcon_core.package_identification:_identify(maps_racelines_/src) by extension 'python'
[0.529s] Level 1:colcon.colcon_core.package_identification:_identify(maps_racelines_/src) by extensions ['python_setup_py']
[0.529s] Level 1:colcon.colcon_core.package_identification:_identify(maps_racelines_/src) by extension 'python_setup_py'
[0.529s] Level 1:colcon.colcon_core.package_identification:_identify(maps_racelines_/src/params) by extensions ['ignore', 'ignore_ament_install']
[0.530s] Level 1:colcon.colcon_core.package_identification:_identify(maps_racelines_/src/params) by extension 'ignore'
[0.530s] Level 1:colcon.colcon_core.package_identification:_identify(maps_racelines_/src/params) by extension 'ignore_ament_install'
[0.530s] Level 1:colcon.colcon_core.package_identification:_identify(maps_racelines_/src/params) by extensions ['colcon_pkg']
[0.530s] Level 1:colcon.colcon_core.package_identification:_identify(maps_racelines_/src/params) by extension 'colcon_pkg'
[0.530s] Level 1:colcon.colcon_core.package_identification:_identify(maps_racelines_/src/params) by extensions ['colcon_meta']
[0.530s] Level 1:colcon.colcon_core.package_identification:_identify(maps_racelines_/src/params) by extension 'colcon_meta'
[0.530s] Level 1:colcon.colcon_core.package_identification:_identify(maps_racelines_/src/params) by extensions ['ros']
[0.530s] Level 1:colcon.colcon_core.package_identification:_identify(maps_racelines_/src/params) by extension 'ros'
[0.530s] Level 1:colcon.colcon_core.package_identification:_identify(maps_racelines_/src/params) by extensions ['cmake', 'python']
[0.530s] Level 1:colcon.colcon_core.package_identification:_identify(maps_racelines_/src/params) by extension 'cmake'
[0.530s] Level 1:colcon.colcon_core.package_identification:_identify(maps_racelines_/src/params) by extension 'python'
[0.530s] Level 1:colcon.colcon_core.package_identification:_identify(maps_racelines_/src/params) by extensions ['python_setup_py']
[0.530s] Level 1:colcon.colcon_core.package_identification:_identify(maps_racelines_/src/params) by extension 'python_setup_py'
[0.531s] Level 1:colcon.colcon_core.package_identification:_identify(maps_racelines_/src/temp) by extensions ['ignore', 'ignore_ament_install']
[0.531s] Level 1:colcon.colcon_core.package_identification:_identify(maps_racelines_/src/temp) by extension 'ignore'
[0.531s] Level 1:colcon.colcon_core.package_identification:_identify(maps_racelines_/src/temp) by extension 'ignore_ament_install'
[0.531s] Level 1:colcon.colcon_core.package_identification:_identify(maps_racelines_/src/temp) by extensions ['colcon_pkg']
[0.531s] Level 1:colcon.colcon_core.package_identification:_identify(maps_racelines_/src/temp) by extension 'colcon_pkg'
[0.531s] Level 1:colcon.colcon_core.package_identification:_identify(maps_racelines_/src/temp) by extensions ['colcon_meta']
[0.531s] Level 1:colcon.colcon_core.package_identification:_identify(maps_racelines_/src/temp) by extension 'colcon_meta'
[0.531s] Level 1:colcon.colcon_core.package_identification:_identify(maps_racelines_/src/temp) by extensions ['ros']
[0.531s] Level 1:colcon.colcon_core.package_identification:_identify(maps_racelines_/src/temp) by extension 'ros'
[0.531s] Level 1:colcon.colcon_core.package_identification:_identify(maps_racelines_/src/temp) by extensions ['cmake', 'python']
[0.531s] Level 1:colcon.colcon_core.package_identification:_identify(maps_racelines_/src/temp) by extension 'cmake'
[0.531s] Level 1:colcon.colcon_core.package_identification:_identify(maps_racelines_/src/temp) by extension 'python'
[0.531s] Level 1:colcon.colcon_core.package_identification:_identify(maps_racelines_/src/temp) by extensions ['python_setup_py']
[0.531s] Level 1:colcon.colcon_core.package_identification:_identify(maps_racelines_/src/temp) by extension 'python_setup_py'
[0.532s] Level 1:colcon.colcon_core.package_identification:_identify(rosbag) by extensions ['ignore', 'ignore_ament_install']
[0.532s] Level 1:colcon.colcon_core.package_identification:_identify(rosbag) by extension 'ignore'
[0.532s] Level 1:colcon.colcon_core.package_identification:_identify(rosbag) by extension 'ignore_ament_install'
[0.532s] Level 1:colcon.colcon_core.package_identification:_identify(rosbag) by extensions ['colcon_pkg']
[0.532s] Level 1:colcon.colcon_core.package_identification:_identify(rosbag) by extension 'colcon_pkg'
[0.532s] Level 1:colcon.colcon_core.package_identification:_identify(rosbag) by extensions ['colcon_meta']
[0.532s] Level 1:colcon.colcon_core.package_identification:_identify(rosbag) by extension 'colcon_meta'
[0.532s] Level 1:colcon.colcon_core.package_identification:_identify(rosbag) by extensions ['ros']
[0.532s] Level 1:colcon.colcon_core.package_identification:_identify(rosbag) by extension 'ros'
[0.532s] Level 1:colcon.colcon_core.package_identification:_identify(rosbag) by extensions ['cmake', 'python']
[0.532s] Level 1:colcon.colcon_core.package_identification:_identify(rosbag) by extension 'cmake'
[0.532s] Level 1:colcon.colcon_core.package_identification:_identify(rosbag) by extension 'python'
[0.532s] Level 1:colcon.colcon_core.package_identification:_identify(rosbag) by extensions ['python_setup_py']
[0.532s] Level 1:colcon.colcon_core.package_identification:_identify(rosbag) by extension 'python_setup_py'
[0.532s] Level 1:colcon.colcon_core.package_identification:_identify(rosbag/rosbag2_2025_09_18-18_36_26) by extensions ['ignore', 'ignore_ament_install']
[0.533s] Level 1:colcon.colcon_core.package_identification:_identify(rosbag/rosbag2_2025_09_18-18_36_26) by extension 'ignore'
[0.533s] Level 1:colcon.colcon_core.package_identification:_identify(rosbag/rosbag2_2025_09_18-18_36_26) by extension 'ignore_ament_install'
[0.533s] Level 1:colcon.colcon_core.package_identification:_identify(rosbag/rosbag2_2025_09_18-18_36_26) by extensions ['colcon_pkg']
[0.533s] Level 1:colcon.colcon_core.package_identification:_identify(rosbag/rosbag2_2025_09_18-18_36_26) by extension 'colcon_pkg'
[0.533s] Level 1:colcon.colcon_core.package_identification:_identify(rosbag/rosbag2_2025_09_18-18_36_26) by extensions ['colcon_meta']
[0.533s] Level 1:colcon.colcon_core.package_identification:_identify(rosbag/rosbag2_2025_09_18-18_36_26) by extension 'colcon_meta'
[0.533s] Level 1:colcon.colcon_core.package_identification:_identify(rosbag/rosbag2_2025_09_18-18_36_26) by extensions ['ros']
[0.533s] Level 1:colcon.colcon_core.package_identification:_identify(rosbag/rosbag2_2025_09_18-18_36_26) by extension 'ros'
[0.533s] Level 1:colcon.colcon_core.package_identification:_identify(rosbag/rosbag2_2025_09_18-18_36_26) by extensions ['cmake', 'python']
[0.533s] Level 1:colcon.colcon_core.package_identification:_identify(rosbag/rosbag2_2025_09_18-18_36_26) by extension 'cmake'
[0.533s] Level 1:colcon.colcon_core.package_identification:_identify(rosbag/rosbag2_2025_09_18-18_36_26) by extension 'python'
[0.533s] Level 1:colcon.colcon_core.package_identification:_identify(rosbag/rosbag2_2025_09_18-18_36_26) by extensions ['python_setup_py']
[0.533s] Level 1:colcon.colcon_core.package_identification:_identify(rosbag/rosbag2_2025_09_18-18_36_26) by extension 'python_setup_py'
[0.533s] Level 1:colcon.colcon_core.package_identification:_identify(src) by extensions ['ignore', 'ignore_ament_install']
[0.534s] Level 1:colcon.colcon_core.package_identification:_identify(src) by extension 'ignore'
[0.534s] Level 1:colcon.colcon_core.package_identification:_identify(src) by extension 'ignore_ament_install'
[0.534s] Level 1:colcon.colcon_core.package_identification:_identify(src) by extensions ['colcon_pkg']
[0.534s] Level 1:colcon.colcon_core.package_identification:_identify(src) by extension 'colcon_pkg'
[0.534s] Level 1:colcon.colcon_core.package_identification:_identify(src) by extensions ['colcon_meta']
[0.534s] Level 1:colcon.colcon_core.package_identification:_identify(src) by extension 'colcon_meta'
[0.534s] Level 1:colcon.colcon_core.package_identification:_identify(src) by extensions ['ros']
[0.534s] Level 1:colcon.colcon_core.package_identification:_identify(src) by extension 'ros'
[0.534s] Level 1:colcon.colcon_core.package_identification:_identify(src) by extensions ['cmake', 'python']
[0.534s] Level 1:colcon.colcon_core.package_identification:_identify(src) by extension 'cmake'
[0.534s] Level 1:colcon.colcon_core.package_identification:_identify(src) by extension 'python'
[0.534s] Level 1:colcon.colcon_core.package_identification:_identify(src) by extensions ['python_setup_py']
[0.534s] Level 1:colcon.colcon_core.package_identification:_identify(src) by extension 'python_setup_py'
[0.534s] Level 1:colcon.colcon_core.package_identification:_identify(src/build) by extensions ['ignore', 'ignore_ament_install']
[0.535s] Level 1:colcon.colcon_core.package_identification:_identify(src/build) by extension 'ignore'
[0.535s] Level 1:colcon.colcon_core.package_identification:_identify(src/build) ignored
[0.535s] Level 1:colcon.colcon_core.package_identification:_identify(src/center_follow_cpp) by extensions ['ignore', 'ignore_ament_install']
[0.535s] Level 1:colcon.colcon_core.package_identification:_identify(src/center_follow_cpp) by extension 'ignore'
[0.535s] Level 1:colcon.colcon_core.package_identification:_identify(src/center_follow_cpp) by extension 'ignore_ament_install'
[0.535s] Level 1:colcon.colcon_core.package_identification:_identify(src/center_follow_cpp) by extensions ['colcon_pkg']
[0.535s] Level 1:colcon.colcon_core.package_identification:_identify(src/center_follow_cpp) by extension 'colcon_pkg'
[0.535s] Level 1:colcon.colcon_core.package_identification:_identify(src/center_follow_cpp) by extensions ['colcon_meta']
[0.535s] Level 1:colcon.colcon_core.package_identification:_identify(src/center_follow_cpp) by extension 'colcon_meta'
[0.535s] Level 1:colcon.colcon_core.package_identification:_identify(src/center_follow_cpp) by extensions ['ros']
[0.535s] Level 1:colcon.colcon_core.package_identification:_identify(src/center_follow_cpp) by extension 'ros'
[0.543s] DEBUG:colcon.colcon_core.package_identification:Package 'src/center_follow_cpp' with type 'ros.ament_cmake' and name 'center_follow_cpp'
[0.544s] Level 1:colcon.colcon_core.package_identification:_identify(src/f1tenth_slam_nav) by extensions ['ignore', 'ignore_ament_install']
[0.544s] Level 1:colcon.colcon_core.package_identification:_identify(src/f1tenth_slam_nav) by extension 'ignore'
[0.544s] Level 1:colcon.colcon_core.package_identification:_identify(src/f1tenth_slam_nav) by extension 'ignore_ament_install'
[0.544s] Level 1:colcon.colcon_core.package_identification:_identify(src/f1tenth_slam_nav) by extensions ['colcon_pkg']
[0.544s] Level 1:colcon.colcon_core.package_identification:_identify(src/f1tenth_slam_nav) by extension 'colcon_pkg'
[0.544s] Level 1:colcon.colcon_core.package_identification:_identify(src/f1tenth_slam_nav) by extensions ['colcon_meta']
[0.544s] Level 1:colcon.colcon_core.package_identification:_identify(src/f1tenth_slam_nav) by extension 'colcon_meta'
[0.544s] Level 1:colcon.colcon_core.package_identification:_identify(src/f1tenth_slam_nav) by extensions ['ros']
[0.544s] Level 1:colcon.colcon_core.package_identification:_identify(src/f1tenth_slam_nav) by extension 'ros'
[0.548s] DEBUG:colcon.colcon_core.package_identification:Package 'src/f1tenth_slam_nav' with type 'ros.ament_cmake' and name 'f1tenth_slam_nav'
[0.548s] Level 1:colcon.colcon_core.package_identification:_identify(src/f1tenth_system) by extensions ['ignore', 'ignore_ament_install']
[0.548s] Level 1:colcon.colcon_core.package_identification:_identify(src/f1tenth_system) by extension 'ignore'
[0.548s] Level 1:colcon.colcon_core.package_identification:_identify(src/f1tenth_system) by extension 'ignore_ament_install'
[0.548s] Level 1:colcon.colcon_core.package_identification:_identify(src/f1tenth_system) by extensions ['colcon_pkg']
[0.548s] Level 1:colcon.colcon_core.package_identification:_identify(src/f1tenth_system) by extension 'colcon_pkg'
[0.549s] Level 1:colcon.colcon_core.package_identification:_identify(src/f1tenth_system) by extensions ['colcon_meta']
[0.549s] Level 1:colcon.colcon_core.package_identification:_identify(src/f1tenth_system) by extension 'colcon_meta'
[0.549s] Level 1:colcon.colcon_core.package_identification:_identify(src/f1tenth_system) by extensions ['ros']
[0.549s] Level 1:colcon.colcon_core.package_identification:_identify(src/f1tenth_system) by extension 'ros'
[0.549s] Level 1:colcon.colcon_core.package_identification:_identify(src/f1tenth_system) by extensions ['cmake', 'python']
[0.549s] Level 1:colcon.colcon_core.package_identification:_identify(src/f1tenth_system) by extension 'cmake'
[0.549s] Level 1:colcon.colcon_core.package_identification:_identify(src/f1tenth_system) by extension 'python'
[0.549s] Level 1:colcon.colcon_core.package_identification:_identify(src/f1tenth_system) by extensions ['python_setup_py']
[0.549s] Level 1:colcon.colcon_core.package_identification:_identify(src/f1tenth_system) by extension 'python_setup_py'
[0.549s] Level 1:colcon.colcon_core.package_identification:_identify(src/f1tenth_system/ackermann_mux) by extensions ['ignore', 'ignore_ament_install']
[0.549s] Level 1:colcon.colcon_core.package_identification:_identify(src/f1tenth_system/ackermann_mux) by extension 'ignore'
[0.550s] Level 1:colcon.colcon_core.package_identification:_identify(src/f1tenth_system/ackermann_mux) by extension 'ignore_ament_install'
[0.550s] Level 1:colcon.colcon_core.package_identification:_identify(src/f1tenth_system/ackermann_mux) by extensions ['colcon_pkg']
[0.550s] Level 1:colcon.colcon_core.package_identification:_identify(src/f1tenth_system/ackermann_mux) by extension 'colcon_pkg'
[0.550s] Level 1:colcon.colcon_core.package_identification:_identify(src/f1tenth_system/ackermann_mux) by extensions ['colcon_meta']
[0.550s] Level 1:colcon.colcon_core.package_identification:_identify(src/f1tenth_system/ackermann_mux) by extension 'colcon_meta'
[0.550s] Level 1:colcon.colcon_core.package_identification:_identify(src/f1tenth_system/ackermann_mux) by extensions ['ros']
[0.550s] Level 1:colcon.colcon_core.package_identification:_identify(src/f1tenth_system/ackermann_mux) by extension 'ros'
[0.552s] DEBUG:colcon.colcon_core.package_identification:Package 'src/f1tenth_system/ackermann_mux' with type 'ros.ament_cmake' and name 'ackermann_mux'
[0.552s] Level 1:colcon.colcon_core.package_identification:_identify(src/f1tenth_system/f1tenth_stack) by extensions ['ignore', 'ignore_ament_install']
[0.552s] Level 1:colcon.colcon_core.package_identification:_identify(src/f1tenth_system/f1tenth_stack) by extension 'ignore'
[0.552s] Level 1:colcon.colcon_core.package_identification:_identify(src/f1tenth_system/f1tenth_stack) by extension 'ignore_ament_install'
[0.552s] Level 1:colcon.colcon_core.package_identification:_identify(src/f1tenth_system/f1tenth_stack) by extensions ['colcon_pkg']
[0.552s] Level 1:colcon.colcon_core.package_identification:_identify(src/f1tenth_system/f1tenth_stack) by extension 'colcon_pkg'
[0.552s] Level 1:colcon.colcon_core.package_identification:_identify(src/f1tenth_system/f1tenth_stack) by extensions ['colcon_meta']
[0.552s] Level 1:colcon.colcon_core.package_identification:_identify(src/f1tenth_system/f1tenth_stack) by extension 'colcon_meta'
[0.552s] Level 1:colcon.colcon_core.package_identification:_identify(src/f1tenth_system/f1tenth_stack) by extensions ['ros']
[0.552s] Level 1:colcon.colcon_core.package_identification:_identify(src/f1tenth_system/f1tenth_stack) by extension 'ros'
[0.554s] DEBUG:colcon.colcon_core.package_identification:Package 'src/f1tenth_system/f1tenth_stack' with type 'ros.ament_python' and name 'f1tenth_stack'
[0.555s] Level 1:colcon.colcon_core.package_identification:_identify(src/f1tenth_system/scripts) by extensions ['ignore', 'ignore_ament_install']
[0.572s] Level 1:colcon.colcon_core.package_identification:_identify(src/f1tenth_system/scripts) by extension 'ignore'
[0.572s] Level 1:colcon.colcon_core.package_identification:_identify(src/f1tenth_system/scripts) by extension 'ignore_ament_install'
[0.572s] Level 1:colcon.colcon_core.package_identification:_identify(src/f1tenth_system/scripts) by extensions ['colcon_pkg']
[0.573s] Level 1:colcon.colcon_core.package_identification:_identify(src/f1tenth_system/scripts) by extension 'colcon_pkg'
[0.573s] Level 1:colcon.colcon_core.package_identification:_identify(src/f1tenth_system/scripts) by extensions ['colcon_meta']
[0.573s] Level 1:colcon.colcon_core.package_identification:_identify(src/f1tenth_system/scripts) by extension 'colcon_meta'
[0.573s] Level 1:colcon.colcon_core.package_identification:_identify(src/f1tenth_system/scripts) by extensions ['ros']
[0.573s] Level 1:colcon.colcon_core.package_identification:_identify(src/f1tenth_system/scripts) by extension 'ros'
[0.573s] Level 1:colcon.colcon_core.package_identification:_identify(src/f1tenth_system/scripts) by extensions ['cmake', 'python']
[0.573s] Level 1:colcon.colcon_core.package_identification:_identify(src/f1tenth_system/scripts) by extension 'cmake'
[0.573s] Level 1:colcon.colcon_core.package_identification:_identify(src/f1tenth_system/scripts) by extension 'python'
[0.573s] Level 1:colcon.colcon_core.package_identification:_identify(src/f1tenth_system/scripts) by extensions ['python_setup_py']
[0.573s] Level 1:colcon.colcon_core.package_identification:_identify(src/f1tenth_system/scripts) by extension 'python_setup_py'
[0.573s] Level 1:colcon.colcon_core.package_identification:_identify(src/f1tenth_system/teleop_tools) by extensions ['ignore', 'ignore_ament_install']
[0.574s] Level 1:colcon.colcon_core.package_identification:_identify(src/f1tenth_system/teleop_tools) by extension 'ignore'
[0.574s] Level 1:colcon.colcon_core.package_identification:_identify(src/f1tenth_system/teleop_tools) by extension 'ignore_ament_install'
[0.574s] Level 1:colcon.colcon_core.package_identification:_identify(src/f1tenth_system/teleop_tools) by extensions ['colcon_pkg']
[0.574s] Level 1:colcon.colcon_core.package_identification:_identify(src/f1tenth_system/teleop_tools) by extension 'colcon_pkg'
[0.574s] Level 1:colcon.colcon_core.package_identification:_identify(src/f1tenth_system/teleop_tools) by extensions ['colcon_meta']
[0.574s] Level 1:colcon.colcon_core.package_identification:_identify(src/f1tenth_system/teleop_tools) by extension 'colcon_meta'
[0.574s] Level 1:colcon.colcon_core.package_identification:_identify(src/f1tenth_system/teleop_tools) by extensions ['ros']
[0.574s] Level 1:colcon.colcon_core.package_identification:_identify(src/f1tenth_system/teleop_tools) by extension 'ros'
[0.574s] Level 1:colcon.colcon_core.package_identification:_identify(src/f1tenth_system/teleop_tools) by extensions ['cmake', 'python']
[0.574s] Level 1:colcon.colcon_core.package_identification:_identify(src/f1tenth_system/teleop_tools) by extension 'cmake'
[0.574s] Level 1:colcon.colcon_core.package_identification:_identify(src/f1tenth_system/teleop_tools) by extension 'python'
[0.574s] Level 1:colcon.colcon_core.package_identification:_identify(src/f1tenth_system/teleop_tools) by extensions ['python_setup_py']
[0.574s] Level 1:colcon.colcon_core.package_identification:_identify(src/f1tenth_system/teleop_tools) by extension 'python_setup_py'
[0.575s] Level 1:colcon.colcon_core.package_identification:_identify(src/f1tenth_system/teleop_tools/joy_teleop) by extensions ['ignore', 'ignore_ament_install']
[0.575s] Level 1:colcon.colcon_core.package_identification:_identify(src/f1tenth_system/teleop_tools/joy_teleop) by extension 'ignore'
[0.575s] Level 1:colcon.colcon_core.package_identification:_identify(src/f1tenth_system/teleop_tools/joy_teleop) by extension 'ignore_ament_install'
[0.575s] Level 1:colcon.colcon_core.package_identification:_identify(src/f1tenth_system/teleop_tools/joy_teleop) by extensions ['colcon_pkg']
[0.575s] Level 1:colcon.colcon_core.package_identification:_identify(src/f1tenth_system/teleop_tools/joy_teleop) by extension 'colcon_pkg'
[0.575s] Level 1:colcon.colcon_core.package_identification:_identify(src/f1tenth_system/teleop_tools/joy_teleop) by extensions ['colcon_meta']
[0.575s] Level 1:colcon.colcon_core.package_identification:_identify(src/f1tenth_system/teleop_tools/joy_teleop) by extension 'colcon_meta'
[0.575s] Level 1:colcon.colcon_core.package_identification:_identify(src/f1tenth_system/teleop_tools/joy_teleop) by extensions ['ros']
[0.575s] Level 1:colcon.colcon_core.package_identification:_identify(src/f1tenth_system/teleop_tools/joy_teleop) by extension 'ros'
[0.577s] DEBUG:colcon.colcon_core.package_identification:Package 'src/f1tenth_system/teleop_tools/joy_teleop' with type 'ros.ament_python' and name 'joy_teleop'
[0.577s] Level 1:colcon.colcon_core.package_identification:_identify(src/f1tenth_system/teleop_tools/key_teleop) by extensions ['ignore', 'ignore_ament_install']
[0.577s] Level 1:colcon.colcon_core.package_identification:_identify(src/f1tenth_system/teleop_tools/key_teleop) by extension 'ignore'
[0.577s] Level 1:colcon.colcon_core.package_identification:_identify(src/f1tenth_system/teleop_tools/key_teleop) by extension 'ignore_ament_install'
[0.577s] Level 1:colcon.colcon_core.package_identification:_identify(src/f1tenth_system/teleop_tools/key_teleop) by extensions ['colcon_pkg']
[0.577s] Level 1:colcon.colcon_core.package_identification:_identify(src/f1tenth_system/teleop_tools/key_teleop) by extension 'colcon_pkg'
[0.577s] Level 1:colcon.colcon_core.package_identification:_identify(src/f1tenth_system/teleop_tools/key_teleop) by extensions ['colcon_meta']
[0.577s] Level 1:colcon.colcon_core.package_identification:_identify(src/f1tenth_system/teleop_tools/key_teleop) by extension 'colcon_meta'
[0.577s] Level 1:colcon.colcon_core.package_identification:_identify(src/f1tenth_system/teleop_tools/key_teleop) by extensions ['ros']
[0.577s] Level 1:colcon.colcon_core.package_identification:_identify(src/f1tenth_system/teleop_tools/key_teleop) by extension 'ros'
[0.578s] DEBUG:colcon.colcon_core.package_identification:Package 'src/f1tenth_system/teleop_tools/key_teleop' with type 'ros.ament_python' and name 'key_teleop'
[0.579s] Level 1:colcon.colcon_core.package_identification:_identify(src/f1tenth_system/teleop_tools/mouse_teleop) by extensions ['ignore', 'ignore_ament_install']
[0.579s] Level 1:colcon.colcon_core.package_identification:_identify(src/f1tenth_system/teleop_tools/mouse_teleop) by extension 'ignore'
[0.579s] Level 1:colcon.colcon_core.package_identification:_identify(src/f1tenth_system/teleop_tools/mouse_teleop) by extension 'ignore_ament_install'
[0.579s] Level 1:colcon.colcon_core.package_identification:_identify(src/f1tenth_system/teleop_tools/mouse_teleop) by extensions ['colcon_pkg']
[0.579s] Level 1:colcon.colcon_core.package_identification:_identify(src/f1tenth_system/teleop_tools/mouse_teleop) by extension 'colcon_pkg'
[0.579s] Level 1:colcon.colcon_core.package_identification:_identify(src/f1tenth_system/teleop_tools/mouse_teleop) by extensions ['colcon_meta']
[0.579s] Level 1:colcon.colcon_core.package_identification:_identify(src/f1tenth_system/teleop_tools/mouse_teleop) by extension 'colcon_meta'
[0.579s] Level 1:colcon.colcon_core.package_identification:_identify(src/f1tenth_system/teleop_tools/mouse_teleop) by extensions ['ros']
[0.579s] Level 1:colcon.colcon_core.package_identification:_identify(src/f1tenth_system/teleop_tools/mouse_teleop) by extension 'ros'
[0.580s] DEBUG:colcon.colcon_core.package_identification:Package 'src/f1tenth_system/teleop_tools/mouse_teleop' with type 'ros.ament_python' and name 'mouse_teleop'
[0.580s] Level 1:colcon.colcon_core.package_identification:_identify(src/f1tenth_system/teleop_tools/teleop_tools) by extensions ['ignore', 'ignore_ament_install']
[0.581s] Level 1:colcon.colcon_core.package_identification:_identify(src/f1tenth_system/teleop_tools/teleop_tools) by extension 'ignore'
[0.581s] Level 1:colcon.colcon_core.package_identification:_identify(src/f1tenth_system/teleop_tools/teleop_tools) by extension 'ignore_ament_install'
[0.581s] Level 1:colcon.colcon_core.package_identification:_identify(src/f1tenth_system/teleop_tools/teleop_tools) by extensions ['colcon_pkg']
[0.581s] Level 1:colcon.colcon_core.package_identification:_identify(src/f1tenth_system/teleop_tools/teleop_tools) by extension 'colcon_pkg'
[0.581s] Level 1:colcon.colcon_core.package_identification:_identify(src/f1tenth_system/teleop_tools/teleop_tools) by extensions ['colcon_meta']
[0.581s] Level 1:colcon.colcon_core.package_identification:_identify(src/f1tenth_system/teleop_tools/teleop_tools) by extension 'colcon_meta'
[0.581s] Level 1:colcon.colcon_core.package_identification:_identify(src/f1tenth_system/teleop_tools/teleop_tools) by extensions ['ros']
[0.581s] Level 1:colcon.colcon_core.package_identification:_identify(src/f1tenth_system/teleop_tools/teleop_tools) by extension 'ros'
[0.582s] DEBUG:colcon.colcon_core.package_identification:Package 'src/f1tenth_system/teleop_tools/teleop_tools' with type 'ros.ament_cmake' and name 'teleop_tools'
[0.582s] Level 1:colcon.colcon_core.package_identification:_identify(src/f1tenth_system/teleop_tools/teleop_tools_msgs) by extensions ['ignore', 'ignore_ament_install']
[0.582s] Level 1:colcon.colcon_core.package_identification:_identify(src/f1tenth_system/teleop_tools/teleop_tools_msgs) by extension 'ignore'
[0.583s] Level 1:colcon.colcon_core.package_identification:_identify(src/f1tenth_system/teleop_tools/teleop_tools_msgs) by extension 'ignore_ament_install'
[0.583s] Level 1:colcon.colcon_core.package_identification:_identify(src/f1tenth_system/teleop_tools/teleop_tools_msgs) by extensions ['colcon_pkg']
[0.583s] Level 1:colcon.colcon_core.package_identification:_identify(src/f1tenth_system/teleop_tools/teleop_tools_msgs) by extension 'colcon_pkg'
[0.583s] Level 1:colcon.colcon_core.package_identification:_identify(src/f1tenth_system/teleop_tools/teleop_tools_msgs) by extensions ['colcon_meta']
[0.583s] Level 1:colcon.colcon_core.package_identification:_identify(src/f1tenth_system/teleop_tools/teleop_tools_msgs) by extension 'colcon_meta'
[0.583s] Level 1:colcon.colcon_core.package_identification:_identify(src/f1tenth_system/teleop_tools/teleop_tools_msgs) by extensions ['ros']
[0.583s] Level 1:colcon.colcon_core.package_identification:_identify(src/f1tenth_system/teleop_tools/teleop_tools_msgs) by extension 'ros'
[0.584s] DEBUG:colcon.colcon_core.package_identification:Package 'src/f1tenth_system/teleop_tools/teleop_tools_msgs' with type 'ros.ament_cmake' and name 'teleop_tools_msgs'
[0.584s] Level 1:colcon.colcon_core.package_identification:_identify(src/f1tenth_system/vesc) by extensions ['ignore', 'ignore_ament_install']
[0.585s] Level 1:colcon.colcon_core.package_identification:_identify(src/f1tenth_system/vesc) by extension 'ignore'
[0.585s] Level 1:colcon.colcon_core.package_identification:_identify(src/f1tenth_system/vesc) by extension 'ignore_ament_install'
[0.585s] Level 1:colcon.colcon_core.package_identification:_identify(src/f1tenth_system/vesc) by extensions ['colcon_pkg']
[0.585s] Level 1:colcon.colcon_core.package_identification:_identify(src/f1tenth_system/vesc) by extension 'colcon_pkg'
[0.585s] Level 1:colcon.colcon_core.package_identification:_identify(src/f1tenth_system/vesc) by extensions ['colcon_meta']
[0.585s] Level 1:colcon.colcon_core.package_identification:_identify(src/f1tenth_system/vesc) by extension 'colcon_meta'
[0.585s] Level 1:colcon.colcon_core.package_identification:_identify(src/f1tenth_system/vesc) by extensions ['ros']
[0.585s] Level 1:colcon.colcon_core.package_identification:_identify(src/f1tenth_system/vesc) by extension 'ros'
[0.585s] Level 1:colcon.colcon_core.package_identification:_identify(src/f1tenth_system/vesc) by extensions ['cmake', 'python']
[0.585s] Level 1:colcon.colcon_core.package_identification:_identify(src/f1tenth_system/vesc) by extension 'cmake'
[0.585s] Level 1:colcon.colcon_core.package_identification:_identify(src/f1tenth_system/vesc) by extension 'python'
[0.585s] Level 1:colcon.colcon_core.package_identification:_identify(src/f1tenth_system/vesc) by extensions ['python_setup_py']
[0.585s] Level 1:colcon.colcon_core.package_identification:_identify(src/f1tenth_system/vesc) by extension 'python_setup_py'
[0.586s] Level 1:colcon.colcon_core.package_identification:_identify(src/f1tenth_system/vesc/vesc) by extensions ['ignore', 'ignore_ament_install']
[0.586s] Level 1:colcon.colcon_core.package_identification:_identify(src/f1tenth_system/vesc/vesc) by extension 'ignore'
[0.586s] Level 1:colcon.colcon_core.package_identification:_identify(src/f1tenth_system/vesc/vesc) by extension 'ignore_ament_install'
[0.586s] Level 1:colcon.colcon_core.package_identification:_identify(src/f1tenth_system/vesc/vesc) by extensions ['colcon_pkg']
[0.586s] Level 1:colcon.colcon_core.package_identification:_identify(src/f1tenth_system/vesc/vesc) by extension 'colcon_pkg'
[0.586s] Level 1:colcon.colcon_core.package_identification:_identify(src/f1tenth_system/vesc/vesc) by extensions ['colcon_meta']
[0.586s] Level 1:colcon.colcon_core.package_identification:_identify(src/f1tenth_system/vesc/vesc) by extension 'colcon_meta'
[0.586s] Level 1:colcon.colcon_core.package_identification:_identify(src/f1tenth_system/vesc/vesc) by extensions ['ros']
[0.586s] Level 1:colcon.colcon_core.package_identification:_identify(src/f1tenth_system/vesc/vesc) by extension 'ros'
[0.587s] DEBUG:colcon.colcon_core.package_identification:Package 'src/f1tenth_system/vesc/vesc' with type 'ros.ament_cmake' and name 'vesc'
[0.587s] Level 1:colcon.colcon_core.package_identification:_identify(src/f1tenth_system/vesc/vesc_ackermann) by extensions ['ignore', 'ignore_ament_install']
[0.588s] Level 1:colcon.colcon_core.package_identification:_identify(src/f1tenth_system/vesc/vesc_ackermann) by extension 'ignore'
[0.588s] Level 1:colcon.colcon_core.package_identification:_identify(src/f1tenth_system/vesc/vesc_ackermann) by extension 'ignore_ament_install'
[0.588s] Level 1:colcon.colcon_core.package_identification:_identify(src/f1tenth_system/vesc/vesc_ackermann) by extensions ['colcon_pkg']
[0.588s] Level 1:colcon.colcon_core.package_identification:_identify(src/f1tenth_system/vesc/vesc_ackermann) by extension 'colcon_pkg'
[0.588s] Level 1:colcon.colcon_core.package_identification:_identify(src/f1tenth_system/vesc/vesc_ackermann) by extensions ['colcon_meta']
[0.588s] Level 1:colcon.colcon_core.package_identification:_identify(src/f1tenth_system/vesc/vesc_ackermann) by extension 'colcon_meta'
[0.588s] Level 1:colcon.colcon_core.package_identification:_identify(src/f1tenth_system/vesc/vesc_ackermann) by extensions ['ros']
[0.588s] Level 1:colcon.colcon_core.package_identification:_identify(src/f1tenth_system/vesc/vesc_ackermann) by extension 'ros'
[0.590s] DEBUG:colcon.colcon_core.package_identification:Package 'src/f1tenth_system/vesc/vesc_ackermann' with type 'ros.ament_cmake' and name 'vesc_ackermann'
[0.590s] Level 1:colcon.colcon_core.package_identification:_identify(src/f1tenth_system/vesc/vesc_driver) by extensions ['ignore', 'ignore_ament_install']
[0.590s] Level 1:colcon.colcon_core.package_identification:_identify(src/f1tenth_system/vesc/vesc_driver) by extension 'ignore'
[0.590s] Level 1:colcon.colcon_core.package_identification:_identify(src/f1tenth_system/vesc/vesc_driver) by extension 'ignore_ament_install'
[0.590s] Level 1:colcon.colcon_core.package_identification:_identify(src/f1tenth_system/vesc/vesc_driver) by extensions ['colcon_pkg']
[0.590s] Level 1:colcon.colcon_core.package_identification:_identify(src/f1tenth_system/vesc/vesc_driver) by extension 'colcon_pkg'
[0.591s] Level 1:colcon.colcon_core.package_identification:_identify(src/f1tenth_system/vesc/vesc_driver) by extensions ['colcon_meta']
[0.591s] Level 1:colcon.colcon_core.package_identification:_identify(src/f1tenth_system/vesc/vesc_driver) by extension 'colcon_meta'
[0.591s] Level 1:colcon.colcon_core.package_identification:_identify(src/f1tenth_system/vesc/vesc_driver) by extensions ['ros']
[0.591s] Level 1:colcon.colcon_core.package_identification:_identify(src/f1tenth_system/vesc/vesc_driver) by extension 'ros'
[0.593s] DEBUG:colcon.colcon_core.package_identification:Package 'src/f1tenth_system/vesc/vesc_driver' with type 'ros.ament_cmake' and name 'vesc_driver'
[0.593s] Level 1:colcon.colcon_core.package_identification:_identify(src/f1tenth_system/vesc/vesc_msgs) by extensions ['ignore', 'ignore_ament_install']
[0.593s] Level 1:colcon.colcon_core.package_identification:_identify(src/f1tenth_system/vesc/vesc_msgs) by extension 'ignore'
[0.593s] Level 1:colcon.colcon_core.package_identification:_identify(src/f1tenth_system/vesc/vesc_msgs) by extension 'ignore_ament_install'
[0.593s] Level 1:colcon.colcon_core.package_identification:_identify(src/f1tenth_system/vesc/vesc_msgs) by extensions ['colcon_pkg']
[0.593s] Level 1:colcon.colcon_core.package_identification:_identify(src/f1tenth_system/vesc/vesc_msgs) by extension 'colcon_pkg'
[0.593s] Level 1:colcon.colcon_core.package_identification:_identify(src/f1tenth_system/vesc/vesc_msgs) by extensions ['colcon_meta']
[0.593s] Level 1:colcon.colcon_core.package_identification:_identify(src/f1tenth_system/vesc/vesc_msgs) by extension 'colcon_meta'
[0.593s] Level 1:colcon.colcon_core.package_identification:_identify(src/f1tenth_system/vesc/vesc_msgs) by extensions ['ros']
[0.593s] Level 1:colcon.colcon_core.package_identification:_identify(src/f1tenth_system/vesc/vesc_msgs) by extension 'ros'
[0.595s] DEBUG:colcon.colcon_core.package_identification:Package 'src/f1tenth_system/vesc/vesc_msgs' with type 'ros.ament_cmake' and name 'vesc_msgs'
[0.595s] Level 1:colcon.colcon_core.package_identification:_identify(src/forza_map_controller) by extensions ['ignore', 'ignore_ament_install']
[0.595s] Level 1:colcon.colcon_core.package_identification:_identify(src/forza_map_controller) by extension 'ignore'
[0.596s] Level 1:colcon.colcon_core.package_identification:_identify(src/forza_map_controller) by extension 'ignore_ament_install'
[0.596s] Level 1:colcon.colcon_core.package_identification:_identify(src/forza_map_controller) by extensions ['colcon_pkg']
[0.596s] Level 1:colcon.colcon_core.package_identification:_identify(src/forza_map_controller) by extension 'colcon_pkg'
[0.596s] Level 1:colcon.colcon_core.package_identification:_identify(src/forza_map_controller) by extensions ['colcon_meta']
[0.596s] Level 1:colcon.colcon_core.package_identification:_identify(src/forza_map_controller) by extension 'colcon_meta'
[0.596s] Level 1:colcon.colcon_core.package_identification:_identify(src/forza_map_controller) by extensions ['ros']
[0.596s] Level 1:colcon.colcon_core.package_identification:_identify(src/forza_map_controller) by extension 'ros'
[0.598s] DEBUG:colcon.colcon_core.package_identification:Package 'src/forza_map_controller' with type 'ros.ament_python' and name 'forza_map_controller'
[0.598s] Level 1:colcon.colcon_core.package_identification:_identify(src/install) by extensions ['ignore', 'ignore_ament_install']
[0.598s] Level 1:colcon.colcon_core.package_identification:_identify(src/install) by extension 'ignore'
[0.598s] Level 1:colcon.colcon_core.package_identification:_identify(src/install) ignored
[0.598s] Level 1:colcon.colcon_core.package_identification:_identify(src/log) by extensions ['ignore', 'ignore_ament_install']
[0.598s] Level 1:colcon.colcon_core.package_identification:_identify(src/log) by extension 'ignore'
[0.599s] Level 1:colcon.colcon_core.package_identification:_identify(src/log) ignored
[0.599s] Level 1:colcon.colcon_core.package_identification:_identify(src/map_controller) by extensions ['ignore', 'ignore_ament_install']
[0.599s] Level 1:colcon.colcon_core.package_identification:_identify(src/map_controller) by extension 'ignore'
[0.599s] Level 1:colcon.colcon_core.package_identification:_identify(src/map_controller) by extension 'ignore_ament_install'
[0.599s] Level 1:colcon.colcon_core.package_identification:_identify(src/map_controller) by extensions ['colcon_pkg']
[0.599s] Level 1:colcon.colcon_core.package_identification:_identify(src/map_controller) by extension 'colcon_pkg'
[0.599s] Level 1:colcon.colcon_core.package_identification:_identify(src/map_controller) by extensions ['colcon_meta']
[0.599s] Level 1:colcon.colcon_core.package_identification:_identify(src/map_controller) by extension 'colcon_meta'
[0.599s] Level 1:colcon.colcon_core.package_identification:_identify(src/map_controller) by extensions ['ros']
[0.599s] Level 1:colcon.colcon_core.package_identification:_identify(src/map_controller) by extension 'ros'
[0.601s] DEBUG:colcon.colcon_core.package_identification:Package 'src/map_controller' with type 'ros.ament_cmake' and name 'map_controller'
[0.602s] Level 1:colcon.colcon_core.package_identification:_identify(src/path_follow) by extensions ['ignore', 'ignore_ament_install']
[0.602s] Level 1:colcon.colcon_core.package_identification:_identify(src/path_follow) by extension 'ignore'
[0.602s] Level 1:colcon.colcon_core.package_identification:_identify(src/path_follow) by extension 'ignore_ament_install'
[0.602s] Level 1:colcon.colcon_core.package_identification:_identify(src/path_follow) by extensions ['colcon_pkg']
[0.602s] Level 1:colcon.colcon_core.package_identification:_identify(src/path_follow) by extension 'colcon_pkg'
[0.602s] Level 1:colcon.colcon_core.package_identification:_identify(src/path_follow) by extensions ['colcon_meta']
[0.602s] Level 1:colcon.colcon_core.package_identification:_identify(src/path_follow) by extension 'colcon_meta'
[0.602s] Level 1:colcon.colcon_core.package_identification:_identify(src/path_follow) by extensions ['ros']
[0.602s] Level 1:colcon.colcon_core.package_identification:_identify(src/path_follow) by extension 'ros'
[0.604s] DEBUG:colcon.colcon_core.package_identification:Package 'src/path_follow' with type 'ros.ament_cmake' and name 'path_follow'
[0.604s] Level 1:colcon.colcon_core.package_identification:_identify(src/pure_pursuit) by extensions ['ignore', 'ignore_ament_install']
[0.604s] Level 1:colcon.colcon_core.package_identification:_identify(src/pure_pursuit) by extension 'ignore'
[0.604s] Level 1:colcon.colcon_core.package_identification:_identify(src/pure_pursuit) by extension 'ignore_ament_install'
[0.604s] Level 1:colcon.colcon_core.package_identification:_identify(src/pure_pursuit) by extensions ['colcon_pkg']
[0.605s] Level 1:colcon.colcon_core.package_identification:_identify(src/pure_pursuit) by extension 'colcon_pkg'
[0.605s] Level 1:colcon.colcon_core.package_identification:_identify(src/pure_pursuit) by extensions ['colcon_meta']
[0.605s] Level 1:colcon.colcon_core.package_identification:_identify(src/pure_pursuit) by extension 'colcon_meta'
[0.605s] Level 1:colcon.colcon_core.package_identification:_identify(src/pure_pursuit) by extensions ['ros']
[0.605s] Level 1:colcon.colcon_core.package_identification:_identify(src/pure_pursuit) by extension 'ros'
[0.607s] DEBUG:colcon.colcon_core.package_identification:Package 'src/pure_pursuit' with type 'ros.ament_cmake' and name 'pure_pursuit'
[0.607s] Level 1:colcon.colcon_core.package_identification:_identify(src/pygame_key_teleop) by extensions ['ignore', 'ignore_ament_install']
[0.607s] Level 1:colcon.colcon_core.package_identification:_identify(src/pygame_key_teleop) by extension 'ignore'
[0.607s] Level 1:colcon.colcon_core.package_identification:_identify(src/pygame_key_teleop) by extension 'ignore_ament_install'
[0.607s] Level 1:colcon.colcon_core.package_identification:_identify(src/pygame_key_teleop) by extensions ['colcon_pkg']
[0.607s] Level 1:colcon.colcon_core.package_identification:_identify(src/pygame_key_teleop) by extension 'colcon_pkg'
[0.607s] Level 1:colcon.colcon_core.package_identification:_identify(src/pygame_key_teleop) by extensions ['colcon_meta']
[0.607s] Level 1:colcon.colcon_core.package_identification:_identify(src/pygame_key_teleop) by extension 'colcon_meta'
[0.607s] Level 1:colcon.colcon_core.package_identification:_identify(src/pygame_key_teleop) by extensions ['ros']
[0.607s] Level 1:colcon.colcon_core.package_identification:_identify(src/pygame_key_teleop) by extension 'ros'
[0.608s] DEBUG:colcon.colcon_core.package_identification:Package 'src/pygame_key_teleop' with type 'ros.ament_python' and name 'pygame_key_teleop'
[0.608s] Level 1:colcon.colcon_core.package_discovery:discover_packages(recursive) using defaults
[0.608s] Level 1:colcon.colcon_core.package_discovery:discover_packages(ignore) discover
[0.609s] Level 1:colcon.colcon_core.package_discovery:discover_packages(ignore) using defaults
[0.609s] Level 1:colcon.colcon_core.package_discovery:discover_packages(path) discover
[0.609s] Level 1:colcon.colcon_core.package_discovery:discover_packages(path) using defaults
[0.657s] Level 1:colcon.colcon_core.package_discovery:discover_packages(prefix_path) check parameters
[0.657s] Level 1:colcon.colcon_core.package_discovery:discover_packages(prefix_path) discover
[0.668s] WARNING:colcon.colcon_ros.prefix_path.ament:The path '/home/sh/projects/f1tenth_miru3/install/f1tenth_stack' in the environment variable AMENT_PREFIX_PATH doesn't exist
[0.668s] WARNING:colcon.colcon_ros.prefix_path.ament:The path '/home/sh/projects/f1tenth_miru3/install/joy_teleop' in the environment variable AMENT_PREFIX_PATH doesn't exist
[0.668s] WARNING:colcon.colcon_ros.prefix_path.ament:The path '/home/sh/projects/f1tenth_miru3/install/pygame_key_teleop' in the environment variable AMENT_PREFIX_PATH doesn't exist
[0.668s] WARNING:colcon.colcon_ros.prefix_path.ament:The path '/home/sh/projects/f1tenth_miru3/install/mouse_teleop' in the environment variable AMENT_PREFIX_PATH doesn't exist
[0.668s] WARNING:colcon.colcon_ros.prefix_path.ament:The path '/home/sh/projects/f1tenth_miru3/install/map_controller' in the environment variable AMENT_PREFIX_PATH doesn't exist
[0.668s] WARNING:colcon.colcon_ros.prefix_path.ament:The path '/home/sh/projects/f1tenth_miru3/install/key_teleop' in the environment variable AMENT_PREFIX_PATH doesn't exist
[0.668s] WARNING:colcon.colcon_ros.prefix_path.ament:The path '/home/sh/projects/f1tenth_miru3/install/forza_map_controller' in the environment variable AMENT_PREFIX_PATH doesn't exist
[0.668s] WARNING:colcon.colcon_ros.prefix_path.ament:The path '/home/sh/projects/f1tenth_miru3/install/f1tenth_path_planner' in the environment variable AMENT_PREFIX_PATH doesn't exist
[0.669s] WARNING:colcon.colcon_ros.prefix_path.catkin:The path '/home/sh/projects/f1tenth_miru3/install/f1tenth_slam_nav' in the environment variable CMAKE_PREFIX_PATH doesn't exist
[0.669s] WARNING:colcon.colcon_ros.prefix_path.catkin:The path '/home/sh/projects/f1tenth_miru3/install/vesc' in the environment variable CMAKE_PREFIX_PATH doesn't exist
[0.669s] WARNING:colcon.colcon_ros.prefix_path.catkin:The path '/home/sh/projects/f1tenth_miru3/install/vesc_driver' in the environment variable CMAKE_PREFIX_PATH doesn't exist
[0.669s] WARNING:colcon.colcon_ros.prefix_path.catkin:The path '/home/sh/projects/f1tenth_miru3/install/vesc_ackermann' in the environment variable CMAKE_PREFIX_PATH doesn't exist
[0.669s] WARNING:colcon.colcon_ros.prefix_path.catkin:The path '/home/sh/projects/f1tenth_miru3/install/vesc_msgs' in the environment variable CMAKE_PREFIX_PATH doesn't exist
[0.669s] WARNING:colcon.colcon_ros.prefix_path.catkin:The path '/home/sh/projects/f1tenth_miru3/install/teleop_tools' in the environment variable CMAKE_PREFIX_PATH doesn't exist
[0.669s] WARNING:colcon.colcon_ros.prefix_path.catkin:The path '/home/sh/projects/f1tenth_miru3/install/teleop_tools_msgs' in the environment variable CMAKE_PREFIX_PATH doesn't exist
[0.669s] WARNING:colcon.colcon_ros.prefix_path.catkin:The path '/home/sh/projects/f1tenth_miru3/install/real_pure_pursuit' in the environment variable CMAKE_PREFIX_PATH doesn't exist
[0.669s] WARNING:colcon.colcon_ros.prefix_path.catkin:The path '/home/sh/projects/f1tenth_miru3/install/pure_pursuit' in the environment variable CMAKE_PREFIX_PATH doesn't exist
[0.669s] WARNING:colcon.colcon_ros.prefix_path.catkin:The path '/home/sh/projects/f1tenth_miru3/install/path_planner' in the environment variable CMAKE_PREFIX_PATH doesn't exist
[0.669s] WARNING:colcon.colcon_ros.prefix_path.catkin:The path '/home/sh/projects/f1tenth_miru3/install/path_follow' in the environment variable CMAKE_PREFIX_PATH doesn't exist
[0.669s] WARNING:colcon.colcon_ros.prefix_path.catkin:The path '/home/sh/projects/f1tenth_miru3/install/map_controller' in the environment variable CMAKE_PREFIX_PATH doesn't exist
[0.669s] WARNING:colcon.colcon_ros.prefix_path.catkin:The path '/home/sh/projects/f1tenth_miru3/install/lidar_processing' in the environment variable CMAKE_PREFIX_PATH doesn't exist
[0.669s] WARNING:colcon.colcon_ros.prefix_path.catkin:The path '/home/sh/projects/f1tenth_miru3/install/center_follow_cpp' in the environment variable CMAKE_PREFIX_PATH doesn't exist
[0.669s] WARNING:colcon.colcon_ros.prefix_path.catkin:The path '/home/sh/projects/f1tenth_miru3/install/ackermann_mux' in the environment variable CMAKE_PREFIX_PATH doesn't exist
[0.670s] DEBUG:colcon.colcon_installed_package_information.package_discovery:Found 0 installed packages in /home/sh/projects/f1tenth_miru3/install
[0.671s] DEBUG:colcon.colcon_installed_package_information.package_discovery:Found 1 installed packages in /home/sh/f1tenth_ws/install
[0.673s] DEBUG:colcon.colcon_installed_package_information.package_discovery:Found 308 installed packages in /opt/ros/humble
[0.675s] Level 1:colcon.colcon_core.package_discovery:discover_packages(prefix_path) using defaults
[0.745s] Level 5:colcon.colcon_core.verb:set package 'ackermann_mux' build argument 'cmake_args' from command line to 'None'
[0.745s] Level 5:colcon.colcon_core.verb:set package 'ackermann_mux' build argument 'cmake_target' from command line to 'None'
[0.745s] Level 5:colcon.colcon_core.verb:set package 'ackermann_mux' build argument 'cmake_target_skip_unavailable' from command line to 'False'
[0.745s] Level 5:colcon.colcon_core.verb:set package 'ackermann_mux' build argument 'cmake_clean_cache' from command line to 'False'
[0.746s] Level 5:colcon.colcon_core.verb:set package 'ackermann_mux' build argument 'cmake_clean_first' from command line to 'False'
[0.746s] Level 5:colcon.colcon_core.verb:set package 'ackermann_mux' build argument 'cmake_force_configure' from command line to 'False'
[0.746s] Level 5:colcon.colcon_core.verb:set package 'ackermann_mux' build argument 'ament_cmake_args' from command line to 'None'
[0.746s] Level 5:colcon.colcon_core.verb:set package 'ackermann_mux' build argument 'catkin_cmake_args' from command line to 'None'
[0.746s] Level 5:colcon.colcon_core.verb:set package 'ackermann_mux' build argument 'catkin_skip_building_tests' from command line to 'False'
[0.746s] DEBUG:colcon.colcon_core.verb:Building package 'ackermann_mux' with the following arguments: {'ament_cmake_args': None, 'build_base': '/home/sh/projects/f1tenth_miru3/build/ackermann_mux', 'catkin_cmake_args': None, 'catkin_skip_building_tests': False, 'cmake_args': None, 'cmake_clean_cache': False, 'cmake_clean_first': False, 'cmake_force_configure': False, 'cmake_target': None, 'cmake_target_skip_unavailable': False, 'install_base': '/home/sh/projects/f1tenth_miru3/install/ackermann_mux', 'merge_install': False, 'path': '/home/sh/projects/f1tenth_miru3/src/f1tenth_system/ackermann_mux', 'symlink_install': True, 'test_result_base': None}
[0.746s] Level 5:colcon.colcon_core.verb:set package 'center_follow_cpp' build argument 'cmake_args' from command line to 'None'
[0.747s] Level 5:colcon.colcon_core.verb:set package 'center_follow_cpp' build argument 'cmake_target' from command line to 'None'
[0.747s] Level 5:colcon.colcon_core.verb:set package 'center_follow_cpp' build argument 'cmake_target_skip_unavailable' from command line to 'False'
[0.747s] Level 5:colcon.colcon_core.verb:set package 'center_follow_cpp' build argument 'cmake_clean_cache' from command line to 'False'
[0.747s] Level 5:colcon.colcon_core.verb:set package 'center_follow_cpp' build argument 'cmake_clean_first' from command line to 'False'
[0.747s] Level 5:colcon.colcon_core.verb:set package 'center_follow_cpp' build argument 'cmake_force_configure' from command line to 'False'
[0.747s] Level 5:colcon.colcon_core.verb:set package 'center_follow_cpp' build argument 'ament_cmake_args' from command line to 'None'
[0.747s] Level 5:colcon.colcon_core.verb:set package 'center_follow_cpp' build argument 'catkin_cmake_args' from command line to 'None'
[0.747s] Level 5:colcon.colcon_core.verb:set package 'center_follow_cpp' build argument 'catkin_skip_building_tests' from command line to 'False'
[0.747s] DEBUG:colcon.colcon_core.verb:Building package 'center_follow_cpp' with the following arguments: {'ament_cmake_args': None, 'build_base': '/home/sh/projects/f1tenth_miru3/build/center_follow_cpp', 'catkin_cmake_args': None, 'catkin_skip_building_tests': False, 'cmake_args': None, 'cmake_clean_cache': False, 'cmake_clean_first': False, 'cmake_force_configure': False, 'cmake_target': None, 'cmake_target_skip_unavailable': False, 'install_base': '/home/sh/projects/f1tenth_miru3/install/center_follow_cpp', 'merge_install': False, 'path': '/home/sh/projects/f1tenth_miru3/src/center_follow_cpp', 'symlink_install': True, 'test_result_base': None}
[0.747s] Level 5:colcon.colcon_core.verb:set package 'forza_map_controller' build argument 'cmake_args' from command line to 'None'
[0.747s] Level 5:colcon.colcon_core.verb:set package 'forza_map_controller' build argument 'cmake_target' from command line to 'None'
[0.748s] Level 5:colcon.colcon_core.verb:set package 'forza_map_controller' build argument 'cmake_target_skip_unavailable' from command line to 'False'
[0.748s] Level 5:colcon.colcon_core.verb:set package 'forza_map_controller' build argument 'cmake_clean_cache' from command line to 'False'
[0.748s] Level 5:colcon.colcon_core.verb:set package 'forza_map_controller' build argument 'cmake_clean_first' from command line to 'False'
[0.748s] Level 5:colcon.colcon_core.verb:set package 'forza_map_controller' build argument 'cmake_force_configure' from command line to 'False'
[0.748s] Level 5:colcon.colcon_core.verb:set package 'forza_map_controller' build argument 'ament_cmake_args' from command line to 'None'
[0.748s] Level 5:colcon.colcon_core.verb:set package 'forza_map_controller' build argument 'catkin_cmake_args' from command line to 'None'
[0.748s] Level 5:colcon.colcon_core.verb:set package 'forza_map_controller' build argument 'catkin_skip_building_tests' from command line to 'False'
[0.748s] DEBUG:colcon.colcon_core.verb:Building package 'forza_map_controller' with the following arguments: {'ament_cmake_args': None, 'build_base': '/home/sh/projects/f1tenth_miru3/build/forza_map_controller', 'catkin_cmake_args': None, 'catkin_skip_building_tests': False, 'cmake_args': None, 'cmake_clean_cache': False, 'cmake_clean_first': False, 'cmake_force_configure': False, 'cmake_target': None, 'cmake_target_skip_unavailable': False, 'install_base': '/home/sh/projects/f1tenth_miru3/install/forza_map_controller', 'merge_install': False, 'path': '/home/sh/projects/f1tenth_miru3/src/forza_map_controller', 'symlink_install': True, 'test_result_base': None}
[0.748s] Level 5:colcon.colcon_core.verb:set package 'key_teleop' build argument 'cmake_args' from command line to 'None'
[0.748s] Level 5:colcon.colcon_core.verb:set package 'key_teleop' build argument 'cmake_target' from command line to 'None'
[0.748s] Level 5:colcon.colcon_core.verb:set package 'key_teleop' build argument 'cmake_target_skip_unavailable' from command line to 'False'
[0.748s] Level 5:colcon.colcon_core.verb:set package 'key_teleop' build argument 'cmake_clean_cache' from command line to 'False'
[0.749s] Level 5:colcon.colcon_core.verb:set package 'key_teleop' build argument 'cmake_clean_first' from command line to 'False'
[0.749s] Level 5:colcon.colcon_core.verb:set package 'key_teleop' build argument 'cmake_force_configure' from command line to 'False'
[0.749s] Level 5:colcon.colcon_core.verb:set package 'key_teleop' build argument 'ament_cmake_args' from command line to 'None'
[0.749s] Level 5:colcon.colcon_core.verb:set package 'key_teleop' build argument 'catkin_cmake_args' from command line to 'None'
[0.749s] Level 5:colcon.colcon_core.verb:set package 'key_teleop' build argument 'catkin_skip_building_tests' from command line to 'False'
[0.749s] DEBUG:colcon.colcon_core.verb:Building package 'key_teleop' with the following arguments: {'ament_cmake_args': None, 'build_base': '/home/sh/projects/f1tenth_miru3/build/key_teleop', 'catkin_cmake_args': None, 'catkin_skip_building_tests': False, 'cmake_args': None, 'cmake_clean_cache': False, 'cmake_clean_first': False, 'cmake_force_configure': False, 'cmake_target': None, 'cmake_target_skip_unavailable': False, 'install_base': '/home/sh/projects/f1tenth_miru3/install/key_teleop', 'merge_install': False, 'path': '/home/sh/projects/f1tenth_miru3/src/f1tenth_system/teleop_tools/key_teleop', 'symlink_install': True, 'test_result_base': None}
[0.749s] Level 5:colcon.colcon_core.verb:set package 'map_controller' build argument 'cmake_args' from command line to 'None'
[0.749s] Level 5:colcon.colcon_core.verb:set package 'map_controller' build argument 'cmake_target' from command line to 'None'
[0.749s] Level 5:colcon.colcon_core.verb:set package 'map_controller' build argument 'cmake_target_skip_unavailable' from command line to 'False'
[0.749s] Level 5:colcon.colcon_core.verb:set package 'map_controller' build argument 'cmake_clean_cache' from command line to 'False'
[0.749s] Level 5:colcon.colcon_core.verb:set package 'map_controller' build argument 'cmake_clean_first' from command line to 'False'
[0.749s] Level 5:colcon.colcon_core.verb:set package 'map_controller' build argument 'cmake_force_configure' from command line to 'False'
[0.749s] Level 5:colcon.colcon_core.verb:set package 'map_controller' build argument 'ament_cmake_args' from command line to 'None'
[0.749s] Level 5:colcon.colcon_core.verb:set package 'map_controller' build argument 'catkin_cmake_args' from command line to 'None'
[0.750s] Level 5:colcon.colcon_core.verb:set package 'map_controller' build argument 'catkin_skip_building_tests' from command line to 'False'
[0.750s] DEBUG:colcon.colcon_core.verb:Building package 'map_controller' with the following arguments: {'ament_cmake_args': None, 'build_base': '/home/sh/projects/f1tenth_miru3/build/map_controller', 'catkin_cmake_args': None, 'catkin_skip_building_tests': False, 'cmake_args': None, 'cmake_clean_cache': False, 'cmake_clean_first': False, 'cmake_force_configure': False, 'cmake_target': None, 'cmake_target_skip_unavailable': False, 'install_base': '/home/sh/projects/f1tenth_miru3/install/map_controller', 'merge_install': False, 'path': '/home/sh/projects/f1tenth_miru3/src/map_controller', 'symlink_install': True, 'test_result_base': None}
[0.750s] Level 5:colcon.colcon_core.verb:set package 'mouse_teleop' build argument 'cmake_args' from command line to 'None'
[0.750s] Level 5:colcon.colcon_core.verb:set package 'mouse_teleop' build argument 'cmake_target' from command line to 'None'
[0.750s] Level 5:colcon.colcon_core.verb:set package 'mouse_teleop' build argument 'cmake_target_skip_unavailable' from command line to 'False'
[0.750s] Level 5:colcon.colcon_core.verb:set package 'mouse_teleop' build argument 'cmake_clean_cache' from command line to 'False'
[0.750s] Level 5:colcon.colcon_core.verb:set package 'mouse_teleop' build argument 'cmake_clean_first' from command line to 'False'
[0.750s] Level 5:colcon.colcon_core.verb:set package 'mouse_teleop' build argument 'cmake_force_configure' from command line to 'False'
[0.750s] Level 5:colcon.colcon_core.verb:set package 'mouse_teleop' build argument 'ament_cmake_args' from command line to 'None'
[0.750s] Level 5:colcon.colcon_core.verb:set package 'mouse_teleop' build argument 'catkin_cmake_args' from command line to 'None'
[0.750s] Level 5:colcon.colcon_core.verb:set package 'mouse_teleop' build argument 'catkin_skip_building_tests' from command line to 'False'
[0.750s] DEBUG:colcon.colcon_core.verb:Building package 'mouse_teleop' with the following arguments: {'ament_cmake_args': None, 'build_base': '/home/sh/projects/f1tenth_miru3/build/mouse_teleop', 'catkin_cmake_args': None, 'catkin_skip_building_tests': False, 'cmake_args': None, 'cmake_clean_cache': False, 'cmake_clean_first': False, 'cmake_force_configure': False, 'cmake_target': None, 'cmake_target_skip_unavailable': False, 'install_base': '/home/sh/projects/f1tenth_miru3/install/mouse_teleop', 'merge_install': False, 'path': '/home/sh/projects/f1tenth_miru3/src/f1tenth_system/teleop_tools/mouse_teleop', 'symlink_install': True, 'test_result_base': None}
[0.751s] Level 5:colcon.colcon_core.verb:set package 'path_follow' build argument 'cmake_args' from command line to 'None'
[0.751s] Level 5:colcon.colcon_core.verb:set package 'path_follow' build argument 'cmake_target' from command line to 'None'
[0.751s] Level 5:colcon.colcon_core.verb:set package 'path_follow' build argument 'cmake_target_skip_unavailable' from command line to 'False'
[0.751s] Level 5:colcon.colcon_core.verb:set package 'path_follow' build argument 'cmake_clean_cache' from command line to 'False'
[0.751s] Level 5:colcon.colcon_core.verb:set package 'path_follow' build argument 'cmake_clean_first' from command line to 'False'
[0.751s] Level 5:colcon.colcon_core.verb:set package 'path_follow' build argument 'cmake_force_configure' from command line to 'False'
[0.751s] Level 5:colcon.colcon_core.verb:set package 'path_follow' build argument 'ament_cmake_args' from command line to 'None'
[0.751s] Level 5:colcon.colcon_core.verb:set package 'path_follow' build argument 'catkin_cmake_args' from command line to 'None'
[0.751s] Level 5:colcon.colcon_core.verb:set package 'path_follow' build argument 'catkin_skip_building_tests' from command line to 'False'
[0.751s] DEBUG:colcon.colcon_core.verb:Building package 'path_follow' with the following arguments: {'ament_cmake_args': None, 'build_base': '/home/sh/projects/f1tenth_miru3/build/path_follow', 'catkin_cmake_args': None, 'catkin_skip_building_tests': False, 'cmake_args': None, 'cmake_clean_cache': False, 'cmake_clean_first': False, 'cmake_force_configure': False, 'cmake_target': None, 'cmake_target_skip_unavailable': False, 'install_base': '/home/sh/projects/f1tenth_miru3/install/path_follow', 'merge_install': False, 'path': '/home/sh/projects/f1tenth_miru3/src/path_follow', 'symlink_install': True, 'test_result_base': None}
[0.752s] Level 5:colcon.colcon_core.verb:set package 'pure_pursuit' build argument 'cmake_args' from command line to 'None'
[0.752s] Level 5:colcon.colcon_core.verb:set package 'pure_pursuit' build argument 'cmake_target' from command line to 'None'
[0.752s] Level 5:colcon.colcon_core.verb:set package 'pure_pursuit' build argument 'cmake_target_skip_unavailable' from command line to 'False'
[0.752s] Level 5:colcon.colcon_core.verb:set package 'pure_pursuit' build argument 'cmake_clean_cache' from command line to 'False'
[0.752s] Level 5:colcon.colcon_core.verb:set package 'pure_pursuit' build argument 'cmake_clean_first' from command line to 'False'
[0.752s] Level 5:colcon.colcon_core.verb:set package 'pure_pursuit' build argument 'cmake_force_configure' from command line to 'False'
[0.752s] Level 5:colcon.colcon_core.verb:set package 'pure_pursuit' build argument 'ament_cmake_args' from command line to 'None'
[0.752s] Level 5:colcon.colcon_core.verb:set package 'pure_pursuit' build argument 'catkin_cmake_args' from command line to 'None'
[0.752s] Level 5:colcon.colcon_core.verb:set package 'pure_pursuit' build argument 'catkin_skip_building_tests' from command line to 'False'
[0.752s] DEBUG:colcon.colcon_core.verb:Building package 'pure_pursuit' with the following arguments: {'ament_cmake_args': None, 'build_base': '/home/sh/projects/f1tenth_miru3/build/pure_pursuit', 'catkin_cmake_args': None, 'catkin_skip_building_tests': False, 'cmake_args': None, 'cmake_clean_cache': False, 'cmake_clean_first': False, 'cmake_force_configure': False, 'cmake_target': None, 'cmake_target_skip_unavailable': False, 'install_base': '/home/sh/projects/f1tenth_miru3/install/pure_pursuit', 'merge_install': False, 'path': '/home/sh/projects/f1tenth_miru3/src/pure_pursuit', 'symlink_install': True, 'test_result_base': None}
[0.753s] Level 5:colcon.colcon_core.verb:set package 'pygame_key_teleop' build argument 'cmake_args' from command line to 'None'
[0.753s] Level 5:colcon.colcon_core.verb:set package 'pygame_key_teleop' build argument 'cmake_target' from command line to 'None'
[0.753s] Level 5:colcon.colcon_core.verb:set package 'pygame_key_teleop' build argument 'cmake_target_skip_unavailable' from command line to 'False'
[0.753s] Level 5:colcon.colcon_core.verb:set package 'pygame_key_teleop' build argument 'cmake_clean_cache' from command line to 'False'
[0.753s] Level 5:colcon.colcon_core.verb:set package 'pygame_key_teleop' build argument 'cmake_clean_first' from command line to 'False'
[0.753s] Level 5:colcon.colcon_core.verb:set package 'pygame_key_teleop' build argument 'cmake_force_configure' from command line to 'False'
[0.753s] Level 5:colcon.colcon_core.verb:set package 'pygame_key_teleop' build argument 'ament_cmake_args' from command line to 'None'
[0.753s] Level 5:colcon.colcon_core.verb:set package 'pygame_key_teleop' build argument 'catkin_cmake_args' from command line to 'None'
[0.753s] Level 5:colcon.colcon_core.verb:set package 'pygame_key_teleop' build argument 'catkin_skip_building_tests' from command line to 'False'
[0.753s] DEBUG:colcon.colcon_core.verb:Building package 'pygame_key_teleop' with the following arguments: {'ament_cmake_args': None, 'build_base': '/home/sh/projects/f1tenth_miru3/build/pygame_key_teleop', 'catkin_cmake_args': None, 'catkin_skip_building_tests': False, 'cmake_args': None, 'cmake_clean_cache': False, 'cmake_clean_first': False, 'cmake_force_configure': False, 'cmake_target': None, 'cmake_target_skip_unavailable': False, 'install_base': '/home/sh/projects/f1tenth_miru3/install/pygame_key_teleop', 'merge_install': False, 'path': '/home/sh/projects/f1tenth_miru3/src/pygame_key_teleop', 'symlink_install': True, 'test_result_base': None}
[0.754s] Level 5:colcon.colcon_core.verb:set package 'teleop_tools_msgs' build argument 'cmake_args' from command line to 'None'
[0.754s] Level 5:colcon.colcon_core.verb:set package 'teleop_tools_msgs' build argument 'cmake_target' from command line to 'None'
[0.754s] Level 5:colcon.colcon_core.verb:set package 'teleop_tools_msgs' build argument 'cmake_target_skip_unavailable' from command line to 'False'
[0.754s] Level 5:colcon.colcon_core.verb:set package 'teleop_tools_msgs' build argument 'cmake_clean_cache' from command line to 'False'
[0.754s] Level 5:colcon.colcon_core.verb:set package 'teleop_tools_msgs' build argument 'cmake_clean_first' from command line to 'False'
[0.754s] Level 5:colcon.colcon_core.verb:set package 'teleop_tools_msgs' build argument 'cmake_force_configure' from command line to 'False'
[0.754s] Level 5:colcon.colcon_core.verb:set package 'teleop_tools_msgs' build argument 'ament_cmake_args' from command line to 'None'
[0.754s] Level 5:colcon.colcon_core.verb:set package 'teleop_tools_msgs' build argument 'catkin_cmake_args' from command line to 'None'
[0.754s] Level 5:colcon.colcon_core.verb:set package 'teleop_tools_msgs' build argument 'catkin_skip_building_tests' from command line to 'False'
[0.754s] DEBUG:colcon.colcon_core.verb:Building package 'teleop_tools_msgs' with the following arguments: {'ament_cmake_args': None, 'build_base': '/home/sh/projects/f1tenth_miru3/build/teleop_tools_msgs', 'catkin_cmake_args': None, 'catkin_skip_building_tests': False, 'cmake_args': None, 'cmake_clean_cache': False, 'cmake_clean_first': False, 'cmake_force_configure': False, 'cmake_target': None, 'cmake_target_skip_unavailable': False, 'install_base': '/home/sh/projects/f1tenth_miru3/install/teleop_tools_msgs', 'merge_install': False, 'path': '/home/sh/projects/f1tenth_miru3/src/f1tenth_system/teleop_tools/teleop_tools_msgs', 'symlink_install': True, 'test_result_base': None}
[0.754s] Level 5:colcon.colcon_core.verb:set package 'vesc_msgs' build argument 'cmake_args' from command line to 'None'
[0.755s] Level 5:colcon.colcon_core.verb:set package 'vesc_msgs' build argument 'cmake_target' from command line to 'None'
[0.755s] Level 5:colcon.colcon_core.verb:set package 'vesc_msgs' build argument 'cmake_target_skip_unavailable' from command line to 'False'
[0.755s] Level 5:colcon.colcon_core.verb:set package 'vesc_msgs' build argument 'cmake_clean_cache' from command line to 'False'
[0.755s] Level 5:colcon.colcon_core.verb:set package 'vesc_msgs' build argument 'cmake_clean_first' from command line to 'False'
[0.755s] Level 5:colcon.colcon_core.verb:set package 'vesc_msgs' build argument 'cmake_force_configure' from command line to 'False'
[0.755s] Level 5:colcon.colcon_core.verb:set package 'vesc_msgs' build argument 'ament_cmake_args' from command line to 'None'
[0.755s] Level 5:colcon.colcon_core.verb:set package 'vesc_msgs' build argument 'catkin_cmake_args' from command line to 'None'
[0.755s] Level 5:colcon.colcon_core.verb:set package 'vesc_msgs' build argument 'catkin_skip_building_tests' from command line to 'False'
[0.755s] DEBUG:colcon.colcon_core.verb:Building package 'vesc_msgs' with the following arguments: {'ament_cmake_args': None, 'build_base': '/home/sh/projects/f1tenth_miru3/build/vesc_msgs', 'catkin_cmake_args': None, 'catkin_skip_building_tests': False, 'cmake_args': None, 'cmake_clean_cache': False, 'cmake_clean_first': False, 'cmake_force_configure': False, 'cmake_target': None, 'cmake_target_skip_unavailable': False, 'install_base': '/home/sh/projects/f1tenth_miru3/install/vesc_msgs', 'merge_install': False, 'path': '/home/sh/projects/f1tenth_miru3/src/f1tenth_system/vesc/vesc_msgs', 'symlink_install': True, 'test_result_base': None}
[0.755s] Level 5:colcon.colcon_core.verb:set package 'joy_teleop' build argument 'cmake_args' from command line to 'None'
[0.755s] Level 5:colcon.colcon_core.verb:set package 'joy_teleop' build argument 'cmake_target' from command line to 'None'
[0.755s] Level 5:colcon.colcon_core.verb:set package 'joy_teleop' build argument 'cmake_target_skip_unavailable' from command line to 'False'
[0.756s] Level 5:colcon.colcon_core.verb:set package 'joy_teleop' build argument 'cmake_clean_cache' from command line to 'False'
[0.756s] Level 5:colcon.colcon_core.verb:set package 'joy_teleop' build argument 'cmake_clean_first' from command line to 'False'
[0.756s] Level 5:colcon.colcon_core.verb:set package 'joy_teleop' build argument 'cmake_force_configure' from command line to 'False'
[0.756s] Level 5:colcon.colcon_core.verb:set package 'joy_teleop' build argument 'ament_cmake_args' from command line to 'None'
[0.756s] Level 5:colcon.colcon_core.verb:set package 'joy_teleop' build argument 'catkin_cmake_args' from command line to 'None'
[0.756s] Level 5:colcon.colcon_core.verb:set package 'joy_teleop' build argument 'catkin_skip_building_tests' from command line to 'False'
[0.756s] DEBUG:colcon.colcon_core.verb:Building package 'joy_teleop' with the following arguments: {'ament_cmake_args': None, 'build_base': '/home/sh/projects/f1tenth_miru3/build/joy_teleop', 'catkin_cmake_args': None, 'catkin_skip_building_tests': False, 'cmake_args': None, 'cmake_clean_cache': False, 'cmake_clean_first': False, 'cmake_force_configure': False, 'cmake_target': None, 'cmake_target_skip_unavailable': False, 'install_base': '/home/sh/projects/f1tenth_miru3/install/joy_teleop', 'merge_install': False, 'path': '/home/sh/projects/f1tenth_miru3/src/f1tenth_system/teleop_tools/joy_teleop', 'symlink_install': True, 'test_result_base': None}
[0.756s] Level 5:colcon.colcon_core.verb:set package 'vesc_ackermann' build argument 'cmake_args' from command line to 'None'
[0.756s] Level 5:colcon.colcon_core.verb:set package 'vesc_ackermann' build argument 'cmake_target' from command line to 'None'
[0.756s] Level 5:colcon.colcon_core.verb:set package 'vesc_ackermann' build argument 'cmake_target_skip_unavailable' from command line to 'False'
[0.756s] Level 5:colcon.colcon_core.verb:set package 'vesc_ackermann' build argument 'cmake_clean_cache' from command line to 'False'
[0.756s] Level 5:colcon.colcon_core.verb:set package 'vesc_ackermann' build argument 'cmake_clean_first' from command line to 'False'
[0.756s] Level 5:colcon.colcon_core.verb:set package 'vesc_ackermann' build argument 'cmake_force_configure' from command line to 'False'
[0.756s] Level 5:colcon.colcon_core.verb:set package 'vesc_ackermann' build argument 'ament_cmake_args' from command line to 'None'
[0.757s] Level 5:colcon.colcon_core.verb:set package 'vesc_ackermann' build argument 'catkin_cmake_args' from command line to 'None'
[0.757s] Level 5:colcon.colcon_core.verb:set package 'vesc_ackermann' build argument 'catkin_skip_building_tests' from command line to 'False'
[0.757s] DEBUG:colcon.colcon_core.verb:Building package 'vesc_ackermann' with the following arguments: {'ament_cmake_args': None, 'build_base': '/home/sh/projects/f1tenth_miru3/build/vesc_ackermann', 'catkin_cmake_args': None, 'catkin_skip_building_tests': False, 'cmake_args': None, 'cmake_clean_cache': False, 'cmake_clean_first': False, 'cmake_force_configure': False, 'cmake_target': None, 'cmake_target_skip_unavailable': False, 'install_base': '/home/sh/projects/f1tenth_miru3/install/vesc_ackermann', 'merge_install': False, 'path': '/home/sh/projects/f1tenth_miru3/src/f1tenth_system/vesc/vesc_ackermann', 'symlink_install': True, 'test_result_base': None}
[0.757s] Level 5:colcon.colcon_core.verb:set package 'vesc_driver' build argument 'cmake_args' from command line to 'None'
[0.757s] Level 5:colcon.colcon_core.verb:set package 'vesc_driver' build argument 'cmake_target' from command line to 'None'
[0.757s] Level 5:colcon.colcon_core.verb:set package 'vesc_driver' build argument 'cmake_target_skip_unavailable' from command line to 'False'
[0.757s] Level 5:colcon.colcon_core.verb:set package 'vesc_driver' build argument 'cmake_clean_cache' from command line to 'False'
[0.757s] Level 5:colcon.colcon_core.verb:set package 'vesc_driver' build argument 'cmake_clean_first' from command line to 'False'
[0.757s] Level 5:colcon.colcon_core.verb:set package 'vesc_driver' build argument 'cmake_force_configure' from command line to 'False'
[0.757s] Level 5:colcon.colcon_core.verb:set package 'vesc_driver' build argument 'ament_cmake_args' from command line to 'None'
[0.757s] Level 5:colcon.colcon_core.verb:set package 'vesc_driver' build argument 'catkin_cmake_args' from command line to 'None'
[0.757s] Level 5:colcon.colcon_core.verb:set package 'vesc_driver' build argument 'catkin_skip_building_tests' from command line to 'False'
[0.757s] DEBUG:colcon.colcon_core.verb:Building package 'vesc_driver' with the following arguments: {'ament_cmake_args': None, 'build_base': '/home/sh/projects/f1tenth_miru3/build/vesc_driver', 'catkin_cmake_args': None, 'catkin_skip_building_tests': False, 'cmake_args': None, 'cmake_clean_cache': False, 'cmake_clean_first': False, 'cmake_force_configure': False, 'cmake_target': None, 'cmake_target_skip_unavailable': False, 'install_base': '/home/sh/projects/f1tenth_miru3/install/vesc_driver', 'merge_install': False, 'path': '/home/sh/projects/f1tenth_miru3/src/f1tenth_system/vesc/vesc_driver', 'symlink_install': True, 'test_result_base': None}
[0.758s] Level 5:colcon.colcon_core.verb:set package 'teleop_tools' build argument 'cmake_args' from command line to 'None'
[0.758s] Level 5:colcon.colcon_core.verb:set package 'teleop_tools' build argument 'cmake_target' from command line to 'None'
[0.758s] Level 5:colcon.colcon_core.verb:set package 'teleop_tools' build argument 'cmake_target_skip_unavailable' from command line to 'False'
[0.758s] Level 5:colcon.colcon_core.verb:set package 'teleop_tools' build argument 'cmake_clean_cache' from command line to 'False'
[0.758s] Level 5:colcon.colcon_core.verb:set package 'teleop_tools' build argument 'cmake_clean_first' from command line to 'False'
[0.758s] Level 5:colcon.colcon_core.verb:set package 'teleop_tools' build argument 'cmake_force_configure' from command line to 'False'
[0.758s] Level 5:colcon.colcon_core.verb:set package 'teleop_tools' build argument 'ament_cmake_args' from command line to 'None'
[0.758s] Level 5:colcon.colcon_core.verb:set package 'teleop_tools' build argument 'catkin_cmake_args' from command line to 'None'
[0.758s] Level 5:colcon.colcon_core.verb:set package 'teleop_tools' build argument 'catkin_skip_building_tests' from command line to 'False'
[0.758s] DEBUG:colcon.colcon_core.verb:Building package 'teleop_tools' with the following arguments: {'ament_cmake_args': None, 'build_base': '/home/sh/projects/f1tenth_miru3/build/teleop_tools', 'catkin_cmake_args': None, 'catkin_skip_building_tests': False, 'cmake_args': None, 'cmake_clean_cache': False, 'cmake_clean_first': False, 'cmake_force_configure': False, 'cmake_target': None, 'cmake_target_skip_unavailable': False, 'install_base': '/home/sh/projects/f1tenth_miru3/install/teleop_tools', 'merge_install': False, 'path': '/home/sh/projects/f1tenth_miru3/src/f1tenth_system/teleop_tools/teleop_tools', 'symlink_install': True, 'test_result_base': None}
[0.759s] Level 5:colcon.colcon_core.verb:set package 'vesc' build argument 'cmake_args' from command line to 'None'
[0.759s] Level 5:colcon.colcon_core.verb:set package 'vesc' build argument 'cmake_target' from command line to 'None'
[0.759s] Level 5:colcon.colcon_core.verb:set package 'vesc' build argument 'cmake_target_skip_unavailable' from command line to 'False'
[0.759s] Level 5:colcon.colcon_core.verb:set package 'vesc' build argument 'cmake_clean_cache' from command line to 'False'
[0.759s] Level 5:colcon.colcon_core.verb:set package 'vesc' build argument 'cmake_clean_first' from command line to 'False'
[0.759s] Level 5:colcon.colcon_core.verb:set package 'vesc' build argument 'cmake_force_configure' from command line to 'False'
[0.759s] Level 5:colcon.colcon_core.verb:set package 'vesc' build argument 'ament_cmake_args' from command line to 'None'
[0.759s] Level 5:colcon.colcon_core.verb:set package 'vesc' build argument 'catkin_cmake_args' from command line to 'None'
[0.759s] Level 5:colcon.colcon_core.verb:set package 'vesc' build argument 'catkin_skip_building_tests' from command line to 'False'
[0.759s] DEBUG:colcon.colcon_core.verb:Building package 'vesc' with the following arguments: {'ament_cmake_args': None, 'build_base': '/home/sh/projects/f1tenth_miru3/build/vesc', 'catkin_cmake_args': None, 'catkin_skip_building_tests': False, 'cmake_args': None, 'cmake_clean_cache': False, 'cmake_clean_first': False, 'cmake_force_configure': False, 'cmake_target': None, 'cmake_target_skip_unavailable': False, 'install_base': '/home/sh/projects/f1tenth_miru3/install/vesc', 'merge_install': False, 'path': '/home/sh/projects/f1tenth_miru3/src/f1tenth_system/vesc/vesc', 'symlink_install': True, 'test_result_base': None}
[0.760s] Level 5:colcon.colcon_core.verb:set package 'f1tenth_stack' build argument 'cmake_args' from command line to 'None'
[0.760s] Level 5:colcon.colcon_core.verb:set package 'f1tenth_stack' build argument 'cmake_target' from command line to 'None'
[0.760s] Level 5:colcon.colcon_core.verb:set package 'f1tenth_stack' build argument 'cmake_target_skip_unavailable' from command line to 'False'
[0.760s] Level 5:colcon.colcon_core.verb:set package 'f1tenth_stack' build argument 'cmake_clean_cache' from command line to 'False'
[0.760s] Level 5:colcon.colcon_core.verb:set package 'f1tenth_stack' build argument 'cmake_clean_first' from command line to 'False'
[0.760s] Level 5:colcon.colcon_core.verb:set package 'f1tenth_stack' build argument 'cmake_force_configure' from command line to 'False'
[0.760s] Level 5:colcon.colcon_core.verb:set package 'f1tenth_stack' build argument 'ament_cmake_args' from command line to 'None'
[0.760s] Level 5:colcon.colcon_core.verb:set package 'f1tenth_stack' build argument 'catkin_cmake_args' from command line to 'None'
[0.760s] Level 5:colcon.colcon_core.verb:set package 'f1tenth_stack' build argument 'catkin_skip_building_tests' from command line to 'False'
[0.760s] DEBUG:colcon.colcon_core.verb:Building package 'f1tenth_stack' with the following arguments: {'ament_cmake_args': None, 'build_base': '/home/sh/projects/f1tenth_miru3/build/f1tenth_stack', 'catkin_cmake_args': None, 'catkin_skip_building_tests': False, 'cmake_args': None, 'cmake_clean_cache': False, 'cmake_clean_first': False, 'cmake_force_configure': False, 'cmake_target': None, 'cmake_target_skip_unavailable': False, 'install_base': '/home/sh/projects/f1tenth_miru3/install/f1tenth_stack', 'merge_install': False, 'path': '/home/sh/projects/f1tenth_miru3/src/f1tenth_system/f1tenth_stack', 'symlink_install': True, 'test_result_base': None}
[0.761s] Level 5:colcon.colcon_core.verb:set package 'f1tenth_slam_nav' build argument 'cmake_args' from command line to 'None'
[0.761s] Level 5:colcon.colcon_core.verb:set package 'f1tenth_slam_nav' build argument 'cmake_target' from command line to 'None'
[0.761s] Level 5:colcon.colcon_core.verb:set package 'f1tenth_slam_nav' build argument 'cmake_target_skip_unavailable' from command line to 'False'
[0.761s] Level 5:colcon.colcon_core.verb:set package 'f1tenth_slam_nav' build argument 'cmake_clean_cache' from command line to 'False'
[0.761s] Level 5:colcon.colcon_core.verb:set package 'f1tenth_slam_nav' build argument 'cmake_clean_first' from command line to 'False'
[0.761s] Level 5:colcon.colcon_core.verb:set package 'f1tenth_slam_nav' build argument 'cmake_force_configure' from command line to 'False'
[0.761s] Level 5:colcon.colcon_core.verb:set package 'f1tenth_slam_nav' build argument 'ament_cmake_args' from command line to 'None'
[0.761s] Level 5:colcon.colcon_core.verb:set package 'f1tenth_slam_nav' build argument 'catkin_cmake_args' from command line to 'None'
[0.761s] Level 5:colcon.colcon_core.verb:set package 'f1tenth_slam_nav' build argument 'catkin_skip_building_tests' from command line to 'False'
[0.761s] DEBUG:colcon.colcon_core.verb:Building package 'f1tenth_slam_nav' with the following arguments: {'ament_cmake_args': None, 'build_base': '/home/sh/projects/f1tenth_miru3/build/f1tenth_slam_nav', 'catkin_cmake_args': None, 'catkin_skip_building_tests': False, 'cmake_args': None, 'cmake_clean_cache': False, 'cmake_clean_first': False, 'cmake_force_configure': False, 'cmake_target': None, 'cmake_target_skip_unavailable': False, 'install_base': '/home/sh/projects/f1tenth_miru3/install/f1tenth_slam_nav', 'merge_install': False, 'path': '/home/sh/projects/f1tenth_miru3/src/f1tenth_slam_nav', 'symlink_install': True, 'test_result_base': None}
[0.761s] INFO:colcon.colcon_core.executor:Executing jobs using 'parallel' executor
[0.763s] DEBUG:colcon.colcon_parallel_executor.executor.parallel:run_until_complete
[0.764s] INFO:colcon.colcon_ros.task.ament_cmake.build:Building ROS package in '/home/sh/projects/f1tenth_miru3/src/f1tenth_system/vesc/vesc_msgs' with build type 'ament_cmake'
[0.764s] INFO:colcon.colcon_cmake.task.cmake.build:Building CMake package in '/home/sh/projects/f1tenth_miru3/src/f1tenth_system/vesc/vesc_msgs'
[0.769s] INFO:colcon.colcon_core.plugin_system:Skipping extension 'colcon_core.shell.bat': Not used on non-Windows systems
[0.769s] INFO:colcon.colcon_core.shell:Skip shell extension 'powershell' for command environment: Not usable outside of PowerShell
[0.769s] DEBUG:colcon.colcon_core.shell:Skip shell extension 'dsv' for command environment
[0.775s] INFO:colcon.colcon_ros.task.ament_cmake.build:Building ROS package in '/home/sh/projects/f1tenth_miru3/src/f1tenth_system/teleop_tools/teleop_tools_msgs' with build type 'ament_cmake'
[0.776s] INFO:colcon.colcon_cmake.task.cmake.build:Building CMake package in '/home/sh/projects/f1tenth_miru3/src/f1tenth_system/teleop_tools/teleop_tools_msgs'
[0.776s] INFO:colcon.colcon_core.shell:Skip shell extension 'powershell' for command environment: Not usable outside of PowerShell
[0.776s] DEBUG:colcon.colcon_core.shell:Skip shell extension 'dsv' for command environment
[0.782s] INFO:colcon.colcon_ros.task.ament_cmake.build:Building ROS package in '/home/sh/projects/f1tenth_miru3/src/f1tenth_system/ackermann_mux' with build type 'ament_cmake'
[0.783s] INFO:colcon.colcon_cmake.task.cmake.build:Building CMake package in '/home/sh/projects/f1tenth_miru3/src/f1tenth_system/ackermann_mux'
[0.783s] INFO:colcon.colcon_core.shell:Skip shell extension 'powershell' for command environment: Not usable outside of PowerShell
[0.783s] DEBUG:colcon.colcon_core.shell:Skip shell extension 'dsv' for command environment
[0.789s] INFO:colcon.colcon_ros.task.ament_python.build:Building ROS package in '/home/sh/projects/f1tenth_miru3/src/f1tenth_system/teleop_tools/key_teleop' with build type 'ament_python'
[0.789s] Level 1:colcon.colcon_core.shell:create_environment_hook('key_teleop', 'ament_prefix_path')
[0.790s] INFO:colcon.colcon_core.shell:Creating environment hook '/home/sh/projects/f1tenth_miru3/install/key_teleop/share/key_teleop/hook/ament_prefix_path.ps1'
[0.792s] INFO:colcon.colcon_core.shell:Creating environment descriptor '/home/sh/projects/f1tenth_miru3/install/key_teleop/share/key_teleop/hook/ament_prefix_path.dsv'
[0.793s] INFO:colcon.colcon_core.shell:Creating environment hook '/home/sh/projects/f1tenth_miru3/install/key_teleop/share/key_teleop/hook/ament_prefix_path.sh'
[0.795s] INFO:colcon.colcon_core.shell:Skip shell extension 'powershell' for command environment: Not usable outside of PowerShell
[0.795s] DEBUG:colcon.colcon_core.shell:Skip shell extension 'dsv' for command environment
[0.801s] INFO:colcon.colcon_ros.task.ament_cmake.build:Building ROS package in '/home/sh/projects/f1tenth_miru3/src/center_follow_cpp' with build type 'ament_cmake'
[0.801s] INFO:colcon.colcon_cmake.task.cmake.build:Building CMake package in '/home/sh/projects/f1tenth_miru3/src/center_follow_cpp'
[0.802s] INFO:colcon.colcon_core.shell:Skip shell extension 'powershell' for command environment: Not usable outside of PowerShell
[0.802s] DEBUG:colcon.colcon_core.shell:Skip shell extension 'dsv' for command environment
[0.809s] INFO:colcon.colcon_ros.task.ament_python.build:Building ROS package in '/home/sh/projects/f1tenth_miru3/src/forza_map_controller' with build type 'ament_python'
[0.809s] Level 1:colcon.colcon_core.shell:create_environment_hook('forza_map_controller', 'ament_prefix_path')
[0.810s] INFO:colcon.colcon_core.shell:Creating environment hook '/home/sh/projects/f1tenth_miru3/install/forza_map_controller/share/forza_map_controller/hook/ament_prefix_path.ps1'
[0.811s] INFO:colcon.colcon_core.shell:Creating environment descriptor '/home/sh/projects/f1tenth_miru3/install/forza_map_controller/share/forza_map_controller/hook/ament_prefix_path.dsv'
[0.812s] INFO:colcon.colcon_core.shell:Creating environment hook '/home/sh/projects/f1tenth_miru3/install/forza_map_controller/share/forza_map_controller/hook/ament_prefix_path.sh'
[0.813s] INFO:colcon.colcon_core.shell:Skip shell extension 'powershell' for command environment: Not usable outside of PowerShell
[0.813s] DEBUG:colcon.colcon_core.shell:Skip shell extension 'dsv' for command environment
[0.821s] INFO:colcon.colcon_ros.task.ament_cmake.build:Building ROS package in '/home/sh/projects/f1tenth_miru3/src/map_controller' with build type 'ament_cmake'
[0.821s] INFO:colcon.colcon_cmake.task.cmake.build:Building CMake package in '/home/sh/projects/f1tenth_miru3/src/map_controller'
[0.822s] INFO:colcon.colcon_core.shell:Skip shell extension 'powershell' for command environment: Not usable outside of PowerShell
[0.822s] DEBUG:colcon.colcon_core.shell:Skip shell extension 'dsv' for command environment
[0.831s] INFO:colcon.colcon_ros.task.ament_python.build:Building ROS package in '/home/sh/projects/f1tenth_miru3/src/f1tenth_system/teleop_tools/mouse_teleop' with build type 'ament_python'
[0.831s] Level 1:colcon.colcon_core.shell:create_environment_hook('mouse_teleop', 'ament_prefix_path')
[0.832s] INFO:colcon.colcon_core.shell:Creating environment hook '/home/sh/projects/f1tenth_miru3/install/mouse_teleop/share/mouse_teleop/hook/ament_prefix_path.ps1'
[0.834s] INFO:colcon.colcon_core.shell:Creating environment descriptor '/home/sh/projects/f1tenth_miru3/install/mouse_teleop/share/mouse_teleop/hook/ament_prefix_path.dsv'
[0.835s] INFO:colcon.colcon_core.shell:Creating environment hook '/home/sh/projects/f1tenth_miru3/install/mouse_teleop/share/mouse_teleop/hook/ament_prefix_path.sh'
[0.836s] INFO:colcon.colcon_core.shell:Skip shell extension 'powershell' for command environment: Not usable outside of PowerShell
[0.836s] DEBUG:colcon.colcon_core.shell:Skip shell extension 'dsv' for command environment
[0.843s] INFO:colcon.colcon_ros.task.ament_cmake.build:Building ROS package in '/home/sh/projects/f1tenth_miru3/src/path_follow' with build type 'ament_cmake'
[0.844s] INFO:colcon.colcon_cmake.task.cmake.build:Building CMake package in '/home/sh/projects/f1tenth_miru3/src/path_follow'
[0.844s] INFO:colcon.colcon_core.shell:Skip shell extension 'powershell' for command environment: Not usable outside of PowerShell
[0.844s] DEBUG:colcon.colcon_core.shell:Skip shell extension 'dsv' for command environment
[0.851s] INFO:colcon.colcon_ros.task.ament_cmake.build:Building ROS package in '/home/sh/projects/f1tenth_miru3/src/pure_pursuit' with build type 'ament_cmake'
[0.851s] INFO:colcon.colcon_cmake.task.cmake.build:Building CMake package in '/home/sh/projects/f1tenth_miru3/src/pure_pursuit'
[0.851s] INFO:colcon.colcon_core.shell:Skip shell extension 'powershell' for command environment: Not usable outside of PowerShell
[0.851s] DEBUG:colcon.colcon_core.shell:Skip shell extension 'dsv' for command environment
[0.858s] INFO:colcon.colcon_ros.task.ament_python.build:Building ROS package in '/home/sh/projects/f1tenth_miru3/src/pygame_key_teleop' with build type 'ament_python'
[0.858s] Level 1:colcon.colcon_core.shell:create_environment_hook('pygame_key_teleop', 'ament_prefix_path')
[0.859s] INFO:colcon.colcon_core.shell:Creating environment hook '/home/sh/projects/f1tenth_miru3/install/pygame_key_teleop/share/pygame_key_teleop/hook/ament_prefix_path.ps1'
[0.860s] INFO:colcon.colcon_core.shell:Creating environment descriptor '/home/sh/projects/f1tenth_miru3/install/pygame_key_teleop/share/pygame_key_teleop/hook/ament_prefix_path.dsv'
[0.860s] INFO:colcon.colcon_core.shell:Creating environment hook '/home/sh/projects/f1tenth_miru3/install/pygame_key_teleop/share/pygame_key_teleop/hook/ament_prefix_path.sh'
[0.861s] INFO:colcon.colcon_core.shell:Skip shell extension 'powershell' for command environment: Not usable outside of PowerShell
[0.861s] DEBUG:colcon.colcon_core.shell:Skip shell extension 'dsv' for command environment
[0.880s] DEBUG:colcon.colcon_core.event_handler.log_command:Invoking command in '/home/sh/projects/f1tenth_miru3/build/vesc_msgs': CMAKE_PREFIX_PATH=${CMAKE_PREFIX_PATH}:/home/sh/f1tenth_ws/install/f1tenth_gym_ros:/home/sh/projects/f1tenth_miru3/install/f1tenth_stack:/home/sh/projects/f1tenth_miru3/install/joy_teleop:/home/sh/projects/f1tenth_miru3/install/pygame_key_teleop:/home/sh/projects/f1tenth_miru3/install/mouse_teleop:/home/sh/projects/f1tenth_miru3/install/key_teleop:/home/sh/projects/f1tenth_miru3/install/forza_map_controller:/home/sh/projects/f1tenth_miru3/install/f1tenth_path_planner:/opt/ros/humble /usr/bin/cmake /home/sh/projects/f1tenth_miru3/src/f1tenth_system/vesc/vesc_msgs -DAMENT_CMAKE_SYMLINK_INSTALL=1 -DCMAKE_INSTALL_PREFIX=/home/sh/projects/f1tenth_miru3/install/vesc_msgs
[0.886s] DEBUG:colcon.colcon_core.event_handler.log_command:Invoking command in '/home/sh/projects/f1tenth_miru3/build/teleop_tools_msgs': CMAKE_PREFIX_PATH=${CMAKE_PREFIX_PATH}:/home/sh/f1tenth_ws/install/f1tenth_gym_ros:/home/sh/projects/f1tenth_miru3/install/f1tenth_stack:/home/sh/projects/f1tenth_miru3/install/joy_teleop:/home/sh/projects/f1tenth_miru3/install/pygame_key_teleop:/home/sh/projects/f1tenth_miru3/install/mouse_teleop:/home/sh/projects/f1tenth_miru3/install/key_teleop:/home/sh/projects/f1tenth_miru3/install/forza_map_controller:/home/sh/projects/f1tenth_miru3/install/f1tenth_path_planner:/opt/ros/humble /usr/bin/cmake /home/sh/projects/f1tenth_miru3/src/f1tenth_system/teleop_tools/teleop_tools_msgs -DAMENT_CMAKE_SYMLINK_INSTALL=1 -DCMAKE_INSTALL_PREFIX=/home/sh/projects/f1tenth_miru3/install/teleop_tools_msgs
[0.892s] DEBUG:colcon.colcon_core.event_handler.log_command:Invoking command in '/home/sh/projects/f1tenth_miru3/build/ackermann_mux': CMAKE_PREFIX_PATH=${CMAKE_PREFIX_PATH}:/home/sh/f1tenth_ws/install/f1tenth_gym_ros:/home/sh/projects/f1tenth_miru3/install/f1tenth_stack:/home/sh/projects/f1tenth_miru3/install/joy_teleop:/home/sh/projects/f1tenth_miru3/install/pygame_key_teleop:/home/sh/projects/f1tenth_miru3/install/mouse_teleop:/home/sh/projects/f1tenth_miru3/install/key_teleop:/home/sh/projects/f1tenth_miru3/install/forza_map_controller:/home/sh/projects/f1tenth_miru3/install/f1tenth_path_planner:/opt/ros/humble /usr/bin/cmake /home/sh/projects/f1tenth_miru3/src/f1tenth_system/ackermann_mux -DAMENT_CMAKE_SYMLINK_INSTALL=1 -DCMAKE_INSTALL_PREFIX=/home/sh/projects/f1tenth_miru3/install/ackermann_mux
[1.530s] INFO:colcon.colcon_core.task.python.build:Building Python package in '/home/sh/projects/f1tenth_miru3/src/f1tenth_system/teleop_tools/key_teleop'
[1.531s] INFO:colcon.colcon_core.shell:Skip shell extension 'powershell' for command environment: Not usable outside of PowerShell
[1.532s] DEBUG:colcon.colcon_core.shell:Skip shell extension 'dsv' for command environment
[1.549s] DEBUG:colcon.colcon_core.event_handler.log_command:Invoking command in '/home/sh/projects/f1tenth_miru3/build/center_follow_cpp': CMAKE_PREFIX_PATH=${CMAKE_PREFIX_PATH}:/home/sh/f1tenth_ws/install/f1tenth_gym_ros:/home/sh/projects/f1tenth_miru3/install/f1tenth_stack:/home/sh/projects/f1tenth_miru3/install/joy_teleop:/home/sh/projects/f1tenth_miru3/install/pygame_key_teleop:/home/sh/projects/f1tenth_miru3/install/mouse_teleop:/home/sh/projects/f1tenth_miru3/install/key_teleop:/home/sh/projects/f1tenth_miru3/install/forza_map_controller:/home/sh/projects/f1tenth_miru3/install/f1tenth_path_planner:/opt/ros/humble /usr/bin/cmake /home/sh/projects/f1tenth_miru3/src/center_follow_cpp -DAMENT_CMAKE_SYMLINK_INSTALL=1 -DCMAKE_INSTALL_PREFIX=/home/sh/projects/f1tenth_miru3/install/center_follow_cpp
[2.215s] INFO:colcon.colcon_core.task.python.build:Building Python package in '/home/sh/projects/f1tenth_miru3/src/forza_map_controller'
[2.216s] INFO:colcon.colcon_core.shell:Skip shell extension 'powershell' for command environment: Not usable outside of PowerShell
[2.216s] DEBUG:colcon.colcon_core.shell:Skip shell extension 'dsv' for command environment
[2.231s] DEBUG:colcon.colcon_core.event_handler.log_command:Invoking command in '/home/sh/projects/f1tenth_miru3/build/map_controller': CMAKE_PREFIX_PATH=${CMAKE_PREFIX_PATH}:/home/sh/f1tenth_ws/install/f1tenth_gym_ros:/home/sh/projects/f1tenth_miru3/install/f1tenth_stack:/home/sh/projects/f1tenth_miru3/install/joy_teleop:/home/sh/projects/f1tenth_miru3/install/pygame_key_teleop:/home/sh/projects/f1tenth_miru3/install/mouse_teleop:/home/sh/projects/f1tenth_miru3/install/key_teleop:/home/sh/projects/f1tenth_miru3/install/forza_map_controller:/home/sh/projects/f1tenth_miru3/install/f1tenth_path_planner:/opt/ros/humble /usr/bin/cmake /home/sh/projects/f1tenth_miru3/src/map_controller -DAMENT_CMAKE_SYMLINK_INSTALL=1 -DCMAKE_INSTALL_PREFIX=/home/sh/projects/f1tenth_miru3/install/map_controller
[2.762s] INFO:colcon.colcon_core.task.python.build:Building Python package in '/home/sh/projects/f1tenth_miru3/src/f1tenth_system/teleop_tools/mouse_teleop'
[2.763s] INFO:colcon.colcon_core.shell:Skip shell extension 'powershell' for command environment: Not usable outside of PowerShell
[2.763s] DEBUG:colcon.colcon_core.shell:Skip shell extension 'dsv' for command environment
[2.786s] DEBUG:colcon.colcon_core.event_handler.log_command:Invoking command in '/home/sh/projects/f1tenth_miru3/build/path_follow': CMAKE_PREFIX_PATH=${CMAKE_PREFIX_PATH}:/home/sh/f1tenth_ws/install/f1tenth_gym_ros:/home/sh/projects/f1tenth_miru3/install/f1tenth_stack:/home/sh/projects/f1tenth_miru3/install/joy_teleop:/home/sh/projects/f1tenth_miru3/install/pygame_key_teleop:/home/sh/projects/f1tenth_miru3/install/mouse_teleop:/home/sh/projects/f1tenth_miru3/install/key_teleop:/home/sh/projects/f1tenth_miru3/install/forza_map_controller:/home/sh/projects/f1tenth_miru3/install/f1tenth_path_planner:/opt/ros/humble /usr/bin/cmake /home/sh/projects/f1tenth_miru3/src/path_follow -DAMENT_CMAKE_SYMLINK_INSTALL=1 -DCMAKE_INSTALL_PREFIX=/home/sh/projects/f1tenth_miru3/install/path_follow
[2.796s] DEBUG:colcon.colcon_core.event_handler.log_command:Invoking command in '/home/sh/projects/f1tenth_miru3/build/pure_pursuit': CMAKE_PREFIX_PATH=${CMAKE_PREFIX_PATH}:/home/sh/f1tenth_ws/install/f1tenth_gym_ros:/home/sh/projects/f1tenth_miru3/install/f1tenth_stack:/home/sh/projects/f1tenth_miru3/install/joy_teleop:/home/sh/projects/f1tenth_miru3/install/pygame_key_teleop:/home/sh/projects/f1tenth_miru3/install/mouse_teleop:/home/sh/projects/f1tenth_miru3/install/key_teleop:/home/sh/projects/f1tenth_miru3/install/forza_map_controller:/home/sh/projects/f1tenth_miru3/install/f1tenth_path_planner:/opt/ros/humble /usr/bin/cmake /home/sh/projects/f1tenth_miru3/src/pure_pursuit -DAMENT_CMAKE_SYMLINK_INSTALL=1 -DCMAKE_INSTALL_PREFIX=/home/sh/projects/f1tenth_miru3/install/pure_pursuit
[3.370s] INFO:colcon.colcon_core.task.python.build:Building Python package in '/home/sh/projects/f1tenth_miru3/src/pygame_key_teleop'
[3.371s] INFO:colcon.colcon_core.shell:Skip shell extension 'powershell' for command environment: Not usable outside of PowerShell
[3.371s] DEBUG:colcon.colcon_core.shell:Skip shell extension 'dsv' for command environment
[4.445s] DEBUG:colcon.colcon_core.event_handler.log_command:Invoking command in '/home/sh/projects/f1tenth_miru3/build/key_teleop': PYTHONPATH=/home/sh/projects/f1tenth_miru3/build/key_teleop/prefix_override:/usr/lib/python3/dist-packages/colcon_core/task/python/colcon_distutils_commands:/home/sh/projects/f1tenth_miru3/install/key_teleop/lib/python3.10/site-packages:${PYTHONPATH} /usr/bin/python3 -W ignore:setup.py install is deprecated -W ignore:easy_install command is deprecated setup.py develop --editable --build-directory /home/sh/projects/f1tenth_miru3/build/key_teleop/build --no-deps symlink_data
[4.503s] DEBUG:colcon.colcon_core.event_handler.log_command:Invoked command in '/home/sh/projects/f1tenth_miru3/build/ackermann_mux' returned '0': CMAKE_PREFIX_PATH=${CMAKE_PREFIX_PATH}:/home/sh/f1tenth_ws/install/f1tenth_gym_ros:/home/sh/projects/f1tenth_miru3/install/f1tenth_stack:/home/sh/projects/f1tenth_miru3/install/joy_teleop:/home/sh/projects/f1tenth_miru3/install/pygame_key_teleop:/home/sh/projects/f1tenth_miru3/install/mouse_teleop:/home/sh/projects/f1tenth_miru3/install/key_teleop:/home/sh/projects/f1tenth_miru3/install/forza_map_controller:/home/sh/projects/f1tenth_miru3/install/f1tenth_path_planner:/opt/ros/humble /usr/bin/cmake /home/sh/projects/f1tenth_miru3/src/f1tenth_system/ackermann_mux -DAMENT_CMAKE_SYMLINK_INSTALL=1 -DCMAKE_INSTALL_PREFIX=/home/sh/projects/f1tenth_miru3/install/ackermann_mux
[4.510s] DEBUG:colcon.colcon_core.event_handler.log_command:Invoking command in '/home/sh/projects/f1tenth_miru3/build/ackermann_mux': CMAKE_PREFIX_PATH=${CMAKE_PREFIX_PATH}:/home/sh/f1tenth_ws/install/f1tenth_gym_ros:/home/sh/projects/f1tenth_miru3/install/f1tenth_stack:/home/sh/projects/f1tenth_miru3/install/joy_teleop:/home/sh/projects/f1tenth_miru3/install/pygame_key_teleop:/home/sh/projects/f1tenth_miru3/install/mouse_teleop:/home/sh/projects/f1tenth_miru3/install/key_teleop:/home/sh/projects/f1tenth_miru3/install/forza_map_controller:/home/sh/projects/f1tenth_miru3/install/f1tenth_path_planner:/opt/ros/humble /usr/bin/cmake --build /home/sh/projects/f1tenth_miru3/build/ackermann_mux -- -j16 -l16
[4.613s] DEBUG:colcon.colcon_core.event_handler.log_command:Invoking command in '/home/sh/projects/f1tenth_miru3/build/forza_map_controller': PYTHONPATH=/home/sh/projects/f1tenth_miru3/build/forza_map_controller/prefix_override:/usr/lib/python3/dist-packages/colcon_core/task/python/colcon_distutils_commands:/home/sh/projects/f1tenth_miru3/install/forza_map_controller/lib/python3.10/site-packages:${PYTHONPATH} /usr/bin/python3 -W ignore:setup.py install is deprecated -W ignore:easy_install command is deprecated setup.py develop --editable --build-directory /home/sh/projects/f1tenth_miru3/build/forza_map_controller/build --no-deps symlink_data
[4.630s] DEBUG:colcon.colcon_core.event_handler.log_command:Invoking command in '/home/sh/projects/f1tenth_miru3/build/mouse_teleop': PYTHONPATH=/home/sh/projects/f1tenth_miru3/build/mouse_teleop/prefix_override:/usr/lib/python3/dist-packages/colcon_core/task/python/colcon_distutils_commands:/home/sh/projects/f1tenth_miru3/install/mouse_teleop/lib/python3.10/site-packages:${PYTHONPATH} /usr/bin/python3 -W ignore:setup.py install is deprecated -W ignore:easy_install command is deprecated setup.py develop --editable --build-directory /home/sh/projects/f1tenth_miru3/build/mouse_teleop/build --no-deps symlink_data
[4.661s] DEBUG:colcon.colcon_core.event_handler.log_command:Invoking command in '/home/sh/projects/f1tenth_miru3/build/pygame_key_teleop': PYTHONPATH=/home/sh/projects/f1tenth_miru3/build/pygame_key_teleop/prefix_override:/usr/lib/python3/dist-packages/colcon_core/task/python/colcon_distutils_commands:/home/sh/projects/f1tenth_miru3/install/pygame_key_teleop/lib/python3.10/site-packages:${PYTHONPATH} /usr/bin/python3 -W ignore:setup.py install is deprecated -W ignore:easy_install command is deprecated setup.py develop --editable --build-directory /home/sh/projects/f1tenth_miru3/build/pygame_key_teleop/build --no-deps symlink_data
[5.071s] DEBUG:colcon.colcon_core.event_handler.log_command:Invoked command in '/home/sh/projects/f1tenth_miru3/build/center_follow_cpp' returned '0': CMAKE_PREFIX_PATH=${CMAKE_PREFIX_PATH}:/home/sh/f1tenth_ws/install/f1tenth_gym_ros:/home/sh/projects/f1tenth_miru3/install/f1tenth_stack:/home/sh/projects/f1tenth_miru3/install/joy_teleop:/home/sh/projects/f1tenth_miru3/install/pygame_key_teleop:/home/sh/projects/f1tenth_miru3/install/mouse_teleop:/home/sh/projects/f1tenth_miru3/install/key_teleop:/home/sh/projects/f1tenth_miru3/install/forza_map_controller:/home/sh/projects/f1tenth_miru3/install/f1tenth_path_planner:/opt/ros/humble /usr/bin/cmake /home/sh/projects/f1tenth_miru3/src/center_follow_cpp -DAMENT_CMAKE_SYMLINK_INSTALL=1 -DCMAKE_INSTALL_PREFIX=/home/sh/projects/f1tenth_miru3/install/center_follow_cpp
[5.073s] DEBUG:colcon.colcon_core.event_handler.log_command:Invoking command in '/home/sh/projects/f1tenth_miru3/build/center_follow_cpp': CMAKE_PREFIX_PATH=${CMAKE_PREFIX_PATH}:/home/sh/f1tenth_ws/install/f1tenth_gym_ros:/home/sh/projects/f1tenth_miru3/install/f1tenth_stack:/home/sh/projects/f1tenth_miru3/install/joy_teleop:/home/sh/projects/f1tenth_miru3/install/pygame_key_teleop:/home/sh/projects/f1tenth_miru3/install/mouse_teleop:/home/sh/projects/f1tenth_miru3/install/key_teleop:/home/sh/projects/f1tenth_miru3/install/forza_map_controller:/home/sh/projects/f1tenth_miru3/install/f1tenth_path_planner:/opt/ros/humble /usr/bin/cmake --build /home/sh/projects/f1tenth_miru3/build/center_follow_cpp -- -j16 -l16
[5.490s] DEBUG:colcon.colcon_core.event_handler.log_command:Invoked command in '/home/sh/projects/f1tenth_miru3/build/teleop_tools_msgs' returned '0': CMAKE_PREFIX_PATH=${CMAKE_PREFIX_PATH}:/home/sh/f1tenth_ws/install/f1tenth_gym_ros:/home/sh/projects/f1tenth_miru3/install/f1tenth_stack:/home/sh/projects/f1tenth_miru3/install/joy_teleop:/home/sh/projects/f1tenth_miru3/install/pygame_key_teleop:/home/sh/projects/f1tenth_miru3/install/mouse_teleop:/home/sh/projects/f1tenth_miru3/install/key_teleop:/home/sh/projects/f1tenth_miru3/install/forza_map_controller:/home/sh/projects/f1tenth_miru3/install/f1tenth_path_planner:/opt/ros/humble /usr/bin/cmake /home/sh/projects/f1tenth_miru3/src/f1tenth_system/teleop_tools/teleop_tools_msgs -DAMENT_CMAKE_SYMLINK_INSTALL=1 -DCMAKE_INSTALL_PREFIX=/home/sh/projects/f1tenth_miru3/install/teleop_tools_msgs
[5.492s] DEBUG:colcon.colcon_core.event_handler.log_command:Invoking command in '/home/sh/projects/f1tenth_miru3/build/teleop_tools_msgs': CMAKE_PREFIX_PATH=${CMAKE_PREFIX_PATH}:/home/sh/f1tenth_ws/install/f1tenth_gym_ros:/home/sh/projects/f1tenth_miru3/install/f1tenth_stack:/home/sh/projects/f1tenth_miru3/install/joy_teleop:/home/sh/projects/f1tenth_miru3/install/pygame_key_teleop:/home/sh/projects/f1tenth_miru3/install/mouse_teleop:/home/sh/projects/f1tenth_miru3/install/key_teleop:/home/sh/projects/f1tenth_miru3/install/forza_map_controller:/home/sh/projects/f1tenth_miru3/install/f1tenth_path_planner:/opt/ros/humble /usr/bin/cmake --build /home/sh/projects/f1tenth_miru3/build/teleop_tools_msgs -- -j16 -l16
[6.022s] Level 1:colcon.colcon_core.shell:create_environment_hook('key_teleop', 'pythonpath_develop')
[6.023s] DEBUG:colcon.colcon_core.event_handler.log_command:Invoked command in '/home/sh/projects/f1tenth_miru3/build/key_teleop' returned '0': PYTHONPATH=/home/sh/projects/f1tenth_miru3/build/key_teleop/prefix_override:/usr/lib/python3/dist-packages/colcon_core/task/python/colcon_distutils_commands:/home/sh/projects/f1tenth_miru3/install/key_teleop/lib/python3.10/site-packages:${PYTHONPATH} /usr/bin/python3 -W ignore:setup.py install is deprecated -W ignore:easy_install command is deprecated setup.py develop --editable --build-directory /home/sh/projects/f1tenth_miru3/build/key_teleop/build --no-deps symlink_data
[6.028s] INFO:colcon.colcon_core.shell:Creating environment hook '/home/sh/projects/f1tenth_miru3/build/key_teleop/share/key_teleop/hook/pythonpath_develop.ps1'
[6.031s] INFO:colcon.colcon_core.shell:Creating environment descriptor '/home/sh/projects/f1tenth_miru3/build/key_teleop/share/key_teleop/hook/pythonpath_develop.dsv'
[6.035s] INFO:colcon.colcon_core.shell:Creating environment hook '/home/sh/projects/f1tenth_miru3/build/key_teleop/share/key_teleop/hook/pythonpath_develop.sh'
[6.061s] Level 1:colcon.colcon_core.environment:checking '/home/sh/projects/f1tenth_miru3/install/key_teleop' for CMake module files
[6.063s] Level 1:colcon.colcon_core.environment:checking '/home/sh/projects/f1tenth_miru3/install/key_teleop' for CMake config files
[6.069s] Level 1:colcon.colcon_core.environment:checking '/home/sh/projects/f1tenth_miru3/install/key_teleop/lib'
[6.073s] Level 1:colcon.colcon_core.environment:checking '/home/sh/projects/f1tenth_miru3/install/key_teleop/bin'
[6.073s] Level 1:colcon.colcon_core.environment:checking '/home/sh/projects/f1tenth_miru3/install/key_teleop/lib/pkgconfig/key_teleop.pc'
[6.075s] Level 1:colcon.colcon_core.environment:checking '/home/sh/projects/f1tenth_miru3/install/key_teleop/lib/python3.10/site-packages'
[6.075s] Level 1:colcon.colcon_core.shell:create_environment_hook('key_teleop', 'pythonpath')
[6.081s] INFO:colcon.colcon_core.shell:Creating environment hook '/home/sh/projects/f1tenth_miru3/install/key_teleop/share/key_teleop/hook/pythonpath.ps1'
[6.083s] INFO:colcon.colcon_core.shell:Creating environment descriptor '/home/sh/projects/f1tenth_miru3/install/key_teleop/share/key_teleop/hook/pythonpath.dsv'
[6.088s] INFO:colcon.colcon_core.shell:Creating environment hook '/home/sh/projects/f1tenth_miru3/install/key_teleop/share/key_teleop/hook/pythonpath.sh'
[6.090s] Level 1:colcon.colcon_core.environment:checking '/home/sh/projects/f1tenth_miru3/install/key_teleop/bin'
[6.091s] Level 1:colcon.colcon_core.environment:create_environment_scripts_only(key_teleop)
[6.092s] INFO:colcon.colcon_core.shell:Creating package script '/home/sh/projects/f1tenth_miru3/install/key_teleop/share/key_teleop/package.ps1'
[6.098s] INFO:colcon.colcon_core.shell:Creating package descriptor '/home/sh/projects/f1tenth_miru3/install/key_teleop/share/key_teleop/package.dsv'
[6.102s] INFO:colcon.colcon_core.shell:Creating package script '/home/sh/projects/f1tenth_miru3/install/key_teleop/share/key_teleop/package.sh'
[6.107s] INFO:colcon.colcon_core.shell:Creating package script '/home/sh/projects/f1tenth_miru3/install/key_teleop/share/key_teleop/package.bash'
[6.112s] INFO:colcon.colcon_core.shell:Creating package script '/home/sh/projects/f1tenth_miru3/install/key_teleop/share/key_teleop/package.zsh'
[6.115s] Level 1:colcon.colcon_core.environment:create_file_with_runtime_dependencies(/home/sh/projects/f1tenth_miru3/install/key_teleop/share/colcon-core/packages/key_teleop)
[6.158s] DEBUG:colcon.colcon_core.event_handler.log_command:Invoked command in '/home/sh/projects/f1tenth_miru3/build/vesc_msgs' returned '0': CMAKE_PREFIX_PATH=${CMAKE_PREFIX_PATH}:/home/sh/f1tenth_ws/install/f1tenth_gym_ros:/home/sh/projects/f1tenth_miru3/install/f1tenth_stack:/home/sh/projects/f1tenth_miru3/install/joy_teleop:/home/sh/projects/f1tenth_miru3/install/pygame_key_teleop:/home/sh/projects/f1tenth_miru3/install/mouse_teleop:/home/sh/projects/f1tenth_miru3/install/key_teleop:/home/sh/projects/f1tenth_miru3/install/forza_map_controller:/home/sh/projects/f1tenth_miru3/install/f1tenth_path_planner:/opt/ros/humble /usr/bin/cmake /home/sh/projects/f1tenth_miru3/src/f1tenth_system/vesc/vesc_msgs -DAMENT_CMAKE_SYMLINK_INSTALL=1 -DCMAKE_INSTALL_PREFIX=/home/sh/projects/f1tenth_miru3/install/vesc_msgs
[6.160s] DEBUG:colcon.colcon_core.event_handler.log_command:Invoking command in '/home/sh/projects/f1tenth_miru3/build/vesc_msgs': CMAKE_PREFIX_PATH=${CMAKE_PREFIX_PATH}:/home/sh/f1tenth_ws/install/f1tenth_gym_ros:/home/sh/projects/f1tenth_miru3/install/f1tenth_stack:/home/sh/projects/f1tenth_miru3/install/joy_teleop:/home/sh/projects/f1tenth_miru3/install/pygame_key_teleop:/home/sh/projects/f1tenth_miru3/install/mouse_teleop:/home/sh/projects/f1tenth_miru3/install/key_teleop:/home/sh/projects/f1tenth_miru3/install/forza_map_controller:/home/sh/projects/f1tenth_miru3/install/f1tenth_path_planner:/opt/ros/humble /usr/bin/cmake --build /home/sh/projects/f1tenth_miru3/build/vesc_msgs -- -j16 -l16
[6.364s] Level 1:colcon.colcon_core.shell:create_environment_hook('mouse_teleop', 'pythonpath_develop')
[6.365s] INFO:colcon.colcon_core.shell:Creating environment hook '/home/sh/projects/f1tenth_miru3/build/mouse_teleop/share/mouse_teleop/hook/pythonpath_develop.ps1'
[6.367s] INFO:colcon.colcon_core.shell:Creating environment descriptor '/home/sh/projects/f1tenth_miru3/build/mouse_teleop/share/mouse_teleop/hook/pythonpath_develop.dsv'
[6.373s] INFO:colcon.colcon_core.shell:Creating environment hook '/home/sh/projects/f1tenth_miru3/build/mouse_teleop/share/mouse_teleop/hook/pythonpath_develop.sh'
[6.375s] Level 1:colcon.colcon_core.environment:checking '/home/sh/projects/f1tenth_miru3/install/mouse_teleop' for CMake module files
[6.377s] DEBUG:colcon.colcon_core.event_handler.log_command:Invoked command in '/home/sh/projects/f1tenth_miru3/build/mouse_teleop' returned '0': PYTHONPATH=/home/sh/projects/f1tenth_miru3/build/mouse_teleop/prefix_override:/usr/lib/python3/dist-packages/colcon_core/task/python/colcon_distutils_commands:/home/sh/projects/f1tenth_miru3/install/mouse_teleop/lib/python3.10/site-packages:${PYTHONPATH} /usr/bin/python3 -W ignore:setup.py install is deprecated -W ignore:easy_install command is deprecated setup.py develop --editable --build-directory /home/sh/projects/f1tenth_miru3/build/mouse_teleop/build --no-deps symlink_data
[6.382s] Level 1:colcon.colcon_core.environment:checking '/home/sh/projects/f1tenth_miru3/install/mouse_teleop' for CMake config files
[6.390s] Level 1:colcon.colcon_core.environment:checking '/home/sh/projects/f1tenth_miru3/install/mouse_teleop/lib'
[6.391s] Level 1:colcon.colcon_core.environment:checking '/home/sh/projects/f1tenth_miru3/install/mouse_teleop/bin'
[6.391s] Level 1:colcon.colcon_core.environment:checking '/home/sh/projects/f1tenth_miru3/install/mouse_teleop/lib/pkgconfig/mouse_teleop.pc'
[6.394s] Level 1:colcon.colcon_core.environment:checking '/home/sh/projects/f1tenth_miru3/install/mouse_teleop/lib/python3.10/site-packages'
[6.395s] Level 1:colcon.colcon_core.shell:create_environment_hook('mouse_teleop', 'pythonpath')
[6.396s] INFO:colcon.colcon_core.shell:Creating environment hook '/home/sh/projects/f1tenth_miru3/install/mouse_teleop/share/mouse_teleop/hook/pythonpath.ps1'
[6.400s] INFO:colcon.colcon_core.shell:Creating environment descriptor '/home/sh/projects/f1tenth_miru3/install/mouse_teleop/share/mouse_teleop/hook/pythonpath.dsv'
[6.402s] INFO:colcon.colcon_core.shell:Creating environment hook '/home/sh/projects/f1tenth_miru3/install/mouse_teleop/share/mouse_teleop/hook/pythonpath.sh'
[6.413s] Level 1:colcon.colcon_core.environment:checking '/home/sh/projects/f1tenth_miru3/install/mouse_teleop/bin'
[6.414s] Level 1:colcon.colcon_core.environment:create_environment_scripts_only(mouse_teleop)
[6.415s] INFO:colcon.colcon_core.shell:Creating package script '/home/sh/projects/f1tenth_miru3/install/mouse_teleop/share/mouse_teleop/package.ps1'
[6.420s] INFO:colcon.colcon_core.shell:Creating package descriptor '/home/sh/projects/f1tenth_miru3/install/mouse_teleop/share/mouse_teleop/package.dsv'
[6.422s] INFO:colcon.colcon_core.shell:Creating package script '/home/sh/projects/f1tenth_miru3/install/mouse_teleop/share/mouse_teleop/package.sh'
[6.426s] INFO:colcon.colcon_core.shell:Creating package script '/home/sh/projects/f1tenth_miru3/install/mouse_teleop/share/mouse_teleop/package.bash'
[6.428s] INFO:colcon.colcon_core.shell:Creating package script '/home/sh/projects/f1tenth_miru3/install/mouse_teleop/share/mouse_teleop/package.zsh'
[6.429s] Level 1:colcon.colcon_core.environment:create_file_with_runtime_dependencies(/home/sh/projects/f1tenth_miru3/install/mouse_teleop/share/colcon-core/packages/mouse_teleop)
[6.437s] Level 1:colcon.colcon_core.shell:create_environment_hook('forza_map_controller', 'pythonpath_develop')
[6.438s] INFO:colcon.colcon_core.shell:Creating environment hook '/home/sh/projects/f1tenth_miru3/build/forza_map_controller/share/forza_map_controller/hook/pythonpath_develop.ps1'
[6.445s] DEBUG:colcon.colcon_core.event_handler.log_command:Invoked command in '/home/sh/projects/f1tenth_miru3/build/forza_map_controller' returned '0': PYTHONPATH=/home/sh/projects/f1tenth_miru3/build/forza_map_controller/prefix_override:/usr/lib/python3/dist-packages/colcon_core/task/python/colcon_distutils_commands:/home/sh/projects/f1tenth_miru3/install/forza_map_controller/lib/python3.10/site-packages:${PYTHONPATH} /usr/bin/python3 -W ignore:setup.py install is deprecated -W ignore:easy_install command is deprecated setup.py develop --editable --build-directory /home/sh/projects/f1tenth_miru3/build/forza_map_controller/build --no-deps symlink_data
[6.446s] INFO:colcon.colcon_core.shell:Creating environment descriptor '/home/sh/projects/f1tenth_miru3/build/forza_map_controller/share/forza_map_controller/hook/pythonpath_develop.dsv'
[6.448s] INFO:colcon.colcon_core.shell:Creating environment hook '/home/sh/projects/f1tenth_miru3/build/forza_map_controller/share/forza_map_controller/hook/pythonpath_develop.sh'
[6.454s] Level 1:colcon.colcon_core.environment:checking '/home/sh/projects/f1tenth_miru3/install/forza_map_controller' for CMake module files
[6.456s] Level 1:colcon.colcon_core.environment:checking '/home/sh/projects/f1tenth_miru3/install/forza_map_controller' for CMake config files
[6.458s] Level 1:colcon.colcon_core.environment:checking '/home/sh/projects/f1tenth_miru3/install/forza_map_controller/lib'
[6.458s] Level 1:colcon.colcon_core.environment:checking '/home/sh/projects/f1tenth_miru3/install/forza_map_controller/bin'
[6.459s] Level 1:colcon.colcon_core.environment:checking '/home/sh/projects/f1tenth_miru3/install/forza_map_controller/lib/pkgconfig/forza_map_controller.pc'
[6.460s] Level 1:colcon.colcon_core.environment:checking '/home/sh/projects/f1tenth_miru3/install/forza_map_controller/lib/python3.10/site-packages'
[6.460s] Level 1:colcon.colcon_core.shell:create_environment_hook('forza_map_controller', 'pythonpath')
[6.461s] INFO:colcon.colcon_core.shell:Creating environment hook '/home/sh/projects/f1tenth_miru3/install/forza_map_controller/share/forza_map_controller/hook/pythonpath.ps1'
[6.463s] INFO:colcon.colcon_core.shell:Creating environment descriptor '/home/sh/projects/f1tenth_miru3/install/forza_map_controller/share/forza_map_controller/hook/pythonpath.dsv'
[6.465s] INFO:colcon.colcon_core.shell:Creating environment hook '/home/sh/projects/f1tenth_miru3/install/forza_map_controller/share/forza_map_controller/hook/pythonpath.sh'
[6.468s] Level 1:colcon.colcon_core.environment:checking '/home/sh/projects/f1tenth_miru3/install/forza_map_controller/bin'
[6.469s] Level 1:colcon.colcon_core.environment:create_environment_scripts_only(forza_map_controller)
[6.471s] INFO:colcon.colcon_core.shell:Creating package script '/home/sh/projects/f1tenth_miru3/install/forza_map_controller/share/forza_map_controller/package.ps1'
[6.474s] INFO:colcon.colcon_core.shell:Creating package descriptor '/home/sh/projects/f1tenth_miru3/install/forza_map_controller/share/forza_map_controller/package.dsv'
[6.476s] INFO:colcon.colcon_core.shell:Creating package script '/home/sh/projects/f1tenth_miru3/install/forza_map_controller/share/forza_map_controller/package.sh'
[6.478s] INFO:colcon.colcon_core.shell:Creating package script '/home/sh/projects/f1tenth_miru3/install/forza_map_controller/share/forza_map_controller/package.bash'
[6.480s] INFO:colcon.colcon_core.shell:Creating package script '/home/sh/projects/f1tenth_miru3/install/forza_map_controller/share/forza_map_controller/package.zsh'
[6.481s] Level 1:colcon.colcon_core.environment:create_file_with_runtime_dependencies(/home/sh/projects/f1tenth_miru3/install/forza_map_controller/share/colcon-core/packages/forza_map_controller)
[6.530s] Level 1:colcon.colcon_core.shell:create_environment_hook('pygame_key_teleop', 'pythonpath_develop')
[6.532s] INFO:colcon.colcon_core.shell:Creating environment hook '/home/sh/projects/f1tenth_miru3/build/pygame_key_teleop/share/pygame_key_teleop/hook/pythonpath_develop.ps1'
[6.531s] DEBUG:colcon.colcon_core.event_handler.log_command:Invoked command in '/home/sh/projects/f1tenth_miru3/build/pygame_key_teleop' returned '0': PYTHONPATH=/home/sh/projects/f1tenth_miru3/build/pygame_key_teleop/prefix_override:/usr/lib/python3/dist-packages/colcon_core/task/python/colcon_distutils_commands:/home/sh/projects/f1tenth_miru3/install/pygame_key_teleop/lib/python3.10/site-packages:${PYTHONPATH} /usr/bin/python3 -W ignore:setup.py install is deprecated -W ignore:easy_install command is deprecated setup.py develop --editable --build-directory /home/sh/projects/f1tenth_miru3/build/pygame_key_teleop/build --no-deps symlink_data
[6.534s] INFO:colcon.colcon_core.shell:Creating environment descriptor '/home/sh/projects/f1tenth_miru3/build/pygame_key_teleop/share/pygame_key_teleop/hook/pythonpath_develop.dsv'
[6.537s] INFO:colcon.colcon_core.shell:Creating environment hook '/home/sh/projects/f1tenth_miru3/build/pygame_key_teleop/share/pygame_key_teleop/hook/pythonpath_develop.sh'
[6.543s] Level 1:colcon.colcon_core.environment:checking '/home/sh/projects/f1tenth_miru3/install/pygame_key_teleop' for CMake module files
[6.545s] Level 1:colcon.colcon_core.environment:checking '/home/sh/projects/f1tenth_miru3/install/pygame_key_teleop' for CMake config files
[6.546s] Level 1:colcon.colcon_core.environment:checking '/home/sh/projects/f1tenth_miru3/install/pygame_key_teleop/lib'
[6.547s] Level 1:colcon.colcon_core.environment:checking '/home/sh/projects/f1tenth_miru3/install/pygame_key_teleop/bin'
[6.547s] Level 1:colcon.colcon_core.environment:checking '/home/sh/projects/f1tenth_miru3/install/pygame_key_teleop/lib/pkgconfig/pygame_key_teleop.pc'
[6.550s] Level 1:colcon.colcon_core.environment:checking '/home/sh/projects/f1tenth_miru3/install/pygame_key_teleop/lib/python3.10/site-packages'
[6.551s] Level 1:colcon.colcon_core.shell:create_environment_hook('pygame_key_teleop', 'pythonpath')
[6.552s] INFO:colcon.colcon_core.shell:Creating environment hook '/home/sh/projects/f1tenth_miru3/install/pygame_key_teleop/share/pygame_key_teleop/hook/pythonpath.ps1'
[6.558s] INFO:colcon.colcon_core.shell:Creating environment descriptor '/home/sh/projects/f1tenth_miru3/install/pygame_key_teleop/share/pygame_key_teleop/hook/pythonpath.dsv'
[6.559s] INFO:colcon.colcon_core.shell:Creating environment hook '/home/sh/projects/f1tenth_miru3/install/pygame_key_teleop/share/pygame_key_teleop/hook/pythonpath.sh'
[6.562s] Level 1:colcon.colcon_core.environment:checking '/home/sh/projects/f1tenth_miru3/install/pygame_key_teleop/bin'
[6.562s] Level 1:colcon.colcon_core.environment:create_environment_scripts_only(pygame_key_teleop)
[6.563s] INFO:colcon.colcon_core.shell:Creating package script '/home/sh/projects/f1tenth_miru3/install/pygame_key_teleop/share/pygame_key_teleop/package.ps1'
[6.565s] INFO:colcon.colcon_core.shell:Creating package descriptor '/home/sh/projects/f1tenth_miru3/install/pygame_key_teleop/share/pygame_key_teleop/package.dsv'
[6.569s] INFO:colcon.colcon_core.shell:Creating package script '/home/sh/projects/f1tenth_miru3/install/pygame_key_teleop/share/pygame_key_teleop/package.sh'
[6.570s] INFO:colcon.colcon_core.shell:Creating package script '/home/sh/projects/f1tenth_miru3/install/pygame_key_teleop/share/pygame_key_teleop/package.bash'
[6.572s] INFO:colcon.colcon_core.shell:Creating package script '/home/sh/projects/f1tenth_miru3/install/pygame_key_teleop/share/pygame_key_teleop/package.zsh'
[6.573s] Level 1:colcon.colcon_core.environment:create_file_with_runtime_dependencies(/home/sh/projects/f1tenth_miru3/install/pygame_key_teleop/share/colcon-core/packages/pygame_key_teleop)
[6.767s] DEBUG:colcon.colcon_core.event_handler.log_command:Invoked command in '/home/sh/projects/f1tenth_miru3/build/map_controller' returned '0': CMAKE_PREFIX_PATH=${CMAKE_PREFIX_PATH}:/home/sh/f1tenth_ws/install/f1tenth_gym_ros:/home/sh/projects/f1tenth_miru3/install/f1tenth_stack:/home/sh/projects/f1tenth_miru3/install/joy_teleop:/home/sh/projects/f1tenth_miru3/install/pygame_key_teleop:/home/sh/projects/f1tenth_miru3/install/mouse_teleop:/home/sh/projects/f1tenth_miru3/install/key_teleop:/home/sh/projects/f1tenth_miru3/install/forza_map_controller:/home/sh/projects/f1tenth_miru3/install/f1tenth_path_planner:/opt/ros/humble /usr/bin/cmake /home/sh/projects/f1tenth_miru3/src/map_controller -DAMENT_CMAKE_SYMLINK_INSTALL=1 -DCMAKE_INSTALL_PREFIX=/home/sh/projects/f1tenth_miru3/install/map_controller
[6.773s] DEBUG:colcon.colcon_core.event_handler.log_command:Invoking command in '/home/sh/projects/f1tenth_miru3/build/map_controller': CMAKE_PREFIX_PATH=${CMAKE_PREFIX_PATH}:/home/sh/f1tenth_ws/install/f1tenth_gym_ros:/home/sh/projects/f1tenth_miru3/install/f1tenth_stack:/home/sh/projects/f1tenth_miru3/install/joy_teleop:/home/sh/projects/f1tenth_miru3/install/pygame_key_teleop:/home/sh/projects/f1tenth_miru3/install/mouse_teleop:/home/sh/projects/f1tenth_miru3/install/key_teleop:/home/sh/projects/f1tenth_miru3/install/forza_map_controller:/home/sh/projects/f1tenth_miru3/install/f1tenth_path_planner:/opt/ros/humble /usr/bin/cmake --build /home/sh/projects/f1tenth_miru3/build/map_controller -- -j16 -l16
[7.059s] DEBUG:colcon.colcon_core.event_handler.log_command:Invoked command in '/home/sh/projects/f1tenth_miru3/build/pure_pursuit' returned '0': CMAKE_PREFIX_PATH=${CMAKE_PREFIX_PATH}:/home/sh/f1tenth_ws/install/f1tenth_gym_ros:/home/sh/projects/f1tenth_miru3/install/f1tenth_stack:/home/sh/projects/f1tenth_miru3/install/joy_teleop:/home/sh/projects/f1tenth_miru3/install/pygame_key_teleop:/home/sh/projects/f1tenth_miru3/install/mouse_teleop:/home/sh/projects/f1tenth_miru3/install/key_teleop:/home/sh/projects/f1tenth_miru3/install/forza_map_controller:/home/sh/projects/f1tenth_miru3/install/f1tenth_path_planner:/opt/ros/humble /usr/bin/cmake /home/sh/projects/f1tenth_miru3/src/pure_pursuit -DAMENT_CMAKE_SYMLINK_INSTALL=1 -DCMAKE_INSTALL_PREFIX=/home/sh/projects/f1tenth_miru3/install/pure_pursuit
[7.064s] DEBUG:colcon.colcon_core.event_handler.log_command:Invoking command in '/home/sh/projects/f1tenth_miru3/build/pure_pursuit': CMAKE_PREFIX_PATH=${CMAKE_PREFIX_PATH}:/home/sh/f1tenth_ws/install/f1tenth_gym_ros:/home/sh/projects/f1tenth_miru3/install/f1tenth_stack:/home/sh/projects/f1tenth_miru3/install/joy_teleop:/home/sh/projects/f1tenth_miru3/install/pygame_key_teleop:/home/sh/projects/f1tenth_miru3/install/mouse_teleop:/home/sh/projects/f1tenth_miru3/install/key_teleop:/home/sh/projects/f1tenth_miru3/install/forza_map_controller:/home/sh/projects/f1tenth_miru3/install/f1tenth_path_planner:/opt/ros/humble /usr/bin/cmake --build /home/sh/projects/f1tenth_miru3/build/pure_pursuit -- -j16 -l16
[7.490s] DEBUG:colcon.colcon_core.event_handler.log_command:Invoked command in '/home/sh/projects/f1tenth_miru3/build/path_follow' returned '0': CMAKE_PREFIX_PATH=${CMAKE_PREFIX_PATH}:/home/sh/f1tenth_ws/install/f1tenth_gym_ros:/home/sh/projects/f1tenth_miru3/install/f1tenth_stack:/home/sh/projects/f1tenth_miru3/install/joy_teleop:/home/sh/projects/f1tenth_miru3/install/pygame_key_teleop:/home/sh/projects/f1tenth_miru3/install/mouse_teleop:/home/sh/projects/f1tenth_miru3/install/key_teleop:/home/sh/projects/f1tenth_miru3/install/forza_map_controller:/home/sh/projects/f1tenth_miru3/install/f1tenth_path_planner:/opt/ros/humble /usr/bin/cmake /home/sh/projects/f1tenth_miru3/src/path_follow -DAMENT_CMAKE_SYMLINK_INSTALL=1 -DCMAKE_INSTALL_PREFIX=/home/sh/projects/f1tenth_miru3/install/path_follow
[7.504s] DEBUG:colcon.colcon_core.event_handler.log_command:Invoking command in '/home/sh/projects/f1tenth_miru3/build/path_follow': CMAKE_PREFIX_PATH=${CMAKE_PREFIX_PATH}:/home/sh/f1tenth_ws/install/f1tenth_gym_ros:/home/sh/projects/f1tenth_miru3/install/f1tenth_stack:/home/sh/projects/f1tenth_miru3/install/joy_teleop:/home/sh/projects/f1tenth_miru3/install/pygame_key_teleop:/home/sh/projects/f1tenth_miru3/install/mouse_teleop:/home/sh/projects/f1tenth_miru3/install/key_teleop:/home/sh/projects/f1tenth_miru3/install/forza_map_controller:/home/sh/projects/f1tenth_miru3/install/f1tenth_path_planner:/opt/ros/humble /usr/bin/cmake --build /home/sh/projects/f1tenth_miru3/build/path_follow -- -j16 -l16
[17.651s] DEBUG:colcon.colcon_core.event_handler.log_command:Invoked command in '/home/sh/projects/f1tenth_miru3/build/teleop_tools_msgs' returned '0': CMAKE_PREFIX_PATH=${CMAKE_PREFIX_PATH}:/home/sh/f1tenth_ws/install/f1tenth_gym_ros:/home/sh/projects/f1tenth_miru3/install/f1tenth_stack:/home/sh/projects/f1tenth_miru3/install/joy_teleop:/home/sh/projects/f1tenth_miru3/install/pygame_key_teleop:/home/sh/projects/f1tenth_miru3/install/mouse_teleop:/home/sh/projects/f1tenth_miru3/install/key_teleop:/home/sh/projects/f1tenth_miru3/install/forza_map_controller:/home/sh/projects/f1tenth_miru3/install/f1tenth_path_planner:/opt/ros/humble /usr/bin/cmake --build /home/sh/projects/f1tenth_miru3/build/teleop_tools_msgs -- -j16 -l16
[17.685s] DEBUG:colcon.colcon_core.event_handler.log_command:Invoking command in '/home/sh/projects/f1tenth_miru3/build/teleop_tools_msgs': CMAKE_PREFIX_PATH=${CMAKE_PREFIX_PATH}:/home/sh/f1tenth_ws/install/f1tenth_gym_ros:/home/sh/projects/f1tenth_miru3/install/f1tenth_stack:/home/sh/projects/f1tenth_miru3/install/joy_teleop:/home/sh/projects/f1tenth_miru3/install/pygame_key_teleop:/home/sh/projects/f1tenth_miru3/install/mouse_teleop:/home/sh/projects/f1tenth_miru3/install/key_teleop:/home/sh/projects/f1tenth_miru3/install/forza_map_controller:/home/sh/projects/f1tenth_miru3/install/f1tenth_path_planner:/opt/ros/humble /usr/bin/cmake --install /home/sh/projects/f1tenth_miru3/build/teleop_tools_msgs
[18.305s] DEBUG:colcon.colcon_core.event_handler.log_command:Invoked command in '/home/sh/projects/f1tenth_miru3/build/vesc_msgs' returned '0': CMAKE_PREFIX_PATH=${CMAKE_PREFIX_PATH}:/home/sh/f1tenth_ws/install/f1tenth_gym_ros:/home/sh/projects/f1tenth_miru3/install/f1tenth_stack:/home/sh/projects/f1tenth_miru3/install/joy_teleop:/home/sh/projects/f1tenth_miru3/install/pygame_key_teleop:/home/sh/projects/f1tenth_miru3/install/mouse_teleop:/home/sh/projects/f1tenth_miru3/install/key_teleop:/home/sh/projects/f1tenth_miru3/install/forza_map_controller:/home/sh/projects/f1tenth_miru3/install/f1tenth_path_planner:/opt/ros/humble /usr/bin/cmake --build /home/sh/projects/f1tenth_miru3/build/vesc_msgs -- -j16 -l16
[18.314s] DEBUG:colcon.colcon_core.event_handler.log_command:Invoking command in '/home/sh/projects/f1tenth_miru3/build/vesc_msgs': CMAKE_PREFIX_PATH=${CMAKE_PREFIX_PATH}:/home/sh/f1tenth_ws/install/f1tenth_gym_ros:/home/sh/projects/f1tenth_miru3/install/f1tenth_stack:/home/sh/projects/f1tenth_miru3/install/joy_teleop:/home/sh/projects/f1tenth_miru3/install/pygame_key_teleop:/home/sh/projects/f1tenth_miru3/install/mouse_teleop:/home/sh/projects/f1tenth_miru3/install/key_teleop:/home/sh/projects/f1tenth_miru3/install/forza_map_controller:/home/sh/projects/f1tenth_miru3/install/f1tenth_path_planner:/opt/ros/humble /usr/bin/cmake --install /home/sh/projects/f1tenth_miru3/build/vesc_msgs
[19.243s] Level 1:colcon.colcon_core.environment:create_environment_scripts_only(teleop_tools_msgs)
[19.244s] Level 1:colcon.colcon_core.environment:checking '/home/sh/projects/f1tenth_miru3/install/teleop_tools_msgs' for CMake module files
[19.246s] DEBUG:colcon.colcon_core.event_handler.log_command:Invoked command in '/home/sh/projects/f1tenth_miru3/build/teleop_tools_msgs' returned '0': CMAKE_PREFIX_PATH=${CMAKE_PREFIX_PATH}:/home/sh/f1tenth_ws/install/f1tenth_gym_ros:/home/sh/projects/f1tenth_miru3/install/f1tenth_stack:/home/sh/projects/f1tenth_miru3/install/joy_teleop:/home/sh/projects/f1tenth_miru3/install/pygame_key_teleop:/home/sh/projects/f1tenth_miru3/install/mouse_teleop:/home/sh/projects/f1tenth_miru3/install/key_teleop:/home/sh/projects/f1tenth_miru3/install/forza_map_controller:/home/sh/projects/f1tenth_miru3/install/f1tenth_path_planner:/opt/ros/humble /usr/bin/cmake --install /home/sh/projects/f1tenth_miru3/build/teleop_tools_msgs
[19.248s] Level 1:colcon.colcon_core.environment:checking '/home/sh/projects/f1tenth_miru3/install/teleop_tools_msgs' for CMake config files
[19.249s] Level 1:colcon.colcon_core.shell:create_environment_hook('teleop_tools_msgs', 'cmake_prefix_path')
[19.250s] INFO:colcon.colcon_core.shell:Creating environment hook '/home/sh/projects/f1tenth_miru3/install/teleop_tools_msgs/share/teleop_tools_msgs/hook/cmake_prefix_path.ps1'
[19.251s] INFO:colcon.colcon_core.shell:Creating environment descriptor '/home/sh/projects/f1tenth_miru3/install/teleop_tools_msgs/share/teleop_tools_msgs/hook/cmake_prefix_path.dsv'
[19.252s] INFO:colcon.colcon_core.shell:Creating environment hook '/home/sh/projects/f1tenth_miru3/install/teleop_tools_msgs/share/teleop_tools_msgs/hook/cmake_prefix_path.sh'
[19.253s] Level 1:colcon.colcon_core.environment:checking '/home/sh/projects/f1tenth_miru3/install/teleop_tools_msgs/lib'
[19.253s] Level 1:colcon.colcon_core.shell:create_environment_hook('teleop_tools_msgs', 'ld_library_path_lib')
[19.254s] INFO:colcon.colcon_core.shell:Creating environment hook '/home/sh/projects/f1tenth_miru3/install/teleop_tools_msgs/share/teleop_tools_msgs/hook/ld_library_path_lib.ps1'
[19.255s] INFO:colcon.colcon_core.shell:Creating environment descriptor '/home/sh/projects/f1tenth_miru3/install/teleop_tools_msgs/share/teleop_tools_msgs/hook/ld_library_path_lib.dsv'
[19.255s] INFO:colcon.colcon_core.shell:Creating environment hook '/home/sh/projects/f1tenth_miru3/install/teleop_tools_msgs/share/teleop_tools_msgs/hook/ld_library_path_lib.sh'
[19.256s] Level 1:colcon.colcon_core.environment:checking '/home/sh/projects/f1tenth_miru3/install/teleop_tools_msgs/bin'
[19.256s] Level 1:colcon.colcon_core.environment:checking '/home/sh/projects/f1tenth_miru3/install/teleop_tools_msgs/lib/pkgconfig/teleop_tools_msgs.pc'
[19.257s] Level 1:colcon.colcon_core.environment:checking '/home/sh/projects/f1tenth_miru3/install/teleop_tools_msgs/lib/python3.10/site-packages'
[19.257s] Level 1:colcon.colcon_core.environment:checking '/home/sh/projects/f1tenth_miru3/install/teleop_tools_msgs/bin'
[19.258s] INFO:colcon.colcon_core.shell:Creating package script '/home/sh/projects/f1tenth_miru3/install/teleop_tools_msgs/share/teleop_tools_msgs/package.ps1'
[19.259s] INFO:colcon.colcon_core.shell:Creating package descriptor '/home/sh/projects/f1tenth_miru3/install/teleop_tools_msgs/share/teleop_tools_msgs/package.dsv'
[19.260s] INFO:colcon.colcon_core.shell:Creating package script '/home/sh/projects/f1tenth_miru3/install/teleop_tools_msgs/share/teleop_tools_msgs/package.sh'
[19.261s] INFO:colcon.colcon_core.shell:Creating package script '/home/sh/projects/f1tenth_miru3/install/teleop_tools_msgs/share/teleop_tools_msgs/package.bash'
[19.262s] INFO:colcon.colcon_core.shell:Creating package script '/home/sh/projects/f1tenth_miru3/install/teleop_tools_msgs/share/teleop_tools_msgs/package.zsh'
[19.262s] Level 1:colcon.colcon_core.environment:create_file_with_runtime_dependencies(/home/sh/projects/f1tenth_miru3/install/teleop_tools_msgs/share/colcon-core/packages/teleop_tools_msgs)
[19.264s] Level 1:colcon.colcon_core.environment:create_environment_scripts_only(teleop_tools_msgs)
[19.264s] Level 1:colcon.colcon_core.environment:checking '/home/sh/projects/f1tenth_miru3/install/teleop_tools_msgs' for CMake module files
[19.266s] Level 1:colcon.colcon_core.environment:checking '/home/sh/projects/f1tenth_miru3/install/teleop_tools_msgs' for CMake config files
[19.267s] Level 1:colcon.colcon_core.shell:create_environment_hook('teleop_tools_msgs', 'cmake_prefix_path')
[19.268s] INFO:colcon.colcon_core.shell:Creating environment hook '/home/sh/projects/f1tenth_miru3/install/teleop_tools_msgs/share/teleop_tools_msgs/hook/cmake_prefix_path.ps1'
[19.269s] INFO:colcon.colcon_core.shell:Creating environment descriptor '/home/sh/projects/f1tenth_miru3/install/teleop_tools_msgs/share/teleop_tools_msgs/hook/cmake_prefix_path.dsv'
[19.271s] INFO:colcon.colcon_core.shell:Creating environment hook '/home/sh/projects/f1tenth_miru3/install/teleop_tools_msgs/share/teleop_tools_msgs/hook/cmake_prefix_path.sh'
[19.274s] Level 1:colcon.colcon_core.environment:checking '/home/sh/projects/f1tenth_miru3/install/teleop_tools_msgs/lib'
[19.275s] Level 1:colcon.colcon_core.shell:create_environment_hook('teleop_tools_msgs', 'ld_library_path_lib')
[19.276s] INFO:colcon.colcon_core.shell:Creating environment hook '/home/sh/projects/f1tenth_miru3/install/teleop_tools_msgs/share/teleop_tools_msgs/hook/ld_library_path_lib.ps1'
[19.277s] INFO:colcon.colcon_core.shell:Creating environment descriptor '/home/sh/projects/f1tenth_miru3/install/teleop_tools_msgs/share/teleop_tools_msgs/hook/ld_library_path_lib.dsv'
[19.279s] INFO:colcon.colcon_core.shell:Creating environment hook '/home/sh/projects/f1tenth_miru3/install/teleop_tools_msgs/share/teleop_tools_msgs/hook/ld_library_path_lib.sh'
[19.280s] Level 1:colcon.colcon_core.environment:checking '/home/sh/projects/f1tenth_miru3/install/teleop_tools_msgs/bin'
[19.281s] Level 1:colcon.colcon_core.environment:checking '/home/sh/projects/f1tenth_miru3/install/teleop_tools_msgs/lib/pkgconfig/teleop_tools_msgs.pc'
[19.281s] Level 1:colcon.colcon_core.environment:checking '/home/sh/projects/f1tenth_miru3/install/teleop_tools_msgs/lib/python3.10/site-packages'
[19.282s] Level 1:colcon.colcon_core.environment:checking '/home/sh/projects/f1tenth_miru3/install/teleop_tools_msgs/bin'
[19.284s] INFO:colcon.colcon_core.shell:Creating package script '/home/sh/projects/f1tenth_miru3/install/teleop_tools_msgs/share/teleop_tools_msgs/package.ps1'
[19.286s] INFO:colcon.colcon_core.shell:Creating package descriptor '/home/sh/projects/f1tenth_miru3/install/teleop_tools_msgs/share/teleop_tools_msgs/package.dsv'
[19.288s] INFO:colcon.colcon_core.shell:Creating package script '/home/sh/projects/f1tenth_miru3/install/teleop_tools_msgs/share/teleop_tools_msgs/package.sh'
[19.289s] INFO:colcon.colcon_core.shell:Creating package script '/home/sh/projects/f1tenth_miru3/install/teleop_tools_msgs/share/teleop_tools_msgs/package.bash'
[19.291s] INFO:colcon.colcon_core.shell:Creating package script '/home/sh/projects/f1tenth_miru3/install/teleop_tools_msgs/share/teleop_tools_msgs/package.zsh'
[19.292s] Level 1:colcon.colcon_core.environment:create_file_with_runtime_dependencies(/home/sh/projects/f1tenth_miru3/install/teleop_tools_msgs/share/colcon-core/packages/teleop_tools_msgs)
[19.293s] INFO:colcon.colcon_ros.task.ament_python.build:Building ROS package in '/home/sh/projects/f1tenth_miru3/src/f1tenth_system/teleop_tools/joy_teleop' with build type 'ament_python'
[19.294s] Level 1:colcon.colcon_core.shell:create_environment_hook('joy_teleop', 'ament_prefix_path')
[19.294s] INFO:colcon.colcon_core.shell:Creating environment hook '/home/sh/projects/f1tenth_miru3/install/joy_teleop/share/joy_teleop/hook/ament_prefix_path.ps1'
[19.297s] INFO:colcon.colcon_core.shell:Creating environment descriptor '/home/sh/projects/f1tenth_miru3/install/joy_teleop/share/joy_teleop/hook/ament_prefix_path.dsv'
[19.299s] INFO:colcon.colcon_core.shell:Creating environment hook '/home/sh/projects/f1tenth_miru3/install/joy_teleop/share/joy_teleop/hook/ament_prefix_path.sh'
[19.302s] INFO:colcon.colcon_core.shell:Skip shell extension 'powershell' for command environment: Not usable outside of PowerShell
[19.302s] DEBUG:colcon.colcon_core.shell:Skip shell extension 'dsv' for command environment
[20.038s] INFO:colcon.colcon_core.task.python.build:Building Python package in '/home/sh/projects/f1tenth_miru3/src/f1tenth_system/teleop_tools/joy_teleop'
[20.039s] INFO:colcon.colcon_core.shell:Skip shell extension 'powershell' for command environment: Not usable outside of PowerShell
[20.039s] DEBUG:colcon.colcon_core.shell:Skip shell extension 'dsv' for command environment
[21.020s] DEBUG:colcon.colcon_core.event_handler.log_command:Invoking command in '/home/sh/projects/f1tenth_miru3/build/joy_teleop': AMENT_PREFIX_PATH=/home/sh/projects/f1tenth_miru3/install/teleop_tools_msgs:${AMENT_PREFIX_PATH} CMAKE_PREFIX_PATH=/home/sh/projects/f1tenth_miru3/install/teleop_tools_msgs:/home/sh/projects/f1tenth_miru3/install/f1tenth_slam_nav:/home/sh/projects/f1tenth_miru3/install/vesc:/home/sh/projects/f1tenth_miru3/install/vesc_driver:/home/sh/projects/f1tenth_miru3/install/vesc_ackermann:/home/sh/projects/f1tenth_miru3/install/vesc_msgs:/home/sh/projects/f1tenth_miru3/install/teleop_tools:/home/sh/projects/f1tenth_miru3/install/real_pure_pursuit:/home/sh/projects/f1tenth_miru3/install/pure_pursuit:/home/sh/projects/f1tenth_miru3/install/path_planner:/home/sh/projects/f1tenth_miru3/install/path_follow:/home/sh/projects/f1tenth_miru3/install/map_controller:/home/sh/projects/f1tenth_miru3/install/lidar_processing:/home/sh/projects/f1tenth_miru3/install/center_follow_cpp:/home/sh/projects/f1tenth_miru3/install/ackermann_mux LD_LIBRARY_PATH=/home/sh/projects/f1tenth_miru3/install/teleop_tools_msgs/lib:/home/sh/projects/f1tenth_miru3/install/vesc_driver/lib:/home/sh/projects/f1tenth_miru3/install/vesc_ackermann/lib:/home/sh/projects/f1tenth_miru3/install/vesc_msgs/lib:/home/sh/projects/f1tenth_miru3/install/map_controller/lib:/opt/ros/humble/opt/rviz_ogre_vendor/lib:/opt/ros/humble/lib/x86_64-linux-gnu:/opt/ros/humble/lib:/home/sh/../../lib:/home/sh/../../../blasfeo/lib PYTHONPATH=/home/sh/projects/f1tenth_miru3/build/joy_teleop/prefix_override:/usr/lib/python3/dist-packages/colcon_core/task/python/colcon_distutils_commands:/home/sh/projects/f1tenth_miru3/install/joy_teleop/lib/python3.10/site-packages:/home/sh/projects/f1tenth_miru3/install/teleop_tools_msgs/local/lib/python3.10/dist-packages:${PYTHONPATH} /usr/bin/python3 -W ignore:setup.py install is deprecated -W ignore:easy_install command is deprecated setup.py develop --editable --build-directory /home/sh/projects/f1tenth_miru3/build/joy_teleop/build --no-deps symlink_data
[21.060s] Level 1:colcon.colcon_core.environment:create_environment_scripts_only(vesc_msgs)
[21.061s] Level 1:colcon.colcon_core.environment:checking '/home/sh/projects/f1tenth_miru3/install/vesc_msgs' for CMake module files
[21.063s] DEBUG:colcon.colcon_core.event_handler.log_command:Invoked command in '/home/sh/projects/f1tenth_miru3/build/vesc_msgs' returned '0': CMAKE_PREFIX_PATH=${CMAKE_PREFIX_PATH}:/home/sh/f1tenth_ws/install/f1tenth_gym_ros:/home/sh/projects/f1tenth_miru3/install/f1tenth_stack:/home/sh/projects/f1tenth_miru3/install/joy_teleop:/home/sh/projects/f1tenth_miru3/install/pygame_key_teleop:/home/sh/projects/f1tenth_miru3/install/mouse_teleop:/home/sh/projects/f1tenth_miru3/install/key_teleop:/home/sh/projects/f1tenth_miru3/install/forza_map_controller:/home/sh/projects/f1tenth_miru3/install/f1tenth_path_planner:/opt/ros/humble /usr/bin/cmake --install /home/sh/projects/f1tenth_miru3/build/vesc_msgs
[21.064s] Level 1:colcon.colcon_core.environment:checking '/home/sh/projects/f1tenth_miru3/install/vesc_msgs' for CMake config files
[21.068s] Level 1:colcon.colcon_core.shell:create_environment_hook('vesc_msgs', 'cmake_prefix_path')
[21.068s] INFO:colcon.colcon_core.shell:Creating environment hook '/home/sh/projects/f1tenth_miru3/install/vesc_msgs/share/vesc_msgs/hook/cmake_prefix_path.ps1'
[21.070s] INFO:colcon.colcon_core.shell:Creating environment descriptor '/home/sh/projects/f1tenth_miru3/install/vesc_msgs/share/vesc_msgs/hook/cmake_prefix_path.dsv'
[21.072s] INFO:colcon.colcon_core.shell:Creating environment hook '/home/sh/projects/f1tenth_miru3/install/vesc_msgs/share/vesc_msgs/hook/cmake_prefix_path.sh'
[21.074s] Level 1:colcon.colcon_core.environment:checking '/home/sh/projects/f1tenth_miru3/install/vesc_msgs/lib'
[21.074s] Level 1:colcon.colcon_core.shell:create_environment_hook('vesc_msgs', 'ld_library_path_lib')
[21.075s] INFO:colcon.colcon_core.shell:Creating environment hook '/home/sh/projects/f1tenth_miru3/install/vesc_msgs/share/vesc_msgs/hook/ld_library_path_lib.ps1'
[21.077s] INFO:colcon.colcon_core.shell:Creating environment descriptor '/home/sh/projects/f1tenth_miru3/install/vesc_msgs/share/vesc_msgs/hook/ld_library_path_lib.dsv'
[21.078s] INFO:colcon.colcon_core.shell:Creating environment hook '/home/sh/projects/f1tenth_miru3/install/vesc_msgs/share/vesc_msgs/hook/ld_library_path_lib.sh'
[21.080s] Level 1:colcon.colcon_core.environment:checking '/home/sh/projects/f1tenth_miru3/install/vesc_msgs/bin'
[21.080s] Level 1:colcon.colcon_core.environment:checking '/home/sh/projects/f1tenth_miru3/install/vesc_msgs/lib/pkgconfig/vesc_msgs.pc'
[21.081s] Level 1:colcon.colcon_core.environment:checking '/home/sh/projects/f1tenth_miru3/install/vesc_msgs/lib/python3.10/site-packages'
[21.082s] Level 1:colcon.colcon_core.environment:checking '/home/sh/projects/f1tenth_miru3/install/vesc_msgs/bin'
[21.083s] INFO:colcon.colcon_core.shell:Creating package script '/home/sh/projects/f1tenth_miru3/install/vesc_msgs/share/vesc_msgs/package.ps1'
[21.085s] INFO:colcon.colcon_core.shell:Creating package descriptor '/home/sh/projects/f1tenth_miru3/install/vesc_msgs/share/vesc_msgs/package.dsv'
[21.087s] INFO:colcon.colcon_core.shell:Creating package script '/home/sh/projects/f1tenth_miru3/install/vesc_msgs/share/vesc_msgs/package.sh'
[21.088s] INFO:colcon.colcon_core.shell:Creating package script '/home/sh/projects/f1tenth_miru3/install/vesc_msgs/share/vesc_msgs/package.bash'
[21.089s] INFO:colcon.colcon_core.shell:Creating package script '/home/sh/projects/f1tenth_miru3/install/vesc_msgs/share/vesc_msgs/package.zsh'
[21.091s] Level 1:colcon.colcon_core.environment:create_file_with_runtime_dependencies(/home/sh/projects/f1tenth_miru3/install/vesc_msgs/share/colcon-core/packages/vesc_msgs)
[21.093s] Level 1:colcon.colcon_core.environment:create_environment_scripts_only(vesc_msgs)
[21.094s] Level 1:colcon.colcon_core.environment:checking '/home/sh/projects/f1tenth_miru3/install/vesc_msgs' for CMake module files
[21.097s] Level 1:colcon.colcon_core.environment:checking '/home/sh/projects/f1tenth_miru3/install/vesc_msgs' for CMake config files
[21.100s] Level 1:colcon.colcon_core.shell:create_environment_hook('vesc_msgs', 'cmake_prefix_path')
[21.101s] INFO:colcon.colcon_core.shell:Creating environment hook '/home/sh/projects/f1tenth_miru3/install/vesc_msgs/share/vesc_msgs/hook/cmake_prefix_path.ps1'
[21.103s] INFO:colcon.colcon_core.shell:Creating environment descriptor '/home/sh/projects/f1tenth_miru3/install/vesc_msgs/share/vesc_msgs/hook/cmake_prefix_path.dsv'
[21.104s] INFO:colcon.colcon_core.shell:Creating environment hook '/home/sh/projects/f1tenth_miru3/install/vesc_msgs/share/vesc_msgs/hook/cmake_prefix_path.sh'
[21.106s] Level 1:colcon.colcon_core.environment:checking '/home/sh/projects/f1tenth_miru3/install/vesc_msgs/lib'
[21.107s] Level 1:colcon.colcon_core.shell:create_environment_hook('vesc_msgs', 'ld_library_path_lib')
[21.107s] INFO:colcon.colcon_core.shell:Creating environment hook '/home/sh/projects/f1tenth_miru3/install/vesc_msgs/share/vesc_msgs/hook/ld_library_path_lib.ps1'
[21.109s] INFO:colcon.colcon_core.shell:Creating environment descriptor '/home/sh/projects/f1tenth_miru3/install/vesc_msgs/share/vesc_msgs/hook/ld_library_path_lib.dsv'
[21.110s] INFO:colcon.colcon_core.shell:Creating environment hook '/home/sh/projects/f1tenth_miru3/install/vesc_msgs/share/vesc_msgs/hook/ld_library_path_lib.sh'
[21.111s] Level 1:colcon.colcon_core.environment:checking '/home/sh/projects/f1tenth_miru3/install/vesc_msgs/bin'
[21.112s] Level 1:colcon.colcon_core.environment:checking '/home/sh/projects/f1tenth_miru3/install/vesc_msgs/lib/pkgconfig/vesc_msgs.pc'
[21.113s] Level 1:colcon.colcon_core.environment:checking '/home/sh/projects/f1tenth_miru3/install/vesc_msgs/lib/python3.10/site-packages'
[21.113s] Level 1:colcon.colcon_core.environment:checking '/home/sh/projects/f1tenth_miru3/install/vesc_msgs/bin'
[21.114s] INFO:colcon.colcon_core.shell:Creating package script '/home/sh/projects/f1tenth_miru3/install/vesc_msgs/share/vesc_msgs/package.ps1'
[21.116s] INFO:colcon.colcon_core.shell:Creating package descriptor '/home/sh/projects/f1tenth_miru3/install/vesc_msgs/share/vesc_msgs/package.dsv'
[21.118s] INFO:colcon.colcon_core.shell:Creating package script '/home/sh/projects/f1tenth_miru3/install/vesc_msgs/share/vesc_msgs/package.sh'
[21.120s] INFO:colcon.colcon_core.shell:Creating package script '/home/sh/projects/f1tenth_miru3/install/vesc_msgs/share/vesc_msgs/package.bash'
[21.121s] INFO:colcon.colcon_core.shell:Creating package script '/home/sh/projects/f1tenth_miru3/install/vesc_msgs/share/vesc_msgs/package.zsh'
[21.123s] Level 1:colcon.colcon_core.environment:create_file_with_runtime_dependencies(/home/sh/projects/f1tenth_miru3/install/vesc_msgs/share/colcon-core/packages/vesc_msgs)
[21.124s] INFO:colcon.colcon_ros.task.ament_cmake.build:Building ROS package in '/home/sh/projects/f1tenth_miru3/src/f1tenth_system/vesc/vesc_ackermann' with build type 'ament_cmake'
[21.125s] INFO:colcon.colcon_cmake.task.cmake.build:Building CMake package in '/home/sh/projects/f1tenth_miru3/src/f1tenth_system/vesc/vesc_ackermann'
[21.126s] INFO:colcon.colcon_core.shell:Skip shell extension 'powershell' for command environment: Not usable outside of PowerShell
[21.126s] DEBUG:colcon.colcon_core.shell:Skip shell extension 'dsv' for command environment
[21.142s] INFO:colcon.colcon_ros.task.ament_cmake.build:Building ROS package in '/home/sh/projects/f1tenth_miru3/src/f1tenth_system/vesc/vesc_driver' with build type 'ament_cmake'
[21.142s] INFO:colcon.colcon_cmake.task.cmake.build:Building CMake package in '/home/sh/projects/f1tenth_miru3/src/f1tenth_system/vesc/vesc_driver'
[21.143s] INFO:colcon.colcon_core.shell:Skip shell extension 'powershell' for command environment: Not usable outside of PowerShell
[21.144s] DEBUG:colcon.colcon_core.shell:Skip shell extension 'dsv' for command environment
[21.174s] DEBUG:colcon.colcon_core.event_handler.log_command:Invoking command in '/home/sh/projects/f1tenth_miru3/build/vesc_ackermann': AMENT_PREFIX_PATH=/home/sh/projects/f1tenth_miru3/install/vesc_msgs:${AMENT_PREFIX_PATH} CMAKE_PREFIX_PATH=/home/sh/projects/f1tenth_miru3/install/vesc_msgs:/home/sh/projects/f1tenth_miru3/install/f1tenth_slam_nav:/home/sh/projects/f1tenth_miru3/install/vesc:/home/sh/projects/f1tenth_miru3/install/vesc_driver:/home/sh/projects/f1tenth_miru3/install/vesc_ackermann:/home/sh/projects/f1tenth_miru3/install/teleop_tools:/home/sh/projects/f1tenth_miru3/install/teleop_tools_msgs:/home/sh/projects/f1tenth_miru3/install/real_pure_pursuit:/home/sh/projects/f1tenth_miru3/install/pure_pursuit:/home/sh/projects/f1tenth_miru3/install/path_planner:/home/sh/projects/f1tenth_miru3/install/path_follow:/home/sh/projects/f1tenth_miru3/install/map_controller:/home/sh/projects/f1tenth_miru3/install/lidar_processing:/home/sh/projects/f1tenth_miru3/install/center_follow_cpp:/home/sh/projects/f1tenth_miru3/install/ackermann_mux:/home/sh/f1tenth_ws/install/f1tenth_gym_ros:/home/sh/projects/f1tenth_miru3/install/f1tenth_stack:/home/sh/projects/f1tenth_miru3/install/joy_teleop:/home/sh/projects/f1tenth_miru3/install/pygame_key_teleop:/home/sh/projects/f1tenth_miru3/install/mouse_teleop:/home/sh/projects/f1tenth_miru3/install/key_teleop:/home/sh/projects/f1tenth_miru3/install/forza_map_controller:/home/sh/projects/f1tenth_miru3/install/f1tenth_path_planner:/opt/ros/humble LD_LIBRARY_PATH=/home/sh/projects/f1tenth_miru3/install/vesc_msgs/lib:/home/sh/projects/f1tenth_miru3/install/vesc_driver/lib:/home/sh/projects/f1tenth_miru3/install/vesc_ackermann/lib:/home/sh/projects/f1tenth_miru3/install/teleop_tools_msgs/lib:/home/sh/projects/f1tenth_miru3/install/map_controller/lib:/opt/ros/humble/opt/rviz_ogre_vendor/lib:/opt/ros/humble/lib/x86_64-linux-gnu:/opt/ros/humble/lib:/home/sh/../../lib:/home/sh/../../../blasfeo/lib PYTHONPATH=/home/sh/projects/f1tenth_miru3/install/vesc_msgs/local/lib/python3.10/dist-packages:${PYTHONPATH} /usr/bin/cmake /home/sh/projects/f1tenth_miru3/src/f1tenth_system/vesc/vesc_ackermann -DAMENT_CMAKE_SYMLINK_INSTALL=1 -DCMAKE_INSTALL_PREFIX=/home/sh/projects/f1tenth_miru3/install/vesc_ackermann
[21.189s] DEBUG:colcon.colcon_core.event_handler.log_command:Invoking command in '/home/sh/projects/f1tenth_miru3/build/vesc_driver': AMENT_PREFIX_PATH=/home/sh/projects/f1tenth_miru3/install/vesc_msgs:${AMENT_PREFIX_PATH} CMAKE_PREFIX_PATH=/home/sh/projects/f1tenth_miru3/install/vesc_msgs:/home/sh/projects/f1tenth_miru3/install/f1tenth_slam_nav:/home/sh/projects/f1tenth_miru3/install/vesc:/home/sh/projects/f1tenth_miru3/install/vesc_driver:/home/sh/projects/f1tenth_miru3/install/vesc_ackermann:/home/sh/projects/f1tenth_miru3/install/teleop_tools:/home/sh/projects/f1tenth_miru3/install/teleop_tools_msgs:/home/sh/projects/f1tenth_miru3/install/real_pure_pursuit:/home/sh/projects/f1tenth_miru3/install/pure_pursuit:/home/sh/projects/f1tenth_miru3/install/path_planner:/home/sh/projects/f1tenth_miru3/install/path_follow:/home/sh/projects/f1tenth_miru3/install/map_controller:/home/sh/projects/f1tenth_miru3/install/lidar_processing:/home/sh/projects/f1tenth_miru3/install/center_follow_cpp:/home/sh/projects/f1tenth_miru3/install/ackermann_mux:/home/sh/f1tenth_ws/install/f1tenth_gym_ros:/home/sh/projects/f1tenth_miru3/install/f1tenth_stack:/home/sh/projects/f1tenth_miru3/install/joy_teleop:/home/sh/projects/f1tenth_miru3/install/pygame_key_teleop:/home/sh/projects/f1tenth_miru3/install/mouse_teleop:/home/sh/projects/f1tenth_miru3/install/key_teleop:/home/sh/projects/f1tenth_miru3/install/forza_map_controller:/home/sh/projects/f1tenth_miru3/install/f1tenth_path_planner:/opt/ros/humble LD_LIBRARY_PATH=/home/sh/projects/f1tenth_miru3/install/vesc_msgs/lib:/home/sh/projects/f1tenth_miru3/install/vesc_driver/lib:/home/sh/projects/f1tenth_miru3/install/vesc_ackermann/lib:/home/sh/projects/f1tenth_miru3/install/teleop_tools_msgs/lib:/home/sh/projects/f1tenth_miru3/install/map_controller/lib:/opt/ros/humble/opt/rviz_ogre_vendor/lib:/opt/ros/humble/lib/x86_64-linux-gnu:/opt/ros/humble/lib:/home/sh/../../lib:/home/sh/../../../blasfeo/lib PYTHONPATH=/home/sh/projects/f1tenth_miru3/install/vesc_msgs/local/lib/python3.10/dist-packages:${PYTHONPATH} /usr/bin/cmake /home/sh/projects/f1tenth_miru3/src/f1tenth_system/vesc/vesc_driver -DAMENT_CMAKE_SYMLINK_INSTALL=1 -DCMAKE_INSTALL_PREFIX=/home/sh/projects/f1tenth_miru3/install/vesc_driver
[22.177s] Level 1:colcon.colcon_core.shell:create_environment_hook('joy_teleop', 'pythonpath_develop')
[22.178s] INFO:colcon.colcon_core.shell:Creating environment hook '/home/sh/projects/f1tenth_miru3/build/joy_teleop/share/joy_teleop/hook/pythonpath_develop.ps1'
[22.179s] DEBUG:colcon.colcon_core.event_handler.log_command:Invoked command in '/home/sh/projects/f1tenth_miru3/build/joy_teleop' returned '0': AMENT_PREFIX_PATH=/home/sh/projects/f1tenth_miru3/install/teleop_tools_msgs:${AMENT_PREFIX_PATH} CMAKE_PREFIX_PATH=/home/sh/projects/f1tenth_miru3/install/teleop_tools_msgs:/home/sh/projects/f1tenth_miru3/install/f1tenth_slam_nav:/home/sh/projects/f1tenth_miru3/install/vesc:/home/sh/projects/f1tenth_miru3/install/vesc_driver:/home/sh/projects/f1tenth_miru3/install/vesc_ackermann:/home/sh/projects/f1tenth_miru3/install/vesc_msgs:/home/sh/projects/f1tenth_miru3/install/teleop_tools:/home/sh/projects/f1tenth_miru3/install/real_pure_pursuit:/home/sh/projects/f1tenth_miru3/install/pure_pursuit:/home/sh/projects/f1tenth_miru3/install/path_planner:/home/sh/projects/f1tenth_miru3/install/path_follow:/home/sh/projects/f1tenth_miru3/install/map_controller:/home/sh/projects/f1tenth_miru3/install/lidar_processing:/home/sh/projects/f1tenth_miru3/install/center_follow_cpp:/home/sh/projects/f1tenth_miru3/install/ackermann_mux LD_LIBRARY_PATH=/home/sh/projects/f1tenth_miru3/install/teleop_tools_msgs/lib:/home/sh/projects/f1tenth_miru3/install/vesc_driver/lib:/home/sh/projects/f1tenth_miru3/install/vesc_ackermann/lib:/home/sh/projects/f1tenth_miru3/install/vesc_msgs/lib:/home/sh/projects/f1tenth_miru3/install/map_controller/lib:/opt/ros/humble/opt/rviz_ogre_vendor/lib:/opt/ros/humble/lib/x86_64-linux-gnu:/opt/ros/humble/lib:/home/sh/../../lib:/home/sh/../../../blasfeo/lib PYTHONPATH=/home/sh/projects/f1tenth_miru3/build/joy_teleop/prefix_override:/usr/lib/python3/dist-packages/colcon_core/task/python/colcon_distutils_commands:/home/sh/projects/f1tenth_miru3/install/joy_teleop/lib/python3.10/site-packages:/home/sh/projects/f1tenth_miru3/install/teleop_tools_msgs/local/lib/python3.10/dist-packages:${PYTHONPATH} /usr/bin/python3 -W ignore:setup.py install is deprecated -W ignore:easy_install command is deprecated setup.py develop --editable --build-directory /home/sh/projects/f1tenth_miru3/build/joy_teleop/build --no-deps symlink_data
[22.181s] INFO:colcon.colcon_core.shell:Creating environment descriptor '/home/sh/projects/f1tenth_miru3/build/joy_teleop/share/joy_teleop/hook/pythonpath_develop.dsv'
[22.182s] INFO:colcon.colcon_core.shell:Creating environment hook '/home/sh/projects/f1tenth_miru3/build/joy_teleop/share/joy_teleop/hook/pythonpath_develop.sh'
[22.184s] Level 1:colcon.colcon_core.environment:checking '/home/sh/projects/f1tenth_miru3/install/joy_teleop' for CMake module files
[22.186s] Level 1:colcon.colcon_core.environment:checking '/home/sh/projects/f1tenth_miru3/install/joy_teleop' for CMake config files
[22.187s] Level 1:colcon.colcon_core.environment:checking '/home/sh/projects/f1tenth_miru3/install/joy_teleop/lib'
[22.187s] Level 1:colcon.colcon_core.environment:checking '/home/sh/projects/f1tenth_miru3/install/joy_teleop/bin'
[22.187s] Level 1:colcon.colcon_core.environment:checking '/home/sh/projects/f1tenth_miru3/install/joy_teleop/lib/pkgconfig/joy_teleop.pc'
[22.188s] Level 1:colcon.colcon_core.environment:checking '/home/sh/projects/f1tenth_miru3/install/joy_teleop/lib/python3.10/site-packages'
[22.189s] Level 1:colcon.colcon_core.shell:create_environment_hook('joy_teleop', 'pythonpath')
[22.189s] INFO:colcon.colcon_core.shell:Creating environment hook '/home/sh/projects/f1tenth_miru3/install/joy_teleop/share/joy_teleop/hook/pythonpath.ps1'
[22.191s] INFO:colcon.colcon_core.shell:Creating environment descriptor '/home/sh/projects/f1tenth_miru3/install/joy_teleop/share/joy_teleop/hook/pythonpath.dsv'
[22.192s] INFO:colcon.colcon_core.shell:Creating environment hook '/home/sh/projects/f1tenth_miru3/install/joy_teleop/share/joy_teleop/hook/pythonpath.sh'
[22.194s] Level 1:colcon.colcon_core.environment:checking '/home/sh/projects/f1tenth_miru3/install/joy_teleop/bin'
[22.194s] Level 1:colcon.colcon_core.environment:create_environment_scripts_only(joy_teleop)
[22.195s] INFO:colcon.colcon_core.shell:Creating package script '/home/sh/projects/f1tenth_miru3/install/joy_teleop/share/joy_teleop/package.ps1'
[22.196s] INFO:colcon.colcon_core.shell:Creating package descriptor '/home/sh/projects/f1tenth_miru3/install/joy_teleop/share/joy_teleop/package.dsv'
[22.197s] INFO:colcon.colcon_core.shell:Creating package script '/home/sh/projects/f1tenth_miru3/install/joy_teleop/share/joy_teleop/package.sh'
[22.199s] INFO:colcon.colcon_core.shell:Creating package script '/home/sh/projects/f1tenth_miru3/install/joy_teleop/share/joy_teleop/package.bash'
[22.200s] INFO:colcon.colcon_core.shell:Creating package script '/home/sh/projects/f1tenth_miru3/install/joy_teleop/share/joy_teleop/package.zsh'
[22.201s] Level 1:colcon.colcon_core.environment:create_file_with_runtime_dependencies(/home/sh/projects/f1tenth_miru3/install/joy_teleop/share/colcon-core/packages/joy_teleop)
[22.202s] INFO:colcon.colcon_ros.task.ament_cmake.build:Building ROS package in '/home/sh/projects/f1tenth_miru3/src/f1tenth_system/teleop_tools/teleop_tools' with build type 'ament_cmake'
[22.203s] INFO:colcon.colcon_cmake.task.cmake.build:Building CMake package in '/home/sh/projects/f1tenth_miru3/src/f1tenth_system/teleop_tools/teleop_tools'
[22.204s] INFO:colcon.colcon_core.shell:Skip shell extension 'powershell' for command environment: Not usable outside of PowerShell
[22.204s] DEBUG:colcon.colcon_core.shell:Skip shell extension 'dsv' for command environment
[22.248s] DEBUG:colcon.colcon_core.event_handler.log_command:Invoking command in '/home/sh/projects/f1tenth_miru3/build/teleop_tools': AMENT_PREFIX_PATH=/home/sh/projects/f1tenth_miru3/install/joy_teleop:/home/sh/projects/f1tenth_miru3/install/teleop_tools_msgs:/home/sh/projects/f1tenth_miru3/install/key_teleop:/home/sh/f1tenth_ws/install/f1tenth_gym_ros:/home/sh/projects/f1tenth_miru3/install/f1tenth_stack:/home/sh/projects/f1tenth_miru3/install/pygame_key_teleop:/home/sh/projects/f1tenth_miru3/install/mouse_teleop:/home/sh/projects/f1tenth_miru3/install/map_controller:/home/sh/projects/f1tenth_miru3/install/forza_map_controller:/home/sh/projects/f1tenth_miru3/install/f1tenth_path_planner:/opt/ros/humble CMAKE_PREFIX_PATH=/home/sh/projects/f1tenth_miru3/install/teleop_tools_msgs:/home/sh/projects/f1tenth_miru3/install/f1tenth_slam_nav:/home/sh/projects/f1tenth_miru3/install/vesc:/home/sh/projects/f1tenth_miru3/install/vesc_driver:/home/sh/projects/f1tenth_miru3/install/vesc_ackermann:/home/sh/projects/f1tenth_miru3/install/vesc_msgs:/home/sh/projects/f1tenth_miru3/install/teleop_tools:/home/sh/projects/f1tenth_miru3/install/real_pure_pursuit:/home/sh/projects/f1tenth_miru3/install/pure_pursuit:/home/sh/projects/f1tenth_miru3/install/path_planner:/home/sh/projects/f1tenth_miru3/install/path_follow:/home/sh/projects/f1tenth_miru3/install/map_controller:/home/sh/projects/f1tenth_miru3/install/lidar_processing:/home/sh/projects/f1tenth_miru3/install/center_follow_cpp:/home/sh/projects/f1tenth_miru3/install/ackermann_mux:/home/sh/f1tenth_ws/install/f1tenth_gym_ros:/home/sh/projects/f1tenth_miru3/install/f1tenth_stack:/home/sh/projects/f1tenth_miru3/install/joy_teleop:/home/sh/projects/f1tenth_miru3/install/pygame_key_teleop:/home/sh/projects/f1tenth_miru3/install/mouse_teleop:/home/sh/projects/f1tenth_miru3/install/key_teleop:/home/sh/projects/f1tenth_miru3/install/forza_map_controller:/home/sh/projects/f1tenth_miru3/install/f1tenth_path_planner:/opt/ros/humble LD_LIBRARY_PATH=/home/sh/projects/f1tenth_miru3/install/teleop_tools_msgs/lib:/home/sh/projects/f1tenth_miru3/install/vesc_driver/lib:/home/sh/projects/f1tenth_miru3/install/vesc_ackermann/lib:/home/sh/projects/f1tenth_miru3/install/vesc_msgs/lib:/home/sh/projects/f1tenth_miru3/install/map_controller/lib:/opt/ros/humble/opt/rviz_ogre_vendor/lib:/opt/ros/humble/lib/x86_64-linux-gnu:/opt/ros/humble/lib:/home/sh/../../lib:/home/sh/../../../blasfeo/lib PYTHONPATH=/home/sh/projects/f1tenth_miru3/build/joy_teleop:/home/sh/projects/f1tenth_miru3/install/joy_teleop/lib/python3.10/site-packages:/home/sh/projects/f1tenth_miru3/install/teleop_tools_msgs/local/lib/python3.10/dist-packages:/home/sh/projects/f1tenth_miru3/build/key_teleop:/home/sh/projects/f1tenth_miru3/install/key_teleop/lib/python3.10/site-packages:${PYTHONPATH} /usr/bin/cmake /home/sh/projects/f1tenth_miru3/src/f1tenth_system/teleop_tools/teleop_tools -DAMENT_CMAKE_SYMLINK_INSTALL=1 -DCMAKE_INSTALL_PREFIX=/home/sh/projects/f1tenth_miru3/install/teleop_tools
[23.351s] DEBUG:colcon.colcon_core.event_handler.log_command:Invoked command in '/home/sh/projects/f1tenth_miru3/build/teleop_tools' returned '0': AMENT_PREFIX_PATH=/home/sh/projects/f1tenth_miru3/install/joy_teleop:/home/sh/projects/f1tenth_miru3/install/teleop_tools_msgs:/home/sh/projects/f1tenth_miru3/install/key_teleop:/home/sh/f1tenth_ws/install/f1tenth_gym_ros:/home/sh/projects/f1tenth_miru3/install/f1tenth_stack:/home/sh/projects/f1tenth_miru3/install/pygame_key_teleop:/home/sh/projects/f1tenth_miru3/install/mouse_teleop:/home/sh/projects/f1tenth_miru3/install/map_controller:/home/sh/projects/f1tenth_miru3/install/forza_map_controller:/home/sh/projects/f1tenth_miru3/install/f1tenth_path_planner:/opt/ros/humble CMAKE_PREFIX_PATH=/home/sh/projects/f1tenth_miru3/install/teleop_tools_msgs:/home/sh/projects/f1tenth_miru3/install/f1tenth_slam_nav:/home/sh/projects/f1tenth_miru3/install/vesc:/home/sh/projects/f1tenth_miru3/install/vesc_driver:/home/sh/projects/f1tenth_miru3/install/vesc_ackermann:/home/sh/projects/f1tenth_miru3/install/vesc_msgs:/home/sh/projects/f1tenth_miru3/install/teleop_tools:/home/sh/projects/f1tenth_miru3/install/real_pure_pursuit:/home/sh/projects/f1tenth_miru3/install/pure_pursuit:/home/sh/projects/f1tenth_miru3/install/path_planner:/home/sh/projects/f1tenth_miru3/install/path_follow:/home/sh/projects/f1tenth_miru3/install/map_controller:/home/sh/projects/f1tenth_miru3/install/lidar_processing:/home/sh/projects/f1tenth_miru3/install/center_follow_cpp:/home/sh/projects/f1tenth_miru3/install/ackermann_mux:/home/sh/f1tenth_ws/install/f1tenth_gym_ros:/home/sh/projects/f1tenth_miru3/install/f1tenth_stack:/home/sh/projects/f1tenth_miru3/install/joy_teleop:/home/sh/projects/f1tenth_miru3/install/pygame_key_teleop:/home/sh/projects/f1tenth_miru3/install/mouse_teleop:/home/sh/projects/f1tenth_miru3/install/key_teleop:/home/sh/projects/f1tenth_miru3/install/forza_map_controller:/home/sh/projects/f1tenth_miru3/install/f1tenth_path_planner:/opt/ros/humble LD_LIBRARY_PATH=/home/sh/projects/f1tenth_miru3/install/teleop_tools_msgs/lib:/home/sh/projects/f1tenth_miru3/install/vesc_driver/lib:/home/sh/projects/f1tenth_miru3/install/vesc_ackermann/lib:/home/sh/projects/f1tenth_miru3/install/vesc_msgs/lib:/home/sh/projects/f1tenth_miru3/install/map_controller/lib:/opt/ros/humble/opt/rviz_ogre_vendor/lib:/opt/ros/humble/lib/x86_64-linux-gnu:/opt/ros/humble/lib:/home/sh/../../lib:/home/sh/../../../blasfeo/lib PYTHONPATH=/home/sh/projects/f1tenth_miru3/build/joy_teleop:/home/sh/projects/f1tenth_miru3/install/joy_teleop/lib/python3.10/site-packages:/home/sh/projects/f1tenth_miru3/install/teleop_tools_msgs/local/lib/python3.10/dist-packages:/home/sh/projects/f1tenth_miru3/build/key_teleop:/home/sh/projects/f1tenth_miru3/install/key_teleop/lib/python3.10/site-packages:${PYTHONPATH} /usr/bin/cmake /home/sh/projects/f1tenth_miru3/src/f1tenth_system/teleop_tools/teleop_tools -DAMENT_CMAKE_SYMLINK_INSTALL=1 -DCMAKE_INSTALL_PREFIX=/home/sh/projects/f1tenth_miru3/install/teleop_tools
[23.353s] DEBUG:colcon.colcon_core.event_handler.log_command:Invoking command in '/home/sh/projects/f1tenth_miru3/build/teleop_tools': AMENT_PREFIX_PATH=/home/sh/projects/f1tenth_miru3/install/joy_teleop:/home/sh/projects/f1tenth_miru3/install/teleop_tools_msgs:/home/sh/projects/f1tenth_miru3/install/key_teleop:/home/sh/f1tenth_ws/install/f1tenth_gym_ros:/home/sh/projects/f1tenth_miru3/install/f1tenth_stack:/home/sh/projects/f1tenth_miru3/install/pygame_key_teleop:/home/sh/projects/f1tenth_miru3/install/mouse_teleop:/home/sh/projects/f1tenth_miru3/install/map_controller:/home/sh/projects/f1tenth_miru3/install/forza_map_controller:/home/sh/projects/f1tenth_miru3/install/f1tenth_path_planner:/opt/ros/humble CMAKE_PREFIX_PATH=/home/sh/projects/f1tenth_miru3/install/teleop_tools_msgs:/home/sh/projects/f1tenth_miru3/install/f1tenth_slam_nav:/home/sh/projects/f1tenth_miru3/install/vesc:/home/sh/projects/f1tenth_miru3/install/vesc_driver:/home/sh/projects/f1tenth_miru3/install/vesc_ackermann:/home/sh/projects/f1tenth_miru3/install/vesc_msgs:/home/sh/projects/f1tenth_miru3/install/teleop_tools:/home/sh/projects/f1tenth_miru3/install/real_pure_pursuit:/home/sh/projects/f1tenth_miru3/install/pure_pursuit:/home/sh/projects/f1tenth_miru3/install/path_planner:/home/sh/projects/f1tenth_miru3/install/path_follow:/home/sh/projects/f1tenth_miru3/install/map_controller:/home/sh/projects/f1tenth_miru3/install/lidar_processing:/home/sh/projects/f1tenth_miru3/install/center_follow_cpp:/home/sh/projects/f1tenth_miru3/install/ackermann_mux:/home/sh/f1tenth_ws/install/f1tenth_gym_ros:/home/sh/projects/f1tenth_miru3/install/f1tenth_stack:/home/sh/projects/f1tenth_miru3/install/joy_teleop:/home/sh/projects/f1tenth_miru3/install/pygame_key_teleop:/home/sh/projects/f1tenth_miru3/install/mouse_teleop:/home/sh/projects/f1tenth_miru3/install/key_teleop:/home/sh/projects/f1tenth_miru3/install/forza_map_controller:/home/sh/projects/f1tenth_miru3/install/f1tenth_path_planner:/opt/ros/humble LD_LIBRARY_PATH=/home/sh/projects/f1tenth_miru3/install/teleop_tools_msgs/lib:/home/sh/projects/f1tenth_miru3/install/vesc_driver/lib:/home/sh/projects/f1tenth_miru3/install/vesc_ackermann/lib:/home/sh/projects/f1tenth_miru3/install/vesc_msgs/lib:/home/sh/projects/f1tenth_miru3/install/map_controller/lib:/opt/ros/humble/opt/rviz_ogre_vendor/lib:/opt/ros/humble/lib/x86_64-linux-gnu:/opt/ros/humble/lib:/home/sh/../../lib:/home/sh/../../../blasfeo/lib PYTHONPATH=/home/sh/projects/f1tenth_miru3/build/joy_teleop:/home/sh/projects/f1tenth_miru3/install/joy_teleop/lib/python3.10/site-packages:/home/sh/projects/f1tenth_miru3/install/teleop_tools_msgs/local/lib/python3.10/dist-packages:/home/sh/projects/f1tenth_miru3/build/key_teleop:/home/sh/projects/f1tenth_miru3/install/key_teleop/lib/python3.10/site-packages:${PYTHONPATH} /usr/bin/cmake --build /home/sh/projects/f1tenth_miru3/build/teleop_tools -- -j16 -l16
[23.434s] DEBUG:colcon.colcon_core.event_handler.log_command:Invoked command in '/home/sh/projects/f1tenth_miru3/build/teleop_tools' returned '0': AMENT_PREFIX_PATH=/home/sh/projects/f1tenth_miru3/install/joy_teleop:/home/sh/projects/f1tenth_miru3/install/teleop_tools_msgs:/home/sh/projects/f1tenth_miru3/install/key_teleop:/home/sh/f1tenth_ws/install/f1tenth_gym_ros:/home/sh/projects/f1tenth_miru3/install/f1tenth_stack:/home/sh/projects/f1tenth_miru3/install/pygame_key_teleop:/home/sh/projects/f1tenth_miru3/install/mouse_teleop:/home/sh/projects/f1tenth_miru3/install/map_controller:/home/sh/projects/f1tenth_miru3/install/forza_map_controller:/home/sh/projects/f1tenth_miru3/install/f1tenth_path_planner:/opt/ros/humble CMAKE_PREFIX_PATH=/home/sh/projects/f1tenth_miru3/install/teleop_tools_msgs:/home/sh/projects/f1tenth_miru3/install/f1tenth_slam_nav:/home/sh/projects/f1tenth_miru3/install/vesc:/home/sh/projects/f1tenth_miru3/install/vesc_driver:/home/sh/projects/f1tenth_miru3/install/vesc_ackermann:/home/sh/projects/f1tenth_miru3/install/vesc_msgs:/home/sh/projects/f1tenth_miru3/install/teleop_tools:/home/sh/projects/f1tenth_miru3/install/real_pure_pursuit:/home/sh/projects/f1tenth_miru3/install/pure_pursuit:/home/sh/projects/f1tenth_miru3/install/path_planner:/home/sh/projects/f1tenth_miru3/install/path_follow:/home/sh/projects/f1tenth_miru3/install/map_controller:/home/sh/projects/f1tenth_miru3/install/lidar_processing:/home/sh/projects/f1tenth_miru3/install/center_follow_cpp:/home/sh/projects/f1tenth_miru3/install/ackermann_mux:/home/sh/f1tenth_ws/install/f1tenth_gym_ros:/home/sh/projects/f1tenth_miru3/install/f1tenth_stack:/home/sh/projects/f1tenth_miru3/install/joy_teleop:/home/sh/projects/f1tenth_miru3/install/pygame_key_teleop:/home/sh/projects/f1tenth_miru3/install/mouse_teleop:/home/sh/projects/f1tenth_miru3/install/key_teleop:/home/sh/projects/f1tenth_miru3/install/forza_map_controller:/home/sh/projects/f1tenth_miru3/install/f1tenth_path_planner:/opt/ros/humble LD_LIBRARY_PATH=/home/sh/projects/f1tenth_miru3/install/teleop_tools_msgs/lib:/home/sh/projects/f1tenth_miru3/install/vesc_driver/lib:/home/sh/projects/f1tenth_miru3/install/vesc_ackermann/lib:/home/sh/projects/f1tenth_miru3/install/vesc_msgs/lib:/home/sh/projects/f1tenth_miru3/install/map_controller/lib:/opt/ros/humble/opt/rviz_ogre_vendor/lib:/opt/ros/humble/lib/x86_64-linux-gnu:/opt/ros/humble/lib:/home/sh/../../lib:/home/sh/../../../blasfeo/lib PYTHONPATH=/home/sh/projects/f1tenth_miru3/build/joy_teleop:/home/sh/projects/f1tenth_miru3/install/joy_teleop/lib/python3.10/site-packages:/home/sh/projects/f1tenth_miru3/install/teleop_tools_msgs/local/lib/python3.10/dist-packages:/home/sh/projects/f1tenth_miru3/build/key_teleop:/home/sh/projects/f1tenth_miru3/install/key_teleop/lib/python3.10/site-packages:${PYTHONPATH} /usr/bin/cmake --build /home/sh/projects/f1tenth_miru3/build/teleop_tools -- -j16 -l16
[23.438s] DEBUG:colcon.colcon_core.event_handler.log_command:Invoking command in '/home/sh/projects/f1tenth_miru3/build/teleop_tools': AMENT_PREFIX_PATH=/home/sh/projects/f1tenth_miru3/install/joy_teleop:/home/sh/projects/f1tenth_miru3/install/teleop_tools_msgs:/home/sh/projects/f1tenth_miru3/install/key_teleop:/home/sh/f1tenth_ws/install/f1tenth_gym_ros:/home/sh/projects/f1tenth_miru3/install/f1tenth_stack:/home/sh/projects/f1tenth_miru3/install/pygame_key_teleop:/home/sh/projects/f1tenth_miru3/install/mouse_teleop:/home/sh/projects/f1tenth_miru3/install/map_controller:/home/sh/projects/f1tenth_miru3/install/forza_map_controller:/home/sh/projects/f1tenth_miru3/install/f1tenth_path_planner:/opt/ros/humble CMAKE_PREFIX_PATH=/home/sh/projects/f1tenth_miru3/install/teleop_tools_msgs:/home/sh/projects/f1tenth_miru3/install/f1tenth_slam_nav:/home/sh/projects/f1tenth_miru3/install/vesc:/home/sh/projects/f1tenth_miru3/install/vesc_driver:/home/sh/projects/f1tenth_miru3/install/vesc_ackermann:/home/sh/projects/f1tenth_miru3/install/vesc_msgs:/home/sh/projects/f1tenth_miru3/install/teleop_tools:/home/sh/projects/f1tenth_miru3/install/real_pure_pursuit:/home/sh/projects/f1tenth_miru3/install/pure_pursuit:/home/sh/projects/f1tenth_miru3/install/path_planner:/home/sh/projects/f1tenth_miru3/install/path_follow:/home/sh/projects/f1tenth_miru3/install/map_controller:/home/sh/projects/f1tenth_miru3/install/lidar_processing:/home/sh/projects/f1tenth_miru3/install/center_follow_cpp:/home/sh/projects/f1tenth_miru3/install/ackermann_mux:/home/sh/f1tenth_ws/install/f1tenth_gym_ros:/home/sh/projects/f1tenth_miru3/install/f1tenth_stack:/home/sh/projects/f1tenth_miru3/install/joy_teleop:/home/sh/projects/f1tenth_miru3/install/pygame_key_teleop:/home/sh/projects/f1tenth_miru3/install/mouse_teleop:/home/sh/projects/f1tenth_miru3/install/key_teleop:/home/sh/projects/f1tenth_miru3/install/forza_map_controller:/home/sh/projects/f1tenth_miru3/install/f1tenth_path_planner:/opt/ros/humble LD_LIBRARY_PATH=/home/sh/projects/f1tenth_miru3/install/teleop_tools_msgs/lib:/home/sh/projects/f1tenth_miru3/install/vesc_driver/lib:/home/sh/projects/f1tenth_miru3/install/vesc_ackermann/lib:/home/sh/projects/f1tenth_miru3/install/vesc_msgs/lib:/home/sh/projects/f1tenth_miru3/install/map_controller/lib:/opt/ros/humble/opt/rviz_ogre_vendor/lib:/opt/ros/humble/lib/x86_64-linux-gnu:/opt/ros/humble/lib:/home/sh/../../lib:/home/sh/../../../blasfeo/lib PYTHONPATH=/home/sh/projects/f1tenth_miru3/build/joy_teleop:/home/sh/projects/f1tenth_miru3/install/joy_teleop/lib/python3.10/site-packages:/home/sh/projects/f1tenth_miru3/install/teleop_tools_msgs/local/lib/python3.10/dist-packages:/home/sh/projects/f1tenth_miru3/build/key_teleop:/home/sh/projects/f1tenth_miru3/install/key_teleop/lib/python3.10/site-packages:${PYTHONPATH} /usr/bin/cmake --install /home/sh/projects/f1tenth_miru3/build/teleop_tools
[23.777s] Level 1:colcon.colcon_core.environment:create_environment_scripts_only(teleop_tools)
[23.778s] Level 1:colcon.colcon_core.environment:checking '/home/sh/projects/f1tenth_miru3/install/teleop_tools' for CMake module files
[23.780s] DEBUG:colcon.colcon_core.event_handler.log_command:Invoked command in '/home/sh/projects/f1tenth_miru3/build/teleop_tools' returned '0': AMENT_PREFIX_PATH=/home/sh/projects/f1tenth_miru3/install/joy_teleop:/home/sh/projects/f1tenth_miru3/install/teleop_tools_msgs:/home/sh/projects/f1tenth_miru3/install/key_teleop:/home/sh/f1tenth_ws/install/f1tenth_gym_ros:/home/sh/projects/f1tenth_miru3/install/f1tenth_stack:/home/sh/projects/f1tenth_miru3/install/pygame_key_teleop:/home/sh/projects/f1tenth_miru3/install/mouse_teleop:/home/sh/projects/f1tenth_miru3/install/map_controller:/home/sh/projects/f1tenth_miru3/install/forza_map_controller:/home/sh/projects/f1tenth_miru3/install/f1tenth_path_planner:/opt/ros/humble CMAKE_PREFIX_PATH=/home/sh/projects/f1tenth_miru3/install/teleop_tools_msgs:/home/sh/projects/f1tenth_miru3/install/f1tenth_slam_nav:/home/sh/projects/f1tenth_miru3/install/vesc:/home/sh/projects/f1tenth_miru3/install/vesc_driver:/home/sh/projects/f1tenth_miru3/install/vesc_ackermann:/home/sh/projects/f1tenth_miru3/install/vesc_msgs:/home/sh/projects/f1tenth_miru3/install/teleop_tools:/home/sh/projects/f1tenth_miru3/install/real_pure_pursuit:/home/sh/projects/f1tenth_miru3/install/pure_pursuit:/home/sh/projects/f1tenth_miru3/install/path_planner:/home/sh/projects/f1tenth_miru3/install/path_follow:/home/sh/projects/f1tenth_miru3/install/map_controller:/home/sh/projects/f1tenth_miru3/install/lidar_processing:/home/sh/projects/f1tenth_miru3/install/center_follow_cpp:/home/sh/projects/f1tenth_miru3/install/ackermann_mux:/home/sh/f1tenth_ws/install/f1tenth_gym_ros:/home/sh/projects/f1tenth_miru3/install/f1tenth_stack:/home/sh/projects/f1tenth_miru3/install/joy_teleop:/home/sh/projects/f1tenth_miru3/install/pygame_key_teleop:/home/sh/projects/f1tenth_miru3/install/mouse_teleop:/home/sh/projects/f1tenth_miru3/install/key_teleop:/home/sh/projects/f1tenth_miru3/install/forza_map_controller:/home/sh/projects/f1tenth_miru3/install/f1tenth_path_planner:/opt/ros/humble LD_LIBRARY_PATH=/home/sh/projects/f1tenth_miru3/install/teleop_tools_msgs/lib:/home/sh/projects/f1tenth_miru3/install/vesc_driver/lib:/home/sh/projects/f1tenth_miru3/install/vesc_ackermann/lib:/home/sh/projects/f1tenth_miru3/install/vesc_msgs/lib:/home/sh/projects/f1tenth_miru3/install/map_controller/lib:/opt/ros/humble/opt/rviz_ogre_vendor/lib:/opt/ros/humble/lib/x86_64-linux-gnu:/opt/ros/humble/lib:/home/sh/../../lib:/home/sh/../../../blasfeo/lib PYTHONPATH=/home/sh/projects/f1tenth_miru3/build/joy_teleop:/home/sh/projects/f1tenth_miru3/install/joy_teleop/lib/python3.10/site-packages:/home/sh/projects/f1tenth_miru3/install/teleop_tools_msgs/local/lib/python3.10/dist-packages:/home/sh/projects/f1tenth_miru3/build/key_teleop:/home/sh/projects/f1tenth_miru3/install/key_teleop/lib/python3.10/site-packages:${PYTHONPATH} /usr/bin/cmake --install /home/sh/projects/f1tenth_miru3/build/teleop_tools
[23.781s] Level 1:colcon.colcon_core.environment:checking '/home/sh/projects/f1tenth_miru3/install/teleop_tools' for CMake config files
[23.782s] Level 1:colcon.colcon_core.shell:create_environment_hook('teleop_tools', 'cmake_prefix_path')
[23.783s] INFO:colcon.colcon_core.shell:Creating environment hook '/home/sh/projects/f1tenth_miru3/install/teleop_tools/share/teleop_tools/hook/cmake_prefix_path.ps1'
[23.785s] INFO:colcon.colcon_core.shell:Creating environment descriptor '/home/sh/projects/f1tenth_miru3/install/teleop_tools/share/teleop_tools/hook/cmake_prefix_path.dsv'
[23.786s] INFO:colcon.colcon_core.shell:Creating environment hook '/home/sh/projects/f1tenth_miru3/install/teleop_tools/share/teleop_tools/hook/cmake_prefix_path.sh'
[23.788s] Level 1:colcon.colcon_core.environment:checking '/home/sh/projects/f1tenth_miru3/install/teleop_tools/bin'
[23.789s] Level 1:colcon.colcon_core.environment:checking '/home/sh/projects/f1tenth_miru3/install/teleop_tools/lib/pkgconfig/teleop_tools.pc'
[23.790s] Level 1:colcon.colcon_core.environment:checking '/home/sh/projects/f1tenth_miru3/install/teleop_tools/lib/python3.10/site-packages'
[23.791s] Level 1:colcon.colcon_core.environment:checking '/home/sh/projects/f1tenth_miru3/install/teleop_tools/bin'
[23.792s] INFO:colcon.colcon_core.shell:Creating package script '/home/sh/projects/f1tenth_miru3/install/teleop_tools/share/teleop_tools/package.ps1'
[23.793s] INFO:colcon.colcon_core.shell:Creating package descriptor '/home/sh/projects/f1tenth_miru3/install/teleop_tools/share/teleop_tools/package.dsv'
[23.794s] INFO:colcon.colcon_core.shell:Creating package script '/home/sh/projects/f1tenth_miru3/install/teleop_tools/share/teleop_tools/package.sh'
[23.795s] INFO:colcon.colcon_core.shell:Creating package script '/home/sh/projects/f1tenth_miru3/install/teleop_tools/share/teleop_tools/package.bash'
[23.795s] INFO:colcon.colcon_core.shell:Creating package script '/home/sh/projects/f1tenth_miru3/install/teleop_tools/share/teleop_tools/package.zsh'
[23.796s] Level 1:colcon.colcon_core.environment:create_file_with_runtime_dependencies(/home/sh/projects/f1tenth_miru3/install/teleop_tools/share/colcon-core/packages/teleop_tools)
[23.797s] Level 1:colcon.colcon_core.environment:create_environment_scripts_only(teleop_tools)
[23.798s] Level 1:colcon.colcon_core.environment:checking '/home/sh/projects/f1tenth_miru3/install/teleop_tools' for CMake module files
[23.799s] Level 1:colcon.colcon_core.environment:checking '/home/sh/projects/f1tenth_miru3/install/teleop_tools' for CMake config files
[23.799s] Level 1:colcon.colcon_core.shell:create_environment_hook('teleop_tools', 'cmake_prefix_path')
[23.800s] INFO:colcon.colcon_core.shell:Creating environment hook '/home/sh/projects/f1tenth_miru3/install/teleop_tools/share/teleop_tools/hook/cmake_prefix_path.ps1'
[23.801s] INFO:colcon.colcon_core.shell:Creating environment descriptor '/home/sh/projects/f1tenth_miru3/install/teleop_tools/share/teleop_tools/hook/cmake_prefix_path.dsv'
[23.802s] INFO:colcon.colcon_core.shell:Creating environment hook '/home/sh/projects/f1tenth_miru3/install/teleop_tools/share/teleop_tools/hook/cmake_prefix_path.sh'
[23.803s] Level 1:colcon.colcon_core.environment:checking '/home/sh/projects/f1tenth_miru3/install/teleop_tools/bin'
[23.804s] Level 1:colcon.colcon_core.environment:checking '/home/sh/projects/f1tenth_miru3/install/teleop_tools/lib/pkgconfig/teleop_tools.pc'
[23.804s] Level 1:colcon.colcon_core.environment:checking '/home/sh/projects/f1tenth_miru3/install/teleop_tools/lib/python3.10/site-packages'
[23.805s] Level 1:colcon.colcon_core.environment:checking '/home/sh/projects/f1tenth_miru3/install/teleop_tools/bin'
[23.806s] INFO:colcon.colcon_core.shell:Creating package script '/home/sh/projects/f1tenth_miru3/install/teleop_tools/share/teleop_tools/package.ps1'
[23.808s] INFO:colcon.colcon_core.shell:Creating package descriptor '/home/sh/projects/f1tenth_miru3/install/teleop_tools/share/teleop_tools/package.dsv'
[23.810s] INFO:colcon.colcon_core.shell:Creating package script '/home/sh/projects/f1tenth_miru3/install/teleop_tools/share/teleop_tools/package.sh'
[23.812s] INFO:colcon.colcon_core.shell:Creating package script '/home/sh/projects/f1tenth_miru3/install/teleop_tools/share/teleop_tools/package.bash'
[23.814s] INFO:colcon.colcon_core.shell:Creating package script '/home/sh/projects/f1tenth_miru3/install/teleop_tools/share/teleop_tools/package.zsh'
[23.816s] Level 1:colcon.colcon_core.environment:create_file_with_runtime_dependencies(/home/sh/projects/f1tenth_miru3/install/teleop_tools/share/colcon-core/packages/teleop_tools)
[24.651s] DEBUG:colcon.colcon_core.event_handler.log_command:Invoked command in '/home/sh/projects/f1tenth_miru3/build/vesc_driver' returned '0': AMENT_PREFIX_PATH=/home/sh/projects/f1tenth_miru3/install/vesc_msgs:${AMENT_PREFIX_PATH} CMAKE_PREFIX_PATH=/home/sh/projects/f1tenth_miru3/install/vesc_msgs:/home/sh/projects/f1tenth_miru3/install/f1tenth_slam_nav:/home/sh/projects/f1tenth_miru3/install/vesc:/home/sh/projects/f1tenth_miru3/install/vesc_driver:/home/sh/projects/f1tenth_miru3/install/vesc_ackermann:/home/sh/projects/f1tenth_miru3/install/teleop_tools:/home/sh/projects/f1tenth_miru3/install/teleop_tools_msgs:/home/sh/projects/f1tenth_miru3/install/real_pure_pursuit:/home/sh/projects/f1tenth_miru3/install/pure_pursuit:/home/sh/projects/f1tenth_miru3/install/path_planner:/home/sh/projects/f1tenth_miru3/install/path_follow:/home/sh/projects/f1tenth_miru3/install/map_controller:/home/sh/projects/f1tenth_miru3/install/lidar_processing:/home/sh/projects/f1tenth_miru3/install/center_follow_cpp:/home/sh/projects/f1tenth_miru3/install/ackermann_mux:/home/sh/f1tenth_ws/install/f1tenth_gym_ros:/home/sh/projects/f1tenth_miru3/install/f1tenth_stack:/home/sh/projects/f1tenth_miru3/install/joy_teleop:/home/sh/projects/f1tenth_miru3/install/pygame_key_teleop:/home/sh/projects/f1tenth_miru3/install/mouse_teleop:/home/sh/projects/f1tenth_miru3/install/key_teleop:/home/sh/projects/f1tenth_miru3/install/forza_map_controller:/home/sh/projects/f1tenth_miru3/install/f1tenth_path_planner:/opt/ros/humble LD_LIBRARY_PATH=/home/sh/projects/f1tenth_miru3/install/vesc_msgs/lib:/home/sh/projects/f1tenth_miru3/install/vesc_driver/lib:/home/sh/projects/f1tenth_miru3/install/vesc_ackermann/lib:/home/sh/projects/f1tenth_miru3/install/teleop_tools_msgs/lib:/home/sh/projects/f1tenth_miru3/install/map_controller/lib:/opt/ros/humble/opt/rviz_ogre_vendor/lib:/opt/ros/humble/lib/x86_64-linux-gnu:/opt/ros/humble/lib:/home/sh/../../lib:/home/sh/../../../blasfeo/lib PYTHONPATH=/home/sh/projects/f1tenth_miru3/install/vesc_msgs/local/lib/python3.10/dist-packages:${PYTHONPATH} /usr/bin/cmake /home/sh/projects/f1tenth_miru3/src/f1tenth_system/vesc/vesc_driver -DAMENT_CMAKE_SYMLINK_INSTALL=1 -DCMAKE_INSTALL_PREFIX=/home/sh/projects/f1tenth_miru3/install/vesc_driver
[24.657s] DEBUG:colcon.colcon_core.event_handler.log_command:Invoking command in '/home/sh/projects/f1tenth_miru3/build/vesc_driver': AMENT_PREFIX_PATH=/home/sh/projects/f1tenth_miru3/install/vesc_msgs:${AMENT_PREFIX_PATH} CMAKE_PREFIX_PATH=/home/sh/projects/f1tenth_miru3/install/vesc_msgs:/home/sh/projects/f1tenth_miru3/install/f1tenth_slam_nav:/home/sh/projects/f1tenth_miru3/install/vesc:/home/sh/projects/f1tenth_miru3/install/vesc_driver:/home/sh/projects/f1tenth_miru3/install/vesc_ackermann:/home/sh/projects/f1tenth_miru3/install/teleop_tools:/home/sh/projects/f1tenth_miru3/install/teleop_tools_msgs:/home/sh/projects/f1tenth_miru3/install/real_pure_pursuit:/home/sh/projects/f1tenth_miru3/install/pure_pursuit:/home/sh/projects/f1tenth_miru3/install/path_planner:/home/sh/projects/f1tenth_miru3/install/path_follow:/home/sh/projects/f1tenth_miru3/install/map_controller:/home/sh/projects/f1tenth_miru3/install/lidar_processing:/home/sh/projects/f1tenth_miru3/install/center_follow_cpp:/home/sh/projects/f1tenth_miru3/install/ackermann_mux:/home/sh/f1tenth_ws/install/f1tenth_gym_ros:/home/sh/projects/f1tenth_miru3/install/f1tenth_stack:/home/sh/projects/f1tenth_miru3/install/joy_teleop:/home/sh/projects/f1tenth_miru3/install/pygame_key_teleop:/home/sh/projects/f1tenth_miru3/install/mouse_teleop:/home/sh/projects/f1tenth_miru3/install/key_teleop:/home/sh/projects/f1tenth_miru3/install/forza_map_controller:/home/sh/projects/f1tenth_miru3/install/f1tenth_path_planner:/opt/ros/humble LD_LIBRARY_PATH=/home/sh/projects/f1tenth_miru3/install/vesc_msgs/lib:/home/sh/projects/f1tenth_miru3/install/vesc_driver/lib:/home/sh/projects/f1tenth_miru3/install/vesc_ackermann/lib:/home/sh/projects/f1tenth_miru3/install/teleop_tools_msgs/lib:/home/sh/projects/f1tenth_miru3/install/map_controller/lib:/opt/ros/humble/opt/rviz_ogre_vendor/lib:/opt/ros/humble/lib/x86_64-linux-gnu:/opt/ros/humble/lib:/home/sh/../../lib:/home/sh/../../../blasfeo/lib PYTHONPATH=/home/sh/projects/f1tenth_miru3/install/vesc_msgs/local/lib/python3.10/dist-packages:${PYTHONPATH} /usr/bin/cmake --build /home/sh/projects/f1tenth_miru3/build/vesc_driver -- -j16 -l16
[25.117s] DEBUG:colcon.colcon_core.event_handler.log_command:Invoked command in '/home/sh/projects/f1tenth_miru3/build/vesc_ackermann' returned '0': AMENT_PREFIX_PATH=/home/sh/projects/f1tenth_miru3/install/vesc_msgs:${AMENT_PREFIX_PATH} CMAKE_PREFIX_PATH=/home/sh/projects/f1tenth_miru3/install/vesc_msgs:/home/sh/projects/f1tenth_miru3/install/f1tenth_slam_nav:/home/sh/projects/f1tenth_miru3/install/vesc:/home/sh/projects/f1tenth_miru3/install/vesc_driver:/home/sh/projects/f1tenth_miru3/install/vesc_ackermann:/home/sh/projects/f1tenth_miru3/install/teleop_tools:/home/sh/projects/f1tenth_miru3/install/teleop_tools_msgs:/home/sh/projects/f1tenth_miru3/install/real_pure_pursuit:/home/sh/projects/f1tenth_miru3/install/pure_pursuit:/home/sh/projects/f1tenth_miru3/install/path_planner:/home/sh/projects/f1tenth_miru3/install/path_follow:/home/sh/projects/f1tenth_miru3/install/map_controller:/home/sh/projects/f1tenth_miru3/install/lidar_processing:/home/sh/projects/f1tenth_miru3/install/center_follow_cpp:/home/sh/projects/f1tenth_miru3/install/ackermann_mux:/home/sh/f1tenth_ws/install/f1tenth_gym_ros:/home/sh/projects/f1tenth_miru3/install/f1tenth_stack:/home/sh/projects/f1tenth_miru3/install/joy_teleop:/home/sh/projects/f1tenth_miru3/install/pygame_key_teleop:/home/sh/projects/f1tenth_miru3/install/mouse_teleop:/home/sh/projects/f1tenth_miru3/install/key_teleop:/home/sh/projects/f1tenth_miru3/install/forza_map_controller:/home/sh/projects/f1tenth_miru3/install/f1tenth_path_planner:/opt/ros/humble LD_LIBRARY_PATH=/home/sh/projects/f1tenth_miru3/install/vesc_msgs/lib:/home/sh/projects/f1tenth_miru3/install/vesc_driver/lib:/home/sh/projects/f1tenth_miru3/install/vesc_ackermann/lib:/home/sh/projects/f1tenth_miru3/install/teleop_tools_msgs/lib:/home/sh/projects/f1tenth_miru3/install/map_controller/lib:/opt/ros/humble/opt/rviz_ogre_vendor/lib:/opt/ros/humble/lib/x86_64-linux-gnu:/opt/ros/humble/lib:/home/sh/../../lib:/home/sh/../../../blasfeo/lib PYTHONPATH=/home/sh/projects/f1tenth_miru3/install/vesc_msgs/local/lib/python3.10/dist-packages:${PYTHONPATH} /usr/bin/cmake /home/sh/projects/f1tenth_miru3/src/f1tenth_system/vesc/vesc_ackermann -DAMENT_CMAKE_SYMLINK_INSTALL=1 -DCMAKE_INSTALL_PREFIX=/home/sh/projects/f1tenth_miru3/install/vesc_ackermann
[25.122s] DEBUG:colcon.colcon_core.event_handler.log_command:Invoking command in '/home/sh/projects/f1tenth_miru3/build/vesc_ackermann': AMENT_PREFIX_PATH=/home/sh/projects/f1tenth_miru3/install/vesc_msgs:${AMENT_PREFIX_PATH} CMAKE_PREFIX_PATH=/home/sh/projects/f1tenth_miru3/install/vesc_msgs:/home/sh/projects/f1tenth_miru3/install/f1tenth_slam_nav:/home/sh/projects/f1tenth_miru3/install/vesc:/home/sh/projects/f1tenth_miru3/install/vesc_driver:/home/sh/projects/f1tenth_miru3/install/vesc_ackermann:/home/sh/projects/f1tenth_miru3/install/teleop_tools:/home/sh/projects/f1tenth_miru3/install/teleop_tools_msgs:/home/sh/projects/f1tenth_miru3/install/real_pure_pursuit:/home/sh/projects/f1tenth_miru3/install/pure_pursuit:/home/sh/projects/f1tenth_miru3/install/path_planner:/home/sh/projects/f1tenth_miru3/install/path_follow:/home/sh/projects/f1tenth_miru3/install/map_controller:/home/sh/projects/f1tenth_miru3/install/lidar_processing:/home/sh/projects/f1tenth_miru3/install/center_follow_cpp:/home/sh/projects/f1tenth_miru3/install/ackermann_mux:/home/sh/f1tenth_ws/install/f1tenth_gym_ros:/home/sh/projects/f1tenth_miru3/install/f1tenth_stack:/home/sh/projects/f1tenth_miru3/install/joy_teleop:/home/sh/projects/f1tenth_miru3/install/pygame_key_teleop:/home/sh/projects/f1tenth_miru3/install/mouse_teleop:/home/sh/projects/f1tenth_miru3/install/key_teleop:/home/sh/projects/f1tenth_miru3/install/forza_map_controller:/home/sh/projects/f1tenth_miru3/install/f1tenth_path_planner:/opt/ros/humble LD_LIBRARY_PATH=/home/sh/projects/f1tenth_miru3/install/vesc_msgs/lib:/home/sh/projects/f1tenth_miru3/install/vesc_driver/lib:/home/sh/projects/f1tenth_miru3/install/vesc_ackermann/lib:/home/sh/projects/f1tenth_miru3/install/teleop_tools_msgs/lib:/home/sh/projects/f1tenth_miru3/install/map_controller/lib:/opt/ros/humble/opt/rviz_ogre_vendor/lib:/opt/ros/humble/lib/x86_64-linux-gnu:/opt/ros/humble/lib:/home/sh/../../lib:/home/sh/../../../blasfeo/lib PYTHONPATH=/home/sh/projects/f1tenth_miru3/install/vesc_msgs/local/lib/python3.10/dist-packages:${PYTHONPATH} /usr/bin/cmake --build /home/sh/projects/f1tenth_miru3/build/vesc_ackermann -- -j16 -l16
[42.251s] DEBUG:colcon.colcon_core.event_handler.log_command:Invoked command in '/home/sh/projects/f1tenth_miru3/build/vesc_ackermann' returned '2': AMENT_PREFIX_PATH=/home/sh/projects/f1tenth_miru3/install/vesc_msgs:${AMENT_PREFIX_PATH} CMAKE_PREFIX_PATH=/home/sh/projects/f1tenth_miru3/install/vesc_msgs:/home/sh/projects/f1tenth_miru3/install/f1tenth_slam_nav:/home/sh/projects/f1tenth_miru3/install/vesc:/home/sh/projects/f1tenth_miru3/install/vesc_driver:/home/sh/projects/f1tenth_miru3/install/vesc_ackermann:/home/sh/projects/f1tenth_miru3/install/teleop_tools:/home/sh/projects/f1tenth_miru3/install/teleop_tools_msgs:/home/sh/projects/f1tenth_miru3/install/real_pure_pursuit:/home/sh/projects/f1tenth_miru3/install/pure_pursuit:/home/sh/projects/f1tenth_miru3/install/path_planner:/home/sh/projects/f1tenth_miru3/install/path_follow:/home/sh/projects/f1tenth_miru3/install/map_controller:/home/sh/projects/f1tenth_miru3/install/lidar_processing:/home/sh/projects/f1tenth_miru3/install/center_follow_cpp:/home/sh/projects/f1tenth_miru3/install/ackermann_mux:/home/sh/f1tenth_ws/install/f1tenth_gym_ros:/home/sh/projects/f1tenth_miru3/install/f1tenth_stack:/home/sh/projects/f1tenth_miru3/install/joy_teleop:/home/sh/projects/f1tenth_miru3/install/pygame_key_teleop:/home/sh/projects/f1tenth_miru3/install/mouse_teleop:/home/sh/projects/f1tenth_miru3/install/key_teleop:/home/sh/projects/f1tenth_miru3/install/forza_map_controller:/home/sh/projects/f1tenth_miru3/install/f1tenth_path_planner:/opt/ros/humble LD_LIBRARY_PATH=/home/sh/projects/f1tenth_miru3/install/vesc_msgs/lib:/home/sh/projects/f1tenth_miru3/install/vesc_driver/lib:/home/sh/projects/f1tenth_miru3/install/vesc_ackermann/lib:/home/sh/projects/f1tenth_miru3/install/teleop_tools_msgs/lib:/home/sh/projects/f1tenth_miru3/install/map_controller/lib:/opt/ros/humble/opt/rviz_ogre_vendor/lib:/opt/ros/humble/lib/x86_64-linux-gnu:/opt/ros/humble/lib:/home/sh/../../lib:/home/sh/../../../blasfeo/lib PYTHONPATH=/home/sh/projects/f1tenth_miru3/install/vesc_msgs/local/lib/python3.10/dist-packages:${PYTHONPATH} /usr/bin/cmake --build /home/sh/projects/f1tenth_miru3/build/vesc_ackermann -- -j16 -l16
[42.252s] Level 1:colcon.colcon_core.environment:create_environment_scripts_only(vesc_ackermann)
[42.253s] Level 1:colcon.colcon_core.environment:checking '/home/sh/projects/f1tenth_miru3/install/vesc_ackermann' for CMake module files
[42.254s] Level 1:colcon.colcon_core.environment:checking '/home/sh/projects/f1tenth_miru3/install/vesc_ackermann' for CMake config files
[42.254s] Level 1:colcon.colcon_core.environment:checking '/home/sh/projects/f1tenth_miru3/install/vesc_ackermann/bin'
[42.255s] Level 1:colcon.colcon_core.environment:checking '/home/sh/projects/f1tenth_miru3/install/vesc_ackermann/lib/pkgconfig/vesc_ackermann.pc'
[42.255s] Level 1:colcon.colcon_core.environment:checking '/home/sh/projects/f1tenth_miru3/install/vesc_ackermann/lib/python3.10/site-packages'
[42.256s] Level 1:colcon.colcon_core.environment:checking '/home/sh/projects/f1tenth_miru3/install/vesc_ackermann/bin'
[42.257s] INFO:colcon.colcon_core.shell:Creating package script '/home/sh/projects/f1tenth_miru3/install/vesc_ackermann/share/vesc_ackermann/package.ps1'
[42.258s] INFO:colcon.colcon_core.shell:Creating package descriptor '/home/sh/projects/f1tenth_miru3/install/vesc_ackermann/share/vesc_ackermann/package.dsv'
[42.260s] INFO:colcon.colcon_core.shell:Creating package script '/home/sh/projects/f1tenth_miru3/install/vesc_ackermann/share/vesc_ackermann/package.sh'
[42.261s] INFO:colcon.colcon_core.shell:Creating package script '/home/sh/projects/f1tenth_miru3/install/vesc_ackermann/share/vesc_ackermann/package.bash'
[42.262s] INFO:colcon.colcon_core.shell:Creating package script '/home/sh/projects/f1tenth_miru3/install/vesc_ackermann/share/vesc_ackermann/package.zsh'
[42.263s] Level 1:colcon.colcon_core.environment:create_file_with_runtime_dependencies(/home/sh/projects/f1tenth_miru3/install/vesc_ackermann/share/colcon-core/packages/vesc_ackermann)
[51.222s] DEBUG:colcon.colcon_parallel_executor.executor.parallel:closing loop
[51.222s] DEBUG:colcon.colcon_parallel_executor.executor.parallel:loop closed
[51.223s] DEBUG:colcon.colcon_parallel_executor.executor.parallel:run_until_complete finished with '2'
[51.223s] DEBUG:colcon.colcon_core.event_reactor:joining thread
[51.234s] INFO:colcon.colcon_core.plugin_system:Skipping extension 'colcon_notification.desktop_notification.terminal_notifier': Not used on non-Darwin systems
[51.234s] INFO:colcon.colcon_core.plugin_system:Skipping extension 'colcon_notification.desktop_notification.win32': Not used on non-Windows systems
[51.234s] INFO:colcon.colcon_notification.desktop_notification:Sending desktop notification using 'notify2'
[51.257s] DEBUG:colcon.colcon_core.event_reactor:joined thread
[51.258s] INFO:colcon.colcon_core.shell:Creating prefix script '/home/sh/projects/f1tenth_miru3/install/local_setup.ps1'
[51.261s] INFO:colcon.colcon_core.shell:Creating prefix util module '/home/sh/projects/f1tenth_miru3/install/_local_setup_util_ps1.py'
[51.263s] INFO:colcon.colcon_core.shell:Creating prefix chain script '/home/sh/projects/f1tenth_miru3/install/setup.ps1'
[51.266s] INFO:colcon.colcon_core.shell:Creating prefix script '/home/sh/projects/f1tenth_miru3/install/local_setup.sh'
[51.267s] INFO:colcon.colcon_core.shell:Creating prefix util module '/home/sh/projects/f1tenth_miru3/install/_local_setup_util_sh.py'
[51.269s] INFO:colcon.colcon_core.shell:Creating prefix chain script '/home/sh/projects/f1tenth_miru3/install/setup.sh'
[51.272s] INFO:colcon.colcon_core.shell:Creating prefix script '/home/sh/projects/f1tenth_miru3/install/local_setup.bash'
[51.273s] INFO:colcon.colcon_core.shell:Creating prefix chain script '/home/sh/projects/f1tenth_miru3/install/setup.bash'
[51.276s] INFO:colcon.colcon_core.shell:Creating prefix script '/home/sh/projects/f1tenth_miru3/install/local_setup.zsh'
[51.277s] INFO:colcon.colcon_core.shell:Creating prefix chain script '/home/sh/projects/f1tenth_miru3/install/setup.zsh'
