[0.105s] DEBUG:colcon:Command line arguments: ['/usr/bin/colcon', 'build', '--symlink-install', '--packages-select', 'bound_obstacle_detector']
[0.105s] DEBUG:colcon:Parsed command line arguments: Namespace(allow_overriding=[], ament_cmake_args=None, base_paths=['.'], build_base='build', catkin_cmake_args=None, catkin_skip_building_tests=False, cmake_args=None, cmake_clean_cache=False, cmake_clean_first=False, cmake_force_configure=False, cmake_target=None, cmake_target_skip_unavailable=False, continue_on_error=False, event_handlers=None, executor='parallel', ignore_user_meta=False, install_base='install', log_base=None, log_level=None, main=<bound method BuildVerb.main of <colcon_core.verb.build.BuildVerb object at 0x7f36ecdb5070>>, merge_install=False, metas=['./colcon.meta'], packages_above=None, packages_above_and_dependencies=None, packages_above_depth=None, packages_end=None, packages_ignore=None, packages_ignore_regex=None, packages_select=['bound_obstacle_detector'], packages_select_build_failed=False, packages_select_by_dep=None, packages_select_regex=None, packages_select_test_failures=False, packages_skip=None, packages_skip_build_finished=False, packages_skip_by_dep=None, packages_skip_regex=None, packages_skip_test_passed=False, packages_skip_up_to=None, packages_start=None, packages_up_to=None, packages_up_to_regex=None, parallel_workers=16, paths=None, symlink_install=True, test_result_base=None, verb_extension=<colcon_core.verb.build.BuildVerb object at 0x7f36ecdb5070>, verb_name='build', verb_parser=<colcon_defaults.argument_parser.defaults.DefaultArgumentsDecorator object at 0x7f36ecd0c190>)
[0.181s] Level 1:colcon.colcon_core.package_discovery:discover_packages(colcon_meta) check parameters
[0.181s] Level 1:colcon.colcon_core.package_discovery:discover_packages(recursive) check parameters
[0.181s] Level 1:colcon.colcon_core.package_discovery:discover_packages(ignore) check parameters
[0.181s] Level 1:colcon.colcon_core.package_discovery:discover_packages(path) check parameters
[0.181s] Level 1:colcon.colcon_core.package_discovery:discover_packages(colcon_meta) discover
[0.181s] Level 1:colcon.colcon_core.package_discovery:discover_packages(recursive) discover
[0.181s] INFO:colcon.colcon_core.package_discovery:Crawling recursively for packages in '/home/moon/sim_ws'
[0.181s] Level 1:colcon.colcon_core.package_identification:_identify(.) by extensions ['ignore', 'ignore_ament_install']
[0.181s] Level 1:colcon.colcon_core.package_identification:_identify(.) by extension 'ignore'
[0.181s] Level 1:colcon.colcon_core.package_identification:_identify(.) by extension 'ignore_ament_install'
[0.181s] Level 1:colcon.colcon_core.package_identification:_identify(.) by extensions ['colcon_pkg']
[0.181s] Level 1:colcon.colcon_core.package_identification:_identify(.) by extension 'colcon_pkg'
[0.181s] Level 1:colcon.colcon_core.package_identification:_identify(.) by extensions ['colcon_meta']
[0.181s] Level 1:colcon.colcon_core.package_identification:_identify(.) by extension 'colcon_meta'
[0.181s] Level 1:colcon.colcon_core.package_identification:_identify(.) by extensions ['ros']
[0.181s] Level 1:colcon.colcon_core.package_identification:_identify(.) by extension 'ros'
[0.188s] Level 1:colcon.colcon_core.package_identification:_identify(.) by extensions ['cmake', 'python']
[0.188s] Level 1:colcon.colcon_core.package_identification:_identify(.) by extension 'cmake'
[0.188s] Level 1:colcon.colcon_core.package_identification:_identify(.) by extension 'python'
[0.188s] Level 1:colcon.colcon_core.package_identification:_identify(.) by extensions ['python_setup_py']
[0.188s] Level 1:colcon.colcon_core.package_identification:_identify(.) by extension 'python_setup_py'
[0.188s] Level 1:colcon.colcon_core.package_identification:_identify(bounds_out) by extensions ['ignore', 'ignore_ament_install']
[0.188s] Level 1:colcon.colcon_core.package_identification:_identify(bounds_out) by extension 'ignore'
[0.188s] Level 1:colcon.colcon_core.package_identification:_identify(bounds_out) by extension 'ignore_ament_install'
[0.188s] Level 1:colcon.colcon_core.package_identification:_identify(bounds_out) by extensions ['colcon_pkg']
[0.188s] Level 1:colcon.colcon_core.package_identification:_identify(bounds_out) by extension 'colcon_pkg'
[0.188s] Level 1:colcon.colcon_core.package_identification:_identify(bounds_out) by extensions ['colcon_meta']
[0.188s] Level 1:colcon.colcon_core.package_identification:_identify(bounds_out) by extension 'colcon_meta'
[0.188s] Level 1:colcon.colcon_core.package_identification:_identify(bounds_out) by extensions ['ros']
[0.188s] Level 1:colcon.colcon_core.package_identification:_identify(bounds_out) by extension 'ros'
[0.188s] Level 1:colcon.colcon_core.package_identification:_identify(bounds_out) by extensions ['cmake', 'python']
[0.188s] Level 1:colcon.colcon_core.package_identification:_identify(bounds_out) by extension 'cmake'
[0.188s] Level 1:colcon.colcon_core.package_identification:_identify(bounds_out) by extension 'python'
[0.188s] Level 1:colcon.colcon_core.package_identification:_identify(bounds_out) by extensions ['python_setup_py']
[0.188s] Level 1:colcon.colcon_core.package_identification:_identify(bounds_out) by extension 'python_setup_py'
[0.188s] Level 1:colcon.colcon_core.package_identification:_identify(build) by extensions ['ignore', 'ignore_ament_install']
[0.188s] Level 1:colcon.colcon_core.package_identification:_identify(build) by extension 'ignore'
[0.188s] Level 1:colcon.colcon_core.package_identification:_identify(build) ignored
[0.188s] Level 1:colcon.colcon_core.package_identification:_identify(config) by extensions ['ignore', 'ignore_ament_install']
[0.188s] Level 1:colcon.colcon_core.package_identification:_identify(config) by extension 'ignore'
[0.188s] Level 1:colcon.colcon_core.package_identification:_identify(config) by extension 'ignore_ament_install'
[0.188s] Level 1:colcon.colcon_core.package_identification:_identify(config) by extensions ['colcon_pkg']
[0.188s] Level 1:colcon.colcon_core.package_identification:_identify(config) by extension 'colcon_pkg'
[0.188s] Level 1:colcon.colcon_core.package_identification:_identify(config) by extensions ['colcon_meta']
[0.188s] Level 1:colcon.colcon_core.package_identification:_identify(config) by extension 'colcon_meta'
[0.188s] Level 1:colcon.colcon_core.package_identification:_identify(config) by extensions ['ros']
[0.188s] Level 1:colcon.colcon_core.package_identification:_identify(config) by extension 'ros'
[0.188s] Level 1:colcon.colcon_core.package_identification:_identify(config) by extensions ['cmake', 'python']
[0.188s] Level 1:colcon.colcon_core.package_identification:_identify(config) by extension 'cmake'
[0.188s] Level 1:colcon.colcon_core.package_identification:_identify(config) by extension 'python'
[0.189s] Level 1:colcon.colcon_core.package_identification:_identify(config) by extensions ['python_setup_py']
[0.189s] Level 1:colcon.colcon_core.package_identification:_identify(config) by extension 'python_setup_py'
[0.189s] Level 1:colcon.colcon_core.package_identification:_identify(install) by extensions ['ignore', 'ignore_ament_install']
[0.189s] Level 1:colcon.colcon_core.package_identification:_identify(install) by extension 'ignore'
[0.189s] Level 1:colcon.colcon_core.package_identification:_identify(install) ignored
[0.189s] Level 1:colcon.colcon_core.package_identification:_identify(log) by extensions ['ignore', 'ignore_ament_install']
[0.189s] Level 1:colcon.colcon_core.package_identification:_identify(log) by extension 'ignore'
[0.189s] Level 1:colcon.colcon_core.package_identification:_identify(log) ignored
[0.189s] Level 1:colcon.colcon_core.package_identification:_identify(maps) by extensions ['ignore', 'ignore_ament_install']
[0.189s] Level 1:colcon.colcon_core.package_identification:_identify(maps) by extension 'ignore'
[0.189s] Level 1:colcon.colcon_core.package_identification:_identify(maps) by extension 'ignore_ament_install'
[0.189s] Level 1:colcon.colcon_core.package_identification:_identify(maps) by extensions ['colcon_pkg']
[0.189s] Level 1:colcon.colcon_core.package_identification:_identify(maps) by extension 'colcon_pkg'
[0.189s] Level 1:colcon.colcon_core.package_identification:_identify(maps) by extensions ['colcon_meta']
[0.189s] Level 1:colcon.colcon_core.package_identification:_identify(maps) by extension 'colcon_meta'
[0.189s] Level 1:colcon.colcon_core.package_identification:_identify(maps) by extensions ['ros']
[0.189s] Level 1:colcon.colcon_core.package_identification:_identify(maps) by extension 'ros'
[0.189s] Level 1:colcon.colcon_core.package_identification:_identify(maps) by extensions ['cmake', 'python']
[0.189s] Level 1:colcon.colcon_core.package_identification:_identify(maps) by extension 'cmake'
[0.189s] Level 1:colcon.colcon_core.package_identification:_identify(maps) by extension 'python'
[0.189s] Level 1:colcon.colcon_core.package_identification:_identify(maps) by extensions ['python_setup_py']
[0.189s] Level 1:colcon.colcon_core.package_identification:_identify(maps) by extension 'python_setup_py'
[0.189s] Level 1:colcon.colcon_core.package_identification:_identify(path_generate) by extensions ['ignore', 'ignore_ament_install']
[0.189s] Level 1:colcon.colcon_core.package_identification:_identify(path_generate) by extension 'ignore'
[0.189s] Level 1:colcon.colcon_core.package_identification:_identify(path_generate) by extension 'ignore_ament_install'
[0.189s] Level 1:colcon.colcon_core.package_identification:_identify(path_generate) by extensions ['colcon_pkg']
[0.189s] Level 1:colcon.colcon_core.package_identification:_identify(path_generate) by extension 'colcon_pkg'
[0.189s] Level 1:colcon.colcon_core.package_identification:_identify(path_generate) by extensions ['colcon_meta']
[0.189s] Level 1:colcon.colcon_core.package_identification:_identify(path_generate) by extension 'colcon_meta'
[0.189s] Level 1:colcon.colcon_core.package_identification:_identify(path_generate) by extensions ['ros']
[0.189s] Level 1:colcon.colcon_core.package_identification:_identify(path_generate) by extension 'ros'
[0.189s] Level 1:colcon.colcon_core.package_identification:_identify(path_generate) by extensions ['cmake', 'python']
[0.189s] Level 1:colcon.colcon_core.package_identification:_identify(path_generate) by extension 'cmake'
[0.189s] Level 1:colcon.colcon_core.package_identification:_identify(path_generate) by extension 'python'
[0.189s] Level 1:colcon.colcon_core.package_identification:_identify(path_generate) by extensions ['python_setup_py']
[0.189s] Level 1:colcon.colcon_core.package_identification:_identify(path_generate) by extension 'python_setup_py'
[0.189s] Level 1:colcon.colcon_core.package_identification:_identify(path_generate/center-line-fitting) by extensions ['ignore', 'ignore_ament_install']
[0.190s] Level 1:colcon.colcon_core.package_identification:_identify(path_generate/center-line-fitting) by extension 'ignore'
[0.190s] Level 1:colcon.colcon_core.package_identification:_identify(path_generate/center-line-fitting) by extension 'ignore_ament_install'
[0.190s] Level 1:colcon.colcon_core.package_identification:_identify(path_generate/center-line-fitting) by extensions ['colcon_pkg']
[0.190s] Level 1:colcon.colcon_core.package_identification:_identify(path_generate/center-line-fitting) by extension 'colcon_pkg'
[0.190s] Level 1:colcon.colcon_core.package_identification:_identify(path_generate/center-line-fitting) by extensions ['colcon_meta']
[0.190s] Level 1:colcon.colcon_core.package_identification:_identify(path_generate/center-line-fitting) by extension 'colcon_meta'
[0.190s] Level 1:colcon.colcon_core.package_identification:_identify(path_generate/center-line-fitting) by extensions ['ros']
[0.190s] Level 1:colcon.colcon_core.package_identification:_identify(path_generate/center-line-fitting) by extension 'ros'
[0.190s] Level 1:colcon.colcon_core.package_identification:_identify(path_generate/center-line-fitting) by extensions ['cmake', 'python']
[0.190s] Level 1:colcon.colcon_core.package_identification:_identify(path_generate/center-line-fitting) by extension 'cmake'
[0.190s] Level 1:colcon.colcon_core.package_identification:_identify(path_generate/center-line-fitting) by extension 'python'
[0.190s] Level 1:colcon.colcon_core.package_identification:_identify(path_generate/center-line-fitting) by extensions ['python_setup_py']
[0.190s] Level 1:colcon.colcon_core.package_identification:_identify(path_generate/center-line-fitting) by extension 'python_setup_py'
[0.190s] Level 1:colcon.colcon_core.package_identification:_identify(path_generate/center-line-fitting/src) by extensions ['ignore', 'ignore_ament_install']
[0.190s] Level 1:colcon.colcon_core.package_identification:_identify(path_generate/center-line-fitting/src) by extension 'ignore'
[0.190s] Level 1:colcon.colcon_core.package_identification:_identify(path_generate/center-line-fitting/src) by extension 'ignore_ament_install'
[0.190s] Level 1:colcon.colcon_core.package_identification:_identify(path_generate/center-line-fitting/src) by extensions ['colcon_pkg']
[0.190s] Level 1:colcon.colcon_core.package_identification:_identify(path_generate/center-line-fitting/src) by extension 'colcon_pkg'
[0.190s] Level 1:colcon.colcon_core.package_identification:_identify(path_generate/center-line-fitting/src) by extensions ['colcon_meta']
[0.190s] Level 1:colcon.colcon_core.package_identification:_identify(path_generate/center-line-fitting/src) by extension 'colcon_meta'
[0.190s] Level 1:colcon.colcon_core.package_identification:_identify(path_generate/center-line-fitting/src) by extensions ['ros']
[0.190s] Level 1:colcon.colcon_core.package_identification:_identify(path_generate/center-line-fitting/src) by extension 'ros'
[0.190s] Level 1:colcon.colcon_core.package_identification:_identify(path_generate/center-line-fitting/src) by extensions ['cmake', 'python']
[0.190s] Level 1:colcon.colcon_core.package_identification:_identify(path_generate/center-line-fitting/src) by extension 'cmake'
[0.190s] Level 1:colcon.colcon_core.package_identification:_identify(path_generate/center-line-fitting/src) by extension 'python'
[0.190s] Level 1:colcon.colcon_core.package_identification:_identify(path_generate/center-line-fitting/src) by extensions ['python_setup_py']
[0.190s] Level 1:colcon.colcon_core.package_identification:_identify(path_generate/center-line-fitting/src) by extension 'python_setup_py'
[0.190s] Level 1:colcon.colcon_core.package_identification:_identify(path_generate/global_racetrajectory_optimization) by extensions ['ignore', 'ignore_ament_install']
[0.190s] Level 1:colcon.colcon_core.package_identification:_identify(path_generate/global_racetrajectory_optimization) by extension 'ignore'
[0.190s] Level 1:colcon.colcon_core.package_identification:_identify(path_generate/global_racetrajectory_optimization) by extension 'ignore_ament_install'
[0.190s] Level 1:colcon.colcon_core.package_identification:_identify(path_generate/global_racetrajectory_optimization) by extensions ['colcon_pkg']
[0.190s] Level 1:colcon.colcon_core.package_identification:_identify(path_generate/global_racetrajectory_optimization) by extension 'colcon_pkg'
[0.190s] Level 1:colcon.colcon_core.package_identification:_identify(path_generate/global_racetrajectory_optimization) by extensions ['colcon_meta']
[0.190s] Level 1:colcon.colcon_core.package_identification:_identify(path_generate/global_racetrajectory_optimization) by extension 'colcon_meta'
[0.190s] Level 1:colcon.colcon_core.package_identification:_identify(path_generate/global_racetrajectory_optimization) by extensions ['ros']
[0.190s] Level 1:colcon.colcon_core.package_identification:_identify(path_generate/global_racetrajectory_optimization) by extension 'ros'
[0.190s] Level 1:colcon.colcon_core.package_identification:_identify(path_generate/global_racetrajectory_optimization) by extensions ['cmake', 'python']
[0.190s] Level 1:colcon.colcon_core.package_identification:_identify(path_generate/global_racetrajectory_optimization) by extension 'cmake'
[0.190s] Level 1:colcon.colcon_core.package_identification:_identify(path_generate/global_racetrajectory_optimization) by extension 'python'
[0.190s] Level 1:colcon.colcon_core.package_identification:_identify(path_generate/global_racetrajectory_optimization) by extensions ['python_setup_py']
[0.190s] Level 1:colcon.colcon_core.package_identification:_identify(path_generate/global_racetrajectory_optimization) by extension 'python_setup_py'
[0.191s] Level 1:colcon.colcon_core.package_identification:_identify(path_generate/global_racetrajectory_optimization/frictionmap) by extensions ['ignore', 'ignore_ament_install']
[0.191s] Level 1:colcon.colcon_core.package_identification:_identify(path_generate/global_racetrajectory_optimization/frictionmap) by extension 'ignore'
[0.191s] Level 1:colcon.colcon_core.package_identification:_identify(path_generate/global_racetrajectory_optimization/frictionmap) by extension 'ignore_ament_install'
[0.191s] Level 1:colcon.colcon_core.package_identification:_identify(path_generate/global_racetrajectory_optimization/frictionmap) by extensions ['colcon_pkg']
[0.191s] Level 1:colcon.colcon_core.package_identification:_identify(path_generate/global_racetrajectory_optimization/frictionmap) by extension 'colcon_pkg'
[0.191s] Level 1:colcon.colcon_core.package_identification:_identify(path_generate/global_racetrajectory_optimization/frictionmap) by extensions ['colcon_meta']
[0.191s] Level 1:colcon.colcon_core.package_identification:_identify(path_generate/global_racetrajectory_optimization/frictionmap) by extension 'colcon_meta'
[0.191s] Level 1:colcon.colcon_core.package_identification:_identify(path_generate/global_racetrajectory_optimization/frictionmap) by extensions ['ros']
[0.191s] Level 1:colcon.colcon_core.package_identification:_identify(path_generate/global_racetrajectory_optimization/frictionmap) by extension 'ros'
[0.191s] Level 1:colcon.colcon_core.package_identification:_identify(path_generate/global_racetrajectory_optimization/frictionmap) by extensions ['cmake', 'python']
[0.191s] Level 1:colcon.colcon_core.package_identification:_identify(path_generate/global_racetrajectory_optimization/frictionmap) by extension 'cmake'
[0.191s] Level 1:colcon.colcon_core.package_identification:_identify(path_generate/global_racetrajectory_optimization/frictionmap) by extension 'python'
[0.191s] Level 1:colcon.colcon_core.package_identification:_identify(path_generate/global_racetrajectory_optimization/frictionmap) by extensions ['python_setup_py']
[0.191s] Level 1:colcon.colcon_core.package_identification:_identify(path_generate/global_racetrajectory_optimization/frictionmap) by extension 'python_setup_py'
[0.191s] Level 1:colcon.colcon_core.package_identification:_identify(path_generate/global_racetrajectory_optimization/frictionmap/src) by extensions ['ignore', 'ignore_ament_install']
[0.191s] Level 1:colcon.colcon_core.package_identification:_identify(path_generate/global_racetrajectory_optimization/frictionmap/src) by extension 'ignore'
[0.191s] Level 1:colcon.colcon_core.package_identification:_identify(path_generate/global_racetrajectory_optimization/frictionmap/src) by extension 'ignore_ament_install'
[0.191s] Level 1:colcon.colcon_core.package_identification:_identify(path_generate/global_racetrajectory_optimization/frictionmap/src) by extensions ['colcon_pkg']
[0.191s] Level 1:colcon.colcon_core.package_identification:_identify(path_generate/global_racetrajectory_optimization/frictionmap/src) by extension 'colcon_pkg'
[0.191s] Level 1:colcon.colcon_core.package_identification:_identify(path_generate/global_racetrajectory_optimization/frictionmap/src) by extensions ['colcon_meta']
[0.191s] Level 1:colcon.colcon_core.package_identification:_identify(path_generate/global_racetrajectory_optimization/frictionmap/src) by extension 'colcon_meta'
[0.191s] Level 1:colcon.colcon_core.package_identification:_identify(path_generate/global_racetrajectory_optimization/frictionmap/src) by extensions ['ros']
[0.191s] Level 1:colcon.colcon_core.package_identification:_identify(path_generate/global_racetrajectory_optimization/frictionmap/src) by extension 'ros'
[0.191s] Level 1:colcon.colcon_core.package_identification:_identify(path_generate/global_racetrajectory_optimization/frictionmap/src) by extensions ['cmake', 'python']
[0.191s] Level 1:colcon.colcon_core.package_identification:_identify(path_generate/global_racetrajectory_optimization/frictionmap/src) by extension 'cmake'
[0.191s] Level 1:colcon.colcon_core.package_identification:_identify(path_generate/global_racetrajectory_optimization/frictionmap/src) by extension 'python'
[0.191s] Level 1:colcon.colcon_core.package_identification:_identify(path_generate/global_racetrajectory_optimization/frictionmap/src) by extensions ['python_setup_py']
[0.191s] Level 1:colcon.colcon_core.package_identification:_identify(path_generate/global_racetrajectory_optimization/frictionmap/src) by extension 'python_setup_py'
[0.191s] Level 1:colcon.colcon_core.package_identification:_identify(path_generate/global_racetrajectory_optimization/helper_funcs_glob) by extensions ['ignore', 'ignore_ament_install']
[0.191s] Level 1:colcon.colcon_core.package_identification:_identify(path_generate/global_racetrajectory_optimization/helper_funcs_glob) by extension 'ignore'
[0.191s] Level 1:colcon.colcon_core.package_identification:_identify(path_generate/global_racetrajectory_optimization/helper_funcs_glob) by extension 'ignore_ament_install'
[0.191s] Level 1:colcon.colcon_core.package_identification:_identify(path_generate/global_racetrajectory_optimization/helper_funcs_glob) by extensions ['colcon_pkg']
[0.191s] Level 1:colcon.colcon_core.package_identification:_identify(path_generate/global_racetrajectory_optimization/helper_funcs_glob) by extension 'colcon_pkg'
[0.191s] Level 1:colcon.colcon_core.package_identification:_identify(path_generate/global_racetrajectory_optimization/helper_funcs_glob) by extensions ['colcon_meta']
[0.191s] Level 1:colcon.colcon_core.package_identification:_identify(path_generate/global_racetrajectory_optimization/helper_funcs_glob) by extension 'colcon_meta'
[0.191s] Level 1:colcon.colcon_core.package_identification:_identify(path_generate/global_racetrajectory_optimization/helper_funcs_glob) by extensions ['ros']
[0.191s] Level 1:colcon.colcon_core.package_identification:_identify(path_generate/global_racetrajectory_optimization/helper_funcs_glob) by extension 'ros'
[0.191s] Level 1:colcon.colcon_core.package_identification:_identify(path_generate/global_racetrajectory_optimization/helper_funcs_glob) by extensions ['cmake', 'python']
[0.191s] Level 1:colcon.colcon_core.package_identification:_identify(path_generate/global_racetrajectory_optimization/helper_funcs_glob) by extension 'cmake'
[0.191s] Level 1:colcon.colcon_core.package_identification:_identify(path_generate/global_racetrajectory_optimization/helper_funcs_glob) by extension 'python'
[0.191s] Level 1:colcon.colcon_core.package_identification:_identify(path_generate/global_racetrajectory_optimization/helper_funcs_glob) by extensions ['python_setup_py']
[0.191s] Level 1:colcon.colcon_core.package_identification:_identify(path_generate/global_racetrajectory_optimization/helper_funcs_glob) by extension 'python_setup_py'
[0.192s] Level 1:colcon.colcon_core.package_identification:_identify(path_generate/global_racetrajectory_optimization/helper_funcs_glob/src) by extensions ['ignore', 'ignore_ament_install']
[0.192s] Level 1:colcon.colcon_core.package_identification:_identify(path_generate/global_racetrajectory_optimization/helper_funcs_glob/src) by extension 'ignore'
[0.192s] Level 1:colcon.colcon_core.package_identification:_identify(path_generate/global_racetrajectory_optimization/helper_funcs_glob/src) by extension 'ignore_ament_install'
[0.192s] Level 1:colcon.colcon_core.package_identification:_identify(path_generate/global_racetrajectory_optimization/helper_funcs_glob/src) by extensions ['colcon_pkg']
[0.192s] Level 1:colcon.colcon_core.package_identification:_identify(path_generate/global_racetrajectory_optimization/helper_funcs_glob/src) by extension 'colcon_pkg'
[0.192s] Level 1:colcon.colcon_core.package_identification:_identify(path_generate/global_racetrajectory_optimization/helper_funcs_glob/src) by extensions ['colcon_meta']
[0.192s] Level 1:colcon.colcon_core.package_identification:_identify(path_generate/global_racetrajectory_optimization/helper_funcs_glob/src) by extension 'colcon_meta'
[0.192s] Level 1:colcon.colcon_core.package_identification:_identify(path_generate/global_racetrajectory_optimization/helper_funcs_glob/src) by extensions ['ros']
[0.192s] Level 1:colcon.colcon_core.package_identification:_identify(path_generate/global_racetrajectory_optimization/helper_funcs_glob/src) by extension 'ros'
[0.192s] Level 1:colcon.colcon_core.package_identification:_identify(path_generate/global_racetrajectory_optimization/helper_funcs_glob/src) by extensions ['cmake', 'python']
[0.192s] Level 1:colcon.colcon_core.package_identification:_identify(path_generate/global_racetrajectory_optimization/helper_funcs_glob/src) by extension 'cmake'
[0.192s] Level 1:colcon.colcon_core.package_identification:_identify(path_generate/global_racetrajectory_optimization/helper_funcs_glob/src) by extension 'python'
[0.192s] Level 1:colcon.colcon_core.package_identification:_identify(path_generate/global_racetrajectory_optimization/helper_funcs_glob/src) by extensions ['python_setup_py']
[0.192s] Level 1:colcon.colcon_core.package_identification:_identify(path_generate/global_racetrajectory_optimization/helper_funcs_glob/src) by extension 'python_setup_py'
[0.192s] Level 1:colcon.colcon_core.package_identification:_identify(path_generate/global_racetrajectory_optimization/inputs) by extensions ['ignore', 'ignore_ament_install']
[0.192s] Level 1:colcon.colcon_core.package_identification:_identify(path_generate/global_racetrajectory_optimization/inputs) by extension 'ignore'
[0.192s] Level 1:colcon.colcon_core.package_identification:_identify(path_generate/global_racetrajectory_optimization/inputs) by extension 'ignore_ament_install'
[0.192s] Level 1:colcon.colcon_core.package_identification:_identify(path_generate/global_racetrajectory_optimization/inputs) by extensions ['colcon_pkg']
[0.192s] Level 1:colcon.colcon_core.package_identification:_identify(path_generate/global_racetrajectory_optimization/inputs) by extension 'colcon_pkg'
[0.192s] Level 1:colcon.colcon_core.package_identification:_identify(path_generate/global_racetrajectory_optimization/inputs) by extensions ['colcon_meta']
[0.192s] Level 1:colcon.colcon_core.package_identification:_identify(path_generate/global_racetrajectory_optimization/inputs) by extension 'colcon_meta'
[0.192s] Level 1:colcon.colcon_core.package_identification:_identify(path_generate/global_racetrajectory_optimization/inputs) by extensions ['ros']
[0.192s] Level 1:colcon.colcon_core.package_identification:_identify(path_generate/global_racetrajectory_optimization/inputs) by extension 'ros'
[0.192s] Level 1:colcon.colcon_core.package_identification:_identify(path_generate/global_racetrajectory_optimization/inputs) by extensions ['cmake', 'python']
[0.192s] Level 1:colcon.colcon_core.package_identification:_identify(path_generate/global_racetrajectory_optimization/inputs) by extension 'cmake'
[0.192s] Level 1:colcon.colcon_core.package_identification:_identify(path_generate/global_racetrajectory_optimization/inputs) by extension 'python'
[0.192s] Level 1:colcon.colcon_core.package_identification:_identify(path_generate/global_racetrajectory_optimization/inputs) by extensions ['python_setup_py']
[0.192s] Level 1:colcon.colcon_core.package_identification:_identify(path_generate/global_racetrajectory_optimization/inputs) by extension 'python_setup_py'
[0.192s] Level 1:colcon.colcon_core.package_identification:_identify(path_generate/global_racetrajectory_optimization/inputs/frictionmaps) by extensions ['ignore', 'ignore_ament_install']
[0.192s] Level 1:colcon.colcon_core.package_identification:_identify(path_generate/global_racetrajectory_optimization/inputs/frictionmaps) by extension 'ignore'
[0.192s] Level 1:colcon.colcon_core.package_identification:_identify(path_generate/global_racetrajectory_optimization/inputs/frictionmaps) by extension 'ignore_ament_install'
[0.192s] Level 1:colcon.colcon_core.package_identification:_identify(path_generate/global_racetrajectory_optimization/inputs/frictionmaps) by extensions ['colcon_pkg']
[0.192s] Level 1:colcon.colcon_core.package_identification:_identify(path_generate/global_racetrajectory_optimization/inputs/frictionmaps) by extension 'colcon_pkg'
[0.192s] Level 1:colcon.colcon_core.package_identification:_identify(path_generate/global_racetrajectory_optimization/inputs/frictionmaps) by extensions ['colcon_meta']
[0.192s] Level 1:colcon.colcon_core.package_identification:_identify(path_generate/global_racetrajectory_optimization/inputs/frictionmaps) by extension 'colcon_meta'
[0.192s] Level 1:colcon.colcon_core.package_identification:_identify(path_generate/global_racetrajectory_optimization/inputs/frictionmaps) by extensions ['ros']
[0.192s] Level 1:colcon.colcon_core.package_identification:_identify(path_generate/global_racetrajectory_optimization/inputs/frictionmaps) by extension 'ros'
[0.192s] Level 1:colcon.colcon_core.package_identification:_identify(path_generate/global_racetrajectory_optimization/inputs/frictionmaps) by extensions ['cmake', 'python']
[0.192s] Level 1:colcon.colcon_core.package_identification:_identify(path_generate/global_racetrajectory_optimization/inputs/frictionmaps) by extension 'cmake'
[0.192s] Level 1:colcon.colcon_core.package_identification:_identify(path_generate/global_racetrajectory_optimization/inputs/frictionmaps) by extension 'python'
[0.192s] Level 1:colcon.colcon_core.package_identification:_identify(path_generate/global_racetrajectory_optimization/inputs/frictionmaps) by extensions ['python_setup_py']
[0.193s] Level 1:colcon.colcon_core.package_identification:_identify(path_generate/global_racetrajectory_optimization/inputs/frictionmaps) by extension 'python_setup_py'
[0.193s] Level 1:colcon.colcon_core.package_identification:_identify(path_generate/global_racetrajectory_optimization/inputs/tracks) by extensions ['ignore', 'ignore_ament_install']
[0.193s] Level 1:colcon.colcon_core.package_identification:_identify(path_generate/global_racetrajectory_optimization/inputs/tracks) by extension 'ignore'
[0.193s] Level 1:colcon.colcon_core.package_identification:_identify(path_generate/global_racetrajectory_optimization/inputs/tracks) by extension 'ignore_ament_install'
[0.193s] Level 1:colcon.colcon_core.package_identification:_identify(path_generate/global_racetrajectory_optimization/inputs/tracks) by extensions ['colcon_pkg']
[0.193s] Level 1:colcon.colcon_core.package_identification:_identify(path_generate/global_racetrajectory_optimization/inputs/tracks) by extension 'colcon_pkg'
[0.193s] Level 1:colcon.colcon_core.package_identification:_identify(path_generate/global_racetrajectory_optimization/inputs/tracks) by extensions ['colcon_meta']
[0.193s] Level 1:colcon.colcon_core.package_identification:_identify(path_generate/global_racetrajectory_optimization/inputs/tracks) by extension 'colcon_meta'
[0.193s] Level 1:colcon.colcon_core.package_identification:_identify(path_generate/global_racetrajectory_optimization/inputs/tracks) by extensions ['ros']
[0.193s] Level 1:colcon.colcon_core.package_identification:_identify(path_generate/global_racetrajectory_optimization/inputs/tracks) by extension 'ros'
[0.193s] Level 1:colcon.colcon_core.package_identification:_identify(path_generate/global_racetrajectory_optimization/inputs/tracks) by extensions ['cmake', 'python']
[0.193s] Level 1:colcon.colcon_core.package_identification:_identify(path_generate/global_racetrajectory_optimization/inputs/tracks) by extension 'cmake'
[0.193s] Level 1:colcon.colcon_core.package_identification:_identify(path_generate/global_racetrajectory_optimization/inputs/tracks) by extension 'python'
[0.193s] Level 1:colcon.colcon_core.package_identification:_identify(path_generate/global_racetrajectory_optimization/inputs/tracks) by extensions ['python_setup_py']
[0.193s] Level 1:colcon.colcon_core.package_identification:_identify(path_generate/global_racetrajectory_optimization/inputs/tracks) by extension 'python_setup_py'
[0.193s] Level 1:colcon.colcon_core.package_identification:_identify(path_generate/global_racetrajectory_optimization/inputs/veh_dyn_info) by extensions ['ignore', 'ignore_ament_install']
[0.193s] Level 1:colcon.colcon_core.package_identification:_identify(path_generate/global_racetrajectory_optimization/inputs/veh_dyn_info) by extension 'ignore'
[0.193s] Level 1:colcon.colcon_core.package_identification:_identify(path_generate/global_racetrajectory_optimization/inputs/veh_dyn_info) by extension 'ignore_ament_install'
[0.193s] Level 1:colcon.colcon_core.package_identification:_identify(path_generate/global_racetrajectory_optimization/inputs/veh_dyn_info) by extensions ['colcon_pkg']
[0.193s] Level 1:colcon.colcon_core.package_identification:_identify(path_generate/global_racetrajectory_optimization/inputs/veh_dyn_info) by extension 'colcon_pkg'
[0.193s] Level 1:colcon.colcon_core.package_identification:_identify(path_generate/global_racetrajectory_optimization/inputs/veh_dyn_info) by extensions ['colcon_meta']
[0.193s] Level 1:colcon.colcon_core.package_identification:_identify(path_generate/global_racetrajectory_optimization/inputs/veh_dyn_info) by extension 'colcon_meta'
[0.193s] Level 1:colcon.colcon_core.package_identification:_identify(path_generate/global_racetrajectory_optimization/inputs/veh_dyn_info) by extensions ['ros']
[0.193s] Level 1:colcon.colcon_core.package_identification:_identify(path_generate/global_racetrajectory_optimization/inputs/veh_dyn_info) by extension 'ros'
[0.193s] Level 1:colcon.colcon_core.package_identification:_identify(path_generate/global_racetrajectory_optimization/inputs/veh_dyn_info) by extensions ['cmake', 'python']
[0.193s] Level 1:colcon.colcon_core.package_identification:_identify(path_generate/global_racetrajectory_optimization/inputs/veh_dyn_info) by extension 'cmake'
[0.193s] Level 1:colcon.colcon_core.package_identification:_identify(path_generate/global_racetrajectory_optimization/inputs/veh_dyn_info) by extension 'python'
[0.193s] Level 1:colcon.colcon_core.package_identification:_identify(path_generate/global_racetrajectory_optimization/inputs/veh_dyn_info) by extensions ['python_setup_py']
[0.193s] Level 1:colcon.colcon_core.package_identification:_identify(path_generate/global_racetrajectory_optimization/inputs/veh_dyn_info) by extension 'python_setup_py'
[0.193s] Level 1:colcon.colcon_core.package_identification:_identify(path_generate/global_racetrajectory_optimization/opt_mintime_traj) by extensions ['ignore', 'ignore_ament_install']
[0.193s] Level 1:colcon.colcon_core.package_identification:_identify(path_generate/global_racetrajectory_optimization/opt_mintime_traj) by extension 'ignore'
[0.193s] Level 1:colcon.colcon_core.package_identification:_identify(path_generate/global_racetrajectory_optimization/opt_mintime_traj) by extension 'ignore_ament_install'
[0.193s] Level 1:colcon.colcon_core.package_identification:_identify(path_generate/global_racetrajectory_optimization/opt_mintime_traj) by extensions ['colcon_pkg']
[0.193s] Level 1:colcon.colcon_core.package_identification:_identify(path_generate/global_racetrajectory_optimization/opt_mintime_traj) by extension 'colcon_pkg'
[0.193s] Level 1:colcon.colcon_core.package_identification:_identify(path_generate/global_racetrajectory_optimization/opt_mintime_traj) by extensions ['colcon_meta']
[0.193s] Level 1:colcon.colcon_core.package_identification:_identify(path_generate/global_racetrajectory_optimization/opt_mintime_traj) by extension 'colcon_meta'
[0.193s] Level 1:colcon.colcon_core.package_identification:_identify(path_generate/global_racetrajectory_optimization/opt_mintime_traj) by extensions ['ros']
[0.193s] Level 1:colcon.colcon_core.package_identification:_identify(path_generate/global_racetrajectory_optimization/opt_mintime_traj) by extension 'ros'
[0.193s] Level 1:colcon.colcon_core.package_identification:_identify(path_generate/global_racetrajectory_optimization/opt_mintime_traj) by extensions ['cmake', 'python']
[0.194s] Level 1:colcon.colcon_core.package_identification:_identify(path_generate/global_racetrajectory_optimization/opt_mintime_traj) by extension 'cmake'
[0.194s] Level 1:colcon.colcon_core.package_identification:_identify(path_generate/global_racetrajectory_optimization/opt_mintime_traj) by extension 'python'
[0.194s] Level 1:colcon.colcon_core.package_identification:_identify(path_generate/global_racetrajectory_optimization/opt_mintime_traj) by extensions ['python_setup_py']
[0.194s] Level 1:colcon.colcon_core.package_identification:_identify(path_generate/global_racetrajectory_optimization/opt_mintime_traj) by extension 'python_setup_py'
[0.194s] Level 1:colcon.colcon_core.package_identification:_identify(path_generate/global_racetrajectory_optimization/opt_mintime_traj/powertrain_src) by extensions ['ignore', 'ignore_ament_install']
[0.194s] Level 1:colcon.colcon_core.package_identification:_identify(path_generate/global_racetrajectory_optimization/opt_mintime_traj/powertrain_src) by extension 'ignore'
[0.194s] Level 1:colcon.colcon_core.package_identification:_identify(path_generate/global_racetrajectory_optimization/opt_mintime_traj/powertrain_src) by extension 'ignore_ament_install'
[0.194s] Level 1:colcon.colcon_core.package_identification:_identify(path_generate/global_racetrajectory_optimization/opt_mintime_traj/powertrain_src) by extensions ['colcon_pkg']
[0.194s] Level 1:colcon.colcon_core.package_identification:_identify(path_generate/global_racetrajectory_optimization/opt_mintime_traj/powertrain_src) by extension 'colcon_pkg'
[0.194s] Level 1:colcon.colcon_core.package_identification:_identify(path_generate/global_racetrajectory_optimization/opt_mintime_traj/powertrain_src) by extensions ['colcon_meta']
[0.194s] Level 1:colcon.colcon_core.package_identification:_identify(path_generate/global_racetrajectory_optimization/opt_mintime_traj/powertrain_src) by extension 'colcon_meta'
[0.194s] Level 1:colcon.colcon_core.package_identification:_identify(path_generate/global_racetrajectory_optimization/opt_mintime_traj/powertrain_src) by extensions ['ros']
[0.194s] Level 1:colcon.colcon_core.package_identification:_identify(path_generate/global_racetrajectory_optimization/opt_mintime_traj/powertrain_src) by extension 'ros'
[0.194s] Level 1:colcon.colcon_core.package_identification:_identify(path_generate/global_racetrajectory_optimization/opt_mintime_traj/powertrain_src) by extensions ['cmake', 'python']
[0.194s] Level 1:colcon.colcon_core.package_identification:_identify(path_generate/global_racetrajectory_optimization/opt_mintime_traj/powertrain_src) by extension 'cmake'
[0.194s] Level 1:colcon.colcon_core.package_identification:_identify(path_generate/global_racetrajectory_optimization/opt_mintime_traj/powertrain_src) by extension 'python'
[0.194s] Level 1:colcon.colcon_core.package_identification:_identify(path_generate/global_racetrajectory_optimization/opt_mintime_traj/powertrain_src) by extensions ['python_setup_py']
[0.194s] Level 1:colcon.colcon_core.package_identification:_identify(path_generate/global_racetrajectory_optimization/opt_mintime_traj/powertrain_src) by extension 'python_setup_py'
[0.194s] Level 1:colcon.colcon_core.package_identification:_identify(path_generate/global_racetrajectory_optimization/opt_mintime_traj/powertrain_src/src) by extensions ['ignore', 'ignore_ament_install']
[0.194s] Level 1:colcon.colcon_core.package_identification:_identify(path_generate/global_racetrajectory_optimization/opt_mintime_traj/powertrain_src/src) by extension 'ignore'
[0.194s] Level 1:colcon.colcon_core.package_identification:_identify(path_generate/global_racetrajectory_optimization/opt_mintime_traj/powertrain_src/src) by extension 'ignore_ament_install'
[0.194s] Level 1:colcon.colcon_core.package_identification:_identify(path_generate/global_racetrajectory_optimization/opt_mintime_traj/powertrain_src/src) by extensions ['colcon_pkg']
[0.194s] Level 1:colcon.colcon_core.package_identification:_identify(path_generate/global_racetrajectory_optimization/opt_mintime_traj/powertrain_src/src) by extension 'colcon_pkg'
[0.194s] Level 1:colcon.colcon_core.package_identification:_identify(path_generate/global_racetrajectory_optimization/opt_mintime_traj/powertrain_src/src) by extensions ['colcon_meta']
[0.194s] Level 1:colcon.colcon_core.package_identification:_identify(path_generate/global_racetrajectory_optimization/opt_mintime_traj/powertrain_src/src) by extension 'colcon_meta'
[0.194s] Level 1:colcon.colcon_core.package_identification:_identify(path_generate/global_racetrajectory_optimization/opt_mintime_traj/powertrain_src/src) by extensions ['ros']
[0.194s] Level 1:colcon.colcon_core.package_identification:_identify(path_generate/global_racetrajectory_optimization/opt_mintime_traj/powertrain_src/src) by extension 'ros'
[0.194s] Level 1:colcon.colcon_core.package_identification:_identify(path_generate/global_racetrajectory_optimization/opt_mintime_traj/powertrain_src/src) by extensions ['cmake', 'python']
[0.194s] Level 1:colcon.colcon_core.package_identification:_identify(path_generate/global_racetrajectory_optimization/opt_mintime_traj/powertrain_src/src) by extension 'cmake'
[0.194s] Level 1:colcon.colcon_core.package_identification:_identify(path_generate/global_racetrajectory_optimization/opt_mintime_traj/powertrain_src/src) by extension 'python'
[0.194s] Level 1:colcon.colcon_core.package_identification:_identify(path_generate/global_racetrajectory_optimization/opt_mintime_traj/powertrain_src/src) by extensions ['python_setup_py']
[0.194s] Level 1:colcon.colcon_core.package_identification:_identify(path_generate/global_racetrajectory_optimization/opt_mintime_traj/powertrain_src/src) by extension 'python_setup_py'
[0.194s] Level 1:colcon.colcon_core.package_identification:_identify(path_generate/global_racetrajectory_optimization/opt_mintime_traj/src) by extensions ['ignore', 'ignore_ament_install']
[0.194s] Level 1:colcon.colcon_core.package_identification:_identify(path_generate/global_racetrajectory_optimization/opt_mintime_traj/src) by extension 'ignore'
[0.194s] Level 1:colcon.colcon_core.package_identification:_identify(path_generate/global_racetrajectory_optimization/opt_mintime_traj/src) by extension 'ignore_ament_install'
[0.194s] Level 1:colcon.colcon_core.package_identification:_identify(path_generate/global_racetrajectory_optimization/opt_mintime_traj/src) by extensions ['colcon_pkg']
[0.194s] Level 1:colcon.colcon_core.package_identification:_identify(path_generate/global_racetrajectory_optimization/opt_mintime_traj/src) by extension 'colcon_pkg'
[0.194s] Level 1:colcon.colcon_core.package_identification:_identify(path_generate/global_racetrajectory_optimization/opt_mintime_traj/src) by extensions ['colcon_meta']
[0.194s] Level 1:colcon.colcon_core.package_identification:_identify(path_generate/global_racetrajectory_optimization/opt_mintime_traj/src) by extension 'colcon_meta'
[0.194s] Level 1:colcon.colcon_core.package_identification:_identify(path_generate/global_racetrajectory_optimization/opt_mintime_traj/src) by extensions ['ros']
[0.194s] Level 1:colcon.colcon_core.package_identification:_identify(path_generate/global_racetrajectory_optimization/opt_mintime_traj/src) by extension 'ros'
[0.195s] Level 1:colcon.colcon_core.package_identification:_identify(path_generate/global_racetrajectory_optimization/opt_mintime_traj/src) by extensions ['cmake', 'python']
[0.195s] Level 1:colcon.colcon_core.package_identification:_identify(path_generate/global_racetrajectory_optimization/opt_mintime_traj/src) by extension 'cmake'
[0.195s] Level 1:colcon.colcon_core.package_identification:_identify(path_generate/global_racetrajectory_optimization/opt_mintime_traj/src) by extension 'python'
[0.195s] Level 1:colcon.colcon_core.package_identification:_identify(path_generate/global_racetrajectory_optimization/opt_mintime_traj/src) by extensions ['python_setup_py']
[0.195s] Level 1:colcon.colcon_core.package_identification:_identify(path_generate/global_racetrajectory_optimization/opt_mintime_traj/src) by extension 'python_setup_py'
[0.195s] Level 1:colcon.colcon_core.package_identification:_identify(path_generate/global_racetrajectory_optimization/params) by extensions ['ignore', 'ignore_ament_install']
[0.195s] Level 1:colcon.colcon_core.package_identification:_identify(path_generate/global_racetrajectory_optimization/params) by extension 'ignore'
[0.195s] Level 1:colcon.colcon_core.package_identification:_identify(path_generate/global_racetrajectory_optimization/params) by extension 'ignore_ament_install'
[0.195s] Level 1:colcon.colcon_core.package_identification:_identify(path_generate/global_racetrajectory_optimization/params) by extensions ['colcon_pkg']
[0.195s] Level 1:colcon.colcon_core.package_identification:_identify(path_generate/global_racetrajectory_optimization/params) by extension 'colcon_pkg'
[0.195s] Level 1:colcon.colcon_core.package_identification:_identify(path_generate/global_racetrajectory_optimization/params) by extensions ['colcon_meta']
[0.195s] Level 1:colcon.colcon_core.package_identification:_identify(path_generate/global_racetrajectory_optimization/params) by extension 'colcon_meta'
[0.195s] Level 1:colcon.colcon_core.package_identification:_identify(path_generate/global_racetrajectory_optimization/params) by extensions ['ros']
[0.195s] Level 1:colcon.colcon_core.package_identification:_identify(path_generate/global_racetrajectory_optimization/params) by extension 'ros'
[0.195s] Level 1:colcon.colcon_core.package_identification:_identify(path_generate/global_racetrajectory_optimization/params) by extensions ['cmake', 'python']
[0.195s] Level 1:colcon.colcon_core.package_identification:_identify(path_generate/global_racetrajectory_optimization/params) by extension 'cmake'
[0.195s] Level 1:colcon.colcon_core.package_identification:_identify(path_generate/global_racetrajectory_optimization/params) by extension 'python'
[0.195s] Level 1:colcon.colcon_core.package_identification:_identify(path_generate/global_racetrajectory_optimization/params) by extensions ['python_setup_py']
[0.195s] Level 1:colcon.colcon_core.package_identification:_identify(path_generate/global_racetrajectory_optimization/params) by extension 'python_setup_py'
[0.195s] Level 1:colcon.colcon_core.package_identification:_identify(path_generate/steven_gong) by extensions ['ignore', 'ignore_ament_install']
[0.195s] Level 1:colcon.colcon_core.package_identification:_identify(path_generate/steven_gong) by extension 'ignore'
[0.195s] Level 1:colcon.colcon_core.package_identification:_identify(path_generate/steven_gong) by extension 'ignore_ament_install'
[0.195s] Level 1:colcon.colcon_core.package_identification:_identify(path_generate/steven_gong) by extensions ['colcon_pkg']
[0.195s] Level 1:colcon.colcon_core.package_identification:_identify(path_generate/steven_gong) by extension 'colcon_pkg'
[0.195s] Level 1:colcon.colcon_core.package_identification:_identify(path_generate/steven_gong) by extensions ['colcon_meta']
[0.195s] Level 1:colcon.colcon_core.package_identification:_identify(path_generate/steven_gong) by extension 'colcon_meta'
[0.195s] Level 1:colcon.colcon_core.package_identification:_identify(path_generate/steven_gong) by extensions ['ros']
[0.195s] Level 1:colcon.colcon_core.package_identification:_identify(path_generate/steven_gong) by extension 'ros'
[0.195s] Level 1:colcon.colcon_core.package_identification:_identify(path_generate/steven_gong) by extensions ['cmake', 'python']
[0.195s] Level 1:colcon.colcon_core.package_identification:_identify(path_generate/steven_gong) by extension 'cmake'
[0.195s] Level 1:colcon.colcon_core.package_identification:_identify(path_generate/steven_gong) by extension 'python'
[0.195s] Level 1:colcon.colcon_core.package_identification:_identify(path_generate/steven_gong) by extensions ['python_setup_py']
[0.195s] Level 1:colcon.colcon_core.package_identification:_identify(path_generate/steven_gong) by extension 'python_setup_py'
[0.195s] Level 1:colcon.colcon_core.package_identification:_identify(path_generate/steven_gong/Raceline-Optimization) by extensions ['ignore', 'ignore_ament_install']
[0.195s] Level 1:colcon.colcon_core.package_identification:_identify(path_generate/steven_gong/Raceline-Optimization) by extension 'ignore'
[0.195s] Level 1:colcon.colcon_core.package_identification:_identify(path_generate/steven_gong/Raceline-Optimization) by extension 'ignore_ament_install'
[0.195s] Level 1:colcon.colcon_core.package_identification:_identify(path_generate/steven_gong/Raceline-Optimization) by extensions ['colcon_pkg']
[0.195s] Level 1:colcon.colcon_core.package_identification:_identify(path_generate/steven_gong/Raceline-Optimization) by extension 'colcon_pkg'
[0.195s] Level 1:colcon.colcon_core.package_identification:_identify(path_generate/steven_gong/Raceline-Optimization) by extensions ['colcon_meta']
[0.195s] Level 1:colcon.colcon_core.package_identification:_identify(path_generate/steven_gong/Raceline-Optimization) by extension 'colcon_meta'
[0.195s] Level 1:colcon.colcon_core.package_identification:_identify(path_generate/steven_gong/Raceline-Optimization) by extensions ['ros']
[0.195s] Level 1:colcon.colcon_core.package_identification:_identify(path_generate/steven_gong/Raceline-Optimization) by extension 'ros'
[0.196s] Level 1:colcon.colcon_core.package_identification:_identify(path_generate/steven_gong/Raceline-Optimization) by extensions ['cmake', 'python']
[0.196s] Level 1:colcon.colcon_core.package_identification:_identify(path_generate/steven_gong/Raceline-Optimization) by extension 'cmake'
[0.196s] Level 1:colcon.colcon_core.package_identification:_identify(path_generate/steven_gong/Raceline-Optimization) by extension 'python'
[0.196s] Level 1:colcon.colcon_core.package_identification:_identify(path_generate/steven_gong/Raceline-Optimization) by extensions ['python_setup_py']
[0.196s] Level 1:colcon.colcon_core.package_identification:_identify(path_generate/steven_gong/Raceline-Optimization) by extension 'python_setup_py'
[0.196s] Level 1:colcon.colcon_core.package_identification:_identify(path_generate/steven_gong/Raceline-Optimization/frictionmap) by extensions ['ignore', 'ignore_ament_install']
[0.196s] Level 1:colcon.colcon_core.package_identification:_identify(path_generate/steven_gong/Raceline-Optimization/frictionmap) by extension 'ignore'
[0.196s] Level 1:colcon.colcon_core.package_identification:_identify(path_generate/steven_gong/Raceline-Optimization/frictionmap) by extension 'ignore_ament_install'
[0.196s] Level 1:colcon.colcon_core.package_identification:_identify(path_generate/steven_gong/Raceline-Optimization/frictionmap) by extensions ['colcon_pkg']
[0.196s] Level 1:colcon.colcon_core.package_identification:_identify(path_generate/steven_gong/Raceline-Optimization/frictionmap) by extension 'colcon_pkg'
[0.196s] Level 1:colcon.colcon_core.package_identification:_identify(path_generate/steven_gong/Raceline-Optimization/frictionmap) by extensions ['colcon_meta']
[0.196s] Level 1:colcon.colcon_core.package_identification:_identify(path_generate/steven_gong/Raceline-Optimization/frictionmap) by extension 'colcon_meta'
[0.196s] Level 1:colcon.colcon_core.package_identification:_identify(path_generate/steven_gong/Raceline-Optimization/frictionmap) by extensions ['ros']
[0.196s] Level 1:colcon.colcon_core.package_identification:_identify(path_generate/steven_gong/Raceline-Optimization/frictionmap) by extension 'ros'
[0.196s] Level 1:colcon.colcon_core.package_identification:_identify(path_generate/steven_gong/Raceline-Optimization/frictionmap) by extensions ['cmake', 'python']
[0.196s] Level 1:colcon.colcon_core.package_identification:_identify(path_generate/steven_gong/Raceline-Optimization/frictionmap) by extension 'cmake'
[0.196s] Level 1:colcon.colcon_core.package_identification:_identify(path_generate/steven_gong/Raceline-Optimization/frictionmap) by extension 'python'
[0.196s] Level 1:colcon.colcon_core.package_identification:_identify(path_generate/steven_gong/Raceline-Optimization/frictionmap) by extensions ['python_setup_py']
[0.196s] Level 1:colcon.colcon_core.package_identification:_identify(path_generate/steven_gong/Raceline-Optimization/frictionmap) by extension 'python_setup_py'
[0.196s] Level 1:colcon.colcon_core.package_identification:_identify(path_generate/steven_gong/Raceline-Optimization/frictionmap/src) by extensions ['ignore', 'ignore_ament_install']
[0.196s] Level 1:colcon.colcon_core.package_identification:_identify(path_generate/steven_gong/Raceline-Optimization/frictionmap/src) by extension 'ignore'
[0.196s] Level 1:colcon.colcon_core.package_identification:_identify(path_generate/steven_gong/Raceline-Optimization/frictionmap/src) by extension 'ignore_ament_install'
[0.196s] Level 1:colcon.colcon_core.package_identification:_identify(path_generate/steven_gong/Raceline-Optimization/frictionmap/src) by extensions ['colcon_pkg']
[0.196s] Level 1:colcon.colcon_core.package_identification:_identify(path_generate/steven_gong/Raceline-Optimization/frictionmap/src) by extension 'colcon_pkg'
[0.196s] Level 1:colcon.colcon_core.package_identification:_identify(path_generate/steven_gong/Raceline-Optimization/frictionmap/src) by extensions ['colcon_meta']
[0.196s] Level 1:colcon.colcon_core.package_identification:_identify(path_generate/steven_gong/Raceline-Optimization/frictionmap/src) by extension 'colcon_meta'
[0.196s] Level 1:colcon.colcon_core.package_identification:_identify(path_generate/steven_gong/Raceline-Optimization/frictionmap/src) by extensions ['ros']
[0.196s] Level 1:colcon.colcon_core.package_identification:_identify(path_generate/steven_gong/Raceline-Optimization/frictionmap/src) by extension 'ros'
[0.196s] Level 1:colcon.colcon_core.package_identification:_identify(path_generate/steven_gong/Raceline-Optimization/frictionmap/src) by extensions ['cmake', 'python']
[0.196s] Level 1:colcon.colcon_core.package_identification:_identify(path_generate/steven_gong/Raceline-Optimization/frictionmap/src) by extension 'cmake'
[0.196s] Level 1:colcon.colcon_core.package_identification:_identify(path_generate/steven_gong/Raceline-Optimization/frictionmap/src) by extension 'python'
[0.196s] Level 1:colcon.colcon_core.package_identification:_identify(path_generate/steven_gong/Raceline-Optimization/frictionmap/src) by extensions ['python_setup_py']
[0.196s] Level 1:colcon.colcon_core.package_identification:_identify(path_generate/steven_gong/Raceline-Optimization/frictionmap/src) by extension 'python_setup_py'
[0.196s] Level 1:colcon.colcon_core.package_identification:_identify(path_generate/steven_gong/Raceline-Optimization/helper_funcs_glob) by extensions ['ignore', 'ignore_ament_install']
[0.196s] Level 1:colcon.colcon_core.package_identification:_identify(path_generate/steven_gong/Raceline-Optimization/helper_funcs_glob) by extension 'ignore'
[0.196s] Level 1:colcon.colcon_core.package_identification:_identify(path_generate/steven_gong/Raceline-Optimization/helper_funcs_glob) by extension 'ignore_ament_install'
[0.196s] Level 1:colcon.colcon_core.package_identification:_identify(path_generate/steven_gong/Raceline-Optimization/helper_funcs_glob) by extensions ['colcon_pkg']
[0.196s] Level 1:colcon.colcon_core.package_identification:_identify(path_generate/steven_gong/Raceline-Optimization/helper_funcs_glob) by extension 'colcon_pkg'
[0.196s] Level 1:colcon.colcon_core.package_identification:_identify(path_generate/steven_gong/Raceline-Optimization/helper_funcs_glob) by extensions ['colcon_meta']
[0.196s] Level 1:colcon.colcon_core.package_identification:_identify(path_generate/steven_gong/Raceline-Optimization/helper_funcs_glob) by extension 'colcon_meta'
[0.196s] Level 1:colcon.colcon_core.package_identification:_identify(path_generate/steven_gong/Raceline-Optimization/helper_funcs_glob) by extensions ['ros']
[0.197s] Level 1:colcon.colcon_core.package_identification:_identify(path_generate/steven_gong/Raceline-Optimization/helper_funcs_glob) by extension 'ros'
[0.197s] Level 1:colcon.colcon_core.package_identification:_identify(path_generate/steven_gong/Raceline-Optimization/helper_funcs_glob) by extensions ['cmake', 'python']
[0.197s] Level 1:colcon.colcon_core.package_identification:_identify(path_generate/steven_gong/Raceline-Optimization/helper_funcs_glob) by extension 'cmake'
[0.197s] Level 1:colcon.colcon_core.package_identification:_identify(path_generate/steven_gong/Raceline-Optimization/helper_funcs_glob) by extension 'python'
[0.197s] Level 1:colcon.colcon_core.package_identification:_identify(path_generate/steven_gong/Raceline-Optimization/helper_funcs_glob) by extensions ['python_setup_py']
[0.197s] Level 1:colcon.colcon_core.package_identification:_identify(path_generate/steven_gong/Raceline-Optimization/helper_funcs_glob) by extension 'python_setup_py'
[0.197s] Level 1:colcon.colcon_core.package_identification:_identify(path_generate/steven_gong/Raceline-Optimization/helper_funcs_glob/src) by extensions ['ignore', 'ignore_ament_install']
[0.197s] Level 1:colcon.colcon_core.package_identification:_identify(path_generate/steven_gong/Raceline-Optimization/helper_funcs_glob/src) by extension 'ignore'
[0.197s] Level 1:colcon.colcon_core.package_identification:_identify(path_generate/steven_gong/Raceline-Optimization/helper_funcs_glob/src) by extension 'ignore_ament_install'
[0.197s] Level 1:colcon.colcon_core.package_identification:_identify(path_generate/steven_gong/Raceline-Optimization/helper_funcs_glob/src) by extensions ['colcon_pkg']
[0.197s] Level 1:colcon.colcon_core.package_identification:_identify(path_generate/steven_gong/Raceline-Optimization/helper_funcs_glob/src) by extension 'colcon_pkg'
[0.197s] Level 1:colcon.colcon_core.package_identification:_identify(path_generate/steven_gong/Raceline-Optimization/helper_funcs_glob/src) by extensions ['colcon_meta']
[0.197s] Level 1:colcon.colcon_core.package_identification:_identify(path_generate/steven_gong/Raceline-Optimization/helper_funcs_glob/src) by extension 'colcon_meta'
[0.197s] Level 1:colcon.colcon_core.package_identification:_identify(path_generate/steven_gong/Raceline-Optimization/helper_funcs_glob/src) by extensions ['ros']
[0.197s] Level 1:colcon.colcon_core.package_identification:_identify(path_generate/steven_gong/Raceline-Optimization/helper_funcs_glob/src) by extension 'ros'
[0.197s] Level 1:colcon.colcon_core.package_identification:_identify(path_generate/steven_gong/Raceline-Optimization/helper_funcs_glob/src) by extensions ['cmake', 'python']
[0.197s] Level 1:colcon.colcon_core.package_identification:_identify(path_generate/steven_gong/Raceline-Optimization/helper_funcs_glob/src) by extension 'cmake'
[0.197s] Level 1:colcon.colcon_core.package_identification:_identify(path_generate/steven_gong/Raceline-Optimization/helper_funcs_glob/src) by extension 'python'
[0.197s] Level 1:colcon.colcon_core.package_identification:_identify(path_generate/steven_gong/Raceline-Optimization/helper_funcs_glob/src) by extensions ['python_setup_py']
[0.197s] Level 1:colcon.colcon_core.package_identification:_identify(path_generate/steven_gong/Raceline-Optimization/helper_funcs_glob/src) by extension 'python_setup_py'
[0.197s] Level 1:colcon.colcon_core.package_identification:_identify(path_generate/steven_gong/Raceline-Optimization/inputs) by extensions ['ignore', 'ignore_ament_install']
[0.197s] Level 1:colcon.colcon_core.package_identification:_identify(path_generate/steven_gong/Raceline-Optimization/inputs) by extension 'ignore'
[0.197s] Level 1:colcon.colcon_core.package_identification:_identify(path_generate/steven_gong/Raceline-Optimization/inputs) by extension 'ignore_ament_install'
[0.197s] Level 1:colcon.colcon_core.package_identification:_identify(path_generate/steven_gong/Raceline-Optimization/inputs) by extensions ['colcon_pkg']
[0.197s] Level 1:colcon.colcon_core.package_identification:_identify(path_generate/steven_gong/Raceline-Optimization/inputs) by extension 'colcon_pkg'
[0.197s] Level 1:colcon.colcon_core.package_identification:_identify(path_generate/steven_gong/Raceline-Optimization/inputs) by extensions ['colcon_meta']
[0.197s] Level 1:colcon.colcon_core.package_identification:_identify(path_generate/steven_gong/Raceline-Optimization/inputs) by extension 'colcon_meta'
[0.197s] Level 1:colcon.colcon_core.package_identification:_identify(path_generate/steven_gong/Raceline-Optimization/inputs) by extensions ['ros']
[0.197s] Level 1:colcon.colcon_core.package_identification:_identify(path_generate/steven_gong/Raceline-Optimization/inputs) by extension 'ros'
[0.197s] Level 1:colcon.colcon_core.package_identification:_identify(path_generate/steven_gong/Raceline-Optimization/inputs) by extensions ['cmake', 'python']
[0.197s] Level 1:colcon.colcon_core.package_identification:_identify(path_generate/steven_gong/Raceline-Optimization/inputs) by extension 'cmake'
[0.197s] Level 1:colcon.colcon_core.package_identification:_identify(path_generate/steven_gong/Raceline-Optimization/inputs) by extension 'python'
[0.197s] Level 1:colcon.colcon_core.package_identification:_identify(path_generate/steven_gong/Raceline-Optimization/inputs) by extensions ['python_setup_py']
[0.197s] Level 1:colcon.colcon_core.package_identification:_identify(path_generate/steven_gong/Raceline-Optimization/inputs) by extension 'python_setup_py'
[0.197s] Level 1:colcon.colcon_core.package_identification:_identify(path_generate/steven_gong/Raceline-Optimization/inputs/frictionmaps) by extensions ['ignore', 'ignore_ament_install']
[0.197s] Level 1:colcon.colcon_core.package_identification:_identify(path_generate/steven_gong/Raceline-Optimization/inputs/frictionmaps) by extension 'ignore'
[0.197s] Level 1:colcon.colcon_core.package_identification:_identify(path_generate/steven_gong/Raceline-Optimization/inputs/frictionmaps) by extension 'ignore_ament_install'
[0.197s] Level 1:colcon.colcon_core.package_identification:_identify(path_generate/steven_gong/Raceline-Optimization/inputs/frictionmaps) by extensions ['colcon_pkg']
[0.197s] Level 1:colcon.colcon_core.package_identification:_identify(path_generate/steven_gong/Raceline-Optimization/inputs/frictionmaps) by extension 'colcon_pkg'
[0.197s] Level 1:colcon.colcon_core.package_identification:_identify(path_generate/steven_gong/Raceline-Optimization/inputs/frictionmaps) by extensions ['colcon_meta']
[0.197s] Level 1:colcon.colcon_core.package_identification:_identify(path_generate/steven_gong/Raceline-Optimization/inputs/frictionmaps) by extension 'colcon_meta'
[0.198s] Level 1:colcon.colcon_core.package_identification:_identify(path_generate/steven_gong/Raceline-Optimization/inputs/frictionmaps) by extensions ['ros']
[0.198s] Level 1:colcon.colcon_core.package_identification:_identify(path_generate/steven_gong/Raceline-Optimization/inputs/frictionmaps) by extension 'ros'
[0.198s] Level 1:colcon.colcon_core.package_identification:_identify(path_generate/steven_gong/Raceline-Optimization/inputs/frictionmaps) by extensions ['cmake', 'python']
[0.198s] Level 1:colcon.colcon_core.package_identification:_identify(path_generate/steven_gong/Raceline-Optimization/inputs/frictionmaps) by extension 'cmake'
[0.198s] Level 1:colcon.colcon_core.package_identification:_identify(path_generate/steven_gong/Raceline-Optimization/inputs/frictionmaps) by extension 'python'
[0.198s] Level 1:colcon.colcon_core.package_identification:_identify(path_generate/steven_gong/Raceline-Optimization/inputs/frictionmaps) by extensions ['python_setup_py']
[0.198s] Level 1:colcon.colcon_core.package_identification:_identify(path_generate/steven_gong/Raceline-Optimization/inputs/frictionmaps) by extension 'python_setup_py'
[0.198s] Level 1:colcon.colcon_core.package_identification:_identify(path_generate/steven_gong/Raceline-Optimization/inputs/tracks) by extensions ['ignore', 'ignore_ament_install']
[0.198s] Level 1:colcon.colcon_core.package_identification:_identify(path_generate/steven_gong/Raceline-Optimization/inputs/tracks) by extension 'ignore'
[0.198s] Level 1:colcon.colcon_core.package_identification:_identify(path_generate/steven_gong/Raceline-Optimization/inputs/tracks) by extension 'ignore_ament_install'
[0.198s] Level 1:colcon.colcon_core.package_identification:_identify(path_generate/steven_gong/Raceline-Optimization/inputs/tracks) by extensions ['colcon_pkg']
[0.198s] Level 1:colcon.colcon_core.package_identification:_identify(path_generate/steven_gong/Raceline-Optimization/inputs/tracks) by extension 'colcon_pkg'
[0.198s] Level 1:colcon.colcon_core.package_identification:_identify(path_generate/steven_gong/Raceline-Optimization/inputs/tracks) by extensions ['colcon_meta']
[0.198s] Level 1:colcon.colcon_core.package_identification:_identify(path_generate/steven_gong/Raceline-Optimization/inputs/tracks) by extension 'colcon_meta'
[0.198s] Level 1:colcon.colcon_core.package_identification:_identify(path_generate/steven_gong/Raceline-Optimization/inputs/tracks) by extensions ['ros']
[0.198s] Level 1:colcon.colcon_core.package_identification:_identify(path_generate/steven_gong/Raceline-Optimization/inputs/tracks) by extension 'ros'
[0.198s] Level 1:colcon.colcon_core.package_identification:_identify(path_generate/steven_gong/Raceline-Optimization/inputs/tracks) by extensions ['cmake', 'python']
[0.198s] Level 1:colcon.colcon_core.package_identification:_identify(path_generate/steven_gong/Raceline-Optimization/inputs/tracks) by extension 'cmake'
[0.198s] Level 1:colcon.colcon_core.package_identification:_identify(path_generate/steven_gong/Raceline-Optimization/inputs/tracks) by extension 'python'
[0.198s] Level 1:colcon.colcon_core.package_identification:_identify(path_generate/steven_gong/Raceline-Optimization/inputs/tracks) by extensions ['python_setup_py']
[0.198s] Level 1:colcon.colcon_core.package_identification:_identify(path_generate/steven_gong/Raceline-Optimization/inputs/tracks) by extension 'python_setup_py'
[0.198s] Level 1:colcon.colcon_core.package_identification:_identify(path_generate/steven_gong/Raceline-Optimization/inputs/veh_dyn_info) by extensions ['ignore', 'ignore_ament_install']
[0.198s] Level 1:colcon.colcon_core.package_identification:_identify(path_generate/steven_gong/Raceline-Optimization/inputs/veh_dyn_info) by extension 'ignore'
[0.198s] Level 1:colcon.colcon_core.package_identification:_identify(path_generate/steven_gong/Raceline-Optimization/inputs/veh_dyn_info) by extension 'ignore_ament_install'
[0.198s] Level 1:colcon.colcon_core.package_identification:_identify(path_generate/steven_gong/Raceline-Optimization/inputs/veh_dyn_info) by extensions ['colcon_pkg']
[0.198s] Level 1:colcon.colcon_core.package_identification:_identify(path_generate/steven_gong/Raceline-Optimization/inputs/veh_dyn_info) by extension 'colcon_pkg'
[0.198s] Level 1:colcon.colcon_core.package_identification:_identify(path_generate/steven_gong/Raceline-Optimization/inputs/veh_dyn_info) by extensions ['colcon_meta']
[0.198s] Level 1:colcon.colcon_core.package_identification:_identify(path_generate/steven_gong/Raceline-Optimization/inputs/veh_dyn_info) by extension 'colcon_meta'
[0.198s] Level 1:colcon.colcon_core.package_identification:_identify(path_generate/steven_gong/Raceline-Optimization/inputs/veh_dyn_info) by extensions ['ros']
[0.198s] Level 1:colcon.colcon_core.package_identification:_identify(path_generate/steven_gong/Raceline-Optimization/inputs/veh_dyn_info) by extension 'ros'
[0.198s] Level 1:colcon.colcon_core.package_identification:_identify(path_generate/steven_gong/Raceline-Optimization/inputs/veh_dyn_info) by extensions ['cmake', 'python']
[0.198s] Level 1:colcon.colcon_core.package_identification:_identify(path_generate/steven_gong/Raceline-Optimization/inputs/veh_dyn_info) by extension 'cmake'
[0.198s] Level 1:colcon.colcon_core.package_identification:_identify(path_generate/steven_gong/Raceline-Optimization/inputs/veh_dyn_info) by extension 'python'
[0.198s] Level 1:colcon.colcon_core.package_identification:_identify(path_generate/steven_gong/Raceline-Optimization/inputs/veh_dyn_info) by extensions ['python_setup_py']
[0.198s] Level 1:colcon.colcon_core.package_identification:_identify(path_generate/steven_gong/Raceline-Optimization/inputs/veh_dyn_info) by extension 'python_setup_py'
[0.198s] Level 1:colcon.colcon_core.package_identification:_identify(path_generate/steven_gong/Raceline-Optimization/maps) by extensions ['ignore', 'ignore_ament_install']
[0.198s] Level 1:colcon.colcon_core.package_identification:_identify(path_generate/steven_gong/Raceline-Optimization/maps) by extension 'ignore'
[0.198s] Level 1:colcon.colcon_core.package_identification:_identify(path_generate/steven_gong/Raceline-Optimization/maps) by extension 'ignore_ament_install'
[0.198s] Level 1:colcon.colcon_core.package_identification:_identify(path_generate/steven_gong/Raceline-Optimization/maps) by extensions ['colcon_pkg']
[0.198s] Level 1:colcon.colcon_core.package_identification:_identify(path_generate/steven_gong/Raceline-Optimization/maps) by extension 'colcon_pkg'
[0.198s] Level 1:colcon.colcon_core.package_identification:_identify(path_generate/steven_gong/Raceline-Optimization/maps) by extensions ['colcon_meta']
[0.198s] Level 1:colcon.colcon_core.package_identification:_identify(path_generate/steven_gong/Raceline-Optimization/maps) by extension 'colcon_meta'
[0.198s] Level 1:colcon.colcon_core.package_identification:_identify(path_generate/steven_gong/Raceline-Optimization/maps) by extensions ['ros']
[0.198s] Level 1:colcon.colcon_core.package_identification:_identify(path_generate/steven_gong/Raceline-Optimization/maps) by extension 'ros'
[0.199s] Level 1:colcon.colcon_core.package_identification:_identify(path_generate/steven_gong/Raceline-Optimization/maps) by extensions ['cmake', 'python']
[0.199s] Level 1:colcon.colcon_core.package_identification:_identify(path_generate/steven_gong/Raceline-Optimization/maps) by extension 'cmake'
[0.199s] Level 1:colcon.colcon_core.package_identification:_identify(path_generate/steven_gong/Raceline-Optimization/maps) by extension 'python'
[0.199s] Level 1:colcon.colcon_core.package_identification:_identify(path_generate/steven_gong/Raceline-Optimization/maps) by extensions ['python_setup_py']
[0.199s] Level 1:colcon.colcon_core.package_identification:_identify(path_generate/steven_gong/Raceline-Optimization/maps) by extension 'python_setup_py'
[0.199s] Level 1:colcon.colcon_core.package_identification:_identify(path_generate/steven_gong/Raceline-Optimization/opt_mintime_traj) by extensions ['ignore', 'ignore_ament_install']
[0.199s] Level 1:colcon.colcon_core.package_identification:_identify(path_generate/steven_gong/Raceline-Optimization/opt_mintime_traj) by extension 'ignore'
[0.199s] Level 1:colcon.colcon_core.package_identification:_identify(path_generate/steven_gong/Raceline-Optimization/opt_mintime_traj) by extension 'ignore_ament_install'
[0.199s] Level 1:colcon.colcon_core.package_identification:_identify(path_generate/steven_gong/Raceline-Optimization/opt_mintime_traj) by extensions ['colcon_pkg']
[0.199s] Level 1:colcon.colcon_core.package_identification:_identify(path_generate/steven_gong/Raceline-Optimization/opt_mintime_traj) by extension 'colcon_pkg'
[0.199s] Level 1:colcon.colcon_core.package_identification:_identify(path_generate/steven_gong/Raceline-Optimization/opt_mintime_traj) by extensions ['colcon_meta']
[0.199s] Level 1:colcon.colcon_core.package_identification:_identify(path_generate/steven_gong/Raceline-Optimization/opt_mintime_traj) by extension 'colcon_meta'
[0.199s] Level 1:colcon.colcon_core.package_identification:_identify(path_generate/steven_gong/Raceline-Optimization/opt_mintime_traj) by extensions ['ros']
[0.199s] Level 1:colcon.colcon_core.package_identification:_identify(path_generate/steven_gong/Raceline-Optimization/opt_mintime_traj) by extension 'ros'
[0.199s] Level 1:colcon.colcon_core.package_identification:_identify(path_generate/steven_gong/Raceline-Optimization/opt_mintime_traj) by extensions ['cmake', 'python']
[0.199s] Level 1:colcon.colcon_core.package_identification:_identify(path_generate/steven_gong/Raceline-Optimization/opt_mintime_traj) by extension 'cmake'
[0.199s] Level 1:colcon.colcon_core.package_identification:_identify(path_generate/steven_gong/Raceline-Optimization/opt_mintime_traj) by extension 'python'
[0.199s] Level 1:colcon.colcon_core.package_identification:_identify(path_generate/steven_gong/Raceline-Optimization/opt_mintime_traj) by extensions ['python_setup_py']
[0.199s] Level 1:colcon.colcon_core.package_identification:_identify(path_generate/steven_gong/Raceline-Optimization/opt_mintime_traj) by extension 'python_setup_py'
[0.199s] Level 1:colcon.colcon_core.package_identification:_identify(path_generate/steven_gong/Raceline-Optimization/opt_mintime_traj/powertrain_src) by extensions ['ignore', 'ignore_ament_install']
[0.199s] Level 1:colcon.colcon_core.package_identification:_identify(path_generate/steven_gong/Raceline-Optimization/opt_mintime_traj/powertrain_src) by extension 'ignore'
[0.199s] Level 1:colcon.colcon_core.package_identification:_identify(path_generate/steven_gong/Raceline-Optimization/opt_mintime_traj/powertrain_src) by extension 'ignore_ament_install'
[0.199s] Level 1:colcon.colcon_core.package_identification:_identify(path_generate/steven_gong/Raceline-Optimization/opt_mintime_traj/powertrain_src) by extensions ['colcon_pkg']
[0.199s] Level 1:colcon.colcon_core.package_identification:_identify(path_generate/steven_gong/Raceline-Optimization/opt_mintime_traj/powertrain_src) by extension 'colcon_pkg'
[0.199s] Level 1:colcon.colcon_core.package_identification:_identify(path_generate/steven_gong/Raceline-Optimization/opt_mintime_traj/powertrain_src) by extensions ['colcon_meta']
[0.199s] Level 1:colcon.colcon_core.package_identification:_identify(path_generate/steven_gong/Raceline-Optimization/opt_mintime_traj/powertrain_src) by extension 'colcon_meta'
[0.199s] Level 1:colcon.colcon_core.package_identification:_identify(path_generate/steven_gong/Raceline-Optimization/opt_mintime_traj/powertrain_src) by extensions ['ros']
[0.199s] Level 1:colcon.colcon_core.package_identification:_identify(path_generate/steven_gong/Raceline-Optimization/opt_mintime_traj/powertrain_src) by extension 'ros'
[0.199s] Level 1:colcon.colcon_core.package_identification:_identify(path_generate/steven_gong/Raceline-Optimization/opt_mintime_traj/powertrain_src) by extensions ['cmake', 'python']
[0.199s] Level 1:colcon.colcon_core.package_identification:_identify(path_generate/steven_gong/Raceline-Optimization/opt_mintime_traj/powertrain_src) by extension 'cmake'
[0.199s] Level 1:colcon.colcon_core.package_identification:_identify(path_generate/steven_gong/Raceline-Optimization/opt_mintime_traj/powertrain_src) by extension 'python'
[0.199s] Level 1:colcon.colcon_core.package_identification:_identify(path_generate/steven_gong/Raceline-Optimization/opt_mintime_traj/powertrain_src) by extensions ['python_setup_py']
[0.199s] Level 1:colcon.colcon_core.package_identification:_identify(path_generate/steven_gong/Raceline-Optimization/opt_mintime_traj/powertrain_src) by extension 'python_setup_py'
[0.199s] Level 1:colcon.colcon_core.package_identification:_identify(path_generate/steven_gong/Raceline-Optimization/opt_mintime_traj/powertrain_src/src) by extensions ['ignore', 'ignore_ament_install']
[0.199s] Level 1:colcon.colcon_core.package_identification:_identify(path_generate/steven_gong/Raceline-Optimization/opt_mintime_traj/powertrain_src/src) by extension 'ignore'
[0.199s] Level 1:colcon.colcon_core.package_identification:_identify(path_generate/steven_gong/Raceline-Optimization/opt_mintime_traj/powertrain_src/src) by extension 'ignore_ament_install'
[0.199s] Level 1:colcon.colcon_core.package_identification:_identify(path_generate/steven_gong/Raceline-Optimization/opt_mintime_traj/powertrain_src/src) by extensions ['colcon_pkg']
[0.199s] Level 1:colcon.colcon_core.package_identification:_identify(path_generate/steven_gong/Raceline-Optimization/opt_mintime_traj/powertrain_src/src) by extension 'colcon_pkg'
[0.199s] Level 1:colcon.colcon_core.package_identification:_identify(path_generate/steven_gong/Raceline-Optimization/opt_mintime_traj/powertrain_src/src) by extensions ['colcon_meta']
[0.199s] Level 1:colcon.colcon_core.package_identification:_identify(path_generate/steven_gong/Raceline-Optimization/opt_mintime_traj/powertrain_src/src) by extension 'colcon_meta'
[0.199s] Level 1:colcon.colcon_core.package_identification:_identify(path_generate/steven_gong/Raceline-Optimization/opt_mintime_traj/powertrain_src/src) by extensions ['ros']
[0.199s] Level 1:colcon.colcon_core.package_identification:_identify(path_generate/steven_gong/Raceline-Optimization/opt_mintime_traj/powertrain_src/src) by extension 'ros'
[0.199s] Level 1:colcon.colcon_core.package_identification:_identify(path_generate/steven_gong/Raceline-Optimization/opt_mintime_traj/powertrain_src/src) by extensions ['cmake', 'python']
[0.199s] Level 1:colcon.colcon_core.package_identification:_identify(path_generate/steven_gong/Raceline-Optimization/opt_mintime_traj/powertrain_src/src) by extension 'cmake'
[0.199s] Level 1:colcon.colcon_core.package_identification:_identify(path_generate/steven_gong/Raceline-Optimization/opt_mintime_traj/powertrain_src/src) by extension 'python'
[0.199s] Level 1:colcon.colcon_core.package_identification:_identify(path_generate/steven_gong/Raceline-Optimization/opt_mintime_traj/powertrain_src/src) by extensions ['python_setup_py']
[0.199s] Level 1:colcon.colcon_core.package_identification:_identify(path_generate/steven_gong/Raceline-Optimization/opt_mintime_traj/powertrain_src/src) by extension 'python_setup_py'
[0.200s] Level 1:colcon.colcon_core.package_identification:_identify(path_generate/steven_gong/Raceline-Optimization/opt_mintime_traj/src) by extensions ['ignore', 'ignore_ament_install']
[0.200s] Level 1:colcon.colcon_core.package_identification:_identify(path_generate/steven_gong/Raceline-Optimization/opt_mintime_traj/src) by extension 'ignore'
[0.200s] Level 1:colcon.colcon_core.package_identification:_identify(path_generate/steven_gong/Raceline-Optimization/opt_mintime_traj/src) by extension 'ignore_ament_install'
[0.200s] Level 1:colcon.colcon_core.package_identification:_identify(path_generate/steven_gong/Raceline-Optimization/opt_mintime_traj/src) by extensions ['colcon_pkg']
[0.200s] Level 1:colcon.colcon_core.package_identification:_identify(path_generate/steven_gong/Raceline-Optimization/opt_mintime_traj/src) by extension 'colcon_pkg'
[0.200s] Level 1:colcon.colcon_core.package_identification:_identify(path_generate/steven_gong/Raceline-Optimization/opt_mintime_traj/src) by extensions ['colcon_meta']
[0.200s] Level 1:colcon.colcon_core.package_identification:_identify(path_generate/steven_gong/Raceline-Optimization/opt_mintime_traj/src) by extension 'colcon_meta'
[0.200s] Level 1:colcon.colcon_core.package_identification:_identify(path_generate/steven_gong/Raceline-Optimization/opt_mintime_traj/src) by extensions ['ros']
[0.200s] Level 1:colcon.colcon_core.package_identification:_identify(path_generate/steven_gong/Raceline-Optimization/opt_mintime_traj/src) by extension 'ros'
[0.200s] Level 1:colcon.colcon_core.package_identification:_identify(path_generate/steven_gong/Raceline-Optimization/opt_mintime_traj/src) by extensions ['cmake', 'python']
[0.200s] Level 1:colcon.colcon_core.package_identification:_identify(path_generate/steven_gong/Raceline-Optimization/opt_mintime_traj/src) by extension 'cmake'
[0.200s] Level 1:colcon.colcon_core.package_identification:_identify(path_generate/steven_gong/Raceline-Optimization/opt_mintime_traj/src) by extension 'python'
[0.200s] Level 1:colcon.colcon_core.package_identification:_identify(path_generate/steven_gong/Raceline-Optimization/opt_mintime_traj/src) by extensions ['python_setup_py']
[0.200s] Level 1:colcon.colcon_core.package_identification:_identify(path_generate/steven_gong/Raceline-Optimization/opt_mintime_traj/src) by extension 'python_setup_py'
[0.200s] Level 1:colcon.colcon_core.package_identification:_identify(path_generate/steven_gong/Raceline-Optimization/params) by extensions ['ignore', 'ignore_ament_install']
[0.200s] Level 1:colcon.colcon_core.package_identification:_identify(path_generate/steven_gong/Raceline-Optimization/params) by extension 'ignore'
[0.200s] Level 1:colcon.colcon_core.package_identification:_identify(path_generate/steven_gong/Raceline-Optimization/params) by extension 'ignore_ament_install'
[0.200s] Level 1:colcon.colcon_core.package_identification:_identify(path_generate/steven_gong/Raceline-Optimization/params) by extensions ['colcon_pkg']
[0.200s] Level 1:colcon.colcon_core.package_identification:_identify(path_generate/steven_gong/Raceline-Optimization/params) by extension 'colcon_pkg'
[0.200s] Level 1:colcon.colcon_core.package_identification:_identify(path_generate/steven_gong/Raceline-Optimization/params) by extensions ['colcon_meta']
[0.200s] Level 1:colcon.colcon_core.package_identification:_identify(path_generate/steven_gong/Raceline-Optimization/params) by extension 'colcon_meta'
[0.200s] Level 1:colcon.colcon_core.package_identification:_identify(path_generate/steven_gong/Raceline-Optimization/params) by extensions ['ros']
[0.200s] Level 1:colcon.colcon_core.package_identification:_identify(path_generate/steven_gong/Raceline-Optimization/params) by extension 'ros'
[0.200s] Level 1:colcon.colcon_core.package_identification:_identify(path_generate/steven_gong/Raceline-Optimization/params) by extensions ['cmake', 'python']
[0.200s] Level 1:colcon.colcon_core.package_identification:_identify(path_generate/steven_gong/Raceline-Optimization/params) by extension 'cmake'
[0.200s] Level 1:colcon.colcon_core.package_identification:_identify(path_generate/steven_gong/Raceline-Optimization/params) by extension 'python'
[0.200s] Level 1:colcon.colcon_core.package_identification:_identify(path_generate/steven_gong/Raceline-Optimization/params) by extensions ['python_setup_py']
[0.200s] Level 1:colcon.colcon_core.package_identification:_identify(path_generate/steven_gong/Raceline-Optimization/params) by extension 'python_setup_py'
[0.200s] Level 1:colcon.colcon_core.package_identification:_identify(src) by extensions ['ignore', 'ignore_ament_install']
[0.200s] Level 1:colcon.colcon_core.package_identification:_identify(src) by extension 'ignore'
[0.200s] Level 1:colcon.colcon_core.package_identification:_identify(src) by extension 'ignore_ament_install'
[0.200s] Level 1:colcon.colcon_core.package_identification:_identify(src) by extensions ['colcon_pkg']
[0.200s] Level 1:colcon.colcon_core.package_identification:_identify(src) by extension 'colcon_pkg'
[0.200s] Level 1:colcon.colcon_core.package_identification:_identify(src) by extensions ['colcon_meta']
[0.200s] Level 1:colcon.colcon_core.package_identification:_identify(src) by extension 'colcon_meta'
[0.200s] Level 1:colcon.colcon_core.package_identification:_identify(src) by extensions ['ros']
[0.200s] Level 1:colcon.colcon_core.package_identification:_identify(src) by extension 'ros'
[0.200s] Level 1:colcon.colcon_core.package_identification:_identify(src) by extensions ['cmake', 'python']
[0.200s] Level 1:colcon.colcon_core.package_identification:_identify(src) by extension 'cmake'
[0.200s] Level 1:colcon.colcon_core.package_identification:_identify(src) by extension 'python'
[0.200s] Level 1:colcon.colcon_core.package_identification:_identify(src) by extensions ['python_setup_py']
[0.200s] Level 1:colcon.colcon_core.package_identification:_identify(src) by extension 'python_setup_py'
[0.200s] Level 1:colcon.colcon_core.package_identification:_identify(src/Nonlinear_MPCC_for_autonomous_racing) by extensions ['ignore', 'ignore_ament_install']
[0.200s] Level 1:colcon.colcon_core.package_identification:_identify(src/Nonlinear_MPCC_for_autonomous_racing) by extension 'ignore'
[0.201s] Level 1:colcon.colcon_core.package_identification:_identify(src/Nonlinear_MPCC_for_autonomous_racing) by extension 'ignore_ament_install'
[0.201s] Level 1:colcon.colcon_core.package_identification:_identify(src/Nonlinear_MPCC_for_autonomous_racing) by extensions ['colcon_pkg']
[0.201s] Level 1:colcon.colcon_core.package_identification:_identify(src/Nonlinear_MPCC_for_autonomous_racing) by extension 'colcon_pkg'
[0.201s] Level 1:colcon.colcon_core.package_identification:_identify(src/Nonlinear_MPCC_for_autonomous_racing) by extensions ['colcon_meta']
[0.201s] Level 1:colcon.colcon_core.package_identification:_identify(src/Nonlinear_MPCC_for_autonomous_racing) by extension 'colcon_meta'
[0.201s] Level 1:colcon.colcon_core.package_identification:_identify(src/Nonlinear_MPCC_for_autonomous_racing) by extensions ['ros']
[0.201s] Level 1:colcon.colcon_core.package_identification:_identify(src/Nonlinear_MPCC_for_autonomous_racing) by extension 'ros'
[0.201s] Level 1:colcon.colcon_core.package_identification:_identify(src/Nonlinear_MPCC_for_autonomous_racing) by extensions ['cmake', 'python']
[0.201s] Level 1:colcon.colcon_core.package_identification:_identify(src/Nonlinear_MPCC_for_autonomous_racing) by extension 'cmake'
[0.201s] Level 1:colcon.colcon_core.package_identification:_identify(src/Nonlinear_MPCC_for_autonomous_racing) by extension 'python'
[0.201s] Level 1:colcon.colcon_core.package_identification:_identify(src/Nonlinear_MPCC_for_autonomous_racing) by extensions ['python_setup_py']
[0.201s] Level 1:colcon.colcon_core.package_identification:_identify(src/Nonlinear_MPCC_for_autonomous_racing) by extension 'python_setup_py'
[0.201s] Level 1:colcon.colcon_core.package_identification:_identify(src/Nonlinear_MPCC_for_autonomous_racing/nonlinear_mpc_casadi) by extensions ['ignore', 'ignore_ament_install']
[0.201s] Level 1:colcon.colcon_core.package_identification:_identify(src/Nonlinear_MPCC_for_autonomous_racing/nonlinear_mpc_casadi) by extension 'ignore'
[0.201s] Level 1:colcon.colcon_core.package_identification:_identify(src/Nonlinear_MPCC_for_autonomous_racing/nonlinear_mpc_casadi) by extension 'ignore_ament_install'
[0.201s] Level 1:colcon.colcon_core.package_identification:_identify(src/Nonlinear_MPCC_for_autonomous_racing/nonlinear_mpc_casadi) by extensions ['colcon_pkg']
[0.201s] Level 1:colcon.colcon_core.package_identification:_identify(src/Nonlinear_MPCC_for_autonomous_racing/nonlinear_mpc_casadi) by extension 'colcon_pkg'
[0.201s] Level 1:colcon.colcon_core.package_identification:_identify(src/Nonlinear_MPCC_for_autonomous_racing/nonlinear_mpc_casadi) by extensions ['colcon_meta']
[0.201s] Level 1:colcon.colcon_core.package_identification:_identify(src/Nonlinear_MPCC_for_autonomous_racing/nonlinear_mpc_casadi) by extension 'colcon_meta'
[0.201s] Level 1:colcon.colcon_core.package_identification:_identify(src/Nonlinear_MPCC_for_autonomous_racing/nonlinear_mpc_casadi) by extensions ['ros']
[0.201s] Level 1:colcon.colcon_core.package_identification:_identify(src/Nonlinear_MPCC_for_autonomous_racing/nonlinear_mpc_casadi) by extension 'ros'
[0.203s] DEBUG:colcon.colcon_core.package_identification:Package 'src/Nonlinear_MPCC_for_autonomous_racing/nonlinear_mpc_casadi' with type 'ros.ament_cmake' and name 'nonlinear_mpc_casadi'
[0.203s] Level 1:colcon.colcon_core.package_identification:_identify(src/bound_obstacle_detector) by extensions ['ignore', 'ignore_ament_install']
[0.203s] Level 1:colcon.colcon_core.package_identification:_identify(src/bound_obstacle_detector) by extension 'ignore'
[0.203s] Level 1:colcon.colcon_core.package_identification:_identify(src/bound_obstacle_detector) by extension 'ignore_ament_install'
[0.203s] Level 1:colcon.colcon_core.package_identification:_identify(src/bound_obstacle_detector) by extensions ['colcon_pkg']
[0.203s] Level 1:colcon.colcon_core.package_identification:_identify(src/bound_obstacle_detector) by extension 'colcon_pkg'
[0.203s] Level 1:colcon.colcon_core.package_identification:_identify(src/bound_obstacle_detector) by extensions ['colcon_meta']
[0.203s] Level 1:colcon.colcon_core.package_identification:_identify(src/bound_obstacle_detector) by extension 'colcon_meta'
[0.203s] Level 1:colcon.colcon_core.package_identification:_identify(src/bound_obstacle_detector) by extensions ['ros']
[0.203s] Level 1:colcon.colcon_core.package_identification:_identify(src/bound_obstacle_detector) by extension 'ros'
[0.203s] DEBUG:colcon.colcon_core.package_identification:Package 'src/bound_obstacle_detector' with type 'ros.catkin' and name 'bound_obstacle_detector'
[0.203s] Level 1:colcon.colcon_core.package_identification:_identify(src/bubble_memory) by extensions ['ignore', 'ignore_ament_install']
[0.203s] Level 1:colcon.colcon_core.package_identification:_identify(src/bubble_memory) by extension 'ignore'
[0.203s] Level 1:colcon.colcon_core.package_identification:_identify(src/bubble_memory) by extension 'ignore_ament_install'
[0.203s] Level 1:colcon.colcon_core.package_identification:_identify(src/bubble_memory) by extensions ['colcon_pkg']
[0.203s] Level 1:colcon.colcon_core.package_identification:_identify(src/bubble_memory) by extension 'colcon_pkg'
[0.203s] Level 1:colcon.colcon_core.package_identification:_identify(src/bubble_memory) by extensions ['colcon_meta']
[0.203s] Level 1:colcon.colcon_core.package_identification:_identify(src/bubble_memory) by extension 'colcon_meta'
[0.203s] Level 1:colcon.colcon_core.package_identification:_identify(src/bubble_memory) by extensions ['ros']
[0.203s] Level 1:colcon.colcon_core.package_identification:_identify(src/bubble_memory) by extension 'ros'
[0.204s] DEBUG:colcon.colcon_core.package_identification:Package 'src/bubble_memory' with type 'ros.ament_python' and name 'bubble_memory'
[0.204s] Level 1:colcon.colcon_core.package_identification:_identify(src/centerline_planner) by extensions ['ignore', 'ignore_ament_install']
[0.204s] Level 1:colcon.colcon_core.package_identification:_identify(src/centerline_planner) by extension 'ignore'
[0.204s] Level 1:colcon.colcon_core.package_identification:_identify(src/centerline_planner) by extension 'ignore_ament_install'
[0.204s] Level 1:colcon.colcon_core.package_identification:_identify(src/centerline_planner) by extensions ['colcon_pkg']
[0.204s] Level 1:colcon.colcon_core.package_identification:_identify(src/centerline_planner) by extension 'colcon_pkg'
[0.204s] Level 1:colcon.colcon_core.package_identification:_identify(src/centerline_planner) by extensions ['colcon_meta']
[0.204s] Level 1:colcon.colcon_core.package_identification:_identify(src/centerline_planner) by extension 'colcon_meta'
[0.204s] Level 1:colcon.colcon_core.package_identification:_identify(src/centerline_planner) by extensions ['ros']
[0.204s] Level 1:colcon.colcon_core.package_identification:_identify(src/centerline_planner) by extension 'ros'
[0.204s] DEBUG:colcon.colcon_core.package_identification:Package 'src/centerline_planner' with type 'ros.ament_python' and name 'centerline_planner'
[0.204s] Level 1:colcon.colcon_core.package_identification:_identify(src/csv_obstacle) by extensions ['ignore', 'ignore_ament_install']
[0.204s] Level 1:colcon.colcon_core.package_identification:_identify(src/csv_obstacle) by extension 'ignore'
[0.204s] Level 1:colcon.colcon_core.package_identification:_identify(src/csv_obstacle) by extension 'ignore_ament_install'
[0.205s] Level 1:colcon.colcon_core.package_identification:_identify(src/csv_obstacle) by extensions ['colcon_pkg']
[0.205s] Level 1:colcon.colcon_core.package_identification:_identify(src/csv_obstacle) by extension 'colcon_pkg'
[0.205s] Level 1:colcon.colcon_core.package_identification:_identify(src/csv_obstacle) by extensions ['colcon_meta']
[0.205s] Level 1:colcon.colcon_core.package_identification:_identify(src/csv_obstacle) by extension 'colcon_meta'
[0.205s] Level 1:colcon.colcon_core.package_identification:_identify(src/csv_obstacle) by extensions ['ros']
[0.205s] Level 1:colcon.colcon_core.package_identification:_identify(src/csv_obstacle) by extension 'ros'
[0.205s] DEBUG:colcon.colcon_core.package_identification:Package 'src/csv_obstacle' with type 'ros.ament_python' and name 'csv_obstacle'
[0.205s] Level 1:colcon.colcon_core.package_identification:_identify(src/disparity_autodrive) by extensions ['ignore', 'ignore_ament_install']
[0.205s] Level 1:colcon.colcon_core.package_identification:_identify(src/disparity_autodrive) by extension 'ignore'
[0.205s] Level 1:colcon.colcon_core.package_identification:_identify(src/disparity_autodrive) by extension 'ignore_ament_install'
[0.205s] Level 1:colcon.colcon_core.package_identification:_identify(src/disparity_autodrive) by extensions ['colcon_pkg']
[0.205s] Level 1:colcon.colcon_core.package_identification:_identify(src/disparity_autodrive) by extension 'colcon_pkg'
[0.205s] Level 1:colcon.colcon_core.package_identification:_identify(src/disparity_autodrive) by extensions ['colcon_meta']
[0.205s] Level 1:colcon.colcon_core.package_identification:_identify(src/disparity_autodrive) by extension 'colcon_meta'
[0.205s] Level 1:colcon.colcon_core.package_identification:_identify(src/disparity_autodrive) by extensions ['ros']
[0.205s] Level 1:colcon.colcon_core.package_identification:_identify(src/disparity_autodrive) by extension 'ros'
[0.206s] DEBUG:colcon.colcon_core.package_identification:Package 'src/disparity_autodrive' with type 'ros.ament_cmake' and name 'disparity_autodrive'
[0.206s] Level 1:colcon.colcon_core.package_identification:_identify(src/f1tenth_gym_ros) by extensions ['ignore', 'ignore_ament_install']
[0.206s] Level 1:colcon.colcon_core.package_identification:_identify(src/f1tenth_gym_ros) by extension 'ignore'
[0.206s] Level 1:colcon.colcon_core.package_identification:_identify(src/f1tenth_gym_ros) by extension 'ignore_ament_install'
[0.206s] Level 1:colcon.colcon_core.package_identification:_identify(src/f1tenth_gym_ros) by extensions ['colcon_pkg']
[0.206s] Level 1:colcon.colcon_core.package_identification:_identify(src/f1tenth_gym_ros) by extension 'colcon_pkg'
[0.206s] Level 1:colcon.colcon_core.package_identification:_identify(src/f1tenth_gym_ros) by extensions ['colcon_meta']
[0.206s] Level 1:colcon.colcon_core.package_identification:_identify(src/f1tenth_gym_ros) by extension 'colcon_meta'
[0.206s] Level 1:colcon.colcon_core.package_identification:_identify(src/f1tenth_gym_ros) by extensions ['ros']
[0.206s] Level 1:colcon.colcon_core.package_identification:_identify(src/f1tenth_gym_ros) by extension 'ros'
[0.206s] DEBUG:colcon.colcon_core.package_identification:Package 'src/f1tenth_gym_ros' with type 'ros.ament_python' and name 'f1tenth_gym_ros'
[0.206s] Level 1:colcon.colcon_core.package_identification:_identify(src/key_teleop) by extensions ['ignore', 'ignore_ament_install']
[0.206s] Level 1:colcon.colcon_core.package_identification:_identify(src/key_teleop) by extension 'ignore'
[0.206s] Level 1:colcon.colcon_core.package_identification:_identify(src/key_teleop) by extension 'ignore_ament_install'
[0.206s] Level 1:colcon.colcon_core.package_identification:_identify(src/key_teleop) by extensions ['colcon_pkg']
[0.206s] Level 1:colcon.colcon_core.package_identification:_identify(src/key_teleop) by extension 'colcon_pkg'
[0.206s] Level 1:colcon.colcon_core.package_identification:_identify(src/key_teleop) by extensions ['colcon_meta']
[0.206s] Level 1:colcon.colcon_core.package_identification:_identify(src/key_teleop) by extension 'colcon_meta'
[0.206s] Level 1:colcon.colcon_core.package_identification:_identify(src/key_teleop) by extensions ['ros']
[0.206s] Level 1:colcon.colcon_core.package_identification:_identify(src/key_teleop) by extension 'ros'
[0.207s] DEBUG:colcon.colcon_core.package_identification:Package 'src/key_teleop' with type 'ros.ament_cmake' and name 'key_teleop'
[0.207s] Level 1:colcon.colcon_core.package_discovery:discover_packages(recursive) using defaults
[0.207s] Level 1:colcon.colcon_core.package_discovery:discover_packages(ignore) discover
[0.207s] Level 1:colcon.colcon_core.package_discovery:discover_packages(ignore) using defaults
[0.207s] Level 1:colcon.colcon_core.package_discovery:discover_packages(path) discover
[0.207s] Level 1:colcon.colcon_core.package_discovery:discover_packages(path) using defaults
[0.217s] INFO:colcon.colcon_core.package_selection:Skipping not selected package 'bubble_memory' in 'src/bubble_memory'
[0.217s] INFO:colcon.colcon_core.package_selection:Skipping not selected package 'centerline_planner' in 'src/centerline_planner'
[0.217s] INFO:colcon.colcon_core.package_selection:Skipping not selected package 'csv_obstacle' in 'src/csv_obstacle'
[0.217s] INFO:colcon.colcon_core.package_selection:Skipping not selected package 'disparity_autodrive' in 'src/disparity_autodrive'
[0.217s] INFO:colcon.colcon_core.package_selection:Skipping not selected package 'f1tenth_gym_ros' in 'src/f1tenth_gym_ros'
[0.217s] INFO:colcon.colcon_core.package_selection:Skipping not selected package 'key_teleop' in 'src/key_teleop'
[0.217s] INFO:colcon.colcon_core.package_selection:Skipping not selected package 'nonlinear_mpc_casadi' in 'src/Nonlinear_MPCC_for_autonomous_racing/nonlinear_mpc_casadi'
[0.217s] Level 1:colcon.colcon_core.package_discovery:discover_packages(prefix_path) check parameters
[0.217s] Level 1:colcon.colcon_core.package_discovery:discover_packages(prefix_path) discover
[0.223s] DEBUG:colcon.colcon_installed_package_information.package_discovery:Found 9 installed packages in /home/moon/sim_ws/install
[0.224s] DEBUG:colcon.colcon_installed_package_information.package_discovery:Found 293 installed packages in /opt/ros/foxy
[0.224s] Level 1:colcon.colcon_core.package_discovery:discover_packages(prefix_path) using defaults
[0.253s] Level 5:colcon.colcon_core.verb:set package 'bound_obstacle_detector' build argument 'cmake_args' from command line to 'None'
[0.253s] Level 5:colcon.colcon_core.verb:set package 'bound_obstacle_detector' build argument 'cmake_target' from command line to 'None'
[0.253s] Level 5:colcon.colcon_core.verb:set package 'bound_obstacle_detector' build argument 'cmake_target_skip_unavailable' from command line to 'False'
[0.253s] Level 5:colcon.colcon_core.verb:set package 'bound_obstacle_detector' build argument 'cmake_clean_cache' from command line to 'False'
[0.253s] Level 5:colcon.colcon_core.verb:set package 'bound_obstacle_detector' build argument 'cmake_clean_first' from command line to 'False'
[0.253s] Level 5:colcon.colcon_core.verb:set package 'bound_obstacle_detector' build argument 'cmake_force_configure' from command line to 'False'
[0.253s] Level 5:colcon.colcon_core.verb:set package 'bound_obstacle_detector' build argument 'ament_cmake_args' from command line to 'None'
[0.253s] Level 5:colcon.colcon_core.verb:set package 'bound_obstacle_detector' build argument 'catkin_cmake_args' from command line to 'None'
[0.253s] Level 5:colcon.colcon_core.verb:set package 'bound_obstacle_detector' build argument 'catkin_skip_building_tests' from command line to 'False'
[0.253s] DEBUG:colcon.colcon_core.verb:Building package 'bound_obstacle_detector' with the following arguments: {'ament_cmake_args': None, 'build_base': '/home/moon/sim_ws/build/bound_obstacle_detector', 'catkin_cmake_args': None, 'catkin_skip_building_tests': False, 'cmake_args': None, 'cmake_clean_cache': False, 'cmake_clean_first': False, 'cmake_force_configure': False, 'cmake_target': None, 'cmake_target_skip_unavailable': False, 'install_base': '/home/moon/sim_ws/install/bound_obstacle_detector', 'merge_install': False, 'path': '/home/moon/sim_ws/src/bound_obstacle_detector', 'symlink_install': True, 'test_result_base': None}
[0.253s] INFO:colcon.colcon_core.executor:Executing jobs using 'parallel' executor
[0.253s] DEBUG:colcon.colcon_parallel_executor.executor.parallel:run_until_complete
[0.254s] INFO:colcon.colcon_ros.task.catkin.build:Building ROS package in '/home/moon/sim_ws/src/bound_obstacle_detector' with build type 'catkin'
[0.254s] INFO:colcon.colcon_cmake.task.cmake.build:Building CMake package in '/home/moon/sim_ws/src/bound_obstacle_detector'
[0.255s] INFO:colcon.colcon_core.plugin_system:Skipping extension 'colcon_core.shell.bat': Not used on non-Windows systems
[0.255s] INFO:colcon.colcon_core.shell:Skip shell extension 'powershell' for command environment: Not usable outside of PowerShell
[0.255s] DEBUG:colcon.colcon_core.shell:Skip shell extension 'dsv' for command environment
[0.260s] DEBUG:colcon.colcon_core.event_handler.log_command:Invoking command in '/home/moon/sim_ws/build/bound_obstacle_detector': CONDA_PROMPT_MODIFIER=(f110) /usr/bin/cmake /home/moon/sim_ws/src/bound_obstacle_detector -DCATKIN_INSTALL_INTO_PREFIX_ROOT=0 -DCATKIN_SYMLINK_INSTALL=ON -DCMAKE_INSTALL_PREFIX=/home/moon/sim_ws/install/bound_obstacle_detector
[0.266s] Level 1:colcon.colcon_core.environment:create_environment_scripts_only(bound_obstacle_detector)
[0.267s] DEBUG:colcon.colcon_core.event_handler.log_command:Invoked command in '/home/moon/sim_ws/build/bound_obstacle_detector' returned '1': CONDA_PROMPT_MODIFIER=(f110) /usr/bin/cmake /home/moon/sim_ws/src/bound_obstacle_detector -DCATKIN_INSTALL_INTO_PREFIX_ROOT=0 -DCATKIN_SYMLINK_INSTALL=ON -DCMAKE_INSTALL_PREFIX=/home/moon/sim_ws/install/bound_obstacle_detector
[0.268s] Level 1:colcon.colcon_core.environment:checking '/home/moon/sim_ws/install/bound_obstacle_detector' for CMake module files
[0.268s] Level 1:colcon.colcon_core.environment:checking '/home/moon/sim_ws/install/bound_obstacle_detector' for CMake config files
[0.269s] Level 1:colcon.colcon_core.environment:checking '/home/moon/sim_ws/install/bound_obstacle_detector/bin'
[0.269s] Level 1:colcon.colcon_core.environment:checking '/home/moon/sim_ws/install/bound_obstacle_detector/lib/pkgconfig/bound_obstacle_detector.pc'
[0.269s] Level 1:colcon.colcon_core.environment:checking '/home/moon/sim_ws/install/bound_obstacle_detector/lib/python3.8/site-packages'
[0.269s] Level 1:colcon.colcon_core.environment:checking '/home/moon/sim_ws/install/bound_obstacle_detector/bin'
[0.269s] INFO:colcon.colcon_core.shell:Creating package script '/home/moon/sim_ws/install/bound_obstacle_detector/share/bound_obstacle_detector/package.ps1'
[0.269s] INFO:colcon.colcon_core.shell:Creating package descriptor '/home/moon/sim_ws/install/bound_obstacle_detector/share/bound_obstacle_detector/package.dsv'
[0.270s] INFO:colcon.colcon_core.shell:Creating package script '/home/moon/sim_ws/install/bound_obstacle_detector/share/bound_obstacle_detector/package.sh'
[0.270s] INFO:colcon.colcon_core.shell:Creating package script '/home/moon/sim_ws/install/bound_obstacle_detector/share/bound_obstacle_detector/package.bash'
[0.270s] INFO:colcon.colcon_core.shell:Creating package script '/home/moon/sim_ws/install/bound_obstacle_detector/share/bound_obstacle_detector/package.zsh'
[0.271s] Level 1:colcon.colcon_core.environment:create_file_with_runtime_dependencies(/home/moon/sim_ws/install/bound_obstacle_detector/share/colcon-core/packages/bound_obstacle_detector)
[0.281s] DEBUG:colcon.colcon_parallel_executor.executor.parallel:closing loop
[0.281s] DEBUG:colcon.colcon_parallel_executor.executor.parallel:loop closed
[0.281s] DEBUG:colcon.colcon_parallel_executor.executor.parallel:run_until_complete finished with '1'
[0.281s] DEBUG:colcon.colcon_core.event_reactor:joining thread
[0.285s] INFO:colcon.colcon_core.plugin_system:Skipping extension 'colcon_notification.desktop_notification.terminal_notifier': Not used on non-Darwin systems
[0.285s] INFO:colcon.colcon_core.plugin_system:Skipping extension 'colcon_notification.desktop_notification.win32': Not used on non-Windows systems
[0.285s] INFO:colcon.colcon_notification.desktop_notification:Sending desktop notification using 'notify2'
[0.294s] DEBUG:colcon.colcon_core.event_reactor:joined thread
[0.294s] INFO:colcon.colcon_core.shell:Creating prefix script '/home/moon/sim_ws/install/local_setup.ps1'
[0.295s] INFO:colcon.colcon_core.shell:Creating prefix util module '/home/moon/sim_ws/install/_local_setup_util_ps1.py'
[0.296s] INFO:colcon.colcon_core.shell:Creating prefix chain script '/home/moon/sim_ws/install/setup.ps1'
[0.296s] INFO:colcon.colcon_core.shell:Creating prefix script '/home/moon/sim_ws/install/local_setup.sh'
[0.297s] INFO:colcon.colcon_core.shell:Creating prefix util module '/home/moon/sim_ws/install/_local_setup_util_sh.py'
[0.297s] INFO:colcon.colcon_core.shell:Creating prefix chain script '/home/moon/sim_ws/install/setup.sh'
[0.297s] INFO:colcon.colcon_core.shell:Creating prefix script '/home/moon/sim_ws/install/local_setup.bash'
[0.298s] INFO:colcon.colcon_core.shell:Creating prefix chain script '/home/moon/sim_ws/install/setup.bash'
[0.298s] INFO:colcon.colcon_core.shell:Creating prefix script '/home/moon/sim_ws/install/local_setup.zsh'
[0.299s] INFO:colcon.colcon_core.shell:Creating prefix chain script '/home/moon/sim_ws/install/setup.zsh'
