[0.118s] DEBUG:colcon:Command line arguments: ['/usr/bin/colcon', 'build']
[0.118s] DEBUG:colcon:Parsed command line arguments: Namespace(allow_overriding=[], ament_cmake_args=None, base_paths=['.'], build_base='build', catkin_cmake_args=None, catkin_skip_building_tests=False, cmake_args=None, cmake_clean_cache=False, cmake_clean_first=False, cmake_force_configure=False, cmake_target=None, cmake_target_skip_unavailable=False, continue_on_error=False, event_handlers=None, executor='parallel', ignore_user_meta=False, install_base='install', log_base=None, log_level=None, main=<bound method BuildVerb.main of <colcon_core.verb.build.BuildVerb object at 0x7f4229e3beb0>>, merge_install=False, metas=['./colcon.meta'], packages_above=None, packages_above_and_dependencies=None, packages_above_depth=None, packages_end=None, packages_ignore=None, packages_ignore_regex=None, packages_select=None, packages_select_build_failed=False, packages_select_by_dep=None, packages_select_regex=None, packages_select_test_failures=False, packages_skip=None, packages_skip_build_finished=False, packages_skip_by_dep=None, packages_skip_regex=None, packages_skip_test_passed=False, packages_skip_up_to=None, packages_start=None, packages_up_to=None, packages_up_to_regex=None, parallel_workers=16, paths=None, symlink_install=False, test_result_base=None, verb_extension=<colcon_core.verb.build.BuildVerb object at 0x7f4229e3beb0>, verb_name='build', verb_parser=<colcon_defaults.argument_parser.defaults.DefaultArgumentsDecorator object at 0x7f4229cfd070>)
[0.198s] Level 1:colcon.colcon_core.package_discovery:discover_packages(colcon_meta) check parameters
[0.198s] Level 1:colcon.colcon_core.package_discovery:discover_packages(recursive) check parameters
[0.198s] Level 1:colcon.colcon_core.package_discovery:discover_packages(ignore) check parameters
[0.198s] Level 1:colcon.colcon_core.package_discovery:discover_packages(path) check parameters
[0.198s] Level 1:colcon.colcon_core.package_discovery:discover_packages(colcon_meta) discover
[0.198s] Level 1:colcon.colcon_core.package_discovery:discover_packages(recursive) discover
[0.198s] INFO:colcon.colcon_core.package_discovery:Crawling recursively for packages in '/home/moon/sim_ws'
[0.198s] Level 1:colcon.colcon_core.package_identification:_identify(.) by extensions ['ignore', 'ignore_ament_install']
[0.198s] Level 1:colcon.colcon_core.package_identification:_identify(.) by extension 'ignore'
[0.198s] Level 1:colcon.colcon_core.package_identification:_identify(.) by extension 'ignore_ament_install'
[0.198s] Level 1:colcon.colcon_core.package_identification:_identify(.) by extensions ['colcon_pkg']
[0.198s] Level 1:colcon.colcon_core.package_identification:_identify(.) by extension 'colcon_pkg'
[0.198s] Level 1:colcon.colcon_core.package_identification:_identify(.) by extensions ['colcon_meta']
[0.198s] Level 1:colcon.colcon_core.package_identification:_identify(.) by extension 'colcon_meta'
[0.198s] Level 1:colcon.colcon_core.package_identification:_identify(.) by extensions ['ros']
[0.198s] Level 1:colcon.colcon_core.package_identification:_identify(.) by extension 'ros'
[0.205s] Level 1:colcon.colcon_core.package_identification:_identify(.) by extensions ['cmake', 'python']
[0.205s] Level 1:colcon.colcon_core.package_identification:_identify(.) by extension 'cmake'
[0.205s] Level 1:colcon.colcon_core.package_identification:_identify(.) by extension 'python'
[0.205s] Level 1:colcon.colcon_core.package_identification:_identify(.) by extensions ['python_setup_py']
[0.205s] Level 1:colcon.colcon_core.package_identification:_identify(.) by extension 'python_setup_py'
[0.205s] Level 1:colcon.colcon_core.package_identification:_identify(bounds_out) by extensions ['ignore', 'ignore_ament_install']
[0.205s] Level 1:colcon.colcon_core.package_identification:_identify(bounds_out) by extension 'ignore'
[0.205s] Level 1:colcon.colcon_core.package_identification:_identify(bounds_out) by extension 'ignore_ament_install'
[0.205s] Level 1:colcon.colcon_core.package_identification:_identify(bounds_out) by extensions ['colcon_pkg']
[0.205s] Level 1:colcon.colcon_core.package_identification:_identify(bounds_out) by extension 'colcon_pkg'
[0.205s] Level 1:colcon.colcon_core.package_identification:_identify(bounds_out) by extensions ['colcon_meta']
[0.205s] Level 1:colcon.colcon_core.package_identification:_identify(bounds_out) by extension 'colcon_meta'
[0.205s] Level 1:colcon.colcon_core.package_identification:_identify(bounds_out) by extensions ['ros']
[0.205s] Level 1:colcon.colcon_core.package_identification:_identify(bounds_out) by extension 'ros'
[0.206s] Level 1:colcon.colcon_core.package_identification:_identify(bounds_out) by extensions ['cmake', 'python']
[0.206s] Level 1:colcon.colcon_core.package_identification:_identify(bounds_out) by extension 'cmake'
[0.206s] Level 1:colcon.colcon_core.package_identification:_identify(bounds_out) by extension 'python'
[0.206s] Level 1:colcon.colcon_core.package_identification:_identify(bounds_out) by extensions ['python_setup_py']
[0.206s] Level 1:colcon.colcon_core.package_identification:_identify(bounds_out) by extension 'python_setup_py'
[0.206s] Level 1:colcon.colcon_core.package_identification:_identify(build) by extensions ['ignore', 'ignore_ament_install']
[0.206s] Level 1:colcon.colcon_core.package_identification:_identify(build) by extension 'ignore'
[0.206s] Level 1:colcon.colcon_core.package_identification:_identify(build) ignored
[0.206s] Level 1:colcon.colcon_core.package_identification:_identify(config) by extensions ['ignore', 'ignore_ament_install']
[0.206s] Level 1:colcon.colcon_core.package_identification:_identify(config) by extension 'ignore'
[0.206s] Level 1:colcon.colcon_core.package_identification:_identify(config) by extension 'ignore_ament_install'
[0.206s] Level 1:colcon.colcon_core.package_identification:_identify(config) by extensions ['colcon_pkg']
[0.206s] Level 1:colcon.colcon_core.package_identification:_identify(config) by extension 'colcon_pkg'
[0.206s] Level 1:colcon.colcon_core.package_identification:_identify(config) by extensions ['colcon_meta']
[0.206s] Level 1:colcon.colcon_core.package_identification:_identify(config) by extension 'colcon_meta'
[0.206s] Level 1:colcon.colcon_core.package_identification:_identify(config) by extensions ['ros']
[0.206s] Level 1:colcon.colcon_core.package_identification:_identify(config) by extension 'ros'
[0.206s] Level 1:colcon.colcon_core.package_identification:_identify(config) by extensions ['cmake', 'python']
[0.206s] Level 1:colcon.colcon_core.package_identification:_identify(config) by extension 'cmake'
[0.206s] Level 1:colcon.colcon_core.package_identification:_identify(config) by extension 'python'
[0.206s] Level 1:colcon.colcon_core.package_identification:_identify(config) by extensions ['python_setup_py']
[0.206s] Level 1:colcon.colcon_core.package_identification:_identify(config) by extension 'python_setup_py'
[0.206s] Level 1:colcon.colcon_core.package_identification:_identify(install) by extensions ['ignore', 'ignore_ament_install']
[0.206s] Level 1:colcon.colcon_core.package_identification:_identify(install) by extension 'ignore'
[0.206s] Level 1:colcon.colcon_core.package_identification:_identify(install) ignored
[0.206s] Level 1:colcon.colcon_core.package_identification:_identify(log) by extensions ['ignore', 'ignore_ament_install']
[0.206s] Level 1:colcon.colcon_core.package_identification:_identify(log) by extension 'ignore'
[0.206s] Level 1:colcon.colcon_core.package_identification:_identify(log) ignored
[0.206s] Level 1:colcon.colcon_core.package_identification:_identify(maps) by extensions ['ignore', 'ignore_ament_install']
[0.206s] Level 1:colcon.colcon_core.package_identification:_identify(maps) by extension 'ignore'
[0.206s] Level 1:colcon.colcon_core.package_identification:_identify(maps) by extension 'ignore_ament_install'
[0.206s] Level 1:colcon.colcon_core.package_identification:_identify(maps) by extensions ['colcon_pkg']
[0.206s] Level 1:colcon.colcon_core.package_identification:_identify(maps) by extension 'colcon_pkg'
[0.206s] Level 1:colcon.colcon_core.package_identification:_identify(maps) by extensions ['colcon_meta']
[0.207s] Level 1:colcon.colcon_core.package_identification:_identify(maps) by extension 'colcon_meta'
[0.207s] Level 1:colcon.colcon_core.package_identification:_identify(maps) by extensions ['ros']
[0.207s] Level 1:colcon.colcon_core.package_identification:_identify(maps) by extension 'ros'
[0.207s] Level 1:colcon.colcon_core.package_identification:_identify(maps) by extensions ['cmake', 'python']
[0.207s] Level 1:colcon.colcon_core.package_identification:_identify(maps) by extension 'cmake'
[0.207s] Level 1:colcon.colcon_core.package_identification:_identify(maps) by extension 'python'
[0.207s] Level 1:colcon.colcon_core.package_identification:_identify(maps) by extensions ['python_setup_py']
[0.207s] Level 1:colcon.colcon_core.package_identification:_identify(maps) by extension 'python_setup_py'
[0.207s] Level 1:colcon.colcon_core.package_identification:_identify(path_generate) by extensions ['ignore', 'ignore_ament_install']
[0.207s] Level 1:colcon.colcon_core.package_identification:_identify(path_generate) by extension 'ignore'
[0.207s] Level 1:colcon.colcon_core.package_identification:_identify(path_generate) by extension 'ignore_ament_install'
[0.207s] Level 1:colcon.colcon_core.package_identification:_identify(path_generate) by extensions ['colcon_pkg']
[0.207s] Level 1:colcon.colcon_core.package_identification:_identify(path_generate) by extension 'colcon_pkg'
[0.207s] Level 1:colcon.colcon_core.package_identification:_identify(path_generate) by extensions ['colcon_meta']
[0.207s] Level 1:colcon.colcon_core.package_identification:_identify(path_generate) by extension 'colcon_meta'
[0.207s] Level 1:colcon.colcon_core.package_identification:_identify(path_generate) by extensions ['ros']
[0.207s] Level 1:colcon.colcon_core.package_identification:_identify(path_generate) by extension 'ros'
[0.207s] Level 1:colcon.colcon_core.package_identification:_identify(path_generate) by extensions ['cmake', 'python']
[0.207s] Level 1:colcon.colcon_core.package_identification:_identify(path_generate) by extension 'cmake'
[0.207s] Level 1:colcon.colcon_core.package_identification:_identify(path_generate) by extension 'python'
[0.207s] Level 1:colcon.colcon_core.package_identification:_identify(path_generate) by extensions ['python_setup_py']
[0.207s] Level 1:colcon.colcon_core.package_identification:_identify(path_generate) by extension 'python_setup_py'
[0.207s] Level 1:colcon.colcon_core.package_identification:_identify(path_generate/center-line-fitting) by extensions ['ignore', 'ignore_ament_install']
[0.207s] Level 1:colcon.colcon_core.package_identification:_identify(path_generate/center-line-fitting) by extension 'ignore'
[0.207s] Level 1:colcon.colcon_core.package_identification:_identify(path_generate/center-line-fitting) by extension 'ignore_ament_install'
[0.207s] Level 1:colcon.colcon_core.package_identification:_identify(path_generate/center-line-fitting) by extensions ['colcon_pkg']
[0.207s] Level 1:colcon.colcon_core.package_identification:_identify(path_generate/center-line-fitting) by extension 'colcon_pkg'
[0.207s] Level 1:colcon.colcon_core.package_identification:_identify(path_generate/center-line-fitting) by extensions ['colcon_meta']
[0.207s] Level 1:colcon.colcon_core.package_identification:_identify(path_generate/center-line-fitting) by extension 'colcon_meta'
[0.207s] Level 1:colcon.colcon_core.package_identification:_identify(path_generate/center-line-fitting) by extensions ['ros']
[0.207s] Level 1:colcon.colcon_core.package_identification:_identify(path_generate/center-line-fitting) by extension 'ros'
[0.207s] Level 1:colcon.colcon_core.package_identification:_identify(path_generate/center-line-fitting) by extensions ['cmake', 'python']
[0.207s] Level 1:colcon.colcon_core.package_identification:_identify(path_generate/center-line-fitting) by extension 'cmake'
[0.207s] Level 1:colcon.colcon_core.package_identification:_identify(path_generate/center-line-fitting) by extension 'python'
[0.207s] Level 1:colcon.colcon_core.package_identification:_identify(path_generate/center-line-fitting) by extensions ['python_setup_py']
[0.207s] Level 1:colcon.colcon_core.package_identification:_identify(path_generate/center-line-fitting) by extension 'python_setup_py'
[0.207s] Level 1:colcon.colcon_core.package_identification:_identify(path_generate/center-line-fitting/src) by extensions ['ignore', 'ignore_ament_install']
[0.207s] Level 1:colcon.colcon_core.package_identification:_identify(path_generate/center-line-fitting/src) by extension 'ignore'
[0.207s] Level 1:colcon.colcon_core.package_identification:_identify(path_generate/center-line-fitting/src) by extension 'ignore_ament_install'
[0.207s] Level 1:colcon.colcon_core.package_identification:_identify(path_generate/center-line-fitting/src) by extensions ['colcon_pkg']
[0.207s] Level 1:colcon.colcon_core.package_identification:_identify(path_generate/center-line-fitting/src) by extension 'colcon_pkg'
[0.207s] Level 1:colcon.colcon_core.package_identification:_identify(path_generate/center-line-fitting/src) by extensions ['colcon_meta']
[0.208s] Level 1:colcon.colcon_core.package_identification:_identify(path_generate/center-line-fitting/src) by extension 'colcon_meta'
[0.208s] Level 1:colcon.colcon_core.package_identification:_identify(path_generate/center-line-fitting/src) by extensions ['ros']
[0.208s] Level 1:colcon.colcon_core.package_identification:_identify(path_generate/center-line-fitting/src) by extension 'ros'
[0.208s] Level 1:colcon.colcon_core.package_identification:_identify(path_generate/center-line-fitting/src) by extensions ['cmake', 'python']
[0.208s] Level 1:colcon.colcon_core.package_identification:_identify(path_generate/center-line-fitting/src) by extension 'cmake'
[0.208s] Level 1:colcon.colcon_core.package_identification:_identify(path_generate/center-line-fitting/src) by extension 'python'
[0.208s] Level 1:colcon.colcon_core.package_identification:_identify(path_generate/center-line-fitting/src) by extensions ['python_setup_py']
[0.208s] Level 1:colcon.colcon_core.package_identification:_identify(path_generate/center-line-fitting/src) by extension 'python_setup_py'
[0.208s] Level 1:colcon.colcon_core.package_identification:_identify(path_generate/global_racetrajectory_optimization) by extensions ['ignore', 'ignore_ament_install']
[0.208s] Level 1:colcon.colcon_core.package_identification:_identify(path_generate/global_racetrajectory_optimization) by extension 'ignore'
[0.208s] Level 1:colcon.colcon_core.package_identification:_identify(path_generate/global_racetrajectory_optimization) by extension 'ignore_ament_install'
[0.208s] Level 1:colcon.colcon_core.package_identification:_identify(path_generate/global_racetrajectory_optimization) by extensions ['colcon_pkg']
[0.208s] Level 1:colcon.colcon_core.package_identification:_identify(path_generate/global_racetrajectory_optimization) by extension 'colcon_pkg'
[0.208s] Level 1:colcon.colcon_core.package_identification:_identify(path_generate/global_racetrajectory_optimization) by extensions ['colcon_meta']
[0.208s] Level 1:colcon.colcon_core.package_identification:_identify(path_generate/global_racetrajectory_optimization) by extension 'colcon_meta'
[0.208s] Level 1:colcon.colcon_core.package_identification:_identify(path_generate/global_racetrajectory_optimization) by extensions ['ros']
[0.208s] Level 1:colcon.colcon_core.package_identification:_identify(path_generate/global_racetrajectory_optimization) by extension 'ros'
[0.208s] Level 1:colcon.colcon_core.package_identification:_identify(path_generate/global_racetrajectory_optimization) by extensions ['cmake', 'python']
[0.208s] Level 1:colcon.colcon_core.package_identification:_identify(path_generate/global_racetrajectory_optimization) by extension 'cmake'
[0.208s] Level 1:colcon.colcon_core.package_identification:_identify(path_generate/global_racetrajectory_optimization) by extension 'python'
[0.208s] Level 1:colcon.colcon_core.package_identification:_identify(path_generate/global_racetrajectory_optimization) by extensions ['python_setup_py']
[0.208s] Level 1:colcon.colcon_core.package_identification:_identify(path_generate/global_racetrajectory_optimization) by extension 'python_setup_py'
[0.208s] Level 1:colcon.colcon_core.package_identification:_identify(path_generate/global_racetrajectory_optimization/frictionmap) by extensions ['ignore', 'ignore_ament_install']
[0.208s] Level 1:colcon.colcon_core.package_identification:_identify(path_generate/global_racetrajectory_optimization/frictionmap) by extension 'ignore'
[0.208s] Level 1:colcon.colcon_core.package_identification:_identify(path_generate/global_racetrajectory_optimization/frictionmap) by extension 'ignore_ament_install'
[0.208s] Level 1:colcon.colcon_core.package_identification:_identify(path_generate/global_racetrajectory_optimization/frictionmap) by extensions ['colcon_pkg']
[0.208s] Level 1:colcon.colcon_core.package_identification:_identify(path_generate/global_racetrajectory_optimization/frictionmap) by extension 'colcon_pkg'
[0.208s] Level 1:colcon.colcon_core.package_identification:_identify(path_generate/global_racetrajectory_optimization/frictionmap) by extensions ['colcon_meta']
[0.208s] Level 1:colcon.colcon_core.package_identification:_identify(path_generate/global_racetrajectory_optimization/frictionmap) by extension 'colcon_meta'
[0.208s] Level 1:colcon.colcon_core.package_identification:_identify(path_generate/global_racetrajectory_optimization/frictionmap) by extensions ['ros']
[0.208s] Level 1:colcon.colcon_core.package_identification:_identify(path_generate/global_racetrajectory_optimization/frictionmap) by extension 'ros'
[0.208s] Level 1:colcon.colcon_core.package_identification:_identify(path_generate/global_racetrajectory_optimization/frictionmap) by extensions ['cmake', 'python']
[0.208s] Level 1:colcon.colcon_core.package_identification:_identify(path_generate/global_racetrajectory_optimization/frictionmap) by extension 'cmake'
[0.208s] Level 1:colcon.colcon_core.package_identification:_identify(path_generate/global_racetrajectory_optimization/frictionmap) by extension 'python'
[0.208s] Level 1:colcon.colcon_core.package_identification:_identify(path_generate/global_racetrajectory_optimization/frictionmap) by extensions ['python_setup_py']
[0.208s] Level 1:colcon.colcon_core.package_identification:_identify(path_generate/global_racetrajectory_optimization/frictionmap) by extension 'python_setup_py'
[0.208s] Level 1:colcon.colcon_core.package_identification:_identify(path_generate/global_racetrajectory_optimization/frictionmap/src) by extensions ['ignore', 'ignore_ament_install']
[0.208s] Level 1:colcon.colcon_core.package_identification:_identify(path_generate/global_racetrajectory_optimization/frictionmap/src) by extension 'ignore'
[0.208s] Level 1:colcon.colcon_core.package_identification:_identify(path_generate/global_racetrajectory_optimization/frictionmap/src) by extension 'ignore_ament_install'
[0.208s] Level 1:colcon.colcon_core.package_identification:_identify(path_generate/global_racetrajectory_optimization/frictionmap/src) by extensions ['colcon_pkg']
[0.208s] Level 1:colcon.colcon_core.package_identification:_identify(path_generate/global_racetrajectory_optimization/frictionmap/src) by extension 'colcon_pkg'
[0.209s] Level 1:colcon.colcon_core.package_identification:_identify(path_generate/global_racetrajectory_optimization/frictionmap/src) by extensions ['colcon_meta']
[0.209s] Level 1:colcon.colcon_core.package_identification:_identify(path_generate/global_racetrajectory_optimization/frictionmap/src) by extension 'colcon_meta'
[0.209s] Level 1:colcon.colcon_core.package_identification:_identify(path_generate/global_racetrajectory_optimization/frictionmap/src) by extensions ['ros']
[0.209s] Level 1:colcon.colcon_core.package_identification:_identify(path_generate/global_racetrajectory_optimization/frictionmap/src) by extension 'ros'
[0.209s] Level 1:colcon.colcon_core.package_identification:_identify(path_generate/global_racetrajectory_optimization/frictionmap/src) by extensions ['cmake', 'python']
[0.209s] Level 1:colcon.colcon_core.package_identification:_identify(path_generate/global_racetrajectory_optimization/frictionmap/src) by extension 'cmake'
[0.209s] Level 1:colcon.colcon_core.package_identification:_identify(path_generate/global_racetrajectory_optimization/frictionmap/src) by extension 'python'
[0.209s] Level 1:colcon.colcon_core.package_identification:_identify(path_generate/global_racetrajectory_optimization/frictionmap/src) by extensions ['python_setup_py']
[0.209s] Level 1:colcon.colcon_core.package_identification:_identify(path_generate/global_racetrajectory_optimization/frictionmap/src) by extension 'python_setup_py'
[0.209s] Level 1:colcon.colcon_core.package_identification:_identify(path_generate/global_racetrajectory_optimization/helper_funcs_glob) by extensions ['ignore', 'ignore_ament_install']
[0.209s] Level 1:colcon.colcon_core.package_identification:_identify(path_generate/global_racetrajectory_optimization/helper_funcs_glob) by extension 'ignore'
[0.209s] Level 1:colcon.colcon_core.package_identification:_identify(path_generate/global_racetrajectory_optimization/helper_funcs_glob) by extension 'ignore_ament_install'
[0.209s] Level 1:colcon.colcon_core.package_identification:_identify(path_generate/global_racetrajectory_optimization/helper_funcs_glob) by extensions ['colcon_pkg']
[0.209s] Level 1:colcon.colcon_core.package_identification:_identify(path_generate/global_racetrajectory_optimization/helper_funcs_glob) by extension 'colcon_pkg'
[0.209s] Level 1:colcon.colcon_core.package_identification:_identify(path_generate/global_racetrajectory_optimization/helper_funcs_glob) by extensions ['colcon_meta']
[0.209s] Level 1:colcon.colcon_core.package_identification:_identify(path_generate/global_racetrajectory_optimization/helper_funcs_glob) by extension 'colcon_meta'
[0.209s] Level 1:colcon.colcon_core.package_identification:_identify(path_generate/global_racetrajectory_optimization/helper_funcs_glob) by extensions ['ros']
[0.209s] Level 1:colcon.colcon_core.package_identification:_identify(path_generate/global_racetrajectory_optimization/helper_funcs_glob) by extension 'ros'
[0.209s] Level 1:colcon.colcon_core.package_identification:_identify(path_generate/global_racetrajectory_optimization/helper_funcs_glob) by extensions ['cmake', 'python']
[0.209s] Level 1:colcon.colcon_core.package_identification:_identify(path_generate/global_racetrajectory_optimization/helper_funcs_glob) by extension 'cmake'
[0.209s] Level 1:colcon.colcon_core.package_identification:_identify(path_generate/global_racetrajectory_optimization/helper_funcs_glob) by extension 'python'
[0.209s] Level 1:colcon.colcon_core.package_identification:_identify(path_generate/global_racetrajectory_optimization/helper_funcs_glob) by extensions ['python_setup_py']
[0.209s] Level 1:colcon.colcon_core.package_identification:_identify(path_generate/global_racetrajectory_optimization/helper_funcs_glob) by extension 'python_setup_py'
[0.209s] Level 1:colcon.colcon_core.package_identification:_identify(path_generate/global_racetrajectory_optimization/helper_funcs_glob/src) by extensions ['ignore', 'ignore_ament_install']
[0.209s] Level 1:colcon.colcon_core.package_identification:_identify(path_generate/global_racetrajectory_optimization/helper_funcs_glob/src) by extension 'ignore'
[0.209s] Level 1:colcon.colcon_core.package_identification:_identify(path_generate/global_racetrajectory_optimization/helper_funcs_glob/src) by extension 'ignore_ament_install'
[0.209s] Level 1:colcon.colcon_core.package_identification:_identify(path_generate/global_racetrajectory_optimization/helper_funcs_glob/src) by extensions ['colcon_pkg']
[0.209s] Level 1:colcon.colcon_core.package_identification:_identify(path_generate/global_racetrajectory_optimization/helper_funcs_glob/src) by extension 'colcon_pkg'
[0.209s] Level 1:colcon.colcon_core.package_identification:_identify(path_generate/global_racetrajectory_optimization/helper_funcs_glob/src) by extensions ['colcon_meta']
[0.209s] Level 1:colcon.colcon_core.package_identification:_identify(path_generate/global_racetrajectory_optimization/helper_funcs_glob/src) by extension 'colcon_meta'
[0.209s] Level 1:colcon.colcon_core.package_identification:_identify(path_generate/global_racetrajectory_optimization/helper_funcs_glob/src) by extensions ['ros']
[0.209s] Level 1:colcon.colcon_core.package_identification:_identify(path_generate/global_racetrajectory_optimization/helper_funcs_glob/src) by extension 'ros'
[0.209s] Level 1:colcon.colcon_core.package_identification:_identify(path_generate/global_racetrajectory_optimization/helper_funcs_glob/src) by extensions ['cmake', 'python']
[0.209s] Level 1:colcon.colcon_core.package_identification:_identify(path_generate/global_racetrajectory_optimization/helper_funcs_glob/src) by extension 'cmake'
[0.209s] Level 1:colcon.colcon_core.package_identification:_identify(path_generate/global_racetrajectory_optimization/helper_funcs_glob/src) by extension 'python'
[0.209s] Level 1:colcon.colcon_core.package_identification:_identify(path_generate/global_racetrajectory_optimization/helper_funcs_glob/src) by extensions ['python_setup_py']
[0.209s] Level 1:colcon.colcon_core.package_identification:_identify(path_generate/global_racetrajectory_optimization/helper_funcs_glob/src) by extension 'python_setup_py'
[0.209s] Level 1:colcon.colcon_core.package_identification:_identify(path_generate/global_racetrajectory_optimization/inputs) by extensions ['ignore', 'ignore_ament_install']
[0.209s] Level 1:colcon.colcon_core.package_identification:_identify(path_generate/global_racetrajectory_optimization/inputs) by extension 'ignore'
[0.209s] Level 1:colcon.colcon_core.package_identification:_identify(path_generate/global_racetrajectory_optimization/inputs) by extension 'ignore_ament_install'
[0.209s] Level 1:colcon.colcon_core.package_identification:_identify(path_generate/global_racetrajectory_optimization/inputs) by extensions ['colcon_pkg']
[0.210s] Level 1:colcon.colcon_core.package_identification:_identify(path_generate/global_racetrajectory_optimization/inputs) by extension 'colcon_pkg'
[0.210s] Level 1:colcon.colcon_core.package_identification:_identify(path_generate/global_racetrajectory_optimization/inputs) by extensions ['colcon_meta']
[0.210s] Level 1:colcon.colcon_core.package_identification:_identify(path_generate/global_racetrajectory_optimization/inputs) by extension 'colcon_meta'
[0.210s] Level 1:colcon.colcon_core.package_identification:_identify(path_generate/global_racetrajectory_optimization/inputs) by extensions ['ros']
[0.210s] Level 1:colcon.colcon_core.package_identification:_identify(path_generate/global_racetrajectory_optimization/inputs) by extension 'ros'
[0.210s] Level 1:colcon.colcon_core.package_identification:_identify(path_generate/global_racetrajectory_optimization/inputs) by extensions ['cmake', 'python']
[0.210s] Level 1:colcon.colcon_core.package_identification:_identify(path_generate/global_racetrajectory_optimization/inputs) by extension 'cmake'
[0.210s] Level 1:colcon.colcon_core.package_identification:_identify(path_generate/global_racetrajectory_optimization/inputs) by extension 'python'
[0.210s] Level 1:colcon.colcon_core.package_identification:_identify(path_generate/global_racetrajectory_optimization/inputs) by extensions ['python_setup_py']
[0.210s] Level 1:colcon.colcon_core.package_identification:_identify(path_generate/global_racetrajectory_optimization/inputs) by extension 'python_setup_py'
[0.210s] Level 1:colcon.colcon_core.package_identification:_identify(path_generate/global_racetrajectory_optimization/inputs/frictionmaps) by extensions ['ignore', 'ignore_ament_install']
[0.210s] Level 1:colcon.colcon_core.package_identification:_identify(path_generate/global_racetrajectory_optimization/inputs/frictionmaps) by extension 'ignore'
[0.210s] Level 1:colcon.colcon_core.package_identification:_identify(path_generate/global_racetrajectory_optimization/inputs/frictionmaps) by extension 'ignore_ament_install'
[0.210s] Level 1:colcon.colcon_core.package_identification:_identify(path_generate/global_racetrajectory_optimization/inputs/frictionmaps) by extensions ['colcon_pkg']
[0.210s] Level 1:colcon.colcon_core.package_identification:_identify(path_generate/global_racetrajectory_optimization/inputs/frictionmaps) by extension 'colcon_pkg'
[0.210s] Level 1:colcon.colcon_core.package_identification:_identify(path_generate/global_racetrajectory_optimization/inputs/frictionmaps) by extensions ['colcon_meta']
[0.210s] Level 1:colcon.colcon_core.package_identification:_identify(path_generate/global_racetrajectory_optimization/inputs/frictionmaps) by extension 'colcon_meta'
[0.210s] Level 1:colcon.colcon_core.package_identification:_identify(path_generate/global_racetrajectory_optimization/inputs/frictionmaps) by extensions ['ros']
[0.210s] Level 1:colcon.colcon_core.package_identification:_identify(path_generate/global_racetrajectory_optimization/inputs/frictionmaps) by extension 'ros'
[0.210s] Level 1:colcon.colcon_core.package_identification:_identify(path_generate/global_racetrajectory_optimization/inputs/frictionmaps) by extensions ['cmake', 'python']
[0.210s] Level 1:colcon.colcon_core.package_identification:_identify(path_generate/global_racetrajectory_optimization/inputs/frictionmaps) by extension 'cmake'
[0.210s] Level 1:colcon.colcon_core.package_identification:_identify(path_generate/global_racetrajectory_optimization/inputs/frictionmaps) by extension 'python'
[0.210s] Level 1:colcon.colcon_core.package_identification:_identify(path_generate/global_racetrajectory_optimization/inputs/frictionmaps) by extensions ['python_setup_py']
[0.210s] Level 1:colcon.colcon_core.package_identification:_identify(path_generate/global_racetrajectory_optimization/inputs/frictionmaps) by extension 'python_setup_py'
[0.210s] Level 1:colcon.colcon_core.package_identification:_identify(path_generate/global_racetrajectory_optimization/inputs/tracks) by extensions ['ignore', 'ignore_ament_install']
[0.210s] Level 1:colcon.colcon_core.package_identification:_identify(path_generate/global_racetrajectory_optimization/inputs/tracks) by extension 'ignore'
[0.210s] Level 1:colcon.colcon_core.package_identification:_identify(path_generate/global_racetrajectory_optimization/inputs/tracks) by extension 'ignore_ament_install'
[0.210s] Level 1:colcon.colcon_core.package_identification:_identify(path_generate/global_racetrajectory_optimization/inputs/tracks) by extensions ['colcon_pkg']
[0.210s] Level 1:colcon.colcon_core.package_identification:_identify(path_generate/global_racetrajectory_optimization/inputs/tracks) by extension 'colcon_pkg'
[0.210s] Level 1:colcon.colcon_core.package_identification:_identify(path_generate/global_racetrajectory_optimization/inputs/tracks) by extensions ['colcon_meta']
[0.210s] Level 1:colcon.colcon_core.package_identification:_identify(path_generate/global_racetrajectory_optimization/inputs/tracks) by extension 'colcon_meta'
[0.210s] Level 1:colcon.colcon_core.package_identification:_identify(path_generate/global_racetrajectory_optimization/inputs/tracks) by extensions ['ros']
[0.210s] Level 1:colcon.colcon_core.package_identification:_identify(path_generate/global_racetrajectory_optimization/inputs/tracks) by extension 'ros'
[0.210s] Level 1:colcon.colcon_core.package_identification:_identify(path_generate/global_racetrajectory_optimization/inputs/tracks) by extensions ['cmake', 'python']
[0.210s] Level 1:colcon.colcon_core.package_identification:_identify(path_generate/global_racetrajectory_optimization/inputs/tracks) by extension 'cmake'
[0.210s] Level 1:colcon.colcon_core.package_identification:_identify(path_generate/global_racetrajectory_optimization/inputs/tracks) by extension 'python'
[0.210s] Level 1:colcon.colcon_core.package_identification:_identify(path_generate/global_racetrajectory_optimization/inputs/tracks) by extensions ['python_setup_py']
[0.210s] Level 1:colcon.colcon_core.package_identification:_identify(path_generate/global_racetrajectory_optimization/inputs/tracks) by extension 'python_setup_py'
[0.210s] Level 1:colcon.colcon_core.package_identification:_identify(path_generate/global_racetrajectory_optimization/inputs/veh_dyn_info) by extensions ['ignore', 'ignore_ament_install']
[0.211s] Level 1:colcon.colcon_core.package_identification:_identify(path_generate/global_racetrajectory_optimization/inputs/veh_dyn_info) by extension 'ignore'
[0.211s] Level 1:colcon.colcon_core.package_identification:_identify(path_generate/global_racetrajectory_optimization/inputs/veh_dyn_info) by extension 'ignore_ament_install'
[0.211s] Level 1:colcon.colcon_core.package_identification:_identify(path_generate/global_racetrajectory_optimization/inputs/veh_dyn_info) by extensions ['colcon_pkg']
[0.211s] Level 1:colcon.colcon_core.package_identification:_identify(path_generate/global_racetrajectory_optimization/inputs/veh_dyn_info) by extension 'colcon_pkg'
[0.211s] Level 1:colcon.colcon_core.package_identification:_identify(path_generate/global_racetrajectory_optimization/inputs/veh_dyn_info) by extensions ['colcon_meta']
[0.211s] Level 1:colcon.colcon_core.package_identification:_identify(path_generate/global_racetrajectory_optimization/inputs/veh_dyn_info) by extension 'colcon_meta'
[0.211s] Level 1:colcon.colcon_core.package_identification:_identify(path_generate/global_racetrajectory_optimization/inputs/veh_dyn_info) by extensions ['ros']
[0.211s] Level 1:colcon.colcon_core.package_identification:_identify(path_generate/global_racetrajectory_optimization/inputs/veh_dyn_info) by extension 'ros'
[0.211s] Level 1:colcon.colcon_core.package_identification:_identify(path_generate/global_racetrajectory_optimization/inputs/veh_dyn_info) by extensions ['cmake', 'python']
[0.211s] Level 1:colcon.colcon_core.package_identification:_identify(path_generate/global_racetrajectory_optimization/inputs/veh_dyn_info) by extension 'cmake'
[0.211s] Level 1:colcon.colcon_core.package_identification:_identify(path_generate/global_racetrajectory_optimization/inputs/veh_dyn_info) by extension 'python'
[0.211s] Level 1:colcon.colcon_core.package_identification:_identify(path_generate/global_racetrajectory_optimization/inputs/veh_dyn_info) by extensions ['python_setup_py']
[0.211s] Level 1:colcon.colcon_core.package_identification:_identify(path_generate/global_racetrajectory_optimization/inputs/veh_dyn_info) by extension 'python_setup_py'
[0.211s] Level 1:colcon.colcon_core.package_identification:_identify(path_generate/global_racetrajectory_optimization/opt_mintime_traj) by extensions ['ignore', 'ignore_ament_install']
[0.211s] Level 1:colcon.colcon_core.package_identification:_identify(path_generate/global_racetrajectory_optimization/opt_mintime_traj) by extension 'ignore'
[0.211s] Level 1:colcon.colcon_core.package_identification:_identify(path_generate/global_racetrajectory_optimization/opt_mintime_traj) by extension 'ignore_ament_install'
[0.211s] Level 1:colcon.colcon_core.package_identification:_identify(path_generate/global_racetrajectory_optimization/opt_mintime_traj) by extensions ['colcon_pkg']
[0.211s] Level 1:colcon.colcon_core.package_identification:_identify(path_generate/global_racetrajectory_optimization/opt_mintime_traj) by extension 'colcon_pkg'
[0.211s] Level 1:colcon.colcon_core.package_identification:_identify(path_generate/global_racetrajectory_optimization/opt_mintime_traj) by extensions ['colcon_meta']
[0.211s] Level 1:colcon.colcon_core.package_identification:_identify(path_generate/global_racetrajectory_optimization/opt_mintime_traj) by extension 'colcon_meta'
[0.211s] Level 1:colcon.colcon_core.package_identification:_identify(path_generate/global_racetrajectory_optimization/opt_mintime_traj) by extensions ['ros']
[0.211s] Level 1:colcon.colcon_core.package_identification:_identify(path_generate/global_racetrajectory_optimization/opt_mintime_traj) by extension 'ros'
[0.211s] Level 1:colcon.colcon_core.package_identification:_identify(path_generate/global_racetrajectory_optimization/opt_mintime_traj) by extensions ['cmake', 'python']
[0.211s] Level 1:colcon.colcon_core.package_identification:_identify(path_generate/global_racetrajectory_optimization/opt_mintime_traj) by extension 'cmake'
[0.211s] Level 1:colcon.colcon_core.package_identification:_identify(path_generate/global_racetrajectory_optimization/opt_mintime_traj) by extension 'python'
[0.211s] Level 1:colcon.colcon_core.package_identification:_identify(path_generate/global_racetrajectory_optimization/opt_mintime_traj) by extensions ['python_setup_py']
[0.211s] Level 1:colcon.colcon_core.package_identification:_identify(path_generate/global_racetrajectory_optimization/opt_mintime_traj) by extension 'python_setup_py'
[0.211s] Level 1:colcon.colcon_core.package_identification:_identify(path_generate/global_racetrajectory_optimization/opt_mintime_traj/powertrain_src) by extensions ['ignore', 'ignore_ament_install']
[0.211s] Level 1:colcon.colcon_core.package_identification:_identify(path_generate/global_racetrajectory_optimization/opt_mintime_traj/powertrain_src) by extension 'ignore'
[0.211s] Level 1:colcon.colcon_core.package_identification:_identify(path_generate/global_racetrajectory_optimization/opt_mintime_traj/powertrain_src) by extension 'ignore_ament_install'
[0.211s] Level 1:colcon.colcon_core.package_identification:_identify(path_generate/global_racetrajectory_optimization/opt_mintime_traj/powertrain_src) by extensions ['colcon_pkg']
[0.211s] Level 1:colcon.colcon_core.package_identification:_identify(path_generate/global_racetrajectory_optimization/opt_mintime_traj/powertrain_src) by extension 'colcon_pkg'
[0.211s] Level 1:colcon.colcon_core.package_identification:_identify(path_generate/global_racetrajectory_optimization/opt_mintime_traj/powertrain_src) by extensions ['colcon_meta']
[0.211s] Level 1:colcon.colcon_core.package_identification:_identify(path_generate/global_racetrajectory_optimization/opt_mintime_traj/powertrain_src) by extension 'colcon_meta'
[0.211s] Level 1:colcon.colcon_core.package_identification:_identify(path_generate/global_racetrajectory_optimization/opt_mintime_traj/powertrain_src) by extensions ['ros']
[0.211s] Level 1:colcon.colcon_core.package_identification:_identify(path_generate/global_racetrajectory_optimization/opt_mintime_traj/powertrain_src) by extension 'ros'
[0.211s] Level 1:colcon.colcon_core.package_identification:_identify(path_generate/global_racetrajectory_optimization/opt_mintime_traj/powertrain_src) by extensions ['cmake', 'python']
[0.211s] Level 1:colcon.colcon_core.package_identification:_identify(path_generate/global_racetrajectory_optimization/opt_mintime_traj/powertrain_src) by extension 'cmake'
[0.211s] Level 1:colcon.colcon_core.package_identification:_identify(path_generate/global_racetrajectory_optimization/opt_mintime_traj/powertrain_src) by extension 'python'
[0.211s] Level 1:colcon.colcon_core.package_identification:_identify(path_generate/global_racetrajectory_optimization/opt_mintime_traj/powertrain_src) by extensions ['python_setup_py']
[0.211s] Level 1:colcon.colcon_core.package_identification:_identify(path_generate/global_racetrajectory_optimization/opt_mintime_traj/powertrain_src) by extension 'python_setup_py'
[0.212s] Level 1:colcon.colcon_core.package_identification:_identify(path_generate/global_racetrajectory_optimization/opt_mintime_traj/powertrain_src/src) by extensions ['ignore', 'ignore_ament_install']
[0.212s] Level 1:colcon.colcon_core.package_identification:_identify(path_generate/global_racetrajectory_optimization/opt_mintime_traj/powertrain_src/src) by extension 'ignore'
[0.212s] Level 1:colcon.colcon_core.package_identification:_identify(path_generate/global_racetrajectory_optimization/opt_mintime_traj/powertrain_src/src) by extension 'ignore_ament_install'
[0.212s] Level 1:colcon.colcon_core.package_identification:_identify(path_generate/global_racetrajectory_optimization/opt_mintime_traj/powertrain_src/src) by extensions ['colcon_pkg']
[0.212s] Level 1:colcon.colcon_core.package_identification:_identify(path_generate/global_racetrajectory_optimization/opt_mintime_traj/powertrain_src/src) by extension 'colcon_pkg'
[0.212s] Level 1:colcon.colcon_core.package_identification:_identify(path_generate/global_racetrajectory_optimization/opt_mintime_traj/powertrain_src/src) by extensions ['colcon_meta']
[0.212s] Level 1:colcon.colcon_core.package_identification:_identify(path_generate/global_racetrajectory_optimization/opt_mintime_traj/powertrain_src/src) by extension 'colcon_meta'
[0.212s] Level 1:colcon.colcon_core.package_identification:_identify(path_generate/global_racetrajectory_optimization/opt_mintime_traj/powertrain_src/src) by extensions ['ros']
[0.212s] Level 1:colcon.colcon_core.package_identification:_identify(path_generate/global_racetrajectory_optimization/opt_mintime_traj/powertrain_src/src) by extension 'ros'
[0.212s] Level 1:colcon.colcon_core.package_identification:_identify(path_generate/global_racetrajectory_optimization/opt_mintime_traj/powertrain_src/src) by extensions ['cmake', 'python']
[0.212s] Level 1:colcon.colcon_core.package_identification:_identify(path_generate/global_racetrajectory_optimization/opt_mintime_traj/powertrain_src/src) by extension 'cmake'
[0.212s] Level 1:colcon.colcon_core.package_identification:_identify(path_generate/global_racetrajectory_optimization/opt_mintime_traj/powertrain_src/src) by extension 'python'
[0.212s] Level 1:colcon.colcon_core.package_identification:_identify(path_generate/global_racetrajectory_optimization/opt_mintime_traj/powertrain_src/src) by extensions ['python_setup_py']
[0.212s] Level 1:colcon.colcon_core.package_identification:_identify(path_generate/global_racetrajectory_optimization/opt_mintime_traj/powertrain_src/src) by extension 'python_setup_py'
[0.212s] Level 1:colcon.colcon_core.package_identification:_identify(path_generate/global_racetrajectory_optimization/opt_mintime_traj/src) by extensions ['ignore', 'ignore_ament_install']
[0.212s] Level 1:colcon.colcon_core.package_identification:_identify(path_generate/global_racetrajectory_optimization/opt_mintime_traj/src) by extension 'ignore'
[0.212s] Level 1:colcon.colcon_core.package_identification:_identify(path_generate/global_racetrajectory_optimization/opt_mintime_traj/src) by extension 'ignore_ament_install'
[0.212s] Level 1:colcon.colcon_core.package_identification:_identify(path_generate/global_racetrajectory_optimization/opt_mintime_traj/src) by extensions ['colcon_pkg']
[0.212s] Level 1:colcon.colcon_core.package_identification:_identify(path_generate/global_racetrajectory_optimization/opt_mintime_traj/src) by extension 'colcon_pkg'
[0.212s] Level 1:colcon.colcon_core.package_identification:_identify(path_generate/global_racetrajectory_optimization/opt_mintime_traj/src) by extensions ['colcon_meta']
[0.212s] Level 1:colcon.colcon_core.package_identification:_identify(path_generate/global_racetrajectory_optimization/opt_mintime_traj/src) by extension 'colcon_meta'
[0.212s] Level 1:colcon.colcon_core.package_identification:_identify(path_generate/global_racetrajectory_optimization/opt_mintime_traj/src) by extensions ['ros']
[0.212s] Level 1:colcon.colcon_core.package_identification:_identify(path_generate/global_racetrajectory_optimization/opt_mintime_traj/src) by extension 'ros'
[0.212s] Level 1:colcon.colcon_core.package_identification:_identify(path_generate/global_racetrajectory_optimization/opt_mintime_traj/src) by extensions ['cmake', 'python']
[0.212s] Level 1:colcon.colcon_core.package_identification:_identify(path_generate/global_racetrajectory_optimization/opt_mintime_traj/src) by extension 'cmake'
[0.212s] Level 1:colcon.colcon_core.package_identification:_identify(path_generate/global_racetrajectory_optimization/opt_mintime_traj/src) by extension 'python'
[0.212s] Level 1:colcon.colcon_core.package_identification:_identify(path_generate/global_racetrajectory_optimization/opt_mintime_traj/src) by extensions ['python_setup_py']
[0.212s] Level 1:colcon.colcon_core.package_identification:_identify(path_generate/global_racetrajectory_optimization/opt_mintime_traj/src) by extension 'python_setup_py'
[0.212s] Level 1:colcon.colcon_core.package_identification:_identify(path_generate/global_racetrajectory_optimization/params) by extensions ['ignore', 'ignore_ament_install']
[0.212s] Level 1:colcon.colcon_core.package_identification:_identify(path_generate/global_racetrajectory_optimization/params) by extension 'ignore'
[0.212s] Level 1:colcon.colcon_core.package_identification:_identify(path_generate/global_racetrajectory_optimization/params) by extension 'ignore_ament_install'
[0.212s] Level 1:colcon.colcon_core.package_identification:_identify(path_generate/global_racetrajectory_optimization/params) by extensions ['colcon_pkg']
[0.212s] Level 1:colcon.colcon_core.package_identification:_identify(path_generate/global_racetrajectory_optimization/params) by extension 'colcon_pkg'
[0.212s] Level 1:colcon.colcon_core.package_identification:_identify(path_generate/global_racetrajectory_optimization/params) by extensions ['colcon_meta']
[0.212s] Level 1:colcon.colcon_core.package_identification:_identify(path_generate/global_racetrajectory_optimization/params) by extension 'colcon_meta'
[0.212s] Level 1:colcon.colcon_core.package_identification:_identify(path_generate/global_racetrajectory_optimization/params) by extensions ['ros']
[0.212s] Level 1:colcon.colcon_core.package_identification:_identify(path_generate/global_racetrajectory_optimization/params) by extension 'ros'
[0.212s] Level 1:colcon.colcon_core.package_identification:_identify(path_generate/global_racetrajectory_optimization/params) by extensions ['cmake', 'python']
[0.212s] Level 1:colcon.colcon_core.package_identification:_identify(path_generate/global_racetrajectory_optimization/params) by extension 'cmake'
[0.212s] Level 1:colcon.colcon_core.package_identification:_identify(path_generate/global_racetrajectory_optimization/params) by extension 'python'
[0.212s] Level 1:colcon.colcon_core.package_identification:_identify(path_generate/global_racetrajectory_optimization/params) by extensions ['python_setup_py']
[0.212s] Level 1:colcon.colcon_core.package_identification:_identify(path_generate/global_racetrajectory_optimization/params) by extension 'python_setup_py'
[0.213s] Level 1:colcon.colcon_core.package_identification:_identify(path_generate/steven_gong) by extensions ['ignore', 'ignore_ament_install']
[0.213s] Level 1:colcon.colcon_core.package_identification:_identify(path_generate/steven_gong) by extension 'ignore'
[0.213s] Level 1:colcon.colcon_core.package_identification:_identify(path_generate/steven_gong) by extension 'ignore_ament_install'
[0.213s] Level 1:colcon.colcon_core.package_identification:_identify(path_generate/steven_gong) by extensions ['colcon_pkg']
[0.213s] Level 1:colcon.colcon_core.package_identification:_identify(path_generate/steven_gong) by extension 'colcon_pkg'
[0.213s] Level 1:colcon.colcon_core.package_identification:_identify(path_generate/steven_gong) by extensions ['colcon_meta']
[0.213s] Level 1:colcon.colcon_core.package_identification:_identify(path_generate/steven_gong) by extension 'colcon_meta'
[0.213s] Level 1:colcon.colcon_core.package_identification:_identify(path_generate/steven_gong) by extensions ['ros']
[0.213s] Level 1:colcon.colcon_core.package_identification:_identify(path_generate/steven_gong) by extension 'ros'
[0.213s] Level 1:colcon.colcon_core.package_identification:_identify(path_generate/steven_gong) by extensions ['cmake', 'python']
[0.213s] Level 1:colcon.colcon_core.package_identification:_identify(path_generate/steven_gong) by extension 'cmake'
[0.213s] Level 1:colcon.colcon_core.package_identification:_identify(path_generate/steven_gong) by extension 'python'
[0.213s] Level 1:colcon.colcon_core.package_identification:_identify(path_generate/steven_gong) by extensions ['python_setup_py']
[0.213s] Level 1:colcon.colcon_core.package_identification:_identify(path_generate/steven_gong) by extension 'python_setup_py'
[0.213s] Level 1:colcon.colcon_core.package_identification:_identify(path_generate/steven_gong/Raceline-Optimization) by extensions ['ignore', 'ignore_ament_install']
[0.213s] Level 1:colcon.colcon_core.package_identification:_identify(path_generate/steven_gong/Raceline-Optimization) by extension 'ignore'
[0.213s] Level 1:colcon.colcon_core.package_identification:_identify(path_generate/steven_gong/Raceline-Optimization) by extension 'ignore_ament_install'
[0.213s] Level 1:colcon.colcon_core.package_identification:_identify(path_generate/steven_gong/Raceline-Optimization) by extensions ['colcon_pkg']
[0.213s] Level 1:colcon.colcon_core.package_identification:_identify(path_generate/steven_gong/Raceline-Optimization) by extension 'colcon_pkg'
[0.213s] Level 1:colcon.colcon_core.package_identification:_identify(path_generate/steven_gong/Raceline-Optimization) by extensions ['colcon_meta']
[0.213s] Level 1:colcon.colcon_core.package_identification:_identify(path_generate/steven_gong/Raceline-Optimization) by extension 'colcon_meta'
[0.213s] Level 1:colcon.colcon_core.package_identification:_identify(path_generate/steven_gong/Raceline-Optimization) by extensions ['ros']
[0.213s] Level 1:colcon.colcon_core.package_identification:_identify(path_generate/steven_gong/Raceline-Optimization) by extension 'ros'
[0.213s] Level 1:colcon.colcon_core.package_identification:_identify(path_generate/steven_gong/Raceline-Optimization) by extensions ['cmake', 'python']
[0.213s] Level 1:colcon.colcon_core.package_identification:_identify(path_generate/steven_gong/Raceline-Optimization) by extension 'cmake'
[0.213s] Level 1:colcon.colcon_core.package_identification:_identify(path_generate/steven_gong/Raceline-Optimization) by extension 'python'
[0.213s] Level 1:colcon.colcon_core.package_identification:_identify(path_generate/steven_gong/Raceline-Optimization) by extensions ['python_setup_py']
[0.213s] Level 1:colcon.colcon_core.package_identification:_identify(path_generate/steven_gong/Raceline-Optimization) by extension 'python_setup_py'
[0.213s] Level 1:colcon.colcon_core.package_identification:_identify(path_generate/steven_gong/Raceline-Optimization/frictionmap) by extensions ['ignore', 'ignore_ament_install']
[0.213s] Level 1:colcon.colcon_core.package_identification:_identify(path_generate/steven_gong/Raceline-Optimization/frictionmap) by extension 'ignore'
[0.213s] Level 1:colcon.colcon_core.package_identification:_identify(path_generate/steven_gong/Raceline-Optimization/frictionmap) by extension 'ignore_ament_install'
[0.213s] Level 1:colcon.colcon_core.package_identification:_identify(path_generate/steven_gong/Raceline-Optimization/frictionmap) by extensions ['colcon_pkg']
[0.213s] Level 1:colcon.colcon_core.package_identification:_identify(path_generate/steven_gong/Raceline-Optimization/frictionmap) by extension 'colcon_pkg'
[0.213s] Level 1:colcon.colcon_core.package_identification:_identify(path_generate/steven_gong/Raceline-Optimization/frictionmap) by extensions ['colcon_meta']
[0.213s] Level 1:colcon.colcon_core.package_identification:_identify(path_generate/steven_gong/Raceline-Optimization/frictionmap) by extension 'colcon_meta'
[0.213s] Level 1:colcon.colcon_core.package_identification:_identify(path_generate/steven_gong/Raceline-Optimization/frictionmap) by extensions ['ros']
[0.213s] Level 1:colcon.colcon_core.package_identification:_identify(path_generate/steven_gong/Raceline-Optimization/frictionmap) by extension 'ros'
[0.213s] Level 1:colcon.colcon_core.package_identification:_identify(path_generate/steven_gong/Raceline-Optimization/frictionmap) by extensions ['cmake', 'python']
[0.213s] Level 1:colcon.colcon_core.package_identification:_identify(path_generate/steven_gong/Raceline-Optimization/frictionmap) by extension 'cmake'
[0.213s] Level 1:colcon.colcon_core.package_identification:_identify(path_generate/steven_gong/Raceline-Optimization/frictionmap) by extension 'python'
[0.213s] Level 1:colcon.colcon_core.package_identification:_identify(path_generate/steven_gong/Raceline-Optimization/frictionmap) by extensions ['python_setup_py']
[0.214s] Level 1:colcon.colcon_core.package_identification:_identify(path_generate/steven_gong/Raceline-Optimization/frictionmap) by extension 'python_setup_py'
[0.214s] Level 1:colcon.colcon_core.package_identification:_identify(path_generate/steven_gong/Raceline-Optimization/frictionmap/src) by extensions ['ignore', 'ignore_ament_install']
[0.214s] Level 1:colcon.colcon_core.package_identification:_identify(path_generate/steven_gong/Raceline-Optimization/frictionmap/src) by extension 'ignore'
[0.214s] Level 1:colcon.colcon_core.package_identification:_identify(path_generate/steven_gong/Raceline-Optimization/frictionmap/src) by extension 'ignore_ament_install'
[0.214s] Level 1:colcon.colcon_core.package_identification:_identify(path_generate/steven_gong/Raceline-Optimization/frictionmap/src) by extensions ['colcon_pkg']
[0.214s] Level 1:colcon.colcon_core.package_identification:_identify(path_generate/steven_gong/Raceline-Optimization/frictionmap/src) by extension 'colcon_pkg'
[0.214s] Level 1:colcon.colcon_core.package_identification:_identify(path_generate/steven_gong/Raceline-Optimization/frictionmap/src) by extensions ['colcon_meta']
[0.214s] Level 1:colcon.colcon_core.package_identification:_identify(path_generate/steven_gong/Raceline-Optimization/frictionmap/src) by extension 'colcon_meta'
[0.214s] Level 1:colcon.colcon_core.package_identification:_identify(path_generate/steven_gong/Raceline-Optimization/frictionmap/src) by extensions ['ros']
[0.214s] Level 1:colcon.colcon_core.package_identification:_identify(path_generate/steven_gong/Raceline-Optimization/frictionmap/src) by extension 'ros'
[0.214s] Level 1:colcon.colcon_core.package_identification:_identify(path_generate/steven_gong/Raceline-Optimization/frictionmap/src) by extensions ['cmake', 'python']
[0.214s] Level 1:colcon.colcon_core.package_identification:_identify(path_generate/steven_gong/Raceline-Optimization/frictionmap/src) by extension 'cmake'
[0.214s] Level 1:colcon.colcon_core.package_identification:_identify(path_generate/steven_gong/Raceline-Optimization/frictionmap/src) by extension 'python'
[0.214s] Level 1:colcon.colcon_core.package_identification:_identify(path_generate/steven_gong/Raceline-Optimization/frictionmap/src) by extensions ['python_setup_py']
[0.214s] Level 1:colcon.colcon_core.package_identification:_identify(path_generate/steven_gong/Raceline-Optimization/frictionmap/src) by extension 'python_setup_py'
[0.214s] Level 1:colcon.colcon_core.package_identification:_identify(path_generate/steven_gong/Raceline-Optimization/helper_funcs_glob) by extensions ['ignore', 'ignore_ament_install']
[0.214s] Level 1:colcon.colcon_core.package_identification:_identify(path_generate/steven_gong/Raceline-Optimization/helper_funcs_glob) by extension 'ignore'
[0.214s] Level 1:colcon.colcon_core.package_identification:_identify(path_generate/steven_gong/Raceline-Optimization/helper_funcs_glob) by extension 'ignore_ament_install'
[0.214s] Level 1:colcon.colcon_core.package_identification:_identify(path_generate/steven_gong/Raceline-Optimization/helper_funcs_glob) by extensions ['colcon_pkg']
[0.214s] Level 1:colcon.colcon_core.package_identification:_identify(path_generate/steven_gong/Raceline-Optimization/helper_funcs_glob) by extension 'colcon_pkg'
[0.214s] Level 1:colcon.colcon_core.package_identification:_identify(path_generate/steven_gong/Raceline-Optimization/helper_funcs_glob) by extensions ['colcon_meta']
[0.214s] Level 1:colcon.colcon_core.package_identification:_identify(path_generate/steven_gong/Raceline-Optimization/helper_funcs_glob) by extension 'colcon_meta'
[0.214s] Level 1:colcon.colcon_core.package_identification:_identify(path_generate/steven_gong/Raceline-Optimization/helper_funcs_glob) by extensions ['ros']
[0.214s] Level 1:colcon.colcon_core.package_identification:_identify(path_generate/steven_gong/Raceline-Optimization/helper_funcs_glob) by extension 'ros'
[0.214s] Level 1:colcon.colcon_core.package_identification:_identify(path_generate/steven_gong/Raceline-Optimization/helper_funcs_glob) by extensions ['cmake', 'python']
[0.214s] Level 1:colcon.colcon_core.package_identification:_identify(path_generate/steven_gong/Raceline-Optimization/helper_funcs_glob) by extension 'cmake'
[0.214s] Level 1:colcon.colcon_core.package_identification:_identify(path_generate/steven_gong/Raceline-Optimization/helper_funcs_glob) by extension 'python'
[0.214s] Level 1:colcon.colcon_core.package_identification:_identify(path_generate/steven_gong/Raceline-Optimization/helper_funcs_glob) by extensions ['python_setup_py']
[0.214s] Level 1:colcon.colcon_core.package_identification:_identify(path_generate/steven_gong/Raceline-Optimization/helper_funcs_glob) by extension 'python_setup_py'
[0.214s] Level 1:colcon.colcon_core.package_identification:_identify(path_generate/steven_gong/Raceline-Optimization/helper_funcs_glob/src) by extensions ['ignore', 'ignore_ament_install']
[0.214s] Level 1:colcon.colcon_core.package_identification:_identify(path_generate/steven_gong/Raceline-Optimization/helper_funcs_glob/src) by extension 'ignore'
[0.214s] Level 1:colcon.colcon_core.package_identification:_identify(path_generate/steven_gong/Raceline-Optimization/helper_funcs_glob/src) by extension 'ignore_ament_install'
[0.214s] Level 1:colcon.colcon_core.package_identification:_identify(path_generate/steven_gong/Raceline-Optimization/helper_funcs_glob/src) by extensions ['colcon_pkg']
[0.214s] Level 1:colcon.colcon_core.package_identification:_identify(path_generate/steven_gong/Raceline-Optimization/helper_funcs_glob/src) by extension 'colcon_pkg'
[0.214s] Level 1:colcon.colcon_core.package_identification:_identify(path_generate/steven_gong/Raceline-Optimization/helper_funcs_glob/src) by extensions ['colcon_meta']
[0.214s] Level 1:colcon.colcon_core.package_identification:_identify(path_generate/steven_gong/Raceline-Optimization/helper_funcs_glob/src) by extension 'colcon_meta'
[0.214s] Level 1:colcon.colcon_core.package_identification:_identify(path_generate/steven_gong/Raceline-Optimization/helper_funcs_glob/src) by extensions ['ros']
[0.214s] Level 1:colcon.colcon_core.package_identification:_identify(path_generate/steven_gong/Raceline-Optimization/helper_funcs_glob/src) by extension 'ros'
[0.214s] Level 1:colcon.colcon_core.package_identification:_identify(path_generate/steven_gong/Raceline-Optimization/helper_funcs_glob/src) by extensions ['cmake', 'python']
[0.214s] Level 1:colcon.colcon_core.package_identification:_identify(path_generate/steven_gong/Raceline-Optimization/helper_funcs_glob/src) by extension 'cmake'
[0.215s] Level 1:colcon.colcon_core.package_identification:_identify(path_generate/steven_gong/Raceline-Optimization/helper_funcs_glob/src) by extension 'python'
[0.215s] Level 1:colcon.colcon_core.package_identification:_identify(path_generate/steven_gong/Raceline-Optimization/helper_funcs_glob/src) by extensions ['python_setup_py']
[0.215s] Level 1:colcon.colcon_core.package_identification:_identify(path_generate/steven_gong/Raceline-Optimization/helper_funcs_glob/src) by extension 'python_setup_py'
[0.215s] Level 1:colcon.colcon_core.package_identification:_identify(path_generate/steven_gong/Raceline-Optimization/inputs) by extensions ['ignore', 'ignore_ament_install']
[0.215s] Level 1:colcon.colcon_core.package_identification:_identify(path_generate/steven_gong/Raceline-Optimization/inputs) by extension 'ignore'
[0.215s] Level 1:colcon.colcon_core.package_identification:_identify(path_generate/steven_gong/Raceline-Optimization/inputs) by extension 'ignore_ament_install'
[0.215s] Level 1:colcon.colcon_core.package_identification:_identify(path_generate/steven_gong/Raceline-Optimization/inputs) by extensions ['colcon_pkg']
[0.215s] Level 1:colcon.colcon_core.package_identification:_identify(path_generate/steven_gong/Raceline-Optimization/inputs) by extension 'colcon_pkg'
[0.215s] Level 1:colcon.colcon_core.package_identification:_identify(path_generate/steven_gong/Raceline-Optimization/inputs) by extensions ['colcon_meta']
[0.215s] Level 1:colcon.colcon_core.package_identification:_identify(path_generate/steven_gong/Raceline-Optimization/inputs) by extension 'colcon_meta'
[0.215s] Level 1:colcon.colcon_core.package_identification:_identify(path_generate/steven_gong/Raceline-Optimization/inputs) by extensions ['ros']
[0.215s] Level 1:colcon.colcon_core.package_identification:_identify(path_generate/steven_gong/Raceline-Optimization/inputs) by extension 'ros'
[0.215s] Level 1:colcon.colcon_core.package_identification:_identify(path_generate/steven_gong/Raceline-Optimization/inputs) by extensions ['cmake', 'python']
[0.215s] Level 1:colcon.colcon_core.package_identification:_identify(path_generate/steven_gong/Raceline-Optimization/inputs) by extension 'cmake'
[0.215s] Level 1:colcon.colcon_core.package_identification:_identify(path_generate/steven_gong/Raceline-Optimization/inputs) by extension 'python'
[0.215s] Level 1:colcon.colcon_core.package_identification:_identify(path_generate/steven_gong/Raceline-Optimization/inputs) by extensions ['python_setup_py']
[0.215s] Level 1:colcon.colcon_core.package_identification:_identify(path_generate/steven_gong/Raceline-Optimization/inputs) by extension 'python_setup_py'
[0.215s] Level 1:colcon.colcon_core.package_identification:_identify(path_generate/steven_gong/Raceline-Optimization/inputs/frictionmaps) by extensions ['ignore', 'ignore_ament_install']
[0.215s] Level 1:colcon.colcon_core.package_identification:_identify(path_generate/steven_gong/Raceline-Optimization/inputs/frictionmaps) by extension 'ignore'
[0.215s] Level 1:colcon.colcon_core.package_identification:_identify(path_generate/steven_gong/Raceline-Optimization/inputs/frictionmaps) by extension 'ignore_ament_install'
[0.215s] Level 1:colcon.colcon_core.package_identification:_identify(path_generate/steven_gong/Raceline-Optimization/inputs/frictionmaps) by extensions ['colcon_pkg']
[0.215s] Level 1:colcon.colcon_core.package_identification:_identify(path_generate/steven_gong/Raceline-Optimization/inputs/frictionmaps) by extension 'colcon_pkg'
[0.215s] Level 1:colcon.colcon_core.package_identification:_identify(path_generate/steven_gong/Raceline-Optimization/inputs/frictionmaps) by extensions ['colcon_meta']
[0.215s] Level 1:colcon.colcon_core.package_identification:_identify(path_generate/steven_gong/Raceline-Optimization/inputs/frictionmaps) by extension 'colcon_meta'
[0.215s] Level 1:colcon.colcon_core.package_identification:_identify(path_generate/steven_gong/Raceline-Optimization/inputs/frictionmaps) by extensions ['ros']
[0.215s] Level 1:colcon.colcon_core.package_identification:_identify(path_generate/steven_gong/Raceline-Optimization/inputs/frictionmaps) by extension 'ros'
[0.215s] Level 1:colcon.colcon_core.package_identification:_identify(path_generate/steven_gong/Raceline-Optimization/inputs/frictionmaps) by extensions ['cmake', 'python']
[0.215s] Level 1:colcon.colcon_core.package_identification:_identify(path_generate/steven_gong/Raceline-Optimization/inputs/frictionmaps) by extension 'cmake'
[0.215s] Level 1:colcon.colcon_core.package_identification:_identify(path_generate/steven_gong/Raceline-Optimization/inputs/frictionmaps) by extension 'python'
[0.215s] Level 1:colcon.colcon_core.package_identification:_identify(path_generate/steven_gong/Raceline-Optimization/inputs/frictionmaps) by extensions ['python_setup_py']
[0.215s] Level 1:colcon.colcon_core.package_identification:_identify(path_generate/steven_gong/Raceline-Optimization/inputs/frictionmaps) by extension 'python_setup_py'
[0.215s] Level 1:colcon.colcon_core.package_identification:_identify(path_generate/steven_gong/Raceline-Optimization/inputs/tracks) by extensions ['ignore', 'ignore_ament_install']
[0.215s] Level 1:colcon.colcon_core.package_identification:_identify(path_generate/steven_gong/Raceline-Optimization/inputs/tracks) by extension 'ignore'
[0.215s] Level 1:colcon.colcon_core.package_identification:_identify(path_generate/steven_gong/Raceline-Optimization/inputs/tracks) by extension 'ignore_ament_install'
[0.216s] Level 1:colcon.colcon_core.package_identification:_identify(path_generate/steven_gong/Raceline-Optimization/inputs/tracks) by extensions ['colcon_pkg']
[0.216s] Level 1:colcon.colcon_core.package_identification:_identify(path_generate/steven_gong/Raceline-Optimization/inputs/tracks) by extension 'colcon_pkg'
[0.216s] Level 1:colcon.colcon_core.package_identification:_identify(path_generate/steven_gong/Raceline-Optimization/inputs/tracks) by extensions ['colcon_meta']
[0.216s] Level 1:colcon.colcon_core.package_identification:_identify(path_generate/steven_gong/Raceline-Optimization/inputs/tracks) by extension 'colcon_meta'
[0.216s] Level 1:colcon.colcon_core.package_identification:_identify(path_generate/steven_gong/Raceline-Optimization/inputs/tracks) by extensions ['ros']
[0.216s] Level 1:colcon.colcon_core.package_identification:_identify(path_generate/steven_gong/Raceline-Optimization/inputs/tracks) by extension 'ros'
[0.216s] Level 1:colcon.colcon_core.package_identification:_identify(path_generate/steven_gong/Raceline-Optimization/inputs/tracks) by extensions ['cmake', 'python']
[0.216s] Level 1:colcon.colcon_core.package_identification:_identify(path_generate/steven_gong/Raceline-Optimization/inputs/tracks) by extension 'cmake'
[0.216s] Level 1:colcon.colcon_core.package_identification:_identify(path_generate/steven_gong/Raceline-Optimization/inputs/tracks) by extension 'python'
[0.216s] Level 1:colcon.colcon_core.package_identification:_identify(path_generate/steven_gong/Raceline-Optimization/inputs/tracks) by extensions ['python_setup_py']
[0.216s] Level 1:colcon.colcon_core.package_identification:_identify(path_generate/steven_gong/Raceline-Optimization/inputs/tracks) by extension 'python_setup_py'
[0.216s] Level 1:colcon.colcon_core.package_identification:_identify(path_generate/steven_gong/Raceline-Optimization/inputs/veh_dyn_info) by extensions ['ignore', 'ignore_ament_install']
[0.216s] Level 1:colcon.colcon_core.package_identification:_identify(path_generate/steven_gong/Raceline-Optimization/inputs/veh_dyn_info) by extension 'ignore'
[0.216s] Level 1:colcon.colcon_core.package_identification:_identify(path_generate/steven_gong/Raceline-Optimization/inputs/veh_dyn_info) by extension 'ignore_ament_install'
[0.216s] Level 1:colcon.colcon_core.package_identification:_identify(path_generate/steven_gong/Raceline-Optimization/inputs/veh_dyn_info) by extensions ['colcon_pkg']
[0.216s] Level 1:colcon.colcon_core.package_identification:_identify(path_generate/steven_gong/Raceline-Optimization/inputs/veh_dyn_info) by extension 'colcon_pkg'
[0.216s] Level 1:colcon.colcon_core.package_identification:_identify(path_generate/steven_gong/Raceline-Optimization/inputs/veh_dyn_info) by extensions ['colcon_meta']
[0.216s] Level 1:colcon.colcon_core.package_identification:_identify(path_generate/steven_gong/Raceline-Optimization/inputs/veh_dyn_info) by extension 'colcon_meta'
[0.216s] Level 1:colcon.colcon_core.package_identification:_identify(path_generate/steven_gong/Raceline-Optimization/inputs/veh_dyn_info) by extensions ['ros']
[0.216s] Level 1:colcon.colcon_core.package_identification:_identify(path_generate/steven_gong/Raceline-Optimization/inputs/veh_dyn_info) by extension 'ros'
[0.216s] Level 1:colcon.colcon_core.package_identification:_identify(path_generate/steven_gong/Raceline-Optimization/inputs/veh_dyn_info) by extensions ['cmake', 'python']
[0.216s] Level 1:colcon.colcon_core.package_identification:_identify(path_generate/steven_gong/Raceline-Optimization/inputs/veh_dyn_info) by extension 'cmake'
[0.216s] Level 1:colcon.colcon_core.package_identification:_identify(path_generate/steven_gong/Raceline-Optimization/inputs/veh_dyn_info) by extension 'python'
[0.216s] Level 1:colcon.colcon_core.package_identification:_identify(path_generate/steven_gong/Raceline-Optimization/inputs/veh_dyn_info) by extensions ['python_setup_py']
[0.216s] Level 1:colcon.colcon_core.package_identification:_identify(path_generate/steven_gong/Raceline-Optimization/inputs/veh_dyn_info) by extension 'python_setup_py'
[0.216s] Level 1:colcon.colcon_core.package_identification:_identify(path_generate/steven_gong/Raceline-Optimization/maps) by extensions ['ignore', 'ignore_ament_install']
[0.216s] Level 1:colcon.colcon_core.package_identification:_identify(path_generate/steven_gong/Raceline-Optimization/maps) by extension 'ignore'
[0.216s] Level 1:colcon.colcon_core.package_identification:_identify(path_generate/steven_gong/Raceline-Optimization/maps) by extension 'ignore_ament_install'
[0.216s] Level 1:colcon.colcon_core.package_identification:_identify(path_generate/steven_gong/Raceline-Optimization/maps) by extensions ['colcon_pkg']
[0.216s] Level 1:colcon.colcon_core.package_identification:_identify(path_generate/steven_gong/Raceline-Optimization/maps) by extension 'colcon_pkg'
[0.216s] Level 1:colcon.colcon_core.package_identification:_identify(path_generate/steven_gong/Raceline-Optimization/maps) by extensions ['colcon_meta']
[0.216s] Level 1:colcon.colcon_core.package_identification:_identify(path_generate/steven_gong/Raceline-Optimization/maps) by extension 'colcon_meta'
[0.216s] Level 1:colcon.colcon_core.package_identification:_identify(path_generate/steven_gong/Raceline-Optimization/maps) by extensions ['ros']
[0.216s] Level 1:colcon.colcon_core.package_identification:_identify(path_generate/steven_gong/Raceline-Optimization/maps) by extension 'ros'
[0.216s] Level 1:colcon.colcon_core.package_identification:_identify(path_generate/steven_gong/Raceline-Optimization/maps) by extensions ['cmake', 'python']
[0.216s] Level 1:colcon.colcon_core.package_identification:_identify(path_generate/steven_gong/Raceline-Optimization/maps) by extension 'cmake'
[0.216s] Level 1:colcon.colcon_core.package_identification:_identify(path_generate/steven_gong/Raceline-Optimization/maps) by extension 'python'
[0.216s] Level 1:colcon.colcon_core.package_identification:_identify(path_generate/steven_gong/Raceline-Optimization/maps) by extensions ['python_setup_py']
[0.216s] Level 1:colcon.colcon_core.package_identification:_identify(path_generate/steven_gong/Raceline-Optimization/maps) by extension 'python_setup_py'
[0.216s] Level 1:colcon.colcon_core.package_identification:_identify(path_generate/steven_gong/Raceline-Optimization/opt_mintime_traj) by extensions ['ignore', 'ignore_ament_install']
[0.217s] Level 1:colcon.colcon_core.package_identification:_identify(path_generate/steven_gong/Raceline-Optimization/opt_mintime_traj) by extension 'ignore'
[0.217s] Level 1:colcon.colcon_core.package_identification:_identify(path_generate/steven_gong/Raceline-Optimization/opt_mintime_traj) by extension 'ignore_ament_install'
[0.217s] Level 1:colcon.colcon_core.package_identification:_identify(path_generate/steven_gong/Raceline-Optimization/opt_mintime_traj) by extensions ['colcon_pkg']
[0.217s] Level 1:colcon.colcon_core.package_identification:_identify(path_generate/steven_gong/Raceline-Optimization/opt_mintime_traj) by extension 'colcon_pkg'
[0.217s] Level 1:colcon.colcon_core.package_identification:_identify(path_generate/steven_gong/Raceline-Optimization/opt_mintime_traj) by extensions ['colcon_meta']
[0.217s] Level 1:colcon.colcon_core.package_identification:_identify(path_generate/steven_gong/Raceline-Optimization/opt_mintime_traj) by extension 'colcon_meta'
[0.217s] Level 1:colcon.colcon_core.package_identification:_identify(path_generate/steven_gong/Raceline-Optimization/opt_mintime_traj) by extensions ['ros']
[0.217s] Level 1:colcon.colcon_core.package_identification:_identify(path_generate/steven_gong/Raceline-Optimization/opt_mintime_traj) by extension 'ros'
[0.217s] Level 1:colcon.colcon_core.package_identification:_identify(path_generate/steven_gong/Raceline-Optimization/opt_mintime_traj) by extensions ['cmake', 'python']
[0.217s] Level 1:colcon.colcon_core.package_identification:_identify(path_generate/steven_gong/Raceline-Optimization/opt_mintime_traj) by extension 'cmake'
[0.217s] Level 1:colcon.colcon_core.package_identification:_identify(path_generate/steven_gong/Raceline-Optimization/opt_mintime_traj) by extension 'python'
[0.217s] Level 1:colcon.colcon_core.package_identification:_identify(path_generate/steven_gong/Raceline-Optimization/opt_mintime_traj) by extensions ['python_setup_py']
[0.217s] Level 1:colcon.colcon_core.package_identification:_identify(path_generate/steven_gong/Raceline-Optimization/opt_mintime_traj) by extension 'python_setup_py'
[0.217s] Level 1:colcon.colcon_core.package_identification:_identify(path_generate/steven_gong/Raceline-Optimization/opt_mintime_traj/powertrain_src) by extensions ['ignore', 'ignore_ament_install']
[0.217s] Level 1:colcon.colcon_core.package_identification:_identify(path_generate/steven_gong/Raceline-Optimization/opt_mintime_traj/powertrain_src) by extension 'ignore'
[0.217s] Level 1:colcon.colcon_core.package_identification:_identify(path_generate/steven_gong/Raceline-Optimization/opt_mintime_traj/powertrain_src) by extension 'ignore_ament_install'
[0.217s] Level 1:colcon.colcon_core.package_identification:_identify(path_generate/steven_gong/Raceline-Optimization/opt_mintime_traj/powertrain_src) by extensions ['colcon_pkg']
[0.217s] Level 1:colcon.colcon_core.package_identification:_identify(path_generate/steven_gong/Raceline-Optimization/opt_mintime_traj/powertrain_src) by extension 'colcon_pkg'
[0.217s] Level 1:colcon.colcon_core.package_identification:_identify(path_generate/steven_gong/Raceline-Optimization/opt_mintime_traj/powertrain_src) by extensions ['colcon_meta']
[0.217s] Level 1:colcon.colcon_core.package_identification:_identify(path_generate/steven_gong/Raceline-Optimization/opt_mintime_traj/powertrain_src) by extension 'colcon_meta'
[0.217s] Level 1:colcon.colcon_core.package_identification:_identify(path_generate/steven_gong/Raceline-Optimization/opt_mintime_traj/powertrain_src) by extensions ['ros']
[0.217s] Level 1:colcon.colcon_core.package_identification:_identify(path_generate/steven_gong/Raceline-Optimization/opt_mintime_traj/powertrain_src) by extension 'ros'
[0.217s] Level 1:colcon.colcon_core.package_identification:_identify(path_generate/steven_gong/Raceline-Optimization/opt_mintime_traj/powertrain_src) by extensions ['cmake', 'python']
[0.217s] Level 1:colcon.colcon_core.package_identification:_identify(path_generate/steven_gong/Raceline-Optimization/opt_mintime_traj/powertrain_src) by extension 'cmake'
[0.217s] Level 1:colcon.colcon_core.package_identification:_identify(path_generate/steven_gong/Raceline-Optimization/opt_mintime_traj/powertrain_src) by extension 'python'
[0.217s] Level 1:colcon.colcon_core.package_identification:_identify(path_generate/steven_gong/Raceline-Optimization/opt_mintime_traj/powertrain_src) by extensions ['python_setup_py']
[0.217s] Level 1:colcon.colcon_core.package_identification:_identify(path_generate/steven_gong/Raceline-Optimization/opt_mintime_traj/powertrain_src) by extension 'python_setup_py'
[0.217s] Level 1:colcon.colcon_core.package_identification:_identify(path_generate/steven_gong/Raceline-Optimization/opt_mintime_traj/powertrain_src/src) by extensions ['ignore', 'ignore_ament_install']
[0.217s] Level 1:colcon.colcon_core.package_identification:_identify(path_generate/steven_gong/Raceline-Optimization/opt_mintime_traj/powertrain_src/src) by extension 'ignore'
[0.217s] Level 1:colcon.colcon_core.package_identification:_identify(path_generate/steven_gong/Raceline-Optimization/opt_mintime_traj/powertrain_src/src) by extension 'ignore_ament_install'
[0.217s] Level 1:colcon.colcon_core.package_identification:_identify(path_generate/steven_gong/Raceline-Optimization/opt_mintime_traj/powertrain_src/src) by extensions ['colcon_pkg']
[0.217s] Level 1:colcon.colcon_core.package_identification:_identify(path_generate/steven_gong/Raceline-Optimization/opt_mintime_traj/powertrain_src/src) by extension 'colcon_pkg'
[0.217s] Level 1:colcon.colcon_core.package_identification:_identify(path_generate/steven_gong/Raceline-Optimization/opt_mintime_traj/powertrain_src/src) by extensions ['colcon_meta']
[0.217s] Level 1:colcon.colcon_core.package_identification:_identify(path_generate/steven_gong/Raceline-Optimization/opt_mintime_traj/powertrain_src/src) by extension 'colcon_meta'
[0.217s] Level 1:colcon.colcon_core.package_identification:_identify(path_generate/steven_gong/Raceline-Optimization/opt_mintime_traj/powertrain_src/src) by extensions ['ros']
[0.217s] Level 1:colcon.colcon_core.package_identification:_identify(path_generate/steven_gong/Raceline-Optimization/opt_mintime_traj/powertrain_src/src) by extension 'ros'
[0.217s] Level 1:colcon.colcon_core.package_identification:_identify(path_generate/steven_gong/Raceline-Optimization/opt_mintime_traj/powertrain_src/src) by extensions ['cmake', 'python']
[0.217s] Level 1:colcon.colcon_core.package_identification:_identify(path_generate/steven_gong/Raceline-Optimization/opt_mintime_traj/powertrain_src/src) by extension 'cmake'
[0.217s] Level 1:colcon.colcon_core.package_identification:_identify(path_generate/steven_gong/Raceline-Optimization/opt_mintime_traj/powertrain_src/src) by extension 'python'
[0.217s] Level 1:colcon.colcon_core.package_identification:_identify(path_generate/steven_gong/Raceline-Optimization/opt_mintime_traj/powertrain_src/src) by extensions ['python_setup_py']
[0.217s] Level 1:colcon.colcon_core.package_identification:_identify(path_generate/steven_gong/Raceline-Optimization/opt_mintime_traj/powertrain_src/src) by extension 'python_setup_py'
[0.218s] Level 1:colcon.colcon_core.package_identification:_identify(path_generate/steven_gong/Raceline-Optimization/opt_mintime_traj/src) by extensions ['ignore', 'ignore_ament_install']
[0.218s] Level 1:colcon.colcon_core.package_identification:_identify(path_generate/steven_gong/Raceline-Optimization/opt_mintime_traj/src) by extension 'ignore'
[0.218s] Level 1:colcon.colcon_core.package_identification:_identify(path_generate/steven_gong/Raceline-Optimization/opt_mintime_traj/src) by extension 'ignore_ament_install'
[0.218s] Level 1:colcon.colcon_core.package_identification:_identify(path_generate/steven_gong/Raceline-Optimization/opt_mintime_traj/src) by extensions ['colcon_pkg']
[0.218s] Level 1:colcon.colcon_core.package_identification:_identify(path_generate/steven_gong/Raceline-Optimization/opt_mintime_traj/src) by extension 'colcon_pkg'
[0.218s] Level 1:colcon.colcon_core.package_identification:_identify(path_generate/steven_gong/Raceline-Optimization/opt_mintime_traj/src) by extensions ['colcon_meta']
[0.218s] Level 1:colcon.colcon_core.package_identification:_identify(path_generate/steven_gong/Raceline-Optimization/opt_mintime_traj/src) by extension 'colcon_meta'
[0.218s] Level 1:colcon.colcon_core.package_identification:_identify(path_generate/steven_gong/Raceline-Optimization/opt_mintime_traj/src) by extensions ['ros']
[0.218s] Level 1:colcon.colcon_core.package_identification:_identify(path_generate/steven_gong/Raceline-Optimization/opt_mintime_traj/src) by extension 'ros'
[0.218s] Level 1:colcon.colcon_core.package_identification:_identify(path_generate/steven_gong/Raceline-Optimization/opt_mintime_traj/src) by extensions ['cmake', 'python']
[0.218s] Level 1:colcon.colcon_core.package_identification:_identify(path_generate/steven_gong/Raceline-Optimization/opt_mintime_traj/src) by extension 'cmake'
[0.218s] Level 1:colcon.colcon_core.package_identification:_identify(path_generate/steven_gong/Raceline-Optimization/opt_mintime_traj/src) by extension 'python'
[0.218s] Level 1:colcon.colcon_core.package_identification:_identify(path_generate/steven_gong/Raceline-Optimization/opt_mintime_traj/src) by extensions ['python_setup_py']
[0.218s] Level 1:colcon.colcon_core.package_identification:_identify(path_generate/steven_gong/Raceline-Optimization/opt_mintime_traj/src) by extension 'python_setup_py'
[0.218s] Level 1:colcon.colcon_core.package_identification:_identify(path_generate/steven_gong/Raceline-Optimization/params) by extensions ['ignore', 'ignore_ament_install']
[0.218s] Level 1:colcon.colcon_core.package_identification:_identify(path_generate/steven_gong/Raceline-Optimization/params) by extension 'ignore'
[0.218s] Level 1:colcon.colcon_core.package_identification:_identify(path_generate/steven_gong/Raceline-Optimization/params) by extension 'ignore_ament_install'
[0.218s] Level 1:colcon.colcon_core.package_identification:_identify(path_generate/steven_gong/Raceline-Optimization/params) by extensions ['colcon_pkg']
[0.218s] Level 1:colcon.colcon_core.package_identification:_identify(path_generate/steven_gong/Raceline-Optimization/params) by extension 'colcon_pkg'
[0.218s] Level 1:colcon.colcon_core.package_identification:_identify(path_generate/steven_gong/Raceline-Optimization/params) by extensions ['colcon_meta']
[0.218s] Level 1:colcon.colcon_core.package_identification:_identify(path_generate/steven_gong/Raceline-Optimization/params) by extension 'colcon_meta'
[0.218s] Level 1:colcon.colcon_core.package_identification:_identify(path_generate/steven_gong/Raceline-Optimization/params) by extensions ['ros']
[0.218s] Level 1:colcon.colcon_core.package_identification:_identify(path_generate/steven_gong/Raceline-Optimization/params) by extension 'ros'
[0.218s] Level 1:colcon.colcon_core.package_identification:_identify(path_generate/steven_gong/Raceline-Optimization/params) by extensions ['cmake', 'python']
[0.218s] Level 1:colcon.colcon_core.package_identification:_identify(path_generate/steven_gong/Raceline-Optimization/params) by extension 'cmake'
[0.218s] Level 1:colcon.colcon_core.package_identification:_identify(path_generate/steven_gong/Raceline-Optimization/params) by extension 'python'
[0.218s] Level 1:colcon.colcon_core.package_identification:_identify(path_generate/steven_gong/Raceline-Optimization/params) by extensions ['python_setup_py']
[0.218s] Level 1:colcon.colcon_core.package_identification:_identify(path_generate/steven_gong/Raceline-Optimization/params) by extension 'python_setup_py'
[0.218s] Level 1:colcon.colcon_core.package_identification:_identify(src) by extensions ['ignore', 'ignore_ament_install']
[0.218s] Level 1:colcon.colcon_core.package_identification:_identify(src) by extension 'ignore'
[0.218s] Level 1:colcon.colcon_core.package_identification:_identify(src) by extension 'ignore_ament_install'
[0.218s] Level 1:colcon.colcon_core.package_identification:_identify(src) by extensions ['colcon_pkg']
[0.218s] Level 1:colcon.colcon_core.package_identification:_identify(src) by extension 'colcon_pkg'
[0.218s] Level 1:colcon.colcon_core.package_identification:_identify(src) by extensions ['colcon_meta']
[0.218s] Level 1:colcon.colcon_core.package_identification:_identify(src) by extension 'colcon_meta'
[0.218s] Level 1:colcon.colcon_core.package_identification:_identify(src) by extensions ['ros']
[0.218s] Level 1:colcon.colcon_core.package_identification:_identify(src) by extension 'ros'
[0.218s] Level 1:colcon.colcon_core.package_identification:_identify(src) by extensions ['cmake', 'python']
[0.218s] Level 1:colcon.colcon_core.package_identification:_identify(src) by extension 'cmake'
[0.218s] Level 1:colcon.colcon_core.package_identification:_identify(src) by extension 'python'
[0.218s] Level 1:colcon.colcon_core.package_identification:_identify(src) by extensions ['python_setup_py']
[0.219s] Level 1:colcon.colcon_core.package_identification:_identify(src) by extension 'python_setup_py'
[0.219s] Level 1:colcon.colcon_core.package_identification:_identify(src/Nonlinear_MPCC_for_autonomous_racing) by extensions ['ignore', 'ignore_ament_install']
[0.219s] Level 1:colcon.colcon_core.package_identification:_identify(src/Nonlinear_MPCC_for_autonomous_racing) by extension 'ignore'
[0.219s] Level 1:colcon.colcon_core.package_identification:_identify(src/Nonlinear_MPCC_for_autonomous_racing) by extension 'ignore_ament_install'
[0.219s] Level 1:colcon.colcon_core.package_identification:_identify(src/Nonlinear_MPCC_for_autonomous_racing) by extensions ['colcon_pkg']
[0.219s] Level 1:colcon.colcon_core.package_identification:_identify(src/Nonlinear_MPCC_for_autonomous_racing) by extension 'colcon_pkg'
[0.219s] Level 1:colcon.colcon_core.package_identification:_identify(src/Nonlinear_MPCC_for_autonomous_racing) by extensions ['colcon_meta']
[0.219s] Level 1:colcon.colcon_core.package_identification:_identify(src/Nonlinear_MPCC_for_autonomous_racing) by extension 'colcon_meta'
[0.219s] Level 1:colcon.colcon_core.package_identification:_identify(src/Nonlinear_MPCC_for_autonomous_racing) by extensions ['ros']
[0.219s] Level 1:colcon.colcon_core.package_identification:_identify(src/Nonlinear_MPCC_for_autonomous_racing) by extension 'ros'
[0.219s] Level 1:colcon.colcon_core.package_identification:_identify(src/Nonlinear_MPCC_for_autonomous_racing) by extensions ['cmake', 'python']
[0.219s] Level 1:colcon.colcon_core.package_identification:_identify(src/Nonlinear_MPCC_for_autonomous_racing) by extension 'cmake'
[0.219s] Level 1:colcon.colcon_core.package_identification:_identify(src/Nonlinear_MPCC_for_autonomous_racing) by extension 'python'
[0.219s] Level 1:colcon.colcon_core.package_identification:_identify(src/Nonlinear_MPCC_for_autonomous_racing) by extensions ['python_setup_py']
[0.219s] Level 1:colcon.colcon_core.package_identification:_identify(src/Nonlinear_MPCC_for_autonomous_racing) by extension 'python_setup_py'
[0.219s] Level 1:colcon.colcon_core.package_identification:_identify(src/Nonlinear_MPCC_for_autonomous_racing/nonlinear_mpc_casadi) by extensions ['ignore', 'ignore_ament_install']
[0.219s] Level 1:colcon.colcon_core.package_identification:_identify(src/Nonlinear_MPCC_for_autonomous_racing/nonlinear_mpc_casadi) by extension 'ignore'
[0.219s] Level 1:colcon.colcon_core.package_identification:_identify(src/Nonlinear_MPCC_for_autonomous_racing/nonlinear_mpc_casadi) by extension 'ignore_ament_install'
[0.219s] Level 1:colcon.colcon_core.package_identification:_identify(src/Nonlinear_MPCC_for_autonomous_racing/nonlinear_mpc_casadi) by extensions ['colcon_pkg']
[0.219s] Level 1:colcon.colcon_core.package_identification:_identify(src/Nonlinear_MPCC_for_autonomous_racing/nonlinear_mpc_casadi) by extension 'colcon_pkg'
[0.219s] Level 1:colcon.colcon_core.package_identification:_identify(src/Nonlinear_MPCC_for_autonomous_racing/nonlinear_mpc_casadi) by extensions ['colcon_meta']
[0.219s] Level 1:colcon.colcon_core.package_identification:_identify(src/Nonlinear_MPCC_for_autonomous_racing/nonlinear_mpc_casadi) by extension 'colcon_meta'
[0.219s] Level 1:colcon.colcon_core.package_identification:_identify(src/Nonlinear_MPCC_for_autonomous_racing/nonlinear_mpc_casadi) by extensions ['ros']
[0.219s] Level 1:colcon.colcon_core.package_identification:_identify(src/Nonlinear_MPCC_for_autonomous_racing/nonlinear_mpc_casadi) by extension 'ros'
[0.221s] DEBUG:colcon.colcon_core.package_identification:Package 'src/Nonlinear_MPCC_for_autonomous_racing/nonlinear_mpc_casadi' with type 'ros.ament_cmake' and name 'nonlinear_mpc_casadi'
[0.221s] Level 1:colcon.colcon_core.package_identification:_identify(src/bound_obstacle_detector) by extensions ['ignore', 'ignore_ament_install']
[0.221s] Level 1:colcon.colcon_core.package_identification:_identify(src/bound_obstacle_detector) by extension 'ignore'
[0.221s] Level 1:colcon.colcon_core.package_identification:_identify(src/bound_obstacle_detector) by extension 'ignore_ament_install'
[0.221s] Level 1:colcon.colcon_core.package_identification:_identify(src/bound_obstacle_detector) by extensions ['colcon_pkg']
[0.221s] Level 1:colcon.colcon_core.package_identification:_identify(src/bound_obstacle_detector) by extension 'colcon_pkg'
[0.221s] Level 1:colcon.colcon_core.package_identification:_identify(src/bound_obstacle_detector) by extensions ['colcon_meta']
[0.221s] Level 1:colcon.colcon_core.package_identification:_identify(src/bound_obstacle_detector) by extension 'colcon_meta'
[0.221s] Level 1:colcon.colcon_core.package_identification:_identify(src/bound_obstacle_detector) by extensions ['ros']
[0.221s] Level 1:colcon.colcon_core.package_identification:_identify(src/bound_obstacle_detector) by extension 'ros'
[0.222s] DEBUG:colcon.colcon_core.package_identification:Package 'src/bound_obstacle_detector' with type 'ros.ament_python' and name 'bound_obstacle_detector'
[0.222s] Level 1:colcon.colcon_core.package_identification:_identify(src/bubble_memory) by extensions ['ignore', 'ignore_ament_install']
[0.222s] Level 1:colcon.colcon_core.package_identification:_identify(src/bubble_memory) by extension 'ignore'
[0.222s] Level 1:colcon.colcon_core.package_identification:_identify(src/bubble_memory) by extension 'ignore_ament_install'
[0.222s] Level 1:colcon.colcon_core.package_identification:_identify(src/bubble_memory) by extensions ['colcon_pkg']
[0.222s] Level 1:colcon.colcon_core.package_identification:_identify(src/bubble_memory) by extension 'colcon_pkg'
[0.222s] Level 1:colcon.colcon_core.package_identification:_identify(src/bubble_memory) by extensions ['colcon_meta']
[0.222s] Level 1:colcon.colcon_core.package_identification:_identify(src/bubble_memory) by extension 'colcon_meta'
[0.222s] Level 1:colcon.colcon_core.package_identification:_identify(src/bubble_memory) by extensions ['ros']
[0.222s] Level 1:colcon.colcon_core.package_identification:_identify(src/bubble_memory) by extension 'ros'
[0.222s] DEBUG:colcon.colcon_core.package_identification:Package 'src/bubble_memory' with type 'ros.ament_python' and name 'bubble_memory'
[0.222s] Level 1:colcon.colcon_core.package_identification:_identify(src/centerline_planner) by extensions ['ignore', 'ignore_ament_install']
[0.222s] Level 1:colcon.colcon_core.package_identification:_identify(src/centerline_planner) by extension 'ignore'
[0.223s] Level 1:colcon.colcon_core.package_identification:_identify(src/centerline_planner) by extension 'ignore_ament_install'
[0.223s] Level 1:colcon.colcon_core.package_identification:_identify(src/centerline_planner) by extensions ['colcon_pkg']
[0.223s] Level 1:colcon.colcon_core.package_identification:_identify(src/centerline_planner) by extension 'colcon_pkg'
[0.223s] Level 1:colcon.colcon_core.package_identification:_identify(src/centerline_planner) by extensions ['colcon_meta']
[0.223s] Level 1:colcon.colcon_core.package_identification:_identify(src/centerline_planner) by extension 'colcon_meta'
[0.223s] Level 1:colcon.colcon_core.package_identification:_identify(src/centerline_planner) by extensions ['ros']
[0.223s] Level 1:colcon.colcon_core.package_identification:_identify(src/centerline_planner) by extension 'ros'
[0.223s] DEBUG:colcon.colcon_core.package_identification:Package 'src/centerline_planner' with type 'ros.ament_python' and name 'centerline_planner'
[0.223s] Level 1:colcon.colcon_core.package_identification:_identify(src/csv_obstacle) by extensions ['ignore', 'ignore_ament_install']
[0.223s] Level 1:colcon.colcon_core.package_identification:_identify(src/csv_obstacle) by extension 'ignore'
[0.223s] Level 1:colcon.colcon_core.package_identification:_identify(src/csv_obstacle) by extension 'ignore_ament_install'
[0.223s] Level 1:colcon.colcon_core.package_identification:_identify(src/csv_obstacle) by extensions ['colcon_pkg']
[0.223s] Level 1:colcon.colcon_core.package_identification:_identify(src/csv_obstacle) by extension 'colcon_pkg'
[0.223s] Level 1:colcon.colcon_core.package_identification:_identify(src/csv_obstacle) by extensions ['colcon_meta']
[0.223s] Level 1:colcon.colcon_core.package_identification:_identify(src/csv_obstacle) by extension 'colcon_meta'
[0.223s] Level 1:colcon.colcon_core.package_identification:_identify(src/csv_obstacle) by extensions ['ros']
[0.223s] Level 1:colcon.colcon_core.package_identification:_identify(src/csv_obstacle) by extension 'ros'
[0.224s] DEBUG:colcon.colcon_core.package_identification:Package 'src/csv_obstacle' with type 'ros.ament_python' and name 'csv_obstacle'
[0.224s] Level 1:colcon.colcon_core.package_identification:_identify(src/disparity_autodrive) by extensions ['ignore', 'ignore_ament_install']
[0.224s] Level 1:colcon.colcon_core.package_identification:_identify(src/disparity_autodrive) by extension 'ignore'
[0.224s] Level 1:colcon.colcon_core.package_identification:_identify(src/disparity_autodrive) by extension 'ignore_ament_install'
[0.224s] Level 1:colcon.colcon_core.package_identification:_identify(src/disparity_autodrive) by extensions ['colcon_pkg']
[0.224s] Level 1:colcon.colcon_core.package_identification:_identify(src/disparity_autodrive) by extension 'colcon_pkg'
[0.224s] Level 1:colcon.colcon_core.package_identification:_identify(src/disparity_autodrive) by extensions ['colcon_meta']
[0.224s] Level 1:colcon.colcon_core.package_identification:_identify(src/disparity_autodrive) by extension 'colcon_meta'
[0.224s] Level 1:colcon.colcon_core.package_identification:_identify(src/disparity_autodrive) by extensions ['ros']
[0.224s] Level 1:colcon.colcon_core.package_identification:_identify(src/disparity_autodrive) by extension 'ros'
[0.224s] DEBUG:colcon.colcon_core.package_identification:Package 'src/disparity_autodrive' with type 'ros.ament_cmake' and name 'disparity_autodrive'
[0.225s] Level 1:colcon.colcon_core.package_identification:_identify(src/f1tenth_gym_ros) by extensions ['ignore', 'ignore_ament_install']
[0.225s] Level 1:colcon.colcon_core.package_identification:_identify(src/f1tenth_gym_ros) by extension 'ignore'
[0.225s] Level 1:colcon.colcon_core.package_identification:_identify(src/f1tenth_gym_ros) by extension 'ignore_ament_install'
[0.225s] Level 1:colcon.colcon_core.package_identification:_identify(src/f1tenth_gym_ros) by extensions ['colcon_pkg']
[0.225s] Level 1:colcon.colcon_core.package_identification:_identify(src/f1tenth_gym_ros) by extension 'colcon_pkg'
[0.225s] Level 1:colcon.colcon_core.package_identification:_identify(src/f1tenth_gym_ros) by extensions ['colcon_meta']
[0.225s] Level 1:colcon.colcon_core.package_identification:_identify(src/f1tenth_gym_ros) by extension 'colcon_meta'
[0.225s] Level 1:colcon.colcon_core.package_identification:_identify(src/f1tenth_gym_ros) by extensions ['ros']
[0.225s] Level 1:colcon.colcon_core.package_identification:_identify(src/f1tenth_gym_ros) by extension 'ros'
[0.225s] DEBUG:colcon.colcon_core.package_identification:Package 'src/f1tenth_gym_ros' with type 'ros.ament_python' and name 'f1tenth_gym_ros'
[0.225s] Level 1:colcon.colcon_core.package_identification:_identify(src/key_teleop) by extensions ['ignore', 'ignore_ament_install']
[0.225s] Level 1:colcon.colcon_core.package_identification:_identify(src/key_teleop) by extension 'ignore'
[0.225s] Level 1:colcon.colcon_core.package_identification:_identify(src/key_teleop) by extension 'ignore_ament_install'
[0.225s] Level 1:colcon.colcon_core.package_identification:_identify(src/key_teleop) by extensions ['colcon_pkg']
[0.225s] Level 1:colcon.colcon_core.package_identification:_identify(src/key_teleop) by extension 'colcon_pkg'
[0.225s] Level 1:colcon.colcon_core.package_identification:_identify(src/key_teleop) by extensions ['colcon_meta']
[0.225s] Level 1:colcon.colcon_core.package_identification:_identify(src/key_teleop) by extension 'colcon_meta'
[0.225s] Level 1:colcon.colcon_core.package_identification:_identify(src/key_teleop) by extensions ['ros']
[0.225s] Level 1:colcon.colcon_core.package_identification:_identify(src/key_teleop) by extension 'ros'
[0.226s] DEBUG:colcon.colcon_core.package_identification:Package 'src/key_teleop' with type 'ros.ament_cmake' and name 'key_teleop'
[0.226s] Level 1:colcon.colcon_core.package_discovery:discover_packages(recursive) using defaults
[0.226s] Level 1:colcon.colcon_core.package_discovery:discover_packages(ignore) discover
[0.226s] Level 1:colcon.colcon_core.package_discovery:discover_packages(ignore) using defaults
[0.226s] Level 1:colcon.colcon_core.package_discovery:discover_packages(path) discover
[0.226s] Level 1:colcon.colcon_core.package_discovery:discover_packages(path) using defaults
[0.243s] Level 1:colcon.colcon_core.package_discovery:discover_packages(prefix_path) check parameters
[0.243s] Level 1:colcon.colcon_core.package_discovery:discover_packages(prefix_path) discover
[0.244s] DEBUG:colcon.colcon_installed_package_information.package_discovery:Found 9 installed packages in /home/moon/sim_ws/install
[0.245s] DEBUG:colcon.colcon_installed_package_information.package_discovery:Found 293 installed packages in /opt/ros/foxy
[0.245s] Level 1:colcon.colcon_core.package_discovery:discover_packages(prefix_path) using defaults
[0.277s] Level 5:colcon.colcon_core.verb:set package 'bound_obstacle_detector' build argument 'cmake_args' from command line to 'None'
[0.277s] Level 5:colcon.colcon_core.verb:set package 'bound_obstacle_detector' build argument 'cmake_target' from command line to 'None'
[0.277s] Level 5:colcon.colcon_core.verb:set package 'bound_obstacle_detector' build argument 'cmake_target_skip_unavailable' from command line to 'False'
[0.277s] Level 5:colcon.colcon_core.verb:set package 'bound_obstacle_detector' build argument 'cmake_clean_cache' from command line to 'False'
[0.277s] Level 5:colcon.colcon_core.verb:set package 'bound_obstacle_detector' build argument 'cmake_clean_first' from command line to 'False'
[0.277s] Level 5:colcon.colcon_core.verb:set package 'bound_obstacle_detector' build argument 'cmake_force_configure' from command line to 'False'
[0.277s] Level 5:colcon.colcon_core.verb:set package 'bound_obstacle_detector' build argument 'ament_cmake_args' from command line to 'None'
[0.277s] Level 5:colcon.colcon_core.verb:set package 'bound_obstacle_detector' build argument 'catkin_cmake_args' from command line to 'None'
[0.277s] Level 5:colcon.colcon_core.verb:set package 'bound_obstacle_detector' build argument 'catkin_skip_building_tests' from command line to 'False'
[0.277s] DEBUG:colcon.colcon_core.verb:Building package 'bound_obstacle_detector' with the following arguments: {'ament_cmake_args': None, 'build_base': '/home/moon/sim_ws/build/bound_obstacle_detector', 'catkin_cmake_args': None, 'catkin_skip_building_tests': False, 'cmake_args': None, 'cmake_clean_cache': False, 'cmake_clean_first': False, 'cmake_force_configure': False, 'cmake_target': None, 'cmake_target_skip_unavailable': False, 'install_base': '/home/moon/sim_ws/install/bound_obstacle_detector', 'merge_install': False, 'path': '/home/moon/sim_ws/src/bound_obstacle_detector', 'symlink_install': False, 'test_result_base': None}
[0.278s] Level 5:colcon.colcon_core.verb:set package 'bubble_memory' build argument 'cmake_args' from command line to 'None'
[0.278s] Level 5:colcon.colcon_core.verb:set package 'bubble_memory' build argument 'cmake_target' from command line to 'None'
[0.278s] Level 5:colcon.colcon_core.verb:set package 'bubble_memory' build argument 'cmake_target_skip_unavailable' from command line to 'False'
[0.278s] Level 5:colcon.colcon_core.verb:set package 'bubble_memory' build argument 'cmake_clean_cache' from command line to 'False'
[0.278s] Level 5:colcon.colcon_core.verb:set package 'bubble_memory' build argument 'cmake_clean_first' from command line to 'False'
[0.278s] Level 5:colcon.colcon_core.verb:set package 'bubble_memory' build argument 'cmake_force_configure' from command line to 'False'
[0.278s] Level 5:colcon.colcon_core.verb:set package 'bubble_memory' build argument 'ament_cmake_args' from command line to 'None'
[0.278s] Level 5:colcon.colcon_core.verb:set package 'bubble_memory' build argument 'catkin_cmake_args' from command line to 'None'
[0.278s] Level 5:colcon.colcon_core.verb:set package 'bubble_memory' build argument 'catkin_skip_building_tests' from command line to 'False'
[0.278s] DEBUG:colcon.colcon_core.verb:Building package 'bubble_memory' with the following arguments: {'ament_cmake_args': None, 'build_base': '/home/moon/sim_ws/build/bubble_memory', 'catkin_cmake_args': None, 'catkin_skip_building_tests': False, 'cmake_args': None, 'cmake_clean_cache': False, 'cmake_clean_first': False, 'cmake_force_configure': False, 'cmake_target': None, 'cmake_target_skip_unavailable': False, 'install_base': '/home/moon/sim_ws/install/bubble_memory', 'merge_install': False, 'path': '/home/moon/sim_ws/src/bubble_memory', 'symlink_install': False, 'test_result_base': None}
[0.278s] Level 5:colcon.colcon_core.verb:set package 'centerline_planner' build argument 'cmake_args' from command line to 'None'
[0.278s] Level 5:colcon.colcon_core.verb:set package 'centerline_planner' build argument 'cmake_target' from command line to 'None'
[0.278s] Level 5:colcon.colcon_core.verb:set package 'centerline_planner' build argument 'cmake_target_skip_unavailable' from command line to 'False'
[0.278s] Level 5:colcon.colcon_core.verb:set package 'centerline_planner' build argument 'cmake_clean_cache' from command line to 'False'
[0.278s] Level 5:colcon.colcon_core.verb:set package 'centerline_planner' build argument 'cmake_clean_first' from command line to 'False'
[0.278s] Level 5:colcon.colcon_core.verb:set package 'centerline_planner' build argument 'cmake_force_configure' from command line to 'False'
[0.278s] Level 5:colcon.colcon_core.verb:set package 'centerline_planner' build argument 'ament_cmake_args' from command line to 'None'
[0.278s] Level 5:colcon.colcon_core.verb:set package 'centerline_planner' build argument 'catkin_cmake_args' from command line to 'None'
[0.278s] Level 5:colcon.colcon_core.verb:set package 'centerline_planner' build argument 'catkin_skip_building_tests' from command line to 'False'
[0.278s] DEBUG:colcon.colcon_core.verb:Building package 'centerline_planner' with the following arguments: {'ament_cmake_args': None, 'build_base': '/home/moon/sim_ws/build/centerline_planner', 'catkin_cmake_args': None, 'catkin_skip_building_tests': False, 'cmake_args': None, 'cmake_clean_cache': False, 'cmake_clean_first': False, 'cmake_force_configure': False, 'cmake_target': None, 'cmake_target_skip_unavailable': False, 'install_base': '/home/moon/sim_ws/install/centerline_planner', 'merge_install': False, 'path': '/home/moon/sim_ws/src/centerline_planner', 'symlink_install': False, 'test_result_base': None}
[0.278s] Level 5:colcon.colcon_core.verb:set package 'csv_obstacle' build argument 'cmake_args' from command line to 'None'
[0.278s] Level 5:colcon.colcon_core.verb:set package 'csv_obstacle' build argument 'cmake_target' from command line to 'None'
[0.278s] Level 5:colcon.colcon_core.verb:set package 'csv_obstacle' build argument 'cmake_target_skip_unavailable' from command line to 'False'
[0.278s] Level 5:colcon.colcon_core.verb:set package 'csv_obstacle' build argument 'cmake_clean_cache' from command line to 'False'
[0.278s] Level 5:colcon.colcon_core.verb:set package 'csv_obstacle' build argument 'cmake_clean_first' from command line to 'False'
[0.278s] Level 5:colcon.colcon_core.verb:set package 'csv_obstacle' build argument 'cmake_force_configure' from command line to 'False'
[0.278s] Level 5:colcon.colcon_core.verb:set package 'csv_obstacle' build argument 'ament_cmake_args' from command line to 'None'
[0.278s] Level 5:colcon.colcon_core.verb:set package 'csv_obstacle' build argument 'catkin_cmake_args' from command line to 'None'
[0.278s] Level 5:colcon.colcon_core.verb:set package 'csv_obstacle' build argument 'catkin_skip_building_tests' from command line to 'False'
[0.278s] DEBUG:colcon.colcon_core.verb:Building package 'csv_obstacle' with the following arguments: {'ament_cmake_args': None, 'build_base': '/home/moon/sim_ws/build/csv_obstacle', 'catkin_cmake_args': None, 'catkin_skip_building_tests': False, 'cmake_args': None, 'cmake_clean_cache': False, 'cmake_clean_first': False, 'cmake_force_configure': False, 'cmake_target': None, 'cmake_target_skip_unavailable': False, 'install_base': '/home/moon/sim_ws/install/csv_obstacle', 'merge_install': False, 'path': '/home/moon/sim_ws/src/csv_obstacle', 'symlink_install': False, 'test_result_base': None}
[0.279s] Level 5:colcon.colcon_core.verb:set package 'disparity_autodrive' build argument 'cmake_args' from command line to 'None'
[0.279s] Level 5:colcon.colcon_core.verb:set package 'disparity_autodrive' build argument 'cmake_target' from command line to 'None'
[0.279s] Level 5:colcon.colcon_core.verb:set package 'disparity_autodrive' build argument 'cmake_target_skip_unavailable' from command line to 'False'
[0.279s] Level 5:colcon.colcon_core.verb:set package 'disparity_autodrive' build argument 'cmake_clean_cache' from command line to 'False'
[0.279s] Level 5:colcon.colcon_core.verb:set package 'disparity_autodrive' build argument 'cmake_clean_first' from command line to 'False'
[0.279s] Level 5:colcon.colcon_core.verb:set package 'disparity_autodrive' build argument 'cmake_force_configure' from command line to 'False'
[0.279s] Level 5:colcon.colcon_core.verb:set package 'disparity_autodrive' build argument 'ament_cmake_args' from command line to 'None'
[0.279s] Level 5:colcon.colcon_core.verb:set package 'disparity_autodrive' build argument 'catkin_cmake_args' from command line to 'None'
[0.279s] Level 5:colcon.colcon_core.verb:set package 'disparity_autodrive' build argument 'catkin_skip_building_tests' from command line to 'False'
[0.279s] DEBUG:colcon.colcon_core.verb:Building package 'disparity_autodrive' with the following arguments: {'ament_cmake_args': None, 'build_base': '/home/moon/sim_ws/build/disparity_autodrive', 'catkin_cmake_args': None, 'catkin_skip_building_tests': False, 'cmake_args': None, 'cmake_clean_cache': False, 'cmake_clean_first': False, 'cmake_force_configure': False, 'cmake_target': None, 'cmake_target_skip_unavailable': False, 'install_base': '/home/moon/sim_ws/install/disparity_autodrive', 'merge_install': False, 'path': '/home/moon/sim_ws/src/disparity_autodrive', 'symlink_install': False, 'test_result_base': None}
[0.279s] Level 5:colcon.colcon_core.verb:set package 'f1tenth_gym_ros' build argument 'cmake_args' from command line to 'None'
[0.279s] Level 5:colcon.colcon_core.verb:set package 'f1tenth_gym_ros' build argument 'cmake_target' from command line to 'None'
[0.279s] Level 5:colcon.colcon_core.verb:set package 'f1tenth_gym_ros' build argument 'cmake_target_skip_unavailable' from command line to 'False'
[0.279s] Level 5:colcon.colcon_core.verb:set package 'f1tenth_gym_ros' build argument 'cmake_clean_cache' from command line to 'False'
[0.279s] Level 5:colcon.colcon_core.verb:set package 'f1tenth_gym_ros' build argument 'cmake_clean_first' from command line to 'False'
[0.279s] Level 5:colcon.colcon_core.verb:set package 'f1tenth_gym_ros' build argument 'cmake_force_configure' from command line to 'False'
[0.279s] Level 5:colcon.colcon_core.verb:set package 'f1tenth_gym_ros' build argument 'ament_cmake_args' from command line to 'None'
[0.279s] Level 5:colcon.colcon_core.verb:set package 'f1tenth_gym_ros' build argument 'catkin_cmake_args' from command line to 'None'
[0.279s] Level 5:colcon.colcon_core.verb:set package 'f1tenth_gym_ros' build argument 'catkin_skip_building_tests' from command line to 'False'
[0.279s] DEBUG:colcon.colcon_core.verb:Building package 'f1tenth_gym_ros' with the following arguments: {'ament_cmake_args': None, 'build_base': '/home/moon/sim_ws/build/f1tenth_gym_ros', 'catkin_cmake_args': None, 'catkin_skip_building_tests': False, 'cmake_args': None, 'cmake_clean_cache': False, 'cmake_clean_first': False, 'cmake_force_configure': False, 'cmake_target': None, 'cmake_target_skip_unavailable': False, 'install_base': '/home/moon/sim_ws/install/f1tenth_gym_ros', 'merge_install': False, 'path': '/home/moon/sim_ws/src/f1tenth_gym_ros', 'symlink_install': False, 'test_result_base': None}
[0.279s] Level 5:colcon.colcon_core.verb:set package 'key_teleop' build argument 'cmake_args' from command line to 'None'
[0.279s] Level 5:colcon.colcon_core.verb:set package 'key_teleop' build argument 'cmake_target' from command line to 'None'
[0.279s] Level 5:colcon.colcon_core.verb:set package 'key_teleop' build argument 'cmake_target_skip_unavailable' from command line to 'False'
[0.279s] Level 5:colcon.colcon_core.verb:set package 'key_teleop' build argument 'cmake_clean_cache' from command line to 'False'
[0.279s] Level 5:colcon.colcon_core.verb:set package 'key_teleop' build argument 'cmake_clean_first' from command line to 'False'
[0.279s] Level 5:colcon.colcon_core.verb:set package 'key_teleop' build argument 'cmake_force_configure' from command line to 'False'
[0.279s] Level 5:colcon.colcon_core.verb:set package 'key_teleop' build argument 'ament_cmake_args' from command line to 'None'
[0.279s] Level 5:colcon.colcon_core.verb:set package 'key_teleop' build argument 'catkin_cmake_args' from command line to 'None'
[0.279s] Level 5:colcon.colcon_core.verb:set package 'key_teleop' build argument 'catkin_skip_building_tests' from command line to 'False'
[0.279s] DEBUG:colcon.colcon_core.verb:Building package 'key_teleop' with the following arguments: {'ament_cmake_args': None, 'build_base': '/home/moon/sim_ws/build/key_teleop', 'catkin_cmake_args': None, 'catkin_skip_building_tests': False, 'cmake_args': None, 'cmake_clean_cache': False, 'cmake_clean_first': False, 'cmake_force_configure': False, 'cmake_target': None, 'cmake_target_skip_unavailable': False, 'install_base': '/home/moon/sim_ws/install/key_teleop', 'merge_install': False, 'path': '/home/moon/sim_ws/src/key_teleop', 'symlink_install': False, 'test_result_base': None}
[0.279s] Level 5:colcon.colcon_core.verb:set package 'nonlinear_mpc_casadi' build argument 'cmake_args' from command line to 'None'
[0.279s] Level 5:colcon.colcon_core.verb:set package 'nonlinear_mpc_casadi' build argument 'cmake_target' from command line to 'None'
[0.279s] Level 5:colcon.colcon_core.verb:set package 'nonlinear_mpc_casadi' build argument 'cmake_target_skip_unavailable' from command line to 'False'
[0.279s] Level 5:colcon.colcon_core.verb:set package 'nonlinear_mpc_casadi' build argument 'cmake_clean_cache' from command line to 'False'
[0.279s] Level 5:colcon.colcon_core.verb:set package 'nonlinear_mpc_casadi' build argument 'cmake_clean_first' from command line to 'False'
[0.279s] Level 5:colcon.colcon_core.verb:set package 'nonlinear_mpc_casadi' build argument 'cmake_force_configure' from command line to 'False'
[0.279s] Level 5:colcon.colcon_core.verb:set package 'nonlinear_mpc_casadi' build argument 'ament_cmake_args' from command line to 'None'
[0.279s] Level 5:colcon.colcon_core.verb:set package 'nonlinear_mpc_casadi' build argument 'catkin_cmake_args' from command line to 'None'
[0.279s] Level 5:colcon.colcon_core.verb:set package 'nonlinear_mpc_casadi' build argument 'catkin_skip_building_tests' from command line to 'False'
[0.279s] DEBUG:colcon.colcon_core.verb:Building package 'nonlinear_mpc_casadi' with the following arguments: {'ament_cmake_args': None, 'build_base': '/home/moon/sim_ws/build/nonlinear_mpc_casadi', 'catkin_cmake_args': None, 'catkin_skip_building_tests': False, 'cmake_args': None, 'cmake_clean_cache': False, 'cmake_clean_first': False, 'cmake_force_configure': False, 'cmake_target': None, 'cmake_target_skip_unavailable': False, 'install_base': '/home/moon/sim_ws/install/nonlinear_mpc_casadi', 'merge_install': False, 'path': '/home/moon/sim_ws/src/Nonlinear_MPCC_for_autonomous_racing/nonlinear_mpc_casadi', 'symlink_install': False, 'test_result_base': None}
[0.280s] INFO:colcon.colcon_core.executor:Executing jobs using 'parallel' executor
[0.280s] DEBUG:colcon.colcon_parallel_executor.executor.parallel:run_until_complete
[0.280s] INFO:colcon.colcon_ros.task.ament_python.build:Building ROS package in '/home/moon/sim_ws/src/bound_obstacle_detector' with build type 'ament_python'
[0.280s] Level 1:colcon.colcon_core.shell:create_environment_hook('bound_obstacle_detector', 'ament_prefix_path')
[0.282s] INFO:colcon.colcon_core.plugin_system:Skipping extension 'colcon_core.shell.bat': Not used on non-Windows systems
[0.282s] INFO:colcon.colcon_core.shell:Creating environment hook '/home/moon/sim_ws/install/bound_obstacle_detector/share/bound_obstacle_detector/hook/ament_prefix_path.ps1'
[0.282s] INFO:colcon.colcon_core.shell:Creating environment descriptor '/home/moon/sim_ws/install/bound_obstacle_detector/share/bound_obstacle_detector/hook/ament_prefix_path.dsv'
[0.282s] INFO:colcon.colcon_core.shell:Creating environment hook '/home/moon/sim_ws/install/bound_obstacle_detector/share/bound_obstacle_detector/hook/ament_prefix_path.sh'
[0.283s] INFO:colcon.colcon_core.shell:Skip shell extension 'powershell' for command environment: Not usable outside of PowerShell
[0.283s] DEBUG:colcon.colcon_core.shell:Skip shell extension 'dsv' for command environment
[0.286s] INFO:colcon.colcon_ros.task.ament_python.build:Building ROS package in '/home/moon/sim_ws/src/bubble_memory' with build type 'ament_python'
[0.286s] Level 1:colcon.colcon_core.shell:create_environment_hook('bubble_memory', 'ament_prefix_path')
[0.286s] INFO:colcon.colcon_core.shell:Creating environment hook '/home/moon/sim_ws/install/bubble_memory/share/bubble_memory/hook/ament_prefix_path.ps1'
[0.287s] INFO:colcon.colcon_core.shell:Creating environment descriptor '/home/moon/sim_ws/install/bubble_memory/share/bubble_memory/hook/ament_prefix_path.dsv'
[0.287s] INFO:colcon.colcon_core.shell:Creating environment hook '/home/moon/sim_ws/install/bubble_memory/share/bubble_memory/hook/ament_prefix_path.sh'
[0.287s] INFO:colcon.colcon_core.shell:Skip shell extension 'powershell' for command environment: Not usable outside of PowerShell
[0.287s] DEBUG:colcon.colcon_core.shell:Skip shell extension 'dsv' for command environment
[0.290s] INFO:colcon.colcon_ros.task.ament_python.build:Building ROS package in '/home/moon/sim_ws/src/centerline_planner' with build type 'ament_python'
[0.290s] Level 1:colcon.colcon_core.shell:create_environment_hook('centerline_planner', 'ament_prefix_path')
[0.291s] INFO:colcon.colcon_core.shell:Creating environment hook '/home/moon/sim_ws/install/centerline_planner/share/centerline_planner/hook/ament_prefix_path.ps1'
[0.291s] INFO:colcon.colcon_core.shell:Creating environment descriptor '/home/moon/sim_ws/install/centerline_planner/share/centerline_planner/hook/ament_prefix_path.dsv'
[0.291s] INFO:colcon.colcon_core.shell:Creating environment hook '/home/moon/sim_ws/install/centerline_planner/share/centerline_planner/hook/ament_prefix_path.sh'
[0.291s] INFO:colcon.colcon_core.shell:Skip shell extension 'powershell' for command environment: Not usable outside of PowerShell
[0.291s] DEBUG:colcon.colcon_core.shell:Skip shell extension 'dsv' for command environment
[0.294s] INFO:colcon.colcon_ros.task.ament_python.build:Building ROS package in '/home/moon/sim_ws/src/csv_obstacle' with build type 'ament_python'
[0.294s] Level 1:colcon.colcon_core.shell:create_environment_hook('csv_obstacle', 'ament_prefix_path')
[0.295s] INFO:colcon.colcon_core.shell:Creating environment hook '/home/moon/sim_ws/install/csv_obstacle/share/csv_obstacle/hook/ament_prefix_path.ps1'
[0.295s] INFO:colcon.colcon_core.shell:Creating environment descriptor '/home/moon/sim_ws/install/csv_obstacle/share/csv_obstacle/hook/ament_prefix_path.dsv'
[0.295s] INFO:colcon.colcon_core.shell:Creating environment hook '/home/moon/sim_ws/install/csv_obstacle/share/csv_obstacle/hook/ament_prefix_path.sh'
[0.296s] INFO:colcon.colcon_core.shell:Skip shell extension 'powershell' for command environment: Not usable outside of PowerShell
[0.296s] DEBUG:colcon.colcon_core.shell:Skip shell extension 'dsv' for command environment
[0.298s] INFO:colcon.colcon_ros.task.ament_cmake.build:Building ROS package in '/home/moon/sim_ws/src/disparity_autodrive' with build type 'ament_cmake'
[0.299s] INFO:colcon.colcon_cmake.task.cmake.build:Building CMake package in '/home/moon/sim_ws/src/disparity_autodrive'
[0.299s] INFO:colcon.colcon_core.shell:Skip shell extension 'powershell' for command environment: Not usable outside of PowerShell
[0.299s] DEBUG:colcon.colcon_core.shell:Skip shell extension 'dsv' for command environment
[0.302s] INFO:colcon.colcon_ros.task.ament_python.build:Building ROS package in '/home/moon/sim_ws/src/f1tenth_gym_ros' with build type 'ament_python'
[0.302s] Level 1:colcon.colcon_core.shell:create_environment_hook('f1tenth_gym_ros', 'ament_prefix_path')
[0.302s] INFO:colcon.colcon_core.shell:Creating environment hook '/home/moon/sim_ws/install/f1tenth_gym_ros/share/f1tenth_gym_ros/hook/ament_prefix_path.ps1'
[0.303s] INFO:colcon.colcon_core.shell:Creating environment descriptor '/home/moon/sim_ws/install/f1tenth_gym_ros/share/f1tenth_gym_ros/hook/ament_prefix_path.dsv'
[0.303s] INFO:colcon.colcon_core.shell:Creating environment hook '/home/moon/sim_ws/install/f1tenth_gym_ros/share/f1tenth_gym_ros/hook/ament_prefix_path.sh'
[0.303s] INFO:colcon.colcon_core.shell:Skip shell extension 'powershell' for command environment: Not usable outside of PowerShell
[0.303s] DEBUG:colcon.colcon_core.shell:Skip shell extension 'dsv' for command environment
[0.306s] INFO:colcon.colcon_ros.task.ament_cmake.build:Building ROS package in '/home/moon/sim_ws/src/key_teleop' with build type 'ament_cmake'
[0.306s] INFO:colcon.colcon_cmake.task.cmake.build:Building CMake package in '/home/moon/sim_ws/src/key_teleop'
[0.306s] INFO:colcon.colcon_core.shell:Skip shell extension 'powershell' for command environment: Not usable outside of PowerShell
[0.306s] DEBUG:colcon.colcon_core.shell:Skip shell extension 'dsv' for command environment
[0.309s] INFO:colcon.colcon_ros.task.ament_cmake.build:Building ROS package in '/home/moon/sim_ws/src/Nonlinear_MPCC_for_autonomous_racing/nonlinear_mpc_casadi' with build type 'ament_cmake'
[0.309s] INFO:colcon.colcon_cmake.task.cmake.build:Building CMake package in '/home/moon/sim_ws/src/Nonlinear_MPCC_for_autonomous_racing/nonlinear_mpc_casadi'
[0.309s] INFO:colcon.colcon_core.shell:Skip shell extension 'powershell' for command environment: Not usable outside of PowerShell
[0.309s] DEBUG:colcon.colcon_core.shell:Skip shell extension 'dsv' for command environment
[0.443s] INFO:colcon.colcon_core.task.python.build:Building Python package in '/home/moon/sim_ws/src/bound_obstacle_detector'
[0.443s] INFO:colcon.colcon_core.shell:Skip shell extension 'powershell' for command environment: Not usable outside of PowerShell
[0.443s] DEBUG:colcon.colcon_core.shell:Skip shell extension 'dsv' for command environment
[0.582s] INFO:colcon.colcon_core.task.python.build:Building Python package in '/home/moon/sim_ws/src/bubble_memory'
[0.582s] INFO:colcon.colcon_core.shell:Skip shell extension 'powershell' for command environment: Not usable outside of PowerShell
[0.582s] DEBUG:colcon.colcon_core.shell:Skip shell extension 'dsv' for command environment
[0.711s] INFO:colcon.colcon_core.task.python.build:Building Python package in '/home/moon/sim_ws/src/centerline_planner'
[0.711s] INFO:colcon.colcon_core.shell:Skip shell extension 'powershell' for command environment: Not usable outside of PowerShell
[0.711s] DEBUG:colcon.colcon_core.shell:Skip shell extension 'dsv' for command environment
[0.844s] INFO:colcon.colcon_core.task.python.build:Building Python package in '/home/moon/sim_ws/src/csv_obstacle'
[0.844s] INFO:colcon.colcon_core.shell:Skip shell extension 'powershell' for command environment: Not usable outside of PowerShell
[0.844s] DEBUG:colcon.colcon_core.shell:Skip shell extension 'dsv' for command environment
[0.852s] DEBUG:colcon.colcon_core.event_handler.log_command:Invoking command in '/home/moon/sim_ws/build/disparity_autodrive': CMAKE_PREFIX_PATH=${CMAKE_PREFIX_PATH}:/home/moon/sim_ws/install/csv_obstacle:/home/moon/sim_ws/install/bound_obstacle_detector:/home/moon/sim_ws/install/bubble_memory:/home/moon/sim_ws/install/dyn_obstacle_detector:/home/moon/sim_ws/install/centerline_planner:/home/moon/sim_ws/install/f1tenth_gym_ros:/opt/ros/foxy CONDA_PROMPT_MODIFIER=(f110) /usr/bin/cmake --build /home/moon/sim_ws/build/disparity_autodrive -- -j16 -l16
[0.977s] INFO:colcon.colcon_core.task.python.build:Building Python package in '/home/moon/sim_ws/src/f1tenth_gym_ros'
[0.977s] INFO:colcon.colcon_core.shell:Skip shell extension 'powershell' for command environment: Not usable outside of PowerShell
[0.977s] DEBUG:colcon.colcon_core.shell:Skip shell extension 'dsv' for command environment
[0.983s] DEBUG:colcon.colcon_core.event_handler.log_command:Invoking command in '/home/moon/sim_ws/build/key_teleop': CMAKE_PREFIX_PATH=${CMAKE_PREFIX_PATH}:/home/moon/sim_ws/install/csv_obstacle:/home/moon/sim_ws/install/bound_obstacle_detector:/home/moon/sim_ws/install/bubble_memory:/home/moon/sim_ws/install/dyn_obstacle_detector:/home/moon/sim_ws/install/centerline_planner:/home/moon/sim_ws/install/f1tenth_gym_ros:/opt/ros/foxy CONDA_PROMPT_MODIFIER=(f110) /usr/bin/cmake --build /home/moon/sim_ws/build/key_teleop -- -j16 -l16
[0.986s] DEBUG:colcon.colcon_core.event_handler.log_command:Invoking command in '/home/moon/sim_ws/build/nonlinear_mpc_casadi': CMAKE_PREFIX_PATH=${CMAKE_PREFIX_PATH}:/home/moon/sim_ws/install/csv_obstacle:/home/moon/sim_ws/install/bound_obstacle_detector:/home/moon/sim_ws/install/bubble_memory:/home/moon/sim_ws/install/dyn_obstacle_detector:/home/moon/sim_ws/install/centerline_planner:/home/moon/sim_ws/install/f1tenth_gym_ros:/opt/ros/foxy CONDA_PROMPT_MODIFIER=(f110) /usr/bin/cmake --build /home/moon/sim_ws/build/nonlinear_mpc_casadi -- -j16 -l16
[0.989s] DEBUG:colcon.colcon_core.event_handler.log_command:Invoked command in '/home/moon/sim_ws/build/disparity_autodrive' returned '0': CMAKE_PREFIX_PATH=${CMAKE_PREFIX_PATH}:/home/moon/sim_ws/install/csv_obstacle:/home/moon/sim_ws/install/bound_obstacle_detector:/home/moon/sim_ws/install/bubble_memory:/home/moon/sim_ws/install/dyn_obstacle_detector:/home/moon/sim_ws/install/centerline_planner:/home/moon/sim_ws/install/f1tenth_gym_ros:/opt/ros/foxy CONDA_PROMPT_MODIFIER=(f110) /usr/bin/cmake --build /home/moon/sim_ws/build/disparity_autodrive -- -j16 -l16
[0.998s] DEBUG:colcon.colcon_core.event_handler.log_command:Invoking command in '/home/moon/sim_ws/build/disparity_autodrive': CMAKE_PREFIX_PATH=${CMAKE_PREFIX_PATH}:/home/moon/sim_ws/install/csv_obstacle:/home/moon/sim_ws/install/bound_obstacle_detector:/home/moon/sim_ws/install/bubble_memory:/home/moon/sim_ws/install/dyn_obstacle_detector:/home/moon/sim_ws/install/centerline_planner:/home/moon/sim_ws/install/f1tenth_gym_ros:/opt/ros/foxy CONDA_PROMPT_MODIFIER=(f110) /usr/bin/cmake --install /home/moon/sim_ws/build/disparity_autodrive
[1.015s] Level 1:colcon.colcon_core.environment:create_environment_scripts_only(disparity_autodrive)
[1.015s] DEBUG:colcon.colcon_core.event_handler.log_command:Invoked command in '/home/moon/sim_ws/build/disparity_autodrive' returned '0': CMAKE_PREFIX_PATH=${CMAKE_PREFIX_PATH}:/home/moon/sim_ws/install/csv_obstacle:/home/moon/sim_ws/install/bound_obstacle_detector:/home/moon/sim_ws/install/bubble_memory:/home/moon/sim_ws/install/dyn_obstacle_detector:/home/moon/sim_ws/install/centerline_planner:/home/moon/sim_ws/install/f1tenth_gym_ros:/opt/ros/foxy CONDA_PROMPT_MODIFIER=(f110) /usr/bin/cmake --install /home/moon/sim_ws/build/disparity_autodrive
[1.017s] Level 1:colcon.colcon_core.environment:checking '/home/moon/sim_ws/install/disparity_autodrive' for CMake module files
[1.017s] Level 1:colcon.colcon_core.environment:checking '/home/moon/sim_ws/install/disparity_autodrive' for CMake config files
[1.017s] Level 1:colcon.colcon_core.shell:create_environment_hook('disparity_autodrive', 'cmake_prefix_path')
[1.018s] INFO:colcon.colcon_core.shell:Creating environment hook '/home/moon/sim_ws/install/disparity_autodrive/share/disparity_autodrive/hook/cmake_prefix_path.ps1'
[1.018s] INFO:colcon.colcon_core.shell:Creating environment descriptor '/home/moon/sim_ws/install/disparity_autodrive/share/disparity_autodrive/hook/cmake_prefix_path.dsv'
[1.018s] INFO:colcon.colcon_core.shell:Creating environment hook '/home/moon/sim_ws/install/disparity_autodrive/share/disparity_autodrive/hook/cmake_prefix_path.sh'
[1.019s] Level 1:colcon.colcon_core.environment:checking '/home/moon/sim_ws/install/disparity_autodrive/lib'
[1.019s] Level 1:colcon.colcon_core.environment:checking '/home/moon/sim_ws/install/disparity_autodrive/bin'
[1.019s] Level 1:colcon.colcon_core.environment:checking '/home/moon/sim_ws/install/disparity_autodrive/lib/pkgconfig/disparity_autodrive.pc'
[1.019s] Level 1:colcon.colcon_core.environment:checking '/home/moon/sim_ws/install/disparity_autodrive/lib/python3.8/site-packages'
[1.019s] Level 1:colcon.colcon_core.environment:checking '/home/moon/sim_ws/install/disparity_autodrive/bin'
[1.019s] INFO:colcon.colcon_core.shell:Creating package script '/home/moon/sim_ws/install/disparity_autodrive/share/disparity_autodrive/package.ps1'
[1.020s] INFO:colcon.colcon_core.shell:Creating package descriptor '/home/moon/sim_ws/install/disparity_autodrive/share/disparity_autodrive/package.dsv'
[1.020s] INFO:colcon.colcon_core.shell:Creating package script '/home/moon/sim_ws/install/disparity_autodrive/share/disparity_autodrive/package.sh'
[1.021s] INFO:colcon.colcon_core.shell:Creating package script '/home/moon/sim_ws/install/disparity_autodrive/share/disparity_autodrive/package.bash'
[1.021s] INFO:colcon.colcon_core.shell:Creating package script '/home/moon/sim_ws/install/disparity_autodrive/share/disparity_autodrive/package.zsh'
[1.021s] Level 1:colcon.colcon_core.environment:create_file_with_runtime_dependencies(/home/moon/sim_ws/install/disparity_autodrive/share/colcon-core/packages/disparity_autodrive)
[1.022s] Level 1:colcon.colcon_core.environment:create_environment_scripts_only(disparity_autodrive)
[1.022s] Level 1:colcon.colcon_core.environment:checking '/home/moon/sim_ws/install/disparity_autodrive' for CMake module files
[1.023s] Level 1:colcon.colcon_core.environment:checking '/home/moon/sim_ws/install/disparity_autodrive' for CMake config files
[1.023s] Level 1:colcon.colcon_core.shell:create_environment_hook('disparity_autodrive', 'cmake_prefix_path')
[1.023s] INFO:colcon.colcon_core.shell:Creating environment hook '/home/moon/sim_ws/install/disparity_autodrive/share/disparity_autodrive/hook/cmake_prefix_path.ps1'
[1.023s] INFO:colcon.colcon_core.shell:Creating environment descriptor '/home/moon/sim_ws/install/disparity_autodrive/share/disparity_autodrive/hook/cmake_prefix_path.dsv'
[1.024s] INFO:colcon.colcon_core.shell:Creating environment hook '/home/moon/sim_ws/install/disparity_autodrive/share/disparity_autodrive/hook/cmake_prefix_path.sh'
[1.025s] Level 1:colcon.colcon_core.environment:checking '/home/moon/sim_ws/install/disparity_autodrive/lib'
[1.025s] Level 1:colcon.colcon_core.environment:checking '/home/moon/sim_ws/install/disparity_autodrive/bin'
[1.025s] Level 1:colcon.colcon_core.environment:checking '/home/moon/sim_ws/install/disparity_autodrive/lib/pkgconfig/disparity_autodrive.pc'
[1.025s] Level 1:colcon.colcon_core.environment:checking '/home/moon/sim_ws/install/disparity_autodrive/lib/python3.8/site-packages'
[1.025s] Level 1:colcon.colcon_core.environment:checking '/home/moon/sim_ws/install/disparity_autodrive/bin'
[1.025s] INFO:colcon.colcon_core.shell:Creating package script '/home/moon/sim_ws/install/disparity_autodrive/share/disparity_autodrive/package.ps1'
[1.025s] INFO:colcon.colcon_core.shell:Creating package descriptor '/home/moon/sim_ws/install/disparity_autodrive/share/disparity_autodrive/package.dsv'
[1.026s] INFO:colcon.colcon_core.shell:Creating package script '/home/moon/sim_ws/install/disparity_autodrive/share/disparity_autodrive/package.sh'
[1.026s] INFO:colcon.colcon_core.shell:Creating package script '/home/moon/sim_ws/install/disparity_autodrive/share/disparity_autodrive/package.bash'
[1.026s] INFO:colcon.colcon_core.shell:Creating package script '/home/moon/sim_ws/install/disparity_autodrive/share/disparity_autodrive/package.zsh'
[1.027s] Level 1:colcon.colcon_core.environment:create_file_with_runtime_dependencies(/home/moon/sim_ws/install/disparity_autodrive/share/colcon-core/packages/disparity_autodrive)
[1.028s] DEBUG:colcon.colcon_core.event_handler.log_command:Invoked command in '/home/moon/sim_ws/build/nonlinear_mpc_casadi' returned '0': CMAKE_PREFIX_PATH=${CMAKE_PREFIX_PATH}:/home/moon/sim_ws/install/csv_obstacle:/home/moon/sim_ws/install/bound_obstacle_detector:/home/moon/sim_ws/install/bubble_memory:/home/moon/sim_ws/install/dyn_obstacle_detector:/home/moon/sim_ws/install/centerline_planner:/home/moon/sim_ws/install/f1tenth_gym_ros:/opt/ros/foxy CONDA_PROMPT_MODIFIER=(f110) /usr/bin/cmake --build /home/moon/sim_ws/build/nonlinear_mpc_casadi -- -j16 -l16
[1.030s] DEBUG:colcon.colcon_core.event_handler.log_command:Invoking command in '/home/moon/sim_ws/build/nonlinear_mpc_casadi': CMAKE_PREFIX_PATH=${CMAKE_PREFIX_PATH}:/home/moon/sim_ws/install/csv_obstacle:/home/moon/sim_ws/install/bound_obstacle_detector:/home/moon/sim_ws/install/bubble_memory:/home/moon/sim_ws/install/dyn_obstacle_detector:/home/moon/sim_ws/install/centerline_planner:/home/moon/sim_ws/install/f1tenth_gym_ros:/opt/ros/foxy CONDA_PROMPT_MODIFIER=(f110) /usr/bin/cmake --install /home/moon/sim_ws/build/nonlinear_mpc_casadi
[1.032s] DEBUG:colcon.colcon_core.event_handler.log_command:Invoked command in '/home/moon/sim_ws/build/key_teleop' returned '0': CMAKE_PREFIX_PATH=${CMAKE_PREFIX_PATH}:/home/moon/sim_ws/install/csv_obstacle:/home/moon/sim_ws/install/bound_obstacle_detector:/home/moon/sim_ws/install/bubble_memory:/home/moon/sim_ws/install/dyn_obstacle_detector:/home/moon/sim_ws/install/centerline_planner:/home/moon/sim_ws/install/f1tenth_gym_ros:/opt/ros/foxy CONDA_PROMPT_MODIFIER=(f110) /usr/bin/cmake --build /home/moon/sim_ws/build/key_teleop -- -j16 -l16
[1.034s] DEBUG:colcon.colcon_core.event_handler.log_command:Invoking command in '/home/moon/sim_ws/build/key_teleop': CMAKE_PREFIX_PATH=${CMAKE_PREFIX_PATH}:/home/moon/sim_ws/install/csv_obstacle:/home/moon/sim_ws/install/bound_obstacle_detector:/home/moon/sim_ws/install/bubble_memory:/home/moon/sim_ws/install/dyn_obstacle_detector:/home/moon/sim_ws/install/centerline_planner:/home/moon/sim_ws/install/f1tenth_gym_ros:/opt/ros/foxy CONDA_PROMPT_MODIFIER=(f110) /usr/bin/cmake --install /home/moon/sim_ws/build/key_teleop
[1.042s] Level 1:colcon.colcon_core.environment:create_environment_scripts_only(key_teleop)
[1.042s] Level 1:colcon.colcon_core.environment:checking '/home/moon/sim_ws/install/key_teleop' for CMake module files
[1.043s] DEBUG:colcon.colcon_core.event_handler.log_command:Invoked command in '/home/moon/sim_ws/build/key_teleop' returned '0': CMAKE_PREFIX_PATH=${CMAKE_PREFIX_PATH}:/home/moon/sim_ws/install/csv_obstacle:/home/moon/sim_ws/install/bound_obstacle_detector:/home/moon/sim_ws/install/bubble_memory:/home/moon/sim_ws/install/dyn_obstacle_detector:/home/moon/sim_ws/install/centerline_planner:/home/moon/sim_ws/install/f1tenth_gym_ros:/opt/ros/foxy CONDA_PROMPT_MODIFIER=(f110) /usr/bin/cmake --install /home/moon/sim_ws/build/key_teleop
[1.043s] Level 1:colcon.colcon_core.environment:checking '/home/moon/sim_ws/install/key_teleop' for CMake config files
[1.043s] Level 1:colcon.colcon_core.shell:create_environment_hook('key_teleop', 'cmake_prefix_path')
[1.043s] INFO:colcon.colcon_core.shell:Creating environment hook '/home/moon/sim_ws/install/key_teleop/share/key_teleop/hook/cmake_prefix_path.ps1'
[1.044s] INFO:colcon.colcon_core.shell:Creating environment descriptor '/home/moon/sim_ws/install/key_teleop/share/key_teleop/hook/cmake_prefix_path.dsv'
[1.044s] INFO:colcon.colcon_core.shell:Creating environment hook '/home/moon/sim_ws/install/key_teleop/share/key_teleop/hook/cmake_prefix_path.sh'
[1.044s] Level 1:colcon.colcon_core.environment:checking '/home/moon/sim_ws/install/key_teleop/lib'
[1.044s] Level 1:colcon.colcon_core.environment:checking '/home/moon/sim_ws/install/key_teleop/bin'
[1.044s] Level 1:colcon.colcon_core.environment:checking '/home/moon/sim_ws/install/key_teleop/lib/pkgconfig/key_teleop.pc'
[1.045s] Level 1:colcon.colcon_core.environment:checking '/home/moon/sim_ws/install/key_teleop/lib/python3.8/site-packages'
[1.045s] Level 1:colcon.colcon_core.environment:checking '/home/moon/sim_ws/install/key_teleop/bin'
[1.045s] INFO:colcon.colcon_core.shell:Creating package script '/home/moon/sim_ws/install/key_teleop/share/key_teleop/package.ps1'
[1.045s] INFO:colcon.colcon_core.shell:Creating package descriptor '/home/moon/sim_ws/install/key_teleop/share/key_teleop/package.dsv'
[1.045s] INFO:colcon.colcon_core.shell:Creating package script '/home/moon/sim_ws/install/key_teleop/share/key_teleop/package.sh'
[1.046s] INFO:colcon.colcon_core.shell:Creating package script '/home/moon/sim_ws/install/key_teleop/share/key_teleop/package.bash'
[1.046s] INFO:colcon.colcon_core.shell:Creating package script '/home/moon/sim_ws/install/key_teleop/share/key_teleop/package.zsh'
[1.046s] Level 1:colcon.colcon_core.environment:create_file_with_runtime_dependencies(/home/moon/sim_ws/install/key_teleop/share/colcon-core/packages/key_teleop)
[1.046s] Level 1:colcon.colcon_core.environment:create_environment_scripts_only(key_teleop)
[1.046s] Level 1:colcon.colcon_core.environment:checking '/home/moon/sim_ws/install/key_teleop' for CMake module files
[1.047s] Level 1:colcon.colcon_core.environment:checking '/home/moon/sim_ws/install/key_teleop' for CMake config files
[1.047s] Level 1:colcon.colcon_core.shell:create_environment_hook('key_teleop', 'cmake_prefix_path')
[1.047s] INFO:colcon.colcon_core.shell:Creating environment hook '/home/moon/sim_ws/install/key_teleop/share/key_teleop/hook/cmake_prefix_path.ps1'
[1.047s] INFO:colcon.colcon_core.shell:Creating environment descriptor '/home/moon/sim_ws/install/key_teleop/share/key_teleop/hook/cmake_prefix_path.dsv'
[1.047s] INFO:colcon.colcon_core.shell:Creating environment hook '/home/moon/sim_ws/install/key_teleop/share/key_teleop/hook/cmake_prefix_path.sh'
[1.048s] Level 1:colcon.colcon_core.environment:checking '/home/moon/sim_ws/install/key_teleop/lib'
[1.048s] Level 1:colcon.colcon_core.environment:checking '/home/moon/sim_ws/install/key_teleop/bin'
[1.048s] Level 1:colcon.colcon_core.environment:checking '/home/moon/sim_ws/install/key_teleop/lib/pkgconfig/key_teleop.pc'
[1.048s] Level 1:colcon.colcon_core.environment:checking '/home/moon/sim_ws/install/key_teleop/lib/python3.8/site-packages'
[1.048s] Level 1:colcon.colcon_core.environment:checking '/home/moon/sim_ws/install/key_teleop/bin'
[1.048s] INFO:colcon.colcon_core.shell:Creating package script '/home/moon/sim_ws/install/key_teleop/share/key_teleop/package.ps1'
[1.048s] INFO:colcon.colcon_core.shell:Creating package descriptor '/home/moon/sim_ws/install/key_teleop/share/key_teleop/package.dsv'
[1.049s] INFO:colcon.colcon_core.shell:Creating package script '/home/moon/sim_ws/install/key_teleop/share/key_teleop/package.sh'
[1.049s] INFO:colcon.colcon_core.shell:Creating package script '/home/moon/sim_ws/install/key_teleop/share/key_teleop/package.bash'
[1.049s] INFO:colcon.colcon_core.shell:Creating package script '/home/moon/sim_ws/install/key_teleop/share/key_teleop/package.zsh'
[1.049s] Level 1:colcon.colcon_core.environment:create_file_with_runtime_dependencies(/home/moon/sim_ws/install/key_teleop/share/colcon-core/packages/key_teleop)
[1.068s] Level 1:colcon.colcon_core.environment:create_environment_scripts_only(nonlinear_mpc_casadi)
[1.068s] Level 1:colcon.colcon_core.environment:checking '/home/moon/sim_ws/install/nonlinear_mpc_casadi' for CMake module files
[1.069s] DEBUG:colcon.colcon_core.event_handler.log_command:Invoked command in '/home/moon/sim_ws/build/nonlinear_mpc_casadi' returned '0': CMAKE_PREFIX_PATH=${CMAKE_PREFIX_PATH}:/home/moon/sim_ws/install/csv_obstacle:/home/moon/sim_ws/install/bound_obstacle_detector:/home/moon/sim_ws/install/bubble_memory:/home/moon/sim_ws/install/dyn_obstacle_detector:/home/moon/sim_ws/install/centerline_planner:/home/moon/sim_ws/install/f1tenth_gym_ros:/opt/ros/foxy CONDA_PROMPT_MODIFIER=(f110) /usr/bin/cmake --install /home/moon/sim_ws/build/nonlinear_mpc_casadi
[1.069s] Level 1:colcon.colcon_core.environment:checking '/home/moon/sim_ws/install/nonlinear_mpc_casadi' for CMake config files
[1.070s] Level 1:colcon.colcon_core.shell:create_environment_hook('nonlinear_mpc_casadi', 'cmake_prefix_path')
[1.070s] INFO:colcon.colcon_core.shell:Creating environment hook '/home/moon/sim_ws/install/nonlinear_mpc_casadi/share/nonlinear_mpc_casadi/hook/cmake_prefix_path.ps1'
[1.070s] INFO:colcon.colcon_core.shell:Creating environment descriptor '/home/moon/sim_ws/install/nonlinear_mpc_casadi/share/nonlinear_mpc_casadi/hook/cmake_prefix_path.dsv'
[1.071s] INFO:colcon.colcon_core.shell:Creating environment hook '/home/moon/sim_ws/install/nonlinear_mpc_casadi/share/nonlinear_mpc_casadi/hook/cmake_prefix_path.sh'
[1.071s] Level 1:colcon.colcon_core.environment:checking '/home/moon/sim_ws/install/nonlinear_mpc_casadi/lib'
[1.071s] Level 1:colcon.colcon_core.environment:checking '/home/moon/sim_ws/install/nonlinear_mpc_casadi/bin'
[1.072s] Level 1:colcon.colcon_core.environment:checking '/home/moon/sim_ws/install/nonlinear_mpc_casadi/lib/pkgconfig/nonlinear_mpc_casadi.pc'
[1.072s] Level 1:colcon.colcon_core.environment:checking '/home/moon/sim_ws/install/nonlinear_mpc_casadi/lib/python3.8/site-packages'
[1.072s] Level 1:colcon.colcon_core.shell:create_environment_hook('nonlinear_mpc_casadi', 'pythonpath')
[1.072s] INFO:colcon.colcon_core.shell:Creating environment hook '/home/moon/sim_ws/install/nonlinear_mpc_casadi/share/nonlinear_mpc_casadi/hook/pythonpath.ps1'
[1.072s] INFO:colcon.colcon_core.shell:Creating environment descriptor '/home/moon/sim_ws/install/nonlinear_mpc_casadi/share/nonlinear_mpc_casadi/hook/pythonpath.dsv'
[1.073s] INFO:colcon.colcon_core.shell:Creating environment hook '/home/moon/sim_ws/install/nonlinear_mpc_casadi/share/nonlinear_mpc_casadi/hook/pythonpath.sh'
[1.073s] Level 1:colcon.colcon_core.environment:checking '/home/moon/sim_ws/install/nonlinear_mpc_casadi/bin'
[1.074s] INFO:colcon.colcon_core.shell:Creating package script '/home/moon/sim_ws/install/nonlinear_mpc_casadi/share/nonlinear_mpc_casadi/package.ps1'
[1.074s] INFO:colcon.colcon_core.shell:Creating package descriptor '/home/moon/sim_ws/install/nonlinear_mpc_casadi/share/nonlinear_mpc_casadi/package.dsv'
[1.074s] INFO:colcon.colcon_core.shell:Creating package script '/home/moon/sim_ws/install/nonlinear_mpc_casadi/share/nonlinear_mpc_casadi/package.sh'
[1.075s] INFO:colcon.colcon_core.shell:Creating package script '/home/moon/sim_ws/install/nonlinear_mpc_casadi/share/nonlinear_mpc_casadi/package.bash'
[1.075s] INFO:colcon.colcon_core.shell:Creating package script '/home/moon/sim_ws/install/nonlinear_mpc_casadi/share/nonlinear_mpc_casadi/package.zsh'
[1.076s] Level 1:colcon.colcon_core.environment:create_file_with_runtime_dependencies(/home/moon/sim_ws/install/nonlinear_mpc_casadi/share/colcon-core/packages/nonlinear_mpc_casadi)
[1.076s] Level 1:colcon.colcon_core.environment:create_environment_scripts_only(nonlinear_mpc_casadi)
[1.076s] Level 1:colcon.colcon_core.environment:checking '/home/moon/sim_ws/install/nonlinear_mpc_casadi' for CMake module files
[1.077s] Level 1:colcon.colcon_core.environment:checking '/home/moon/sim_ws/install/nonlinear_mpc_casadi' for CMake config files
[1.077s] Level 1:colcon.colcon_core.shell:create_environment_hook('nonlinear_mpc_casadi', 'cmake_prefix_path')
[1.077s] INFO:colcon.colcon_core.shell:Creating environment hook '/home/moon/sim_ws/install/nonlinear_mpc_casadi/share/nonlinear_mpc_casadi/hook/cmake_prefix_path.ps1'
[1.078s] INFO:colcon.colcon_core.shell:Creating environment descriptor '/home/moon/sim_ws/install/nonlinear_mpc_casadi/share/nonlinear_mpc_casadi/hook/cmake_prefix_path.dsv'
[1.078s] INFO:colcon.colcon_core.shell:Creating environment hook '/home/moon/sim_ws/install/nonlinear_mpc_casadi/share/nonlinear_mpc_casadi/hook/cmake_prefix_path.sh'
[1.079s] Level 1:colcon.colcon_core.environment:checking '/home/moon/sim_ws/install/nonlinear_mpc_casadi/lib'
[1.079s] Level 1:colcon.colcon_core.environment:checking '/home/moon/sim_ws/install/nonlinear_mpc_casadi/bin'
[1.079s] Level 1:colcon.colcon_core.environment:checking '/home/moon/sim_ws/install/nonlinear_mpc_casadi/lib/pkgconfig/nonlinear_mpc_casadi.pc'
[1.079s] Level 1:colcon.colcon_core.environment:checking '/home/moon/sim_ws/install/nonlinear_mpc_casadi/lib/python3.8/site-packages'
[1.079s] Level 1:colcon.colcon_core.shell:create_environment_hook('nonlinear_mpc_casadi', 'pythonpath')
[1.079s] INFO:colcon.colcon_core.shell:Creating environment hook '/home/moon/sim_ws/install/nonlinear_mpc_casadi/share/nonlinear_mpc_casadi/hook/pythonpath.ps1'
[1.080s] INFO:colcon.colcon_core.shell:Creating environment descriptor '/home/moon/sim_ws/install/nonlinear_mpc_casadi/share/nonlinear_mpc_casadi/hook/pythonpath.dsv'
[1.080s] INFO:colcon.colcon_core.shell:Creating environment hook '/home/moon/sim_ws/install/nonlinear_mpc_casadi/share/nonlinear_mpc_casadi/hook/pythonpath.sh'
[1.080s] Level 1:colcon.colcon_core.environment:checking '/home/moon/sim_ws/install/nonlinear_mpc_casadi/bin'
[1.081s] INFO:colcon.colcon_core.shell:Creating package script '/home/moon/sim_ws/install/nonlinear_mpc_casadi/share/nonlinear_mpc_casadi/package.ps1'
[1.081s] INFO:colcon.colcon_core.shell:Creating package descriptor '/home/moon/sim_ws/install/nonlinear_mpc_casadi/share/nonlinear_mpc_casadi/package.dsv'
[1.082s] INFO:colcon.colcon_core.shell:Creating package script '/home/moon/sim_ws/install/nonlinear_mpc_casadi/share/nonlinear_mpc_casadi/package.sh'
[1.082s] INFO:colcon.colcon_core.shell:Creating package script '/home/moon/sim_ws/install/nonlinear_mpc_casadi/share/nonlinear_mpc_casadi/package.bash'
[1.083s] INFO:colcon.colcon_core.shell:Creating package script '/home/moon/sim_ws/install/nonlinear_mpc_casadi/share/nonlinear_mpc_casadi/package.zsh'
[1.083s] Level 1:colcon.colcon_core.environment:create_file_with_runtime_dependencies(/home/moon/sim_ws/install/nonlinear_mpc_casadi/share/colcon-core/packages/nonlinear_mpc_casadi)
[1.266s] DEBUG:colcon.colcon_core.event_handler.log_command:Invoking command in '/home/moon/sim_ws/src/bubble_memory': CONDA_PROMPT_MODIFIER=(f110) PYTHONPATH=/home/moon/sim_ws/build/bubble_memory/prefix_override:/usr/lib/python3/dist-packages/colcon_core/task/python/colcon_distutils_commands:/home/moon/sim_ws/install/bubble_memory/lib/python3.8/site-packages:${PYTHONPATH} /usr/bin/python3 -W ignore:setup.py install is deprecated -W ignore:easy_install command is deprecated setup.py egg_info --egg-base ../../build/bubble_memory build --build-base /home/moon/sim_ws/build/bubble_memory/build install --record /home/moon/sim_ws/build/bubble_memory/install.log --install-scripts $base/lib/bubble_memory --single-version-externally-managed install_data
[1.269s] DEBUG:colcon.colcon_core.event_handler.log_command:Invoking command in '/home/moon/sim_ws/src/bound_obstacle_detector': CONDA_PROMPT_MODIFIER=(f110) PYTHONPATH=/home/moon/sim_ws/build/bound_obstacle_detector/prefix_override:/usr/lib/python3/dist-packages/colcon_core/task/python/colcon_distutils_commands:/home/moon/sim_ws/install/bound_obstacle_detector/lib/python3.8/site-packages:${PYTHONPATH} /usr/bin/python3 -W ignore:setup.py install is deprecated -W ignore:easy_install command is deprecated setup.py egg_info --egg-base ../../build/bound_obstacle_detector build --build-base /home/moon/sim_ws/build/bound_obstacle_detector/build install --record /home/moon/sim_ws/build/bound_obstacle_detector/install.log --single-version-externally-managed install_data
[1.276s] DEBUG:colcon.colcon_core.event_handler.log_command:Invoking command in '/home/moon/sim_ws/src/csv_obstacle': CONDA_PROMPT_MODIFIER=(f110) PYTHONPATH=/home/moon/sim_ws/build/csv_obstacle/prefix_override:/usr/lib/python3/dist-packages/colcon_core/task/python/colcon_distutils_commands:/home/moon/sim_ws/install/csv_obstacle/lib/python3.8/site-packages:${PYTHONPATH} /usr/bin/python3 -W ignore:setup.py install is deprecated -W ignore:easy_install command is deprecated setup.py egg_info --egg-base ../../build/csv_obstacle build --build-base /home/moon/sim_ws/build/csv_obstacle/build install --record /home/moon/sim_ws/build/csv_obstacle/install.log --single-version-externally-managed install_data
[1.285s] DEBUG:colcon.colcon_core.event_handler.log_command:Invoking command in '/home/moon/sim_ws/src/centerline_planner': CONDA_PROMPT_MODIFIER=(f110) PYTHONPATH=/home/moon/sim_ws/build/centerline_planner/prefix_override:/usr/lib/python3/dist-packages/colcon_core/task/python/colcon_distutils_commands:/home/moon/sim_ws/install/centerline_planner/lib/python3.8/site-packages:${PYTHONPATH} /usr/bin/python3 -W ignore:setup.py install is deprecated -W ignore:easy_install command is deprecated setup.py egg_info --egg-base ../../build/centerline_planner build --build-base /home/moon/sim_ws/build/centerline_planner/build install --record /home/moon/sim_ws/build/centerline_planner/install.log --install-scripts $base/lib/centerline_planner --single-version-externally-managed install_data
[1.302s] DEBUG:colcon.colcon_core.event_handler.log_command:Invoking command in '/home/moon/sim_ws/src/f1tenth_gym_ros': CONDA_PROMPT_MODIFIER=(f110) PYTHONPATH=/home/moon/sim_ws/build/f1tenth_gym_ros/prefix_override:/usr/lib/python3/dist-packages/colcon_core/task/python/colcon_distutils_commands:/home/moon/sim_ws/install/f1tenth_gym_ros/lib/python3.8/site-packages:${PYTHONPATH} /usr/bin/python3 -W ignore:setup.py install is deprecated -W ignore:easy_install command is deprecated setup.py egg_info --egg-base ../../build/f1tenth_gym_ros build --build-base /home/moon/sim_ws/build/f1tenth_gym_ros/build install --record /home/moon/sim_ws/build/f1tenth_gym_ros/install.log --single-version-externally-managed install_data
[1.442s] Level 1:colcon.colcon_core.environment:checking '/home/moon/sim_ws/install/bubble_memory' for CMake module files
[1.443s] DEBUG:colcon.colcon_core.event_handler.log_command:Invoked command in '/home/moon/sim_ws/src/bubble_memory' returned '0': CONDA_PROMPT_MODIFIER=(f110) PYTHONPATH=/home/moon/sim_ws/build/bubble_memory/prefix_override:/usr/lib/python3/dist-packages/colcon_core/task/python/colcon_distutils_commands:/home/moon/sim_ws/install/bubble_memory/lib/python3.8/site-packages:${PYTHONPATH} /usr/bin/python3 -W ignore:setup.py install is deprecated -W ignore:easy_install command is deprecated setup.py egg_info --egg-base ../../build/bubble_memory build --build-base /home/moon/sim_ws/build/bubble_memory/build install --record /home/moon/sim_ws/build/bubble_memory/install.log --install-scripts $base/lib/bubble_memory --single-version-externally-managed install_data
[1.443s] Level 1:colcon.colcon_core.environment:checking '/home/moon/sim_ws/install/bubble_memory' for CMake config files
[1.444s] Level 1:colcon.colcon_core.environment:checking '/home/moon/sim_ws/install/bubble_memory/lib'
[1.444s] Level 1:colcon.colcon_core.environment:checking '/home/moon/sim_ws/install/bubble_memory/bin'
[1.444s] Level 1:colcon.colcon_core.environment:checking '/home/moon/sim_ws/install/bubble_memory/lib/pkgconfig/bubble_memory.pc'
[1.445s] Level 1:colcon.colcon_core.environment:checking '/home/moon/sim_ws/install/bubble_memory/lib/python3.8/site-packages'
[1.445s] Level 1:colcon.colcon_core.shell:create_environment_hook('bubble_memory', 'pythonpath')
[1.445s] INFO:colcon.colcon_core.shell:Creating environment hook '/home/moon/sim_ws/install/bubble_memory/share/bubble_memory/hook/pythonpath.ps1'
[1.446s] INFO:colcon.colcon_core.shell:Creating environment descriptor '/home/moon/sim_ws/install/bubble_memory/share/bubble_memory/hook/pythonpath.dsv'
[1.446s] INFO:colcon.colcon_core.shell:Creating environment hook '/home/moon/sim_ws/install/bubble_memory/share/bubble_memory/hook/pythonpath.sh'
[1.446s] Level 1:colcon.colcon_core.environment:checking '/home/moon/sim_ws/install/bubble_memory/bin'
[1.446s] Level 1:colcon.colcon_core.environment:create_environment_scripts_only(bubble_memory)
[1.447s] INFO:colcon.colcon_core.shell:Creating package script '/home/moon/sim_ws/install/bubble_memory/share/bubble_memory/package.ps1'
[1.447s] INFO:colcon.colcon_core.shell:Creating package descriptor '/home/moon/sim_ws/install/bubble_memory/share/bubble_memory/package.dsv'
[1.448s] INFO:colcon.colcon_core.shell:Creating package script '/home/moon/sim_ws/install/bubble_memory/share/bubble_memory/package.sh'
[1.448s] INFO:colcon.colcon_core.shell:Creating package script '/home/moon/sim_ws/install/bubble_memory/share/bubble_memory/package.bash'
[1.448s] INFO:colcon.colcon_core.shell:Creating package script '/home/moon/sim_ws/install/bubble_memory/share/bubble_memory/package.zsh'
[1.448s] Level 1:colcon.colcon_core.environment:create_file_with_runtime_dependencies(/home/moon/sim_ws/install/bubble_memory/share/colcon-core/packages/bubble_memory)
[1.452s] Level 1:colcon.colcon_core.environment:checking '/home/moon/sim_ws/install/csv_obstacle' for CMake module files
[1.452s] DEBUG:colcon.colcon_core.event_handler.log_command:Invoked command in '/home/moon/sim_ws/src/csv_obstacle' returned '0': CONDA_PROMPT_MODIFIER=(f110) PYTHONPATH=/home/moon/sim_ws/build/csv_obstacle/prefix_override:/usr/lib/python3/dist-packages/colcon_core/task/python/colcon_distutils_commands:/home/moon/sim_ws/install/csv_obstacle/lib/python3.8/site-packages:${PYTHONPATH} /usr/bin/python3 -W ignore:setup.py install is deprecated -W ignore:easy_install command is deprecated setup.py egg_info --egg-base ../../build/csv_obstacle build --build-base /home/moon/sim_ws/build/csv_obstacle/build install --record /home/moon/sim_ws/build/csv_obstacle/install.log --single-version-externally-managed install_data
[1.452s] Level 1:colcon.colcon_core.environment:checking '/home/moon/sim_ws/install/csv_obstacle' for CMake config files
[1.453s] Level 1:colcon.colcon_core.environment:checking '/home/moon/sim_ws/install/csv_obstacle/lib'
[1.453s] Level 1:colcon.colcon_core.environment:checking '/home/moon/sim_ws/install/csv_obstacle/bin'
[1.453s] Level 1:colcon.colcon_core.environment:checking '/home/moon/sim_ws/install/csv_obstacle/lib/pkgconfig/csv_obstacle.pc'
[1.453s] Level 1:colcon.colcon_core.environment:checking '/home/moon/sim_ws/install/csv_obstacle/lib/python3.8/site-packages'
[1.453s] Level 1:colcon.colcon_core.shell:create_environment_hook('csv_obstacle', 'pythonpath')
[1.453s] INFO:colcon.colcon_core.shell:Creating environment hook '/home/moon/sim_ws/install/csv_obstacle/share/csv_obstacle/hook/pythonpath.ps1'
[1.453s] INFO:colcon.colcon_core.shell:Creating environment descriptor '/home/moon/sim_ws/install/csv_obstacle/share/csv_obstacle/hook/pythonpath.dsv'
[1.454s] INFO:colcon.colcon_core.shell:Creating environment hook '/home/moon/sim_ws/install/csv_obstacle/share/csv_obstacle/hook/pythonpath.sh'
[1.454s] Level 1:colcon.colcon_core.environment:checking '/home/moon/sim_ws/install/csv_obstacle/bin'
[1.454s] Level 1:colcon.colcon_core.environment:create_environment_scripts_only(csv_obstacle)
[1.454s] INFO:colcon.colcon_core.shell:Creating package script '/home/moon/sim_ws/install/csv_obstacle/share/csv_obstacle/package.ps1'
[1.454s] INFO:colcon.colcon_core.shell:Creating package descriptor '/home/moon/sim_ws/install/csv_obstacle/share/csv_obstacle/package.dsv'
[1.455s] INFO:colcon.colcon_core.shell:Creating package script '/home/moon/sim_ws/install/csv_obstacle/share/csv_obstacle/package.sh'
[1.455s] INFO:colcon.colcon_core.shell:Creating package script '/home/moon/sim_ws/install/csv_obstacle/share/csv_obstacle/package.bash'
[1.455s] INFO:colcon.colcon_core.shell:Creating package script '/home/moon/sim_ws/install/csv_obstacle/share/csv_obstacle/package.zsh'
[1.455s] Level 1:colcon.colcon_core.environment:create_file_with_runtime_dependencies(/home/moon/sim_ws/install/csv_obstacle/share/colcon-core/packages/csv_obstacle)
[1.457s] Level 1:colcon.colcon_core.environment:checking '/home/moon/sim_ws/install/bound_obstacle_detector' for CMake module files
[1.458s] DEBUG:colcon.colcon_core.event_handler.log_command:Invoked command in '/home/moon/sim_ws/src/bound_obstacle_detector' returned '0': CONDA_PROMPT_MODIFIER=(f110) PYTHONPATH=/home/moon/sim_ws/build/bound_obstacle_detector/prefix_override:/usr/lib/python3/dist-packages/colcon_core/task/python/colcon_distutils_commands:/home/moon/sim_ws/install/bound_obstacle_detector/lib/python3.8/site-packages:${PYTHONPATH} /usr/bin/python3 -W ignore:setup.py install is deprecated -W ignore:easy_install command is deprecated setup.py egg_info --egg-base ../../build/bound_obstacle_detector build --build-base /home/moon/sim_ws/build/bound_obstacle_detector/build install --record /home/moon/sim_ws/build/bound_obstacle_detector/install.log --single-version-externally-managed install_data
[1.458s] Level 1:colcon.colcon_core.environment:checking '/home/moon/sim_ws/install/bound_obstacle_detector' for CMake config files
[1.458s] Level 1:colcon.colcon_core.environment:checking '/home/moon/sim_ws/install/bound_obstacle_detector/lib'
[1.459s] Level 1:colcon.colcon_core.environment:checking '/home/moon/sim_ws/install/bound_obstacle_detector/bin'
[1.459s] Level 1:colcon.colcon_core.environment:checking '/home/moon/sim_ws/install/bound_obstacle_detector/lib/pkgconfig/bound_obstacle_detector.pc'
[1.459s] Level 1:colcon.colcon_core.environment:checking '/home/moon/sim_ws/install/bound_obstacle_detector/lib/python3.8/site-packages'
[1.459s] Level 1:colcon.colcon_core.shell:create_environment_hook('bound_obstacle_detector', 'pythonpath')
[1.460s] INFO:colcon.colcon_core.shell:Creating environment hook '/home/moon/sim_ws/install/bound_obstacle_detector/share/bound_obstacle_detector/hook/pythonpath.ps1'
[1.460s] INFO:colcon.colcon_core.shell:Creating environment descriptor '/home/moon/sim_ws/install/bound_obstacle_detector/share/bound_obstacle_detector/hook/pythonpath.dsv'
[1.461s] INFO:colcon.colcon_core.shell:Creating environment hook '/home/moon/sim_ws/install/bound_obstacle_detector/share/bound_obstacle_detector/hook/pythonpath.sh'
[1.461s] Level 1:colcon.colcon_core.environment:checking '/home/moon/sim_ws/install/bound_obstacle_detector/bin'
[1.462s] Level 1:colcon.colcon_core.environment:create_environment_scripts_only(bound_obstacle_detector)
[1.462s] INFO:colcon.colcon_core.shell:Creating package script '/home/moon/sim_ws/install/bound_obstacle_detector/share/bound_obstacle_detector/package.ps1'
[1.463s] INFO:colcon.colcon_core.shell:Creating package descriptor '/home/moon/sim_ws/install/bound_obstacle_detector/share/bound_obstacle_detector/package.dsv'
[1.463s] INFO:colcon.colcon_core.shell:Creating package script '/home/moon/sim_ws/install/bound_obstacle_detector/share/bound_obstacle_detector/package.sh'
[1.463s] INFO:colcon.colcon_core.shell:Creating package script '/home/moon/sim_ws/install/bound_obstacle_detector/share/bound_obstacle_detector/package.bash'
[1.464s] INFO:colcon.colcon_core.shell:Creating package script '/home/moon/sim_ws/install/bound_obstacle_detector/share/bound_obstacle_detector/package.zsh'
[1.464s] Level 1:colcon.colcon_core.environment:create_file_with_runtime_dependencies(/home/moon/sim_ws/install/bound_obstacle_detector/share/colcon-core/packages/bound_obstacle_detector)
[1.473s] Level 1:colcon.colcon_core.environment:checking '/home/moon/sim_ws/install/centerline_planner' for CMake module files
[1.473s] DEBUG:colcon.colcon_core.event_handler.log_command:Invoked command in '/home/moon/sim_ws/src/centerline_planner' returned '0': CONDA_PROMPT_MODIFIER=(f110) PYTHONPATH=/home/moon/sim_ws/build/centerline_planner/prefix_override:/usr/lib/python3/dist-packages/colcon_core/task/python/colcon_distutils_commands:/home/moon/sim_ws/install/centerline_planner/lib/python3.8/site-packages:${PYTHONPATH} /usr/bin/python3 -W ignore:setup.py install is deprecated -W ignore:easy_install command is deprecated setup.py egg_info --egg-base ../../build/centerline_planner build --build-base /home/moon/sim_ws/build/centerline_planner/build install --record /home/moon/sim_ws/build/centerline_planner/install.log --install-scripts $base/lib/centerline_planner --single-version-externally-managed install_data
[1.474s] Level 1:colcon.colcon_core.environment:checking '/home/moon/sim_ws/install/centerline_planner' for CMake config files
[1.474s] Level 1:colcon.colcon_core.environment:checking '/home/moon/sim_ws/install/centerline_planner/lib'
[1.474s] Level 1:colcon.colcon_core.environment:checking '/home/moon/sim_ws/install/centerline_planner/bin'
[1.474s] Level 1:colcon.colcon_core.environment:checking '/home/moon/sim_ws/install/centerline_planner/lib/pkgconfig/centerline_planner.pc'
[1.474s] Level 1:colcon.colcon_core.environment:checking '/home/moon/sim_ws/install/centerline_planner/lib/python3.8/site-packages'
[1.474s] Level 1:colcon.colcon_core.shell:create_environment_hook('centerline_planner', 'pythonpath')
[1.474s] INFO:colcon.colcon_core.shell:Creating environment hook '/home/moon/sim_ws/install/centerline_planner/share/centerline_planner/hook/pythonpath.ps1'
[1.475s] INFO:colcon.colcon_core.shell:Creating environment descriptor '/home/moon/sim_ws/install/centerline_planner/share/centerline_planner/hook/pythonpath.dsv'
[1.475s] INFO:colcon.colcon_core.shell:Creating environment hook '/home/moon/sim_ws/install/centerline_planner/share/centerline_planner/hook/pythonpath.sh'
[1.475s] Level 1:colcon.colcon_core.environment:checking '/home/moon/sim_ws/install/centerline_planner/bin'
[1.475s] Level 1:colcon.colcon_core.environment:create_environment_scripts_only(centerline_planner)
[1.475s] INFO:colcon.colcon_core.shell:Creating package script '/home/moon/sim_ws/install/centerline_planner/share/centerline_planner/package.ps1'
[1.476s] INFO:colcon.colcon_core.shell:Creating package descriptor '/home/moon/sim_ws/install/centerline_planner/share/centerline_planner/package.dsv'
[1.476s] INFO:colcon.colcon_core.shell:Creating package script '/home/moon/sim_ws/install/centerline_planner/share/centerline_planner/package.sh'
[1.476s] INFO:colcon.colcon_core.shell:Creating package script '/home/moon/sim_ws/install/centerline_planner/share/centerline_planner/package.bash'
[1.476s] INFO:colcon.colcon_core.shell:Creating package script '/home/moon/sim_ws/install/centerline_planner/share/centerline_planner/package.zsh'
[1.476s] Level 1:colcon.colcon_core.environment:create_file_with_runtime_dependencies(/home/moon/sim_ws/install/centerline_planner/share/colcon-core/packages/centerline_planner)
[1.485s] Level 1:colcon.colcon_core.environment:checking '/home/moon/sim_ws/install/f1tenth_gym_ros' for CMake module files
[1.486s] DEBUG:colcon.colcon_core.event_handler.log_command:Invoked command in '/home/moon/sim_ws/src/f1tenth_gym_ros' returned '0': CONDA_PROMPT_MODIFIER=(f110) PYTHONPATH=/home/moon/sim_ws/build/f1tenth_gym_ros/prefix_override:/usr/lib/python3/dist-packages/colcon_core/task/python/colcon_distutils_commands:/home/moon/sim_ws/install/f1tenth_gym_ros/lib/python3.8/site-packages:${PYTHONPATH} /usr/bin/python3 -W ignore:setup.py install is deprecated -W ignore:easy_install command is deprecated setup.py egg_info --egg-base ../../build/f1tenth_gym_ros build --build-base /home/moon/sim_ws/build/f1tenth_gym_ros/build install --record /home/moon/sim_ws/build/f1tenth_gym_ros/install.log --single-version-externally-managed install_data
[1.486s] Level 1:colcon.colcon_core.environment:checking '/home/moon/sim_ws/install/f1tenth_gym_ros' for CMake config files
[1.486s] Level 1:colcon.colcon_core.environment:checking '/home/moon/sim_ws/install/f1tenth_gym_ros/lib'
[1.486s] Level 1:colcon.colcon_core.environment:checking '/home/moon/sim_ws/install/f1tenth_gym_ros/bin'
[1.486s] Level 1:colcon.colcon_core.environment:checking '/home/moon/sim_ws/install/f1tenth_gym_ros/lib/pkgconfig/f1tenth_gym_ros.pc'
[1.486s] Level 1:colcon.colcon_core.environment:checking '/home/moon/sim_ws/install/f1tenth_gym_ros/lib/python3.8/site-packages'
[1.486s] Level 1:colcon.colcon_core.shell:create_environment_hook('f1tenth_gym_ros', 'pythonpath')
[1.487s] INFO:colcon.colcon_core.shell:Creating environment hook '/home/moon/sim_ws/install/f1tenth_gym_ros/share/f1tenth_gym_ros/hook/pythonpath.ps1'
[1.487s] INFO:colcon.colcon_core.shell:Creating environment descriptor '/home/moon/sim_ws/install/f1tenth_gym_ros/share/f1tenth_gym_ros/hook/pythonpath.dsv'
[1.487s] INFO:colcon.colcon_core.shell:Creating environment hook '/home/moon/sim_ws/install/f1tenth_gym_ros/share/f1tenth_gym_ros/hook/pythonpath.sh'
[1.487s] Level 1:colcon.colcon_core.environment:checking '/home/moon/sim_ws/install/f1tenth_gym_ros/bin'
[1.487s] Level 1:colcon.colcon_core.environment:create_environment_scripts_only(f1tenth_gym_ros)
[1.488s] INFO:colcon.colcon_core.shell:Creating package script '/home/moon/sim_ws/install/f1tenth_gym_ros/share/f1tenth_gym_ros/package.ps1'
[1.488s] INFO:colcon.colcon_core.shell:Creating package descriptor '/home/moon/sim_ws/install/f1tenth_gym_ros/share/f1tenth_gym_ros/package.dsv'
[1.488s] INFO:colcon.colcon_core.shell:Creating package script '/home/moon/sim_ws/install/f1tenth_gym_ros/share/f1tenth_gym_ros/package.sh'
[1.488s] INFO:colcon.colcon_core.shell:Creating package script '/home/moon/sim_ws/install/f1tenth_gym_ros/share/f1tenth_gym_ros/package.bash'
[1.488s] INFO:colcon.colcon_core.shell:Creating package script '/home/moon/sim_ws/install/f1tenth_gym_ros/share/f1tenth_gym_ros/package.zsh'
[1.489s] Level 1:colcon.colcon_core.environment:create_file_with_runtime_dependencies(/home/moon/sim_ws/install/f1tenth_gym_ros/share/colcon-core/packages/f1tenth_gym_ros)
[1.489s] DEBUG:colcon.colcon_parallel_executor.executor.parallel:closing loop
[1.489s] DEBUG:colcon.colcon_parallel_executor.executor.parallel:loop closed
[1.489s] DEBUG:colcon.colcon_parallel_executor.executor.parallel:run_until_complete finished with '0'
[1.489s] DEBUG:colcon.colcon_core.event_reactor:joining thread
[1.493s] INFO:colcon.colcon_core.plugin_system:Skipping extension 'colcon_notification.desktop_notification.terminal_notifier': Not used on non-Darwin systems
[1.493s] INFO:colcon.colcon_core.plugin_system:Skipping extension 'colcon_notification.desktop_notification.win32': Not used on non-Windows systems
[1.493s] INFO:colcon.colcon_notification.desktop_notification:Sending desktop notification using 'notify2'
[1.501s] DEBUG:colcon.colcon_core.event_reactor:joined thread
[1.501s] INFO:colcon.colcon_core.shell:Creating prefix script '/home/moon/sim_ws/install/local_setup.ps1'
[1.502s] INFO:colcon.colcon_core.shell:Creating prefix util module '/home/moon/sim_ws/install/_local_setup_util_ps1.py'
[1.503s] INFO:colcon.colcon_core.shell:Creating prefix chain script '/home/moon/sim_ws/install/setup.ps1'
[1.503s] INFO:colcon.colcon_core.shell:Creating prefix script '/home/moon/sim_ws/install/local_setup.sh'
[1.504s] INFO:colcon.colcon_core.shell:Creating prefix util module '/home/moon/sim_ws/install/_local_setup_util_sh.py'
[1.504s] INFO:colcon.colcon_core.shell:Creating prefix chain script '/home/moon/sim_ws/install/setup.sh'
[1.505s] INFO:colcon.colcon_core.shell:Creating prefix script '/home/moon/sim_ws/install/local_setup.bash'
[1.505s] INFO:colcon.colcon_core.shell:Creating prefix chain script '/home/moon/sim_ws/install/setup.bash'
[1.505s] INFO:colcon.colcon_core.shell:Creating prefix script '/home/moon/sim_ws/install/local_setup.zsh'
[1.506s] INFO:colcon.colcon_core.shell:Creating prefix chain script '/home/moon/sim_ws/install/setup.zsh'
