[1.512s] DEBUG:colcon:Command line arguments: ['/usr/bin/colcon', 'build', '--symlink-install', '--cmake-args', '-DCMAKE_BUILD_TYPE=Release']
[1.513s] DEBUG:colcon:Parsed command line arguments: Namespace(allow_overriding=[], ament_cmake_args=None, base_paths=['.'], build_base='build', catkin_cmake_args=None, catkin_skip_building_tests=False, cmake_args=['-DCMAKE_BUILD_TYPE=Release'], cmake_clean_cache=False, cmake_clean_first=False, cmake_force_configure=False, cmake_target=None, cmake_target_skip_unavailable=False, continue_on_error=False, event_handlers=None, executor='parallel', ignore_user_meta=False, install_base='install', log_base=None, log_level=None, main=<bound method BuildVerb.main of <colcon_core.verb.build.BuildVerb object at 0xffff8344bcd0>>, merge_install=False, metas=['./colcon.meta'], mixin=None, mixin_files=None, mixin_verb=('build',), packages_above=None, packages_above_and_dependencies=None, packages_above_depth=None, packages_end=None, packages_ignore=None, packages_ignore_regex=None, packages_select=None, packages_select_build_failed=False, packages_select_by_dep=None, packages_select_regex=None, packages_select_test_failures=False, packages_skip=None, packages_skip_build_finished=False, packages_skip_by_dep=None, packages_skip_regex=None, packages_skip_test_passed=False, packages_skip_up_to=None, packages_start=None, packages_up_to=None, packages_up_to_regex=None, parallel_workers=6, paths=None, symlink_install=True, test_result_base=None, verb_extension=<colcon_core.verb.build.BuildVerb object at 0xffff8344bcd0>, verb_name='build', verb_parser=<colcon_mixin.mixin.mixin_argument.MixinArgumentDecorator object at 0xffff83310730>)
[2.560s] Level 1:colcon.colcon_core.package_discovery:discover_packages(colcon_meta) check parameters
[2.561s] Level 1:colcon.colcon_core.package_discovery:discover_packages(recursive) check parameters
[2.561s] Level 1:colcon.colcon_core.package_discovery:discover_packages(ignore) check parameters
[2.561s] Level 1:colcon.colcon_core.package_discovery:discover_packages(path) check parameters
[2.561s] Level 1:colcon.colcon_core.package_discovery:discover_packages(colcon_meta) discover
[2.562s] Level 1:colcon.colcon_core.package_discovery:discover_packages(recursive) discover
[2.562s] INFO:colcon.colcon_core.package_discovery:Crawling recursively for packages in '/home/f1/f1tenth_ws'
[2.563s] Level 1:colcon.colcon_core.package_identification:_identify(.) by extensions ['ignore', 'ignore_ament_install']
[2.564s] Level 1:colcon.colcon_core.package_identification:_identify(.) by extension 'ignore'
[2.564s] Level 1:colcon.colcon_core.package_identification:_identify(.) by extension 'ignore_ament_install'
[2.565s] Level 1:colcon.colcon_core.package_identification:_identify(.) by extensions ['colcon_pkg']
[2.565s] Level 1:colcon.colcon_core.package_identification:_identify(.) by extension 'colcon_pkg'
[2.565s] Level 1:colcon.colcon_core.package_identification:_identify(.) by extensions ['colcon_meta']
[2.565s] Level 1:colcon.colcon_core.package_identification:_identify(.) by extension 'colcon_meta'
[2.566s] Level 1:colcon.colcon_core.package_identification:_identify(.) by extensions ['ros']
[2.566s] Level 1:colcon.colcon_core.package_identification:_identify(.) by extension 'ros'
[2.630s] Level 1:colcon.colcon_core.package_identification:_identify(.) by extensions ['cmake', 'python']
[2.631s] Level 1:colcon.colcon_core.package_identification:_identify(.) by extension 'cmake'
[2.631s] Level 1:colcon.colcon_core.package_identification:_identify(.) by extension 'python'
[2.632s] Level 1:colcon.colcon_core.package_identification:_identify(.) by extensions ['python_setup_py']
[2.632s] Level 1:colcon.colcon_core.package_identification:_identify(.) by extension 'python_setup_py'
[2.633s] Level 1:colcon.colcon_core.package_identification:_identify(build) by extensions ['ignore', 'ignore_ament_install']
[2.633s] Level 1:colcon.colcon_core.package_identification:_identify(build) by extension 'ignore'
[2.633s] Level 1:colcon.colcon_core.package_identification:_identify(build) ignored
[2.634s] Level 1:colcon.colcon_core.package_identification:_identify(config) by extensions ['ignore', 'ignore_ament_install']
[2.635s] Level 1:colcon.colcon_core.package_identification:_identify(config) by extension 'ignore'
[2.635s] Level 1:colcon.colcon_core.package_identification:_identify(config) by extension 'ignore_ament_install'
[2.635s] Level 1:colcon.colcon_core.package_identification:_identify(config) by extensions ['colcon_pkg']
[2.636s] Level 1:colcon.colcon_core.package_identification:_identify(config) by extension 'colcon_pkg'
[2.636s] Level 1:colcon.colcon_core.package_identification:_identify(config) by extensions ['colcon_meta']
[2.636s] Level 1:colcon.colcon_core.package_identification:_identify(config) by extension 'colcon_meta'
[2.636s] Level 1:colcon.colcon_core.package_identification:_identify(config) by extensions ['ros']
[2.636s] Level 1:colcon.colcon_core.package_identification:_identify(config) by extension 'ros'
[2.637s] Level 1:colcon.colcon_core.package_identification:_identify(config) by extensions ['cmake', 'python']
[2.637s] Level 1:colcon.colcon_core.package_identification:_identify(config) by extension 'cmake'
[2.638s] Level 1:colcon.colcon_core.package_identification:_identify(config) by extension 'python'
[2.638s] Level 1:colcon.colcon_core.package_identification:_identify(config) by extensions ['python_setup_py']
[2.638s] Level 1:colcon.colcon_core.package_identification:_identify(config) by extension 'python_setup_py'
[2.639s] Level 1:colcon.colcon_core.package_identification:_identify(install) by extensions ['ignore', 'ignore_ament_install']
[2.639s] Level 1:colcon.colcon_core.package_identification:_identify(install) by extension 'ignore'
[2.640s] Level 1:colcon.colcon_core.package_identification:_identify(install) ignored
[2.640s] Level 1:colcon.colcon_core.package_identification:_identify(launch) by extensions ['ignore', 'ignore_ament_install']
[2.641s] Level 1:colcon.colcon_core.package_identification:_identify(launch) by extension 'ignore'
[2.641s] Level 1:colcon.colcon_core.package_identification:_identify(launch) by extension 'ignore_ament_install'
[2.641s] Level 1:colcon.colcon_core.package_identification:_identify(launch) by extensions ['colcon_pkg']
[2.641s] Level 1:colcon.colcon_core.package_identification:_identify(launch) by extension 'colcon_pkg'
[2.642s] Level 1:colcon.colcon_core.package_identification:_identify(launch) by extensions ['colcon_meta']
[2.642s] Level 1:colcon.colcon_core.package_identification:_identify(launch) by extension 'colcon_meta'
[2.642s] Level 1:colcon.colcon_core.package_identification:_identify(launch) by extensions ['ros']
[2.642s] Level 1:colcon.colcon_core.package_identification:_identify(launch) by extension 'ros'
[2.643s] Level 1:colcon.colcon_core.package_identification:_identify(launch) by extensions ['cmake', 'python']
[2.643s] Level 1:colcon.colcon_core.package_identification:_identify(launch) by extension 'cmake'
[2.644s] Level 1:colcon.colcon_core.package_identification:_identify(launch) by extension 'python'
[2.644s] Level 1:colcon.colcon_core.package_identification:_identify(launch) by extensions ['python_setup_py']
[2.644s] Level 1:colcon.colcon_core.package_identification:_identify(launch) by extension 'python_setup_py'
[2.645s] Level 1:colcon.colcon_core.package_identification:_identify(launch/__pycache__) by extensions ['ignore', 'ignore_ament_install']
[2.645s] Level 1:colcon.colcon_core.package_identification:_identify(launch/__pycache__) by extension 'ignore'
[2.645s] Level 1:colcon.colcon_core.package_identification:_identify(launch/__pycache__) by extension 'ignore_ament_install'
[2.646s] Level 1:colcon.colcon_core.package_identification:_identify(launch/__pycache__) by extensions ['colcon_pkg']
[2.646s] Level 1:colcon.colcon_core.package_identification:_identify(launch/__pycache__) by extension 'colcon_pkg'
[2.646s] Level 1:colcon.colcon_core.package_identification:_identify(launch/__pycache__) by extensions ['colcon_meta']
[2.646s] Level 1:colcon.colcon_core.package_identification:_identify(launch/__pycache__) by extension 'colcon_meta'
[2.647s] Level 1:colcon.colcon_core.package_identification:_identify(launch/__pycache__) by extensions ['ros']
[2.647s] Level 1:colcon.colcon_core.package_identification:_identify(launch/__pycache__) by extension 'ros'
[2.647s] Level 1:colcon.colcon_core.package_identification:_identify(launch/__pycache__) by extensions ['cmake', 'python']
[2.648s] Level 1:colcon.colcon_core.package_identification:_identify(launch/__pycache__) by extension 'cmake'
[2.648s] Level 1:colcon.colcon_core.package_identification:_identify(launch/__pycache__) by extension 'python'
[2.648s] Level 1:colcon.colcon_core.package_identification:_identify(launch/__pycache__) by extensions ['python_setup_py']
[2.648s] Level 1:colcon.colcon_core.package_identification:_identify(launch/__pycache__) by extension 'python_setup_py'
[2.650s] Level 1:colcon.colcon_core.package_identification:_identify(log) by extensions ['ignore', 'ignore_ament_install']
[2.650s] Level 1:colcon.colcon_core.package_identification:_identify(log) by extension 'ignore'
[2.650s] Level 1:colcon.colcon_core.package_identification:_identify(log) ignored
[2.651s] Level 1:colcon.colcon_core.package_identification:_identify(maps_racelines_) by extensions ['ignore', 'ignore_ament_install']
[2.651s] Level 1:colcon.colcon_core.package_identification:_identify(maps_racelines_) by extension 'ignore'
[2.652s] Level 1:colcon.colcon_core.package_identification:_identify(maps_racelines_) by extension 'ignore_ament_install'
[2.652s] Level 1:colcon.colcon_core.package_identification:_identify(maps_racelines_) by extensions ['colcon_pkg']
[2.652s] Level 1:colcon.colcon_core.package_identification:_identify(maps_racelines_) by extension 'colcon_pkg'
[2.652s] Level 1:colcon.colcon_core.package_identification:_identify(maps_racelines_) by extensions ['colcon_meta']
[2.653s] Level 1:colcon.colcon_core.package_identification:_identify(maps_racelines_) by extension 'colcon_meta'
[2.653s] Level 1:colcon.colcon_core.package_identification:_identify(maps_racelines_) by extensions ['ros']
[2.653s] Level 1:colcon.colcon_core.package_identification:_identify(maps_racelines_) by extension 'ros'
[2.654s] Level 1:colcon.colcon_core.package_identification:_identify(maps_racelines_) by extensions ['cmake', 'python']
[2.654s] Level 1:colcon.colcon_core.package_identification:_identify(maps_racelines_) by extension 'cmake'
[2.654s] Level 1:colcon.colcon_core.package_identification:_identify(maps_racelines_) by extension 'python'
[2.654s] Level 1:colcon.colcon_core.package_identification:_identify(maps_racelines_) by extensions ['python_setup_py']
[2.655s] Level 1:colcon.colcon_core.package_identification:_identify(maps_racelines_) by extension 'python_setup_py'
[2.655s] Level 1:colcon.colcon_core.package_identification:_identify(maps_racelines_/maps) by extensions ['ignore', 'ignore_ament_install']
[2.656s] Level 1:colcon.colcon_core.package_identification:_identify(maps_racelines_/maps) by extension 'ignore'
[2.656s] Level 1:colcon.colcon_core.package_identification:_identify(maps_racelines_/maps) by extension 'ignore_ament_install'
[2.656s] Level 1:colcon.colcon_core.package_identification:_identify(maps_racelines_/maps) by extensions ['colcon_pkg']
[2.656s] Level 1:colcon.colcon_core.package_identification:_identify(maps_racelines_/maps) by extension 'colcon_pkg'
[2.657s] Level 1:colcon.colcon_core.package_identification:_identify(maps_racelines_/maps) by extensions ['colcon_meta']
[2.657s] Level 1:colcon.colcon_core.package_identification:_identify(maps_racelines_/maps) by extension 'colcon_meta'
[2.657s] Level 1:colcon.colcon_core.package_identification:_identify(maps_racelines_/maps) by extensions ['ros']
[2.657s] Level 1:colcon.colcon_core.package_identification:_identify(maps_racelines_/maps) by extension 'ros'
[2.658s] Level 1:colcon.colcon_core.package_identification:_identify(maps_racelines_/maps) by extensions ['cmake', 'python']
[2.658s] Level 1:colcon.colcon_core.package_identification:_identify(maps_racelines_/maps) by extension 'cmake'
[2.658s] Level 1:colcon.colcon_core.package_identification:_identify(maps_racelines_/maps) by extension 'python'
[2.659s] Level 1:colcon.colcon_core.package_identification:_identify(maps_racelines_/maps) by extensions ['python_setup_py']
[2.659s] Level 1:colcon.colcon_core.package_identification:_identify(maps_racelines_/maps) by extension 'python_setup_py'
[2.660s] Level 1:colcon.colcon_core.package_identification:_identify(maps_racelines_/raceline) by extensions ['ignore', 'ignore_ament_install']
[2.660s] Level 1:colcon.colcon_core.package_identification:_identify(maps_racelines_/raceline) by extension 'ignore'
[2.660s] Level 1:colcon.colcon_core.package_identification:_identify(maps_racelines_/raceline) by extension 'ignore_ament_install'
[2.661s] Level 1:colcon.colcon_core.package_identification:_identify(maps_racelines_/raceline) by extensions ['colcon_pkg']
[2.661s] Level 1:colcon.colcon_core.package_identification:_identify(maps_racelines_/raceline) by extension 'colcon_pkg'
[2.661s] Level 1:colcon.colcon_core.package_identification:_identify(maps_racelines_/raceline) by extensions ['colcon_meta']
[2.661s] Level 1:colcon.colcon_core.package_identification:_identify(maps_racelines_/raceline) by extension 'colcon_meta'
[2.662s] Level 1:colcon.colcon_core.package_identification:_identify(maps_racelines_/raceline) by extensions ['ros']
[2.662s] Level 1:colcon.colcon_core.package_identification:_identify(maps_racelines_/raceline) by extension 'ros'
[2.662s] Level 1:colcon.colcon_core.package_identification:_identify(maps_racelines_/raceline) by extensions ['cmake', 'python']
[2.663s] Level 1:colcon.colcon_core.package_identification:_identify(maps_racelines_/raceline) by extension 'cmake'
[2.663s] Level 1:colcon.colcon_core.package_identification:_identify(maps_racelines_/raceline) by extension 'python'
[2.663s] Level 1:colcon.colcon_core.package_identification:_identify(maps_racelines_/raceline) by extensions ['python_setup_py']
[2.663s] Level 1:colcon.colcon_core.package_identification:_identify(maps_racelines_/raceline) by extension 'python_setup_py'
[2.664s] Level 1:colcon.colcon_core.package_identification:_identify(maps_racelines_/src) by extensions ['ignore', 'ignore_ament_install']
[2.664s] Level 1:colcon.colcon_core.package_identification:_identify(maps_racelines_/src) by extension 'ignore'
[2.665s] Level 1:colcon.colcon_core.package_identification:_identify(maps_racelines_/src) by extension 'ignore_ament_install'
[2.665s] Level 1:colcon.colcon_core.package_identification:_identify(maps_racelines_/src) by extensions ['colcon_pkg']
[2.665s] Level 1:colcon.colcon_core.package_identification:_identify(maps_racelines_/src) by extension 'colcon_pkg'
[2.665s] Level 1:colcon.colcon_core.package_identification:_identify(maps_racelines_/src) by extensions ['colcon_meta']
[2.666s] Level 1:colcon.colcon_core.package_identification:_identify(maps_racelines_/src) by extension 'colcon_meta'
[2.666s] Level 1:colcon.colcon_core.package_identification:_identify(maps_racelines_/src) by extensions ['ros']
[2.666s] Level 1:colcon.colcon_core.package_identification:_identify(maps_racelines_/src) by extension 'ros'
[2.667s] Level 1:colcon.colcon_core.package_identification:_identify(maps_racelines_/src) by extensions ['cmake', 'python']
[2.667s] Level 1:colcon.colcon_core.package_identification:_identify(maps_racelines_/src) by extension 'cmake'
[2.667s] Level 1:colcon.colcon_core.package_identification:_identify(maps_racelines_/src) by extension 'python'
[2.667s] Level 1:colcon.colcon_core.package_identification:_identify(maps_racelines_/src) by extensions ['python_setup_py']
[2.668s] Level 1:colcon.colcon_core.package_identification:_identify(maps_racelines_/src) by extension 'python_setup_py'
[2.668s] Level 1:colcon.colcon_core.package_identification:_identify(maps_racelines_/src/__pycache__) by extensions ['ignore', 'ignore_ament_install']
[2.669s] Level 1:colcon.colcon_core.package_identification:_identify(maps_racelines_/src/__pycache__) by extension 'ignore'
[2.669s] Level 1:colcon.colcon_core.package_identification:_identify(maps_racelines_/src/__pycache__) by extension 'ignore_ament_install'
[2.669s] Level 1:colcon.colcon_core.package_identification:_identify(maps_racelines_/src/__pycache__) by extensions ['colcon_pkg']
[2.670s] Level 1:colcon.colcon_core.package_identification:_identify(maps_racelines_/src/__pycache__) by extension 'colcon_pkg'
[2.670s] Level 1:colcon.colcon_core.package_identification:_identify(maps_racelines_/src/__pycache__) by extensions ['colcon_meta']
[2.670s] Level 1:colcon.colcon_core.package_identification:_identify(maps_racelines_/src/__pycache__) by extension 'colcon_meta'
[2.670s] Level 1:colcon.colcon_core.package_identification:_identify(maps_racelines_/src/__pycache__) by extensions ['ros']
[2.671s] Level 1:colcon.colcon_core.package_identification:_identify(maps_racelines_/src/__pycache__) by extension 'ros'
[2.671s] Level 1:colcon.colcon_core.package_identification:_identify(maps_racelines_/src/__pycache__) by extensions ['cmake', 'python']
[2.671s] Level 1:colcon.colcon_core.package_identification:_identify(maps_racelines_/src/__pycache__) by extension 'cmake'
[2.672s] Level 1:colcon.colcon_core.package_identification:_identify(maps_racelines_/src/__pycache__) by extension 'python'
[2.672s] Level 1:colcon.colcon_core.package_identification:_identify(maps_racelines_/src/__pycache__) by extensions ['python_setup_py']
[2.672s] Level 1:colcon.colcon_core.package_identification:_identify(maps_racelines_/src/__pycache__) by extension 'python_setup_py'
[2.673s] Level 1:colcon.colcon_core.package_identification:_identify(maps_racelines_/src/outputs) by extensions ['ignore', 'ignore_ament_install']
[2.673s] Level 1:colcon.colcon_core.package_identification:_identify(maps_racelines_/src/outputs) by extension 'ignore'
[2.673s] Level 1:colcon.colcon_core.package_identification:_identify(maps_racelines_/src/outputs) by extension 'ignore_ament_install'
[2.674s] Level 1:colcon.colcon_core.package_identification:_identify(maps_racelines_/src/outputs) by extensions ['colcon_pkg']
[2.674s] Level 1:colcon.colcon_core.package_identification:_identify(maps_racelines_/src/outputs) by extension 'colcon_pkg'
[2.674s] Level 1:colcon.colcon_core.package_identification:_identify(maps_racelines_/src/outputs) by extensions ['colcon_meta']
[2.674s] Level 1:colcon.colcon_core.package_identification:_identify(maps_racelines_/src/outputs) by extension 'colcon_meta'
[2.675s] Level 1:colcon.colcon_core.package_identification:_identify(maps_racelines_/src/outputs) by extensions ['ros']
[2.675s] Level 1:colcon.colcon_core.package_identification:_identify(maps_racelines_/src/outputs) by extension 'ros'
[2.675s] Level 1:colcon.colcon_core.package_identification:_identify(maps_racelines_/src/outputs) by extensions ['cmake', 'python']
[2.676s] Level 1:colcon.colcon_core.package_identification:_identify(maps_racelines_/src/outputs) by extension 'cmake'
[2.676s] Level 1:colcon.colcon_core.package_identification:_identify(maps_racelines_/src/outputs) by extension 'python'
[2.676s] Level 1:colcon.colcon_core.package_identification:_identify(maps_racelines_/src/outputs) by extensions ['python_setup_py']
[2.676s] Level 1:colcon.colcon_core.package_identification:_identify(maps_racelines_/src/outputs) by extension 'python_setup_py'
[2.677s] Level 1:colcon.colcon_core.package_identification:_identify(maps_racelines_/src/outputs/gap_map_path) by extensions ['ignore', 'ignore_ament_install']
[2.677s] Level 1:colcon.colcon_core.package_identification:_identify(maps_racelines_/src/outputs/gap_map_path) by extension 'ignore'
[2.678s] Level 1:colcon.colcon_core.package_identification:_identify(maps_racelines_/src/outputs/gap_map_path) by extension 'ignore_ament_install'
[2.678s] Level 1:colcon.colcon_core.package_identification:_identify(maps_racelines_/src/outputs/gap_map_path) by extensions ['colcon_pkg']
[2.678s] Level 1:colcon.colcon_core.package_identification:_identify(maps_racelines_/src/outputs/gap_map_path) by extension 'colcon_pkg'
[2.678s] Level 1:colcon.colcon_core.package_identification:_identify(maps_racelines_/src/outputs/gap_map_path) by extensions ['colcon_meta']
[2.679s] Level 1:colcon.colcon_core.package_identification:_identify(maps_racelines_/src/outputs/gap_map_path) by extension 'colcon_meta'
[2.679s] Level 1:colcon.colcon_core.package_identification:_identify(maps_racelines_/src/outputs/gap_map_path) by extensions ['ros']
[2.679s] Level 1:colcon.colcon_core.package_identification:_identify(maps_racelines_/src/outputs/gap_map_path) by extension 'ros'
[2.680s] Level 1:colcon.colcon_core.package_identification:_identify(maps_racelines_/src/outputs/gap_map_path) by extensions ['cmake', 'python']
[2.680s] Level 1:colcon.colcon_core.package_identification:_identify(maps_racelines_/src/outputs/gap_map_path) by extension 'cmake'
[2.680s] Level 1:colcon.colcon_core.package_identification:_identify(maps_racelines_/src/outputs/gap_map_path) by extension 'python'
[2.680s] Level 1:colcon.colcon_core.package_identification:_identify(maps_racelines_/src/outputs/gap_map_path) by extensions ['python_setup_py']
[2.681s] Level 1:colcon.colcon_core.package_identification:_identify(maps_racelines_/src/outputs/gap_map_path) by extension 'python_setup_py'
[2.681s] Level 1:colcon.colcon_core.package_identification:_identify(maps_racelines_/src/params) by extensions ['ignore', 'ignore_ament_install']
[2.682s] Level 1:colcon.colcon_core.package_identification:_identify(maps_racelines_/src/params) by extension 'ignore'
[2.682s] Level 1:colcon.colcon_core.package_identification:_identify(maps_racelines_/src/params) by extension 'ignore_ament_install'
[2.682s] Level 1:colcon.colcon_core.package_identification:_identify(maps_racelines_/src/params) by extensions ['colcon_pkg']
[2.683s] Level 1:colcon.colcon_core.package_identification:_identify(maps_racelines_/src/params) by extension 'colcon_pkg'
[2.683s] Level 1:colcon.colcon_core.package_identification:_identify(maps_racelines_/src/params) by extensions ['colcon_meta']
[2.683s] Level 1:colcon.colcon_core.package_identification:_identify(maps_racelines_/src/params) by extension 'colcon_meta'
[2.683s] Level 1:colcon.colcon_core.package_identification:_identify(maps_racelines_/src/params) by extensions ['ros']
[2.684s] Level 1:colcon.colcon_core.package_identification:_identify(maps_racelines_/src/params) by extension 'ros'
[2.684s] Level 1:colcon.colcon_core.package_identification:_identify(maps_racelines_/src/params) by extensions ['cmake', 'python']
[2.684s] Level 1:colcon.colcon_core.package_identification:_identify(maps_racelines_/src/params) by extension 'cmake'
[2.684s] Level 1:colcon.colcon_core.package_identification:_identify(maps_racelines_/src/params) by extension 'python'
[2.685s] Level 1:colcon.colcon_core.package_identification:_identify(maps_racelines_/src/params) by extensions ['python_setup_py']
[2.685s] Level 1:colcon.colcon_core.package_identification:_identify(maps_racelines_/src/params) by extension 'python_setup_py'
[2.685s] Level 1:colcon.colcon_core.package_identification:_identify(maps_racelines_/src/temp) by extensions ['ignore', 'ignore_ament_install']
[2.686s] Level 1:colcon.colcon_core.package_identification:_identify(maps_racelines_/src/temp) by extension 'ignore'
[2.686s] Level 1:colcon.colcon_core.package_identification:_identify(maps_racelines_/src/temp) by extension 'ignore_ament_install'
[2.687s] Level 1:colcon.colcon_core.package_identification:_identify(maps_racelines_/src/temp) by extensions ['colcon_pkg']
[2.687s] Level 1:colcon.colcon_core.package_identification:_identify(maps_racelines_/src/temp) by extension 'colcon_pkg'
[2.687s] Level 1:colcon.colcon_core.package_identification:_identify(maps_racelines_/src/temp) by extensions ['colcon_meta']
[2.687s] Level 1:colcon.colcon_core.package_identification:_identify(maps_racelines_/src/temp) by extension 'colcon_meta'
[2.688s] Level 1:colcon.colcon_core.package_identification:_identify(maps_racelines_/src/temp) by extensions ['ros']
[2.688s] Level 1:colcon.colcon_core.package_identification:_identify(maps_racelines_/src/temp) by extension 'ros'
[2.688s] Level 1:colcon.colcon_core.package_identification:_identify(maps_racelines_/src/temp) by extensions ['cmake', 'python']
[2.688s] Level 1:colcon.colcon_core.package_identification:_identify(maps_racelines_/src/temp) by extension 'cmake'
[2.689s] Level 1:colcon.colcon_core.package_identification:_identify(maps_racelines_/src/temp) by extension 'python'
[2.689s] Level 1:colcon.colcon_core.package_identification:_identify(maps_racelines_/src/temp) by extensions ['python_setup_py']
[2.689s] Level 1:colcon.colcon_core.package_identification:_identify(maps_racelines_/src/temp) by extension 'python_setup_py'
[2.690s] Level 1:colcon.colcon_core.package_identification:_identify(rosbag) by extensions ['ignore', 'ignore_ament_install']
[2.690s] Level 1:colcon.colcon_core.package_identification:_identify(rosbag) by extension 'ignore'
[2.690s] Level 1:colcon.colcon_core.package_identification:_identify(rosbag) by extension 'ignore_ament_install'
[2.691s] Level 1:colcon.colcon_core.package_identification:_identify(rosbag) by extensions ['colcon_pkg']
[2.691s] Level 1:colcon.colcon_core.package_identification:_identify(rosbag) by extension 'colcon_pkg'
[2.691s] Level 1:colcon.colcon_core.package_identification:_identify(rosbag) by extensions ['colcon_meta']
[2.691s] Level 1:colcon.colcon_core.package_identification:_identify(rosbag) by extension 'colcon_meta'
[2.692s] Level 1:colcon.colcon_core.package_identification:_identify(rosbag) by extensions ['ros']
[2.692s] Level 1:colcon.colcon_core.package_identification:_identify(rosbag) by extension 'ros'
[2.692s] Level 1:colcon.colcon_core.package_identification:_identify(rosbag) by extensions ['cmake', 'python']
[2.693s] Level 1:colcon.colcon_core.package_identification:_identify(rosbag) by extension 'cmake'
[2.693s] Level 1:colcon.colcon_core.package_identification:_identify(rosbag) by extension 'python'
[2.693s] Level 1:colcon.colcon_core.package_identification:_identify(rosbag) by extensions ['python_setup_py']
[2.693s] Level 1:colcon.colcon_core.package_identification:_identify(rosbag) by extension 'python_setup_py'
[2.694s] Level 1:colcon.colcon_core.package_identification:_identify(rosbag/rosbag2_2025_09_18-18_36_26) by extensions ['ignore', 'ignore_ament_install']
[2.694s] Level 1:colcon.colcon_core.package_identification:_identify(rosbag/rosbag2_2025_09_18-18_36_26) by extension 'ignore'
[2.695s] Level 1:colcon.colcon_core.package_identification:_identify(rosbag/rosbag2_2025_09_18-18_36_26) by extension 'ignore_ament_install'
[2.695s] Level 1:colcon.colcon_core.package_identification:_identify(rosbag/rosbag2_2025_09_18-18_36_26) by extensions ['colcon_pkg']
[2.695s] Level 1:colcon.colcon_core.package_identification:_identify(rosbag/rosbag2_2025_09_18-18_36_26) by extension 'colcon_pkg'
[2.695s] Level 1:colcon.colcon_core.package_identification:_identify(rosbag/rosbag2_2025_09_18-18_36_26) by extensions ['colcon_meta']
[2.696s] Level 1:colcon.colcon_core.package_identification:_identify(rosbag/rosbag2_2025_09_18-18_36_26) by extension 'colcon_meta'
[2.696s] Level 1:colcon.colcon_core.package_identification:_identify(rosbag/rosbag2_2025_09_18-18_36_26) by extensions ['ros']
[2.696s] Level 1:colcon.colcon_core.package_identification:_identify(rosbag/rosbag2_2025_09_18-18_36_26) by extension 'ros'
[2.697s] Level 1:colcon.colcon_core.package_identification:_identify(rosbag/rosbag2_2025_09_18-18_36_26) by extensions ['cmake', 'python']
[2.697s] Level 1:colcon.colcon_core.package_identification:_identify(rosbag/rosbag2_2025_09_18-18_36_26) by extension 'cmake'
[2.697s] Level 1:colcon.colcon_core.package_identification:_identify(rosbag/rosbag2_2025_09_18-18_36_26) by extension 'python'
[2.697s] Level 1:colcon.colcon_core.package_identification:_identify(rosbag/rosbag2_2025_09_18-18_36_26) by extensions ['python_setup_py']
[2.698s] Level 1:colcon.colcon_core.package_identification:_identify(rosbag/rosbag2_2025_09_18-18_36_26) by extension 'python_setup_py'
[2.698s] Level 1:colcon.colcon_core.package_identification:_identify(src) by extensions ['ignore', 'ignore_ament_install']
[2.699s] Level 1:colcon.colcon_core.package_identification:_identify(src) by extension 'ignore'
[2.699s] Level 1:colcon.colcon_core.package_identification:_identify(src) by extension 'ignore_ament_install'
[2.699s] Level 1:colcon.colcon_core.package_identification:_identify(src) by extensions ['colcon_pkg']
[2.699s] Level 1:colcon.colcon_core.package_identification:_identify(src) by extension 'colcon_pkg'
[2.700s] Level 1:colcon.colcon_core.package_identification:_identify(src) by extensions ['colcon_meta']
[2.700s] Level 1:colcon.colcon_core.package_identification:_identify(src) by extension 'colcon_meta'
[2.700s] Level 1:colcon.colcon_core.package_identification:_identify(src) by extensions ['ros']
[2.700s] Level 1:colcon.colcon_core.package_identification:_identify(src) by extension 'ros'
[2.701s] Level 1:colcon.colcon_core.package_identification:_identify(src) by extensions ['cmake', 'python']
[2.701s] Level 1:colcon.colcon_core.package_identification:_identify(src) by extension 'cmake'
[2.701s] Level 1:colcon.colcon_core.package_identification:_identify(src) by extension 'python'
[2.702s] Level 1:colcon.colcon_core.package_identification:_identify(src) by extensions ['python_setup_py']
[2.702s] Level 1:colcon.colcon_core.package_identification:_identify(src) by extension 'python_setup_py'
[2.702s] Level 1:colcon.colcon_core.package_identification:_identify(src/build) by extensions ['ignore', 'ignore_ament_install']
[2.703s] Level 1:colcon.colcon_core.package_identification:_identify(src/build) by extension 'ignore'
[2.703s] Level 1:colcon.colcon_core.package_identification:_identify(src/build) ignored
[2.704s] Level 1:colcon.colcon_core.package_identification:_identify(src/center_follow_cpp) by extensions ['ignore', 'ignore_ament_install']
[2.704s] Level 1:colcon.colcon_core.package_identification:_identify(src/center_follow_cpp) by extension 'ignore'
[2.704s] Level 1:colcon.colcon_core.package_identification:_identify(src/center_follow_cpp) by extension 'ignore_ament_install'
[2.705s] Level 1:colcon.colcon_core.package_identification:_identify(src/center_follow_cpp) by extensions ['colcon_pkg']
[2.705s] Level 1:colcon.colcon_core.package_identification:_identify(src/center_follow_cpp) by extension 'colcon_pkg'
[2.705s] Level 1:colcon.colcon_core.package_identification:_identify(src/center_follow_cpp) by extensions ['colcon_meta']
[2.705s] Level 1:colcon.colcon_core.package_identification:_identify(src/center_follow_cpp) by extension 'colcon_meta'
[2.706s] Level 1:colcon.colcon_core.package_identification:_identify(src/center_follow_cpp) by extensions ['ros']
[2.706s] Level 1:colcon.colcon_core.package_identification:_identify(src/center_follow_cpp) by extension 'ros'
[2.723s] DEBUG:colcon.colcon_core.package_identification:Package 'src/center_follow_cpp' with type 'ros.ament_cmake' and name 'center_follow_cpp'
[2.724s] Level 1:colcon.colcon_core.package_identification:_identify(src/f1tenth_slam_nav) by extensions ['ignore', 'ignore_ament_install']
[2.724s] Level 1:colcon.colcon_core.package_identification:_identify(src/f1tenth_slam_nav) by extension 'ignore'
[2.725s] Level 1:colcon.colcon_core.package_identification:_identify(src/f1tenth_slam_nav) by extension 'ignore_ament_install'
[2.725s] Level 1:colcon.colcon_core.package_identification:_identify(src/f1tenth_slam_nav) by extensions ['colcon_pkg']
[2.725s] Level 1:colcon.colcon_core.package_identification:_identify(src/f1tenth_slam_nav) by extension 'colcon_pkg'
[2.726s] Level 1:colcon.colcon_core.package_identification:_identify(src/f1tenth_slam_nav) by extensions ['colcon_meta']
[2.726s] Level 1:colcon.colcon_core.package_identification:_identify(src/f1tenth_slam_nav) by extension 'colcon_meta'
[2.726s] Level 1:colcon.colcon_core.package_identification:_identify(src/f1tenth_slam_nav) by extensions ['ros']
[2.726s] Level 1:colcon.colcon_core.package_identification:_identify(src/f1tenth_slam_nav) by extension 'ros'
[2.742s] DEBUG:colcon.colcon_core.package_identification:Package 'src/f1tenth_slam_nav' with type 'ros.ament_cmake' and name 'f1tenth_slam_nav'
[2.743s] Level 1:colcon.colcon_core.package_identification:_identify(src/f1tenth_system) by extensions ['ignore', 'ignore_ament_install']
[2.744s] Level 1:colcon.colcon_core.package_identification:_identify(src/f1tenth_system) by extension 'ignore'
[2.744s] Level 1:colcon.colcon_core.package_identification:_identify(src/f1tenth_system) by extension 'ignore_ament_install'
[2.744s] Level 1:colcon.colcon_core.package_identification:_identify(src/f1tenth_system) by extensions ['colcon_pkg']
[2.745s] Level 1:colcon.colcon_core.package_identification:_identify(src/f1tenth_system) by extension 'colcon_pkg'
[2.745s] Level 1:colcon.colcon_core.package_identification:_identify(src/f1tenth_system) by extensions ['colcon_meta']
[2.745s] Level 1:colcon.colcon_core.package_identification:_identify(src/f1tenth_system) by extension 'colcon_meta'
[2.746s] Level 1:colcon.colcon_core.package_identification:_identify(src/f1tenth_system) by extensions ['ros']
[2.746s] Level 1:colcon.colcon_core.package_identification:_identify(src/f1tenth_system) by extension 'ros'
[2.746s] Level 1:colcon.colcon_core.package_identification:_identify(src/f1tenth_system) by extensions ['cmake', 'python']
[2.747s] Level 1:colcon.colcon_core.package_identification:_identify(src/f1tenth_system) by extension 'cmake'
[2.747s] Level 1:colcon.colcon_core.package_identification:_identify(src/f1tenth_system) by extension 'python'
[2.747s] Level 1:colcon.colcon_core.package_identification:_identify(src/f1tenth_system) by extensions ['python_setup_py']
[2.747s] Level 1:colcon.colcon_core.package_identification:_identify(src/f1tenth_system) by extension 'python_setup_py'
[2.748s] Level 1:colcon.colcon_core.package_identification:_identify(src/f1tenth_system/ackermann_mux) by extensions ['ignore', 'ignore_ament_install']
[2.748s] Level 1:colcon.colcon_core.package_identification:_identify(src/f1tenth_system/ackermann_mux) by extension 'ignore'
[2.749s] Level 1:colcon.colcon_core.package_identification:_identify(src/f1tenth_system/ackermann_mux) by extension 'ignore_ament_install'
[2.749s] Level 1:colcon.colcon_core.package_identification:_identify(src/f1tenth_system/ackermann_mux) by extensions ['colcon_pkg']
[2.749s] Level 1:colcon.colcon_core.package_identification:_identify(src/f1tenth_system/ackermann_mux) by extension 'colcon_pkg'
[2.750s] Level 1:colcon.colcon_core.package_identification:_identify(src/f1tenth_system/ackermann_mux) by extensions ['colcon_meta']
[2.750s] Level 1:colcon.colcon_core.package_identification:_identify(src/f1tenth_system/ackermann_mux) by extension 'colcon_meta'
[2.750s] Level 1:colcon.colcon_core.package_identification:_identify(src/f1tenth_system/ackermann_mux) by extensions ['ros']
[2.750s] Level 1:colcon.colcon_core.package_identification:_identify(src/f1tenth_system/ackermann_mux) by extension 'ros'
[2.756s] DEBUG:colcon.colcon_core.package_identification:Package 'src/f1tenth_system/ackermann_mux' with type 'ros.ament_cmake' and name 'ackermann_mux'
[2.757s] Level 1:colcon.colcon_core.package_identification:_identify(src/f1tenth_system/f1tenth_stack) by extensions ['ignore', 'ignore_ament_install']
[2.757s] Level 1:colcon.colcon_core.package_identification:_identify(src/f1tenth_system/f1tenth_stack) by extension 'ignore'
[2.758s] Level 1:colcon.colcon_core.package_identification:_identify(src/f1tenth_system/f1tenth_stack) by extension 'ignore_ament_install'
[2.758s] Level 1:colcon.colcon_core.package_identification:_identify(src/f1tenth_system/f1tenth_stack) by extensions ['colcon_pkg']
[2.758s] Level 1:colcon.colcon_core.package_identification:_identify(src/f1tenth_system/f1tenth_stack) by extension 'colcon_pkg'
[2.759s] Level 1:colcon.colcon_core.package_identification:_identify(src/f1tenth_system/f1tenth_stack) by extensions ['colcon_meta']
[2.759s] Level 1:colcon.colcon_core.package_identification:_identify(src/f1tenth_system/f1tenth_stack) by extension 'colcon_meta'
[2.759s] Level 1:colcon.colcon_core.package_identification:_identify(src/f1tenth_system/f1tenth_stack) by extensions ['ros']
[2.759s] Level 1:colcon.colcon_core.package_identification:_identify(src/f1tenth_system/f1tenth_stack) by extension 'ros'
[2.766s] DEBUG:colcon.colcon_core.package_identification:Package 'src/f1tenth_system/f1tenth_stack' with type 'ros.ament_python' and name 'f1tenth_stack'
[2.766s] Level 1:colcon.colcon_core.package_identification:_identify(src/f1tenth_system/scripts) by extensions ['ignore', 'ignore_ament_install']
[2.767s] Level 1:colcon.colcon_core.package_identification:_identify(src/f1tenth_system/scripts) by extension 'ignore'
[2.767s] Level 1:colcon.colcon_core.package_identification:_identify(src/f1tenth_system/scripts) by extension 'ignore_ament_install'
[2.768s] Level 1:colcon.colcon_core.package_identification:_identify(src/f1tenth_system/scripts) by extensions ['colcon_pkg']
[2.768s] Level 1:colcon.colcon_core.package_identification:_identify(src/f1tenth_system/scripts) by extension 'colcon_pkg'
[2.768s] Level 1:colcon.colcon_core.package_identification:_identify(src/f1tenth_system/scripts) by extensions ['colcon_meta']
[2.768s] Level 1:colcon.colcon_core.package_identification:_identify(src/f1tenth_system/scripts) by extension 'colcon_meta'
[2.769s] Level 1:colcon.colcon_core.package_identification:_identify(src/f1tenth_system/scripts) by extensions ['ros']
[2.769s] Level 1:colcon.colcon_core.package_identification:_identify(src/f1tenth_system/scripts) by extension 'ros'
[2.769s] Level 1:colcon.colcon_core.package_identification:_identify(src/f1tenth_system/scripts) by extensions ['cmake', 'python']
[2.770s] Level 1:colcon.colcon_core.package_identification:_identify(src/f1tenth_system/scripts) by extension 'cmake'
[2.770s] Level 1:colcon.colcon_core.package_identification:_identify(src/f1tenth_system/scripts) by extension 'python'
[2.770s] Level 1:colcon.colcon_core.package_identification:_identify(src/f1tenth_system/scripts) by extensions ['python_setup_py']
[2.770s] Level 1:colcon.colcon_core.package_identification:_identify(src/f1tenth_system/scripts) by extension 'python_setup_py'
[2.771s] Level 1:colcon.colcon_core.package_identification:_identify(src/f1tenth_system/teleop_tools) by extensions ['ignore', 'ignore_ament_install']
[2.771s] Level 1:colcon.colcon_core.package_identification:_identify(src/f1tenth_system/teleop_tools) by extension 'ignore'
[2.772s] Level 1:colcon.colcon_core.package_identification:_identify(src/f1tenth_system/teleop_tools) by extension 'ignore_ament_install'
[2.772s] Level 1:colcon.colcon_core.package_identification:_identify(src/f1tenth_system/teleop_tools) by extensions ['colcon_pkg']
[2.772s] Level 1:colcon.colcon_core.package_identification:_identify(src/f1tenth_system/teleop_tools) by extension 'colcon_pkg'
[2.773s] Level 1:colcon.colcon_core.package_identification:_identify(src/f1tenth_system/teleop_tools) by extensions ['colcon_meta']
[2.773s] Level 1:colcon.colcon_core.package_identification:_identify(src/f1tenth_system/teleop_tools) by extension 'colcon_meta'
[2.773s] Level 1:colcon.colcon_core.package_identification:_identify(src/f1tenth_system/teleop_tools) by extensions ['ros']
[2.773s] Level 1:colcon.colcon_core.package_identification:_identify(src/f1tenth_system/teleop_tools) by extension 'ros'
[2.774s] Level 1:colcon.colcon_core.package_identification:_identify(src/f1tenth_system/teleop_tools) by extensions ['cmake', 'python']
[2.774s] Level 1:colcon.colcon_core.package_identification:_identify(src/f1tenth_system/teleop_tools) by extension 'cmake'
[2.774s] Level 1:colcon.colcon_core.package_identification:_identify(src/f1tenth_system/teleop_tools) by extension 'python'
[2.775s] Level 1:colcon.colcon_core.package_identification:_identify(src/f1tenth_system/teleop_tools) by extensions ['python_setup_py']
[2.775s] Level 1:colcon.colcon_core.package_identification:_identify(src/f1tenth_system/teleop_tools) by extension 'python_setup_py'
[2.776s] Level 1:colcon.colcon_core.package_identification:_identify(src/f1tenth_system/teleop_tools/joy_teleop) by extensions ['ignore', 'ignore_ament_install']
[2.776s] Level 1:colcon.colcon_core.package_identification:_identify(src/f1tenth_system/teleop_tools/joy_teleop) by extension 'ignore'
[2.776s] Level 1:colcon.colcon_core.package_identification:_identify(src/f1tenth_system/teleop_tools/joy_teleop) by extension 'ignore_ament_install'
[2.777s] Level 1:colcon.colcon_core.package_identification:_identify(src/f1tenth_system/teleop_tools/joy_teleop) by extensions ['colcon_pkg']
[2.777s] Level 1:colcon.colcon_core.package_identification:_identify(src/f1tenth_system/teleop_tools/joy_teleop) by extension 'colcon_pkg'
[2.777s] Level 1:colcon.colcon_core.package_identification:_identify(src/f1tenth_system/teleop_tools/joy_teleop) by extensions ['colcon_meta']
[2.777s] Level 1:colcon.colcon_core.package_identification:_identify(src/f1tenth_system/teleop_tools/joy_teleop) by extension 'colcon_meta'
[2.778s] Level 1:colcon.colcon_core.package_identification:_identify(src/f1tenth_system/teleop_tools/joy_teleop) by extensions ['ros']
[2.778s] Level 1:colcon.colcon_core.package_identification:_identify(src/f1tenth_system/teleop_tools/joy_teleop) by extension 'ros'
[2.783s] DEBUG:colcon.colcon_core.package_identification:Package 'src/f1tenth_system/teleop_tools/joy_teleop' with type 'ros.ament_python' and name 'joy_teleop'
[2.784s] Level 1:colcon.colcon_core.package_identification:_identify(src/f1tenth_system/teleop_tools/key_teleop) by extensions ['ignore', 'ignore_ament_install']
[2.784s] Level 1:colcon.colcon_core.package_identification:_identify(src/f1tenth_system/teleop_tools/key_teleop) by extension 'ignore'
[2.784s] Level 1:colcon.colcon_core.package_identification:_identify(src/f1tenth_system/teleop_tools/key_teleop) by extension 'ignore_ament_install'
[2.785s] Level 1:colcon.colcon_core.package_identification:_identify(src/f1tenth_system/teleop_tools/key_teleop) by extensions ['colcon_pkg']
[2.785s] Level 1:colcon.colcon_core.package_identification:_identify(src/f1tenth_system/teleop_tools/key_teleop) by extension 'colcon_pkg'
[2.785s] Level 1:colcon.colcon_core.package_identification:_identify(src/f1tenth_system/teleop_tools/key_teleop) by extensions ['colcon_meta']
[2.785s] Level 1:colcon.colcon_core.package_identification:_identify(src/f1tenth_system/teleop_tools/key_teleop) by extension 'colcon_meta'
[2.786s] Level 1:colcon.colcon_core.package_identification:_identify(src/f1tenth_system/teleop_tools/key_teleop) by extensions ['ros']
[2.786s] Level 1:colcon.colcon_core.package_identification:_identify(src/f1tenth_system/teleop_tools/key_teleop) by extension 'ros'
[2.789s] DEBUG:colcon.colcon_core.package_identification:Package 'src/f1tenth_system/teleop_tools/key_teleop' with type 'ros.ament_python' and name 'key_teleop'
[2.790s] Level 1:colcon.colcon_core.package_identification:_identify(src/f1tenth_system/teleop_tools/mouse_teleop) by extensions ['ignore', 'ignore_ament_install']
[2.790s] Level 1:colcon.colcon_core.package_identification:_identify(src/f1tenth_system/teleop_tools/mouse_teleop) by extension 'ignore'
[2.791s] Level 1:colcon.colcon_core.package_identification:_identify(src/f1tenth_system/teleop_tools/mouse_teleop) by extension 'ignore_ament_install'
[2.791s] Level 1:colcon.colcon_core.package_identification:_identify(src/f1tenth_system/teleop_tools/mouse_teleop) by extensions ['colcon_pkg']
[2.791s] Level 1:colcon.colcon_core.package_identification:_identify(src/f1tenth_system/teleop_tools/mouse_teleop) by extension 'colcon_pkg'
[2.791s] Level 1:colcon.colcon_core.package_identification:_identify(src/f1tenth_system/teleop_tools/mouse_teleop) by extensions ['colcon_meta']
[2.792s] Level 1:colcon.colcon_core.package_identification:_identify(src/f1tenth_system/teleop_tools/mouse_teleop) by extension 'colcon_meta'
[2.792s] Level 1:colcon.colcon_core.package_identification:_identify(src/f1tenth_system/teleop_tools/mouse_teleop) by extensions ['ros']
[2.792s] Level 1:colcon.colcon_core.package_identification:_identify(src/f1tenth_system/teleop_tools/mouse_teleop) by extension 'ros'
[2.796s] DEBUG:colcon.colcon_core.package_identification:Package 'src/f1tenth_system/teleop_tools/mouse_teleop' with type 'ros.ament_python' and name 'mouse_teleop'
[2.797s] Level 1:colcon.colcon_core.package_identification:_identify(src/f1tenth_system/teleop_tools/teleop_tools) by extensions ['ignore', 'ignore_ament_install']
[2.797s] Level 1:colcon.colcon_core.package_identification:_identify(src/f1tenth_system/teleop_tools/teleop_tools) by extension 'ignore'
[2.798s] Level 1:colcon.colcon_core.package_identification:_identify(src/f1tenth_system/teleop_tools/teleop_tools) by extension 'ignore_ament_install'
[2.798s] Level 1:colcon.colcon_core.package_identification:_identify(src/f1tenth_system/teleop_tools/teleop_tools) by extensions ['colcon_pkg']
[2.798s] Level 1:colcon.colcon_core.package_identification:_identify(src/f1tenth_system/teleop_tools/teleop_tools) by extension 'colcon_pkg'
[2.799s] Level 1:colcon.colcon_core.package_identification:_identify(src/f1tenth_system/teleop_tools/teleop_tools) by extensions ['colcon_meta']
[2.799s] Level 1:colcon.colcon_core.package_identification:_identify(src/f1tenth_system/teleop_tools/teleop_tools) by extension 'colcon_meta'
[2.799s] Level 1:colcon.colcon_core.package_identification:_identify(src/f1tenth_system/teleop_tools/teleop_tools) by extensions ['ros']
[2.799s] Level 1:colcon.colcon_core.package_identification:_identify(src/f1tenth_system/teleop_tools/teleop_tools) by extension 'ros'
[2.802s] DEBUG:colcon.colcon_core.package_identification:Package 'src/f1tenth_system/teleop_tools/teleop_tools' with type 'ros.ament_cmake' and name 'teleop_tools'
[2.803s] Level 1:colcon.colcon_core.package_identification:_identify(src/f1tenth_system/teleop_tools/teleop_tools_msgs) by extensions ['ignore', 'ignore_ament_install']
[2.804s] Level 1:colcon.colcon_core.package_identification:_identify(src/f1tenth_system/teleop_tools/teleop_tools_msgs) by extension 'ignore'
[2.804s] Level 1:colcon.colcon_core.package_identification:_identify(src/f1tenth_system/teleop_tools/teleop_tools_msgs) by extension 'ignore_ament_install'
[2.804s] Level 1:colcon.colcon_core.package_identification:_identify(src/f1tenth_system/teleop_tools/teleop_tools_msgs) by extensions ['colcon_pkg']
[2.805s] Level 1:colcon.colcon_core.package_identification:_identify(src/f1tenth_system/teleop_tools/teleop_tools_msgs) by extension 'colcon_pkg'
[2.805s] Level 1:colcon.colcon_core.package_identification:_identify(src/f1tenth_system/teleop_tools/teleop_tools_msgs) by extensions ['colcon_meta']
[2.805s] Level 1:colcon.colcon_core.package_identification:_identify(src/f1tenth_system/teleop_tools/teleop_tools_msgs) by extension 'colcon_meta'
[2.805s] Level 1:colcon.colcon_core.package_identification:_identify(src/f1tenth_system/teleop_tools/teleop_tools_msgs) by extensions ['ros']
[2.806s] Level 1:colcon.colcon_core.package_identification:_identify(src/f1tenth_system/teleop_tools/teleop_tools_msgs) by extension 'ros'
[2.810s] DEBUG:colcon.colcon_core.package_identification:Package 'src/f1tenth_system/teleop_tools/teleop_tools_msgs' with type 'ros.ament_cmake' and name 'teleop_tools_msgs'
[2.810s] Level 1:colcon.colcon_core.package_identification:_identify(src/f1tenth_system/vesc) by extensions ['ignore', 'ignore_ament_install']
[2.811s] Level 1:colcon.colcon_core.package_identification:_identify(src/f1tenth_system/vesc) by extension 'ignore'
[2.811s] Level 1:colcon.colcon_core.package_identification:_identify(src/f1tenth_system/vesc) by extension 'ignore_ament_install'
[2.812s] Level 1:colcon.colcon_core.package_identification:_identify(src/f1tenth_system/vesc) by extensions ['colcon_pkg']
[2.812s] Level 1:colcon.colcon_core.package_identification:_identify(src/f1tenth_system/vesc) by extension 'colcon_pkg'
[2.812s] Level 1:colcon.colcon_core.package_identification:_identify(src/f1tenth_system/vesc) by extensions ['colcon_meta']
[2.812s] Level 1:colcon.colcon_core.package_identification:_identify(src/f1tenth_system/vesc) by extension 'colcon_meta'
[2.813s] Level 1:colcon.colcon_core.package_identification:_identify(src/f1tenth_system/vesc) by extensions ['ros']
[2.813s] Level 1:colcon.colcon_core.package_identification:_identify(src/f1tenth_system/vesc) by extension 'ros'
[2.813s] Level 1:colcon.colcon_core.package_identification:_identify(src/f1tenth_system/vesc) by extensions ['cmake', 'python']
[2.814s] Level 1:colcon.colcon_core.package_identification:_identify(src/f1tenth_system/vesc) by extension 'cmake'
[2.814s] Level 1:colcon.colcon_core.package_identification:_identify(src/f1tenth_system/vesc) by extension 'python'
[2.814s] Level 1:colcon.colcon_core.package_identification:_identify(src/f1tenth_system/vesc) by extensions ['python_setup_py']
[2.815s] Level 1:colcon.colcon_core.package_identification:_identify(src/f1tenth_system/vesc) by extension 'python_setup_py'
[2.815s] Level 1:colcon.colcon_core.package_identification:_identify(src/f1tenth_system/vesc/vesc) by extensions ['ignore', 'ignore_ament_install']
[2.816s] Level 1:colcon.colcon_core.package_identification:_identify(src/f1tenth_system/vesc/vesc) by extension 'ignore'
[2.816s] Level 1:colcon.colcon_core.package_identification:_identify(src/f1tenth_system/vesc/vesc) by extension 'ignore_ament_install'
[2.816s] Level 1:colcon.colcon_core.package_identification:_identify(src/f1tenth_system/vesc/vesc) by extensions ['colcon_pkg']
[2.817s] Level 1:colcon.colcon_core.package_identification:_identify(src/f1tenth_system/vesc/vesc) by extension 'colcon_pkg'
[2.817s] Level 1:colcon.colcon_core.package_identification:_identify(src/f1tenth_system/vesc/vesc) by extensions ['colcon_meta']
[2.817s] Level 1:colcon.colcon_core.package_identification:_identify(src/f1tenth_system/vesc/vesc) by extension 'colcon_meta'
[2.817s] Level 1:colcon.colcon_core.package_identification:_identify(src/f1tenth_system/vesc/vesc) by extensions ['ros']
[2.818s] Level 1:colcon.colcon_core.package_identification:_identify(src/f1tenth_system/vesc/vesc) by extension 'ros'
[2.822s] DEBUG:colcon.colcon_core.package_identification:Package 'src/f1tenth_system/vesc/vesc' with type 'ros.ament_cmake' and name 'vesc'
[2.823s] Level 1:colcon.colcon_core.package_identification:_identify(src/f1tenth_system/vesc/vesc_ackermann) by extensions ['ignore', 'ignore_ament_install']
[2.824s] Level 1:colcon.colcon_core.package_identification:_identify(src/f1tenth_system/vesc/vesc_ackermann) by extension 'ignore'
[2.824s] Level 1:colcon.colcon_core.package_identification:_identify(src/f1tenth_system/vesc/vesc_ackermann) by extension 'ignore_ament_install'
[2.824s] Level 1:colcon.colcon_core.package_identification:_identify(src/f1tenth_system/vesc/vesc_ackermann) by extensions ['colcon_pkg']
[2.825s] Level 1:colcon.colcon_core.package_identification:_identify(src/f1tenth_system/vesc/vesc_ackermann) by extension 'colcon_pkg'
[2.825s] Level 1:colcon.colcon_core.package_identification:_identify(src/f1tenth_system/vesc/vesc_ackermann) by extensions ['colcon_meta']
[2.825s] Level 1:colcon.colcon_core.package_identification:_identify(src/f1tenth_system/vesc/vesc_ackermann) by extension 'colcon_meta'
[2.826s] Level 1:colcon.colcon_core.package_identification:_identify(src/f1tenth_system/vesc/vesc_ackermann) by extensions ['ros']
[2.826s] Level 1:colcon.colcon_core.package_identification:_identify(src/f1tenth_system/vesc/vesc_ackermann) by extension 'ros'
[2.833s] DEBUG:colcon.colcon_core.package_identification:Package 'src/f1tenth_system/vesc/vesc_ackermann' with type 'ros.ament_cmake' and name 'vesc_ackermann'
[2.834s] Level 1:colcon.colcon_core.package_identification:_identify(src/f1tenth_system/vesc/vesc_driver) by extensions ['ignore', 'ignore_ament_install']
[2.835s] Level 1:colcon.colcon_core.package_identification:_identify(src/f1tenth_system/vesc/vesc_driver) by extension 'ignore'
[2.835s] Level 1:colcon.colcon_core.package_identification:_identify(src/f1tenth_system/vesc/vesc_driver) by extension 'ignore_ament_install'
[2.835s] Level 1:colcon.colcon_core.package_identification:_identify(src/f1tenth_system/vesc/vesc_driver) by extensions ['colcon_pkg']
[2.836s] Level 1:colcon.colcon_core.package_identification:_identify(src/f1tenth_system/vesc/vesc_driver) by extension 'colcon_pkg'
[2.836s] Level 1:colcon.colcon_core.package_identification:_identify(src/f1tenth_system/vesc/vesc_driver) by extensions ['colcon_meta']
[2.836s] Level 1:colcon.colcon_core.package_identification:_identify(src/f1tenth_system/vesc/vesc_driver) by extension 'colcon_meta'
[2.836s] Level 1:colcon.colcon_core.package_identification:_identify(src/f1tenth_system/vesc/vesc_driver) by extensions ['ros']
[2.837s] Level 1:colcon.colcon_core.package_identification:_identify(src/f1tenth_system/vesc/vesc_driver) by extension 'ros'
[2.843s] DEBUG:colcon.colcon_core.package_identification:Package 'src/f1tenth_system/vesc/vesc_driver' with type 'ros.ament_cmake' and name 'vesc_driver'
[2.844s] Level 1:colcon.colcon_core.package_identification:_identify(src/f1tenth_system/vesc/vesc_msgs) by extensions ['ignore', 'ignore_ament_install']
[2.844s] Level 1:colcon.colcon_core.package_identification:_identify(src/f1tenth_system/vesc/vesc_msgs) by extension 'ignore'
[2.845s] Level 1:colcon.colcon_core.package_identification:_identify(src/f1tenth_system/vesc/vesc_msgs) by extension 'ignore_ament_install'
[2.845s] Level 1:colcon.colcon_core.package_identification:_identify(src/f1tenth_system/vesc/vesc_msgs) by extensions ['colcon_pkg']
[2.845s] Level 1:colcon.colcon_core.package_identification:_identify(src/f1tenth_system/vesc/vesc_msgs) by extension 'colcon_pkg'
[2.845s] Level 1:colcon.colcon_core.package_identification:_identify(src/f1tenth_system/vesc/vesc_msgs) by extensions ['colcon_meta']
[2.846s] Level 1:colcon.colcon_core.package_identification:_identify(src/f1tenth_system/vesc/vesc_msgs) by extension 'colcon_meta'
[2.846s] Level 1:colcon.colcon_core.package_identification:_identify(src/f1tenth_system/vesc/vesc_msgs) by extensions ['ros']
[2.846s] Level 1:colcon.colcon_core.package_identification:_identify(src/f1tenth_system/vesc/vesc_msgs) by extension 'ros'
[2.851s] DEBUG:colcon.colcon_core.package_identification:Package 'src/f1tenth_system/vesc/vesc_msgs' with type 'ros.ament_cmake' and name 'vesc_msgs'
[2.852s] Level 1:colcon.colcon_core.package_identification:_identify(src/install) by extensions ['ignore', 'ignore_ament_install']
[2.852s] Level 1:colcon.colcon_core.package_identification:_identify(src/install) by extension 'ignore'
[2.852s] Level 1:colcon.colcon_core.package_identification:_identify(src/install) ignored
[2.853s] Level 1:colcon.colcon_core.package_identification:_identify(src/log) by extensions ['ignore', 'ignore_ament_install']
[2.853s] Level 1:colcon.colcon_core.package_identification:_identify(src/log) by extension 'ignore'
[2.854s] Level 1:colcon.colcon_core.package_identification:_identify(src/log) ignored
[2.854s] Level 1:colcon.colcon_core.package_identification:_identify(src/path_follow) by extensions ['ignore', 'ignore_ament_install']
[2.855s] Level 1:colcon.colcon_core.package_identification:_identify(src/path_follow) by extension 'ignore'
[2.855s] Level 1:colcon.colcon_core.package_identification:_identify(src/path_follow) by extension 'ignore_ament_install'
[2.855s] Level 1:colcon.colcon_core.package_identification:_identify(src/path_follow) by extensions ['colcon_pkg']
[2.856s] Level 1:colcon.colcon_core.package_identification:_identify(src/path_follow) by extension 'colcon_pkg'
[2.856s] Level 1:colcon.colcon_core.package_identification:_identify(src/path_follow) by extensions ['colcon_meta']
[2.856s] Level 1:colcon.colcon_core.package_identification:_identify(src/path_follow) by extension 'colcon_meta'
[2.856s] Level 1:colcon.colcon_core.package_identification:_identify(src/path_follow) by extensions ['ros']
[2.857s] Level 1:colcon.colcon_core.package_identification:_identify(src/path_follow) by extension 'ros'
[2.863s] DEBUG:colcon.colcon_core.package_identification:Package 'src/path_follow' with type 'ros.ament_cmake' and name 'path_follow'
[2.864s] Level 1:colcon.colcon_core.package_identification:_identify(src/pure_pursuit) by extensions ['ignore', 'ignore_ament_install']
[2.864s] Level 1:colcon.colcon_core.package_identification:_identify(src/pure_pursuit) by extension 'ignore'
[2.865s] Level 1:colcon.colcon_core.package_identification:_identify(src/pure_pursuit) by extension 'ignore_ament_install'
[2.865s] Level 1:colcon.colcon_core.package_identification:_identify(src/pure_pursuit) by extensions ['colcon_pkg']
[2.865s] Level 1:colcon.colcon_core.package_identification:_identify(src/pure_pursuit) by extension 'colcon_pkg'
[2.866s] Level 1:colcon.colcon_core.package_identification:_identify(src/pure_pursuit) by extensions ['colcon_meta']
[2.866s] Level 1:colcon.colcon_core.package_identification:_identify(src/pure_pursuit) by extension 'colcon_meta'
[2.866s] Level 1:colcon.colcon_core.package_identification:_identify(src/pure_pursuit) by extensions ['ros']
[2.866s] Level 1:colcon.colcon_core.package_identification:_identify(src/pure_pursuit) by extension 'ros'
[2.872s] DEBUG:colcon.colcon_core.package_identification:Package 'src/pure_pursuit' with type 'ros.ament_cmake' and name 'pure_pursuit'
[2.873s] Level 1:colcon.colcon_core.package_identification:_identify(src/pygame_key_teleop) by extensions ['ignore', 'ignore_ament_install']
[2.873s] Level 1:colcon.colcon_core.package_identification:_identify(src/pygame_key_teleop) by extension 'ignore'
[2.873s] Level 1:colcon.colcon_core.package_identification:_identify(src/pygame_key_teleop) by extension 'ignore_ament_install'
[2.874s] Level 1:colcon.colcon_core.package_identification:_identify(src/pygame_key_teleop) by extensions ['colcon_pkg']
[2.874s] Level 1:colcon.colcon_core.package_identification:_identify(src/pygame_key_teleop) by extension 'colcon_pkg'
[2.874s] Level 1:colcon.colcon_core.package_identification:_identify(src/pygame_key_teleop) by extensions ['colcon_meta']
[2.875s] Level 1:colcon.colcon_core.package_identification:_identify(src/pygame_key_teleop) by extension 'colcon_meta'
[2.875s] Level 1:colcon.colcon_core.package_identification:_identify(src/pygame_key_teleop) by extensions ['ros']
[2.875s] Level 1:colcon.colcon_core.package_identification:_identify(src/pygame_key_teleop) by extension 'ros'
[2.879s] DEBUG:colcon.colcon_core.package_identification:Package 'src/pygame_key_teleop' with type 'ros.ament_python' and name 'pygame_key_teleop'
[2.879s] Level 1:colcon.colcon_core.package_discovery:discover_packages(recursive) using defaults
[2.879s] Level 1:colcon.colcon_core.package_discovery:discover_packages(ignore) discover
[2.879s] Level 1:colcon.colcon_core.package_discovery:discover_packages(ignore) using defaults
[2.880s] Level 1:colcon.colcon_core.package_discovery:discover_packages(path) discover
[2.880s] Level 1:colcon.colcon_core.package_discovery:discover_packages(path) using defaults
[3.044s] Level 1:colcon.colcon_core.package_discovery:discover_packages(prefix_path) check parameters
[3.044s] Level 1:colcon.colcon_core.package_discovery:discover_packages(prefix_path) discover
[3.065s] DEBUG:colcon.colcon_installed_package_information.package_discovery:Found 308 installed packages in /opt/ros/foxy
[3.077s] Level 1:colcon.colcon_core.package_discovery:discover_packages(prefix_path) using defaults
[3.464s] Level 5:colcon.colcon_core.verb:set package 'ackermann_mux' build argument 'cmake_args' from command line to '['-DCMAKE_BUILD_TYPE=Release']'
[3.464s] Level 5:colcon.colcon_core.verb:set package 'ackermann_mux' build argument 'cmake_target' from command line to 'None'
[3.464s] Level 5:colcon.colcon_core.verb:set package 'ackermann_mux' build argument 'cmake_target_skip_unavailable' from command line to 'False'
[3.465s] Level 5:colcon.colcon_core.verb:set package 'ackermann_mux' build argument 'cmake_clean_cache' from command line to 'False'
[3.465s] Level 5:colcon.colcon_core.verb:set package 'ackermann_mux' build argument 'cmake_clean_first' from command line to 'False'
[3.465s] Level 5:colcon.colcon_core.verb:set package 'ackermann_mux' build argument 'cmake_force_configure' from command line to 'False'
[3.465s] Level 5:colcon.colcon_core.verb:set package 'ackermann_mux' build argument 'ament_cmake_args' from command line to 'None'
[3.465s] Level 5:colcon.colcon_core.verb:set package 'ackermann_mux' build argument 'catkin_cmake_args' from command line to 'None'
[3.465s] Level 5:colcon.colcon_core.verb:set package 'ackermann_mux' build argument 'catkin_skip_building_tests' from command line to 'False'
[3.466s] DEBUG:colcon.colcon_core.verb:Building package 'ackermann_mux' with the following arguments: {'ament_cmake_args': None, 'build_base': '/home/f1/f1tenth_ws/build/ackermann_mux', 'catkin_cmake_args': None, 'catkin_skip_building_tests': False, 'cmake_args': ['-DCMAKE_BUILD_TYPE=Release'], 'cmake_clean_cache': False, 'cmake_clean_first': False, 'cmake_force_configure': False, 'cmake_target': None, 'cmake_target_skip_unavailable': False, 'install_base': '/home/f1/f1tenth_ws/install/ackermann_mux', 'merge_install': False, 'path': '/home/f1/f1tenth_ws/src/f1tenth_system/ackermann_mux', 'symlink_install': True, 'test_result_base': None}
[3.468s] Level 5:colcon.colcon_core.verb:set package 'center_follow_cpp' build argument 'cmake_args' from command line to '['-DCMAKE_BUILD_TYPE=Release']'
[3.468s] Level 5:colcon.colcon_core.verb:set package 'center_follow_cpp' build argument 'cmake_target' from command line to 'None'
[3.468s] Level 5:colcon.colcon_core.verb:set package 'center_follow_cpp' build argument 'cmake_target_skip_unavailable' from command line to 'False'
[3.469s] Level 5:colcon.colcon_core.verb:set package 'center_follow_cpp' build argument 'cmake_clean_cache' from command line to 'False'
[3.469s] Level 5:colcon.colcon_core.verb:set package 'center_follow_cpp' build argument 'cmake_clean_first' from command line to 'False'
[3.469s] Level 5:colcon.colcon_core.verb:set package 'center_follow_cpp' build argument 'cmake_force_configure' from command line to 'False'
[3.469s] Level 5:colcon.colcon_core.verb:set package 'center_follow_cpp' build argument 'ament_cmake_args' from command line to 'None'
[3.469s] Level 5:colcon.colcon_core.verb:set package 'center_follow_cpp' build argument 'catkin_cmake_args' from command line to 'None'
[3.469s] Level 5:colcon.colcon_core.verb:set package 'center_follow_cpp' build argument 'catkin_skip_building_tests' from command line to 'False'
[3.470s] DEBUG:colcon.colcon_core.verb:Building package 'center_follow_cpp' with the following arguments: {'ament_cmake_args': None, 'build_base': '/home/f1/f1tenth_ws/build/center_follow_cpp', 'catkin_cmake_args': None, 'catkin_skip_building_tests': False, 'cmake_args': ['-DCMAKE_BUILD_TYPE=Release'], 'cmake_clean_cache': False, 'cmake_clean_first': False, 'cmake_force_configure': False, 'cmake_target': None, 'cmake_target_skip_unavailable': False, 'install_base': '/home/f1/f1tenth_ws/install/center_follow_cpp', 'merge_install': False, 'path': '/home/f1/f1tenth_ws/src/center_follow_cpp', 'symlink_install': True, 'test_result_base': None}
[3.472s] Level 5:colcon.colcon_core.verb:set package 'key_teleop' build argument 'cmake_args' from command line to '['-DCMAKE_BUILD_TYPE=Release']'
[3.472s] Level 5:colcon.colcon_core.verb:set package 'key_teleop' build argument 'cmake_target' from command line to 'None'
[3.472s] Level 5:colcon.colcon_core.verb:set package 'key_teleop' build argument 'cmake_target_skip_unavailable' from command line to 'False'
[3.472s] Level 5:colcon.colcon_core.verb:set package 'key_teleop' build argument 'cmake_clean_cache' from command line to 'False'
[3.472s] Level 5:colcon.colcon_core.verb:set package 'key_teleop' build argument 'cmake_clean_first' from command line to 'False'
[3.473s] Level 5:colcon.colcon_core.verb:set package 'key_teleop' build argument 'cmake_force_configure' from command line to 'False'
[3.473s] Level 5:colcon.colcon_core.verb:set package 'key_teleop' build argument 'ament_cmake_args' from command line to 'None'
[3.473s] Level 5:colcon.colcon_core.verb:set package 'key_teleop' build argument 'catkin_cmake_args' from command line to 'None'
[3.473s] Level 5:colcon.colcon_core.verb:set package 'key_teleop' build argument 'catkin_skip_building_tests' from command line to 'False'
[3.473s] DEBUG:colcon.colcon_core.verb:Building package 'key_teleop' with the following arguments: {'ament_cmake_args': None, 'build_base': '/home/f1/f1tenth_ws/build/key_teleop', 'catkin_cmake_args': None, 'catkin_skip_building_tests': False, 'cmake_args': ['-DCMAKE_BUILD_TYPE=Release'], 'cmake_clean_cache': False, 'cmake_clean_first': False, 'cmake_force_configure': False, 'cmake_target': None, 'cmake_target_skip_unavailable': False, 'install_base': '/home/f1/f1tenth_ws/install/key_teleop', 'merge_install': False, 'path': '/home/f1/f1tenth_ws/src/f1tenth_system/teleop_tools/key_teleop', 'symlink_install': True, 'test_result_base': None}
[3.475s] Level 5:colcon.colcon_core.verb:set package 'mouse_teleop' build argument 'cmake_args' from command line to '['-DCMAKE_BUILD_TYPE=Release']'
[3.476s] Level 5:colcon.colcon_core.verb:set package 'mouse_teleop' build argument 'cmake_target' from command line to 'None'
[3.476s] Level 5:colcon.colcon_core.verb:set package 'mouse_teleop' build argument 'cmake_target_skip_unavailable' from command line to 'False'
[3.476s] Level 5:colcon.colcon_core.verb:set package 'mouse_teleop' build argument 'cmake_clean_cache' from command line to 'False'
[3.476s] Level 5:colcon.colcon_core.verb:set package 'mouse_teleop' build argument 'cmake_clean_first' from command line to 'False'
[3.476s] Level 5:colcon.colcon_core.verb:set package 'mouse_teleop' build argument 'cmake_force_configure' from command line to 'False'
[3.476s] Level 5:colcon.colcon_core.verb:set package 'mouse_teleop' build argument 'ament_cmake_args' from command line to 'None'
[3.477s] Level 5:colcon.colcon_core.verb:set package 'mouse_teleop' build argument 'catkin_cmake_args' from command line to 'None'
[3.477s] Level 5:colcon.colcon_core.verb:set package 'mouse_teleop' build argument 'catkin_skip_building_tests' from command line to 'False'
[3.477s] DEBUG:colcon.colcon_core.verb:Building package 'mouse_teleop' with the following arguments: {'ament_cmake_args': None, 'build_base': '/home/f1/f1tenth_ws/build/mouse_teleop', 'catkin_cmake_args': None, 'catkin_skip_building_tests': False, 'cmake_args': ['-DCMAKE_BUILD_TYPE=Release'], 'cmake_clean_cache': False, 'cmake_clean_first': False, 'cmake_force_configure': False, 'cmake_target': None, 'cmake_target_skip_unavailable': False, 'install_base': '/home/f1/f1tenth_ws/install/mouse_teleop', 'merge_install': False, 'path': '/home/f1/f1tenth_ws/src/f1tenth_system/teleop_tools/mouse_teleop', 'symlink_install': True, 'test_result_base': None}
[3.479s] Level 5:colcon.colcon_core.verb:set package 'path_follow' build argument 'cmake_args' from command line to '['-DCMAKE_BUILD_TYPE=Release']'
[3.479s] Level 5:colcon.colcon_core.verb:set package 'path_follow' build argument 'cmake_target' from command line to 'None'
[3.479s] Level 5:colcon.colcon_core.verb:set package 'path_follow' build argument 'cmake_target_skip_unavailable' from command line to 'False'
[3.480s] Level 5:colcon.colcon_core.verb:set package 'path_follow' build argument 'cmake_clean_cache' from command line to 'False'
[3.480s] Level 5:colcon.colcon_core.verb:set package 'path_follow' build argument 'cmake_clean_first' from command line to 'False'
[3.480s] Level 5:colcon.colcon_core.verb:set package 'path_follow' build argument 'cmake_force_configure' from command line to 'False'
[3.480s] Level 5:colcon.colcon_core.verb:set package 'path_follow' build argument 'ament_cmake_args' from command line to 'None'
[3.480s] Level 5:colcon.colcon_core.verb:set package 'path_follow' build argument 'catkin_cmake_args' from command line to 'None'
[3.480s] Level 5:colcon.colcon_core.verb:set package 'path_follow' build argument 'catkin_skip_building_tests' from command line to 'False'
[3.481s] DEBUG:colcon.colcon_core.verb:Building package 'path_follow' with the following arguments: {'ament_cmake_args': None, 'build_base': '/home/f1/f1tenth_ws/build/path_follow', 'catkin_cmake_args': None, 'catkin_skip_building_tests': False, 'cmake_args': ['-DCMAKE_BUILD_TYPE=Release'], 'cmake_clean_cache': False, 'cmake_clean_first': False, 'cmake_force_configure': False, 'cmake_target': None, 'cmake_target_skip_unavailable': False, 'install_base': '/home/f1/f1tenth_ws/install/path_follow', 'merge_install': False, 'path': '/home/f1/f1tenth_ws/src/path_follow', 'symlink_install': True, 'test_result_base': None}
[3.483s] Level 5:colcon.colcon_core.verb:set package 'pure_pursuit' build argument 'cmake_args' from command line to '['-DCMAKE_BUILD_TYPE=Release']'
[3.483s] Level 5:colcon.colcon_core.verb:set package 'pure_pursuit' build argument 'cmake_target' from command line to 'None'
[3.483s] Level 5:colcon.colcon_core.verb:set package 'pure_pursuit' build argument 'cmake_target_skip_unavailable' from command line to 'False'
[3.483s] Level 5:colcon.colcon_core.verb:set package 'pure_pursuit' build argument 'cmake_clean_cache' from command line to 'False'
[3.483s] Level 5:colcon.colcon_core.verb:set package 'pure_pursuit' build argument 'cmake_clean_first' from command line to 'False'
[3.484s] Level 5:colcon.colcon_core.verb:set package 'pure_pursuit' build argument 'cmake_force_configure' from command line to 'False'
[3.484s] Level 5:colcon.colcon_core.verb:set package 'pure_pursuit' build argument 'ament_cmake_args' from command line to 'None'
[3.484s] Level 5:colcon.colcon_core.verb:set package 'pure_pursuit' build argument 'catkin_cmake_args' from command line to 'None'
[3.484s] Level 5:colcon.colcon_core.verb:set package 'pure_pursuit' build argument 'catkin_skip_building_tests' from command line to 'False'
[3.484s] DEBUG:colcon.colcon_core.verb:Building package 'pure_pursuit' with the following arguments: {'ament_cmake_args': None, 'build_base': '/home/f1/f1tenth_ws/build/pure_pursuit', 'catkin_cmake_args': None, 'catkin_skip_building_tests': False, 'cmake_args': ['-DCMAKE_BUILD_TYPE=Release'], 'cmake_clean_cache': False, 'cmake_clean_first': False, 'cmake_force_configure': False, 'cmake_target': None, 'cmake_target_skip_unavailable': False, 'install_base': '/home/f1/f1tenth_ws/install/pure_pursuit', 'merge_install': False, 'path': '/home/f1/f1tenth_ws/src/pure_pursuit', 'symlink_install': True, 'test_result_base': None}
[3.486s] Level 5:colcon.colcon_core.verb:set package 'pygame_key_teleop' build argument 'cmake_args' from command line to '['-DCMAKE_BUILD_TYPE=Release']'
[3.486s] Level 5:colcon.colcon_core.verb:set package 'pygame_key_teleop' build argument 'cmake_target' from command line to 'None'
[3.487s] Level 5:colcon.colcon_core.verb:set package 'pygame_key_teleop' build argument 'cmake_target_skip_unavailable' from command line to 'False'
[3.487s] Level 5:colcon.colcon_core.verb:set package 'pygame_key_teleop' build argument 'cmake_clean_cache' from command line to 'False'
[3.487s] Level 5:colcon.colcon_core.verb:set package 'pygame_key_teleop' build argument 'cmake_clean_first' from command line to 'False'
[3.487s] Level 5:colcon.colcon_core.verb:set package 'pygame_key_teleop' build argument 'cmake_force_configure' from command line to 'False'
[3.487s] Level 5:colcon.colcon_core.verb:set package 'pygame_key_teleop' build argument 'ament_cmake_args' from command line to 'None'
[3.487s] Level 5:colcon.colcon_core.verb:set package 'pygame_key_teleop' build argument 'catkin_cmake_args' from command line to 'None'
[3.488s] Level 5:colcon.colcon_core.verb:set package 'pygame_key_teleop' build argument 'catkin_skip_building_tests' from command line to 'False'
[3.488s] DEBUG:colcon.colcon_core.verb:Building package 'pygame_key_teleop' with the following arguments: {'ament_cmake_args': None, 'build_base': '/home/f1/f1tenth_ws/build/pygame_key_teleop', 'catkin_cmake_args': None, 'catkin_skip_building_tests': False, 'cmake_args': ['-DCMAKE_BUILD_TYPE=Release'], 'cmake_clean_cache': False, 'cmake_clean_first': False, 'cmake_force_configure': False, 'cmake_target': None, 'cmake_target_skip_unavailable': False, 'install_base': '/home/f1/f1tenth_ws/install/pygame_key_teleop', 'merge_install': False, 'path': '/home/f1/f1tenth_ws/src/pygame_key_teleop', 'symlink_install': True, 'test_result_base': None}
[3.490s] Level 5:colcon.colcon_core.verb:set package 'teleop_tools_msgs' build argument 'cmake_args' from command line to '['-DCMAKE_BUILD_TYPE=Release']'
[3.490s] Level 5:colcon.colcon_core.verb:set package 'teleop_tools_msgs' build argument 'cmake_target' from command line to 'None'
[3.490s] Level 5:colcon.colcon_core.verb:set package 'teleop_tools_msgs' build argument 'cmake_target_skip_unavailable' from command line to 'False'
[3.490s] Level 5:colcon.colcon_core.verb:set package 'teleop_tools_msgs' build argument 'cmake_clean_cache' from command line to 'False'
[3.491s] Level 5:colcon.colcon_core.verb:set package 'teleop_tools_msgs' build argument 'cmake_clean_first' from command line to 'False'
[3.491s] Level 5:colcon.colcon_core.verb:set package 'teleop_tools_msgs' build argument 'cmake_force_configure' from command line to 'False'
[3.491s] Level 5:colcon.colcon_core.verb:set package 'teleop_tools_msgs' build argument 'ament_cmake_args' from command line to 'None'
[3.491s] Level 5:colcon.colcon_core.verb:set package 'teleop_tools_msgs' build argument 'catkin_cmake_args' from command line to 'None'
[3.491s] Level 5:colcon.colcon_core.verb:set package 'teleop_tools_msgs' build argument 'catkin_skip_building_tests' from command line to 'False'
[3.491s] DEBUG:colcon.colcon_core.verb:Building package 'teleop_tools_msgs' with the following arguments: {'ament_cmake_args': None, 'build_base': '/home/f1/f1tenth_ws/build/teleop_tools_msgs', 'catkin_cmake_args': None, 'catkin_skip_building_tests': False, 'cmake_args': ['-DCMAKE_BUILD_TYPE=Release'], 'cmake_clean_cache': False, 'cmake_clean_first': False, 'cmake_force_configure': False, 'cmake_target': None, 'cmake_target_skip_unavailable': False, 'install_base': '/home/f1/f1tenth_ws/install/teleop_tools_msgs', 'merge_install': False, 'path': '/home/f1/f1tenth_ws/src/f1tenth_system/teleop_tools/teleop_tools_msgs', 'symlink_install': True, 'test_result_base': None}
[3.493s] Level 5:colcon.colcon_core.verb:set package 'vesc_msgs' build argument 'cmake_args' from command line to '['-DCMAKE_BUILD_TYPE=Release']'
[3.494s] Level 5:colcon.colcon_core.verb:set package 'vesc_msgs' build argument 'cmake_target' from command line to 'None'
[3.494s] Level 5:colcon.colcon_core.verb:set package 'vesc_msgs' build argument 'cmake_target_skip_unavailable' from command line to 'False'
[3.494s] Level 5:colcon.colcon_core.verb:set package 'vesc_msgs' build argument 'cmake_clean_cache' from command line to 'False'
[3.494s] Level 5:colcon.colcon_core.verb:set package 'vesc_msgs' build argument 'cmake_clean_first' from command line to 'False'
[3.494s] Level 5:colcon.colcon_core.verb:set package 'vesc_msgs' build argument 'cmake_force_configure' from command line to 'False'
[3.495s] Level 5:colcon.colcon_core.verb:set package 'vesc_msgs' build argument 'ament_cmake_args' from command line to 'None'
[3.495s] Level 5:colcon.colcon_core.verb:set package 'vesc_msgs' build argument 'catkin_cmake_args' from command line to 'None'
[3.495s] Level 5:colcon.colcon_core.verb:set package 'vesc_msgs' build argument 'catkin_skip_building_tests' from command line to 'False'
[3.495s] DEBUG:colcon.colcon_core.verb:Building package 'vesc_msgs' with the following arguments: {'ament_cmake_args': None, 'build_base': '/home/f1/f1tenth_ws/build/vesc_msgs', 'catkin_cmake_args': None, 'catkin_skip_building_tests': False, 'cmake_args': ['-DCMAKE_BUILD_TYPE=Release'], 'cmake_clean_cache': False, 'cmake_clean_first': False, 'cmake_force_configure': False, 'cmake_target': None, 'cmake_target_skip_unavailable': False, 'install_base': '/home/f1/f1tenth_ws/install/vesc_msgs', 'merge_install': False, 'path': '/home/f1/f1tenth_ws/src/f1tenth_system/vesc/vesc_msgs', 'symlink_install': True, 'test_result_base': None}
[3.497s] Level 5:colcon.colcon_core.verb:set package 'joy_teleop' build argument 'cmake_args' from command line to '['-DCMAKE_BUILD_TYPE=Release']'
[3.497s] Level 5:colcon.colcon_core.verb:set package 'joy_teleop' build argument 'cmake_target' from command line to 'None'
[3.498s] Level 5:colcon.colcon_core.verb:set package 'joy_teleop' build argument 'cmake_target_skip_unavailable' from command line to 'False'
[3.498s] Level 5:colcon.colcon_core.verb:set package 'joy_teleop' build argument 'cmake_clean_cache' from command line to 'False'
[3.498s] Level 5:colcon.colcon_core.verb:set package 'joy_teleop' build argument 'cmake_clean_first' from command line to 'False'
[3.498s] Level 5:colcon.colcon_core.verb:set package 'joy_teleop' build argument 'cmake_force_configure' from command line to 'False'
[3.498s] Level 5:colcon.colcon_core.verb:set package 'joy_teleop' build argument 'ament_cmake_args' from command line to 'None'
[3.499s] Level 5:colcon.colcon_core.verb:set package 'joy_teleop' build argument 'catkin_cmake_args' from command line to 'None'
[3.499s] Level 5:colcon.colcon_core.verb:set package 'joy_teleop' build argument 'catkin_skip_building_tests' from command line to 'False'
[3.499s] DEBUG:colcon.colcon_core.verb:Building package 'joy_teleop' with the following arguments: {'ament_cmake_args': None, 'build_base': '/home/f1/f1tenth_ws/build/joy_teleop', 'catkin_cmake_args': None, 'catkin_skip_building_tests': False, 'cmake_args': ['-DCMAKE_BUILD_TYPE=Release'], 'cmake_clean_cache': False, 'cmake_clean_first': False, 'cmake_force_configure': False, 'cmake_target': None, 'cmake_target_skip_unavailable': False, 'install_base': '/home/f1/f1tenth_ws/install/joy_teleop', 'merge_install': False, 'path': '/home/f1/f1tenth_ws/src/f1tenth_system/teleop_tools/joy_teleop', 'symlink_install': True, 'test_result_base': None}
[3.501s] Level 5:colcon.colcon_core.verb:set package 'vesc_ackermann' build argument 'cmake_args' from command line to '['-DCMAKE_BUILD_TYPE=Release']'
[3.501s] Level 5:colcon.colcon_core.verb:set package 'vesc_ackermann' build argument 'cmake_target' from command line to 'None'
[3.501s] Level 5:colcon.colcon_core.verb:set package 'vesc_ackermann' build argument 'cmake_target_skip_unavailable' from command line to 'False'
[3.501s] Level 5:colcon.colcon_core.verb:set package 'vesc_ackermann' build argument 'cmake_clean_cache' from command line to 'False'
[3.502s] Level 5:colcon.colcon_core.verb:set package 'vesc_ackermann' build argument 'cmake_clean_first' from command line to 'False'
[3.502s] Level 5:colcon.colcon_core.verb:set package 'vesc_ackermann' build argument 'cmake_force_configure' from command line to 'False'
[3.502s] Level 5:colcon.colcon_core.verb:set package 'vesc_ackermann' build argument 'ament_cmake_args' from command line to 'None'
[3.502s] Level 5:colcon.colcon_core.verb:set package 'vesc_ackermann' build argument 'catkin_cmake_args' from command line to 'None'
[3.502s] Level 5:colcon.colcon_core.verb:set package 'vesc_ackermann' build argument 'catkin_skip_building_tests' from command line to 'False'
[3.502s] DEBUG:colcon.colcon_core.verb:Building package 'vesc_ackermann' with the following arguments: {'ament_cmake_args': None, 'build_base': '/home/f1/f1tenth_ws/build/vesc_ackermann', 'catkin_cmake_args': None, 'catkin_skip_building_tests': False, 'cmake_args': ['-DCMAKE_BUILD_TYPE=Release'], 'cmake_clean_cache': False, 'cmake_clean_first': False, 'cmake_force_configure': False, 'cmake_target': None, 'cmake_target_skip_unavailable': False, 'install_base': '/home/f1/f1tenth_ws/install/vesc_ackermann', 'merge_install': False, 'path': '/home/f1/f1tenth_ws/src/f1tenth_system/vesc/vesc_ackermann', 'symlink_install': True, 'test_result_base': None}
[3.504s] Level 5:colcon.colcon_core.verb:set package 'vesc_driver' build argument 'cmake_args' from command line to '['-DCMAKE_BUILD_TYPE=Release']'
[3.505s] Level 5:colcon.colcon_core.verb:set package 'vesc_driver' build argument 'cmake_target' from command line to 'None'
[3.505s] Level 5:colcon.colcon_core.verb:set package 'vesc_driver' build argument 'cmake_target_skip_unavailable' from command line to 'False'
[3.505s] Level 5:colcon.colcon_core.verb:set package 'vesc_driver' build argument 'cmake_clean_cache' from command line to 'False'
[3.505s] Level 5:colcon.colcon_core.verb:set package 'vesc_driver' build argument 'cmake_clean_first' from command line to 'False'
[3.505s] Level 5:colcon.colcon_core.verb:set package 'vesc_driver' build argument 'cmake_force_configure' from command line to 'False'
[3.505s] Level 5:colcon.colcon_core.verb:set package 'vesc_driver' build argument 'ament_cmake_args' from command line to 'None'
[3.506s] Level 5:colcon.colcon_core.verb:set package 'vesc_driver' build argument 'catkin_cmake_args' from command line to 'None'
[3.506s] Level 5:colcon.colcon_core.verb:set package 'vesc_driver' build argument 'catkin_skip_building_tests' from command line to 'False'
[3.506s] DEBUG:colcon.colcon_core.verb:Building package 'vesc_driver' with the following arguments: {'ament_cmake_args': None, 'build_base': '/home/f1/f1tenth_ws/build/vesc_driver', 'catkin_cmake_args': None, 'catkin_skip_building_tests': False, 'cmake_args': ['-DCMAKE_BUILD_TYPE=Release'], 'cmake_clean_cache': False, 'cmake_clean_first': False, 'cmake_force_configure': False, 'cmake_target': None, 'cmake_target_skip_unavailable': False, 'install_base': '/home/f1/f1tenth_ws/install/vesc_driver', 'merge_install': False, 'path': '/home/f1/f1tenth_ws/src/f1tenth_system/vesc/vesc_driver', 'symlink_install': True, 'test_result_base': None}
[3.508s] Level 5:colcon.colcon_core.verb:set package 'teleop_tools' build argument 'cmake_args' from command line to '['-DCMAKE_BUILD_TYPE=Release']'
[3.508s] Level 5:colcon.colcon_core.verb:set package 'teleop_tools' build argument 'cmake_target' from command line to 'None'
[3.508s] Level 5:colcon.colcon_core.verb:set package 'teleop_tools' build argument 'cmake_target_skip_unavailable' from command line to 'False'
[3.509s] Level 5:colcon.colcon_core.verb:set package 'teleop_tools' build argument 'cmake_clean_cache' from command line to 'False'
[3.509s] Level 5:colcon.colcon_core.verb:set package 'teleop_tools' build argument 'cmake_clean_first' from command line to 'False'
[3.509s] Level 5:colcon.colcon_core.verb:set package 'teleop_tools' build argument 'cmake_force_configure' from command line to 'False'
[3.509s] Level 5:colcon.colcon_core.verb:set package 'teleop_tools' build argument 'ament_cmake_args' from command line to 'None'
[3.509s] Level 5:colcon.colcon_core.verb:set package 'teleop_tools' build argument 'catkin_cmake_args' from command line to 'None'
[3.509s] Level 5:colcon.colcon_core.verb:set package 'teleop_tools' build argument 'catkin_skip_building_tests' from command line to 'False'
[3.510s] DEBUG:colcon.colcon_core.verb:Building package 'teleop_tools' with the following arguments: {'ament_cmake_args': None, 'build_base': '/home/f1/f1tenth_ws/build/teleop_tools', 'catkin_cmake_args': None, 'catkin_skip_building_tests': False, 'cmake_args': ['-DCMAKE_BUILD_TYPE=Release'], 'cmake_clean_cache': False, 'cmake_clean_first': False, 'cmake_force_configure': False, 'cmake_target': None, 'cmake_target_skip_unavailable': False, 'install_base': '/home/f1/f1tenth_ws/install/teleop_tools', 'merge_install': False, 'path': '/home/f1/f1tenth_ws/src/f1tenth_system/teleop_tools/teleop_tools', 'symlink_install': True, 'test_result_base': None}
[3.512s] Level 5:colcon.colcon_core.verb:set package 'vesc' build argument 'cmake_args' from command line to '['-DCMAKE_BUILD_TYPE=Release']'
[3.512s] Level 5:colcon.colcon_core.verb:set package 'vesc' build argument 'cmake_target' from command line to 'None'
[3.512s] Level 5:colcon.colcon_core.verb:set package 'vesc' build argument 'cmake_target_skip_unavailable' from command line to 'False'
[3.512s] Level 5:colcon.colcon_core.verb:set package 'vesc' build argument 'cmake_clean_cache' from command line to 'False'
[3.512s] Level 5:colcon.colcon_core.verb:set package 'vesc' build argument 'cmake_clean_first' from command line to 'False'
[3.512s] Level 5:colcon.colcon_core.verb:set package 'vesc' build argument 'cmake_force_configure' from command line to 'False'
[3.513s] Level 5:colcon.colcon_core.verb:set package 'vesc' build argument 'ament_cmake_args' from command line to 'None'
[3.513s] Level 5:colcon.colcon_core.verb:set package 'vesc' build argument 'catkin_cmake_args' from command line to 'None'
[3.513s] Level 5:colcon.colcon_core.verb:set package 'vesc' build argument 'catkin_skip_building_tests' from command line to 'False'
[3.513s] DEBUG:colcon.colcon_core.verb:Building package 'vesc' with the following arguments: {'ament_cmake_args': None, 'build_base': '/home/f1/f1tenth_ws/build/vesc', 'catkin_cmake_args': None, 'catkin_skip_building_tests': False, 'cmake_args': ['-DCMAKE_BUILD_TYPE=Release'], 'cmake_clean_cache': False, 'cmake_clean_first': False, 'cmake_force_configure': False, 'cmake_target': None, 'cmake_target_skip_unavailable': False, 'install_base': '/home/f1/f1tenth_ws/install/vesc', 'merge_install': False, 'path': '/home/f1/f1tenth_ws/src/f1tenth_system/vesc/vesc', 'symlink_install': True, 'test_result_base': None}
[3.515s] Level 5:colcon.colcon_core.verb:set package 'f1tenth_stack' build argument 'cmake_args' from command line to '['-DCMAKE_BUILD_TYPE=Release']'
[3.515s] Level 5:colcon.colcon_core.verb:set package 'f1tenth_stack' build argument 'cmake_target' from command line to 'None'
[3.516s] Level 5:colcon.colcon_core.verb:set package 'f1tenth_stack' build argument 'cmake_target_skip_unavailable' from command line to 'False'
[3.516s] Level 5:colcon.colcon_core.verb:set package 'f1tenth_stack' build argument 'cmake_clean_cache' from command line to 'False'
[3.516s] Level 5:colcon.colcon_core.verb:set package 'f1tenth_stack' build argument 'cmake_clean_first' from command line to 'False'
[3.516s] Level 5:colcon.colcon_core.verb:set package 'f1tenth_stack' build argument 'cmake_force_configure' from command line to 'False'
[3.516s] Level 5:colcon.colcon_core.verb:set package 'f1tenth_stack' build argument 'ament_cmake_args' from command line to 'None'
[3.516s] Level 5:colcon.colcon_core.verb:set package 'f1tenth_stack' build argument 'catkin_cmake_args' from command line to 'None'
[3.517s] Level 5:colcon.colcon_core.verb:set package 'f1tenth_stack' build argument 'catkin_skip_building_tests' from command line to 'False'
[3.517s] DEBUG:colcon.colcon_core.verb:Building package 'f1tenth_stack' with the following arguments: {'ament_cmake_args': None, 'build_base': '/home/f1/f1tenth_ws/build/f1tenth_stack', 'catkin_cmake_args': None, 'catkin_skip_building_tests': False, 'cmake_args': ['-DCMAKE_BUILD_TYPE=Release'], 'cmake_clean_cache': False, 'cmake_clean_first': False, 'cmake_force_configure': False, 'cmake_target': None, 'cmake_target_skip_unavailable': False, 'install_base': '/home/f1/f1tenth_ws/install/f1tenth_stack', 'merge_install': False, 'path': '/home/f1/f1tenth_ws/src/f1tenth_system/f1tenth_stack', 'symlink_install': True, 'test_result_base': None}
[3.519s] Level 5:colcon.colcon_core.verb:set package 'f1tenth_slam_nav' build argument 'cmake_args' from command line to '['-DCMAKE_BUILD_TYPE=Release']'
[3.519s] Level 5:colcon.colcon_core.verb:set package 'f1tenth_slam_nav' build argument 'cmake_target' from command line to 'None'
[3.519s] Level 5:colcon.colcon_core.verb:set package 'f1tenth_slam_nav' build argument 'cmake_target_skip_unavailable' from command line to 'False'
[3.519s] Level 5:colcon.colcon_core.verb:set package 'f1tenth_slam_nav' build argument 'cmake_clean_cache' from command line to 'False'
[3.519s] Level 5:colcon.colcon_core.verb:set package 'f1tenth_slam_nav' build argument 'cmake_clean_first' from command line to 'False'
[3.520s] Level 5:colcon.colcon_core.verb:set package 'f1tenth_slam_nav' build argument 'cmake_force_configure' from command line to 'False'
[3.520s] Level 5:colcon.colcon_core.verb:set package 'f1tenth_slam_nav' build argument 'ament_cmake_args' from command line to 'None'
[3.520s] Level 5:colcon.colcon_core.verb:set package 'f1tenth_slam_nav' build argument 'catkin_cmake_args' from command line to 'None'
[3.520s] Level 5:colcon.colcon_core.verb:set package 'f1tenth_slam_nav' build argument 'catkin_skip_building_tests' from command line to 'False'
[3.520s] DEBUG:colcon.colcon_core.verb:Building package 'f1tenth_slam_nav' with the following arguments: {'ament_cmake_args': None, 'build_base': '/home/f1/f1tenth_ws/build/f1tenth_slam_nav', 'catkin_cmake_args': None, 'catkin_skip_building_tests': False, 'cmake_args': ['-DCMAKE_BUILD_TYPE=Release'], 'cmake_clean_cache': False, 'cmake_clean_first': False, 'cmake_force_configure': False, 'cmake_target': None, 'cmake_target_skip_unavailable': False, 'install_base': '/home/f1/f1tenth_ws/install/f1tenth_slam_nav', 'merge_install': False, 'path': '/home/f1/f1tenth_ws/src/f1tenth_slam_nav', 'symlink_install': True, 'test_result_base': None}
[3.521s] INFO:colcon.colcon_core.executor:Executing jobs using 'parallel' executor
[3.527s] DEBUG:colcon.colcon_parallel_executor.executor.parallel:run_until_complete
[3.529s] INFO:colcon.colcon_ros.task.ament_cmake.build:Building ROS package in '/home/f1/f1tenth_ws/src/f1tenth_system/vesc/vesc_msgs' with build type 'ament_cmake'
[3.530s] INFO:colcon.colcon_cmake.task.cmake.build:Building CMake package in '/home/f1/f1tenth_ws/src/f1tenth_system/vesc/vesc_msgs'
[3.549s] INFO:colcon.colcon_core.plugin_system:Skipping extension 'colcon_core.shell.bat': Not used on non-Windows systems
[3.550s] INFO:colcon.colcon_core.shell:Skip shell extension 'powershell' for command environment: Not usable outside of PowerShell
[3.551s] DEBUG:colcon.colcon_core.shell:Skip shell extension 'dsv' for command environment
[3.578s] INFO:colcon.colcon_ros.task.ament_cmake.build:Building ROS package in '/home/f1/f1tenth_ws/src/f1tenth_system/teleop_tools/teleop_tools_msgs' with build type 'ament_cmake'
[3.581s] INFO:colcon.colcon_cmake.task.cmake.build:Building CMake package in '/home/f1/f1tenth_ws/src/f1tenth_system/teleop_tools/teleop_tools_msgs'
[3.586s] INFO:colcon.colcon_core.shell:Skip shell extension 'powershell' for command environment: Not usable outside of PowerShell
[3.586s] DEBUG:colcon.colcon_core.shell:Skip shell extension 'dsv' for command environment
[3.615s] INFO:colcon.colcon_ros.task.ament_cmake.build:Building ROS package in '/home/f1/f1tenth_ws/src/f1tenth_system/ackermann_mux' with build type 'ament_cmake'
[3.618s] INFO:colcon.colcon_cmake.task.cmake.build:Building CMake package in '/home/f1/f1tenth_ws/src/f1tenth_system/ackermann_mux'
[3.621s] INFO:colcon.colcon_core.shell:Skip shell extension 'powershell' for command environment: Not usable outside of PowerShell
[3.624s] DEBUG:colcon.colcon_core.shell:Skip shell extension 'dsv' for command environment
[3.654s] INFO:colcon.colcon_ros.task.ament_python.build:Building ROS package in '/home/f1/f1tenth_ws/src/f1tenth_system/teleop_tools/key_teleop' with build type 'ament_python'
[3.657s] Level 1:colcon.colcon_core.shell:create_environment_hook('key_teleop', 'ament_prefix_path')
[3.661s] INFO:colcon.colcon_core.shell:Creating environment hook '/home/f1/f1tenth_ws/install/key_teleop/share/key_teleop/hook/ament_prefix_path.ps1'
[3.669s] INFO:colcon.colcon_core.shell:Creating environment descriptor '/home/f1/f1tenth_ws/install/key_teleop/share/key_teleop/hook/ament_prefix_path.dsv'
[3.673s] INFO:colcon.colcon_core.shell:Creating environment hook '/home/f1/f1tenth_ws/install/key_teleop/share/key_teleop/hook/ament_prefix_path.sh'
[3.678s] INFO:colcon.colcon_core.shell:Skip shell extension 'powershell' for command environment: Not usable outside of PowerShell
[3.678s] DEBUG:colcon.colcon_core.shell:Skip shell extension 'dsv' for command environment
[3.704s] INFO:colcon.colcon_ros.task.ament_cmake.build:Building ROS package in '/home/f1/f1tenth_ws/src/center_follow_cpp' with build type 'ament_cmake'
[3.708s] INFO:colcon.colcon_cmake.task.cmake.build:Building CMake package in '/home/f1/f1tenth_ws/src/center_follow_cpp'
[3.712s] INFO:colcon.colcon_core.shell:Skip shell extension 'powershell' for command environment: Not usable outside of PowerShell
[3.713s] DEBUG:colcon.colcon_core.shell:Skip shell extension 'dsv' for command environment
[3.744s] INFO:colcon.colcon_ros.task.ament_python.build:Building ROS package in '/home/f1/f1tenth_ws/src/f1tenth_system/teleop_tools/mouse_teleop' with build type 'ament_python'
[3.748s] Level 1:colcon.colcon_core.shell:create_environment_hook('mouse_teleop', 'ament_prefix_path')
[3.753s] INFO:colcon.colcon_core.shell:Creating environment hook '/home/f1/f1tenth_ws/install/mouse_teleop/share/mouse_teleop/hook/ament_prefix_path.ps1'
[3.758s] INFO:colcon.colcon_core.shell:Creating environment descriptor '/home/f1/f1tenth_ws/install/mouse_teleop/share/mouse_teleop/hook/ament_prefix_path.dsv'
[3.761s] INFO:colcon.colcon_core.shell:Creating environment hook '/home/f1/f1tenth_ws/install/mouse_teleop/share/mouse_teleop/hook/ament_prefix_path.sh'
[3.764s] INFO:colcon.colcon_core.shell:Skip shell extension 'powershell' for command environment: Not usable outside of PowerShell
[3.765s] DEBUG:colcon.colcon_core.shell:Skip shell extension 'dsv' for command environment
[3.827s] DEBUG:colcon.colcon_core.event_handler.log_command:Invoking command in '/home/f1/f1tenth_ws/build/vesc_msgs': CMAKE_PREFIX_PATH=/opt/ros/foxy CONDA_PROMPT_MODIFIER=(base) /usr/bin/cmake --build /home/f1/f1tenth_ws/build/vesc_msgs -- -j6 -l6
[3.883s] DEBUG:colcon.colcon_core.event_handler.log_command:Invoking command in '/home/f1/f1tenth_ws/build/teleop_tools_msgs': CMAKE_PREFIX_PATH=/opt/ros/foxy CONDA_PROMPT_MODIFIER=(base) /usr/bin/cmake --build /home/f1/f1tenth_ws/build/teleop_tools_msgs -- -j6 -l6
[3.911s] DEBUG:colcon.colcon_core.event_handler.log_command:Invoking command in '/home/f1/f1tenth_ws/build/ackermann_mux': CMAKE_PREFIX_PATH=/opt/ros/foxy CONDA_PROMPT_MODIFIER=(base) /usr/bin/cmake --build /home/f1/f1tenth_ws/build/ackermann_mux -- -j6 -l6
[5.599s] INFO:colcon.colcon_core.task.python.build:Building Python package in '/home/f1/f1tenth_ws/src/f1tenth_system/teleop_tools/key_teleop'
[5.604s] INFO:colcon.colcon_core.shell:Skip shell extension 'powershell' for command environment: Not usable outside of PowerShell
[5.604s] DEBUG:colcon.colcon_core.shell:Skip shell extension 'dsv' for command environment
[5.672s] DEBUG:colcon.colcon_core.event_handler.log_command:Invoking command in '/home/f1/f1tenth_ws/build/center_follow_cpp': CMAKE_PREFIX_PATH=/opt/ros/foxy CONDA_PROMPT_MODIFIER=(base) /usr/bin/cmake /home/f1/f1tenth_ws/src/center_follow_cpp -DCMAKE_BUILD_TYPE=Release -DAMENT_CMAKE_SYMLINK_INSTALL=1 -DCMAKE_INSTALL_PREFIX=/home/f1/f1tenth_ws/install/center_follow_cpp
[7.081s] INFO:colcon.colcon_core.task.python.build:Building Python package in '/home/f1/f1tenth_ws/src/f1tenth_system/teleop_tools/mouse_teleop'
[7.085s] INFO:colcon.colcon_core.shell:Skip shell extension 'powershell' for command environment: Not usable outside of PowerShell
[7.086s] DEBUG:colcon.colcon_core.shell:Skip shell extension 'dsv' for command environment
[7.185s] DEBUG:colcon.colcon_core.event_handler.log_command:Invoked command in '/home/f1/f1tenth_ws/build/vesc_msgs' returned '0': CMAKE_PREFIX_PATH=/opt/ros/foxy CONDA_PROMPT_MODIFIER=(base) /usr/bin/cmake --build /home/f1/f1tenth_ws/build/vesc_msgs -- -j6 -l6
[7.241s] DEBUG:colcon.colcon_core.event_handler.log_command:Invoking command in '/home/f1/f1tenth_ws/build/vesc_msgs': CMAKE_PREFIX_PATH=/opt/ros/foxy CONDA_PROMPT_MODIFIER=(base) /usr/bin/cmake --install /home/f1/f1tenth_ws/build/vesc_msgs
[7.248s] DEBUG:colcon.colcon_core.event_handler.log_command:Invoked command in '/home/f1/f1tenth_ws/build/teleop_tools_msgs' returned '0': CMAKE_PREFIX_PATH=/opt/ros/foxy CONDA_PROMPT_MODIFIER=(base) /usr/bin/cmake --build /home/f1/f1tenth_ws/build/teleop_tools_msgs -- -j6 -l6
[7.269s] DEBUG:colcon.colcon_core.event_handler.log_command:Invoking command in '/home/f1/f1tenth_ws/build/teleop_tools_msgs': CMAKE_PREFIX_PATH=/opt/ros/foxy CONDA_PROMPT_MODIFIER=(base) /usr/bin/cmake --install /home/f1/f1tenth_ws/build/teleop_tools_msgs
[7.277s] DEBUG:colcon.colcon_core.event_handler.log_command:Invoked command in '/home/f1/f1tenth_ws/build/ackermann_mux' returned '0': CMAKE_PREFIX_PATH=/opt/ros/foxy CONDA_PROMPT_MODIFIER=(base) /usr/bin/cmake --build /home/f1/f1tenth_ws/build/ackermann_mux -- -j6 -l6
[7.304s] DEBUG:colcon.colcon_core.event_handler.log_command:Invoking command in '/home/f1/f1tenth_ws/build/ackermann_mux': CMAKE_PREFIX_PATH=/opt/ros/foxy CONDA_PROMPT_MODIFIER=(base) /usr/bin/cmake --install /home/f1/f1tenth_ws/build/ackermann_mux
[7.498s] Level 1:colcon.colcon_core.environment:create_environment_scripts_only(ackermann_mux)
[7.594s] DEBUG:colcon.colcon_core.event_handler.log_command:Invoked command in '/home/f1/f1tenth_ws/build/ackermann_mux' returned '0': CMAKE_PREFIX_PATH=/opt/ros/foxy CONDA_PROMPT_MODIFIER=(base) /usr/bin/cmake --install /home/f1/f1tenth_ws/build/ackermann_mux
[7.600s] Level 1:colcon.colcon_core.environment:checking '/home/f1/f1tenth_ws/install/ackermann_mux' for CMake module files
[7.628s] Level 1:colcon.colcon_core.environment:checking '/home/f1/f1tenth_ws/install/ackermann_mux' for CMake config files
[7.630s] Level 1:colcon.colcon_core.shell:create_environment_hook('ackermann_mux', 'cmake_prefix_path')
[7.632s] INFO:colcon.colcon_core.shell:Creating environment hook '/home/f1/f1tenth_ws/install/ackermann_mux/share/ackermann_mux/hook/cmake_prefix_path.ps1'
[7.649s] INFO:colcon.colcon_core.shell:Creating environment descriptor '/home/f1/f1tenth_ws/install/ackermann_mux/share/ackermann_mux/hook/cmake_prefix_path.dsv'
[7.651s] INFO:colcon.colcon_core.shell:Creating environment hook '/home/f1/f1tenth_ws/install/ackermann_mux/share/ackermann_mux/hook/cmake_prefix_path.sh'
[7.656s] Level 1:colcon.colcon_core.environment:checking '/home/f1/f1tenth_ws/install/ackermann_mux/lib'
[7.657s] Level 1:colcon.colcon_core.environment:checking '/home/f1/f1tenth_ws/install/ackermann_mux/bin'
[7.658s] Level 1:colcon.colcon_core.environment:checking '/home/f1/f1tenth_ws/install/ackermann_mux/lib/pkgconfig/ackermann_mux.pc'
[7.661s] Level 1:colcon.colcon_core.environment:checking '/home/f1/f1tenth_ws/install/ackermann_mux/lib/python3.8/site-packages'
[7.676s] Level 1:colcon.colcon_core.environment:checking '/home/f1/f1tenth_ws/install/ackermann_mux/bin'
[7.678s] INFO:colcon.colcon_core.shell:Creating package script '/home/f1/f1tenth_ws/install/ackermann_mux/share/ackermann_mux/package.ps1'
[7.685s] INFO:colcon.colcon_core.shell:Creating package descriptor '/home/f1/f1tenth_ws/install/ackermann_mux/share/ackermann_mux/package.dsv'
[7.694s] INFO:colcon.colcon_core.shell:Creating package script '/home/f1/f1tenth_ws/install/ackermann_mux/share/ackermann_mux/package.sh'
[7.703s] INFO:colcon.colcon_core.shell:Creating package script '/home/f1/f1tenth_ws/install/ackermann_mux/share/ackermann_mux/package.bash'
[7.714s] INFO:colcon.colcon_core.shell:Creating package script '/home/f1/f1tenth_ws/install/ackermann_mux/share/ackermann_mux/package.zsh'
[7.720s] Level 1:colcon.colcon_core.environment:create_file_with_runtime_dependencies(/home/f1/f1tenth_ws/install/ackermann_mux/share/colcon-core/packages/ackermann_mux)
[7.726s] Level 1:colcon.colcon_core.environment:create_environment_scripts_only(ackermann_mux)
[7.728s] Level 1:colcon.colcon_core.environment:checking '/home/f1/f1tenth_ws/install/ackermann_mux' for CMake module files
[7.732s] Level 1:colcon.colcon_core.environment:checking '/home/f1/f1tenth_ws/install/ackermann_mux' for CMake config files
[7.734s] Level 1:colcon.colcon_core.shell:create_environment_hook('ackermann_mux', 'cmake_prefix_path')
[7.736s] INFO:colcon.colcon_core.shell:Creating environment hook '/home/f1/f1tenth_ws/install/ackermann_mux/share/ackermann_mux/hook/cmake_prefix_path.ps1'
[7.740s] INFO:colcon.colcon_core.shell:Creating environment descriptor '/home/f1/f1tenth_ws/install/ackermann_mux/share/ackermann_mux/hook/cmake_prefix_path.dsv'
[7.742s] INFO:colcon.colcon_core.shell:Creating environment hook '/home/f1/f1tenth_ws/install/ackermann_mux/share/ackermann_mux/hook/cmake_prefix_path.sh'
[7.746s] Level 1:colcon.colcon_core.environment:checking '/home/f1/f1tenth_ws/install/ackermann_mux/lib'
[7.747s] Level 1:colcon.colcon_core.environment:checking '/home/f1/f1tenth_ws/install/ackermann_mux/bin'
[7.747s] Level 1:colcon.colcon_core.environment:checking '/home/f1/f1tenth_ws/install/ackermann_mux/lib/pkgconfig/ackermann_mux.pc'
[7.749s] Level 1:colcon.colcon_core.environment:checking '/home/f1/f1tenth_ws/install/ackermann_mux/lib/python3.8/site-packages'
[7.750s] Level 1:colcon.colcon_core.environment:checking '/home/f1/f1tenth_ws/install/ackermann_mux/bin'
[7.752s] INFO:colcon.colcon_core.shell:Creating package script '/home/f1/f1tenth_ws/install/ackermann_mux/share/ackermann_mux/package.ps1'
[7.757s] INFO:colcon.colcon_core.shell:Creating package descriptor '/home/f1/f1tenth_ws/install/ackermann_mux/share/ackermann_mux/package.dsv'
[7.761s] INFO:colcon.colcon_core.shell:Creating package script '/home/f1/f1tenth_ws/install/ackermann_mux/share/ackermann_mux/package.sh'
[7.764s] INFO:colcon.colcon_core.shell:Creating package script '/home/f1/f1tenth_ws/install/ackermann_mux/share/ackermann_mux/package.bash'
[7.767s] INFO:colcon.colcon_core.shell:Creating package script '/home/f1/f1tenth_ws/install/ackermann_mux/share/ackermann_mux/package.zsh'
[7.770s] Level 1:colcon.colcon_core.environment:create_file_with_runtime_dependencies(/home/f1/f1tenth_ws/install/ackermann_mux/share/colcon-core/packages/ackermann_mux)
[7.777s] INFO:colcon.colcon_ros.task.ament_cmake.build:Building ROS package in '/home/f1/f1tenth_ws/src/path_follow' with build type 'ament_cmake'
[7.779s] INFO:colcon.colcon_cmake.task.cmake.build:Building CMake package in '/home/f1/f1tenth_ws/src/path_follow'
[7.781s] INFO:colcon.colcon_core.shell:Skip shell extension 'powershell' for command environment: Not usable outside of PowerShell
[7.781s] DEBUG:colcon.colcon_core.shell:Skip shell extension 'dsv' for command environment
[7.846s] Level 1:colcon.colcon_core.environment:create_environment_scripts_only(teleop_tools_msgs)
[7.850s] DEBUG:colcon.colcon_core.event_handler.log_command:Invoked command in '/home/f1/f1tenth_ws/build/teleop_tools_msgs' returned '0': CMAKE_PREFIX_PATH=/opt/ros/foxy CONDA_PROMPT_MODIFIER=(base) /usr/bin/cmake --install /home/f1/f1tenth_ws/build/teleop_tools_msgs
[7.853s] Level 1:colcon.colcon_core.environment:checking '/home/f1/f1tenth_ws/install/teleop_tools_msgs' for CMake module files
[7.858s] Level 1:colcon.colcon_core.environment:checking '/home/f1/f1tenth_ws/install/teleop_tools_msgs' for CMake config files
[7.861s] Level 1:colcon.colcon_core.shell:create_environment_hook('teleop_tools_msgs', 'cmake_prefix_path')
[7.863s] INFO:colcon.colcon_core.shell:Creating environment hook '/home/f1/f1tenth_ws/install/teleop_tools_msgs/share/teleop_tools_msgs/hook/cmake_prefix_path.ps1'
[7.868s] INFO:colcon.colcon_core.shell:Creating environment descriptor '/home/f1/f1tenth_ws/install/teleop_tools_msgs/share/teleop_tools_msgs/hook/cmake_prefix_path.dsv'
[7.877s] INFO:colcon.colcon_core.shell:Creating environment hook '/home/f1/f1tenth_ws/install/teleop_tools_msgs/share/teleop_tools_msgs/hook/cmake_prefix_path.sh'
[7.881s] Level 1:colcon.colcon_core.environment:checking '/home/f1/f1tenth_ws/install/teleop_tools_msgs/lib'
[7.882s] Level 1:colcon.colcon_core.shell:create_environment_hook('teleop_tools_msgs', 'ld_library_path_lib')
[7.883s] INFO:colcon.colcon_core.shell:Creating environment hook '/home/f1/f1tenth_ws/install/teleop_tools_msgs/share/teleop_tools_msgs/hook/ld_library_path_lib.ps1'
[7.887s] INFO:colcon.colcon_core.shell:Creating environment descriptor '/home/f1/f1tenth_ws/install/teleop_tools_msgs/share/teleop_tools_msgs/hook/ld_library_path_lib.dsv'
[7.889s] INFO:colcon.colcon_core.shell:Creating environment hook '/home/f1/f1tenth_ws/install/teleop_tools_msgs/share/teleop_tools_msgs/hook/ld_library_path_lib.sh'
[7.892s] Level 1:colcon.colcon_core.environment:checking '/home/f1/f1tenth_ws/install/teleop_tools_msgs/bin'
[7.893s] Level 1:colcon.colcon_core.environment:checking '/home/f1/f1tenth_ws/install/teleop_tools_msgs/lib/pkgconfig/teleop_tools_msgs.pc'
[7.895s] Level 1:colcon.colcon_core.environment:checking '/home/f1/f1tenth_ws/install/teleop_tools_msgs/lib/python3.8/site-packages'
[7.895s] Level 1:colcon.colcon_core.shell:create_environment_hook('teleop_tools_msgs', 'pythonpath')
[7.897s] INFO:colcon.colcon_core.shell:Creating environment hook '/home/f1/f1tenth_ws/install/teleop_tools_msgs/share/teleop_tools_msgs/hook/pythonpath.ps1'
[7.900s] INFO:colcon.colcon_core.shell:Creating environment descriptor '/home/f1/f1tenth_ws/install/teleop_tools_msgs/share/teleop_tools_msgs/hook/pythonpath.dsv'
[7.903s] INFO:colcon.colcon_core.shell:Creating environment hook '/home/f1/f1tenth_ws/install/teleop_tools_msgs/share/teleop_tools_msgs/hook/pythonpath.sh'
[7.907s] Level 1:colcon.colcon_core.environment:checking '/home/f1/f1tenth_ws/install/teleop_tools_msgs/bin'
[7.909s] INFO:colcon.colcon_core.shell:Creating package script '/home/f1/f1tenth_ws/install/teleop_tools_msgs/share/teleop_tools_msgs/package.ps1'
[7.915s] INFO:colcon.colcon_core.shell:Creating package descriptor '/home/f1/f1tenth_ws/install/teleop_tools_msgs/share/teleop_tools_msgs/package.dsv'
[7.920s] INFO:colcon.colcon_core.shell:Creating package script '/home/f1/f1tenth_ws/install/teleop_tools_msgs/share/teleop_tools_msgs/package.sh'
[7.924s] INFO:colcon.colcon_core.shell:Creating package script '/home/f1/f1tenth_ws/install/teleop_tools_msgs/share/teleop_tools_msgs/package.bash'
[7.933s] INFO:colcon.colcon_core.shell:Creating package script '/home/f1/f1tenth_ws/install/teleop_tools_msgs/share/teleop_tools_msgs/package.zsh'
[7.940s] Level 1:colcon.colcon_core.environment:create_file_with_runtime_dependencies(/home/f1/f1tenth_ws/install/teleop_tools_msgs/share/colcon-core/packages/teleop_tools_msgs)
[7.944s] Level 1:colcon.colcon_core.environment:create_environment_scripts_only(teleop_tools_msgs)
[7.946s] Level 1:colcon.colcon_core.environment:checking '/home/f1/f1tenth_ws/install/teleop_tools_msgs' for CMake module files
[7.951s] Level 1:colcon.colcon_core.environment:checking '/home/f1/f1tenth_ws/install/teleop_tools_msgs' for CMake config files
[7.954s] Level 1:colcon.colcon_core.shell:create_environment_hook('teleop_tools_msgs', 'cmake_prefix_path')
[7.955s] INFO:colcon.colcon_core.shell:Creating environment hook '/home/f1/f1tenth_ws/install/teleop_tools_msgs/share/teleop_tools_msgs/hook/cmake_prefix_path.ps1'
[7.958s] INFO:colcon.colcon_core.shell:Creating environment descriptor '/home/f1/f1tenth_ws/install/teleop_tools_msgs/share/teleop_tools_msgs/hook/cmake_prefix_path.dsv'
[7.960s] INFO:colcon.colcon_core.shell:Creating environment hook '/home/f1/f1tenth_ws/install/teleop_tools_msgs/share/teleop_tools_msgs/hook/cmake_prefix_path.sh'
[7.963s] Level 1:colcon.colcon_core.environment:checking '/home/f1/f1tenth_ws/install/teleop_tools_msgs/lib'
[7.964s] Level 1:colcon.colcon_core.shell:create_environment_hook('teleop_tools_msgs', 'ld_library_path_lib')
[7.965s] INFO:colcon.colcon_core.shell:Creating environment hook '/home/f1/f1tenth_ws/install/teleop_tools_msgs/share/teleop_tools_msgs/hook/ld_library_path_lib.ps1'
[7.969s] INFO:colcon.colcon_core.shell:Creating environment descriptor '/home/f1/f1tenth_ws/install/teleop_tools_msgs/share/teleop_tools_msgs/hook/ld_library_path_lib.dsv'
[7.971s] INFO:colcon.colcon_core.shell:Creating environment hook '/home/f1/f1tenth_ws/install/teleop_tools_msgs/share/teleop_tools_msgs/hook/ld_library_path_lib.sh'
[7.974s] Level 1:colcon.colcon_core.environment:checking '/home/f1/f1tenth_ws/install/teleop_tools_msgs/bin'
[7.974s] Level 1:colcon.colcon_core.environment:checking '/home/f1/f1tenth_ws/install/teleop_tools_msgs/lib/pkgconfig/teleop_tools_msgs.pc'
[7.975s] Level 1:colcon.colcon_core.environment:checking '/home/f1/f1tenth_ws/install/teleop_tools_msgs/lib/python3.8/site-packages'
[7.976s] Level 1:colcon.colcon_core.shell:create_environment_hook('teleop_tools_msgs', 'pythonpath')
[7.977s] INFO:colcon.colcon_core.shell:Creating environment hook '/home/f1/f1tenth_ws/install/teleop_tools_msgs/share/teleop_tools_msgs/hook/pythonpath.ps1'
[7.980s] INFO:colcon.colcon_core.shell:Creating environment descriptor '/home/f1/f1tenth_ws/install/teleop_tools_msgs/share/teleop_tools_msgs/hook/pythonpath.dsv'
[7.982s] INFO:colcon.colcon_core.shell:Creating environment hook '/home/f1/f1tenth_ws/install/teleop_tools_msgs/share/teleop_tools_msgs/hook/pythonpath.sh'
[7.985s] Level 1:colcon.colcon_core.environment:checking '/home/f1/f1tenth_ws/install/teleop_tools_msgs/bin'
[7.988s] INFO:colcon.colcon_core.shell:Creating package script '/home/f1/f1tenth_ws/install/teleop_tools_msgs/share/teleop_tools_msgs/package.ps1'
[7.992s] INFO:colcon.colcon_core.shell:Creating package descriptor '/home/f1/f1tenth_ws/install/teleop_tools_msgs/share/teleop_tools_msgs/package.dsv'
[7.996s] INFO:colcon.colcon_core.shell:Creating package script '/home/f1/f1tenth_ws/install/teleop_tools_msgs/share/teleop_tools_msgs/package.sh'
[7.999s] INFO:colcon.colcon_core.shell:Creating package script '/home/f1/f1tenth_ws/install/teleop_tools_msgs/share/teleop_tools_msgs/package.bash'
[8.002s] INFO:colcon.colcon_core.shell:Creating package script '/home/f1/f1tenth_ws/install/teleop_tools_msgs/share/teleop_tools_msgs/package.zsh'
[8.005s] Level 1:colcon.colcon_core.environment:create_file_with_runtime_dependencies(/home/f1/f1tenth_ws/install/teleop_tools_msgs/share/colcon-core/packages/teleop_tools_msgs)
[8.025s] DEBUG:colcon.colcon_core.event_handler.log_command:Invoking command in '/home/f1/f1tenth_ws/build/path_follow': CMAKE_PREFIX_PATH=/opt/ros/foxy CONDA_PROMPT_MODIFIER=(base) /usr/bin/cmake --build /home/f1/f1tenth_ws/build/path_follow -- -j6 -l6
[8.043s] INFO:colcon.colcon_ros.task.ament_python.build:Building ROS package in '/home/f1/f1tenth_ws/src/f1tenth_system/teleop_tools/joy_teleop' with build type 'ament_python'
[8.050s] Level 1:colcon.colcon_core.shell:create_environment_hook('joy_teleop', 'ament_prefix_path')
[8.055s] INFO:colcon.colcon_core.shell:Creating environment hook '/home/f1/f1tenth_ws/install/joy_teleop/share/joy_teleop/hook/ament_prefix_path.ps1'
[8.060s] INFO:colcon.colcon_core.shell:Creating environment descriptor '/home/f1/f1tenth_ws/install/joy_teleop/share/joy_teleop/hook/ament_prefix_path.dsv'
[8.063s] INFO:colcon.colcon_core.shell:Creating environment hook '/home/f1/f1tenth_ws/install/joy_teleop/share/joy_teleop/hook/ament_prefix_path.sh'
[8.068s] INFO:colcon.colcon_core.shell:Skip shell extension 'powershell' for command environment: Not usable outside of PowerShell
[8.068s] DEBUG:colcon.colcon_core.shell:Skip shell extension 'dsv' for command environment
[8.146s] DEBUG:colcon.colcon_core.event_handler.log_command:Invoked command in '/home/f1/f1tenth_ws/build/vesc_msgs' returned '0': CMAKE_PREFIX_PATH=/opt/ros/foxy CONDA_PROMPT_MODIFIER=(base) /usr/bin/cmake --install /home/f1/f1tenth_ws/build/vesc_msgs
[8.148s] Level 1:colcon.colcon_core.environment:create_environment_scripts_only(vesc_msgs)
[8.153s] Level 1:colcon.colcon_core.environment:checking '/home/f1/f1tenth_ws/install/vesc_msgs' for CMake module files
[8.162s] Level 1:colcon.colcon_core.environment:checking '/home/f1/f1tenth_ws/install/vesc_msgs' for CMake config files
[8.165s] Level 1:colcon.colcon_core.shell:create_environment_hook('vesc_msgs', 'cmake_prefix_path')
[8.168s] INFO:colcon.colcon_core.shell:Creating environment hook '/home/f1/f1tenth_ws/install/vesc_msgs/share/vesc_msgs/hook/cmake_prefix_path.ps1'
[8.174s] INFO:colcon.colcon_core.shell:Creating environment descriptor '/home/f1/f1tenth_ws/install/vesc_msgs/share/vesc_msgs/hook/cmake_prefix_path.dsv'
[8.177s] INFO:colcon.colcon_core.shell:Creating environment hook '/home/f1/f1tenth_ws/install/vesc_msgs/share/vesc_msgs/hook/cmake_prefix_path.sh'
[8.183s] Level 1:colcon.colcon_core.environment:checking '/home/f1/f1tenth_ws/install/vesc_msgs/lib'
[8.183s] Level 1:colcon.colcon_core.shell:create_environment_hook('vesc_msgs', 'ld_library_path_lib')
[8.185s] INFO:colcon.colcon_core.shell:Creating environment hook '/home/f1/f1tenth_ws/install/vesc_msgs/share/vesc_msgs/hook/ld_library_path_lib.ps1'
[8.188s] INFO:colcon.colcon_core.shell:Creating environment descriptor '/home/f1/f1tenth_ws/install/vesc_msgs/share/vesc_msgs/hook/ld_library_path_lib.dsv'
[8.190s] INFO:colcon.colcon_core.shell:Creating environment hook '/home/f1/f1tenth_ws/install/vesc_msgs/share/vesc_msgs/hook/ld_library_path_lib.sh'
[8.193s] Level 1:colcon.colcon_core.environment:checking '/home/f1/f1tenth_ws/install/vesc_msgs/bin'
[8.193s] Level 1:colcon.colcon_core.environment:checking '/home/f1/f1tenth_ws/install/vesc_msgs/lib/pkgconfig/vesc_msgs.pc'
[8.195s] Level 1:colcon.colcon_core.environment:checking '/home/f1/f1tenth_ws/install/vesc_msgs/lib/python3.8/site-packages'
[8.195s] Level 1:colcon.colcon_core.shell:create_environment_hook('vesc_msgs', 'pythonpath')
[8.197s] INFO:colcon.colcon_core.shell:Creating environment hook '/home/f1/f1tenth_ws/install/vesc_msgs/share/vesc_msgs/hook/pythonpath.ps1'
[8.199s] INFO:colcon.colcon_core.shell:Creating environment descriptor '/home/f1/f1tenth_ws/install/vesc_msgs/share/vesc_msgs/hook/pythonpath.dsv'
[8.203s] INFO:colcon.colcon_core.shell:Creating environment hook '/home/f1/f1tenth_ws/install/vesc_msgs/share/vesc_msgs/hook/pythonpath.sh'
[8.206s] Level 1:colcon.colcon_core.environment:checking '/home/f1/f1tenth_ws/install/vesc_msgs/bin'
[8.209s] INFO:colcon.colcon_core.shell:Creating package script '/home/f1/f1tenth_ws/install/vesc_msgs/share/vesc_msgs/package.ps1'
[8.215s] INFO:colcon.colcon_core.shell:Creating package descriptor '/home/f1/f1tenth_ws/install/vesc_msgs/share/vesc_msgs/package.dsv'
[8.220s] INFO:colcon.colcon_core.shell:Creating package script '/home/f1/f1tenth_ws/install/vesc_msgs/share/vesc_msgs/package.sh'
[8.223s] INFO:colcon.colcon_core.shell:Creating package script '/home/f1/f1tenth_ws/install/vesc_msgs/share/vesc_msgs/package.bash'
[8.227s] INFO:colcon.colcon_core.shell:Creating package script '/home/f1/f1tenth_ws/install/vesc_msgs/share/vesc_msgs/package.zsh'
[8.229s] Level 1:colcon.colcon_core.environment:create_file_with_runtime_dependencies(/home/f1/f1tenth_ws/install/vesc_msgs/share/colcon-core/packages/vesc_msgs)
[8.234s] Level 1:colcon.colcon_core.environment:create_environment_scripts_only(vesc_msgs)
[8.235s] Level 1:colcon.colcon_core.environment:checking '/home/f1/f1tenth_ws/install/vesc_msgs' for CMake module files
[8.239s] Level 1:colcon.colcon_core.environment:checking '/home/f1/f1tenth_ws/install/vesc_msgs' for CMake config files
[8.242s] Level 1:colcon.colcon_core.shell:create_environment_hook('vesc_msgs', 'cmake_prefix_path')
[8.244s] INFO:colcon.colcon_core.shell:Creating environment hook '/home/f1/f1tenth_ws/install/vesc_msgs/share/vesc_msgs/hook/cmake_prefix_path.ps1'
[8.248s] INFO:colcon.colcon_core.shell:Creating environment descriptor '/home/f1/f1tenth_ws/install/vesc_msgs/share/vesc_msgs/hook/cmake_prefix_path.dsv'
[8.250s] INFO:colcon.colcon_core.shell:Creating environment hook '/home/f1/f1tenth_ws/install/vesc_msgs/share/vesc_msgs/hook/cmake_prefix_path.sh'
[8.254s] Level 1:colcon.colcon_core.environment:checking '/home/f1/f1tenth_ws/install/vesc_msgs/lib'
[8.254s] Level 1:colcon.colcon_core.shell:create_environment_hook('vesc_msgs', 'ld_library_path_lib')
[8.256s] INFO:colcon.colcon_core.shell:Creating environment hook '/home/f1/f1tenth_ws/install/vesc_msgs/share/vesc_msgs/hook/ld_library_path_lib.ps1'
[8.258s] INFO:colcon.colcon_core.shell:Creating environment descriptor '/home/f1/f1tenth_ws/install/vesc_msgs/share/vesc_msgs/hook/ld_library_path_lib.dsv'
[8.260s] INFO:colcon.colcon_core.shell:Creating environment hook '/home/f1/f1tenth_ws/install/vesc_msgs/share/vesc_msgs/hook/ld_library_path_lib.sh'
[8.263s] Level 1:colcon.colcon_core.environment:checking '/home/f1/f1tenth_ws/install/vesc_msgs/bin'
[8.263s] Level 1:colcon.colcon_core.environment:checking '/home/f1/f1tenth_ws/install/vesc_msgs/lib/pkgconfig/vesc_msgs.pc'
[8.264s] Level 1:colcon.colcon_core.environment:checking '/home/f1/f1tenth_ws/install/vesc_msgs/lib/python3.8/site-packages'
[8.265s] Level 1:colcon.colcon_core.shell:create_environment_hook('vesc_msgs', 'pythonpath')
[8.266s] INFO:colcon.colcon_core.shell:Creating environment hook '/home/f1/f1tenth_ws/install/vesc_msgs/share/vesc_msgs/hook/pythonpath.ps1'
[8.269s] INFO:colcon.colcon_core.shell:Creating environment descriptor '/home/f1/f1tenth_ws/install/vesc_msgs/share/vesc_msgs/hook/pythonpath.dsv'
[8.272s] INFO:colcon.colcon_core.shell:Creating environment hook '/home/f1/f1tenth_ws/install/vesc_msgs/share/vesc_msgs/hook/pythonpath.sh'
[8.277s] Level 1:colcon.colcon_core.environment:checking '/home/f1/f1tenth_ws/install/vesc_msgs/bin'
[8.279s] INFO:colcon.colcon_core.shell:Creating package script '/home/f1/f1tenth_ws/install/vesc_msgs/share/vesc_msgs/package.ps1'
[8.284s] INFO:colcon.colcon_core.shell:Creating package descriptor '/home/f1/f1tenth_ws/install/vesc_msgs/share/vesc_msgs/package.dsv'
[8.289s] INFO:colcon.colcon_core.shell:Creating package script '/home/f1/f1tenth_ws/install/vesc_msgs/share/vesc_msgs/package.sh'
[8.293s] INFO:colcon.colcon_core.shell:Creating package script '/home/f1/f1tenth_ws/install/vesc_msgs/share/vesc_msgs/package.bash'
[8.296s] INFO:colcon.colcon_core.shell:Creating package script '/home/f1/f1tenth_ws/install/vesc_msgs/share/vesc_msgs/package.zsh'
[8.299s] Level 1:colcon.colcon_core.environment:create_file_with_runtime_dependencies(/home/f1/f1tenth_ws/install/vesc_msgs/share/colcon-core/packages/vesc_msgs)
[8.306s] INFO:colcon.colcon_ros.task.ament_cmake.build:Building ROS package in '/home/f1/f1tenth_ws/src/f1tenth_system/vesc/vesc_ackermann' with build type 'ament_cmake'
[8.308s] INFO:colcon.colcon_cmake.task.cmake.build:Building CMake package in '/home/f1/f1tenth_ws/src/f1tenth_system/vesc/vesc_ackermann'
[8.310s] INFO:colcon.colcon_core.shell:Skip shell extension 'powershell' for command environment: Not usable outside of PowerShell
[8.310s] DEBUG:colcon.colcon_core.shell:Skip shell extension 'dsv' for command environment
[9.907s] INFO:colcon.colcon_core.task.python.build:Building Python package in '/home/f1/f1tenth_ws/src/f1tenth_system/teleop_tools/joy_teleop'
[9.912s] INFO:colcon.colcon_core.shell:Skip shell extension 'powershell' for command environment: Not usable outside of PowerShell
[9.913s] DEBUG:colcon.colcon_core.shell:Skip shell extension 'dsv' for command environment
[9.966s] DEBUG:colcon.colcon_core.event_handler.log_command:Invoked command in '/home/f1/f1tenth_ws/build/path_follow' returned '0': CMAKE_PREFIX_PATH=/opt/ros/foxy CONDA_PROMPT_MODIFIER=(base) /usr/bin/cmake --build /home/f1/f1tenth_ws/build/path_follow -- -j6 -l6
[9.991s] DEBUG:colcon.colcon_core.event_handler.log_command:Invoking command in '/home/f1/f1tenth_ws/build/path_follow': CMAKE_PREFIX_PATH=/opt/ros/foxy CONDA_PROMPT_MODIFIER=(base) /usr/bin/cmake --install /home/f1/f1tenth_ws/build/path_follow
[10.027s] DEBUG:colcon.colcon_core.event_handler.log_command:Invoking command in '/home/f1/f1tenth_ws/build/vesc_ackermann': AMENT_PREFIX_PATH=/home/f1/f1tenth_ws/install/vesc_msgs:${AMENT_PREFIX_PATH} CMAKE_PREFIX_PATH=/home/f1/f1tenth_ws/install/vesc_msgs:/opt/ros/foxy CONDA_PROMPT_MODIFIER=(base) LD_LIBRARY_PATH=/home/f1/f1tenth_ws/install/vesc_msgs/lib:${LD_LIBRARY_PATH} PYTHONPATH=/home/f1/f1tenth_ws/install/vesc_msgs/lib/python3.8/site-packages:${PYTHONPATH} /usr/bin/cmake --build /home/f1/f1tenth_ws/build/vesc_ackermann -- -j6 -l6
[10.076s] DEBUG:colcon.colcon_core.event_handler.log_command:Invoking command in '/home/f1/f1tenth_ws/build/key_teleop': CONDA_PROMPT_MODIFIER=(base) PYTHONPATH=/home/f1/f1tenth_ws/build/key_teleop/prefix_override:/usr/lib/python3/dist-packages/colcon_core/task/python/colcon_distutils_commands:/home/f1/f1tenth_ws/install/key_teleop/lib/python3.8/site-packages:${PYTHONPATH} /usr/bin/python3 -W ignore:setup.py install is deprecated -W ignore:easy_install command is deprecated setup.py develop --editable --build-directory /home/f1/f1tenth_ws/build/key_teleop/build --no-deps symlink_data
[10.101s] DEBUG:colcon.colcon_core.event_handler.log_command:Invoking command in '/home/f1/f1tenth_ws/build/mouse_teleop': CONDA_PROMPT_MODIFIER=(base) PYTHONPATH=/home/f1/f1tenth_ws/build/mouse_teleop/prefix_override:/usr/lib/python3/dist-packages/colcon_core/task/python/colcon_distutils_commands:/home/f1/f1tenth_ws/install/mouse_teleop/lib/python3.8/site-packages:${PYTHONPATH} /usr/bin/python3 -W ignore:setup.py install is deprecated -W ignore:easy_install command is deprecated setup.py develop --editable --build-directory /home/f1/f1tenth_ws/build/mouse_teleop/build --no-deps symlink_data
[10.165s] Level 1:colcon.colcon_core.environment:create_environment_scripts_only(path_follow)
[10.170s] Level 1:colcon.colcon_core.environment:checking '/home/f1/f1tenth_ws/install/path_follow' for CMake module files
[10.172s] DEBUG:colcon.colcon_core.event_handler.log_command:Invoked command in '/home/f1/f1tenth_ws/build/path_follow' returned '0': CMAKE_PREFIX_PATH=/opt/ros/foxy CONDA_PROMPT_MODIFIER=(base) /usr/bin/cmake --install /home/f1/f1tenth_ws/build/path_follow
[10.177s] Level 1:colcon.colcon_core.environment:checking '/home/f1/f1tenth_ws/install/path_follow' for CMake config files
[10.179s] Level 1:colcon.colcon_core.shell:create_environment_hook('path_follow', 'cmake_prefix_path')
[10.181s] INFO:colcon.colcon_core.shell:Creating environment hook '/home/f1/f1tenth_ws/install/path_follow/share/path_follow/hook/cmake_prefix_path.ps1'
[10.185s] INFO:colcon.colcon_core.shell:Creating environment descriptor '/home/f1/f1tenth_ws/install/path_follow/share/path_follow/hook/cmake_prefix_path.dsv'
[10.188s] INFO:colcon.colcon_core.shell:Creating environment hook '/home/f1/f1tenth_ws/install/path_follow/share/path_follow/hook/cmake_prefix_path.sh'
[10.192s] Level 1:colcon.colcon_core.environment:checking '/home/f1/f1tenth_ws/install/path_follow/lib'
[10.193s] Level 1:colcon.colcon_core.environment:checking '/home/f1/f1tenth_ws/install/path_follow/bin'
[10.193s] Level 1:colcon.colcon_core.environment:checking '/home/f1/f1tenth_ws/install/path_follow/lib/pkgconfig/path_follow.pc'
[10.195s] Level 1:colcon.colcon_core.environment:checking '/home/f1/f1tenth_ws/install/path_follow/lib/python3.8/site-packages'
[10.196s] Level 1:colcon.colcon_core.environment:checking '/home/f1/f1tenth_ws/install/path_follow/bin'
[10.199s] INFO:colcon.colcon_core.shell:Creating package script '/home/f1/f1tenth_ws/install/path_follow/share/path_follow/package.ps1'
[10.206s] INFO:colcon.colcon_core.shell:Creating package descriptor '/home/f1/f1tenth_ws/install/path_follow/share/path_follow/package.dsv'
[10.209s] INFO:colcon.colcon_core.shell:Creating package script '/home/f1/f1tenth_ws/install/path_follow/share/path_follow/package.sh'
[10.211s] INFO:colcon.colcon_core.shell:Creating package script '/home/f1/f1tenth_ws/install/path_follow/share/path_follow/package.bash'
[10.214s] INFO:colcon.colcon_core.shell:Creating package script '/home/f1/f1tenth_ws/install/path_follow/share/path_follow/package.zsh'
[10.216s] Level 1:colcon.colcon_core.environment:create_file_with_runtime_dependencies(/home/f1/f1tenth_ws/install/path_follow/share/colcon-core/packages/path_follow)
[10.222s] Level 1:colcon.colcon_core.environment:create_environment_scripts_only(path_follow)
[10.223s] Level 1:colcon.colcon_core.environment:checking '/home/f1/f1tenth_ws/install/path_follow' for CMake module files
[10.227s] Level 1:colcon.colcon_core.environment:checking '/home/f1/f1tenth_ws/install/path_follow' for CMake config files
[10.229s] Level 1:colcon.colcon_core.shell:create_environment_hook('path_follow', 'cmake_prefix_path')
[10.230s] INFO:colcon.colcon_core.shell:Creating environment hook '/home/f1/f1tenth_ws/install/path_follow/share/path_follow/hook/cmake_prefix_path.ps1'
[10.233s] INFO:colcon.colcon_core.shell:Creating environment descriptor '/home/f1/f1tenth_ws/install/path_follow/share/path_follow/hook/cmake_prefix_path.dsv'
[10.235s] INFO:colcon.colcon_core.shell:Creating environment hook '/home/f1/f1tenth_ws/install/path_follow/share/path_follow/hook/cmake_prefix_path.sh'
[10.238s] Level 1:colcon.colcon_core.environment:checking '/home/f1/f1tenth_ws/install/path_follow/lib'
[10.239s] Level 1:colcon.colcon_core.environment:checking '/home/f1/f1tenth_ws/install/path_follow/bin'
[10.239s] Level 1:colcon.colcon_core.environment:checking '/home/f1/f1tenth_ws/install/path_follow/lib/pkgconfig/path_follow.pc'
[10.240s] Level 1:colcon.colcon_core.environment:checking '/home/f1/f1tenth_ws/install/path_follow/lib/python3.8/site-packages'
[10.241s] Level 1:colcon.colcon_core.environment:checking '/home/f1/f1tenth_ws/install/path_follow/bin'
[10.244s] INFO:colcon.colcon_core.shell:Creating package script '/home/f1/f1tenth_ws/install/path_follow/share/path_follow/package.ps1'
[10.248s] INFO:colcon.colcon_core.shell:Creating package descriptor '/home/f1/f1tenth_ws/install/path_follow/share/path_follow/package.dsv'
[10.251s] INFO:colcon.colcon_core.shell:Creating package script '/home/f1/f1tenth_ws/install/path_follow/share/path_follow/package.sh'
[10.254s] INFO:colcon.colcon_core.shell:Creating package script '/home/f1/f1tenth_ws/install/path_follow/share/path_follow/package.bash'
[10.257s] INFO:colcon.colcon_core.shell:Creating package script '/home/f1/f1tenth_ws/install/path_follow/share/path_follow/package.zsh'
[10.260s] Level 1:colcon.colcon_core.environment:create_file_with_runtime_dependencies(/home/f1/f1tenth_ws/install/path_follow/share/colcon-core/packages/path_follow)
[10.266s] INFO:colcon.colcon_ros.task.ament_cmake.build:Building ROS package in '/home/f1/f1tenth_ws/src/f1tenth_system/vesc/vesc_driver' with build type 'ament_cmake'
[10.268s] INFO:colcon.colcon_cmake.task.cmake.build:Building CMake package in '/home/f1/f1tenth_ws/src/f1tenth_system/vesc/vesc_driver'
[10.269s] INFO:colcon.colcon_core.shell:Skip shell extension 'powershell' for command environment: Not usable outside of PowerShell
[10.270s] DEBUG:colcon.colcon_core.shell:Skip shell extension 'dsv' for command environment
[10.393s] DEBUG:colcon.colcon_core.event_handler.log_command:Invoking command in '/home/f1/f1tenth_ws/build/vesc_driver': AMENT_PREFIX_PATH=/home/f1/f1tenth_ws/install/vesc_msgs:${AMENT_PREFIX_PATH} CMAKE_PREFIX_PATH=/home/f1/f1tenth_ws/install/vesc_msgs:/opt/ros/foxy CONDA_PROMPT_MODIFIER=(base) LD_LIBRARY_PATH=/home/f1/f1tenth_ws/install/vesc_msgs/lib:${LD_LIBRARY_PATH} PYTHONPATH=/home/f1/f1tenth_ws/install/vesc_msgs/lib/python3.8/site-packages:${PYTHONPATH} /usr/bin/cmake --build /home/f1/f1tenth_ws/build/vesc_driver -- -j6 -l6
[10.809s] DEBUG:colcon.colcon_core.event_handler.log_command:Invoked command in '/home/f1/f1tenth_ws/build/vesc_ackermann' returned '0': AMENT_PREFIX_PATH=/home/f1/f1tenth_ws/install/vesc_msgs:${AMENT_PREFIX_PATH} CMAKE_PREFIX_PATH=/home/f1/f1tenth_ws/install/vesc_msgs:/opt/ros/foxy CONDA_PROMPT_MODIFIER=(base) LD_LIBRARY_PATH=/home/f1/f1tenth_ws/install/vesc_msgs/lib:${LD_LIBRARY_PATH} PYTHONPATH=/home/f1/f1tenth_ws/install/vesc_msgs/lib/python3.8/site-packages:${PYTHONPATH} /usr/bin/cmake --build /home/f1/f1tenth_ws/build/vesc_ackermann -- -j6 -l6
[10.832s] DEBUG:colcon.colcon_core.event_handler.log_command:Invoking command in '/home/f1/f1tenth_ws/build/vesc_ackermann': AMENT_PREFIX_PATH=/home/f1/f1tenth_ws/install/vesc_msgs:${AMENT_PREFIX_PATH} CMAKE_PREFIX_PATH=/home/f1/f1tenth_ws/install/vesc_msgs:/opt/ros/foxy CONDA_PROMPT_MODIFIER=(base) LD_LIBRARY_PATH=/home/f1/f1tenth_ws/install/vesc_msgs/lib:${LD_LIBRARY_PATH} PYTHONPATH=/home/f1/f1tenth_ws/install/vesc_msgs/lib/python3.8/site-packages:${PYTHONPATH} /usr/bin/cmake --install /home/f1/f1tenth_ws/build/vesc_ackermann
[11.038s] Level 1:colcon.colcon_core.environment:create_environment_scripts_only(vesc_ackermann)
[11.042s] Level 1:colcon.colcon_core.environment:checking '/home/f1/f1tenth_ws/install/vesc_ackermann' for CMake module files
[11.045s] DEBUG:colcon.colcon_core.event_handler.log_command:Invoked command in '/home/f1/f1tenth_ws/build/vesc_ackermann' returned '0': AMENT_PREFIX_PATH=/home/f1/f1tenth_ws/install/vesc_msgs:${AMENT_PREFIX_PATH} CMAKE_PREFIX_PATH=/home/f1/f1tenth_ws/install/vesc_msgs:/opt/ros/foxy CONDA_PROMPT_MODIFIER=(base) LD_LIBRARY_PATH=/home/f1/f1tenth_ws/install/vesc_msgs/lib:${LD_LIBRARY_PATH} PYTHONPATH=/home/f1/f1tenth_ws/install/vesc_msgs/lib/python3.8/site-packages:${PYTHONPATH} /usr/bin/cmake --install /home/f1/f1tenth_ws/build/vesc_ackermann
[11.049s] Level 1:colcon.colcon_core.environment:checking '/home/f1/f1tenth_ws/install/vesc_ackermann' for CMake config files
[11.054s] Level 1:colcon.colcon_core.shell:create_environment_hook('vesc_ackermann', 'cmake_prefix_path')
[11.056s] INFO:colcon.colcon_core.shell:Creating environment hook '/home/f1/f1tenth_ws/install/vesc_ackermann/share/vesc_ackermann/hook/cmake_prefix_path.ps1'
[11.060s] INFO:colcon.colcon_core.shell:Creating environment descriptor '/home/f1/f1tenth_ws/install/vesc_ackermann/share/vesc_ackermann/hook/cmake_prefix_path.dsv'
[11.063s] INFO:colcon.colcon_core.shell:Creating environment hook '/home/f1/f1tenth_ws/install/vesc_ackermann/share/vesc_ackermann/hook/cmake_prefix_path.sh'
[11.079s] Level 1:colcon.colcon_core.environment:checking '/home/f1/f1tenth_ws/install/vesc_ackermann/lib'
[11.080s] Level 1:colcon.colcon_core.shell:create_environment_hook('vesc_ackermann', 'ld_library_path_lib')
[11.082s] INFO:colcon.colcon_core.shell:Creating environment hook '/home/f1/f1tenth_ws/install/vesc_ackermann/share/vesc_ackermann/hook/ld_library_path_lib.ps1'
[11.085s] INFO:colcon.colcon_core.shell:Creating environment descriptor '/home/f1/f1tenth_ws/install/vesc_ackermann/share/vesc_ackermann/hook/ld_library_path_lib.dsv'
[11.087s] INFO:colcon.colcon_core.shell:Creating environment hook '/home/f1/f1tenth_ws/install/vesc_ackermann/share/vesc_ackermann/hook/ld_library_path_lib.sh'
[11.097s] Level 1:colcon.colcon_core.environment:checking '/home/f1/f1tenth_ws/install/vesc_ackermann/bin'
[11.098s] Level 1:colcon.colcon_core.environment:checking '/home/f1/f1tenth_ws/install/vesc_ackermann/lib/pkgconfig/vesc_ackermann.pc'
[11.100s] Level 1:colcon.colcon_core.environment:checking '/home/f1/f1tenth_ws/install/vesc_ackermann/lib/python3.8/site-packages'
[11.102s] Level 1:colcon.colcon_core.environment:checking '/home/f1/f1tenth_ws/install/vesc_ackermann/bin'
[11.104s] INFO:colcon.colcon_core.shell:Creating package script '/home/f1/f1tenth_ws/install/vesc_ackermann/share/vesc_ackermann/package.ps1'
[11.107s] INFO:colcon.colcon_core.shell:Creating package descriptor '/home/f1/f1tenth_ws/install/vesc_ackermann/share/vesc_ackermann/package.dsv'
[11.110s] INFO:colcon.colcon_core.shell:Creating package script '/home/f1/f1tenth_ws/install/vesc_ackermann/share/vesc_ackermann/package.sh'
[11.113s] INFO:colcon.colcon_core.shell:Creating package script '/home/f1/f1tenth_ws/install/vesc_ackermann/share/vesc_ackermann/package.bash'
[11.115s] INFO:colcon.colcon_core.shell:Creating package script '/home/f1/f1tenth_ws/install/vesc_ackermann/share/vesc_ackermann/package.zsh'
[11.118s] Level 1:colcon.colcon_core.environment:create_file_with_runtime_dependencies(/home/f1/f1tenth_ws/install/vesc_ackermann/share/colcon-core/packages/vesc_ackermann)
[11.122s] Level 1:colcon.colcon_core.environment:create_environment_scripts_only(vesc_ackermann)
[11.123s] Level 1:colcon.colcon_core.environment:checking '/home/f1/f1tenth_ws/install/vesc_ackermann' for CMake module files
[11.127s] Level 1:colcon.colcon_core.environment:checking '/home/f1/f1tenth_ws/install/vesc_ackermann' for CMake config files
[11.129s] Level 1:colcon.colcon_core.shell:create_environment_hook('vesc_ackermann', 'cmake_prefix_path')
[11.131s] INFO:colcon.colcon_core.shell:Creating environment hook '/home/f1/f1tenth_ws/install/vesc_ackermann/share/vesc_ackermann/hook/cmake_prefix_path.ps1'
[11.134s] INFO:colcon.colcon_core.shell:Creating environment descriptor '/home/f1/f1tenth_ws/install/vesc_ackermann/share/vesc_ackermann/hook/cmake_prefix_path.dsv'
[11.137s] INFO:colcon.colcon_core.shell:Creating environment hook '/home/f1/f1tenth_ws/install/vesc_ackermann/share/vesc_ackermann/hook/cmake_prefix_path.sh'
[11.140s] Level 1:colcon.colcon_core.environment:checking '/home/f1/f1tenth_ws/install/vesc_ackermann/lib'
[11.141s] Level 1:colcon.colcon_core.shell:create_environment_hook('vesc_ackermann', 'ld_library_path_lib')
[11.142s] INFO:colcon.colcon_core.shell:Creating environment hook '/home/f1/f1tenth_ws/install/vesc_ackermann/share/vesc_ackermann/hook/ld_library_path_lib.ps1'
[11.144s] INFO:colcon.colcon_core.shell:Creating environment descriptor '/home/f1/f1tenth_ws/install/vesc_ackermann/share/vesc_ackermann/hook/ld_library_path_lib.dsv'
[11.146s] INFO:colcon.colcon_core.shell:Creating environment hook '/home/f1/f1tenth_ws/install/vesc_ackermann/share/vesc_ackermann/hook/ld_library_path_lib.sh'
[11.149s] Level 1:colcon.colcon_core.environment:checking '/home/f1/f1tenth_ws/install/vesc_ackermann/bin'
[11.149s] Level 1:colcon.colcon_core.environment:checking '/home/f1/f1tenth_ws/install/vesc_ackermann/lib/pkgconfig/vesc_ackermann.pc'
[11.150s] Level 1:colcon.colcon_core.environment:checking '/home/f1/f1tenth_ws/install/vesc_ackermann/lib/python3.8/site-packages'
[11.151s] Level 1:colcon.colcon_core.environment:checking '/home/f1/f1tenth_ws/install/vesc_ackermann/bin'
[11.152s] INFO:colcon.colcon_core.shell:Creating package script '/home/f1/f1tenth_ws/install/vesc_ackermann/share/vesc_ackermann/package.ps1'
[11.161s] INFO:colcon.colcon_core.shell:Creating package descriptor '/home/f1/f1tenth_ws/install/vesc_ackermann/share/vesc_ackermann/package.dsv'
[11.164s] INFO:colcon.colcon_core.shell:Creating package script '/home/f1/f1tenth_ws/install/vesc_ackermann/share/vesc_ackermann/package.sh'
[11.167s] INFO:colcon.colcon_core.shell:Creating package script '/home/f1/f1tenth_ws/install/vesc_ackermann/share/vesc_ackermann/package.bash'
[11.170s] INFO:colcon.colcon_core.shell:Creating package script '/home/f1/f1tenth_ws/install/vesc_ackermann/share/vesc_ackermann/package.zsh'
[11.172s] Level 1:colcon.colcon_core.environment:create_file_with_runtime_dependencies(/home/f1/f1tenth_ws/install/vesc_ackermann/share/colcon-core/packages/vesc_ackermann)
[11.178s] INFO:colcon.colcon_ros.task.ament_cmake.build:Building ROS package in '/home/f1/f1tenth_ws/src/pure_pursuit' with build type 'ament_cmake'
[11.180s] INFO:colcon.colcon_cmake.task.cmake.build:Building CMake package in '/home/f1/f1tenth_ws/src/pure_pursuit'
[11.181s] INFO:colcon.colcon_core.shell:Skip shell extension 'powershell' for command environment: Not usable outside of PowerShell
[11.182s] DEBUG:colcon.colcon_core.shell:Skip shell extension 'dsv' for command environment
[11.243s] DEBUG:colcon.colcon_core.event_handler.log_command:Invoking command in '/home/f1/f1tenth_ws/build/pure_pursuit': CMAKE_PREFIX_PATH=/opt/ros/foxy CONDA_PROMPT_MODIFIER=(base) /usr/bin/cmake --build /home/f1/f1tenth_ws/build/pure_pursuit -- -j6 -l6
[11.336s] DEBUG:colcon.colcon_core.event_handler.log_command:Invoked command in '/home/f1/f1tenth_ws/build/vesc_driver' returned '0': AMENT_PREFIX_PATH=/home/f1/f1tenth_ws/install/vesc_msgs:${AMENT_PREFIX_PATH} CMAKE_PREFIX_PATH=/home/f1/f1tenth_ws/install/vesc_msgs:/opt/ros/foxy CONDA_PROMPT_MODIFIER=(base) LD_LIBRARY_PATH=/home/f1/f1tenth_ws/install/vesc_msgs/lib:${LD_LIBRARY_PATH} PYTHONPATH=/home/f1/f1tenth_ws/install/vesc_msgs/lib/python3.8/site-packages:${PYTHONPATH} /usr/bin/cmake --build /home/f1/f1tenth_ws/build/vesc_driver -- -j6 -l6
[11.367s] DEBUG:colcon.colcon_core.event_handler.log_command:Invoking command in '/home/f1/f1tenth_ws/build/vesc_driver': AMENT_PREFIX_PATH=/home/f1/f1tenth_ws/install/vesc_msgs:${AMENT_PREFIX_PATH} CMAKE_PREFIX_PATH=/home/f1/f1tenth_ws/install/vesc_msgs:/opt/ros/foxy CONDA_PROMPT_MODIFIER=(base) LD_LIBRARY_PATH=/home/f1/f1tenth_ws/install/vesc_msgs/lib:${LD_LIBRARY_PATH} PYTHONPATH=/home/f1/f1tenth_ws/install/vesc_msgs/lib/python3.8/site-packages:${PYTHONPATH} /usr/bin/cmake --install /home/f1/f1tenth_ws/build/vesc_driver
[11.603s] Level 1:colcon.colcon_core.environment:create_environment_scripts_only(vesc_driver)
[11.606s] Level 1:colcon.colcon_core.environment:checking '/home/f1/f1tenth_ws/install/vesc_driver' for CMake module files
[11.609s] DEBUG:colcon.colcon_core.event_handler.log_command:Invoked command in '/home/f1/f1tenth_ws/build/vesc_driver' returned '0': AMENT_PREFIX_PATH=/home/f1/f1tenth_ws/install/vesc_msgs:${AMENT_PREFIX_PATH} CMAKE_PREFIX_PATH=/home/f1/f1tenth_ws/install/vesc_msgs:/opt/ros/foxy CONDA_PROMPT_MODIFIER=(base) LD_LIBRARY_PATH=/home/f1/f1tenth_ws/install/vesc_msgs/lib:${LD_LIBRARY_PATH} PYTHONPATH=/home/f1/f1tenth_ws/install/vesc_msgs/lib/python3.8/site-packages:${PYTHONPATH} /usr/bin/cmake --install /home/f1/f1tenth_ws/build/vesc_driver
[11.622s] Level 1:colcon.colcon_core.environment:checking '/home/f1/f1tenth_ws/install/vesc_driver' for CMake config files
[11.625s] Level 1:colcon.colcon_core.shell:create_environment_hook('vesc_driver', 'cmake_prefix_path')
[11.627s] INFO:colcon.colcon_core.shell:Creating environment hook '/home/f1/f1tenth_ws/install/vesc_driver/share/vesc_driver/hook/cmake_prefix_path.ps1'
[11.632s] INFO:colcon.colcon_core.shell:Creating environment descriptor '/home/f1/f1tenth_ws/install/vesc_driver/share/vesc_driver/hook/cmake_prefix_path.dsv'
[11.640s] INFO:colcon.colcon_core.shell:Creating environment hook '/home/f1/f1tenth_ws/install/vesc_driver/share/vesc_driver/hook/cmake_prefix_path.sh'
[11.645s] Level 1:colcon.colcon_core.environment:checking '/home/f1/f1tenth_ws/install/vesc_driver/lib'
[11.646s] Level 1:colcon.colcon_core.shell:create_environment_hook('vesc_driver', 'ld_library_path_lib')
[11.647s] INFO:colcon.colcon_core.shell:Creating environment hook '/home/f1/f1tenth_ws/install/vesc_driver/share/vesc_driver/hook/ld_library_path_lib.ps1'
[11.650s] INFO:colcon.colcon_core.shell:Creating environment descriptor '/home/f1/f1tenth_ws/install/vesc_driver/share/vesc_driver/hook/ld_library_path_lib.dsv'
[11.653s] INFO:colcon.colcon_core.shell:Creating environment hook '/home/f1/f1tenth_ws/install/vesc_driver/share/vesc_driver/hook/ld_library_path_lib.sh'
[11.661s] Level 1:colcon.colcon_core.environment:checking '/home/f1/f1tenth_ws/install/vesc_driver/bin'
[11.661s] Level 1:colcon.colcon_core.environment:checking '/home/f1/f1tenth_ws/install/vesc_driver/lib/pkgconfig/vesc_driver.pc'
[11.663s] Level 1:colcon.colcon_core.environment:checking '/home/f1/f1tenth_ws/install/vesc_driver/lib/python3.8/site-packages'
[11.664s] Level 1:colcon.colcon_core.environment:checking '/home/f1/f1tenth_ws/install/vesc_driver/bin'
[11.667s] INFO:colcon.colcon_core.shell:Creating package script '/home/f1/f1tenth_ws/install/vesc_driver/share/vesc_driver/package.ps1'
[11.672s] INFO:colcon.colcon_core.shell:Creating package descriptor '/home/f1/f1tenth_ws/install/vesc_driver/share/vesc_driver/package.dsv'
[11.682s] INFO:colcon.colcon_core.shell:Creating package script '/home/f1/f1tenth_ws/install/vesc_driver/share/vesc_driver/package.sh'
[11.685s] INFO:colcon.colcon_core.shell:Creating package script '/home/f1/f1tenth_ws/install/vesc_driver/share/vesc_driver/package.bash'
[11.689s] INFO:colcon.colcon_core.shell:Creating package script '/home/f1/f1tenth_ws/install/vesc_driver/share/vesc_driver/package.zsh'
[11.692s] Level 1:colcon.colcon_core.environment:create_file_with_runtime_dependencies(/home/f1/f1tenth_ws/install/vesc_driver/share/colcon-core/packages/vesc_driver)
[11.697s] Level 1:colcon.colcon_core.environment:create_environment_scripts_only(vesc_driver)
[11.698s] Level 1:colcon.colcon_core.environment:checking '/home/f1/f1tenth_ws/install/vesc_driver' for CMake module files
[11.702s] Level 1:colcon.colcon_core.environment:checking '/home/f1/f1tenth_ws/install/vesc_driver' for CMake config files
[11.705s] Level 1:colcon.colcon_core.shell:create_environment_hook('vesc_driver', 'cmake_prefix_path')
[11.706s] INFO:colcon.colcon_core.shell:Creating environment hook '/home/f1/f1tenth_ws/install/vesc_driver/share/vesc_driver/hook/cmake_prefix_path.ps1'
[11.710s] INFO:colcon.colcon_core.shell:Creating environment descriptor '/home/f1/f1tenth_ws/install/vesc_driver/share/vesc_driver/hook/cmake_prefix_path.dsv'
[11.712s] INFO:colcon.colcon_core.shell:Creating environment hook '/home/f1/f1tenth_ws/install/vesc_driver/share/vesc_driver/hook/cmake_prefix_path.sh'
[11.716s] Level 1:colcon.colcon_core.environment:checking '/home/f1/f1tenth_ws/install/vesc_driver/lib'
[11.717s] Level 1:colcon.colcon_core.shell:create_environment_hook('vesc_driver', 'ld_library_path_lib')
[11.718s] INFO:colcon.colcon_core.shell:Creating environment hook '/home/f1/f1tenth_ws/install/vesc_driver/share/vesc_driver/hook/ld_library_path_lib.ps1'
[11.721s] INFO:colcon.colcon_core.shell:Creating environment descriptor '/home/f1/f1tenth_ws/install/vesc_driver/share/vesc_driver/hook/ld_library_path_lib.dsv'
[11.723s] INFO:colcon.colcon_core.shell:Creating environment hook '/home/f1/f1tenth_ws/install/vesc_driver/share/vesc_driver/hook/ld_library_path_lib.sh'
[11.726s] Level 1:colcon.colcon_core.environment:checking '/home/f1/f1tenth_ws/install/vesc_driver/bin'
[11.726s] Level 1:colcon.colcon_core.environment:checking '/home/f1/f1tenth_ws/install/vesc_driver/lib/pkgconfig/vesc_driver.pc'
[11.728s] Level 1:colcon.colcon_core.environment:checking '/home/f1/f1tenth_ws/install/vesc_driver/lib/python3.8/site-packages'
[11.729s] Level 1:colcon.colcon_core.environment:checking '/home/f1/f1tenth_ws/install/vesc_driver/bin'
[11.731s] INFO:colcon.colcon_core.shell:Creating package script '/home/f1/f1tenth_ws/install/vesc_driver/share/vesc_driver/package.ps1'
[11.735s] INFO:colcon.colcon_core.shell:Creating package descriptor '/home/f1/f1tenth_ws/install/vesc_driver/share/vesc_driver/package.dsv'
[11.740s] INFO:colcon.colcon_core.shell:Creating package script '/home/f1/f1tenth_ws/install/vesc_driver/share/vesc_driver/package.sh'
[11.743s] INFO:colcon.colcon_core.shell:Creating package script '/home/f1/f1tenth_ws/install/vesc_driver/share/vesc_driver/package.bash'
[11.746s] INFO:colcon.colcon_core.shell:Creating package script '/home/f1/f1tenth_ws/install/vesc_driver/share/vesc_driver/package.zsh'
[11.749s] Level 1:colcon.colcon_core.environment:create_file_with_runtime_dependencies(/home/f1/f1tenth_ws/install/vesc_driver/share/colcon-core/packages/vesc_driver)
[11.753s] INFO:colcon.colcon_ros.task.ament_cmake.build:Building ROS package in '/home/f1/f1tenth_ws/src/f1tenth_system/vesc/vesc' with build type 'ament_cmake'
[11.756s] INFO:colcon.colcon_cmake.task.cmake.build:Building CMake package in '/home/f1/f1tenth_ws/src/f1tenth_system/vesc/vesc'
[11.757s] INFO:colcon.colcon_core.shell:Skip shell extension 'powershell' for command environment: Not usable outside of PowerShell
[11.760s] DEBUG:colcon.colcon_core.shell:Skip shell extension 'dsv' for command environment
[11.852s] DEBUG:colcon.colcon_core.event_handler.log_command:Invoked command in '/home/f1/f1tenth_ws/build/pure_pursuit' returned '0': CMAKE_PREFIX_PATH=/opt/ros/foxy CONDA_PROMPT_MODIFIER=(base) /usr/bin/cmake --build /home/f1/f1tenth_ws/build/pure_pursuit -- -j6 -l6
[11.864s] DEBUG:colcon.colcon_core.event_handler.log_command:Invoking command in '/home/f1/f1tenth_ws/build/pure_pursuit': CMAKE_PREFIX_PATH=/opt/ros/foxy CONDA_PROMPT_MODIFIER=(base) /usr/bin/cmake --install /home/f1/f1tenth_ws/build/pure_pursuit
[11.911s] DEBUG:colcon.colcon_core.event_handler.log_command:Invoking command in '/home/f1/f1tenth_ws/build/vesc': AMENT_PREFIX_PATH=/home/f1/f1tenth_ws/install/vesc_driver:/home/f1/f1tenth_ws/install/vesc_ackermann:/home/f1/f1tenth_ws/install/vesc_msgs:${AMENT_PREFIX_PATH} CMAKE_PREFIX_PATH=/home/f1/f1tenth_ws/install/vesc_driver:/home/f1/f1tenth_ws/install/vesc_ackermann:/home/f1/f1tenth_ws/install/vesc_msgs:/opt/ros/foxy CONDA_PROMPT_MODIFIER=(base) LD_LIBRARY_PATH=/home/f1/f1tenth_ws/install/vesc_driver/lib:/home/f1/f1tenth_ws/install/vesc_ackermann/lib:/home/f1/f1tenth_ws/install/vesc_msgs/lib:${LD_LIBRARY_PATH} PYTHONPATH=/home/f1/f1tenth_ws/install/vesc_msgs/lib/python3.8/site-packages:${PYTHONPATH} /usr/bin/cmake --build /home/f1/f1tenth_ws/build/vesc -- -j6 -l6
[12.099s] DEBUG:colcon.colcon_core.event_handler.log_command:Invoked command in '/home/f1/f1tenth_ws/build/center_follow_cpp' returned '0': CMAKE_PREFIX_PATH=/opt/ros/foxy CONDA_PROMPT_MODIFIER=(base) /usr/bin/cmake /home/f1/f1tenth_ws/src/center_follow_cpp -DCMAKE_BUILD_TYPE=Release -DAMENT_CMAKE_SYMLINK_INSTALL=1 -DCMAKE_INSTALL_PREFIX=/home/f1/f1tenth_ws/install/center_follow_cpp
[12.112s] DEBUG:colcon.colcon_core.event_handler.log_command:Invoking command in '/home/f1/f1tenth_ws/build/center_follow_cpp': CMAKE_PREFIX_PATH=/opt/ros/foxy CONDA_PROMPT_MODIFIER=(base) /usr/bin/cmake --build /home/f1/f1tenth_ws/build/center_follow_cpp -- -j6 -l6
[12.123s] Level 1:colcon.colcon_core.environment:create_environment_scripts_only(pure_pursuit)
[12.127s] Level 1:colcon.colcon_core.environment:checking '/home/f1/f1tenth_ws/install/pure_pursuit' for CMake module files
[12.137s] DEBUG:colcon.colcon_core.event_handler.log_command:Invoked command in '/home/f1/f1tenth_ws/build/pure_pursuit' returned '0': CMAKE_PREFIX_PATH=/opt/ros/foxy CONDA_PROMPT_MODIFIER=(base) /usr/bin/cmake --install /home/f1/f1tenth_ws/build/pure_pursuit
[12.143s] Level 1:colcon.colcon_core.environment:checking '/home/f1/f1tenth_ws/install/pure_pursuit' for CMake config files
[12.147s] Level 1:colcon.colcon_core.shell:create_environment_hook('pure_pursuit', 'cmake_prefix_path')
[12.149s] INFO:colcon.colcon_core.shell:Creating environment hook '/home/f1/f1tenth_ws/install/pure_pursuit/share/pure_pursuit/hook/cmake_prefix_path.ps1'
[12.154s] INFO:colcon.colcon_core.shell:Creating environment descriptor '/home/f1/f1tenth_ws/install/pure_pursuit/share/pure_pursuit/hook/cmake_prefix_path.dsv'
[12.172s] INFO:colcon.colcon_core.shell:Creating environment hook '/home/f1/f1tenth_ws/install/pure_pursuit/share/pure_pursuit/hook/cmake_prefix_path.sh'
[12.176s] Level 1:colcon.colcon_core.environment:checking '/home/f1/f1tenth_ws/install/pure_pursuit/lib'
[12.177s] Level 1:colcon.colcon_core.environment:checking '/home/f1/f1tenth_ws/install/pure_pursuit/bin'
[12.177s] Level 1:colcon.colcon_core.environment:checking '/home/f1/f1tenth_ws/install/pure_pursuit/lib/pkgconfig/pure_pursuit.pc'
[12.179s] Level 1:colcon.colcon_core.environment:checking '/home/f1/f1tenth_ws/install/pure_pursuit/lib/python3.8/site-packages'
[12.180s] Level 1:colcon.colcon_core.environment:checking '/home/f1/f1tenth_ws/install/pure_pursuit/bin'
[12.182s] INFO:colcon.colcon_core.shell:Creating package script '/home/f1/f1tenth_ws/install/pure_pursuit/share/pure_pursuit/package.ps1'
[12.199s] INFO:colcon.colcon_core.shell:Creating package descriptor '/home/f1/f1tenth_ws/install/pure_pursuit/share/pure_pursuit/package.dsv'
[12.202s] INFO:colcon.colcon_core.shell:Creating package script '/home/f1/f1tenth_ws/install/pure_pursuit/share/pure_pursuit/package.sh'
[12.205s] INFO:colcon.colcon_core.shell:Creating package script '/home/f1/f1tenth_ws/install/pure_pursuit/share/pure_pursuit/package.bash'
[12.214s] INFO:colcon.colcon_core.shell:Creating package script '/home/f1/f1tenth_ws/install/pure_pursuit/share/pure_pursuit/package.zsh'
[12.217s] Level 1:colcon.colcon_core.environment:create_file_with_runtime_dependencies(/home/f1/f1tenth_ws/install/pure_pursuit/share/colcon-core/packages/pure_pursuit)
[12.222s] Level 1:colcon.colcon_core.environment:create_environment_scripts_only(pure_pursuit)
[12.223s] Level 1:colcon.colcon_core.environment:checking '/home/f1/f1tenth_ws/install/pure_pursuit' for CMake module files
[12.227s] Level 1:colcon.colcon_core.environment:checking '/home/f1/f1tenth_ws/install/pure_pursuit' for CMake config files
[12.229s] Level 1:colcon.colcon_core.shell:create_environment_hook('pure_pursuit', 'cmake_prefix_path')
[12.230s] INFO:colcon.colcon_core.shell:Creating environment hook '/home/f1/f1tenth_ws/install/pure_pursuit/share/pure_pursuit/hook/cmake_prefix_path.ps1'
[12.233s] INFO:colcon.colcon_core.shell:Creating environment descriptor '/home/f1/f1tenth_ws/install/pure_pursuit/share/pure_pursuit/hook/cmake_prefix_path.dsv'
[12.235s] INFO:colcon.colcon_core.shell:Creating environment hook '/home/f1/f1tenth_ws/install/pure_pursuit/share/pure_pursuit/hook/cmake_prefix_path.sh'
[12.239s] Level 1:colcon.colcon_core.environment:checking '/home/f1/f1tenth_ws/install/pure_pursuit/lib'
[12.239s] Level 1:colcon.colcon_core.environment:checking '/home/f1/f1tenth_ws/install/pure_pursuit/bin'
[12.240s] Level 1:colcon.colcon_core.environment:checking '/home/f1/f1tenth_ws/install/pure_pursuit/lib/pkgconfig/pure_pursuit.pc'
[12.241s] Level 1:colcon.colcon_core.environment:checking '/home/f1/f1tenth_ws/install/pure_pursuit/lib/python3.8/site-packages'
[12.241s] Level 1:colcon.colcon_core.environment:checking '/home/f1/f1tenth_ws/install/pure_pursuit/bin'
[12.243s] INFO:colcon.colcon_core.shell:Creating package script '/home/f1/f1tenth_ws/install/pure_pursuit/share/pure_pursuit/package.ps1'
[12.248s] INFO:colcon.colcon_core.shell:Creating package descriptor '/home/f1/f1tenth_ws/install/pure_pursuit/share/pure_pursuit/package.dsv'
[12.251s] INFO:colcon.colcon_core.shell:Creating package script '/home/f1/f1tenth_ws/install/pure_pursuit/share/pure_pursuit/package.sh'
[12.254s] INFO:colcon.colcon_core.shell:Creating package script '/home/f1/f1tenth_ws/install/pure_pursuit/share/pure_pursuit/package.bash'
[12.257s] INFO:colcon.colcon_core.shell:Creating package script '/home/f1/f1tenth_ws/install/pure_pursuit/share/pure_pursuit/package.zsh'
[12.259s] Level 1:colcon.colcon_core.environment:create_file_with_runtime_dependencies(/home/f1/f1tenth_ws/install/pure_pursuit/share/colcon-core/packages/pure_pursuit)
[12.265s] INFO:colcon.colcon_ros.task.ament_python.build:Building ROS package in '/home/f1/f1tenth_ws/src/pygame_key_teleop' with build type 'ament_python'
[12.268s] Level 1:colcon.colcon_core.shell:create_environment_hook('pygame_key_teleop', 'ament_prefix_path')
[12.269s] INFO:colcon.colcon_core.shell:Creating environment hook '/home/f1/f1tenth_ws/install/pygame_key_teleop/share/pygame_key_teleop/hook/ament_prefix_path.ps1'
[12.272s] INFO:colcon.colcon_core.shell:Creating environment descriptor '/home/f1/f1tenth_ws/install/pygame_key_teleop/share/pygame_key_teleop/hook/ament_prefix_path.dsv'
[12.274s] INFO:colcon.colcon_core.shell:Creating environment hook '/home/f1/f1tenth_ws/install/pygame_key_teleop/share/pygame_key_teleop/hook/ament_prefix_path.sh'
[12.278s] INFO:colcon.colcon_core.shell:Skip shell extension 'powershell' for command environment: Not usable outside of PowerShell
[12.278s] DEBUG:colcon.colcon_core.shell:Skip shell extension 'dsv' for command environment
[12.333s] DEBUG:colcon.colcon_core.event_handler.log_command:Invoked command in '/home/f1/f1tenth_ws/build/vesc' returned '0': AMENT_PREFIX_PATH=/home/f1/f1tenth_ws/install/vesc_driver:/home/f1/f1tenth_ws/install/vesc_ackermann:/home/f1/f1tenth_ws/install/vesc_msgs:${AMENT_PREFIX_PATH} CMAKE_PREFIX_PATH=/home/f1/f1tenth_ws/install/vesc_driver:/home/f1/f1tenth_ws/install/vesc_ackermann:/home/f1/f1tenth_ws/install/vesc_msgs:/opt/ros/foxy CONDA_PROMPT_MODIFIER=(base) LD_LIBRARY_PATH=/home/f1/f1tenth_ws/install/vesc_driver/lib:/home/f1/f1tenth_ws/install/vesc_ackermann/lib:/home/f1/f1tenth_ws/install/vesc_msgs/lib:${LD_LIBRARY_PATH} PYTHONPATH=/home/f1/f1tenth_ws/install/vesc_msgs/lib/python3.8/site-packages:${PYTHONPATH} /usr/bin/cmake --build /home/f1/f1tenth_ws/build/vesc -- -j6 -l6
[12.342s] DEBUG:colcon.colcon_core.event_handler.log_command:Invoking command in '/home/f1/f1tenth_ws/build/vesc': AMENT_PREFIX_PATH=/home/f1/f1tenth_ws/install/vesc_driver:/home/f1/f1tenth_ws/install/vesc_ackermann:/home/f1/f1tenth_ws/install/vesc_msgs:${AMENT_PREFIX_PATH} CMAKE_PREFIX_PATH=/home/f1/f1tenth_ws/install/vesc_driver:/home/f1/f1tenth_ws/install/vesc_ackermann:/home/f1/f1tenth_ws/install/vesc_msgs:/opt/ros/foxy CONDA_PROMPT_MODIFIER=(base) LD_LIBRARY_PATH=/home/f1/f1tenth_ws/install/vesc_driver/lib:/home/f1/f1tenth_ws/install/vesc_ackermann/lib:/home/f1/f1tenth_ws/install/vesc_msgs/lib:${LD_LIBRARY_PATH} PYTHONPATH=/home/f1/f1tenth_ws/install/vesc_msgs/lib/python3.8/site-packages:${PYTHONPATH} /usr/bin/cmake --install /home/f1/f1tenth_ws/build/vesc
[13.901s] INFO:colcon.colcon_core.task.python.build:Building Python package in '/home/f1/f1tenth_ws/src/pygame_key_teleop'
[13.906s] INFO:colcon.colcon_core.shell:Skip shell extension 'powershell' for command environment: Not usable outside of PowerShell
[13.906s] DEBUG:colcon.colcon_core.shell:Skip shell extension 'dsv' for command environment
[13.952s] Level 1:colcon.colcon_core.shell:create_environment_hook('key_teleop', 'pythonpath_develop')
[13.956s] INFO:colcon.colcon_core.shell:Creating environment hook '/home/f1/f1tenth_ws/build/key_teleop/share/key_teleop/hook/pythonpath_develop.ps1'
[13.960s] DEBUG:colcon.colcon_core.event_handler.log_command:Invoked command in '/home/f1/f1tenth_ws/build/key_teleop' returned '0': CONDA_PROMPT_MODIFIER=(base) PYTHONPATH=/home/f1/f1tenth_ws/build/key_teleop/prefix_override:/usr/lib/python3/dist-packages/colcon_core/task/python/colcon_distutils_commands:/home/f1/f1tenth_ws/install/key_teleop/lib/python3.8/site-packages:${PYTHONPATH} /usr/bin/python3 -W ignore:setup.py install is deprecated -W ignore:easy_install command is deprecated setup.py develop --editable --build-directory /home/f1/f1tenth_ws/build/key_teleop/build --no-deps symlink_data
[13.964s] INFO:colcon.colcon_core.shell:Creating environment descriptor '/home/f1/f1tenth_ws/build/key_teleop/share/key_teleop/hook/pythonpath_develop.dsv'
[13.966s] INFO:colcon.colcon_core.shell:Creating environment hook '/home/f1/f1tenth_ws/build/key_teleop/share/key_teleop/hook/pythonpath_develop.sh'
[13.970s] Level 1:colcon.colcon_core.environment:checking '/home/f1/f1tenth_ws/install/key_teleop' for CMake module files
[13.974s] Level 1:colcon.colcon_core.environment:checking '/home/f1/f1tenth_ws/install/key_teleop' for CMake config files
[13.979s] Level 1:colcon.colcon_core.environment:checking '/home/f1/f1tenth_ws/install/key_teleop/lib'
[13.980s] Level 1:colcon.colcon_core.environment:checking '/home/f1/f1tenth_ws/install/key_teleop/bin'
[13.980s] Level 1:colcon.colcon_core.environment:checking '/home/f1/f1tenth_ws/install/key_teleop/lib/pkgconfig/key_teleop.pc'
[13.982s] Level 1:colcon.colcon_core.environment:checking '/home/f1/f1tenth_ws/install/key_teleop/lib/python3.8/site-packages'
[13.983s] Level 1:colcon.colcon_core.shell:create_environment_hook('key_teleop', 'pythonpath')
[13.984s] INFO:colcon.colcon_core.shell:Creating environment hook '/home/f1/f1tenth_ws/install/key_teleop/share/key_teleop/hook/pythonpath.ps1'
[13.987s] INFO:colcon.colcon_core.shell:Creating environment descriptor '/home/f1/f1tenth_ws/install/key_teleop/share/key_teleop/hook/pythonpath.dsv'
[13.989s] INFO:colcon.colcon_core.shell:Creating environment hook '/home/f1/f1tenth_ws/install/key_teleop/share/key_teleop/hook/pythonpath.sh'
[13.992s] Level 1:colcon.colcon_core.environment:checking '/home/f1/f1tenth_ws/install/key_teleop/bin'
[13.993s] Level 1:colcon.colcon_core.environment:create_environment_scripts_only(key_teleop)
[13.995s] INFO:colcon.colcon_core.shell:Creating package script '/home/f1/f1tenth_ws/install/key_teleop/share/key_teleop/package.ps1'
[13.999s] INFO:colcon.colcon_core.shell:Creating package descriptor '/home/f1/f1tenth_ws/install/key_teleop/share/key_teleop/package.dsv'
[14.002s] INFO:colcon.colcon_core.shell:Creating package script '/home/f1/f1tenth_ws/install/key_teleop/share/key_teleop/package.sh'
[14.005s] INFO:colcon.colcon_core.shell:Creating package script '/home/f1/f1tenth_ws/install/key_teleop/share/key_teleop/package.bash'
[14.008s] INFO:colcon.colcon_core.shell:Creating package script '/home/f1/f1tenth_ws/install/key_teleop/share/key_teleop/package.zsh'
[14.010s] Level 1:colcon.colcon_core.environment:create_file_with_runtime_dependencies(/home/f1/f1tenth_ws/install/key_teleop/share/colcon-core/packages/key_teleop)
[14.013s] Level 1:colcon.colcon_core.environment:create_environment_scripts_only(vesc)
[14.015s] Level 1:colcon.colcon_core.environment:checking '/home/f1/f1tenth_ws/install/vesc' for CMake module files
[14.021s] DEBUG:colcon.colcon_core.event_handler.log_command:Invoked command in '/home/f1/f1tenth_ws/build/vesc' returned '0': AMENT_PREFIX_PATH=/home/f1/f1tenth_ws/install/vesc_driver:/home/f1/f1tenth_ws/install/vesc_ackermann:/home/f1/f1tenth_ws/install/vesc_msgs:${AMENT_PREFIX_PATH} CMAKE_PREFIX_PATH=/home/f1/f1tenth_ws/install/vesc_driver:/home/f1/f1tenth_ws/install/vesc_ackermann:/home/f1/f1tenth_ws/install/vesc_msgs:/opt/ros/foxy CONDA_PROMPT_MODIFIER=(base) LD_LIBRARY_PATH=/home/f1/f1tenth_ws/install/vesc_driver/lib:/home/f1/f1tenth_ws/install/vesc_ackermann/lib:/home/f1/f1tenth_ws/install/vesc_msgs/lib:${LD_LIBRARY_PATH} PYTHONPATH=/home/f1/f1tenth_ws/install/vesc_msgs/lib/python3.8/site-packages:${PYTHONPATH} /usr/bin/cmake --install /home/f1/f1tenth_ws/build/vesc
[14.023s] Level 1:colcon.colcon_core.environment:checking '/home/f1/f1tenth_ws/install/vesc' for CMake config files
[14.025s] Level 1:colcon.colcon_core.shell:create_environment_hook('vesc', 'cmake_prefix_path')
[14.026s] INFO:colcon.colcon_core.shell:Creating environment hook '/home/f1/f1tenth_ws/install/vesc/share/vesc/hook/cmake_prefix_path.ps1'
[14.029s] INFO:colcon.colcon_core.shell:Creating environment descriptor '/home/f1/f1tenth_ws/install/vesc/share/vesc/hook/cmake_prefix_path.dsv'
[14.032s] INFO:colcon.colcon_core.shell:Creating environment hook '/home/f1/f1tenth_ws/install/vesc/share/vesc/hook/cmake_prefix_path.sh'
[14.035s] Level 1:colcon.colcon_core.environment:checking '/home/f1/f1tenth_ws/install/vesc/bin'
[14.035s] Level 1:colcon.colcon_core.environment:checking '/home/f1/f1tenth_ws/install/vesc/lib/pkgconfig/vesc.pc'
[14.036s] Level 1:colcon.colcon_core.environment:checking '/home/f1/f1tenth_ws/install/vesc/lib/python3.8/site-packages'
[14.037s] Level 1:colcon.colcon_core.environment:checking '/home/f1/f1tenth_ws/install/vesc/bin'
[14.039s] INFO:colcon.colcon_core.shell:Creating package script '/home/f1/f1tenth_ws/install/vesc/share/vesc/package.ps1'
[14.042s] INFO:colcon.colcon_core.shell:Creating package descriptor '/home/f1/f1tenth_ws/install/vesc/share/vesc/package.dsv'
[14.044s] INFO:colcon.colcon_core.shell:Creating package script '/home/f1/f1tenth_ws/install/vesc/share/vesc/package.sh'
[14.047s] INFO:colcon.colcon_core.shell:Creating package script '/home/f1/f1tenth_ws/install/vesc/share/vesc/package.bash'
[14.049s] INFO:colcon.colcon_core.shell:Creating package script '/home/f1/f1tenth_ws/install/vesc/share/vesc/package.zsh'
[14.051s] Level 1:colcon.colcon_core.environment:create_file_with_runtime_dependencies(/home/f1/f1tenth_ws/install/vesc/share/colcon-core/packages/vesc)
[14.055s] Level 1:colcon.colcon_core.environment:create_environment_scripts_only(vesc)
[14.056s] Level 1:colcon.colcon_core.environment:checking '/home/f1/f1tenth_ws/install/vesc' for CMake module files
[14.059s] Level 1:colcon.colcon_core.environment:checking '/home/f1/f1tenth_ws/install/vesc' for CMake config files
[14.061s] Level 1:colcon.colcon_core.shell:create_environment_hook('vesc', 'cmake_prefix_path')
[14.062s] INFO:colcon.colcon_core.shell:Creating environment hook '/home/f1/f1tenth_ws/install/vesc/share/vesc/hook/cmake_prefix_path.ps1'
[14.064s] INFO:colcon.colcon_core.shell:Creating environment descriptor '/home/f1/f1tenth_ws/install/vesc/share/vesc/hook/cmake_prefix_path.dsv'
[14.066s] INFO:colcon.colcon_core.shell:Creating environment hook '/home/f1/f1tenth_ws/install/vesc/share/vesc/hook/cmake_prefix_path.sh'
[14.069s] Level 1:colcon.colcon_core.environment:checking '/home/f1/f1tenth_ws/install/vesc/bin'
[14.070s] Level 1:colcon.colcon_core.environment:checking '/home/f1/f1tenth_ws/install/vesc/lib/pkgconfig/vesc.pc'
[14.071s] Level 1:colcon.colcon_core.environment:checking '/home/f1/f1tenth_ws/install/vesc/lib/python3.8/site-packages'
[14.072s] Level 1:colcon.colcon_core.environment:checking '/home/f1/f1tenth_ws/install/vesc/bin'
[14.073s] INFO:colcon.colcon_core.shell:Creating package script '/home/f1/f1tenth_ws/install/vesc/share/vesc/package.ps1'
[14.077s] INFO:colcon.colcon_core.shell:Creating package descriptor '/home/f1/f1tenth_ws/install/vesc/share/vesc/package.dsv'
[14.080s] INFO:colcon.colcon_core.shell:Creating package script '/home/f1/f1tenth_ws/install/vesc/share/vesc/package.sh'
[14.083s] INFO:colcon.colcon_core.shell:Creating package script '/home/f1/f1tenth_ws/install/vesc/share/vesc/package.bash'
[14.086s] INFO:colcon.colcon_core.shell:Creating package script '/home/f1/f1tenth_ws/install/vesc/share/vesc/package.zsh'
[14.089s] Level 1:colcon.colcon_core.environment:create_file_with_runtime_dependencies(/home/f1/f1tenth_ws/install/vesc/share/colcon-core/packages/vesc)
[14.091s] Level 1:colcon.colcon_core.shell:create_environment_hook('mouse_teleop', 'pythonpath_develop')
[14.092s] INFO:colcon.colcon_core.shell:Creating environment hook '/home/f1/f1tenth_ws/build/mouse_teleop/share/mouse_teleop/hook/pythonpath_develop.ps1'
[14.098s] INFO:colcon.colcon_core.shell:Creating environment descriptor '/home/f1/f1tenth_ws/build/mouse_teleop/share/mouse_teleop/hook/pythonpath_develop.dsv'
[14.099s] DEBUG:colcon.colcon_core.event_handler.log_command:Invoked command in '/home/f1/f1tenth_ws/build/mouse_teleop' returned '0': CONDA_PROMPT_MODIFIER=(base) PYTHONPATH=/home/f1/f1tenth_ws/build/mouse_teleop/prefix_override:/usr/lib/python3/dist-packages/colcon_core/task/python/colcon_distutils_commands:/home/f1/f1tenth_ws/install/mouse_teleop/lib/python3.8/site-packages:${PYTHONPATH} /usr/bin/python3 -W ignore:setup.py install is deprecated -W ignore:easy_install command is deprecated setup.py develop --editable --build-directory /home/f1/f1tenth_ws/build/mouse_teleop/build --no-deps symlink_data
[14.102s] INFO:colcon.colcon_core.shell:Creating environment hook '/home/f1/f1tenth_ws/build/mouse_teleop/share/mouse_teleop/hook/pythonpath_develop.sh'
[14.105s] Level 1:colcon.colcon_core.environment:checking '/home/f1/f1tenth_ws/install/mouse_teleop' for CMake module files
[14.108s] Level 1:colcon.colcon_core.environment:checking '/home/f1/f1tenth_ws/install/mouse_teleop' for CMake config files
[14.112s] Level 1:colcon.colcon_core.environment:checking '/home/f1/f1tenth_ws/install/mouse_teleop/lib'
[14.113s] Level 1:colcon.colcon_core.environment:checking '/home/f1/f1tenth_ws/install/mouse_teleop/bin'
[14.114s] Level 1:colcon.colcon_core.environment:checking '/home/f1/f1tenth_ws/install/mouse_teleop/lib/pkgconfig/mouse_teleop.pc'
[14.115s] Level 1:colcon.colcon_core.environment:checking '/home/f1/f1tenth_ws/install/mouse_teleop/lib/python3.8/site-packages'
[14.115s] Level 1:colcon.colcon_core.shell:create_environment_hook('mouse_teleop', 'pythonpath')
[14.116s] INFO:colcon.colcon_core.shell:Creating environment hook '/home/f1/f1tenth_ws/install/mouse_teleop/share/mouse_teleop/hook/pythonpath.ps1'
[14.119s] INFO:colcon.colcon_core.shell:Creating environment descriptor '/home/f1/f1tenth_ws/install/mouse_teleop/share/mouse_teleop/hook/pythonpath.dsv'
[14.122s] INFO:colcon.colcon_core.shell:Creating environment hook '/home/f1/f1tenth_ws/install/mouse_teleop/share/mouse_teleop/hook/pythonpath.sh'
[14.125s] Level 1:colcon.colcon_core.environment:checking '/home/f1/f1tenth_ws/install/mouse_teleop/bin'
[14.126s] Level 1:colcon.colcon_core.environment:create_environment_scripts_only(mouse_teleop)
[14.129s] INFO:colcon.colcon_core.shell:Creating package script '/home/f1/f1tenth_ws/install/mouse_teleop/share/mouse_teleop/package.ps1'
[14.132s] INFO:colcon.colcon_core.shell:Creating package descriptor '/home/f1/f1tenth_ws/install/mouse_teleop/share/mouse_teleop/package.dsv'
[14.135s] INFO:colcon.colcon_core.shell:Creating package script '/home/f1/f1tenth_ws/install/mouse_teleop/share/mouse_teleop/package.sh'
[14.138s] INFO:colcon.colcon_core.shell:Creating package script '/home/f1/f1tenth_ws/install/mouse_teleop/share/mouse_teleop/package.bash'
[14.140s] INFO:colcon.colcon_core.shell:Creating package script '/home/f1/f1tenth_ws/install/mouse_teleop/share/mouse_teleop/package.zsh'
[14.143s] Level 1:colcon.colcon_core.environment:create_file_with_runtime_dependencies(/home/f1/f1tenth_ws/install/mouse_teleop/share/colcon-core/packages/mouse_teleop)
[14.174s] DEBUG:colcon.colcon_core.event_handler.log_command:Invoking command in '/home/f1/f1tenth_ws/build/joy_teleop': AMENT_PREFIX_PATH=/home/f1/f1tenth_ws/install/teleop_tools_msgs:${AMENT_PREFIX_PATH} CMAKE_PREFIX_PATH=/home/f1/f1tenth_ws/install/teleop_tools_msgs CONDA_PROMPT_MODIFIER=(base) LD_LIBRARY_PATH=/home/f1/f1tenth_ws/install/teleop_tools_msgs/lib:${LD_LIBRARY_PATH} PYTHONPATH=/home/f1/f1tenth_ws/build/joy_teleop/prefix_override:/usr/lib/python3/dist-packages/colcon_core/task/python/colcon_distutils_commands:/home/f1/f1tenth_ws/install/joy_teleop/lib/python3.8/site-packages:/home/f1/f1tenth_ws/install/teleop_tools_msgs/lib/python3.8/site-packages:${PYTHONPATH} /usr/bin/python3 -W ignore:setup.py install is deprecated -W ignore:easy_install command is deprecated setup.py develop --editable --build-directory /home/f1/f1tenth_ws/build/joy_teleop/build --no-deps symlink_data
[16.456s] DEBUG:colcon.colcon_core.event_handler.log_command:Invoking command in '/home/f1/f1tenth_ws/build/pygame_key_teleop': CONDA_PROMPT_MODIFIER=(base) PYTHONPATH=/home/f1/f1tenth_ws/build/pygame_key_teleop/prefix_override:/usr/lib/python3/dist-packages/colcon_core/task/python/colcon_distutils_commands:/home/f1/f1tenth_ws/install/pygame_key_teleop/lib/python3.8/site-packages:${PYTHONPATH} /usr/bin/python3 -W ignore:setup.py install is deprecated -W ignore:easy_install command is deprecated setup.py develop --editable --build-directory /home/f1/f1tenth_ws/build/pygame_key_teleop/build --no-deps symlink_data
[17.078s] Level 1:colcon.colcon_core.shell:create_environment_hook('joy_teleop', 'pythonpath_develop')
[17.082s] INFO:colcon.colcon_core.shell:Creating environment hook '/home/f1/f1tenth_ws/build/joy_teleop/share/joy_teleop/hook/pythonpath_develop.ps1'
[17.088s] DEBUG:colcon.colcon_core.event_handler.log_command:Invoked command in '/home/f1/f1tenth_ws/build/joy_teleop' returned '0': AMENT_PREFIX_PATH=/home/f1/f1tenth_ws/install/teleop_tools_msgs:${AMENT_PREFIX_PATH} CMAKE_PREFIX_PATH=/home/f1/f1tenth_ws/install/teleop_tools_msgs CONDA_PROMPT_MODIFIER=(base) LD_LIBRARY_PATH=/home/f1/f1tenth_ws/install/teleop_tools_msgs/lib:${LD_LIBRARY_PATH} PYTHONPATH=/home/f1/f1tenth_ws/build/joy_teleop/prefix_override:/usr/lib/python3/dist-packages/colcon_core/task/python/colcon_distutils_commands:/home/f1/f1tenth_ws/install/joy_teleop/lib/python3.8/site-packages:/home/f1/f1tenth_ws/install/teleop_tools_msgs/lib/python3.8/site-packages:${PYTHONPATH} /usr/bin/python3 -W ignore:setup.py install is deprecated -W ignore:easy_install command is deprecated setup.py develop --editable --build-directory /home/f1/f1tenth_ws/build/joy_teleop/build --no-deps symlink_data
[17.089s] INFO:colcon.colcon_core.shell:Creating environment descriptor '/home/f1/f1tenth_ws/build/joy_teleop/share/joy_teleop/hook/pythonpath_develop.dsv'
[17.092s] INFO:colcon.colcon_core.shell:Creating environment hook '/home/f1/f1tenth_ws/build/joy_teleop/share/joy_teleop/hook/pythonpath_develop.sh'
[17.096s] Level 1:colcon.colcon_core.environment:checking '/home/f1/f1tenth_ws/install/joy_teleop' for CMake module files
[17.099s] Level 1:colcon.colcon_core.environment:checking '/home/f1/f1tenth_ws/install/joy_teleop' for CMake config files
[17.103s] Level 1:colcon.colcon_core.environment:checking '/home/f1/f1tenth_ws/install/joy_teleop/lib'
[17.104s] Level 1:colcon.colcon_core.environment:checking '/home/f1/f1tenth_ws/install/joy_teleop/bin'
[17.105s] Level 1:colcon.colcon_core.environment:checking '/home/f1/f1tenth_ws/install/joy_teleop/lib/pkgconfig/joy_teleop.pc'
[17.106s] Level 1:colcon.colcon_core.environment:checking '/home/f1/f1tenth_ws/install/joy_teleop/lib/python3.8/site-packages'
[17.107s] Level 1:colcon.colcon_core.shell:create_environment_hook('joy_teleop', 'pythonpath')
[17.108s] INFO:colcon.colcon_core.shell:Creating environment hook '/home/f1/f1tenth_ws/install/joy_teleop/share/joy_teleop/hook/pythonpath.ps1'
[17.111s] INFO:colcon.colcon_core.shell:Creating environment descriptor '/home/f1/f1tenth_ws/install/joy_teleop/share/joy_teleop/hook/pythonpath.dsv'
[17.113s] INFO:colcon.colcon_core.shell:Creating environment hook '/home/f1/f1tenth_ws/install/joy_teleop/share/joy_teleop/hook/pythonpath.sh'
[17.117s] Level 1:colcon.colcon_core.environment:checking '/home/f1/f1tenth_ws/install/joy_teleop/bin'
[17.118s] Level 1:colcon.colcon_core.environment:create_environment_scripts_only(joy_teleop)
[17.120s] INFO:colcon.colcon_core.shell:Creating package script '/home/f1/f1tenth_ws/install/joy_teleop/share/joy_teleop/package.ps1'
[17.124s] INFO:colcon.colcon_core.shell:Creating package descriptor '/home/f1/f1tenth_ws/install/joy_teleop/share/joy_teleop/package.dsv'
[17.127s] INFO:colcon.colcon_core.shell:Creating package script '/home/f1/f1tenth_ws/install/joy_teleop/share/joy_teleop/package.sh'
[17.130s] INFO:colcon.colcon_core.shell:Creating package script '/home/f1/f1tenth_ws/install/joy_teleop/share/joy_teleop/package.bash'
[17.133s] INFO:colcon.colcon_core.shell:Creating package script '/home/f1/f1tenth_ws/install/joy_teleop/share/joy_teleop/package.zsh'
[17.135s] Level 1:colcon.colcon_core.environment:create_file_with_runtime_dependencies(/home/f1/f1tenth_ws/install/joy_teleop/share/colcon-core/packages/joy_teleop)
[17.139s] INFO:colcon.colcon_ros.task.ament_python.build:Building ROS package in '/home/f1/f1tenth_ws/src/f1tenth_system/f1tenth_stack' with build type 'ament_python'
[17.141s] Level 1:colcon.colcon_core.shell:create_environment_hook('f1tenth_stack', 'ament_prefix_path')
[17.142s] INFO:colcon.colcon_core.shell:Creating environment hook '/home/f1/f1tenth_ws/install/f1tenth_stack/share/f1tenth_stack/hook/ament_prefix_path.ps1'
[17.146s] INFO:colcon.colcon_core.shell:Creating environment descriptor '/home/f1/f1tenth_ws/install/f1tenth_stack/share/f1tenth_stack/hook/ament_prefix_path.dsv'
[17.149s] INFO:colcon.colcon_core.shell:Creating environment hook '/home/f1/f1tenth_ws/install/f1tenth_stack/share/f1tenth_stack/hook/ament_prefix_path.sh'
[17.153s] INFO:colcon.colcon_core.shell:Skip shell extension 'powershell' for command environment: Not usable outside of PowerShell
[17.154s] DEBUG:colcon.colcon_core.shell:Skip shell extension 'dsv' for command environment
[17.188s] INFO:colcon.colcon_ros.task.ament_cmake.build:Building ROS package in '/home/f1/f1tenth_ws/src/f1tenth_system/teleop_tools/teleop_tools' with build type 'ament_cmake'
[17.191s] INFO:colcon.colcon_cmake.task.cmake.build:Building CMake package in '/home/f1/f1tenth_ws/src/f1tenth_system/teleop_tools/teleop_tools'
[17.197s] INFO:colcon.colcon_core.shell:Skip shell extension 'powershell' for command environment: Not usable outside of PowerShell
[17.198s] DEBUG:colcon.colcon_core.shell:Skip shell extension 'dsv' for command environment
[17.309s] DEBUG:colcon.colcon_core.event_handler.log_command:Invoking command in '/home/f1/f1tenth_ws/build/teleop_tools': AMENT_PREFIX_PATH=/home/f1/f1tenth_ws/install/joy_teleop:/home/f1/f1tenth_ws/install/teleop_tools_msgs:/home/f1/f1tenth_ws/install/key_teleop:${AMENT_PREFIX_PATH} CMAKE_PREFIX_PATH=/home/f1/f1tenth_ws/install/teleop_tools_msgs:/opt/ros/foxy CONDA_PROMPT_MODIFIER=(base) LD_LIBRARY_PATH=/home/f1/f1tenth_ws/install/teleop_tools_msgs/lib:${LD_LIBRARY_PATH} PYTHONPATH=/home/f1/f1tenth_ws/build/joy_teleop:/home/f1/f1tenth_ws/install/joy_teleop/lib/python3.8/site-packages:/home/f1/f1tenth_ws/install/teleop_tools_msgs/lib/python3.8/site-packages:/home/f1/f1tenth_ws/build/key_teleop:/home/f1/f1tenth_ws/install/key_teleop/lib/python3.8/site-packages:${PYTHONPATH} /usr/bin/cmake --build /home/f1/f1tenth_ws/build/teleop_tools -- -j6 -l6
[18.781s] INFO:colcon.colcon_core.task.python.build:Building Python package in '/home/f1/f1tenth_ws/src/f1tenth_system/f1tenth_stack'
[18.786s] INFO:colcon.colcon_core.shell:Skip shell extension 'powershell' for command environment: Not usable outside of PowerShell
[18.786s] DEBUG:colcon.colcon_core.shell:Skip shell extension 'dsv' for command environment
[18.835s] DEBUG:colcon.colcon_core.event_handler.log_command:Invoked command in '/home/f1/f1tenth_ws/build/teleop_tools' returned '0': AMENT_PREFIX_PATH=/home/f1/f1tenth_ws/install/joy_teleop:/home/f1/f1tenth_ws/install/teleop_tools_msgs:/home/f1/f1tenth_ws/install/key_teleop:${AMENT_PREFIX_PATH} CMAKE_PREFIX_PATH=/home/f1/f1tenth_ws/install/teleop_tools_msgs:/opt/ros/foxy CONDA_PROMPT_MODIFIER=(base) LD_LIBRARY_PATH=/home/f1/f1tenth_ws/install/teleop_tools_msgs/lib:${LD_LIBRARY_PATH} PYTHONPATH=/home/f1/f1tenth_ws/build/joy_teleop:/home/f1/f1tenth_ws/install/joy_teleop/lib/python3.8/site-packages:/home/f1/f1tenth_ws/install/teleop_tools_msgs/lib/python3.8/site-packages:/home/f1/f1tenth_ws/build/key_teleop:/home/f1/f1tenth_ws/install/key_teleop/lib/python3.8/site-packages:${PYTHONPATH} /usr/bin/cmake --build /home/f1/f1tenth_ws/build/teleop_tools -- -j6 -l6
[18.859s] DEBUG:colcon.colcon_core.event_handler.log_command:Invoking command in '/home/f1/f1tenth_ws/build/teleop_tools': AMENT_PREFIX_PATH=/home/f1/f1tenth_ws/install/joy_teleop:/home/f1/f1tenth_ws/install/teleop_tools_msgs:/home/f1/f1tenth_ws/install/key_teleop:${AMENT_PREFIX_PATH} CMAKE_PREFIX_PATH=/home/f1/f1tenth_ws/install/teleop_tools_msgs:/opt/ros/foxy CONDA_PROMPT_MODIFIER=(base) LD_LIBRARY_PATH=/home/f1/f1tenth_ws/install/teleop_tools_msgs/lib:${LD_LIBRARY_PATH} PYTHONPATH=/home/f1/f1tenth_ws/build/joy_teleop:/home/f1/f1tenth_ws/install/joy_teleop/lib/python3.8/site-packages:/home/f1/f1tenth_ws/install/teleop_tools_msgs/lib/python3.8/site-packages:/home/f1/f1tenth_ws/build/key_teleop:/home/f1/f1tenth_ws/install/key_teleop/lib/python3.8/site-packages:${PYTHONPATH} /usr/bin/cmake --install /home/f1/f1tenth_ws/build/teleop_tools
[19.008s] Level 1:colcon.colcon_core.environment:create_environment_scripts_only(teleop_tools)
[19.015s] Level 1:colcon.colcon_core.environment:checking '/home/f1/f1tenth_ws/install/teleop_tools' for CMake module files
[19.016s] DEBUG:colcon.colcon_core.event_handler.log_command:Invoked command in '/home/f1/f1tenth_ws/build/teleop_tools' returned '0': AMENT_PREFIX_PATH=/home/f1/f1tenth_ws/install/joy_teleop:/home/f1/f1tenth_ws/install/teleop_tools_msgs:/home/f1/f1tenth_ws/install/key_teleop:${AMENT_PREFIX_PATH} CMAKE_PREFIX_PATH=/home/f1/f1tenth_ws/install/teleop_tools_msgs:/opt/ros/foxy CONDA_PROMPT_MODIFIER=(base) LD_LIBRARY_PATH=/home/f1/f1tenth_ws/install/teleop_tools_msgs/lib:${LD_LIBRARY_PATH} PYTHONPATH=/home/f1/f1tenth_ws/build/joy_teleop:/home/f1/f1tenth_ws/install/joy_teleop/lib/python3.8/site-packages:/home/f1/f1tenth_ws/install/teleop_tools_msgs/lib/python3.8/site-packages:/home/f1/f1tenth_ws/build/key_teleop:/home/f1/f1tenth_ws/install/key_teleop/lib/python3.8/site-packages:${PYTHONPATH} /usr/bin/cmake --install /home/f1/f1tenth_ws/build/teleop_tools
[19.021s] Level 1:colcon.colcon_core.environment:checking '/home/f1/f1tenth_ws/install/teleop_tools' for CMake config files
[19.024s] Level 1:colcon.colcon_core.shell:create_environment_hook('teleop_tools', 'cmake_prefix_path')
[19.027s] INFO:colcon.colcon_core.shell:Creating environment hook '/home/f1/f1tenth_ws/install/teleop_tools/share/teleop_tools/hook/cmake_prefix_path.ps1'
[19.033s] INFO:colcon.colcon_core.shell:Creating environment descriptor '/home/f1/f1tenth_ws/install/teleop_tools/share/teleop_tools/hook/cmake_prefix_path.dsv'
[19.038s] INFO:colcon.colcon_core.shell:Creating environment hook '/home/f1/f1tenth_ws/install/teleop_tools/share/teleop_tools/hook/cmake_prefix_path.sh'
[19.045s] Level 1:colcon.colcon_core.environment:checking '/home/f1/f1tenth_ws/install/teleop_tools/bin'
[19.046s] Level 1:colcon.colcon_core.environment:checking '/home/f1/f1tenth_ws/install/teleop_tools/lib/pkgconfig/teleop_tools.pc'
[19.048s] Level 1:colcon.colcon_core.environment:checking '/home/f1/f1tenth_ws/install/teleop_tools/lib/python3.8/site-packages'
[19.049s] Level 1:colcon.colcon_core.environment:checking '/home/f1/f1tenth_ws/install/teleop_tools/bin'
[19.052s] INFO:colcon.colcon_core.shell:Creating package script '/home/f1/f1tenth_ws/install/teleop_tools/share/teleop_tools/package.ps1'
[19.056s] INFO:colcon.colcon_core.shell:Creating package descriptor '/home/f1/f1tenth_ws/install/teleop_tools/share/teleop_tools/package.dsv'
[19.061s] INFO:colcon.colcon_core.shell:Creating package script '/home/f1/f1tenth_ws/install/teleop_tools/share/teleop_tools/package.sh'
[19.065s] INFO:colcon.colcon_core.shell:Creating package script '/home/f1/f1tenth_ws/install/teleop_tools/share/teleop_tools/package.bash'
[19.070s] INFO:colcon.colcon_core.shell:Creating package script '/home/f1/f1tenth_ws/install/teleop_tools/share/teleop_tools/package.zsh'
[19.074s] Level 1:colcon.colcon_core.environment:create_file_with_runtime_dependencies(/home/f1/f1tenth_ws/install/teleop_tools/share/colcon-core/packages/teleop_tools)
[19.080s] Level 1:colcon.colcon_core.environment:create_environment_scripts_only(teleop_tools)
[19.081s] Level 1:colcon.colcon_core.environment:checking '/home/f1/f1tenth_ws/install/teleop_tools' for CMake module files
[19.085s] Level 1:colcon.colcon_core.environment:checking '/home/f1/f1tenth_ws/install/teleop_tools' for CMake config files
[19.088s] Level 1:colcon.colcon_core.shell:create_environment_hook('teleop_tools', 'cmake_prefix_path')
[19.090s] INFO:colcon.colcon_core.shell:Creating environment hook '/home/f1/f1tenth_ws/install/teleop_tools/share/teleop_tools/hook/cmake_prefix_path.ps1'
[19.094s] INFO:colcon.colcon_core.shell:Creating environment descriptor '/home/f1/f1tenth_ws/install/teleop_tools/share/teleop_tools/hook/cmake_prefix_path.dsv'
[19.098s] INFO:colcon.colcon_core.shell:Creating environment hook '/home/f1/f1tenth_ws/install/teleop_tools/share/teleop_tools/hook/cmake_prefix_path.sh'
[19.102s] Level 1:colcon.colcon_core.environment:checking '/home/f1/f1tenth_ws/install/teleop_tools/bin'
[19.102s] Level 1:colcon.colcon_core.environment:checking '/home/f1/f1tenth_ws/install/teleop_tools/lib/pkgconfig/teleop_tools.pc'
[19.103s] Level 1:colcon.colcon_core.environment:checking '/home/f1/f1tenth_ws/install/teleop_tools/lib/python3.8/site-packages'
[19.104s] Level 1:colcon.colcon_core.environment:checking '/home/f1/f1tenth_ws/install/teleop_tools/bin'
[19.106s] INFO:colcon.colcon_core.shell:Creating package script '/home/f1/f1tenth_ws/install/teleop_tools/share/teleop_tools/package.ps1'
[19.109s] INFO:colcon.colcon_core.shell:Creating package descriptor '/home/f1/f1tenth_ws/install/teleop_tools/share/teleop_tools/package.dsv'
[19.113s] INFO:colcon.colcon_core.shell:Creating package script '/home/f1/f1tenth_ws/install/teleop_tools/share/teleop_tools/package.sh'
[19.115s] INFO:colcon.colcon_core.shell:Creating package script '/home/f1/f1tenth_ws/install/teleop_tools/share/teleop_tools/package.bash'
[19.118s] INFO:colcon.colcon_core.shell:Creating package script '/home/f1/f1tenth_ws/install/teleop_tools/share/teleop_tools/package.zsh'
[19.121s] Level 1:colcon.colcon_core.environment:create_file_with_runtime_dependencies(/home/f1/f1tenth_ws/install/teleop_tools/share/colcon-core/packages/teleop_tools)
[19.319s] Level 1:colcon.colcon_core.shell:create_environment_hook('pygame_key_teleop', 'pythonpath_develop')
[19.321s] INFO:colcon.colcon_core.shell:Creating environment hook '/home/f1/f1tenth_ws/build/pygame_key_teleop/share/pygame_key_teleop/hook/pythonpath_develop.ps1'
[19.323s] DEBUG:colcon.colcon_core.event_handler.log_command:Invoked command in '/home/f1/f1tenth_ws/build/pygame_key_teleop' returned '0': CONDA_PROMPT_MODIFIER=(base) PYTHONPATH=/home/f1/f1tenth_ws/build/pygame_key_teleop/prefix_override:/usr/lib/python3/dist-packages/colcon_core/task/python/colcon_distutils_commands:/home/f1/f1tenth_ws/install/pygame_key_teleop/lib/python3.8/site-packages:${PYTHONPATH} /usr/bin/python3 -W ignore:setup.py install is deprecated -W ignore:easy_install command is deprecated setup.py develop --editable --build-directory /home/f1/f1tenth_ws/build/pygame_key_teleop/build --no-deps symlink_data
[19.326s] INFO:colcon.colcon_core.shell:Creating environment descriptor '/home/f1/f1tenth_ws/build/pygame_key_teleop/share/pygame_key_teleop/hook/pythonpath_develop.dsv'
[19.329s] INFO:colcon.colcon_core.shell:Creating environment hook '/home/f1/f1tenth_ws/build/pygame_key_teleop/share/pygame_key_teleop/hook/pythonpath_develop.sh'
[19.333s] Level 1:colcon.colcon_core.environment:checking '/home/f1/f1tenth_ws/install/pygame_key_teleop' for CMake module files
[19.336s] Level 1:colcon.colcon_core.environment:checking '/home/f1/f1tenth_ws/install/pygame_key_teleop' for CMake config files
[19.339s] Level 1:colcon.colcon_core.environment:checking '/home/f1/f1tenth_ws/install/pygame_key_teleop/lib'
[19.340s] Level 1:colcon.colcon_core.environment:checking '/home/f1/f1tenth_ws/install/pygame_key_teleop/bin'
[19.340s] Level 1:colcon.colcon_core.environment:checking '/home/f1/f1tenth_ws/install/pygame_key_teleop/lib/pkgconfig/pygame_key_teleop.pc'
[19.341s] Level 1:colcon.colcon_core.environment:checking '/home/f1/f1tenth_ws/install/pygame_key_teleop/lib/python3.8/site-packages'
[19.342s] Level 1:colcon.colcon_core.shell:create_environment_hook('pygame_key_teleop', 'pythonpath')
[19.343s] INFO:colcon.colcon_core.shell:Creating environment hook '/home/f1/f1tenth_ws/install/pygame_key_teleop/share/pygame_key_teleop/hook/pythonpath.ps1'
[19.346s] INFO:colcon.colcon_core.shell:Creating environment descriptor '/home/f1/f1tenth_ws/install/pygame_key_teleop/share/pygame_key_teleop/hook/pythonpath.dsv'
[19.348s] INFO:colcon.colcon_core.shell:Creating environment hook '/home/f1/f1tenth_ws/install/pygame_key_teleop/share/pygame_key_teleop/hook/pythonpath.sh'
[19.351s] Level 1:colcon.colcon_core.environment:checking '/home/f1/f1tenth_ws/install/pygame_key_teleop/bin'
[19.352s] Level 1:colcon.colcon_core.environment:create_environment_scripts_only(pygame_key_teleop)
[19.354s] INFO:colcon.colcon_core.shell:Creating package script '/home/f1/f1tenth_ws/install/pygame_key_teleop/share/pygame_key_teleop/package.ps1'
[19.357s] INFO:colcon.colcon_core.shell:Creating package descriptor '/home/f1/f1tenth_ws/install/pygame_key_teleop/share/pygame_key_teleop/package.dsv'
[19.361s] INFO:colcon.colcon_core.shell:Creating package script '/home/f1/f1tenth_ws/install/pygame_key_teleop/share/pygame_key_teleop/package.sh'
[19.364s] INFO:colcon.colcon_core.shell:Creating package script '/home/f1/f1tenth_ws/install/pygame_key_teleop/share/pygame_key_teleop/package.bash'
[19.366s] INFO:colcon.colcon_core.shell:Creating package script '/home/f1/f1tenth_ws/install/pygame_key_teleop/share/pygame_key_teleop/package.zsh'
[19.370s] Level 1:colcon.colcon_core.environment:create_file_with_runtime_dependencies(/home/f1/f1tenth_ws/install/pygame_key_teleop/share/colcon-core/packages/pygame_key_teleop)
[21.128s] DEBUG:colcon.colcon_core.task.python.build:While undoing a previous installation files outside the Python library path are being ignored: /home/f1/f1tenth_ws/install/f1tenth_stack/share/ament_index/resource_index/packages/f1tenth_stack
[21.128s] DEBUG:colcon.colcon_core.task.python.build:While undoing a previous installation files outside the Python library path are being ignored: /home/f1/f1tenth_ws/install/f1tenth_stack/share/f1tenth_stack/package.xml
[21.128s] DEBUG:colcon.colcon_core.task.python.build:While undoing a previous installation files outside the Python library path are being ignored: /home/f1/f1tenth_ws/install/f1tenth_stack/share/f1tenth_stack/launch/amcl_localization_launch.py
[21.129s] DEBUG:colcon.colcon_core.task.python.build:While undoing a previous installation files outside the Python library path are being ignored: /home/f1/f1tenth_ws/install/f1tenth_stack/share/f1tenth_stack/launch/joon_launch.py
[21.129s] DEBUG:colcon.colcon_core.task.python.build:While undoing a previous installation files outside the Python library path are being ignored: /home/f1/f1tenth_ws/install/f1tenth_stack/share/f1tenth_stack/launch/simple_car_viz.launch.py
[21.129s] DEBUG:colcon.colcon_core.task.python.build:While undoing a previous installation files outside the Python library path are being ignored: /home/f1/f1tenth_ws/install/f1tenth_stack/share/f1tenth_stack/launch/carto_launch.py
[21.129s] DEBUG:colcon.colcon_core.task.python.build:While undoing a previous installation files outside the Python library path are being ignored: /home/f1/f1tenth_ws/install/f1tenth_stack/share/f1tenth_stack/launch/occupancy_grid.launch.py
[21.129s] DEBUG:colcon.colcon_core.task.python.build:While undoing a previous installation files outside the Python library path are being ignored: /home/f1/f1tenth_ws/install/f1tenth_stack/share/f1tenth_stack/launch/bringup_launch.py
[21.129s] DEBUG:colcon.colcon_core.task.python.build:While undoing a previous installation files outside the Python library path are being ignored: /home/f1/f1tenth_ws/install/f1tenth_stack/share/f1tenth_stack/config/mux.yaml
[21.130s] DEBUG:colcon.colcon_core.task.python.build:While undoing a previous installation files outside the Python library path are being ignored: /home/f1/f1tenth_ws/install/f1tenth_stack/share/f1tenth_stack/config/joy_teleop.yaml
[21.130s] DEBUG:colcon.colcon_core.task.python.build:While undoing a previous installation files outside the Python library path are being ignored: /home/f1/f1tenth_ws/install/f1tenth_stack/share/f1tenth_stack/config/f1tenth_online_async.yaml
[21.130s] DEBUG:colcon.colcon_core.task.python.build:While undoing a previous installation files outside the Python library path are being ignored: /home/f1/f1tenth_ws/install/f1tenth_stack/share/f1tenth_stack/config/sensors.yaml
[21.131s] DEBUG:colcon.colcon_core.task.python.build:While undoing a previous installation files outside the Python library path are being ignored: /home/f1/f1tenth_ws/install/f1tenth_stack/share/f1tenth_stack/config/vesc.yaml
[21.131s] DEBUG:colcon.colcon_core.task.python.build:While undoing a previous installation files outside the Python library path are being ignored: /home/f1/f1tenth_ws/install/f1tenth_stack/share/f1tenth_stack/config/f110_2d.lua
[21.132s] DEBUG:colcon.colcon_core.task.python.build:While undoing a previous installation files outside the Python library path are being ignored: /home/f1/f1tenth_ws/install/f1tenth_stack/lib/f1tenth_stack/car_visualizer.py
[21.133s] DEBUG:colcon.colcon_core.task.python.build:While undoing a previous installation files outside the Python library path are being ignored: /home/f1/f1tenth_ws/install/f1tenth_stack/lib/f1tenth_stack/tf_publisher
[21.133s] DEBUG:colcon.colcon_core.task.python.build:While undoing a previous installation files outside the Python library path are being ignored: /home/f1/f1tenth_ws/install/f1tenth_stack/lib/f1tenth_stack/throttle_interpolator
[21.133s] DEBUG:colcon.colcon_core.task.python.build:While undoing a previous installation files outside the Python library path are being ignored: /home/f1/f1tenth_ws/install/f1tenth_stack/lib/f1tenth_stack/vesc_imu_bridge
[21.162s] DEBUG:colcon.colcon_core.event_handler.log_command:Invoking command in '/home/f1/f1tenth_ws/build/f1tenth_stack': AMENT_PREFIX_PATH=/home/f1/f1tenth_ws/install/vesc:/home/f1/f1tenth_ws/install/vesc_driver:/home/f1/f1tenth_ws/install/vesc_ackermann:/home/f1/f1tenth_ws/install/joy_teleop:/home/f1/f1tenth_ws/install/vesc_msgs:/home/f1/f1tenth_ws/install/teleop_tools_msgs:/home/f1/f1tenth_ws/install/ackermann_mux:${AMENT_PREFIX_PATH} CMAKE_PREFIX_PATH=/home/f1/f1tenth_ws/install/vesc:/home/f1/f1tenth_ws/install/vesc_driver:/home/f1/f1tenth_ws/install/vesc_ackermann:/home/f1/f1tenth_ws/install/vesc_msgs:/home/f1/f1tenth_ws/install/teleop_tools_msgs:/home/f1/f1tenth_ws/install/ackermann_mux CONDA_PROMPT_MODIFIER=(base) LD_LIBRARY_PATH=/home/f1/f1tenth_ws/install/vesc_driver/lib:/home/f1/f1tenth_ws/install/vesc_ackermann/lib:/home/f1/f1tenth_ws/install/vesc_msgs/lib:/home/f1/f1tenth_ws/install/teleop_tools_msgs/lib:${LD_LIBRARY_PATH} PYTHONPATH=/home/f1/f1tenth_ws/build/f1tenth_stack/prefix_override:/usr/lib/python3/dist-packages/colcon_core/task/python/colcon_distutils_commands:/home/f1/f1tenth_ws/install/f1tenth_stack/lib/python3.8/site-packages:/home/f1/f1tenth_ws/build/joy_teleop:/home/f1/f1tenth_ws/install/joy_teleop/lib/python3.8/site-packages:/home/f1/f1tenth_ws/install/vesc_msgs/lib/python3.8/site-packages:/home/f1/f1tenth_ws/install/teleop_tools_msgs/lib/python3.8/site-packages:${PYTHONPATH} /usr/bin/python3 -W ignore:setup.py install is deprecated -W ignore:easy_install command is deprecated setup.py develop --editable --build-directory /home/f1/f1tenth_ws/build/f1tenth_stack/build --no-deps symlink_data --force
[23.873s] Level 1:colcon.colcon_core.shell:create_environment_hook('f1tenth_stack', 'pythonpath_develop')
[23.877s] INFO:colcon.colcon_core.shell:Creating environment hook '/home/f1/f1tenth_ws/build/f1tenth_stack/share/f1tenth_stack/hook/pythonpath_develop.ps1'
[23.880s] DEBUG:colcon.colcon_core.event_handler.log_command:Invoked command in '/home/f1/f1tenth_ws/build/f1tenth_stack' returned '0': AMENT_PREFIX_PATH=/home/f1/f1tenth_ws/install/vesc:/home/f1/f1tenth_ws/install/vesc_driver:/home/f1/f1tenth_ws/install/vesc_ackermann:/home/f1/f1tenth_ws/install/joy_teleop:/home/f1/f1tenth_ws/install/vesc_msgs:/home/f1/f1tenth_ws/install/teleop_tools_msgs:/home/f1/f1tenth_ws/install/ackermann_mux:${AMENT_PREFIX_PATH} CMAKE_PREFIX_PATH=/home/f1/f1tenth_ws/install/vesc:/home/f1/f1tenth_ws/install/vesc_driver:/home/f1/f1tenth_ws/install/vesc_ackermann:/home/f1/f1tenth_ws/install/vesc_msgs:/home/f1/f1tenth_ws/install/teleop_tools_msgs:/home/f1/f1tenth_ws/install/ackermann_mux CONDA_PROMPT_MODIFIER=(base) LD_LIBRARY_PATH=/home/f1/f1tenth_ws/install/vesc_driver/lib:/home/f1/f1tenth_ws/install/vesc_ackermann/lib:/home/f1/f1tenth_ws/install/vesc_msgs/lib:/home/f1/f1tenth_ws/install/teleop_tools_msgs/lib:${LD_LIBRARY_PATH} PYTHONPATH=/home/f1/f1tenth_ws/build/f1tenth_stack/prefix_override:/usr/lib/python3/dist-packages/colcon_core/task/python/colcon_distutils_commands:/home/f1/f1tenth_ws/install/f1tenth_stack/lib/python3.8/site-packages:/home/f1/f1tenth_ws/build/joy_teleop:/home/f1/f1tenth_ws/install/joy_teleop/lib/python3.8/site-packages:/home/f1/f1tenth_ws/install/vesc_msgs/lib/python3.8/site-packages:/home/f1/f1tenth_ws/install/teleop_tools_msgs/lib/python3.8/site-packages:${PYTHONPATH} /usr/bin/python3 -W ignore:setup.py install is deprecated -W ignore:easy_install command is deprecated setup.py develop --editable --build-directory /home/f1/f1tenth_ws/build/f1tenth_stack/build --no-deps symlink_data --force
[23.884s] INFO:colcon.colcon_core.shell:Creating environment descriptor '/home/f1/f1tenth_ws/build/f1tenth_stack/share/f1tenth_stack/hook/pythonpath_develop.dsv'
[23.886s] INFO:colcon.colcon_core.shell:Creating environment hook '/home/f1/f1tenth_ws/build/f1tenth_stack/share/f1tenth_stack/hook/pythonpath_develop.sh'
[23.890s] Level 1:colcon.colcon_core.environment:checking '/home/f1/f1tenth_ws/install/f1tenth_stack' for CMake module files
[23.895s] Level 1:colcon.colcon_core.environment:checking '/home/f1/f1tenth_ws/install/f1tenth_stack' for CMake config files
[23.900s] Level 1:colcon.colcon_core.environment:checking '/home/f1/f1tenth_ws/install/f1tenth_stack/lib'
[23.901s] Level 1:colcon.colcon_core.environment:checking '/home/f1/f1tenth_ws/install/f1tenth_stack/bin'
[23.901s] Level 1:colcon.colcon_core.environment:checking '/home/f1/f1tenth_ws/install/f1tenth_stack/lib/pkgconfig/f1tenth_stack.pc'
[23.903s] Level 1:colcon.colcon_core.environment:checking '/home/f1/f1tenth_ws/install/f1tenth_stack/lib/python3.8/site-packages'
[23.903s] Level 1:colcon.colcon_core.shell:create_environment_hook('f1tenth_stack', 'pythonpath')
[23.904s] INFO:colcon.colcon_core.shell:Creating environment hook '/home/f1/f1tenth_ws/install/f1tenth_stack/share/f1tenth_stack/hook/pythonpath.ps1'
[23.907s] INFO:colcon.colcon_core.shell:Creating environment descriptor '/home/f1/f1tenth_ws/install/f1tenth_stack/share/f1tenth_stack/hook/pythonpath.dsv'
[23.910s] INFO:colcon.colcon_core.shell:Creating environment hook '/home/f1/f1tenth_ws/install/f1tenth_stack/share/f1tenth_stack/hook/pythonpath.sh'
[23.913s] Level 1:colcon.colcon_core.environment:checking '/home/f1/f1tenth_ws/install/f1tenth_stack/bin'
[23.913s] Level 1:colcon.colcon_core.environment:create_environment_scripts_only(f1tenth_stack)
[23.916s] INFO:colcon.colcon_core.shell:Creating package script '/home/f1/f1tenth_ws/install/f1tenth_stack/share/f1tenth_stack/package.ps1'
[23.921s] INFO:colcon.colcon_core.shell:Creating package descriptor '/home/f1/f1tenth_ws/install/f1tenth_stack/share/f1tenth_stack/package.dsv'
[23.925s] INFO:colcon.colcon_core.shell:Creating package script '/home/f1/f1tenth_ws/install/f1tenth_stack/share/f1tenth_stack/package.sh'
[23.928s] INFO:colcon.colcon_core.shell:Creating package script '/home/f1/f1tenth_ws/install/f1tenth_stack/share/f1tenth_stack/package.bash'
[23.932s] INFO:colcon.colcon_core.shell:Creating package script '/home/f1/f1tenth_ws/install/f1tenth_stack/share/f1tenth_stack/package.zsh'
[23.934s] Level 1:colcon.colcon_core.environment:create_file_with_runtime_dependencies(/home/f1/f1tenth_ws/install/f1tenth_stack/share/colcon-core/packages/f1tenth_stack)
[23.938s] INFO:colcon.colcon_ros.task.ament_cmake.build:Building ROS package in '/home/f1/f1tenth_ws/src/f1tenth_slam_nav' with build type 'ament_cmake'
[23.940s] INFO:colcon.colcon_cmake.task.cmake.build:Building CMake package in '/home/f1/f1tenth_ws/src/f1tenth_slam_nav'
[23.942s] INFO:colcon.colcon_core.shell:Skip shell extension 'powershell' for command environment: Not usable outside of PowerShell
[23.944s] DEBUG:colcon.colcon_core.shell:Skip shell extension 'dsv' for command environment
[24.100s] DEBUG:colcon.colcon_core.event_handler.log_command:Invoking command in '/home/f1/f1tenth_ws/build/f1tenth_slam_nav': AMENT_PREFIX_PATH=/home/f1/f1tenth_ws/install/f1tenth_stack:/home/f1/f1tenth_ws/install/vesc:/home/f1/f1tenth_ws/install/vesc_driver:/home/f1/f1tenth_ws/install/vesc_ackermann:/home/f1/f1tenth_ws/install/joy_teleop:/home/f1/f1tenth_ws/install/vesc_msgs:/home/f1/f1tenth_ws/install/teleop_tools_msgs:/home/f1/f1tenth_ws/install/ackermann_mux:${AMENT_PREFIX_PATH} CMAKE_PREFIX_PATH=/home/f1/f1tenth_ws/install/vesc:/home/f1/f1tenth_ws/install/vesc_driver:/home/f1/f1tenth_ws/install/vesc_ackermann:/home/f1/f1tenth_ws/install/vesc_msgs:/home/f1/f1tenth_ws/install/teleop_tools_msgs:/home/f1/f1tenth_ws/install/ackermann_mux:/opt/ros/foxy CONDA_PROMPT_MODIFIER=(base) LD_LIBRARY_PATH=/home/f1/f1tenth_ws/install/vesc_driver/lib:/home/f1/f1tenth_ws/install/vesc_ackermann/lib:/home/f1/f1tenth_ws/install/vesc_msgs/lib:/home/f1/f1tenth_ws/install/teleop_tools_msgs/lib:${LD_LIBRARY_PATH} PYTHONPATH=/home/f1/f1tenth_ws/build/f1tenth_stack:/home/f1/f1tenth_ws/install/f1tenth_stack/lib/python3.8/site-packages:/home/f1/f1tenth_ws/build/joy_teleop:/home/f1/f1tenth_ws/install/joy_teleop/lib/python3.8/site-packages:/home/f1/f1tenth_ws/install/vesc_msgs/lib/python3.8/site-packages:/home/f1/f1tenth_ws/install/teleop_tools_msgs/lib/python3.8/site-packages:${PYTHONPATH} /usr/bin/cmake --build /home/f1/f1tenth_ws/build/f1tenth_slam_nav -- -j6 -l6
[24.544s] DEBUG:colcon.colcon_core.event_handler.log_command:Invoked command in '/home/f1/f1tenth_ws/build/f1tenth_slam_nav' returned '0': AMENT_PREFIX_PATH=/home/f1/f1tenth_ws/install/f1tenth_stack:/home/f1/f1tenth_ws/install/vesc:/home/f1/f1tenth_ws/install/vesc_driver:/home/f1/f1tenth_ws/install/vesc_ackermann:/home/f1/f1tenth_ws/install/joy_teleop:/home/f1/f1tenth_ws/install/vesc_msgs:/home/f1/f1tenth_ws/install/teleop_tools_msgs:/home/f1/f1tenth_ws/install/ackermann_mux:${AMENT_PREFIX_PATH} CMAKE_PREFIX_PATH=/home/f1/f1tenth_ws/install/vesc:/home/f1/f1tenth_ws/install/vesc_driver:/home/f1/f1tenth_ws/install/vesc_ackermann:/home/f1/f1tenth_ws/install/vesc_msgs:/home/f1/f1tenth_ws/install/teleop_tools_msgs:/home/f1/f1tenth_ws/install/ackermann_mux:/opt/ros/foxy CONDA_PROMPT_MODIFIER=(base) LD_LIBRARY_PATH=/home/f1/f1tenth_ws/install/vesc_driver/lib:/home/f1/f1tenth_ws/install/vesc_ackermann/lib:/home/f1/f1tenth_ws/install/vesc_msgs/lib:/home/f1/f1tenth_ws/install/teleop_tools_msgs/lib:${LD_LIBRARY_PATH} PYTHONPATH=/home/f1/f1tenth_ws/build/f1tenth_stack:/home/f1/f1tenth_ws/install/f1tenth_stack/lib/python3.8/site-packages:/home/f1/f1tenth_ws/build/joy_teleop:/home/f1/f1tenth_ws/install/joy_teleop/lib/python3.8/site-packages:/home/f1/f1tenth_ws/install/vesc_msgs/lib/python3.8/site-packages:/home/f1/f1tenth_ws/install/teleop_tools_msgs/lib/python3.8/site-packages:${PYTHONPATH} /usr/bin/cmake --build /home/f1/f1tenth_ws/build/f1tenth_slam_nav -- -j6 -l6
[24.568s] DEBUG:colcon.colcon_core.event_handler.log_command:Invoking command in '/home/f1/f1tenth_ws/build/f1tenth_slam_nav': AMENT_PREFIX_PATH=/home/f1/f1tenth_ws/install/f1tenth_stack:/home/f1/f1tenth_ws/install/vesc:/home/f1/f1tenth_ws/install/vesc_driver:/home/f1/f1tenth_ws/install/vesc_ackermann:/home/f1/f1tenth_ws/install/joy_teleop:/home/f1/f1tenth_ws/install/vesc_msgs:/home/f1/f1tenth_ws/install/teleop_tools_msgs:/home/f1/f1tenth_ws/install/ackermann_mux:${AMENT_PREFIX_PATH} CMAKE_PREFIX_PATH=/home/f1/f1tenth_ws/install/vesc:/home/f1/f1tenth_ws/install/vesc_driver:/home/f1/f1tenth_ws/install/vesc_ackermann:/home/f1/f1tenth_ws/install/vesc_msgs:/home/f1/f1tenth_ws/install/teleop_tools_msgs:/home/f1/f1tenth_ws/install/ackermann_mux:/opt/ros/foxy CONDA_PROMPT_MODIFIER=(base) LD_LIBRARY_PATH=/home/f1/f1tenth_ws/install/vesc_driver/lib:/home/f1/f1tenth_ws/install/vesc_ackermann/lib:/home/f1/f1tenth_ws/install/vesc_msgs/lib:/home/f1/f1tenth_ws/install/teleop_tools_msgs/lib:${LD_LIBRARY_PATH} PYTHONPATH=/home/f1/f1tenth_ws/build/f1tenth_stack:/home/f1/f1tenth_ws/install/f1tenth_stack/lib/python3.8/site-packages:/home/f1/f1tenth_ws/build/joy_teleop:/home/f1/f1tenth_ws/install/joy_teleop/lib/python3.8/site-packages:/home/f1/f1tenth_ws/install/vesc_msgs/lib/python3.8/site-packages:/home/f1/f1tenth_ws/install/teleop_tools_msgs/lib/python3.8/site-packages:${PYTHONPATH} /usr/bin/cmake --install /home/f1/f1tenth_ws/build/f1tenth_slam_nav
[24.785s] Level 1:colcon.colcon_core.environment:create_environment_scripts_only(f1tenth_slam_nav)
[24.789s] Level 1:colcon.colcon_core.environment:checking '/home/f1/f1tenth_ws/install/f1tenth_slam_nav' for CMake module files
[24.792s] DEBUG:colcon.colcon_core.event_handler.log_command:Invoked command in '/home/f1/f1tenth_ws/build/f1tenth_slam_nav' returned '0': AMENT_PREFIX_PATH=/home/f1/f1tenth_ws/install/f1tenth_stack:/home/f1/f1tenth_ws/install/vesc:/home/f1/f1tenth_ws/install/vesc_driver:/home/f1/f1tenth_ws/install/vesc_ackermann:/home/f1/f1tenth_ws/install/joy_teleop:/home/f1/f1tenth_ws/install/vesc_msgs:/home/f1/f1tenth_ws/install/teleop_tools_msgs:/home/f1/f1tenth_ws/install/ackermann_mux:${AMENT_PREFIX_PATH} CMAKE_PREFIX_PATH=/home/f1/f1tenth_ws/install/vesc:/home/f1/f1tenth_ws/install/vesc_driver:/home/f1/f1tenth_ws/install/vesc_ackermann:/home/f1/f1tenth_ws/install/vesc_msgs:/home/f1/f1tenth_ws/install/teleop_tools_msgs:/home/f1/f1tenth_ws/install/ackermann_mux:/opt/ros/foxy CONDA_PROMPT_MODIFIER=(base) LD_LIBRARY_PATH=/home/f1/f1tenth_ws/install/vesc_driver/lib:/home/f1/f1tenth_ws/install/vesc_ackermann/lib:/home/f1/f1tenth_ws/install/vesc_msgs/lib:/home/f1/f1tenth_ws/install/teleop_tools_msgs/lib:${LD_LIBRARY_PATH} PYTHONPATH=/home/f1/f1tenth_ws/build/f1tenth_stack:/home/f1/f1tenth_ws/install/f1tenth_stack/lib/python3.8/site-packages:/home/f1/f1tenth_ws/build/joy_teleop:/home/f1/f1tenth_ws/install/joy_teleop/lib/python3.8/site-packages:/home/f1/f1tenth_ws/install/vesc_msgs/lib/python3.8/site-packages:/home/f1/f1tenth_ws/install/teleop_tools_msgs/lib/python3.8/site-packages:${PYTHONPATH} /usr/bin/cmake --install /home/f1/f1tenth_ws/build/f1tenth_slam_nav
[24.796s] Level 1:colcon.colcon_core.environment:checking '/home/f1/f1tenth_ws/install/f1tenth_slam_nav' for CMake config files
[24.798s] Level 1:colcon.colcon_core.shell:create_environment_hook('f1tenth_slam_nav', 'cmake_prefix_path')
[24.800s] INFO:colcon.colcon_core.shell:Creating environment hook '/home/f1/f1tenth_ws/install/f1tenth_slam_nav/share/f1tenth_slam_nav/hook/cmake_prefix_path.ps1'
[24.804s] INFO:colcon.colcon_core.shell:Creating environment descriptor '/home/f1/f1tenth_ws/install/f1tenth_slam_nav/share/f1tenth_slam_nav/hook/cmake_prefix_path.dsv'
[24.806s] INFO:colcon.colcon_core.shell:Creating environment hook '/home/f1/f1tenth_ws/install/f1tenth_slam_nav/share/f1tenth_slam_nav/hook/cmake_prefix_path.sh'
[24.811s] Level 1:colcon.colcon_core.environment:checking '/home/f1/f1tenth_ws/install/f1tenth_slam_nav/lib'
[24.811s] Level 1:colcon.colcon_core.environment:checking '/home/f1/f1tenth_ws/install/f1tenth_slam_nav/bin'
[24.812s] Level 1:colcon.colcon_core.environment:checking '/home/f1/f1tenth_ws/install/f1tenth_slam_nav/lib/pkgconfig/f1tenth_slam_nav.pc'
[24.813s] Level 1:colcon.colcon_core.environment:checking '/home/f1/f1tenth_ws/install/f1tenth_slam_nav/lib/python3.8/site-packages'
[24.814s] Level 1:colcon.colcon_core.shell:create_environment_hook('f1tenth_slam_nav', 'pythonpath')
[24.815s] INFO:colcon.colcon_core.shell:Creating environment hook '/home/f1/f1tenth_ws/install/f1tenth_slam_nav/share/f1tenth_slam_nav/hook/pythonpath.ps1'
[24.818s] INFO:colcon.colcon_core.shell:Creating environment descriptor '/home/f1/f1tenth_ws/install/f1tenth_slam_nav/share/f1tenth_slam_nav/hook/pythonpath.dsv'
[24.820s] INFO:colcon.colcon_core.shell:Creating environment hook '/home/f1/f1tenth_ws/install/f1tenth_slam_nav/share/f1tenth_slam_nav/hook/pythonpath.sh'
[24.823s] Level 1:colcon.colcon_core.environment:checking '/home/f1/f1tenth_ws/install/f1tenth_slam_nav/bin'
[24.825s] INFO:colcon.colcon_core.shell:Creating package script '/home/f1/f1tenth_ws/install/f1tenth_slam_nav/share/f1tenth_slam_nav/package.ps1'
[24.830s] INFO:colcon.colcon_core.shell:Creating package descriptor '/home/f1/f1tenth_ws/install/f1tenth_slam_nav/share/f1tenth_slam_nav/package.dsv'
[24.833s] INFO:colcon.colcon_core.shell:Creating package script '/home/f1/f1tenth_ws/install/f1tenth_slam_nav/share/f1tenth_slam_nav/package.sh'
[24.836s] INFO:colcon.colcon_core.shell:Creating package script '/home/f1/f1tenth_ws/install/f1tenth_slam_nav/share/f1tenth_slam_nav/package.bash'
[24.839s] INFO:colcon.colcon_core.shell:Creating package script '/home/f1/f1tenth_ws/install/f1tenth_slam_nav/share/f1tenth_slam_nav/package.zsh'
[24.842s] Level 1:colcon.colcon_core.environment:create_file_with_runtime_dependencies(/home/f1/f1tenth_ws/install/f1tenth_slam_nav/share/colcon-core/packages/f1tenth_slam_nav)
[24.846s] Level 1:colcon.colcon_core.environment:create_environment_scripts_only(f1tenth_slam_nav)
[24.847s] Level 1:colcon.colcon_core.environment:checking '/home/f1/f1tenth_ws/install/f1tenth_slam_nav' for CMake module files
[24.851s] Level 1:colcon.colcon_core.environment:checking '/home/f1/f1tenth_ws/install/f1tenth_slam_nav' for CMake config files
[24.853s] Level 1:colcon.colcon_core.shell:create_environment_hook('f1tenth_slam_nav', 'cmake_prefix_path')
[24.854s] INFO:colcon.colcon_core.shell:Creating environment hook '/home/f1/f1tenth_ws/install/f1tenth_slam_nav/share/f1tenth_slam_nav/hook/cmake_prefix_path.ps1'
[24.857s] INFO:colcon.colcon_core.shell:Creating environment descriptor '/home/f1/f1tenth_ws/install/f1tenth_slam_nav/share/f1tenth_slam_nav/hook/cmake_prefix_path.dsv'
[24.859s] INFO:colcon.colcon_core.shell:Creating environment hook '/home/f1/f1tenth_ws/install/f1tenth_slam_nav/share/f1tenth_slam_nav/hook/cmake_prefix_path.sh'
[24.862s] Level 1:colcon.colcon_core.environment:checking '/home/f1/f1tenth_ws/install/f1tenth_slam_nav/lib'
[24.863s] Level 1:colcon.colcon_core.environment:checking '/home/f1/f1tenth_ws/install/f1tenth_slam_nav/bin'
[24.863s] Level 1:colcon.colcon_core.environment:checking '/home/f1/f1tenth_ws/install/f1tenth_slam_nav/lib/pkgconfig/f1tenth_slam_nav.pc'
[24.864s] Level 1:colcon.colcon_core.environment:checking '/home/f1/f1tenth_ws/install/f1tenth_slam_nav/lib/python3.8/site-packages'
[24.865s] Level 1:colcon.colcon_core.shell:create_environment_hook('f1tenth_slam_nav', 'pythonpath')
[24.866s] INFO:colcon.colcon_core.shell:Creating environment hook '/home/f1/f1tenth_ws/install/f1tenth_slam_nav/share/f1tenth_slam_nav/hook/pythonpath.ps1'
[24.869s] INFO:colcon.colcon_core.shell:Creating environment descriptor '/home/f1/f1tenth_ws/install/f1tenth_slam_nav/share/f1tenth_slam_nav/hook/pythonpath.dsv'
[24.871s] INFO:colcon.colcon_core.shell:Creating environment hook '/home/f1/f1tenth_ws/install/f1tenth_slam_nav/share/f1tenth_slam_nav/hook/pythonpath.sh'
[24.874s] Level 1:colcon.colcon_core.environment:checking '/home/f1/f1tenth_ws/install/f1tenth_slam_nav/bin'
[24.876s] INFO:colcon.colcon_core.shell:Creating package script '/home/f1/f1tenth_ws/install/f1tenth_slam_nav/share/f1tenth_slam_nav/package.ps1'
[24.880s] INFO:colcon.colcon_core.shell:Creating package descriptor '/home/f1/f1tenth_ws/install/f1tenth_slam_nav/share/f1tenth_slam_nav/package.dsv'
[24.883s] INFO:colcon.colcon_core.shell:Creating package script '/home/f1/f1tenth_ws/install/f1tenth_slam_nav/share/f1tenth_slam_nav/package.sh'
[24.886s] INFO:colcon.colcon_core.shell:Creating package script '/home/f1/f1tenth_ws/install/f1tenth_slam_nav/share/f1tenth_slam_nav/package.bash'
[24.889s] INFO:colcon.colcon_core.shell:Creating package script '/home/f1/f1tenth_ws/install/f1tenth_slam_nav/share/f1tenth_slam_nav/package.zsh'
[24.891s] Level 1:colcon.colcon_core.environment:create_file_with_runtime_dependencies(/home/f1/f1tenth_ws/install/f1tenth_slam_nav/share/colcon-core/packages/f1tenth_slam_nav)
[64.721s] DEBUG:colcon.colcon_core.event_handler.log_command:Invoked command in '/home/f1/f1tenth_ws/build/center_follow_cpp' returned '0': CMAKE_PREFIX_PATH=/opt/ros/foxy CONDA_PROMPT_MODIFIER=(base) /usr/bin/cmake --build /home/f1/f1tenth_ws/build/center_follow_cpp -- -j6 -l6
[64.738s] DEBUG:colcon.colcon_core.event_handler.log_command:Invoking command in '/home/f1/f1tenth_ws/build/center_follow_cpp': CMAKE_PREFIX_PATH=/opt/ros/foxy CONDA_PROMPT_MODIFIER=(base) /usr/bin/cmake --install /home/f1/f1tenth_ws/build/center_follow_cpp
[64.873s] Level 1:colcon.colcon_core.environment:create_environment_scripts_only(center_follow_cpp)
[64.876s] Level 1:colcon.colcon_core.environment:checking '/home/f1/f1tenth_ws/install/center_follow_cpp' for CMake module files
[64.880s] DEBUG:colcon.colcon_core.event_handler.log_command:Invoked command in '/home/f1/f1tenth_ws/build/center_follow_cpp' returned '0': CMAKE_PREFIX_PATH=/opt/ros/foxy CONDA_PROMPT_MODIFIER=(base) /usr/bin/cmake --install /home/f1/f1tenth_ws/build/center_follow_cpp
[64.883s] Level 1:colcon.colcon_core.environment:checking '/home/f1/f1tenth_ws/install/center_follow_cpp' for CMake config files
[64.886s] Level 1:colcon.colcon_core.shell:create_environment_hook('center_follow_cpp', 'cmake_prefix_path')
[64.888s] INFO:colcon.colcon_core.shell:Creating environment hook '/home/f1/f1tenth_ws/install/center_follow_cpp/share/center_follow_cpp/hook/cmake_prefix_path.ps1'
[64.893s] INFO:colcon.colcon_core.shell:Creating environment descriptor '/home/f1/f1tenth_ws/install/center_follow_cpp/share/center_follow_cpp/hook/cmake_prefix_path.dsv'
[64.896s] INFO:colcon.colcon_core.shell:Creating environment hook '/home/f1/f1tenth_ws/install/center_follow_cpp/share/center_follow_cpp/hook/cmake_prefix_path.sh'
[64.900s] Level 1:colcon.colcon_core.environment:checking '/home/f1/f1tenth_ws/install/center_follow_cpp/lib'
[64.901s] Level 1:colcon.colcon_core.environment:checking '/home/f1/f1tenth_ws/install/center_follow_cpp/bin'
[64.901s] Level 1:colcon.colcon_core.environment:checking '/home/f1/f1tenth_ws/install/center_follow_cpp/lib/pkgconfig/center_follow_cpp.pc'
[64.903s] Level 1:colcon.colcon_core.environment:checking '/home/f1/f1tenth_ws/install/center_follow_cpp/lib/python3.8/site-packages'
[64.904s] Level 1:colcon.colcon_core.environment:checking '/home/f1/f1tenth_ws/install/center_follow_cpp/bin'
[64.906s] INFO:colcon.colcon_core.shell:Creating package script '/home/f1/f1tenth_ws/install/center_follow_cpp/share/center_follow_cpp/package.ps1'
[64.909s] INFO:colcon.colcon_core.shell:Creating package descriptor '/home/f1/f1tenth_ws/install/center_follow_cpp/share/center_follow_cpp/package.dsv'
[64.912s] INFO:colcon.colcon_core.shell:Creating package script '/home/f1/f1tenth_ws/install/center_follow_cpp/share/center_follow_cpp/package.sh'
[64.914s] INFO:colcon.colcon_core.shell:Creating package script '/home/f1/f1tenth_ws/install/center_follow_cpp/share/center_follow_cpp/package.bash'
[64.916s] INFO:colcon.colcon_core.shell:Creating package script '/home/f1/f1tenth_ws/install/center_follow_cpp/share/center_follow_cpp/package.zsh'
[64.918s] Level 1:colcon.colcon_core.environment:create_file_with_runtime_dependencies(/home/f1/f1tenth_ws/install/center_follow_cpp/share/colcon-core/packages/center_follow_cpp)
[64.922s] Level 1:colcon.colcon_core.environment:create_environment_scripts_only(center_follow_cpp)
[64.923s] Level 1:colcon.colcon_core.environment:checking '/home/f1/f1tenth_ws/install/center_follow_cpp' for CMake module files
[64.926s] Level 1:colcon.colcon_core.environment:checking '/home/f1/f1tenth_ws/install/center_follow_cpp' for CMake config files
[64.928s] Level 1:colcon.colcon_core.shell:create_environment_hook('center_follow_cpp', 'cmake_prefix_path')
[64.929s] INFO:colcon.colcon_core.shell:Creating environment hook '/home/f1/f1tenth_ws/install/center_follow_cpp/share/center_follow_cpp/hook/cmake_prefix_path.ps1'
[64.931s] INFO:colcon.colcon_core.shell:Creating environment descriptor '/home/f1/f1tenth_ws/install/center_follow_cpp/share/center_follow_cpp/hook/cmake_prefix_path.dsv'
[64.933s] INFO:colcon.colcon_core.shell:Creating environment hook '/home/f1/f1tenth_ws/install/center_follow_cpp/share/center_follow_cpp/hook/cmake_prefix_path.sh'
[64.936s] Level 1:colcon.colcon_core.environment:checking '/home/f1/f1tenth_ws/install/center_follow_cpp/lib'
[64.936s] Level 1:colcon.colcon_core.environment:checking '/home/f1/f1tenth_ws/install/center_follow_cpp/bin'
[64.937s] Level 1:colcon.colcon_core.environment:checking '/home/f1/f1tenth_ws/install/center_follow_cpp/lib/pkgconfig/center_follow_cpp.pc'
[64.938s] Level 1:colcon.colcon_core.environment:checking '/home/f1/f1tenth_ws/install/center_follow_cpp/lib/python3.8/site-packages'
[64.938s] Level 1:colcon.colcon_core.environment:checking '/home/f1/f1tenth_ws/install/center_follow_cpp/bin'
[64.940s] INFO:colcon.colcon_core.shell:Creating package script '/home/f1/f1tenth_ws/install/center_follow_cpp/share/center_follow_cpp/package.ps1'
[64.943s] INFO:colcon.colcon_core.shell:Creating package descriptor '/home/f1/f1tenth_ws/install/center_follow_cpp/share/center_follow_cpp/package.dsv'
[64.945s] INFO:colcon.colcon_core.shell:Creating package script '/home/f1/f1tenth_ws/install/center_follow_cpp/share/center_follow_cpp/package.sh'
[64.948s] INFO:colcon.colcon_core.shell:Creating package script '/home/f1/f1tenth_ws/install/center_follow_cpp/share/center_follow_cpp/package.bash'
[64.950s] INFO:colcon.colcon_core.shell:Creating package script '/home/f1/f1tenth_ws/install/center_follow_cpp/share/center_follow_cpp/package.zsh'
[64.952s] Level 1:colcon.colcon_core.environment:create_file_with_runtime_dependencies(/home/f1/f1tenth_ws/install/center_follow_cpp/share/colcon-core/packages/center_follow_cpp)
[64.954s] DEBUG:colcon.colcon_parallel_executor.executor.parallel:closing loop
[64.956s] DEBUG:colcon.colcon_parallel_executor.executor.parallel:loop closed
[64.958s] DEBUG:colcon.colcon_parallel_executor.executor.parallel:run_until_complete finished with '0'
[64.959s] DEBUG:colcon.colcon_core.event_reactor:joining thread
[64.996s] INFO:colcon.colcon_core.plugin_system:Skipping extension 'colcon_notification.desktop_notification.terminal_notifier': Not used on non-Darwin systems
[64.996s] INFO:colcon.colcon_core.plugin_system:Skipping extension 'colcon_notification.desktop_notification.win32': Not used on non-Windows systems
[64.997s] INFO:colcon.colcon_notification.desktop_notification:Sending desktop notification using 'notify2'
[65.097s] DEBUG:colcon.colcon_core.event_reactor:joined thread
[65.100s] INFO:colcon.colcon_core.shell:Creating prefix script '/home/f1/f1tenth_ws/install/local_setup.ps1'
[65.106s] INFO:colcon.colcon_core.shell:Creating prefix util module '/home/f1/f1tenth_ws/install/_local_setup_util_ps1.py'
[65.114s] INFO:colcon.colcon_core.shell:Creating prefix chain script '/home/f1/f1tenth_ws/install/setup.ps1'
[65.120s] INFO:colcon.colcon_core.shell:Creating prefix script '/home/f1/f1tenth_ws/install/local_setup.sh'
[65.124s] INFO:colcon.colcon_core.shell:Creating prefix util module '/home/f1/f1tenth_ws/install/_local_setup_util_sh.py'
[65.128s] INFO:colcon.colcon_core.shell:Creating prefix chain script '/home/f1/f1tenth_ws/install/setup.sh'
[65.134s] INFO:colcon.colcon_core.shell:Creating prefix script '/home/f1/f1tenth_ws/install/local_setup.bash'
[65.137s] INFO:colcon.colcon_core.shell:Creating prefix chain script '/home/f1/f1tenth_ws/install/setup.bash'
[65.142s] INFO:colcon.colcon_core.shell:Creating prefix script '/home/f1/f1tenth_ws/install/local_setup.zsh'
[65.146s] INFO:colcon.colcon_core.shell:Creating prefix chain script '/home/f1/f1tenth_ws/install/setup.zsh'
