[1.153s] DEBUG:colcon:Command line arguments: ['/usr/bin/colcon', 'build', '--packages-select', 'f1tenth_stack']
[1.154s] DEBUG:colcon:Parsed command line arguments: Namespace(allow_overriding=[], ament_cmake_args=None, base_paths=['.'], build_base='build', catkin_cmake_args=None, catkin_skip_building_tests=False, cmake_args=None, cmake_clean_cache=False, cmake_clean_first=False, cmake_force_configure=False, cmake_target=None, cmake_target_skip_unavailable=False, continue_on_error=False, event_handlers=None, executor='parallel', ignore_user_meta=False, install_base='install', log_base=None, log_level=None, main=<bound method BuildVerb.main of <colcon_core.verb.build.BuildVerb object at 0xffff8c87b1f0>>, merge_install=False, metas=['./colcon.meta'], mixin=None, mixin_files=None, mixin_verb=('build',), packages_above=None, packages_above_and_dependencies=None, packages_above_depth=None, packages_end=None, packages_ignore=None, packages_ignore_regex=None, packages_select=['f1tenth_stack'], packages_select_build_failed=False, packages_select_by_dep=None, packages_select_regex=None, packages_select_test_failures=False, packages_skip=None, packages_skip_build_finished=False, packages_skip_by_dep=None, packages_skip_regex=None, packages_skip_test_passed=False, packages_skip_up_to=None, packages_start=None, packages_up_to=None, packages_up_to_regex=None, parallel_workers=6, paths=None, symlink_install=False, test_result_base=None, verb_extension=<colcon_core.verb.build.BuildVerb object at 0xffff8c87b1f0>, verb_name='build', verb_parser=<colcon_mixin.mixin.mixin_argument.MixinArgumentDecorator object at 0xffff8c7b4850>)
[2.099s] Level 1:colcon.colcon_core.package_discovery:discover_packages(colcon_meta) check parameters
[2.100s] Level 1:colcon.colcon_core.package_discovery:discover_packages(recursive) check parameters
[2.100s] Level 1:colcon.colcon_core.package_discovery:discover_packages(ignore) check parameters
[2.100s] Level 1:colcon.colcon_core.package_discovery:discover_packages(path) check parameters
[2.101s] Level 1:colcon.colcon_core.package_discovery:discover_packages(colcon_meta) discover
[2.101s] Level 1:colcon.colcon_core.package_discovery:discover_packages(recursive) discover
[2.101s] INFO:colcon.colcon_core.package_discovery:Crawling recursively for packages in '/home/f1/f1tenth_ws'
[2.103s] Level 1:colcon.colcon_core.package_identification:_identify(.) by extensions ['ignore', 'ignore_ament_install']
[2.103s] Level 1:colcon.colcon_core.package_identification:_identify(.) by extension 'ignore'
[2.104s] Level 1:colcon.colcon_core.package_identification:_identify(.) by extension 'ignore_ament_install'
[2.104s] Level 1:colcon.colcon_core.package_identification:_identify(.) by extensions ['colcon_pkg']
[2.104s] Level 1:colcon.colcon_core.package_identification:_identify(.) by extension 'colcon_pkg'
[2.104s] Level 1:colcon.colcon_core.package_identification:_identify(.) by extensions ['colcon_meta']
[2.105s] Level 1:colcon.colcon_core.package_identification:_identify(.) by extension 'colcon_meta'
[2.105s] Level 1:colcon.colcon_core.package_identification:_identify(.) by extensions ['ros']
[2.105s] Level 1:colcon.colcon_core.package_identification:_identify(.) by extension 'ros'
[2.165s] Level 1:colcon.colcon_core.package_identification:_identify(.) by extensions ['cmake', 'python']
[2.165s] Level 1:colcon.colcon_core.package_identification:_identify(.) by extension 'cmake'
[2.166s] Level 1:colcon.colcon_core.package_identification:_identify(.) by extension 'python'
[2.166s] Level 1:colcon.colcon_core.package_identification:_identify(.) by extensions ['python_setup_py']
[2.166s] Level 1:colcon.colcon_core.package_identification:_identify(.) by extension 'python_setup_py'
[2.167s] Level 1:colcon.colcon_core.package_identification:_identify(bags) by extensions ['ignore', 'ignore_ament_install']
[2.168s] Level 1:colcon.colcon_core.package_identification:_identify(bags) by extension 'ignore'
[2.168s] Level 1:colcon.colcon_core.package_identification:_identify(bags) by extension 'ignore_ament_install'
[2.168s] Level 1:colcon.colcon_core.package_identification:_identify(bags) by extensions ['colcon_pkg']
[2.169s] Level 1:colcon.colcon_core.package_identification:_identify(bags) by extension 'colcon_pkg'
[2.169s] Level 1:colcon.colcon_core.package_identification:_identify(bags) by extensions ['colcon_meta']
[2.169s] Level 1:colcon.colcon_core.package_identification:_identify(bags) by extension 'colcon_meta'
[2.169s] Level 1:colcon.colcon_core.package_identification:_identify(bags) by extensions ['ros']
[2.169s] Level 1:colcon.colcon_core.package_identification:_identify(bags) by extension 'ros'
[2.170s] Level 1:colcon.colcon_core.package_identification:_identify(bags) by extensions ['cmake', 'python']
[2.170s] Level 1:colcon.colcon_core.package_identification:_identify(bags) by extension 'cmake'
[2.170s] Level 1:colcon.colcon_core.package_identification:_identify(bags) by extension 'python'
[2.171s] Level 1:colcon.colcon_core.package_identification:_identify(bags) by extensions ['python_setup_py']
[2.171s] Level 1:colcon.colcon_core.package_identification:_identify(bags) by extension 'python_setup_py'
[2.171s] Level 1:colcon.colcon_core.package_identification:_identify(bags/maps) by extensions ['ignore', 'ignore_ament_install']
[2.172s] Level 1:colcon.colcon_core.package_identification:_identify(bags/maps) by extension 'ignore'
[2.172s] Level 1:colcon.colcon_core.package_identification:_identify(bags/maps) by extension 'ignore_ament_install'
[2.172s] Level 1:colcon.colcon_core.package_identification:_identify(bags/maps) by extensions ['colcon_pkg']
[2.173s] Level 1:colcon.colcon_core.package_identification:_identify(bags/maps) by extension 'colcon_pkg'
[2.173s] Level 1:colcon.colcon_core.package_identification:_identify(bags/maps) by extensions ['colcon_meta']
[2.173s] Level 1:colcon.colcon_core.package_identification:_identify(bags/maps) by extension 'colcon_meta'
[2.173s] Level 1:colcon.colcon_core.package_identification:_identify(bags/maps) by extensions ['ros']
[2.174s] Level 1:colcon.colcon_core.package_identification:_identify(bags/maps) by extension 'ros'
[2.174s] Level 1:colcon.colcon_core.package_identification:_identify(bags/maps) by extensions ['cmake', 'python']
[2.174s] Level 1:colcon.colcon_core.package_identification:_identify(bags/maps) by extension 'cmake'
[2.175s] Level 1:colcon.colcon_core.package_identification:_identify(bags/maps) by extension 'python'
[2.175s] Level 1:colcon.colcon_core.package_identification:_identify(bags/maps) by extensions ['python_setup_py']
[2.175s] Level 1:colcon.colcon_core.package_identification:_identify(bags/maps) by extension 'python_setup_py'
[2.176s] Level 1:colcon.colcon_core.package_identification:_identify(bags/maps/my_carto_map) by extensions ['ignore', 'ignore_ament_install']
[2.176s] Level 1:colcon.colcon_core.package_identification:_identify(bags/maps/my_carto_map) by extension 'ignore'
[2.176s] Level 1:colcon.colcon_core.package_identification:_identify(bags/maps/my_carto_map) by extension 'ignore_ament_install'
[2.177s] Level 1:colcon.colcon_core.package_identification:_identify(bags/maps/my_carto_map) by extensions ['colcon_pkg']
[2.177s] Level 1:colcon.colcon_core.package_identification:_identify(bags/maps/my_carto_map) by extension 'colcon_pkg'
[2.177s] Level 1:colcon.colcon_core.package_identification:_identify(bags/maps/my_carto_map) by extensions ['colcon_meta']
[2.177s] Level 1:colcon.colcon_core.package_identification:_identify(bags/maps/my_carto_map) by extension 'colcon_meta'
[2.177s] Level 1:colcon.colcon_core.package_identification:_identify(bags/maps/my_carto_map) by extensions ['ros']
[2.178s] Level 1:colcon.colcon_core.package_identification:_identify(bags/maps/my_carto_map) by extension 'ros'
[2.178s] Level 1:colcon.colcon_core.package_identification:_identify(bags/maps/my_carto_map) by extensions ['cmake', 'python']
[2.178s] Level 1:colcon.colcon_core.package_identification:_identify(bags/maps/my_carto_map) by extension 'cmake'
[2.179s] Level 1:colcon.colcon_core.package_identification:_identify(bags/maps/my_carto_map) by extension 'python'
[2.179s] Level 1:colcon.colcon_core.package_identification:_identify(bags/maps/my_carto_map) by extensions ['python_setup_py']
[2.179s] Level 1:colcon.colcon_core.package_identification:_identify(bags/maps/my_carto_map) by extension 'python_setup_py'
[2.180s] Level 1:colcon.colcon_core.package_identification:_identify(bags/maps/with_jg) by extensions ['ignore', 'ignore_ament_install']
[2.180s] Level 1:colcon.colcon_core.package_identification:_identify(bags/maps/with_jg) by extension 'ignore'
[2.181s] Level 1:colcon.colcon_core.package_identification:_identify(bags/maps/with_jg) by extension 'ignore_ament_install'
[2.181s] Level 1:colcon.colcon_core.package_identification:_identify(bags/maps/with_jg) by extensions ['colcon_pkg']
[2.181s] Level 1:colcon.colcon_core.package_identification:_identify(bags/maps/with_jg) by extension 'colcon_pkg'
[2.181s] Level 1:colcon.colcon_core.package_identification:_identify(bags/maps/with_jg) by extensions ['colcon_meta']
[2.181s] Level 1:colcon.colcon_core.package_identification:_identify(bags/maps/with_jg) by extension 'colcon_meta'
[2.182s] Level 1:colcon.colcon_core.package_identification:_identify(bags/maps/with_jg) by extensions ['ros']
[2.182s] Level 1:colcon.colcon_core.package_identification:_identify(bags/maps/with_jg) by extension 'ros'
[2.182s] Level 1:colcon.colcon_core.package_identification:_identify(bags/maps/with_jg) by extensions ['cmake', 'python']
[2.183s] Level 1:colcon.colcon_core.package_identification:_identify(bags/maps/with_jg) by extension 'cmake'
[2.183s] Level 1:colcon.colcon_core.package_identification:_identify(bags/maps/with_jg) by extension 'python'
[2.183s] Level 1:colcon.colcon_core.package_identification:_identify(bags/maps/with_jg) by extensions ['python_setup_py']
[2.183s] Level 1:colcon.colcon_core.package_identification:_identify(bags/maps/with_jg) by extension 'python_setup_py'
[2.184s] Level 1:colcon.colcon_core.package_identification:_identify(build) by extensions ['ignore', 'ignore_ament_install']
[2.184s] Level 1:colcon.colcon_core.package_identification:_identify(build) by extension 'ignore'
[2.185s] Level 1:colcon.colcon_core.package_identification:_identify(build) ignored
[2.185s] Level 1:colcon.colcon_core.package_identification:_identify(config) by extensions ['ignore', 'ignore_ament_install']
[2.186s] Level 1:colcon.colcon_core.package_identification:_identify(config) by extension 'ignore'
[2.186s] Level 1:colcon.colcon_core.package_identification:_identify(config) by extension 'ignore_ament_install'
[2.186s] Level 1:colcon.colcon_core.package_identification:_identify(config) by extensions ['colcon_pkg']
[2.186s] Level 1:colcon.colcon_core.package_identification:_identify(config) by extension 'colcon_pkg'
[2.187s] Level 1:colcon.colcon_core.package_identification:_identify(config) by extensions ['colcon_meta']
[2.187s] Level 1:colcon.colcon_core.package_identification:_identify(config) by extension 'colcon_meta'
[2.187s] Level 1:colcon.colcon_core.package_identification:_identify(config) by extensions ['ros']
[2.187s] Level 1:colcon.colcon_core.package_identification:_identify(config) by extension 'ros'
[2.188s] Level 1:colcon.colcon_core.package_identification:_identify(config) by extensions ['cmake', 'python']
[2.188s] Level 1:colcon.colcon_core.package_identification:_identify(config) by extension 'cmake'
[2.188s] Level 1:colcon.colcon_core.package_identification:_identify(config) by extension 'python'
[2.188s] Level 1:colcon.colcon_core.package_identification:_identify(config) by extensions ['python_setup_py']
[2.189s] Level 1:colcon.colcon_core.package_identification:_identify(config) by extension 'python_setup_py'
[2.189s] Level 1:colcon.colcon_core.package_identification:_identify(install) by extensions ['ignore', 'ignore_ament_install']
[2.190s] Level 1:colcon.colcon_core.package_identification:_identify(install) by extension 'ignore'
[2.190s] Level 1:colcon.colcon_core.package_identification:_identify(install) ignored
[2.190s] Level 1:colcon.colcon_core.package_identification:_identify(joon_path_generate) by extensions ['ignore', 'ignore_ament_install']
[2.191s] Level 1:colcon.colcon_core.package_identification:_identify(joon_path_generate) by extension 'ignore'
[2.191s] Level 1:colcon.colcon_core.package_identification:_identify(joon_path_generate) by extension 'ignore_ament_install'
[2.192s] Level 1:colcon.colcon_core.package_identification:_identify(joon_path_generate) by extensions ['colcon_pkg']
[2.192s] Level 1:colcon.colcon_core.package_identification:_identify(joon_path_generate) by extension 'colcon_pkg'
[2.192s] Level 1:colcon.colcon_core.package_identification:_identify(joon_path_generate) by extensions ['colcon_meta']
[2.192s] Level 1:colcon.colcon_core.package_identification:_identify(joon_path_generate) by extension 'colcon_meta'
[2.192s] Level 1:colcon.colcon_core.package_identification:_identify(joon_path_generate) by extensions ['ros']
[2.193s] Level 1:colcon.colcon_core.package_identification:_identify(joon_path_generate) by extension 'ros'
[2.193s] Level 1:colcon.colcon_core.package_identification:_identify(joon_path_generate) by extensions ['cmake', 'python']
[2.193s] Level 1:colcon.colcon_core.package_identification:_identify(joon_path_generate) by extension 'cmake'
[2.193s] Level 1:colcon.colcon_core.package_identification:_identify(joon_path_generate) by extension 'python'
[2.194s] Level 1:colcon.colcon_core.package_identification:_identify(joon_path_generate) by extensions ['python_setup_py']
[2.194s] Level 1:colcon.colcon_core.package_identification:_identify(joon_path_generate) by extension 'python_setup_py'
[2.194s] Level 1:colcon.colcon_core.package_identification:_identify(joon_path_generate/etc) by extensions ['ignore', 'ignore_ament_install']
[2.195s] Level 1:colcon.colcon_core.package_identification:_identify(joon_path_generate/etc) by extension 'ignore'
[2.195s] Level 1:colcon.colcon_core.package_identification:_identify(joon_path_generate/etc) by extension 'ignore_ament_install'
[2.195s] Level 1:colcon.colcon_core.package_identification:_identify(joon_path_generate/etc) by extensions ['colcon_pkg']
[2.196s] Level 1:colcon.colcon_core.package_identification:_identify(joon_path_generate/etc) by extension 'colcon_pkg'
[2.196s] Level 1:colcon.colcon_core.package_identification:_identify(joon_path_generate/etc) by extensions ['colcon_meta']
[2.196s] Level 1:colcon.colcon_core.package_identification:_identify(joon_path_generate/etc) by extension 'colcon_meta'
[2.196s] Level 1:colcon.colcon_core.package_identification:_identify(joon_path_generate/etc) by extensions ['ros']
[2.196s] Level 1:colcon.colcon_core.package_identification:_identify(joon_path_generate/etc) by extension 'ros'
[2.197s] Level 1:colcon.colcon_core.package_identification:_identify(joon_path_generate/etc) by extensions ['cmake', 'python']
[2.197s] Level 1:colcon.colcon_core.package_identification:_identify(joon_path_generate/etc) by extension 'cmake'
[2.197s] Level 1:colcon.colcon_core.package_identification:_identify(joon_path_generate/etc) by extension 'python'
[2.198s] Level 1:colcon.colcon_core.package_identification:_identify(joon_path_generate/etc) by extensions ['python_setup_py']
[2.198s] Level 1:colcon.colcon_core.package_identification:_identify(joon_path_generate/etc) by extension 'python_setup_py'
[2.198s] Level 1:colcon.colcon_core.package_identification:_identify(joon_path_generate/etc/centerline) by extensions ['ignore', 'ignore_ament_install']
[2.199s] Level 1:colcon.colcon_core.package_identification:_identify(joon_path_generate/etc/centerline) by extension 'ignore'
[2.199s] Level 1:colcon.colcon_core.package_identification:_identify(joon_path_generate/etc/centerline) by extension 'ignore_ament_install'
[2.199s] Level 1:colcon.colcon_core.package_identification:_identify(joon_path_generate/etc/centerline) by extensions ['colcon_pkg']
[2.200s] Level 1:colcon.colcon_core.package_identification:_identify(joon_path_generate/etc/centerline) by extension 'colcon_pkg'
[2.200s] Level 1:colcon.colcon_core.package_identification:_identify(joon_path_generate/etc/centerline) by extensions ['colcon_meta']
[2.200s] Level 1:colcon.colcon_core.package_identification:_identify(joon_path_generate/etc/centerline) by extension 'colcon_meta'
[2.200s] Level 1:colcon.colcon_core.package_identification:_identify(joon_path_generate/etc/centerline) by extensions ['ros']
[2.201s] Level 1:colcon.colcon_core.package_identification:_identify(joon_path_generate/etc/centerline) by extension 'ros'
[2.201s] Level 1:colcon.colcon_core.package_identification:_identify(joon_path_generate/etc/centerline) by extensions ['cmake', 'python']
[2.201s] Level 1:colcon.colcon_core.package_identification:_identify(joon_path_generate/etc/centerline) by extension 'cmake'
[2.201s] Level 1:colcon.colcon_core.package_identification:_identify(joon_path_generate/etc/centerline) by extension 'python'
[2.202s] Level 1:colcon.colcon_core.package_identification:_identify(joon_path_generate/etc/centerline) by extensions ['python_setup_py']
[2.202s] Level 1:colcon.colcon_core.package_identification:_identify(joon_path_generate/etc/centerline) by extension 'python_setup_py'
[2.203s] Level 1:colcon.colcon_core.package_identification:_identify(joon_path_generate/etc/centerline_with_boundary) by extensions ['ignore', 'ignore_ament_install']
[2.203s] Level 1:colcon.colcon_core.package_identification:_identify(joon_path_generate/etc/centerline_with_boundary) by extension 'ignore'
[2.203s] Level 1:colcon.colcon_core.package_identification:_identify(joon_path_generate/etc/centerline_with_boundary) by extension 'ignore_ament_install'
[2.203s] Level 1:colcon.colcon_core.package_identification:_identify(joon_path_generate/etc/centerline_with_boundary) by extensions ['colcon_pkg']
[2.204s] Level 1:colcon.colcon_core.package_identification:_identify(joon_path_generate/etc/centerline_with_boundary) by extension 'colcon_pkg'
[2.204s] Level 1:colcon.colcon_core.package_identification:_identify(joon_path_generate/etc/centerline_with_boundary) by extensions ['colcon_meta']
[2.204s] Level 1:colcon.colcon_core.package_identification:_identify(joon_path_generate/etc/centerline_with_boundary) by extension 'colcon_meta'
[2.204s] Level 1:colcon.colcon_core.package_identification:_identify(joon_path_generate/etc/centerline_with_boundary) by extensions ['ros']
[2.205s] Level 1:colcon.colcon_core.package_identification:_identify(joon_path_generate/etc/centerline_with_boundary) by extension 'ros'
[2.205s] Level 1:colcon.colcon_core.package_identification:_identify(joon_path_generate/etc/centerline_with_boundary) by extensions ['cmake', 'python']
[2.205s] Level 1:colcon.colcon_core.package_identification:_identify(joon_path_generate/etc/centerline_with_boundary) by extension 'cmake'
[2.205s] Level 1:colcon.colcon_core.package_identification:_identify(joon_path_generate/etc/centerline_with_boundary) by extension 'python'
[2.206s] Level 1:colcon.colcon_core.package_identification:_identify(joon_path_generate/etc/centerline_with_boundary) by extensions ['python_setup_py']
[2.206s] Level 1:colcon.colcon_core.package_identification:_identify(joon_path_generate/etc/centerline_with_boundary) by extension 'python_setup_py'
[2.207s] Level 1:colcon.colcon_core.package_identification:_identify(joon_path_generate/etc/edt_results) by extensions ['ignore', 'ignore_ament_install']
[2.207s] Level 1:colcon.colcon_core.package_identification:_identify(joon_path_generate/etc/edt_results) by extension 'ignore'
[2.207s] Level 1:colcon.colcon_core.package_identification:_identify(joon_path_generate/etc/edt_results) by extension 'ignore_ament_install'
[2.207s] Level 1:colcon.colcon_core.package_identification:_identify(joon_path_generate/etc/edt_results) by extensions ['colcon_pkg']
[2.208s] Level 1:colcon.colcon_core.package_identification:_identify(joon_path_generate/etc/edt_results) by extension 'colcon_pkg'
[2.208s] Level 1:colcon.colcon_core.package_identification:_identify(joon_path_generate/etc/edt_results) by extensions ['colcon_meta']
[2.208s] Level 1:colcon.colcon_core.package_identification:_identify(joon_path_generate/etc/edt_results) by extension 'colcon_meta'
[2.208s] Level 1:colcon.colcon_core.package_identification:_identify(joon_path_generate/etc/edt_results) by extensions ['ros']
[2.209s] Level 1:colcon.colcon_core.package_identification:_identify(joon_path_generate/etc/edt_results) by extension 'ros'
[2.209s] Level 1:colcon.colcon_core.package_identification:_identify(joon_path_generate/etc/edt_results) by extensions ['cmake', 'python']
[2.209s] Level 1:colcon.colcon_core.package_identification:_identify(joon_path_generate/etc/edt_results) by extension 'cmake'
[2.210s] Level 1:colcon.colcon_core.package_identification:_identify(joon_path_generate/etc/edt_results) by extension 'python'
[2.210s] Level 1:colcon.colcon_core.package_identification:_identify(joon_path_generate/etc/edt_results) by extensions ['python_setup_py']
[2.210s] Level 1:colcon.colcon_core.package_identification:_identify(joon_path_generate/etc/edt_results) by extension 'python_setup_py'
[2.211s] Level 1:colcon.colcon_core.package_identification:_identify(joon_path_generate/etc/global_path) by extensions ['ignore', 'ignore_ament_install']
[2.211s] Level 1:colcon.colcon_core.package_identification:_identify(joon_path_generate/etc/global_path) by extension 'ignore'
[2.211s] Level 1:colcon.colcon_core.package_identification:_identify(joon_path_generate/etc/global_path) by extension 'ignore_ament_install'
[2.211s] Level 1:colcon.colcon_core.package_identification:_identify(joon_path_generate/etc/global_path) by extensions ['colcon_pkg']
[2.212s] Level 1:colcon.colcon_core.package_identification:_identify(joon_path_generate/etc/global_path) by extension 'colcon_pkg'
[2.212s] Level 1:colcon.colcon_core.package_identification:_identify(joon_path_generate/etc/global_path) by extensions ['colcon_meta']
[2.212s] Level 1:colcon.colcon_core.package_identification:_identify(joon_path_generate/etc/global_path) by extension 'colcon_meta'
[2.212s] Level 1:colcon.colcon_core.package_identification:_identify(joon_path_generate/etc/global_path) by extensions ['ros']
[2.213s] Level 1:colcon.colcon_core.package_identification:_identify(joon_path_generate/etc/global_path) by extension 'ros'
[2.213s] Level 1:colcon.colcon_core.package_identification:_identify(joon_path_generate/etc/global_path) by extensions ['cmake', 'python']
[2.213s] Level 1:colcon.colcon_core.package_identification:_identify(joon_path_generate/etc/global_path) by extension 'cmake'
[2.213s] Level 1:colcon.colcon_core.package_identification:_identify(joon_path_generate/etc/global_path) by extension 'python'
[2.214s] Level 1:colcon.colcon_core.package_identification:_identify(joon_path_generate/etc/global_path) by extensions ['python_setup_py']
[2.214s] Level 1:colcon.colcon_core.package_identification:_identify(joon_path_generate/etc/global_path) by extension 'python_setup_py'
[2.214s] Level 1:colcon.colcon_core.package_identification:_identify(joon_path_generate/final_centerline) by extensions ['ignore', 'ignore_ament_install']
[2.215s] Level 1:colcon.colcon_core.package_identification:_identify(joon_path_generate/final_centerline) by extension 'ignore'
[2.215s] Level 1:colcon.colcon_core.package_identification:_identify(joon_path_generate/final_centerline) by extension 'ignore_ament_install'
[2.215s] Level 1:colcon.colcon_core.package_identification:_identify(joon_path_generate/final_centerline) by extensions ['colcon_pkg']
[2.216s] Level 1:colcon.colcon_core.package_identification:_identify(joon_path_generate/final_centerline) by extension 'colcon_pkg'
[2.216s] Level 1:colcon.colcon_core.package_identification:_identify(joon_path_generate/final_centerline) by extensions ['colcon_meta']
[2.216s] Level 1:colcon.colcon_core.package_identification:_identify(joon_path_generate/final_centerline) by extension 'colcon_meta'
[2.216s] Level 1:colcon.colcon_core.package_identification:_identify(joon_path_generate/final_centerline) by extensions ['ros']
[2.216s] Level 1:colcon.colcon_core.package_identification:_identify(joon_path_generate/final_centerline) by extension 'ros'
[2.217s] Level 1:colcon.colcon_core.package_identification:_identify(joon_path_generate/final_centerline) by extensions ['cmake', 'python']
[2.217s] Level 1:colcon.colcon_core.package_identification:_identify(joon_path_generate/final_centerline) by extension 'cmake'
[2.217s] Level 1:colcon.colcon_core.package_identification:_identify(joon_path_generate/final_centerline) by extension 'python'
[2.218s] Level 1:colcon.colcon_core.package_identification:_identify(joon_path_generate/final_centerline) by extensions ['python_setup_py']
[2.218s] Level 1:colcon.colcon_core.package_identification:_identify(joon_path_generate/final_centerline) by extension 'python_setup_py'
[2.218s] Level 1:colcon.colcon_core.package_identification:_identify(joon_path_generate/final_centerline/output) by extensions ['ignore', 'ignore_ament_install']
[2.219s] Level 1:colcon.colcon_core.package_identification:_identify(joon_path_generate/final_centerline/output) by extension 'ignore'
[2.219s] Level 1:colcon.colcon_core.package_identification:_identify(joon_path_generate/final_centerline/output) by extension 'ignore_ament_install'
[2.219s] Level 1:colcon.colcon_core.package_identification:_identify(joon_path_generate/final_centerline/output) by extensions ['colcon_pkg']
[2.220s] Level 1:colcon.colcon_core.package_identification:_identify(joon_path_generate/final_centerline/output) by extension 'colcon_pkg'
[2.220s] Level 1:colcon.colcon_core.package_identification:_identify(joon_path_generate/final_centerline/output) by extensions ['colcon_meta']
[2.220s] Level 1:colcon.colcon_core.package_identification:_identify(joon_path_generate/final_centerline/output) by extension 'colcon_meta'
[2.220s] Level 1:colcon.colcon_core.package_identification:_identify(joon_path_generate/final_centerline/output) by extensions ['ros']
[2.220s] Level 1:colcon.colcon_core.package_identification:_identify(joon_path_generate/final_centerline/output) by extension 'ros'
[2.221s] Level 1:colcon.colcon_core.package_identification:_identify(joon_path_generate/final_centerline/output) by extensions ['cmake', 'python']
[2.221s] Level 1:colcon.colcon_core.package_identification:_identify(joon_path_generate/final_centerline/output) by extension 'cmake'
[2.221s] Level 1:colcon.colcon_core.package_identification:_identify(joon_path_generate/final_centerline/output) by extension 'python'
[2.222s] Level 1:colcon.colcon_core.package_identification:_identify(joon_path_generate/final_centerline/output) by extensions ['python_setup_py']
[2.222s] Level 1:colcon.colcon_core.package_identification:_identify(joon_path_generate/final_centerline/output) by extension 'python_setup_py'
[2.222s] Level 1:colcon.colcon_core.package_identification:_identify(joon_path_generate/final_centerline/src) by extensions ['ignore', 'ignore_ament_install']
[2.223s] Level 1:colcon.colcon_core.package_identification:_identify(joon_path_generate/final_centerline/src) by extension 'ignore'
[2.223s] Level 1:colcon.colcon_core.package_identification:_identify(joon_path_generate/final_centerline/src) by extension 'ignore_ament_install'
[2.223s] Level 1:colcon.colcon_core.package_identification:_identify(joon_path_generate/final_centerline/src) by extensions ['colcon_pkg']
[2.224s] Level 1:colcon.colcon_core.package_identification:_identify(joon_path_generate/final_centerline/src) by extension 'colcon_pkg'
[2.224s] Level 1:colcon.colcon_core.package_identification:_identify(joon_path_generate/final_centerline/src) by extensions ['colcon_meta']
[2.224s] Level 1:colcon.colcon_core.package_identification:_identify(joon_path_generate/final_centerline/src) by extension 'colcon_meta'
[2.224s] Level 1:colcon.colcon_core.package_identification:_identify(joon_path_generate/final_centerline/src) by extensions ['ros']
[2.224s] Level 1:colcon.colcon_core.package_identification:_identify(joon_path_generate/final_centerline/src) by extension 'ros'
[2.225s] Level 1:colcon.colcon_core.package_identification:_identify(joon_path_generate/final_centerline/src) by extensions ['cmake', 'python']
[2.225s] Level 1:colcon.colcon_core.package_identification:_identify(joon_path_generate/final_centerline/src) by extension 'cmake'
[2.225s] Level 1:colcon.colcon_core.package_identification:_identify(joon_path_generate/final_centerline/src) by extension 'python'
[2.226s] Level 1:colcon.colcon_core.package_identification:_identify(joon_path_generate/final_centerline/src) by extensions ['python_setup_py']
[2.226s] Level 1:colcon.colcon_core.package_identification:_identify(joon_path_generate/final_centerline/src) by extension 'python_setup_py'
[2.226s] Level 1:colcon.colcon_core.package_identification:_identify(joon_path_generate/final_centerline/src/__pycache__) by extensions ['ignore', 'ignore_ament_install']
[2.227s] Level 1:colcon.colcon_core.package_identification:_identify(joon_path_generate/final_centerline/src/__pycache__) by extension 'ignore'
[2.227s] Level 1:colcon.colcon_core.package_identification:_identify(joon_path_generate/final_centerline/src/__pycache__) by extension 'ignore_ament_install'
[2.228s] Level 1:colcon.colcon_core.package_identification:_identify(joon_path_generate/final_centerline/src/__pycache__) by extensions ['colcon_pkg']
[2.228s] Level 1:colcon.colcon_core.package_identification:_identify(joon_path_generate/final_centerline/src/__pycache__) by extension 'colcon_pkg'
[2.228s] Level 1:colcon.colcon_core.package_identification:_identify(joon_path_generate/final_centerline/src/__pycache__) by extensions ['colcon_meta']
[2.228s] Level 1:colcon.colcon_core.package_identification:_identify(joon_path_generate/final_centerline/src/__pycache__) by extension 'colcon_meta'
[2.229s] Level 1:colcon.colcon_core.package_identification:_identify(joon_path_generate/final_centerline/src/__pycache__) by extensions ['ros']
[2.229s] Level 1:colcon.colcon_core.package_identification:_identify(joon_path_generate/final_centerline/src/__pycache__) by extension 'ros'
[2.229s] Level 1:colcon.colcon_core.package_identification:_identify(joon_path_generate/final_centerline/src/__pycache__) by extensions ['cmake', 'python']
[2.229s] Level 1:colcon.colcon_core.package_identification:_identify(joon_path_generate/final_centerline/src/__pycache__) by extension 'cmake'
[2.230s] Level 1:colcon.colcon_core.package_identification:_identify(joon_path_generate/final_centerline/src/__pycache__) by extension 'python'
[2.230s] Level 1:colcon.colcon_core.package_identification:_identify(joon_path_generate/final_centerline/src/__pycache__) by extensions ['python_setup_py']
[2.230s] Level 1:colcon.colcon_core.package_identification:_identify(joon_path_generate/final_centerline/src/__pycache__) by extension 'python_setup_py'
[2.231s] Level 1:colcon.colcon_core.package_identification:_identify(joon_path_generate/final_steven_gong) by extensions ['ignore', 'ignore_ament_install']
[2.231s] Level 1:colcon.colcon_core.package_identification:_identify(joon_path_generate/final_steven_gong) by extension 'ignore'
[2.231s] Level 1:colcon.colcon_core.package_identification:_identify(joon_path_generate/final_steven_gong) by extension 'ignore_ament_install'
[2.232s] Level 1:colcon.colcon_core.package_identification:_identify(joon_path_generate/final_steven_gong) by extensions ['colcon_pkg']
[2.232s] Level 1:colcon.colcon_core.package_identification:_identify(joon_path_generate/final_steven_gong) by extension 'colcon_pkg'
[2.232s] Level 1:colcon.colcon_core.package_identification:_identify(joon_path_generate/final_steven_gong) by extensions ['colcon_meta']
[2.232s] Level 1:colcon.colcon_core.package_identification:_identify(joon_path_generate/final_steven_gong) by extension 'colcon_meta'
[2.233s] Level 1:colcon.colcon_core.package_identification:_identify(joon_path_generate/final_steven_gong) by extensions ['ros']
[2.233s] Level 1:colcon.colcon_core.package_identification:_identify(joon_path_generate/final_steven_gong) by extension 'ros'
[2.233s] Level 1:colcon.colcon_core.package_identification:_identify(joon_path_generate/final_steven_gong) by extensions ['cmake', 'python']
[2.233s] Level 1:colcon.colcon_core.package_identification:_identify(joon_path_generate/final_steven_gong) by extension 'cmake'
[2.234s] Level 1:colcon.colcon_core.package_identification:_identify(joon_path_generate/final_steven_gong) by extension 'python'
[2.234s] Level 1:colcon.colcon_core.package_identification:_identify(joon_path_generate/final_steven_gong) by extensions ['python_setup_py']
[2.234s] Level 1:colcon.colcon_core.package_identification:_identify(joon_path_generate/final_steven_gong) by extension 'python_setup_py'
[2.235s] Level 1:colcon.colcon_core.package_identification:_identify(joon_path_generate/final_steven_gong/Raceline-Optimization) by extensions ['ignore', 'ignore_ament_install']
[2.235s] Level 1:colcon.colcon_core.package_identification:_identify(joon_path_generate/final_steven_gong/Raceline-Optimization) by extension 'ignore'
[2.236s] Level 1:colcon.colcon_core.package_identification:_identify(joon_path_generate/final_steven_gong/Raceline-Optimization) by extension 'ignore_ament_install'
[2.236s] Level 1:colcon.colcon_core.package_identification:_identify(joon_path_generate/final_steven_gong/Raceline-Optimization) by extensions ['colcon_pkg']
[2.236s] Level 1:colcon.colcon_core.package_identification:_identify(joon_path_generate/final_steven_gong/Raceline-Optimization) by extension 'colcon_pkg'
[2.236s] Level 1:colcon.colcon_core.package_identification:_identify(joon_path_generate/final_steven_gong/Raceline-Optimization) by extensions ['colcon_meta']
[2.236s] Level 1:colcon.colcon_core.package_identification:_identify(joon_path_generate/final_steven_gong/Raceline-Optimization) by extension 'colcon_meta'
[2.237s] Level 1:colcon.colcon_core.package_identification:_identify(joon_path_generate/final_steven_gong/Raceline-Optimization) by extensions ['ros']
[2.237s] Level 1:colcon.colcon_core.package_identification:_identify(joon_path_generate/final_steven_gong/Raceline-Optimization) by extension 'ros'
[2.237s] Level 1:colcon.colcon_core.package_identification:_identify(joon_path_generate/final_steven_gong/Raceline-Optimization) by extensions ['cmake', 'python']
[2.238s] Level 1:colcon.colcon_core.package_identification:_identify(joon_path_generate/final_steven_gong/Raceline-Optimization) by extension 'cmake'
[2.238s] Level 1:colcon.colcon_core.package_identification:_identify(joon_path_generate/final_steven_gong/Raceline-Optimization) by extension 'python'
[2.238s] Level 1:colcon.colcon_core.package_identification:_identify(joon_path_generate/final_steven_gong/Raceline-Optimization) by extensions ['python_setup_py']
[2.238s] Level 1:colcon.colcon_core.package_identification:_identify(joon_path_generate/final_steven_gong/Raceline-Optimization) by extension 'python_setup_py'
[2.239s] Level 1:colcon.colcon_core.package_identification:_identify(joon_path_generate/final_steven_gong/Raceline-Optimization/frictionmap) by extensions ['ignore', 'ignore_ament_install']
[2.239s] Level 1:colcon.colcon_core.package_identification:_identify(joon_path_generate/final_steven_gong/Raceline-Optimization/frictionmap) by extension 'ignore'
[2.240s] Level 1:colcon.colcon_core.package_identification:_identify(joon_path_generate/final_steven_gong/Raceline-Optimization/frictionmap) by extension 'ignore_ament_install'
[2.240s] Level 1:colcon.colcon_core.package_identification:_identify(joon_path_generate/final_steven_gong/Raceline-Optimization/frictionmap) by extensions ['colcon_pkg']
[2.240s] Level 1:colcon.colcon_core.package_identification:_identify(joon_path_generate/final_steven_gong/Raceline-Optimization/frictionmap) by extension 'colcon_pkg'
[2.240s] Level 1:colcon.colcon_core.package_identification:_identify(joon_path_generate/final_steven_gong/Raceline-Optimization/frictionmap) by extensions ['colcon_meta']
[2.240s] Level 1:colcon.colcon_core.package_identification:_identify(joon_path_generate/final_steven_gong/Raceline-Optimization/frictionmap) by extension 'colcon_meta'
[2.241s] Level 1:colcon.colcon_core.package_identification:_identify(joon_path_generate/final_steven_gong/Raceline-Optimization/frictionmap) by extensions ['ros']
[2.241s] Level 1:colcon.colcon_core.package_identification:_identify(joon_path_generate/final_steven_gong/Raceline-Optimization/frictionmap) by extension 'ros'
[2.241s] Level 1:colcon.colcon_core.package_identification:_identify(joon_path_generate/final_steven_gong/Raceline-Optimization/frictionmap) by extensions ['cmake', 'python']
[2.242s] Level 1:colcon.colcon_core.package_identification:_identify(joon_path_generate/final_steven_gong/Raceline-Optimization/frictionmap) by extension 'cmake'
[2.242s] Level 1:colcon.colcon_core.package_identification:_identify(joon_path_generate/final_steven_gong/Raceline-Optimization/frictionmap) by extension 'python'
[2.242s] Level 1:colcon.colcon_core.package_identification:_identify(joon_path_generate/final_steven_gong/Raceline-Optimization/frictionmap) by extensions ['python_setup_py']
[2.242s] Level 1:colcon.colcon_core.package_identification:_identify(joon_path_generate/final_steven_gong/Raceline-Optimization/frictionmap) by extension 'python_setup_py'
[2.243s] Level 1:colcon.colcon_core.package_identification:_identify(joon_path_generate/final_steven_gong/Raceline-Optimization/frictionmap/src) by extensions ['ignore', 'ignore_ament_install']
[2.243s] Level 1:colcon.colcon_core.package_identification:_identify(joon_path_generate/final_steven_gong/Raceline-Optimization/frictionmap/src) by extension 'ignore'
[2.244s] Level 1:colcon.colcon_core.package_identification:_identify(joon_path_generate/final_steven_gong/Raceline-Optimization/frictionmap/src) by extension 'ignore_ament_install'
[2.244s] Level 1:colcon.colcon_core.package_identification:_identify(joon_path_generate/final_steven_gong/Raceline-Optimization/frictionmap/src) by extensions ['colcon_pkg']
[2.244s] Level 1:colcon.colcon_core.package_identification:_identify(joon_path_generate/final_steven_gong/Raceline-Optimization/frictionmap/src) by extension 'colcon_pkg'
[2.244s] Level 1:colcon.colcon_core.package_identification:_identify(joon_path_generate/final_steven_gong/Raceline-Optimization/frictionmap/src) by extensions ['colcon_meta']
[2.245s] Level 1:colcon.colcon_core.package_identification:_identify(joon_path_generate/final_steven_gong/Raceline-Optimization/frictionmap/src) by extension 'colcon_meta'
[2.245s] Level 1:colcon.colcon_core.package_identification:_identify(joon_path_generate/final_steven_gong/Raceline-Optimization/frictionmap/src) by extensions ['ros']
[2.245s] Level 1:colcon.colcon_core.package_identification:_identify(joon_path_generate/final_steven_gong/Raceline-Optimization/frictionmap/src) by extension 'ros'
[2.246s] Level 1:colcon.colcon_core.package_identification:_identify(joon_path_generate/final_steven_gong/Raceline-Optimization/frictionmap/src) by extensions ['cmake', 'python']
[2.246s] Level 1:colcon.colcon_core.package_identification:_identify(joon_path_generate/final_steven_gong/Raceline-Optimization/frictionmap/src) by extension 'cmake'
[2.246s] Level 1:colcon.colcon_core.package_identification:_identify(joon_path_generate/final_steven_gong/Raceline-Optimization/frictionmap/src) by extension 'python'
[2.246s] Level 1:colcon.colcon_core.package_identification:_identify(joon_path_generate/final_steven_gong/Raceline-Optimization/frictionmap/src) by extensions ['python_setup_py']
[2.247s] Level 1:colcon.colcon_core.package_identification:_identify(joon_path_generate/final_steven_gong/Raceline-Optimization/frictionmap/src) by extension 'python_setup_py'
[2.247s] Level 1:colcon.colcon_core.package_identification:_identify(joon_path_generate/final_steven_gong/Raceline-Optimization/helper_funcs_glob) by extensions ['ignore', 'ignore_ament_install']
[2.248s] Level 1:colcon.colcon_core.package_identification:_identify(joon_path_generate/final_steven_gong/Raceline-Optimization/helper_funcs_glob) by extension 'ignore'
[2.248s] Level 1:colcon.colcon_core.package_identification:_identify(joon_path_generate/final_steven_gong/Raceline-Optimization/helper_funcs_glob) by extension 'ignore_ament_install'
[2.248s] Level 1:colcon.colcon_core.package_identification:_identify(joon_path_generate/final_steven_gong/Raceline-Optimization/helper_funcs_glob) by extensions ['colcon_pkg']
[2.248s] Level 1:colcon.colcon_core.package_identification:_identify(joon_path_generate/final_steven_gong/Raceline-Optimization/helper_funcs_glob) by extension 'colcon_pkg'
[2.249s] Level 1:colcon.colcon_core.package_identification:_identify(joon_path_generate/final_steven_gong/Raceline-Optimization/helper_funcs_glob) by extensions ['colcon_meta']
[2.249s] Level 1:colcon.colcon_core.package_identification:_identify(joon_path_generate/final_steven_gong/Raceline-Optimization/helper_funcs_glob) by extension 'colcon_meta'
[2.249s] Level 1:colcon.colcon_core.package_identification:_identify(joon_path_generate/final_steven_gong/Raceline-Optimization/helper_funcs_glob) by extensions ['ros']
[2.249s] Level 1:colcon.colcon_core.package_identification:_identify(joon_path_generate/final_steven_gong/Raceline-Optimization/helper_funcs_glob) by extension 'ros'
[2.250s] Level 1:colcon.colcon_core.package_identification:_identify(joon_path_generate/final_steven_gong/Raceline-Optimization/helper_funcs_glob) by extensions ['cmake', 'python']
[2.250s] Level 1:colcon.colcon_core.package_identification:_identify(joon_path_generate/final_steven_gong/Raceline-Optimization/helper_funcs_glob) by extension 'cmake'
[2.250s] Level 1:colcon.colcon_core.package_identification:_identify(joon_path_generate/final_steven_gong/Raceline-Optimization/helper_funcs_glob) by extension 'python'
[2.251s] Level 1:colcon.colcon_core.package_identification:_identify(joon_path_generate/final_steven_gong/Raceline-Optimization/helper_funcs_glob) by extensions ['python_setup_py']
[2.251s] Level 1:colcon.colcon_core.package_identification:_identify(joon_path_generate/final_steven_gong/Raceline-Optimization/helper_funcs_glob) by extension 'python_setup_py'
[2.251s] Level 1:colcon.colcon_core.package_identification:_identify(joon_path_generate/final_steven_gong/Raceline-Optimization/helper_funcs_glob/__pycache__) by extensions ['ignore', 'ignore_ament_install']
[2.252s] Level 1:colcon.colcon_core.package_identification:_identify(joon_path_generate/final_steven_gong/Raceline-Optimization/helper_funcs_glob/__pycache__) by extension 'ignore'
[2.252s] Level 1:colcon.colcon_core.package_identification:_identify(joon_path_generate/final_steven_gong/Raceline-Optimization/helper_funcs_glob/__pycache__) by extension 'ignore_ament_install'
[2.252s] Level 1:colcon.colcon_core.package_identification:_identify(joon_path_generate/final_steven_gong/Raceline-Optimization/helper_funcs_glob/__pycache__) by extensions ['colcon_pkg']
[2.253s] Level 1:colcon.colcon_core.package_identification:_identify(joon_path_generate/final_steven_gong/Raceline-Optimization/helper_funcs_glob/__pycache__) by extension 'colcon_pkg'
[2.253s] Level 1:colcon.colcon_core.package_identification:_identify(joon_path_generate/final_steven_gong/Raceline-Optimization/helper_funcs_glob/__pycache__) by extensions ['colcon_meta']
[2.253s] Level 1:colcon.colcon_core.package_identification:_identify(joon_path_generate/final_steven_gong/Raceline-Optimization/helper_funcs_glob/__pycache__) by extension 'colcon_meta'
[2.253s] Level 1:colcon.colcon_core.package_identification:_identify(joon_path_generate/final_steven_gong/Raceline-Optimization/helper_funcs_glob/__pycache__) by extensions ['ros']
[2.254s] Level 1:colcon.colcon_core.package_identification:_identify(joon_path_generate/final_steven_gong/Raceline-Optimization/helper_funcs_glob/__pycache__) by extension 'ros'
[2.254s] Level 1:colcon.colcon_core.package_identification:_identify(joon_path_generate/final_steven_gong/Raceline-Optimization/helper_funcs_glob/__pycache__) by extensions ['cmake', 'python']
[2.254s] Level 1:colcon.colcon_core.package_identification:_identify(joon_path_generate/final_steven_gong/Raceline-Optimization/helper_funcs_glob/__pycache__) by extension 'cmake'
[2.255s] Level 1:colcon.colcon_core.package_identification:_identify(joon_path_generate/final_steven_gong/Raceline-Optimization/helper_funcs_glob/__pycache__) by extension 'python'
[2.255s] Level 1:colcon.colcon_core.package_identification:_identify(joon_path_generate/final_steven_gong/Raceline-Optimization/helper_funcs_glob/__pycache__) by extensions ['python_setup_py']
[2.255s] Level 1:colcon.colcon_core.package_identification:_identify(joon_path_generate/final_steven_gong/Raceline-Optimization/helper_funcs_glob/__pycache__) by extension 'python_setup_py'
[2.256s] Level 1:colcon.colcon_core.package_identification:_identify(joon_path_generate/final_steven_gong/Raceline-Optimization/helper_funcs_glob/src) by extensions ['ignore', 'ignore_ament_install']
[2.256s] Level 1:colcon.colcon_core.package_identification:_identify(joon_path_generate/final_steven_gong/Raceline-Optimization/helper_funcs_glob/src) by extension 'ignore'
[2.256s] Level 1:colcon.colcon_core.package_identification:_identify(joon_path_generate/final_steven_gong/Raceline-Optimization/helper_funcs_glob/src) by extension 'ignore_ament_install'
[2.257s] Level 1:colcon.colcon_core.package_identification:_identify(joon_path_generate/final_steven_gong/Raceline-Optimization/helper_funcs_glob/src) by extensions ['colcon_pkg']
[2.257s] Level 1:colcon.colcon_core.package_identification:_identify(joon_path_generate/final_steven_gong/Raceline-Optimization/helper_funcs_glob/src) by extension 'colcon_pkg'
[2.257s] Level 1:colcon.colcon_core.package_identification:_identify(joon_path_generate/final_steven_gong/Raceline-Optimization/helper_funcs_glob/src) by extensions ['colcon_meta']
[2.257s] Level 1:colcon.colcon_core.package_identification:_identify(joon_path_generate/final_steven_gong/Raceline-Optimization/helper_funcs_glob/src) by extension 'colcon_meta'
[2.258s] Level 1:colcon.colcon_core.package_identification:_identify(joon_path_generate/final_steven_gong/Raceline-Optimization/helper_funcs_glob/src) by extensions ['ros']
[2.258s] Level 1:colcon.colcon_core.package_identification:_identify(joon_path_generate/final_steven_gong/Raceline-Optimization/helper_funcs_glob/src) by extension 'ros'
[2.258s] Level 1:colcon.colcon_core.package_identification:_identify(joon_path_generate/final_steven_gong/Raceline-Optimization/helper_funcs_glob/src) by extensions ['cmake', 'python']
[2.259s] Level 1:colcon.colcon_core.package_identification:_identify(joon_path_generate/final_steven_gong/Raceline-Optimization/helper_funcs_glob/src) by extension 'cmake'
[2.259s] Level 1:colcon.colcon_core.package_identification:_identify(joon_path_generate/final_steven_gong/Raceline-Optimization/helper_funcs_glob/src) by extension 'python'
[2.259s] Level 1:colcon.colcon_core.package_identification:_identify(joon_path_generate/final_steven_gong/Raceline-Optimization/helper_funcs_glob/src) by extensions ['python_setup_py']
[2.259s] Level 1:colcon.colcon_core.package_identification:_identify(joon_path_generate/final_steven_gong/Raceline-Optimization/helper_funcs_glob/src) by extension 'python_setup_py'
[2.260s] Level 1:colcon.colcon_core.package_identification:_identify(joon_path_generate/final_steven_gong/Raceline-Optimization/helper_funcs_glob/src/__pycache__) by extensions ['ignore', 'ignore_ament_install']
[2.260s] Level 1:colcon.colcon_core.package_identification:_identify(joon_path_generate/final_steven_gong/Raceline-Optimization/helper_funcs_glob/src/__pycache__) by extension 'ignore'
[2.261s] Level 1:colcon.colcon_core.package_identification:_identify(joon_path_generate/final_steven_gong/Raceline-Optimization/helper_funcs_glob/src/__pycache__) by extension 'ignore_ament_install'
[2.261s] Level 1:colcon.colcon_core.package_identification:_identify(joon_path_generate/final_steven_gong/Raceline-Optimization/helper_funcs_glob/src/__pycache__) by extensions ['colcon_pkg']
[2.261s] Level 1:colcon.colcon_core.package_identification:_identify(joon_path_generate/final_steven_gong/Raceline-Optimization/helper_funcs_glob/src/__pycache__) by extension 'colcon_pkg'
[2.261s] Level 1:colcon.colcon_core.package_identification:_identify(joon_path_generate/final_steven_gong/Raceline-Optimization/helper_funcs_glob/src/__pycache__) by extensions ['colcon_meta']
[2.262s] Level 1:colcon.colcon_core.package_identification:_identify(joon_path_generate/final_steven_gong/Raceline-Optimization/helper_funcs_glob/src/__pycache__) by extension 'colcon_meta'
[2.262s] Level 1:colcon.colcon_core.package_identification:_identify(joon_path_generate/final_steven_gong/Raceline-Optimization/helper_funcs_glob/src/__pycache__) by extensions ['ros']
[2.262s] Level 1:colcon.colcon_core.package_identification:_identify(joon_path_generate/final_steven_gong/Raceline-Optimization/helper_funcs_glob/src/__pycache__) by extension 'ros'
[2.263s] Level 1:colcon.colcon_core.package_identification:_identify(joon_path_generate/final_steven_gong/Raceline-Optimization/helper_funcs_glob/src/__pycache__) by extensions ['cmake', 'python']
[2.263s] Level 1:colcon.colcon_core.package_identification:_identify(joon_path_generate/final_steven_gong/Raceline-Optimization/helper_funcs_glob/src/__pycache__) by extension 'cmake'
[2.263s] Level 1:colcon.colcon_core.package_identification:_identify(joon_path_generate/final_steven_gong/Raceline-Optimization/helper_funcs_glob/src/__pycache__) by extension 'python'
[2.263s] Level 1:colcon.colcon_core.package_identification:_identify(joon_path_generate/final_steven_gong/Raceline-Optimization/helper_funcs_glob/src/__pycache__) by extensions ['python_setup_py']
[2.264s] Level 1:colcon.colcon_core.package_identification:_identify(joon_path_generate/final_steven_gong/Raceline-Optimization/helper_funcs_glob/src/__pycache__) by extension 'python_setup_py'
[2.264s] Level 1:colcon.colcon_core.package_identification:_identify(joon_path_generate/final_steven_gong/Raceline-Optimization/inputs) by extensions ['ignore', 'ignore_ament_install']
[2.265s] Level 1:colcon.colcon_core.package_identification:_identify(joon_path_generate/final_steven_gong/Raceline-Optimization/inputs) by extension 'ignore'
[2.265s] Level 1:colcon.colcon_core.package_identification:_identify(joon_path_generate/final_steven_gong/Raceline-Optimization/inputs) by extension 'ignore_ament_install'
[2.265s] Level 1:colcon.colcon_core.package_identification:_identify(joon_path_generate/final_steven_gong/Raceline-Optimization/inputs) by extensions ['colcon_pkg']
[2.265s] Level 1:colcon.colcon_core.package_identification:_identify(joon_path_generate/final_steven_gong/Raceline-Optimization/inputs) by extension 'colcon_pkg'
[2.266s] Level 1:colcon.colcon_core.package_identification:_identify(joon_path_generate/final_steven_gong/Raceline-Optimization/inputs) by extensions ['colcon_meta']
[2.266s] Level 1:colcon.colcon_core.package_identification:_identify(joon_path_generate/final_steven_gong/Raceline-Optimization/inputs) by extension 'colcon_meta'
[2.266s] Level 1:colcon.colcon_core.package_identification:_identify(joon_path_generate/final_steven_gong/Raceline-Optimization/inputs) by extensions ['ros']
[2.266s] Level 1:colcon.colcon_core.package_identification:_identify(joon_path_generate/final_steven_gong/Raceline-Optimization/inputs) by extension 'ros'
[2.267s] Level 1:colcon.colcon_core.package_identification:_identify(joon_path_generate/final_steven_gong/Raceline-Optimization/inputs) by extensions ['cmake', 'python']
[2.267s] Level 1:colcon.colcon_core.package_identification:_identify(joon_path_generate/final_steven_gong/Raceline-Optimization/inputs) by extension 'cmake'
[2.267s] Level 1:colcon.colcon_core.package_identification:_identify(joon_path_generate/final_steven_gong/Raceline-Optimization/inputs) by extension 'python'
[2.268s] Level 1:colcon.colcon_core.package_identification:_identify(joon_path_generate/final_steven_gong/Raceline-Optimization/inputs) by extensions ['python_setup_py']
[2.268s] Level 1:colcon.colcon_core.package_identification:_identify(joon_path_generate/final_steven_gong/Raceline-Optimization/inputs) by extension 'python_setup_py'
[2.268s] Level 1:colcon.colcon_core.package_identification:_identify(joon_path_generate/final_steven_gong/Raceline-Optimization/inputs/frictionmaps) by extensions ['ignore', 'ignore_ament_install']
[2.269s] Level 1:colcon.colcon_core.package_identification:_identify(joon_path_generate/final_steven_gong/Raceline-Optimization/inputs/frictionmaps) by extension 'ignore'
[2.269s] Level 1:colcon.colcon_core.package_identification:_identify(joon_path_generate/final_steven_gong/Raceline-Optimization/inputs/frictionmaps) by extension 'ignore_ament_install'
[2.269s] Level 1:colcon.colcon_core.package_identification:_identify(joon_path_generate/final_steven_gong/Raceline-Optimization/inputs/frictionmaps) by extensions ['colcon_pkg']
[2.270s] Level 1:colcon.colcon_core.package_identification:_identify(joon_path_generate/final_steven_gong/Raceline-Optimization/inputs/frictionmaps) by extension 'colcon_pkg'
[2.270s] Level 1:colcon.colcon_core.package_identification:_identify(joon_path_generate/final_steven_gong/Raceline-Optimization/inputs/frictionmaps) by extensions ['colcon_meta']
[2.270s] Level 1:colcon.colcon_core.package_identification:_identify(joon_path_generate/final_steven_gong/Raceline-Optimization/inputs/frictionmaps) by extension 'colcon_meta'
[2.270s] Level 1:colcon.colcon_core.package_identification:_identify(joon_path_generate/final_steven_gong/Raceline-Optimization/inputs/frictionmaps) by extensions ['ros']
[2.271s] Level 1:colcon.colcon_core.package_identification:_identify(joon_path_generate/final_steven_gong/Raceline-Optimization/inputs/frictionmaps) by extension 'ros'
[2.271s] Level 1:colcon.colcon_core.package_identification:_identify(joon_path_generate/final_steven_gong/Raceline-Optimization/inputs/frictionmaps) by extensions ['cmake', 'python']
[2.271s] Level 1:colcon.colcon_core.package_identification:_identify(joon_path_generate/final_steven_gong/Raceline-Optimization/inputs/frictionmaps) by extension 'cmake'
[2.271s] Level 1:colcon.colcon_core.package_identification:_identify(joon_path_generate/final_steven_gong/Raceline-Optimization/inputs/frictionmaps) by extension 'python'
[2.272s] Level 1:colcon.colcon_core.package_identification:_identify(joon_path_generate/final_steven_gong/Raceline-Optimization/inputs/frictionmaps) by extensions ['python_setup_py']
[2.272s] Level 1:colcon.colcon_core.package_identification:_identify(joon_path_generate/final_steven_gong/Raceline-Optimization/inputs/frictionmaps) by extension 'python_setup_py'
[2.273s] Level 1:colcon.colcon_core.package_identification:_identify(joon_path_generate/final_steven_gong/Raceline-Optimization/inputs/tracks) by extensions ['ignore', 'ignore_ament_install']
[2.273s] Level 1:colcon.colcon_core.package_identification:_identify(joon_path_generate/final_steven_gong/Raceline-Optimization/inputs/tracks) by extension 'ignore'
[2.273s] Level 1:colcon.colcon_core.package_identification:_identify(joon_path_generate/final_steven_gong/Raceline-Optimization/inputs/tracks) by extension 'ignore_ament_install'
[2.274s] Level 1:colcon.colcon_core.package_identification:_identify(joon_path_generate/final_steven_gong/Raceline-Optimization/inputs/tracks) by extensions ['colcon_pkg']
[2.274s] Level 1:colcon.colcon_core.package_identification:_identify(joon_path_generate/final_steven_gong/Raceline-Optimization/inputs/tracks) by extension 'colcon_pkg'
[2.274s] Level 1:colcon.colcon_core.package_identification:_identify(joon_path_generate/final_steven_gong/Raceline-Optimization/inputs/tracks) by extensions ['colcon_meta']
[2.274s] Level 1:colcon.colcon_core.package_identification:_identify(joon_path_generate/final_steven_gong/Raceline-Optimization/inputs/tracks) by extension 'colcon_meta'
[2.275s] Level 1:colcon.colcon_core.package_identification:_identify(joon_path_generate/final_steven_gong/Raceline-Optimization/inputs/tracks) by extensions ['ros']
[2.275s] Level 1:colcon.colcon_core.package_identification:_identify(joon_path_generate/final_steven_gong/Raceline-Optimization/inputs/tracks) by extension 'ros'
[2.275s] Level 1:colcon.colcon_core.package_identification:_identify(joon_path_generate/final_steven_gong/Raceline-Optimization/inputs/tracks) by extensions ['cmake', 'python']
[2.275s] Level 1:colcon.colcon_core.package_identification:_identify(joon_path_generate/final_steven_gong/Raceline-Optimization/inputs/tracks) by extension 'cmake'
[2.276s] Level 1:colcon.colcon_core.package_identification:_identify(joon_path_generate/final_steven_gong/Raceline-Optimization/inputs/tracks) by extension 'python'
[2.276s] Level 1:colcon.colcon_core.package_identification:_identify(joon_path_generate/final_steven_gong/Raceline-Optimization/inputs/tracks) by extensions ['python_setup_py']
[2.276s] Level 1:colcon.colcon_core.package_identification:_identify(joon_path_generate/final_steven_gong/Raceline-Optimization/inputs/tracks) by extension 'python_setup_py'
[2.277s] Level 1:colcon.colcon_core.package_identification:_identify(joon_path_generate/final_steven_gong/Raceline-Optimization/inputs/veh_dyn_info) by extensions ['ignore', 'ignore_ament_install']
[2.277s] Level 1:colcon.colcon_core.package_identification:_identify(joon_path_generate/final_steven_gong/Raceline-Optimization/inputs/veh_dyn_info) by extension 'ignore'
[2.277s] Level 1:colcon.colcon_core.package_identification:_identify(joon_path_generate/final_steven_gong/Raceline-Optimization/inputs/veh_dyn_info) by extension 'ignore_ament_install'
[2.278s] Level 1:colcon.colcon_core.package_identification:_identify(joon_path_generate/final_steven_gong/Raceline-Optimization/inputs/veh_dyn_info) by extensions ['colcon_pkg']
[2.278s] Level 1:colcon.colcon_core.package_identification:_identify(joon_path_generate/final_steven_gong/Raceline-Optimization/inputs/veh_dyn_info) by extension 'colcon_pkg'
[2.278s] Level 1:colcon.colcon_core.package_identification:_identify(joon_path_generate/final_steven_gong/Raceline-Optimization/inputs/veh_dyn_info) by extensions ['colcon_meta']
[2.278s] Level 1:colcon.colcon_core.package_identification:_identify(joon_path_generate/final_steven_gong/Raceline-Optimization/inputs/veh_dyn_info) by extension 'colcon_meta'
[2.279s] Level 1:colcon.colcon_core.package_identification:_identify(joon_path_generate/final_steven_gong/Raceline-Optimization/inputs/veh_dyn_info) by extensions ['ros']
[2.279s] Level 1:colcon.colcon_core.package_identification:_identify(joon_path_generate/final_steven_gong/Raceline-Optimization/inputs/veh_dyn_info) by extension 'ros'
[2.280s] Level 1:colcon.colcon_core.package_identification:_identify(joon_path_generate/final_steven_gong/Raceline-Optimization/inputs/veh_dyn_info) by extensions ['cmake', 'python']
[2.280s] Level 1:colcon.colcon_core.package_identification:_identify(joon_path_generate/final_steven_gong/Raceline-Optimization/inputs/veh_dyn_info) by extension 'cmake'
[2.280s] Level 1:colcon.colcon_core.package_identification:_identify(joon_path_generate/final_steven_gong/Raceline-Optimization/inputs/veh_dyn_info) by extension 'python'
[2.280s] Level 1:colcon.colcon_core.package_identification:_identify(joon_path_generate/final_steven_gong/Raceline-Optimization/inputs/veh_dyn_info) by extensions ['python_setup_py']
[2.280s] Level 1:colcon.colcon_core.package_identification:_identify(joon_path_generate/final_steven_gong/Raceline-Optimization/inputs/veh_dyn_info) by extension 'python_setup_py'
[2.281s] Level 1:colcon.colcon_core.package_identification:_identify(joon_path_generate/final_steven_gong/Raceline-Optimization/maps) by extensions ['ignore', 'ignore_ament_install']
[2.281s] Level 1:colcon.colcon_core.package_identification:_identify(joon_path_generate/final_steven_gong/Raceline-Optimization/maps) by extension 'ignore'
[2.282s] Level 1:colcon.colcon_core.package_identification:_identify(joon_path_generate/final_steven_gong/Raceline-Optimization/maps) by extension 'ignore_ament_install'
[2.282s] Level 1:colcon.colcon_core.package_identification:_identify(joon_path_generate/final_steven_gong/Raceline-Optimization/maps) by extensions ['colcon_pkg']
[2.282s] Level 1:colcon.colcon_core.package_identification:_identify(joon_path_generate/final_steven_gong/Raceline-Optimization/maps) by extension 'colcon_pkg'
[2.283s] Level 1:colcon.colcon_core.package_identification:_identify(joon_path_generate/final_steven_gong/Raceline-Optimization/maps) by extensions ['colcon_meta']
[2.283s] Level 1:colcon.colcon_core.package_identification:_identify(joon_path_generate/final_steven_gong/Raceline-Optimization/maps) by extension 'colcon_meta'
[2.283s] Level 1:colcon.colcon_core.package_identification:_identify(joon_path_generate/final_steven_gong/Raceline-Optimization/maps) by extensions ['ros']
[2.283s] Level 1:colcon.colcon_core.package_identification:_identify(joon_path_generate/final_steven_gong/Raceline-Optimization/maps) by extension 'ros'
[2.284s] Level 1:colcon.colcon_core.package_identification:_identify(joon_path_generate/final_steven_gong/Raceline-Optimization/maps) by extensions ['cmake', 'python']
[2.284s] Level 1:colcon.colcon_core.package_identification:_identify(joon_path_generate/final_steven_gong/Raceline-Optimization/maps) by extension 'cmake'
[2.284s] Level 1:colcon.colcon_core.package_identification:_identify(joon_path_generate/final_steven_gong/Raceline-Optimization/maps) by extension 'python'
[2.285s] Level 1:colcon.colcon_core.package_identification:_identify(joon_path_generate/final_steven_gong/Raceline-Optimization/maps) by extensions ['python_setup_py']
[2.285s] Level 1:colcon.colcon_core.package_identification:_identify(joon_path_generate/final_steven_gong/Raceline-Optimization/maps) by extension 'python_setup_py'
[2.285s] Level 1:colcon.colcon_core.package_identification:_identify(joon_path_generate/final_steven_gong/Raceline-Optimization/opt_mintime_traj) by extensions ['ignore', 'ignore_ament_install']
[2.286s] Level 1:colcon.colcon_core.package_identification:_identify(joon_path_generate/final_steven_gong/Raceline-Optimization/opt_mintime_traj) by extension 'ignore'
[2.286s] Level 1:colcon.colcon_core.package_identification:_identify(joon_path_generate/final_steven_gong/Raceline-Optimization/opt_mintime_traj) by extension 'ignore_ament_install'
[2.286s] Level 1:colcon.colcon_core.package_identification:_identify(joon_path_generate/final_steven_gong/Raceline-Optimization/opt_mintime_traj) by extensions ['colcon_pkg']
[2.287s] Level 1:colcon.colcon_core.package_identification:_identify(joon_path_generate/final_steven_gong/Raceline-Optimization/opt_mintime_traj) by extension 'colcon_pkg'
[2.287s] Level 1:colcon.colcon_core.package_identification:_identify(joon_path_generate/final_steven_gong/Raceline-Optimization/opt_mintime_traj) by extensions ['colcon_meta']
[2.287s] Level 1:colcon.colcon_core.package_identification:_identify(joon_path_generate/final_steven_gong/Raceline-Optimization/opt_mintime_traj) by extension 'colcon_meta'
[2.287s] Level 1:colcon.colcon_core.package_identification:_identify(joon_path_generate/final_steven_gong/Raceline-Optimization/opt_mintime_traj) by extensions ['ros']
[2.288s] Level 1:colcon.colcon_core.package_identification:_identify(joon_path_generate/final_steven_gong/Raceline-Optimization/opt_mintime_traj) by extension 'ros'
[2.288s] Level 1:colcon.colcon_core.package_identification:_identify(joon_path_generate/final_steven_gong/Raceline-Optimization/opt_mintime_traj) by extensions ['cmake', 'python']
[2.288s] Level 1:colcon.colcon_core.package_identification:_identify(joon_path_generate/final_steven_gong/Raceline-Optimization/opt_mintime_traj) by extension 'cmake'
[2.289s] Level 1:colcon.colcon_core.package_identification:_identify(joon_path_generate/final_steven_gong/Raceline-Optimization/opt_mintime_traj) by extension 'python'
[2.289s] Level 1:colcon.colcon_core.package_identification:_identify(joon_path_generate/final_steven_gong/Raceline-Optimization/opt_mintime_traj) by extensions ['python_setup_py']
[2.289s] Level 1:colcon.colcon_core.package_identification:_identify(joon_path_generate/final_steven_gong/Raceline-Optimization/opt_mintime_traj) by extension 'python_setup_py'
[2.290s] Level 1:colcon.colcon_core.package_identification:_identify(joon_path_generate/final_steven_gong/Raceline-Optimization/opt_mintime_traj/__pycache__) by extensions ['ignore', 'ignore_ament_install']
[2.290s] Level 1:colcon.colcon_core.package_identification:_identify(joon_path_generate/final_steven_gong/Raceline-Optimization/opt_mintime_traj/__pycache__) by extension 'ignore'
[2.290s] Level 1:colcon.colcon_core.package_identification:_identify(joon_path_generate/final_steven_gong/Raceline-Optimization/opt_mintime_traj/__pycache__) by extension 'ignore_ament_install'
[2.291s] Level 1:colcon.colcon_core.package_identification:_identify(joon_path_generate/final_steven_gong/Raceline-Optimization/opt_mintime_traj/__pycache__) by extensions ['colcon_pkg']
[2.291s] Level 1:colcon.colcon_core.package_identification:_identify(joon_path_generate/final_steven_gong/Raceline-Optimization/opt_mintime_traj/__pycache__) by extension 'colcon_pkg'
[2.291s] Level 1:colcon.colcon_core.package_identification:_identify(joon_path_generate/final_steven_gong/Raceline-Optimization/opt_mintime_traj/__pycache__) by extensions ['colcon_meta']
[2.291s] Level 1:colcon.colcon_core.package_identification:_identify(joon_path_generate/final_steven_gong/Raceline-Optimization/opt_mintime_traj/__pycache__) by extension 'colcon_meta'
[2.292s] Level 1:colcon.colcon_core.package_identification:_identify(joon_path_generate/final_steven_gong/Raceline-Optimization/opt_mintime_traj/__pycache__) by extensions ['ros']
[2.292s] Level 1:colcon.colcon_core.package_identification:_identify(joon_path_generate/final_steven_gong/Raceline-Optimization/opt_mintime_traj/__pycache__) by extension 'ros'
[2.292s] Level 1:colcon.colcon_core.package_identification:_identify(joon_path_generate/final_steven_gong/Raceline-Optimization/opt_mintime_traj/__pycache__) by extensions ['cmake', 'python']
[2.292s] Level 1:colcon.colcon_core.package_identification:_identify(joon_path_generate/final_steven_gong/Raceline-Optimization/opt_mintime_traj/__pycache__) by extension 'cmake'
[2.293s] Level 1:colcon.colcon_core.package_identification:_identify(joon_path_generate/final_steven_gong/Raceline-Optimization/opt_mintime_traj/__pycache__) by extension 'python'
[2.293s] Level 1:colcon.colcon_core.package_identification:_identify(joon_path_generate/final_steven_gong/Raceline-Optimization/opt_mintime_traj/__pycache__) by extensions ['python_setup_py']
[2.293s] Level 1:colcon.colcon_core.package_identification:_identify(joon_path_generate/final_steven_gong/Raceline-Optimization/opt_mintime_traj/__pycache__) by extension 'python_setup_py'
[2.294s] Level 1:colcon.colcon_core.package_identification:_identify(joon_path_generate/final_steven_gong/Raceline-Optimization/opt_mintime_traj/powertrain_src) by extensions ['ignore', 'ignore_ament_install']
[2.294s] Level 1:colcon.colcon_core.package_identification:_identify(joon_path_generate/final_steven_gong/Raceline-Optimization/opt_mintime_traj/powertrain_src) by extension 'ignore'
[2.294s] Level 1:colcon.colcon_core.package_identification:_identify(joon_path_generate/final_steven_gong/Raceline-Optimization/opt_mintime_traj/powertrain_src) by extension 'ignore_ament_install'
[2.295s] Level 1:colcon.colcon_core.package_identification:_identify(joon_path_generate/final_steven_gong/Raceline-Optimization/opt_mintime_traj/powertrain_src) by extensions ['colcon_pkg']
[2.295s] Level 1:colcon.colcon_core.package_identification:_identify(joon_path_generate/final_steven_gong/Raceline-Optimization/opt_mintime_traj/powertrain_src) by extension 'colcon_pkg'
[2.295s] Level 1:colcon.colcon_core.package_identification:_identify(joon_path_generate/final_steven_gong/Raceline-Optimization/opt_mintime_traj/powertrain_src) by extensions ['colcon_meta']
[2.295s] Level 1:colcon.colcon_core.package_identification:_identify(joon_path_generate/final_steven_gong/Raceline-Optimization/opt_mintime_traj/powertrain_src) by extension 'colcon_meta'
[2.296s] Level 1:colcon.colcon_core.package_identification:_identify(joon_path_generate/final_steven_gong/Raceline-Optimization/opt_mintime_traj/powertrain_src) by extensions ['ros']
[2.296s] Level 1:colcon.colcon_core.package_identification:_identify(joon_path_generate/final_steven_gong/Raceline-Optimization/opt_mintime_traj/powertrain_src) by extension 'ros'
[2.296s] Level 1:colcon.colcon_core.package_identification:_identify(joon_path_generate/final_steven_gong/Raceline-Optimization/opt_mintime_traj/powertrain_src) by extensions ['cmake', 'python']
[2.297s] Level 1:colcon.colcon_core.package_identification:_identify(joon_path_generate/final_steven_gong/Raceline-Optimization/opt_mintime_traj/powertrain_src) by extension 'cmake'
[2.297s] Level 1:colcon.colcon_core.package_identification:_identify(joon_path_generate/final_steven_gong/Raceline-Optimization/opt_mintime_traj/powertrain_src) by extension 'python'
[2.297s] Level 1:colcon.colcon_core.package_identification:_identify(joon_path_generate/final_steven_gong/Raceline-Optimization/opt_mintime_traj/powertrain_src) by extensions ['python_setup_py']
[2.297s] Level 1:colcon.colcon_core.package_identification:_identify(joon_path_generate/final_steven_gong/Raceline-Optimization/opt_mintime_traj/powertrain_src) by extension 'python_setup_py'
[2.298s] Level 1:colcon.colcon_core.package_identification:_identify(joon_path_generate/final_steven_gong/Raceline-Optimization/opt_mintime_traj/powertrain_src/__pycache__) by extensions ['ignore', 'ignore_ament_install']
[2.298s] Level 1:colcon.colcon_core.package_identification:_identify(joon_path_generate/final_steven_gong/Raceline-Optimization/opt_mintime_traj/powertrain_src/__pycache__) by extension 'ignore'
[2.299s] Level 1:colcon.colcon_core.package_identification:_identify(joon_path_generate/final_steven_gong/Raceline-Optimization/opt_mintime_traj/powertrain_src/__pycache__) by extension 'ignore_ament_install'
[2.299s] Level 1:colcon.colcon_core.package_identification:_identify(joon_path_generate/final_steven_gong/Raceline-Optimization/opt_mintime_traj/powertrain_src/__pycache__) by extensions ['colcon_pkg']
[2.299s] Level 1:colcon.colcon_core.package_identification:_identify(joon_path_generate/final_steven_gong/Raceline-Optimization/opt_mintime_traj/powertrain_src/__pycache__) by extension 'colcon_pkg'
[2.299s] Level 1:colcon.colcon_core.package_identification:_identify(joon_path_generate/final_steven_gong/Raceline-Optimization/opt_mintime_traj/powertrain_src/__pycache__) by extensions ['colcon_meta']
[2.300s] Level 1:colcon.colcon_core.package_identification:_identify(joon_path_generate/final_steven_gong/Raceline-Optimization/opt_mintime_traj/powertrain_src/__pycache__) by extension 'colcon_meta'
[2.300s] Level 1:colcon.colcon_core.package_identification:_identify(joon_path_generate/final_steven_gong/Raceline-Optimization/opt_mintime_traj/powertrain_src/__pycache__) by extensions ['ros']
[2.300s] Level 1:colcon.colcon_core.package_identification:_identify(joon_path_generate/final_steven_gong/Raceline-Optimization/opt_mintime_traj/powertrain_src/__pycache__) by extension 'ros'
[2.301s] Level 1:colcon.colcon_core.package_identification:_identify(joon_path_generate/final_steven_gong/Raceline-Optimization/opt_mintime_traj/powertrain_src/__pycache__) by extensions ['cmake', 'python']
[2.301s] Level 1:colcon.colcon_core.package_identification:_identify(joon_path_generate/final_steven_gong/Raceline-Optimization/opt_mintime_traj/powertrain_src/__pycache__) by extension 'cmake'
[2.301s] Level 1:colcon.colcon_core.package_identification:_identify(joon_path_generate/final_steven_gong/Raceline-Optimization/opt_mintime_traj/powertrain_src/__pycache__) by extension 'python'
[2.301s] Level 1:colcon.colcon_core.package_identification:_identify(joon_path_generate/final_steven_gong/Raceline-Optimization/opt_mintime_traj/powertrain_src/__pycache__) by extensions ['python_setup_py']
[2.302s] Level 1:colcon.colcon_core.package_identification:_identify(joon_path_generate/final_steven_gong/Raceline-Optimization/opt_mintime_traj/powertrain_src/__pycache__) by extension 'python_setup_py'
[2.302s] Level 1:colcon.colcon_core.package_identification:_identify(joon_path_generate/final_steven_gong/Raceline-Optimization/opt_mintime_traj/powertrain_src/src) by extensions ['ignore', 'ignore_ament_install']
[2.303s] Level 1:colcon.colcon_core.package_identification:_identify(joon_path_generate/final_steven_gong/Raceline-Optimization/opt_mintime_traj/powertrain_src/src) by extension 'ignore'
[2.303s] Level 1:colcon.colcon_core.package_identification:_identify(joon_path_generate/final_steven_gong/Raceline-Optimization/opt_mintime_traj/powertrain_src/src) by extension 'ignore_ament_install'
[2.303s] Level 1:colcon.colcon_core.package_identification:_identify(joon_path_generate/final_steven_gong/Raceline-Optimization/opt_mintime_traj/powertrain_src/src) by extensions ['colcon_pkg']
[2.303s] Level 1:colcon.colcon_core.package_identification:_identify(joon_path_generate/final_steven_gong/Raceline-Optimization/opt_mintime_traj/powertrain_src/src) by extension 'colcon_pkg'
[2.304s] Level 1:colcon.colcon_core.package_identification:_identify(joon_path_generate/final_steven_gong/Raceline-Optimization/opt_mintime_traj/powertrain_src/src) by extensions ['colcon_meta']
[2.304s] Level 1:colcon.colcon_core.package_identification:_identify(joon_path_generate/final_steven_gong/Raceline-Optimization/opt_mintime_traj/powertrain_src/src) by extension 'colcon_meta'
[2.304s] Level 1:colcon.colcon_core.package_identification:_identify(joon_path_generate/final_steven_gong/Raceline-Optimization/opt_mintime_traj/powertrain_src/src) by extensions ['ros']
[2.305s] Level 1:colcon.colcon_core.package_identification:_identify(joon_path_generate/final_steven_gong/Raceline-Optimization/opt_mintime_traj/powertrain_src/src) by extension 'ros'
[2.305s] Level 1:colcon.colcon_core.package_identification:_identify(joon_path_generate/final_steven_gong/Raceline-Optimization/opt_mintime_traj/powertrain_src/src) by extensions ['cmake', 'python']
[2.305s] Level 1:colcon.colcon_core.package_identification:_identify(joon_path_generate/final_steven_gong/Raceline-Optimization/opt_mintime_traj/powertrain_src/src) by extension 'cmake'
[2.305s] Level 1:colcon.colcon_core.package_identification:_identify(joon_path_generate/final_steven_gong/Raceline-Optimization/opt_mintime_traj/powertrain_src/src) by extension 'python'
[2.306s] Level 1:colcon.colcon_core.package_identification:_identify(joon_path_generate/final_steven_gong/Raceline-Optimization/opt_mintime_traj/powertrain_src/src) by extensions ['python_setup_py']
[2.306s] Level 1:colcon.colcon_core.package_identification:_identify(joon_path_generate/final_steven_gong/Raceline-Optimization/opt_mintime_traj/powertrain_src/src) by extension 'python_setup_py'
[2.307s] Level 1:colcon.colcon_core.package_identification:_identify(joon_path_generate/final_steven_gong/Raceline-Optimization/opt_mintime_traj/powertrain_src/src/__pycache__) by extensions ['ignore', 'ignore_ament_install']
[2.307s] Level 1:colcon.colcon_core.package_identification:_identify(joon_path_generate/final_steven_gong/Raceline-Optimization/opt_mintime_traj/powertrain_src/src/__pycache__) by extension 'ignore'
[2.307s] Level 1:colcon.colcon_core.package_identification:_identify(joon_path_generate/final_steven_gong/Raceline-Optimization/opt_mintime_traj/powertrain_src/src/__pycache__) by extension 'ignore_ament_install'
[2.308s] Level 1:colcon.colcon_core.package_identification:_identify(joon_path_generate/final_steven_gong/Raceline-Optimization/opt_mintime_traj/powertrain_src/src/__pycache__) by extensions ['colcon_pkg']
[2.308s] Level 1:colcon.colcon_core.package_identification:_identify(joon_path_generate/final_steven_gong/Raceline-Optimization/opt_mintime_traj/powertrain_src/src/__pycache__) by extension 'colcon_pkg'
[2.308s] Level 1:colcon.colcon_core.package_identification:_identify(joon_path_generate/final_steven_gong/Raceline-Optimization/opt_mintime_traj/powertrain_src/src/__pycache__) by extensions ['colcon_meta']
[2.308s] Level 1:colcon.colcon_core.package_identification:_identify(joon_path_generate/final_steven_gong/Raceline-Optimization/opt_mintime_traj/powertrain_src/src/__pycache__) by extension 'colcon_meta'
[2.309s] Level 1:colcon.colcon_core.package_identification:_identify(joon_path_generate/final_steven_gong/Raceline-Optimization/opt_mintime_traj/powertrain_src/src/__pycache__) by extensions ['ros']
[2.309s] Level 1:colcon.colcon_core.package_identification:_identify(joon_path_generate/final_steven_gong/Raceline-Optimization/opt_mintime_traj/powertrain_src/src/__pycache__) by extension 'ros'
[2.309s] Level 1:colcon.colcon_core.package_identification:_identify(joon_path_generate/final_steven_gong/Raceline-Optimization/opt_mintime_traj/powertrain_src/src/__pycache__) by extensions ['cmake', 'python']
[2.309s] Level 1:colcon.colcon_core.package_identification:_identify(joon_path_generate/final_steven_gong/Raceline-Optimization/opt_mintime_traj/powertrain_src/src/__pycache__) by extension 'cmake'
[2.310s] Level 1:colcon.colcon_core.package_identification:_identify(joon_path_generate/final_steven_gong/Raceline-Optimization/opt_mintime_traj/powertrain_src/src/__pycache__) by extension 'python'
[2.310s] Level 1:colcon.colcon_core.package_identification:_identify(joon_path_generate/final_steven_gong/Raceline-Optimization/opt_mintime_traj/powertrain_src/src/__pycache__) by extensions ['python_setup_py']
[2.310s] Level 1:colcon.colcon_core.package_identification:_identify(joon_path_generate/final_steven_gong/Raceline-Optimization/opt_mintime_traj/powertrain_src/src/__pycache__) by extension 'python_setup_py'
[2.311s] Level 1:colcon.colcon_core.package_identification:_identify(joon_path_generate/final_steven_gong/Raceline-Optimization/opt_mintime_traj/src) by extensions ['ignore', 'ignore_ament_install']
[2.311s] Level 1:colcon.colcon_core.package_identification:_identify(joon_path_generate/final_steven_gong/Raceline-Optimization/opt_mintime_traj/src) by extension 'ignore'
[2.312s] Level 1:colcon.colcon_core.package_identification:_identify(joon_path_generate/final_steven_gong/Raceline-Optimization/opt_mintime_traj/src) by extension 'ignore_ament_install'
[2.312s] Level 1:colcon.colcon_core.package_identification:_identify(joon_path_generate/final_steven_gong/Raceline-Optimization/opt_mintime_traj/src) by extensions ['colcon_pkg']
[2.312s] Level 1:colcon.colcon_core.package_identification:_identify(joon_path_generate/final_steven_gong/Raceline-Optimization/opt_mintime_traj/src) by extension 'colcon_pkg'
[2.312s] Level 1:colcon.colcon_core.package_identification:_identify(joon_path_generate/final_steven_gong/Raceline-Optimization/opt_mintime_traj/src) by extensions ['colcon_meta']
[2.312s] Level 1:colcon.colcon_core.package_identification:_identify(joon_path_generate/final_steven_gong/Raceline-Optimization/opt_mintime_traj/src) by extension 'colcon_meta'
[2.313s] Level 1:colcon.colcon_core.package_identification:_identify(joon_path_generate/final_steven_gong/Raceline-Optimization/opt_mintime_traj/src) by extensions ['ros']
[2.313s] Level 1:colcon.colcon_core.package_identification:_identify(joon_path_generate/final_steven_gong/Raceline-Optimization/opt_mintime_traj/src) by extension 'ros'
[2.314s] Level 1:colcon.colcon_core.package_identification:_identify(joon_path_generate/final_steven_gong/Raceline-Optimization/opt_mintime_traj/src) by extensions ['cmake', 'python']
[2.314s] Level 1:colcon.colcon_core.package_identification:_identify(joon_path_generate/final_steven_gong/Raceline-Optimization/opt_mintime_traj/src) by extension 'cmake'
[2.314s] Level 1:colcon.colcon_core.package_identification:_identify(joon_path_generate/final_steven_gong/Raceline-Optimization/opt_mintime_traj/src) by extension 'python'
[2.314s] Level 1:colcon.colcon_core.package_identification:_identify(joon_path_generate/final_steven_gong/Raceline-Optimization/opt_mintime_traj/src) by extensions ['python_setup_py']
[2.314s] Level 1:colcon.colcon_core.package_identification:_identify(joon_path_generate/final_steven_gong/Raceline-Optimization/opt_mintime_traj/src) by extension 'python_setup_py'
[2.315s] Level 1:colcon.colcon_core.package_identification:_identify(joon_path_generate/final_steven_gong/Raceline-Optimization/opt_mintime_traj/src/__pycache__) by extensions ['ignore', 'ignore_ament_install']
[2.316s] Level 1:colcon.colcon_core.package_identification:_identify(joon_path_generate/final_steven_gong/Raceline-Optimization/opt_mintime_traj/src/__pycache__) by extension 'ignore'
[2.316s] Level 1:colcon.colcon_core.package_identification:_identify(joon_path_generate/final_steven_gong/Raceline-Optimization/opt_mintime_traj/src/__pycache__) by extension 'ignore_ament_install'
[2.316s] Level 1:colcon.colcon_core.package_identification:_identify(joon_path_generate/final_steven_gong/Raceline-Optimization/opt_mintime_traj/src/__pycache__) by extensions ['colcon_pkg']
[2.316s] Level 1:colcon.colcon_core.package_identification:_identify(joon_path_generate/final_steven_gong/Raceline-Optimization/opt_mintime_traj/src/__pycache__) by extension 'colcon_pkg'
[2.317s] Level 1:colcon.colcon_core.package_identification:_identify(joon_path_generate/final_steven_gong/Raceline-Optimization/opt_mintime_traj/src/__pycache__) by extensions ['colcon_meta']
[2.317s] Level 1:colcon.colcon_core.package_identification:_identify(joon_path_generate/final_steven_gong/Raceline-Optimization/opt_mintime_traj/src/__pycache__) by extension 'colcon_meta'
[2.318s] Level 1:colcon.colcon_core.package_identification:_identify(joon_path_generate/final_steven_gong/Raceline-Optimization/opt_mintime_traj/src/__pycache__) by extensions ['ros']
[2.318s] Level 1:colcon.colcon_core.package_identification:_identify(joon_path_generate/final_steven_gong/Raceline-Optimization/opt_mintime_traj/src/__pycache__) by extension 'ros'
[2.318s] Level 1:colcon.colcon_core.package_identification:_identify(joon_path_generate/final_steven_gong/Raceline-Optimization/opt_mintime_traj/src/__pycache__) by extensions ['cmake', 'python']
[2.319s] Level 1:colcon.colcon_core.package_identification:_identify(joon_path_generate/final_steven_gong/Raceline-Optimization/opt_mintime_traj/src/__pycache__) by extension 'cmake'
[2.319s] Level 1:colcon.colcon_core.package_identification:_identify(joon_path_generate/final_steven_gong/Raceline-Optimization/opt_mintime_traj/src/__pycache__) by extension 'python'
[2.319s] Level 1:colcon.colcon_core.package_identification:_identify(joon_path_generate/final_steven_gong/Raceline-Optimization/opt_mintime_traj/src/__pycache__) by extensions ['python_setup_py']
[2.319s] Level 1:colcon.colcon_core.package_identification:_identify(joon_path_generate/final_steven_gong/Raceline-Optimization/opt_mintime_traj/src/__pycache__) by extension 'python_setup_py'
[2.320s] Level 1:colcon.colcon_core.package_identification:_identify(joon_path_generate/final_steven_gong/Raceline-Optimization/outputs) by extensions ['ignore', 'ignore_ament_install']
[2.321s] Level 1:colcon.colcon_core.package_identification:_identify(joon_path_generate/final_steven_gong/Raceline-Optimization/outputs) by extension 'ignore'
[2.321s] Level 1:colcon.colcon_core.package_identification:_identify(joon_path_generate/final_steven_gong/Raceline-Optimization/outputs) by extension 'ignore_ament_install'
[2.321s] Level 1:colcon.colcon_core.package_identification:_identify(joon_path_generate/final_steven_gong/Raceline-Optimization/outputs) by extensions ['colcon_pkg']
[2.322s] Level 1:colcon.colcon_core.package_identification:_identify(joon_path_generate/final_steven_gong/Raceline-Optimization/outputs) by extension 'colcon_pkg'
[2.322s] Level 1:colcon.colcon_core.package_identification:_identify(joon_path_generate/final_steven_gong/Raceline-Optimization/outputs) by extensions ['colcon_meta']
[2.322s] Level 1:colcon.colcon_core.package_identification:_identify(joon_path_generate/final_steven_gong/Raceline-Optimization/outputs) by extension 'colcon_meta'
[2.323s] Level 1:colcon.colcon_core.package_identification:_identify(joon_path_generate/final_steven_gong/Raceline-Optimization/outputs) by extensions ['ros']
[2.323s] Level 1:colcon.colcon_core.package_identification:_identify(joon_path_generate/final_steven_gong/Raceline-Optimization/outputs) by extension 'ros'
[2.323s] Level 1:colcon.colcon_core.package_identification:_identify(joon_path_generate/final_steven_gong/Raceline-Optimization/outputs) by extensions ['cmake', 'python']
[2.324s] Level 1:colcon.colcon_core.package_identification:_identify(joon_path_generate/final_steven_gong/Raceline-Optimization/outputs) by extension 'cmake'
[2.324s] Level 1:colcon.colcon_core.package_identification:_identify(joon_path_generate/final_steven_gong/Raceline-Optimization/outputs) by extension 'python'
[2.324s] Level 1:colcon.colcon_core.package_identification:_identify(joon_path_generate/final_steven_gong/Raceline-Optimization/outputs) by extensions ['python_setup_py']
[2.324s] Level 1:colcon.colcon_core.package_identification:_identify(joon_path_generate/final_steven_gong/Raceline-Optimization/outputs) by extension 'python_setup_py'
[2.325s] Level 1:colcon.colcon_core.package_identification:_identify(joon_path_generate/final_steven_gong/Raceline-Optimization/outputs/e7_floor5_square) by extensions ['ignore', 'ignore_ament_install']
[2.326s] Level 1:colcon.colcon_core.package_identification:_identify(joon_path_generate/final_steven_gong/Raceline-Optimization/outputs/e7_floor5_square) by extension 'ignore'
[2.326s] Level 1:colcon.colcon_core.package_identification:_identify(joon_path_generate/final_steven_gong/Raceline-Optimization/outputs/e7_floor5_square) by extension 'ignore_ament_install'
[2.326s] Level 1:colcon.colcon_core.package_identification:_identify(joon_path_generate/final_steven_gong/Raceline-Optimization/outputs/e7_floor5_square) by extensions ['colcon_pkg']
[2.327s] Level 1:colcon.colcon_core.package_identification:_identify(joon_path_generate/final_steven_gong/Raceline-Optimization/outputs/e7_floor5_square) by extension 'colcon_pkg'
[2.327s] Level 1:colcon.colcon_core.package_identification:_identify(joon_path_generate/final_steven_gong/Raceline-Optimization/outputs/e7_floor5_square) by extensions ['colcon_meta']
[2.327s] Level 1:colcon.colcon_core.package_identification:_identify(joon_path_generate/final_steven_gong/Raceline-Optimization/outputs/e7_floor5_square) by extension 'colcon_meta'
[2.328s] Level 1:colcon.colcon_core.package_identification:_identify(joon_path_generate/final_steven_gong/Raceline-Optimization/outputs/e7_floor5_square) by extensions ['ros']
[2.328s] Level 1:colcon.colcon_core.package_identification:_identify(joon_path_generate/final_steven_gong/Raceline-Optimization/outputs/e7_floor5_square) by extension 'ros'
[2.328s] Level 1:colcon.colcon_core.package_identification:_identify(joon_path_generate/final_steven_gong/Raceline-Optimization/outputs/e7_floor5_square) by extensions ['cmake', 'python']
[2.328s] Level 1:colcon.colcon_core.package_identification:_identify(joon_path_generate/final_steven_gong/Raceline-Optimization/outputs/e7_floor5_square) by extension 'cmake'
[2.329s] Level 1:colcon.colcon_core.package_identification:_identify(joon_path_generate/final_steven_gong/Raceline-Optimization/outputs/e7_floor5_square) by extension 'python'
[2.329s] Level 1:colcon.colcon_core.package_identification:_identify(joon_path_generate/final_steven_gong/Raceline-Optimization/outputs/e7_floor5_square) by extensions ['python_setup_py']
[2.329s] Level 1:colcon.colcon_core.package_identification:_identify(joon_path_generate/final_steven_gong/Raceline-Optimization/outputs/e7_floor5_square) by extension 'python_setup_py'
[2.330s] Level 1:colcon.colcon_core.package_identification:_identify(joon_path_generate/final_steven_gong/Raceline-Optimization/outputs/e7_floor5_square/mintime-2025-08-29 18:03:12.609310) by extensions ['ignore', 'ignore_ament_install']
[2.331s] Level 1:colcon.colcon_core.package_identification:_identify(joon_path_generate/final_steven_gong/Raceline-Optimization/outputs/e7_floor5_square/mintime-2025-08-29 18:03:12.609310) by extension 'ignore'
[2.331s] Level 1:colcon.colcon_core.package_identification:_identify(joon_path_generate/final_steven_gong/Raceline-Optimization/outputs/e7_floor5_square/mintime-2025-08-29 18:03:12.609310) by extension 'ignore_ament_install'
[2.332s] Level 1:colcon.colcon_core.package_identification:_identify(joon_path_generate/final_steven_gong/Raceline-Optimization/outputs/e7_floor5_square/mintime-2025-08-29 18:03:12.609310) by extensions ['colcon_pkg']
[2.332s] Level 1:colcon.colcon_core.package_identification:_identify(joon_path_generate/final_steven_gong/Raceline-Optimization/outputs/e7_floor5_square/mintime-2025-08-29 18:03:12.609310) by extension 'colcon_pkg'
[2.332s] Level 1:colcon.colcon_core.package_identification:_identify(joon_path_generate/final_steven_gong/Raceline-Optimization/outputs/e7_floor5_square/mintime-2025-08-29 18:03:12.609310) by extensions ['colcon_meta']
[2.332s] Level 1:colcon.colcon_core.package_identification:_identify(joon_path_generate/final_steven_gong/Raceline-Optimization/outputs/e7_floor5_square/mintime-2025-08-29 18:03:12.609310) by extension 'colcon_meta'
[2.333s] Level 1:colcon.colcon_core.package_identification:_identify(joon_path_generate/final_steven_gong/Raceline-Optimization/outputs/e7_floor5_square/mintime-2025-08-29 18:03:12.609310) by extensions ['ros']
[2.333s] Level 1:colcon.colcon_core.package_identification:_identify(joon_path_generate/final_steven_gong/Raceline-Optimization/outputs/e7_floor5_square/mintime-2025-08-29 18:03:12.609310) by extension 'ros'
[2.333s] Level 1:colcon.colcon_core.package_identification:_identify(joon_path_generate/final_steven_gong/Raceline-Optimization/outputs/e7_floor5_square/mintime-2025-08-29 18:03:12.609310) by extensions ['cmake', 'python']
[2.334s] Level 1:colcon.colcon_core.package_identification:_identify(joon_path_generate/final_steven_gong/Raceline-Optimization/outputs/e7_floor5_square/mintime-2025-08-29 18:03:12.609310) by extension 'cmake'
[2.334s] Level 1:colcon.colcon_core.package_identification:_identify(joon_path_generate/final_steven_gong/Raceline-Optimization/outputs/e7_floor5_square/mintime-2025-08-29 18:03:12.609310) by extension 'python'
[2.334s] Level 1:colcon.colcon_core.package_identification:_identify(joon_path_generate/final_steven_gong/Raceline-Optimization/outputs/e7_floor5_square/mintime-2025-08-29 18:03:12.609310) by extensions ['python_setup_py']
[2.334s] Level 1:colcon.colcon_core.package_identification:_identify(joon_path_generate/final_steven_gong/Raceline-Optimization/outputs/e7_floor5_square/mintime-2025-08-29 18:03:12.609310) by extension 'python_setup_py'
[2.335s] Level 1:colcon.colcon_core.package_identification:_identify(joon_path_generate/final_steven_gong/Raceline-Optimization/outputs/e7_floor5_square/mintime-2025-08-29 18:09:37.018979) by extensions ['ignore', 'ignore_ament_install']
[2.336s] Level 1:colcon.colcon_core.package_identification:_identify(joon_path_generate/final_steven_gong/Raceline-Optimization/outputs/e7_floor5_square/mintime-2025-08-29 18:09:37.018979) by extension 'ignore'
[2.336s] Level 1:colcon.colcon_core.package_identification:_identify(joon_path_generate/final_steven_gong/Raceline-Optimization/outputs/e7_floor5_square/mintime-2025-08-29 18:09:37.018979) by extension 'ignore_ament_install'
[2.336s] Level 1:colcon.colcon_core.package_identification:_identify(joon_path_generate/final_steven_gong/Raceline-Optimization/outputs/e7_floor5_square/mintime-2025-08-29 18:09:37.018979) by extensions ['colcon_pkg']
[2.336s] Level 1:colcon.colcon_core.package_identification:_identify(joon_path_generate/final_steven_gong/Raceline-Optimization/outputs/e7_floor5_square/mintime-2025-08-29 18:09:37.018979) by extension 'colcon_pkg'
[2.337s] Level 1:colcon.colcon_core.package_identification:_identify(joon_path_generate/final_steven_gong/Raceline-Optimization/outputs/e7_floor5_square/mintime-2025-08-29 18:09:37.018979) by extensions ['colcon_meta']
[2.337s] Level 1:colcon.colcon_core.package_identification:_identify(joon_path_generate/final_steven_gong/Raceline-Optimization/outputs/e7_floor5_square/mintime-2025-08-29 18:09:37.018979) by extension 'colcon_meta'
[2.337s] Level 1:colcon.colcon_core.package_identification:_identify(joon_path_generate/final_steven_gong/Raceline-Optimization/outputs/e7_floor5_square/mintime-2025-08-29 18:09:37.018979) by extensions ['ros']
[2.337s] Level 1:colcon.colcon_core.package_identification:_identify(joon_path_generate/final_steven_gong/Raceline-Optimization/outputs/e7_floor5_square/mintime-2025-08-29 18:09:37.018979) by extension 'ros'
[2.338s] Level 1:colcon.colcon_core.package_identification:_identify(joon_path_generate/final_steven_gong/Raceline-Optimization/outputs/e7_floor5_square/mintime-2025-08-29 18:09:37.018979) by extensions ['cmake', 'python']
[2.338s] Level 1:colcon.colcon_core.package_identification:_identify(joon_path_generate/final_steven_gong/Raceline-Optimization/outputs/e7_floor5_square/mintime-2025-08-29 18:09:37.018979) by extension 'cmake'
[2.339s] Level 1:colcon.colcon_core.package_identification:_identify(joon_path_generate/final_steven_gong/Raceline-Optimization/outputs/e7_floor5_square/mintime-2025-08-29 18:09:37.018979) by extension 'python'
[2.339s] Level 1:colcon.colcon_core.package_identification:_identify(joon_path_generate/final_steven_gong/Raceline-Optimization/outputs/e7_floor5_square/mintime-2025-08-29 18:09:37.018979) by extensions ['python_setup_py']
[2.339s] Level 1:colcon.colcon_core.package_identification:_identify(joon_path_generate/final_steven_gong/Raceline-Optimization/outputs/e7_floor5_square/mintime-2025-08-29 18:09:37.018979) by extension 'python_setup_py'
[2.340s] Level 1:colcon.colcon_core.package_identification:_identify(joon_path_generate/final_steven_gong/Raceline-Optimization/outputs/e7_floor5_square/mintime-2025-08-29 18:09:53.220174) by extensions ['ignore', 'ignore_ament_install']
[2.340s] Level 1:colcon.colcon_core.package_identification:_identify(joon_path_generate/final_steven_gong/Raceline-Optimization/outputs/e7_floor5_square/mintime-2025-08-29 18:09:53.220174) by extension 'ignore'
[2.341s] Level 1:colcon.colcon_core.package_identification:_identify(joon_path_generate/final_steven_gong/Raceline-Optimization/outputs/e7_floor5_square/mintime-2025-08-29 18:09:53.220174) by extension 'ignore_ament_install'
[2.341s] Level 1:colcon.colcon_core.package_identification:_identify(joon_path_generate/final_steven_gong/Raceline-Optimization/outputs/e7_floor5_square/mintime-2025-08-29 18:09:53.220174) by extensions ['colcon_pkg']
[2.341s] Level 1:colcon.colcon_core.package_identification:_identify(joon_path_generate/final_steven_gong/Raceline-Optimization/outputs/e7_floor5_square/mintime-2025-08-29 18:09:53.220174) by extension 'colcon_pkg'
[2.341s] Level 1:colcon.colcon_core.package_identification:_identify(joon_path_generate/final_steven_gong/Raceline-Optimization/outputs/e7_floor5_square/mintime-2025-08-29 18:09:53.220174) by extensions ['colcon_meta']
[2.342s] Level 1:colcon.colcon_core.package_identification:_identify(joon_path_generate/final_steven_gong/Raceline-Optimization/outputs/e7_floor5_square/mintime-2025-08-29 18:09:53.220174) by extension 'colcon_meta'
[2.342s] Level 1:colcon.colcon_core.package_identification:_identify(joon_path_generate/final_steven_gong/Raceline-Optimization/outputs/e7_floor5_square/mintime-2025-08-29 18:09:53.220174) by extensions ['ros']
[2.343s] Level 1:colcon.colcon_core.package_identification:_identify(joon_path_generate/final_steven_gong/Raceline-Optimization/outputs/e7_floor5_square/mintime-2025-08-29 18:09:53.220174) by extension 'ros'
[2.343s] Level 1:colcon.colcon_core.package_identification:_identify(joon_path_generate/final_steven_gong/Raceline-Optimization/outputs/e7_floor5_square/mintime-2025-08-29 18:09:53.220174) by extensions ['cmake', 'python']
[2.343s] Level 1:colcon.colcon_core.package_identification:_identify(joon_path_generate/final_steven_gong/Raceline-Optimization/outputs/e7_floor5_square/mintime-2025-08-29 18:09:53.220174) by extension 'cmake'
[2.344s] Level 1:colcon.colcon_core.package_identification:_identify(joon_path_generate/final_steven_gong/Raceline-Optimization/outputs/e7_floor5_square/mintime-2025-08-29 18:09:53.220174) by extension 'python'
[2.344s] Level 1:colcon.colcon_core.package_identification:_identify(joon_path_generate/final_steven_gong/Raceline-Optimization/outputs/e7_floor5_square/mintime-2025-08-29 18:09:53.220174) by extensions ['python_setup_py']
[2.344s] Level 1:colcon.colcon_core.package_identification:_identify(joon_path_generate/final_steven_gong/Raceline-Optimization/outputs/e7_floor5_square/mintime-2025-08-29 18:09:53.220174) by extension 'python_setup_py'
[2.345s] Level 1:colcon.colcon_core.package_identification:_identify(joon_path_generate/final_steven_gong/Raceline-Optimization/outputs/e7_floor5_square/mintime-2025-08-29 18:13:03.765429) by extensions ['ignore', 'ignore_ament_install']
[2.345s] Level 1:colcon.colcon_core.package_identification:_identify(joon_path_generate/final_steven_gong/Raceline-Optimization/outputs/e7_floor5_square/mintime-2025-08-29 18:13:03.765429) by extension 'ignore'
[2.346s] Level 1:colcon.colcon_core.package_identification:_identify(joon_path_generate/final_steven_gong/Raceline-Optimization/outputs/e7_floor5_square/mintime-2025-08-29 18:13:03.765429) by extension 'ignore_ament_install'
[2.346s] Level 1:colcon.colcon_core.package_identification:_identify(joon_path_generate/final_steven_gong/Raceline-Optimization/outputs/e7_floor5_square/mintime-2025-08-29 18:13:03.765429) by extensions ['colcon_pkg']
[2.346s] Level 1:colcon.colcon_core.package_identification:_identify(joon_path_generate/final_steven_gong/Raceline-Optimization/outputs/e7_floor5_square/mintime-2025-08-29 18:13:03.765429) by extension 'colcon_pkg'
[2.347s] Level 1:colcon.colcon_core.package_identification:_identify(joon_path_generate/final_steven_gong/Raceline-Optimization/outputs/e7_floor5_square/mintime-2025-08-29 18:13:03.765429) by extensions ['colcon_meta']
[2.347s] Level 1:colcon.colcon_core.package_identification:_identify(joon_path_generate/final_steven_gong/Raceline-Optimization/outputs/e7_floor5_square/mintime-2025-08-29 18:13:03.765429) by extension 'colcon_meta'
[2.347s] Level 1:colcon.colcon_core.package_identification:_identify(joon_path_generate/final_steven_gong/Raceline-Optimization/outputs/e7_floor5_square/mintime-2025-08-29 18:13:03.765429) by extensions ['ros']
[2.347s] Level 1:colcon.colcon_core.package_identification:_identify(joon_path_generate/final_steven_gong/Raceline-Optimization/outputs/e7_floor5_square/mintime-2025-08-29 18:13:03.765429) by extension 'ros'
[2.348s] Level 1:colcon.colcon_core.package_identification:_identify(joon_path_generate/final_steven_gong/Raceline-Optimization/outputs/e7_floor5_square/mintime-2025-08-29 18:13:03.765429) by extensions ['cmake', 'python']
[2.348s] Level 1:colcon.colcon_core.package_identification:_identify(joon_path_generate/final_steven_gong/Raceline-Optimization/outputs/e7_floor5_square/mintime-2025-08-29 18:13:03.765429) by extension 'cmake'
[2.348s] Level 1:colcon.colcon_core.package_identification:_identify(joon_path_generate/final_steven_gong/Raceline-Optimization/outputs/e7_floor5_square/mintime-2025-08-29 18:13:03.765429) by extension 'python'
[2.349s] Level 1:colcon.colcon_core.package_identification:_identify(joon_path_generate/final_steven_gong/Raceline-Optimization/outputs/e7_floor5_square/mintime-2025-08-29 18:13:03.765429) by extensions ['python_setup_py']
[2.349s] Level 1:colcon.colcon_core.package_identification:_identify(joon_path_generate/final_steven_gong/Raceline-Optimization/outputs/e7_floor5_square/mintime-2025-08-29 18:13:03.765429) by extension 'python_setup_py'
[2.349s] Level 1:colcon.colcon_core.package_identification:_identify(joon_path_generate/final_steven_gong/Raceline-Optimization/outputs/f1tenth_korea_3rd) by extensions ['ignore', 'ignore_ament_install']
[2.350s] Level 1:colcon.colcon_core.package_identification:_identify(joon_path_generate/final_steven_gong/Raceline-Optimization/outputs/f1tenth_korea_3rd) by extension 'ignore'
[2.350s] Level 1:colcon.colcon_core.package_identification:_identify(joon_path_generate/final_steven_gong/Raceline-Optimization/outputs/f1tenth_korea_3rd) by extension 'ignore_ament_install'
[2.351s] Level 1:colcon.colcon_core.package_identification:_identify(joon_path_generate/final_steven_gong/Raceline-Optimization/outputs/f1tenth_korea_3rd) by extensions ['colcon_pkg']
[2.351s] Level 1:colcon.colcon_core.package_identification:_identify(joon_path_generate/final_steven_gong/Raceline-Optimization/outputs/f1tenth_korea_3rd) by extension 'colcon_pkg'
[2.351s] Level 1:colcon.colcon_core.package_identification:_identify(joon_path_generate/final_steven_gong/Raceline-Optimization/outputs/f1tenth_korea_3rd) by extensions ['colcon_meta']
[2.351s] Level 1:colcon.colcon_core.package_identification:_identify(joon_path_generate/final_steven_gong/Raceline-Optimization/outputs/f1tenth_korea_3rd) by extension 'colcon_meta'
[2.352s] Level 1:colcon.colcon_core.package_identification:_identify(joon_path_generate/final_steven_gong/Raceline-Optimization/outputs/f1tenth_korea_3rd) by extensions ['ros']
[2.352s] Level 1:colcon.colcon_core.package_identification:_identify(joon_path_generate/final_steven_gong/Raceline-Optimization/outputs/f1tenth_korea_3rd) by extension 'ros'
[2.352s] Level 1:colcon.colcon_core.package_identification:_identify(joon_path_generate/final_steven_gong/Raceline-Optimization/outputs/f1tenth_korea_3rd) by extensions ['cmake', 'python']
[2.353s] Level 1:colcon.colcon_core.package_identification:_identify(joon_path_generate/final_steven_gong/Raceline-Optimization/outputs/f1tenth_korea_3rd) by extension 'cmake'
[2.353s] Level 1:colcon.colcon_core.package_identification:_identify(joon_path_generate/final_steven_gong/Raceline-Optimization/outputs/f1tenth_korea_3rd) by extension 'python'
[2.353s] Level 1:colcon.colcon_core.package_identification:_identify(joon_path_generate/final_steven_gong/Raceline-Optimization/outputs/f1tenth_korea_3rd) by extensions ['python_setup_py']
[2.353s] Level 1:colcon.colcon_core.package_identification:_identify(joon_path_generate/final_steven_gong/Raceline-Optimization/outputs/f1tenth_korea_3rd) by extension 'python_setup_py'
[2.354s] Level 1:colcon.colcon_core.package_identification:_identify(joon_path_generate/final_steven_gong/Raceline-Optimization/outputs/f1tenth_korea_3rd/mintime-2025-08-29 18:18:37.534407) by extensions ['ignore', 'ignore_ament_install']
[2.354s] Level 1:colcon.colcon_core.package_identification:_identify(joon_path_generate/final_steven_gong/Raceline-Optimization/outputs/f1tenth_korea_3rd/mintime-2025-08-29 18:18:37.534407) by extension 'ignore'
[2.355s] Level 1:colcon.colcon_core.package_identification:_identify(joon_path_generate/final_steven_gong/Raceline-Optimization/outputs/f1tenth_korea_3rd/mintime-2025-08-29 18:18:37.534407) by extension 'ignore_ament_install'
[2.355s] Level 1:colcon.colcon_core.package_identification:_identify(joon_path_generate/final_steven_gong/Raceline-Optimization/outputs/f1tenth_korea_3rd/mintime-2025-08-29 18:18:37.534407) by extensions ['colcon_pkg']
[2.355s] Level 1:colcon.colcon_core.package_identification:_identify(joon_path_generate/final_steven_gong/Raceline-Optimization/outputs/f1tenth_korea_3rd/mintime-2025-08-29 18:18:37.534407) by extension 'colcon_pkg'
[2.355s] Level 1:colcon.colcon_core.package_identification:_identify(joon_path_generate/final_steven_gong/Raceline-Optimization/outputs/f1tenth_korea_3rd/mintime-2025-08-29 18:18:37.534407) by extensions ['colcon_meta']
[2.356s] Level 1:colcon.colcon_core.package_identification:_identify(joon_path_generate/final_steven_gong/Raceline-Optimization/outputs/f1tenth_korea_3rd/mintime-2025-08-29 18:18:37.534407) by extension 'colcon_meta'
[2.356s] Level 1:colcon.colcon_core.package_identification:_identify(joon_path_generate/final_steven_gong/Raceline-Optimization/outputs/f1tenth_korea_3rd/mintime-2025-08-29 18:18:37.534407) by extensions ['ros']
[2.356s] Level 1:colcon.colcon_core.package_identification:_identify(joon_path_generate/final_steven_gong/Raceline-Optimization/outputs/f1tenth_korea_3rd/mintime-2025-08-29 18:18:37.534407) by extension 'ros'
[2.357s] Level 1:colcon.colcon_core.package_identification:_identify(joon_path_generate/final_steven_gong/Raceline-Optimization/outputs/f1tenth_korea_3rd/mintime-2025-08-29 18:18:37.534407) by extensions ['cmake', 'python']
[2.357s] Level 1:colcon.colcon_core.package_identification:_identify(joon_path_generate/final_steven_gong/Raceline-Optimization/outputs/f1tenth_korea_3rd/mintime-2025-08-29 18:18:37.534407) by extension 'cmake'
[2.357s] Level 1:colcon.colcon_core.package_identification:_identify(joon_path_generate/final_steven_gong/Raceline-Optimization/outputs/f1tenth_korea_3rd/mintime-2025-08-29 18:18:37.534407) by extension 'python'
[2.357s] Level 1:colcon.colcon_core.package_identification:_identify(joon_path_generate/final_steven_gong/Raceline-Optimization/outputs/f1tenth_korea_3rd/mintime-2025-08-29 18:18:37.534407) by extensions ['python_setup_py']
[2.358s] Level 1:colcon.colcon_core.package_identification:_identify(joon_path_generate/final_steven_gong/Raceline-Optimization/outputs/f1tenth_korea_3rd/mintime-2025-08-29 18:18:37.534407) by extension 'python_setup_py'
[2.359s] Level 1:colcon.colcon_core.package_identification:_identify(joon_path_generate/final_steven_gong/Raceline-Optimization/outputs/f1tenth_korea_3rd_centerline) by extensions ['ignore', 'ignore_ament_install']
[2.359s] Level 1:colcon.colcon_core.package_identification:_identify(joon_path_generate/final_steven_gong/Raceline-Optimization/outputs/f1tenth_korea_3rd_centerline) by extension 'ignore'
[2.359s] Level 1:colcon.colcon_core.package_identification:_identify(joon_path_generate/final_steven_gong/Raceline-Optimization/outputs/f1tenth_korea_3rd_centerline) by extension 'ignore_ament_install'
[2.360s] Level 1:colcon.colcon_core.package_identification:_identify(joon_path_generate/final_steven_gong/Raceline-Optimization/outputs/f1tenth_korea_3rd_centerline) by extensions ['colcon_pkg']
[2.360s] Level 1:colcon.colcon_core.package_identification:_identify(joon_path_generate/final_steven_gong/Raceline-Optimization/outputs/f1tenth_korea_3rd_centerline) by extension 'colcon_pkg'
[2.360s] Level 1:colcon.colcon_core.package_identification:_identify(joon_path_generate/final_steven_gong/Raceline-Optimization/outputs/f1tenth_korea_3rd_centerline) by extensions ['colcon_meta']
[2.360s] Level 1:colcon.colcon_core.package_identification:_identify(joon_path_generate/final_steven_gong/Raceline-Optimization/outputs/f1tenth_korea_3rd_centerline) by extension 'colcon_meta'
[2.361s] Level 1:colcon.colcon_core.package_identification:_identify(joon_path_generate/final_steven_gong/Raceline-Optimization/outputs/f1tenth_korea_3rd_centerline) by extensions ['ros']
[2.361s] Level 1:colcon.colcon_core.package_identification:_identify(joon_path_generate/final_steven_gong/Raceline-Optimization/outputs/f1tenth_korea_3rd_centerline) by extension 'ros'
[2.361s] Level 1:colcon.colcon_core.package_identification:_identify(joon_path_generate/final_steven_gong/Raceline-Optimization/outputs/f1tenth_korea_3rd_centerline) by extensions ['cmake', 'python']
[2.362s] Level 1:colcon.colcon_core.package_identification:_identify(joon_path_generate/final_steven_gong/Raceline-Optimization/outputs/f1tenth_korea_3rd_centerline) by extension 'cmake'
[2.362s] Level 1:colcon.colcon_core.package_identification:_identify(joon_path_generate/final_steven_gong/Raceline-Optimization/outputs/f1tenth_korea_3rd_centerline) by extension 'python'
[2.362s] Level 1:colcon.colcon_core.package_identification:_identify(joon_path_generate/final_steven_gong/Raceline-Optimization/outputs/f1tenth_korea_3rd_centerline) by extensions ['python_setup_py']
[2.362s] Level 1:colcon.colcon_core.package_identification:_identify(joon_path_generate/final_steven_gong/Raceline-Optimization/outputs/f1tenth_korea_3rd_centerline) by extension 'python_setup_py'
[2.363s] Level 1:colcon.colcon_core.package_identification:_identify(joon_path_generate/final_steven_gong/Raceline-Optimization/outputs/f1tenth_korea_3rd_centerline/mintime-2025-08-29 18:19:28.126033) by extensions ['ignore', 'ignore_ament_install']
[2.363s] Level 1:colcon.colcon_core.package_identification:_identify(joon_path_generate/final_steven_gong/Raceline-Optimization/outputs/f1tenth_korea_3rd_centerline/mintime-2025-08-29 18:19:28.126033) by extension 'ignore'
[2.364s] Level 1:colcon.colcon_core.package_identification:_identify(joon_path_generate/final_steven_gong/Raceline-Optimization/outputs/f1tenth_korea_3rd_centerline/mintime-2025-08-29 18:19:28.126033) by extension 'ignore_ament_install'
[2.364s] Level 1:colcon.colcon_core.package_identification:_identify(joon_path_generate/final_steven_gong/Raceline-Optimization/outputs/f1tenth_korea_3rd_centerline/mintime-2025-08-29 18:19:28.126033) by extensions ['colcon_pkg']
[2.364s] Level 1:colcon.colcon_core.package_identification:_identify(joon_path_generate/final_steven_gong/Raceline-Optimization/outputs/f1tenth_korea_3rd_centerline/mintime-2025-08-29 18:19:28.126033) by extension 'colcon_pkg'
[2.364s] Level 1:colcon.colcon_core.package_identification:_identify(joon_path_generate/final_steven_gong/Raceline-Optimization/outputs/f1tenth_korea_3rd_centerline/mintime-2025-08-29 18:19:28.126033) by extensions ['colcon_meta']
[2.365s] Level 1:colcon.colcon_core.package_identification:_identify(joon_path_generate/final_steven_gong/Raceline-Optimization/outputs/f1tenth_korea_3rd_centerline/mintime-2025-08-29 18:19:28.126033) by extension 'colcon_meta'
[2.365s] Level 1:colcon.colcon_core.package_identification:_identify(joon_path_generate/final_steven_gong/Raceline-Optimization/outputs/f1tenth_korea_3rd_centerline/mintime-2025-08-29 18:19:28.126033) by extensions ['ros']
[2.365s] Level 1:colcon.colcon_core.package_identification:_identify(joon_path_generate/final_steven_gong/Raceline-Optimization/outputs/f1tenth_korea_3rd_centerline/mintime-2025-08-29 18:19:28.126033) by extension 'ros'
[2.366s] Level 1:colcon.colcon_core.package_identification:_identify(joon_path_generate/final_steven_gong/Raceline-Optimization/outputs/f1tenth_korea_3rd_centerline/mintime-2025-08-29 18:19:28.126033) by extensions ['cmake', 'python']
[2.366s] Level 1:colcon.colcon_core.package_identification:_identify(joon_path_generate/final_steven_gong/Raceline-Optimization/outputs/f1tenth_korea_3rd_centerline/mintime-2025-08-29 18:19:28.126033) by extension 'cmake'
[2.366s] Level 1:colcon.colcon_core.package_identification:_identify(joon_path_generate/final_steven_gong/Raceline-Optimization/outputs/f1tenth_korea_3rd_centerline/mintime-2025-08-29 18:19:28.126033) by extension 'python'
[2.367s] Level 1:colcon.colcon_core.package_identification:_identify(joon_path_generate/final_steven_gong/Raceline-Optimization/outputs/f1tenth_korea_3rd_centerline/mintime-2025-08-29 18:19:28.126033) by extensions ['python_setup_py']
[2.367s] Level 1:colcon.colcon_core.package_identification:_identify(joon_path_generate/final_steven_gong/Raceline-Optimization/outputs/f1tenth_korea_3rd_centerline/mintime-2025-08-29 18:19:28.126033) by extension 'python_setup_py'
[2.367s] Level 1:colcon.colcon_core.package_identification:_identify(joon_path_generate/final_steven_gong/Raceline-Optimization/outputs/f1tenth_korea_3rd_centerline_with_widths) by extensions ['ignore', 'ignore_ament_install']
[2.368s] Level 1:colcon.colcon_core.package_identification:_identify(joon_path_generate/final_steven_gong/Raceline-Optimization/outputs/f1tenth_korea_3rd_centerline_with_widths) by extension 'ignore'
[2.368s] Level 1:colcon.colcon_core.package_identification:_identify(joon_path_generate/final_steven_gong/Raceline-Optimization/outputs/f1tenth_korea_3rd_centerline_with_widths) by extension 'ignore_ament_install'
[2.368s] Level 1:colcon.colcon_core.package_identification:_identify(joon_path_generate/final_steven_gong/Raceline-Optimization/outputs/f1tenth_korea_3rd_centerline_with_widths) by extensions ['colcon_pkg']
[2.369s] Level 1:colcon.colcon_core.package_identification:_identify(joon_path_generate/final_steven_gong/Raceline-Optimization/outputs/f1tenth_korea_3rd_centerline_with_widths) by extension 'colcon_pkg'
[2.369s] Level 1:colcon.colcon_core.package_identification:_identify(joon_path_generate/final_steven_gong/Raceline-Optimization/outputs/f1tenth_korea_3rd_centerline_with_widths) by extensions ['colcon_meta']
[2.369s] Level 1:colcon.colcon_core.package_identification:_identify(joon_path_generate/final_steven_gong/Raceline-Optimization/outputs/f1tenth_korea_3rd_centerline_with_widths) by extension 'colcon_meta'
[2.369s] Level 1:colcon.colcon_core.package_identification:_identify(joon_path_generate/final_steven_gong/Raceline-Optimization/outputs/f1tenth_korea_3rd_centerline_with_widths) by extensions ['ros']
[2.370s] Level 1:colcon.colcon_core.package_identification:_identify(joon_path_generate/final_steven_gong/Raceline-Optimization/outputs/f1tenth_korea_3rd_centerline_with_widths) by extension 'ros'
[2.370s] Level 1:colcon.colcon_core.package_identification:_identify(joon_path_generate/final_steven_gong/Raceline-Optimization/outputs/f1tenth_korea_3rd_centerline_with_widths) by extensions ['cmake', 'python']
[2.370s] Level 1:colcon.colcon_core.package_identification:_identify(joon_path_generate/final_steven_gong/Raceline-Optimization/outputs/f1tenth_korea_3rd_centerline_with_widths) by extension 'cmake'
[2.371s] Level 1:colcon.colcon_core.package_identification:_identify(joon_path_generate/final_steven_gong/Raceline-Optimization/outputs/f1tenth_korea_3rd_centerline_with_widths) by extension 'python'
[2.371s] Level 1:colcon.colcon_core.package_identification:_identify(joon_path_generate/final_steven_gong/Raceline-Optimization/outputs/f1tenth_korea_3rd_centerline_with_widths) by extensions ['python_setup_py']
[2.371s] Level 1:colcon.colcon_core.package_identification:_identify(joon_path_generate/final_steven_gong/Raceline-Optimization/outputs/f1tenth_korea_3rd_centerline_with_widths) by extension 'python_setup_py'
[2.372s] Level 1:colcon.colcon_core.package_identification:_identify(joon_path_generate/final_steven_gong/Raceline-Optimization/outputs/f1tenth_korea_3rd_centerline_with_widths/mintime-2025-08-29 18:30:01.666133) by extensions ['ignore', 'ignore_ament_install']
[2.372s] Level 1:colcon.colcon_core.package_identification:_identify(joon_path_generate/final_steven_gong/Raceline-Optimization/outputs/f1tenth_korea_3rd_centerline_with_widths/mintime-2025-08-29 18:30:01.666133) by extension 'ignore'
[2.372s] Level 1:colcon.colcon_core.package_identification:_identify(joon_path_generate/final_steven_gong/Raceline-Optimization/outputs/f1tenth_korea_3rd_centerline_with_widths/mintime-2025-08-29 18:30:01.666133) by extension 'ignore_ament_install'
[2.373s] Level 1:colcon.colcon_core.package_identification:_identify(joon_path_generate/final_steven_gong/Raceline-Optimization/outputs/f1tenth_korea_3rd_centerline_with_widths/mintime-2025-08-29 18:30:01.666133) by extensions ['colcon_pkg']
[2.373s] Level 1:colcon.colcon_core.package_identification:_identify(joon_path_generate/final_steven_gong/Raceline-Optimization/outputs/f1tenth_korea_3rd_centerline_with_widths/mintime-2025-08-29 18:30:01.666133) by extension 'colcon_pkg'
[2.373s] Level 1:colcon.colcon_core.package_identification:_identify(joon_path_generate/final_steven_gong/Raceline-Optimization/outputs/f1tenth_korea_3rd_centerline_with_widths/mintime-2025-08-29 18:30:01.666133) by extensions ['colcon_meta']
[2.373s] Level 1:colcon.colcon_core.package_identification:_identify(joon_path_generate/final_steven_gong/Raceline-Optimization/outputs/f1tenth_korea_3rd_centerline_with_widths/mintime-2025-08-29 18:30:01.666133) by extension 'colcon_meta'
[2.374s] Level 1:colcon.colcon_core.package_identification:_identify(joon_path_generate/final_steven_gong/Raceline-Optimization/outputs/f1tenth_korea_3rd_centerline_with_widths/mintime-2025-08-29 18:30:01.666133) by extensions ['ros']
[2.374s] Level 1:colcon.colcon_core.package_identification:_identify(joon_path_generate/final_steven_gong/Raceline-Optimization/outputs/f1tenth_korea_3rd_centerline_with_widths/mintime-2025-08-29 18:30:01.666133) by extension 'ros'
[2.374s] Level 1:colcon.colcon_core.package_identification:_identify(joon_path_generate/final_steven_gong/Raceline-Optimization/outputs/f1tenth_korea_3rd_centerline_with_widths/mintime-2025-08-29 18:30:01.666133) by extensions ['cmake', 'python']
[2.375s] Level 1:colcon.colcon_core.package_identification:_identify(joon_path_generate/final_steven_gong/Raceline-Optimization/outputs/f1tenth_korea_3rd_centerline_with_widths/mintime-2025-08-29 18:30:01.666133) by extension 'cmake'
[2.375s] Level 1:colcon.colcon_core.package_identification:_identify(joon_path_generate/final_steven_gong/Raceline-Optimization/outputs/f1tenth_korea_3rd_centerline_with_widths/mintime-2025-08-29 18:30:01.666133) by extension 'python'
[2.375s] Level 1:colcon.colcon_core.package_identification:_identify(joon_path_generate/final_steven_gong/Raceline-Optimization/outputs/f1tenth_korea_3rd_centerline_with_widths/mintime-2025-08-29 18:30:01.666133) by extensions ['python_setup_py']
[2.375s] Level 1:colcon.colcon_core.package_identification:_identify(joon_path_generate/final_steven_gong/Raceline-Optimization/outputs/f1tenth_korea_3rd_centerline_with_widths/mintime-2025-08-29 18:30:01.666133) by extension 'python_setup_py'
[2.376s] Level 1:colcon.colcon_core.package_identification:_identify(joon_path_generate/final_steven_gong/Raceline-Optimization/outputs/f1tenth_korea_3rd_centerline_with_widths_fixed) by extensions ['ignore', 'ignore_ament_install']
[2.377s] Level 1:colcon.colcon_core.package_identification:_identify(joon_path_generate/final_steven_gong/Raceline-Optimization/outputs/f1tenth_korea_3rd_centerline_with_widths_fixed) by extension 'ignore'
[2.377s] Level 1:colcon.colcon_core.package_identification:_identify(joon_path_generate/final_steven_gong/Raceline-Optimization/outputs/f1tenth_korea_3rd_centerline_with_widths_fixed) by extension 'ignore_ament_install'
[2.377s] Level 1:colcon.colcon_core.package_identification:_identify(joon_path_generate/final_steven_gong/Raceline-Optimization/outputs/f1tenth_korea_3rd_centerline_with_widths_fixed) by extensions ['colcon_pkg']
[2.377s] Level 1:colcon.colcon_core.package_identification:_identify(joon_path_generate/final_steven_gong/Raceline-Optimization/outputs/f1tenth_korea_3rd_centerline_with_widths_fixed) by extension 'colcon_pkg'
[2.378s] Level 1:colcon.colcon_core.package_identification:_identify(joon_path_generate/final_steven_gong/Raceline-Optimization/outputs/f1tenth_korea_3rd_centerline_with_widths_fixed) by extensions ['colcon_meta']
[2.378s] Level 1:colcon.colcon_core.package_identification:_identify(joon_path_generate/final_steven_gong/Raceline-Optimization/outputs/f1tenth_korea_3rd_centerline_with_widths_fixed) by extension 'colcon_meta'
[2.378s] Level 1:colcon.colcon_core.package_identification:_identify(joon_path_generate/final_steven_gong/Raceline-Optimization/outputs/f1tenth_korea_3rd_centerline_with_widths_fixed) by extensions ['ros']
[2.378s] Level 1:colcon.colcon_core.package_identification:_identify(joon_path_generate/final_steven_gong/Raceline-Optimization/outputs/f1tenth_korea_3rd_centerline_with_widths_fixed) by extension 'ros'
[2.379s] Level 1:colcon.colcon_core.package_identification:_identify(joon_path_generate/final_steven_gong/Raceline-Optimization/outputs/f1tenth_korea_3rd_centerline_with_widths_fixed) by extensions ['cmake', 'python']
[2.379s] Level 1:colcon.colcon_core.package_identification:_identify(joon_path_generate/final_steven_gong/Raceline-Optimization/outputs/f1tenth_korea_3rd_centerline_with_widths_fixed) by extension 'cmake'
[2.379s] Level 1:colcon.colcon_core.package_identification:_identify(joon_path_generate/final_steven_gong/Raceline-Optimization/outputs/f1tenth_korea_3rd_centerline_with_widths_fixed) by extension 'python'
[2.380s] Level 1:colcon.colcon_core.package_identification:_identify(joon_path_generate/final_steven_gong/Raceline-Optimization/outputs/f1tenth_korea_3rd_centerline_with_widths_fixed) by extensions ['python_setup_py']
[2.380s] Level 1:colcon.colcon_core.package_identification:_identify(joon_path_generate/final_steven_gong/Raceline-Optimization/outputs/f1tenth_korea_3rd_centerline_with_widths_fixed) by extension 'python_setup_py'
[2.381s] Level 1:colcon.colcon_core.package_identification:_identify(joon_path_generate/final_steven_gong/Raceline-Optimization/outputs/f1tenth_korea_3rd_centerline_with_widths_fixed/mintime-2025-08-29 18:24:42.547684) by extensions ['ignore', 'ignore_ament_install']
[2.381s] Level 1:colcon.colcon_core.package_identification:_identify(joon_path_generate/final_steven_gong/Raceline-Optimization/outputs/f1tenth_korea_3rd_centerline_with_widths_fixed/mintime-2025-08-29 18:24:42.547684) by extension 'ignore'
[2.381s] Level 1:colcon.colcon_core.package_identification:_identify(joon_path_generate/final_steven_gong/Raceline-Optimization/outputs/f1tenth_korea_3rd_centerline_with_widths_fixed/mintime-2025-08-29 18:24:42.547684) by extension 'ignore_ament_install'
[2.382s] Level 1:colcon.colcon_core.package_identification:_identify(joon_path_generate/final_steven_gong/Raceline-Optimization/outputs/f1tenth_korea_3rd_centerline_with_widths_fixed/mintime-2025-08-29 18:24:42.547684) by extensions ['colcon_pkg']
[2.382s] Level 1:colcon.colcon_core.package_identification:_identify(joon_path_generate/final_steven_gong/Raceline-Optimization/outputs/f1tenth_korea_3rd_centerline_with_widths_fixed/mintime-2025-08-29 18:24:42.547684) by extension 'colcon_pkg'
[2.382s] Level 1:colcon.colcon_core.package_identification:_identify(joon_path_generate/final_steven_gong/Raceline-Optimization/outputs/f1tenth_korea_3rd_centerline_with_widths_fixed/mintime-2025-08-29 18:24:42.547684) by extensions ['colcon_meta']
[2.383s] Level 1:colcon.colcon_core.package_identification:_identify(joon_path_generate/final_steven_gong/Raceline-Optimization/outputs/f1tenth_korea_3rd_centerline_with_widths_fixed/mintime-2025-08-29 18:24:42.547684) by extension 'colcon_meta'
[2.383s] Level 1:colcon.colcon_core.package_identification:_identify(joon_path_generate/final_steven_gong/Raceline-Optimization/outputs/f1tenth_korea_3rd_centerline_with_widths_fixed/mintime-2025-08-29 18:24:42.547684) by extensions ['ros']
[2.383s] Level 1:colcon.colcon_core.package_identification:_identify(joon_path_generate/final_steven_gong/Raceline-Optimization/outputs/f1tenth_korea_3rd_centerline_with_widths_fixed/mintime-2025-08-29 18:24:42.547684) by extension 'ros'
[2.384s] Level 1:colcon.colcon_core.package_identification:_identify(joon_path_generate/final_steven_gong/Raceline-Optimization/outputs/f1tenth_korea_3rd_centerline_with_widths_fixed/mintime-2025-08-29 18:24:42.547684) by extensions ['cmake', 'python']
[2.384s] Level 1:colcon.colcon_core.package_identification:_identify(joon_path_generate/final_steven_gong/Raceline-Optimization/outputs/f1tenth_korea_3rd_centerline_with_widths_fixed/mintime-2025-08-29 18:24:42.547684) by extension 'cmake'
[2.384s] Level 1:colcon.colcon_core.package_identification:_identify(joon_path_generate/final_steven_gong/Raceline-Optimization/outputs/f1tenth_korea_3rd_centerline_with_widths_fixed/mintime-2025-08-29 18:24:42.547684) by extension 'python'
[2.384s] Level 1:colcon.colcon_core.package_identification:_identify(joon_path_generate/final_steven_gong/Raceline-Optimization/outputs/f1tenth_korea_3rd_centerline_with_widths_fixed/mintime-2025-08-29 18:24:42.547684) by extensions ['python_setup_py']
[2.384s] Level 1:colcon.colcon_core.package_identification:_identify(joon_path_generate/final_steven_gong/Raceline-Optimization/outputs/f1tenth_korea_3rd_centerline_with_widths_fixed/mintime-2025-08-29 18:24:42.547684) by extension 'python_setup_py'
[2.385s] Level 1:colcon.colcon_core.package_identification:_identify(joon_path_generate/final_steven_gong/Raceline-Optimization/params) by extensions ['ignore', 'ignore_ament_install']
[2.386s] Level 1:colcon.colcon_core.package_identification:_identify(joon_path_generate/final_steven_gong/Raceline-Optimization/params) by extension 'ignore'
[2.386s] Level 1:colcon.colcon_core.package_identification:_identify(joon_path_generate/final_steven_gong/Raceline-Optimization/params) by extension 'ignore_ament_install'
[2.386s] Level 1:colcon.colcon_core.package_identification:_identify(joon_path_generate/final_steven_gong/Raceline-Optimization/params) by extensions ['colcon_pkg']
[2.386s] Level 1:colcon.colcon_core.package_identification:_identify(joon_path_generate/final_steven_gong/Raceline-Optimization/params) by extension 'colcon_pkg'
[2.387s] Level 1:colcon.colcon_core.package_identification:_identify(joon_path_generate/final_steven_gong/Raceline-Optimization/params) by extensions ['colcon_meta']
[2.387s] Level 1:colcon.colcon_core.package_identification:_identify(joon_path_generate/final_steven_gong/Raceline-Optimization/params) by extension 'colcon_meta'
[2.387s] Level 1:colcon.colcon_core.package_identification:_identify(joon_path_generate/final_steven_gong/Raceline-Optimization/params) by extensions ['ros']
[2.387s] Level 1:colcon.colcon_core.package_identification:_identify(joon_path_generate/final_steven_gong/Raceline-Optimization/params) by extension 'ros'
[2.388s] Level 1:colcon.colcon_core.package_identification:_identify(joon_path_generate/final_steven_gong/Raceline-Optimization/params) by extensions ['cmake', 'python']
[2.388s] Level 1:colcon.colcon_core.package_identification:_identify(joon_path_generate/final_steven_gong/Raceline-Optimization/params) by extension 'cmake'
[2.388s] Level 1:colcon.colcon_core.package_identification:_identify(joon_path_generate/final_steven_gong/Raceline-Optimization/params) by extension 'python'
[2.388s] Level 1:colcon.colcon_core.package_identification:_identify(joon_path_generate/final_steven_gong/Raceline-Optimization/params) by extensions ['python_setup_py']
[2.389s] Level 1:colcon.colcon_core.package_identification:_identify(joon_path_generate/final_steven_gong/Raceline-Optimization/params) by extension 'python_setup_py'
[2.389s] Level 1:colcon.colcon_core.package_identification:_identify(joon_path_generate/global_racetrajectory_optimization) by extensions ['ignore', 'ignore_ament_install']
[2.390s] Level 1:colcon.colcon_core.package_identification:_identify(joon_path_generate/global_racetrajectory_optimization) by extension 'ignore'
[2.390s] Level 1:colcon.colcon_core.package_identification:_identify(joon_path_generate/global_racetrajectory_optimization) by extension 'ignore_ament_install'
[2.390s] Level 1:colcon.colcon_core.package_identification:_identify(joon_path_generate/global_racetrajectory_optimization) by extensions ['colcon_pkg']
[2.391s] Level 1:colcon.colcon_core.package_identification:_identify(joon_path_generate/global_racetrajectory_optimization) by extension 'colcon_pkg'
[2.391s] Level 1:colcon.colcon_core.package_identification:_identify(joon_path_generate/global_racetrajectory_optimization) by extensions ['colcon_meta']
[2.391s] Level 1:colcon.colcon_core.package_identification:_identify(joon_path_generate/global_racetrajectory_optimization) by extension 'colcon_meta'
[2.391s] Level 1:colcon.colcon_core.package_identification:_identify(joon_path_generate/global_racetrajectory_optimization) by extensions ['ros']
[2.391s] Level 1:colcon.colcon_core.package_identification:_identify(joon_path_generate/global_racetrajectory_optimization) by extension 'ros'
[2.392s] Level 1:colcon.colcon_core.package_identification:_identify(joon_path_generate/global_racetrajectory_optimization) by extensions ['cmake', 'python']
[2.392s] Level 1:colcon.colcon_core.package_identification:_identify(joon_path_generate/global_racetrajectory_optimization) by extension 'cmake'
[2.392s] Level 1:colcon.colcon_core.package_identification:_identify(joon_path_generate/global_racetrajectory_optimization) by extension 'python'
[2.393s] Level 1:colcon.colcon_core.package_identification:_identify(joon_path_generate/global_racetrajectory_optimization) by extensions ['python_setup_py']
[2.393s] Level 1:colcon.colcon_core.package_identification:_identify(joon_path_generate/global_racetrajectory_optimization) by extension 'python_setup_py'
[2.393s] Level 1:colcon.colcon_core.package_identification:_identify(joon_path_generate/global_racetrajectory_optimization/frictionmap) by extensions ['ignore', 'ignore_ament_install']
[2.394s] Level 1:colcon.colcon_core.package_identification:_identify(joon_path_generate/global_racetrajectory_optimization/frictionmap) by extension 'ignore'
[2.394s] Level 1:colcon.colcon_core.package_identification:_identify(joon_path_generate/global_racetrajectory_optimization/frictionmap) by extension 'ignore_ament_install'
[2.394s] Level 1:colcon.colcon_core.package_identification:_identify(joon_path_generate/global_racetrajectory_optimization/frictionmap) by extensions ['colcon_pkg']
[2.395s] Level 1:colcon.colcon_core.package_identification:_identify(joon_path_generate/global_racetrajectory_optimization/frictionmap) by extension 'colcon_pkg'
[2.395s] Level 1:colcon.colcon_core.package_identification:_identify(joon_path_generate/global_racetrajectory_optimization/frictionmap) by extensions ['colcon_meta']
[2.395s] Level 1:colcon.colcon_core.package_identification:_identify(joon_path_generate/global_racetrajectory_optimization/frictionmap) by extension 'colcon_meta'
[2.395s] Level 1:colcon.colcon_core.package_identification:_identify(joon_path_generate/global_racetrajectory_optimization/frictionmap) by extensions ['ros']
[2.396s] Level 1:colcon.colcon_core.package_identification:_identify(joon_path_generate/global_racetrajectory_optimization/frictionmap) by extension 'ros'
[2.396s] Level 1:colcon.colcon_core.package_identification:_identify(joon_path_generate/global_racetrajectory_optimization/frictionmap) by extensions ['cmake', 'python']
[2.396s] Level 1:colcon.colcon_core.package_identification:_identify(joon_path_generate/global_racetrajectory_optimization/frictionmap) by extension 'cmake'
[2.397s] Level 1:colcon.colcon_core.package_identification:_identify(joon_path_generate/global_racetrajectory_optimization/frictionmap) by extension 'python'
[2.397s] Level 1:colcon.colcon_core.package_identification:_identify(joon_path_generate/global_racetrajectory_optimization/frictionmap) by extensions ['python_setup_py']
[2.397s] Level 1:colcon.colcon_core.package_identification:_identify(joon_path_generate/global_racetrajectory_optimization/frictionmap) by extension 'python_setup_py'
[2.398s] Level 1:colcon.colcon_core.package_identification:_identify(joon_path_generate/global_racetrajectory_optimization/frictionmap/src) by extensions ['ignore', 'ignore_ament_install']
[2.399s] Level 1:colcon.colcon_core.package_identification:_identify(joon_path_generate/global_racetrajectory_optimization/frictionmap/src) by extension 'ignore'
[2.399s] Level 1:colcon.colcon_core.package_identification:_identify(joon_path_generate/global_racetrajectory_optimization/frictionmap/src) by extension 'ignore_ament_install'
[2.400s] Level 1:colcon.colcon_core.package_identification:_identify(joon_path_generate/global_racetrajectory_optimization/frictionmap/src) by extensions ['colcon_pkg']
[2.400s] Level 1:colcon.colcon_core.package_identification:_identify(joon_path_generate/global_racetrajectory_optimization/frictionmap/src) by extension 'colcon_pkg'
[2.400s] Level 1:colcon.colcon_core.package_identification:_identify(joon_path_generate/global_racetrajectory_optimization/frictionmap/src) by extensions ['colcon_meta']
[2.400s] Level 1:colcon.colcon_core.package_identification:_identify(joon_path_generate/global_racetrajectory_optimization/frictionmap/src) by extension 'colcon_meta'
[2.401s] Level 1:colcon.colcon_core.package_identification:_identify(joon_path_generate/global_racetrajectory_optimization/frictionmap/src) by extensions ['ros']
[2.401s] Level 1:colcon.colcon_core.package_identification:_identify(joon_path_generate/global_racetrajectory_optimization/frictionmap/src) by extension 'ros'
[2.402s] Level 1:colcon.colcon_core.package_identification:_identify(joon_path_generate/global_racetrajectory_optimization/frictionmap/src) by extensions ['cmake', 'python']
[2.402s] Level 1:colcon.colcon_core.package_identification:_identify(joon_path_generate/global_racetrajectory_optimization/frictionmap/src) by extension 'cmake'
[2.402s] Level 1:colcon.colcon_core.package_identification:_identify(joon_path_generate/global_racetrajectory_optimization/frictionmap/src) by extension 'python'
[2.403s] Level 1:colcon.colcon_core.package_identification:_identify(joon_path_generate/global_racetrajectory_optimization/frictionmap/src) by extensions ['python_setup_py']
[2.403s] Level 1:colcon.colcon_core.package_identification:_identify(joon_path_generate/global_racetrajectory_optimization/frictionmap/src) by extension 'python_setup_py'
[2.403s] Level 1:colcon.colcon_core.package_identification:_identify(joon_path_generate/global_racetrajectory_optimization/helper_funcs_glob) by extensions ['ignore', 'ignore_ament_install']
[2.404s] Level 1:colcon.colcon_core.package_identification:_identify(joon_path_generate/global_racetrajectory_optimization/helper_funcs_glob) by extension 'ignore'
[2.404s] Level 1:colcon.colcon_core.package_identification:_identify(joon_path_generate/global_racetrajectory_optimization/helper_funcs_glob) by extension 'ignore_ament_install'
[2.405s] Level 1:colcon.colcon_core.package_identification:_identify(joon_path_generate/global_racetrajectory_optimization/helper_funcs_glob) by extensions ['colcon_pkg']
[2.405s] Level 1:colcon.colcon_core.package_identification:_identify(joon_path_generate/global_racetrajectory_optimization/helper_funcs_glob) by extension 'colcon_pkg'
[2.405s] Level 1:colcon.colcon_core.package_identification:_identify(joon_path_generate/global_racetrajectory_optimization/helper_funcs_glob) by extensions ['colcon_meta']
[2.405s] Level 1:colcon.colcon_core.package_identification:_identify(joon_path_generate/global_racetrajectory_optimization/helper_funcs_glob) by extension 'colcon_meta'
[2.406s] Level 1:colcon.colcon_core.package_identification:_identify(joon_path_generate/global_racetrajectory_optimization/helper_funcs_glob) by extensions ['ros']
[2.406s] Level 1:colcon.colcon_core.package_identification:_identify(joon_path_generate/global_racetrajectory_optimization/helper_funcs_glob) by extension 'ros'
[2.406s] Level 1:colcon.colcon_core.package_identification:_identify(joon_path_generate/global_racetrajectory_optimization/helper_funcs_glob) by extensions ['cmake', 'python']
[2.407s] Level 1:colcon.colcon_core.package_identification:_identify(joon_path_generate/global_racetrajectory_optimization/helper_funcs_glob) by extension 'cmake'
[2.407s] Level 1:colcon.colcon_core.package_identification:_identify(joon_path_generate/global_racetrajectory_optimization/helper_funcs_glob) by extension 'python'
[2.407s] Level 1:colcon.colcon_core.package_identification:_identify(joon_path_generate/global_racetrajectory_optimization/helper_funcs_glob) by extensions ['python_setup_py']
[2.407s] Level 1:colcon.colcon_core.package_identification:_identify(joon_path_generate/global_racetrajectory_optimization/helper_funcs_glob) by extension 'python_setup_py'
[2.408s] Level 1:colcon.colcon_core.package_identification:_identify(joon_path_generate/global_racetrajectory_optimization/helper_funcs_glob/src) by extensions ['ignore', 'ignore_ament_install']
[2.409s] Level 1:colcon.colcon_core.package_identification:_identify(joon_path_generate/global_racetrajectory_optimization/helper_funcs_glob/src) by extension 'ignore'
[2.409s] Level 1:colcon.colcon_core.package_identification:_identify(joon_path_generate/global_racetrajectory_optimization/helper_funcs_glob/src) by extension 'ignore_ament_install'
[2.409s] Level 1:colcon.colcon_core.package_identification:_identify(joon_path_generate/global_racetrajectory_optimization/helper_funcs_glob/src) by extensions ['colcon_pkg']
[2.409s] Level 1:colcon.colcon_core.package_identification:_identify(joon_path_generate/global_racetrajectory_optimization/helper_funcs_glob/src) by extension 'colcon_pkg'
[2.410s] Level 1:colcon.colcon_core.package_identification:_identify(joon_path_generate/global_racetrajectory_optimization/helper_funcs_glob/src) by extensions ['colcon_meta']
[2.410s] Level 1:colcon.colcon_core.package_identification:_identify(joon_path_generate/global_racetrajectory_optimization/helper_funcs_glob/src) by extension 'colcon_meta'
[2.410s] Level 1:colcon.colcon_core.package_identification:_identify(joon_path_generate/global_racetrajectory_optimization/helper_funcs_glob/src) by extensions ['ros']
[2.411s] Level 1:colcon.colcon_core.package_identification:_identify(joon_path_generate/global_racetrajectory_optimization/helper_funcs_glob/src) by extension 'ros'
[2.411s] Level 1:colcon.colcon_core.package_identification:_identify(joon_path_generate/global_racetrajectory_optimization/helper_funcs_glob/src) by extensions ['cmake', 'python']
[2.411s] Level 1:colcon.colcon_core.package_identification:_identify(joon_path_generate/global_racetrajectory_optimization/helper_funcs_glob/src) by extension 'cmake'
[2.412s] Level 1:colcon.colcon_core.package_identification:_identify(joon_path_generate/global_racetrajectory_optimization/helper_funcs_glob/src) by extension 'python'
[2.412s] Level 1:colcon.colcon_core.package_identification:_identify(joon_path_generate/global_racetrajectory_optimization/helper_funcs_glob/src) by extensions ['python_setup_py']
[2.412s] Level 1:colcon.colcon_core.package_identification:_identify(joon_path_generate/global_racetrajectory_optimization/helper_funcs_glob/src) by extension 'python_setup_py'
[2.413s] Level 1:colcon.colcon_core.package_identification:_identify(joon_path_generate/global_racetrajectory_optimization/inputs) by extensions ['ignore', 'ignore_ament_install']
[2.413s] Level 1:colcon.colcon_core.package_identification:_identify(joon_path_generate/global_racetrajectory_optimization/inputs) by extension 'ignore'
[2.414s] Level 1:colcon.colcon_core.package_identification:_identify(joon_path_generate/global_racetrajectory_optimization/inputs) by extension 'ignore_ament_install'
[2.414s] Level 1:colcon.colcon_core.package_identification:_identify(joon_path_generate/global_racetrajectory_optimization/inputs) by extensions ['colcon_pkg']
[2.414s] Level 1:colcon.colcon_core.package_identification:_identify(joon_path_generate/global_racetrajectory_optimization/inputs) by extension 'colcon_pkg'
[2.415s] Level 1:colcon.colcon_core.package_identification:_identify(joon_path_generate/global_racetrajectory_optimization/inputs) by extensions ['colcon_meta']
[2.415s] Level 1:colcon.colcon_core.package_identification:_identify(joon_path_generate/global_racetrajectory_optimization/inputs) by extension 'colcon_meta'
[2.415s] Level 1:colcon.colcon_core.package_identification:_identify(joon_path_generate/global_racetrajectory_optimization/inputs) by extensions ['ros']
[2.415s] Level 1:colcon.colcon_core.package_identification:_identify(joon_path_generate/global_racetrajectory_optimization/inputs) by extension 'ros'
[2.416s] Level 1:colcon.colcon_core.package_identification:_identify(joon_path_generate/global_racetrajectory_optimization/inputs) by extensions ['cmake', 'python']
[2.416s] Level 1:colcon.colcon_core.package_identification:_identify(joon_path_generate/global_racetrajectory_optimization/inputs) by extension 'cmake'
[2.416s] Level 1:colcon.colcon_core.package_identification:_identify(joon_path_generate/global_racetrajectory_optimization/inputs) by extension 'python'
[2.417s] Level 1:colcon.colcon_core.package_identification:_identify(joon_path_generate/global_racetrajectory_optimization/inputs) by extensions ['python_setup_py']
[2.417s] Level 1:colcon.colcon_core.package_identification:_identify(joon_path_generate/global_racetrajectory_optimization/inputs) by extension 'python_setup_py'
[2.418s] Level 1:colcon.colcon_core.package_identification:_identify(joon_path_generate/global_racetrajectory_optimization/inputs/frictionmaps) by extensions ['ignore', 'ignore_ament_install']
[2.418s] Level 1:colcon.colcon_core.package_identification:_identify(joon_path_generate/global_racetrajectory_optimization/inputs/frictionmaps) by extension 'ignore'
[2.419s] Level 1:colcon.colcon_core.package_identification:_identify(joon_path_generate/global_racetrajectory_optimization/inputs/frictionmaps) by extension 'ignore_ament_install'
[2.419s] Level 1:colcon.colcon_core.package_identification:_identify(joon_path_generate/global_racetrajectory_optimization/inputs/frictionmaps) by extensions ['colcon_pkg']
[2.419s] Level 1:colcon.colcon_core.package_identification:_identify(joon_path_generate/global_racetrajectory_optimization/inputs/frictionmaps) by extension 'colcon_pkg'
[2.419s] Level 1:colcon.colcon_core.package_identification:_identify(joon_path_generate/global_racetrajectory_optimization/inputs/frictionmaps) by extensions ['colcon_meta']
[2.420s] Level 1:colcon.colcon_core.package_identification:_identify(joon_path_generate/global_racetrajectory_optimization/inputs/frictionmaps) by extension 'colcon_meta'
[2.420s] Level 1:colcon.colcon_core.package_identification:_identify(joon_path_generate/global_racetrajectory_optimization/inputs/frictionmaps) by extensions ['ros']
[2.420s] Level 1:colcon.colcon_core.package_identification:_identify(joon_path_generate/global_racetrajectory_optimization/inputs/frictionmaps) by extension 'ros'
[2.421s] Level 1:colcon.colcon_core.package_identification:_identify(joon_path_generate/global_racetrajectory_optimization/inputs/frictionmaps) by extensions ['cmake', 'python']
[2.421s] Level 1:colcon.colcon_core.package_identification:_identify(joon_path_generate/global_racetrajectory_optimization/inputs/frictionmaps) by extension 'cmake'
[2.421s] Level 1:colcon.colcon_core.package_identification:_identify(joon_path_generate/global_racetrajectory_optimization/inputs/frictionmaps) by extension 'python'
[2.421s] Level 1:colcon.colcon_core.package_identification:_identify(joon_path_generate/global_racetrajectory_optimization/inputs/frictionmaps) by extensions ['python_setup_py']
[2.422s] Level 1:colcon.colcon_core.package_identification:_identify(joon_path_generate/global_racetrajectory_optimization/inputs/frictionmaps) by extension 'python_setup_py'
[2.423s] Level 1:colcon.colcon_core.package_identification:_identify(joon_path_generate/global_racetrajectory_optimization/inputs/tracks) by extensions ['ignore', 'ignore_ament_install']
[2.423s] Level 1:colcon.colcon_core.package_identification:_identify(joon_path_generate/global_racetrajectory_optimization/inputs/tracks) by extension 'ignore'
[2.423s] Level 1:colcon.colcon_core.package_identification:_identify(joon_path_generate/global_racetrajectory_optimization/inputs/tracks) by extension 'ignore_ament_install'
[2.424s] Level 1:colcon.colcon_core.package_identification:_identify(joon_path_generate/global_racetrajectory_optimization/inputs/tracks) by extensions ['colcon_pkg']
[2.424s] Level 1:colcon.colcon_core.package_identification:_identify(joon_path_generate/global_racetrajectory_optimization/inputs/tracks) by extension 'colcon_pkg'
[2.424s] Level 1:colcon.colcon_core.package_identification:_identify(joon_path_generate/global_racetrajectory_optimization/inputs/tracks) by extensions ['colcon_meta']
[2.424s] Level 1:colcon.colcon_core.package_identification:_identify(joon_path_generate/global_racetrajectory_optimization/inputs/tracks) by extension 'colcon_meta'
[2.425s] Level 1:colcon.colcon_core.package_identification:_identify(joon_path_generate/global_racetrajectory_optimization/inputs/tracks) by extensions ['ros']
[2.425s] Level 1:colcon.colcon_core.package_identification:_identify(joon_path_generate/global_racetrajectory_optimization/inputs/tracks) by extension 'ros'
[2.425s] Level 1:colcon.colcon_core.package_identification:_identify(joon_path_generate/global_racetrajectory_optimization/inputs/tracks) by extensions ['cmake', 'python']
[2.425s] Level 1:colcon.colcon_core.package_identification:_identify(joon_path_generate/global_racetrajectory_optimization/inputs/tracks) by extension 'cmake'
[2.426s] Level 1:colcon.colcon_core.package_identification:_identify(joon_path_generate/global_racetrajectory_optimization/inputs/tracks) by extension 'python'
[2.426s] Level 1:colcon.colcon_core.package_identification:_identify(joon_path_generate/global_racetrajectory_optimization/inputs/tracks) by extensions ['python_setup_py']
[2.426s] Level 1:colcon.colcon_core.package_identification:_identify(joon_path_generate/global_racetrajectory_optimization/inputs/tracks) by extension 'python_setup_py'
[2.427s] Level 1:colcon.colcon_core.package_identification:_identify(joon_path_generate/global_racetrajectory_optimization/inputs/veh_dyn_info) by extensions ['ignore', 'ignore_ament_install']
[2.427s] Level 1:colcon.colcon_core.package_identification:_identify(joon_path_generate/global_racetrajectory_optimization/inputs/veh_dyn_info) by extension 'ignore'
[2.427s] Level 1:colcon.colcon_core.package_identification:_identify(joon_path_generate/global_racetrajectory_optimization/inputs/veh_dyn_info) by extension 'ignore_ament_install'
[2.428s] Level 1:colcon.colcon_core.package_identification:_identify(joon_path_generate/global_racetrajectory_optimization/inputs/veh_dyn_info) by extensions ['colcon_pkg']
[2.428s] Level 1:colcon.colcon_core.package_identification:_identify(joon_path_generate/global_racetrajectory_optimization/inputs/veh_dyn_info) by extension 'colcon_pkg'
[2.428s] Level 1:colcon.colcon_core.package_identification:_identify(joon_path_generate/global_racetrajectory_optimization/inputs/veh_dyn_info) by extensions ['colcon_meta']
[2.428s] Level 1:colcon.colcon_core.package_identification:_identify(joon_path_generate/global_racetrajectory_optimization/inputs/veh_dyn_info) by extension 'colcon_meta'
[2.429s] Level 1:colcon.colcon_core.package_identification:_identify(joon_path_generate/global_racetrajectory_optimization/inputs/veh_dyn_info) by extensions ['ros']
[2.429s] Level 1:colcon.colcon_core.package_identification:_identify(joon_path_generate/global_racetrajectory_optimization/inputs/veh_dyn_info) by extension 'ros'
[2.429s] Level 1:colcon.colcon_core.package_identification:_identify(joon_path_generate/global_racetrajectory_optimization/inputs/veh_dyn_info) by extensions ['cmake', 'python']
[2.430s] Level 1:colcon.colcon_core.package_identification:_identify(joon_path_generate/global_racetrajectory_optimization/inputs/veh_dyn_info) by extension 'cmake'
[2.430s] Level 1:colcon.colcon_core.package_identification:_identify(joon_path_generate/global_racetrajectory_optimization/inputs/veh_dyn_info) by extension 'python'
[2.430s] Level 1:colcon.colcon_core.package_identification:_identify(joon_path_generate/global_racetrajectory_optimization/inputs/veh_dyn_info) by extensions ['python_setup_py']
[2.430s] Level 1:colcon.colcon_core.package_identification:_identify(joon_path_generate/global_racetrajectory_optimization/inputs/veh_dyn_info) by extension 'python_setup_py'
[2.431s] Level 1:colcon.colcon_core.package_identification:_identify(joon_path_generate/global_racetrajectory_optimization/opt_mintime_traj) by extensions ['ignore', 'ignore_ament_install']
[2.431s] Level 1:colcon.colcon_core.package_identification:_identify(joon_path_generate/global_racetrajectory_optimization/opt_mintime_traj) by extension 'ignore'
[2.432s] Level 1:colcon.colcon_core.package_identification:_identify(joon_path_generate/global_racetrajectory_optimization/opt_mintime_traj) by extension 'ignore_ament_install'
[2.432s] Level 1:colcon.colcon_core.package_identification:_identify(joon_path_generate/global_racetrajectory_optimization/opt_mintime_traj) by extensions ['colcon_pkg']
[2.432s] Level 1:colcon.colcon_core.package_identification:_identify(joon_path_generate/global_racetrajectory_optimization/opt_mintime_traj) by extension 'colcon_pkg'
[2.432s] Level 1:colcon.colcon_core.package_identification:_identify(joon_path_generate/global_racetrajectory_optimization/opt_mintime_traj) by extensions ['colcon_meta']
[2.432s] Level 1:colcon.colcon_core.package_identification:_identify(joon_path_generate/global_racetrajectory_optimization/opt_mintime_traj) by extension 'colcon_meta'
[2.433s] Level 1:colcon.colcon_core.package_identification:_identify(joon_path_generate/global_racetrajectory_optimization/opt_mintime_traj) by extensions ['ros']
[2.433s] Level 1:colcon.colcon_core.package_identification:_identify(joon_path_generate/global_racetrajectory_optimization/opt_mintime_traj) by extension 'ros'
[2.433s] Level 1:colcon.colcon_core.package_identification:_identify(joon_path_generate/global_racetrajectory_optimization/opt_mintime_traj) by extensions ['cmake', 'python']
[2.434s] Level 1:colcon.colcon_core.package_identification:_identify(joon_path_generate/global_racetrajectory_optimization/opt_mintime_traj) by extension 'cmake'
[2.434s] Level 1:colcon.colcon_core.package_identification:_identify(joon_path_generate/global_racetrajectory_optimization/opt_mintime_traj) by extension 'python'
[2.434s] Level 1:colcon.colcon_core.package_identification:_identify(joon_path_generate/global_racetrajectory_optimization/opt_mintime_traj) by extensions ['python_setup_py']
[2.434s] Level 1:colcon.colcon_core.package_identification:_identify(joon_path_generate/global_racetrajectory_optimization/opt_mintime_traj) by extension 'python_setup_py'
[2.435s] Level 1:colcon.colcon_core.package_identification:_identify(joon_path_generate/global_racetrajectory_optimization/opt_mintime_traj/powertrain_src) by extensions ['ignore', 'ignore_ament_install']
[2.435s] Level 1:colcon.colcon_core.package_identification:_identify(joon_path_generate/global_racetrajectory_optimization/opt_mintime_traj/powertrain_src) by extension 'ignore'
[2.436s] Level 1:colcon.colcon_core.package_identification:_identify(joon_path_generate/global_racetrajectory_optimization/opt_mintime_traj/powertrain_src) by extension 'ignore_ament_install'
[2.436s] Level 1:colcon.colcon_core.package_identification:_identify(joon_path_generate/global_racetrajectory_optimization/opt_mintime_traj/powertrain_src) by extensions ['colcon_pkg']
[2.436s] Level 1:colcon.colcon_core.package_identification:_identify(joon_path_generate/global_racetrajectory_optimization/opt_mintime_traj/powertrain_src) by extension 'colcon_pkg'
[2.436s] Level 1:colcon.colcon_core.package_identification:_identify(joon_path_generate/global_racetrajectory_optimization/opt_mintime_traj/powertrain_src) by extensions ['colcon_meta']
[2.437s] Level 1:colcon.colcon_core.package_identification:_identify(joon_path_generate/global_racetrajectory_optimization/opt_mintime_traj/powertrain_src) by extension 'colcon_meta'
[2.437s] Level 1:colcon.colcon_core.package_identification:_identify(joon_path_generate/global_racetrajectory_optimization/opt_mintime_traj/powertrain_src) by extensions ['ros']
[2.437s] Level 1:colcon.colcon_core.package_identification:_identify(joon_path_generate/global_racetrajectory_optimization/opt_mintime_traj/powertrain_src) by extension 'ros'
[2.438s] Level 1:colcon.colcon_core.package_identification:_identify(joon_path_generate/global_racetrajectory_optimization/opt_mintime_traj/powertrain_src) by extensions ['cmake', 'python']
[2.438s] Level 1:colcon.colcon_core.package_identification:_identify(joon_path_generate/global_racetrajectory_optimization/opt_mintime_traj/powertrain_src) by extension 'cmake'
[2.438s] Level 1:colcon.colcon_core.package_identification:_identify(joon_path_generate/global_racetrajectory_optimization/opt_mintime_traj/powertrain_src) by extension 'python'
[2.438s] Level 1:colcon.colcon_core.package_identification:_identify(joon_path_generate/global_racetrajectory_optimization/opt_mintime_traj/powertrain_src) by extensions ['python_setup_py']
[2.439s] Level 1:colcon.colcon_core.package_identification:_identify(joon_path_generate/global_racetrajectory_optimization/opt_mintime_traj/powertrain_src) by extension 'python_setup_py'
[2.439s] Level 1:colcon.colcon_core.package_identification:_identify(joon_path_generate/global_racetrajectory_optimization/opt_mintime_traj/powertrain_src/src) by extensions ['ignore', 'ignore_ament_install']
[2.440s] Level 1:colcon.colcon_core.package_identification:_identify(joon_path_generate/global_racetrajectory_optimization/opt_mintime_traj/powertrain_src/src) by extension 'ignore'
[2.440s] Level 1:colcon.colcon_core.package_identification:_identify(joon_path_generate/global_racetrajectory_optimization/opt_mintime_traj/powertrain_src/src) by extension 'ignore_ament_install'
[2.440s] Level 1:colcon.colcon_core.package_identification:_identify(joon_path_generate/global_racetrajectory_optimization/opt_mintime_traj/powertrain_src/src) by extensions ['colcon_pkg']
[2.440s] Level 1:colcon.colcon_core.package_identification:_identify(joon_path_generate/global_racetrajectory_optimization/opt_mintime_traj/powertrain_src/src) by extension 'colcon_pkg'
[2.441s] Level 1:colcon.colcon_core.package_identification:_identify(joon_path_generate/global_racetrajectory_optimization/opt_mintime_traj/powertrain_src/src) by extensions ['colcon_meta']
[2.441s] Level 1:colcon.colcon_core.package_identification:_identify(joon_path_generate/global_racetrajectory_optimization/opt_mintime_traj/powertrain_src/src) by extension 'colcon_meta'
[2.441s] Level 1:colcon.colcon_core.package_identification:_identify(joon_path_generate/global_racetrajectory_optimization/opt_mintime_traj/powertrain_src/src) by extensions ['ros']
[2.441s] Level 1:colcon.colcon_core.package_identification:_identify(joon_path_generate/global_racetrajectory_optimization/opt_mintime_traj/powertrain_src/src) by extension 'ros'
[2.442s] Level 1:colcon.colcon_core.package_identification:_identify(joon_path_generate/global_racetrajectory_optimization/opt_mintime_traj/powertrain_src/src) by extensions ['cmake', 'python']
[2.442s] Level 1:colcon.colcon_core.package_identification:_identify(joon_path_generate/global_racetrajectory_optimization/opt_mintime_traj/powertrain_src/src) by extension 'cmake'
[2.442s] Level 1:colcon.colcon_core.package_identification:_identify(joon_path_generate/global_racetrajectory_optimization/opt_mintime_traj/powertrain_src/src) by extension 'python'
[2.443s] Level 1:colcon.colcon_core.package_identification:_identify(joon_path_generate/global_racetrajectory_optimization/opt_mintime_traj/powertrain_src/src) by extensions ['python_setup_py']
[2.443s] Level 1:colcon.colcon_core.package_identification:_identify(joon_path_generate/global_racetrajectory_optimization/opt_mintime_traj/powertrain_src/src) by extension 'python_setup_py'
[2.444s] Level 1:colcon.colcon_core.package_identification:_identify(joon_path_generate/global_racetrajectory_optimization/opt_mintime_traj/src) by extensions ['ignore', 'ignore_ament_install']
[2.444s] Level 1:colcon.colcon_core.package_identification:_identify(joon_path_generate/global_racetrajectory_optimization/opt_mintime_traj/src) by extension 'ignore'
[2.444s] Level 1:colcon.colcon_core.package_identification:_identify(joon_path_generate/global_racetrajectory_optimization/opt_mintime_traj/src) by extension 'ignore_ament_install'
[2.445s] Level 1:colcon.colcon_core.package_identification:_identify(joon_path_generate/global_racetrajectory_optimization/opt_mintime_traj/src) by extensions ['colcon_pkg']
[2.445s] Level 1:colcon.colcon_core.package_identification:_identify(joon_path_generate/global_racetrajectory_optimization/opt_mintime_traj/src) by extension 'colcon_pkg'
[2.445s] Level 1:colcon.colcon_core.package_identification:_identify(joon_path_generate/global_racetrajectory_optimization/opt_mintime_traj/src) by extensions ['colcon_meta']
[2.445s] Level 1:colcon.colcon_core.package_identification:_identify(joon_path_generate/global_racetrajectory_optimization/opt_mintime_traj/src) by extension 'colcon_meta'
[2.446s] Level 1:colcon.colcon_core.package_identification:_identify(joon_path_generate/global_racetrajectory_optimization/opt_mintime_traj/src) by extensions ['ros']
[2.446s] Level 1:colcon.colcon_core.package_identification:_identify(joon_path_generate/global_racetrajectory_optimization/opt_mintime_traj/src) by extension 'ros'
[2.446s] Level 1:colcon.colcon_core.package_identification:_identify(joon_path_generate/global_racetrajectory_optimization/opt_mintime_traj/src) by extensions ['cmake', 'python']
[2.446s] Level 1:colcon.colcon_core.package_identification:_identify(joon_path_generate/global_racetrajectory_optimization/opt_mintime_traj/src) by extension 'cmake'
[2.447s] Level 1:colcon.colcon_core.package_identification:_identify(joon_path_generate/global_racetrajectory_optimization/opt_mintime_traj/src) by extension 'python'
[2.447s] Level 1:colcon.colcon_core.package_identification:_identify(joon_path_generate/global_racetrajectory_optimization/opt_mintime_traj/src) by extensions ['python_setup_py']
[2.447s] Level 1:colcon.colcon_core.package_identification:_identify(joon_path_generate/global_racetrajectory_optimization/opt_mintime_traj/src) by extension 'python_setup_py'
[2.448s] Level 1:colcon.colcon_core.package_identification:_identify(joon_path_generate/global_racetrajectory_optimization/params) by extensions ['ignore', 'ignore_ament_install']
[2.448s] Level 1:colcon.colcon_core.package_identification:_identify(joon_path_generate/global_racetrajectory_optimization/params) by extension 'ignore'
[2.448s] Level 1:colcon.colcon_core.package_identification:_identify(joon_path_generate/global_racetrajectory_optimization/params) by extension 'ignore_ament_install'
[2.449s] Level 1:colcon.colcon_core.package_identification:_identify(joon_path_generate/global_racetrajectory_optimization/params) by extensions ['colcon_pkg']
[2.449s] Level 1:colcon.colcon_core.package_identification:_identify(joon_path_generate/global_racetrajectory_optimization/params) by extension 'colcon_pkg'
[2.449s] Level 1:colcon.colcon_core.package_identification:_identify(joon_path_generate/global_racetrajectory_optimization/params) by extensions ['colcon_meta']
[2.449s] Level 1:colcon.colcon_core.package_identification:_identify(joon_path_generate/global_racetrajectory_optimization/params) by extension 'colcon_meta'
[2.450s] Level 1:colcon.colcon_core.package_identification:_identify(joon_path_generate/global_racetrajectory_optimization/params) by extensions ['ros']
[2.450s] Level 1:colcon.colcon_core.package_identification:_identify(joon_path_generate/global_racetrajectory_optimization/params) by extension 'ros'
[2.451s] Level 1:colcon.colcon_core.package_identification:_identify(joon_path_generate/global_racetrajectory_optimization/params) by extensions ['cmake', 'python']
[2.451s] Level 1:colcon.colcon_core.package_identification:_identify(joon_path_generate/global_racetrajectory_optimization/params) by extension 'cmake'
[2.451s] Level 1:colcon.colcon_core.package_identification:_identify(joon_path_generate/global_racetrajectory_optimization/params) by extension 'python'
[2.451s] Level 1:colcon.colcon_core.package_identification:_identify(joon_path_generate/global_racetrajectory_optimization/params) by extensions ['python_setup_py']
[2.451s] Level 1:colcon.colcon_core.package_identification:_identify(joon_path_generate/global_racetrajectory_optimization/params) by extension 'python_setup_py'
[2.452s] Level 1:colcon.colcon_core.package_identification:_identify(joon_path_generate/maps) by extensions ['ignore', 'ignore_ament_install']
[2.453s] Level 1:colcon.colcon_core.package_identification:_identify(joon_path_generate/maps) by extension 'ignore'
[2.453s] Level 1:colcon.colcon_core.package_identification:_identify(joon_path_generate/maps) by extension 'ignore_ament_install'
[2.453s] Level 1:colcon.colcon_core.package_identification:_identify(joon_path_generate/maps) by extensions ['colcon_pkg']
[2.453s] Level 1:colcon.colcon_core.package_identification:_identify(joon_path_generate/maps) by extension 'colcon_pkg'
[2.454s] Level 1:colcon.colcon_core.package_identification:_identify(joon_path_generate/maps) by extensions ['colcon_meta']
[2.454s] Level 1:colcon.colcon_core.package_identification:_identify(joon_path_generate/maps) by extension 'colcon_meta'
[2.454s] Level 1:colcon.colcon_core.package_identification:_identify(joon_path_generate/maps) by extensions ['ros']
[2.454s] Level 1:colcon.colcon_core.package_identification:_identify(joon_path_generate/maps) by extension 'ros'
[2.455s] Level 1:colcon.colcon_core.package_identification:_identify(joon_path_generate/maps) by extensions ['cmake', 'python']
[2.455s] Level 1:colcon.colcon_core.package_identification:_identify(joon_path_generate/maps) by extension 'cmake'
[2.455s] Level 1:colcon.colcon_core.package_identification:_identify(joon_path_generate/maps) by extension 'python'
[2.456s] Level 1:colcon.colcon_core.package_identification:_identify(joon_path_generate/maps) by extensions ['python_setup_py']
[2.456s] Level 1:colcon.colcon_core.package_identification:_identify(joon_path_generate/maps) by extension 'python_setup_py'
[2.456s] Level 1:colcon.colcon_core.package_identification:_identify(joon_path_generate/raceline) by extensions ['ignore', 'ignore_ament_install']
[2.457s] Level 1:colcon.colcon_core.package_identification:_identify(joon_path_generate/raceline) by extension 'ignore'
[2.457s] Level 1:colcon.colcon_core.package_identification:_identify(joon_path_generate/raceline) by extension 'ignore_ament_install'
[2.457s] Level 1:colcon.colcon_core.package_identification:_identify(joon_path_generate/raceline) by extensions ['colcon_pkg']
[2.458s] Level 1:colcon.colcon_core.package_identification:_identify(joon_path_generate/raceline) by extension 'colcon_pkg'
[2.458s] Level 1:colcon.colcon_core.package_identification:_identify(joon_path_generate/raceline) by extensions ['colcon_meta']
[2.458s] Level 1:colcon.colcon_core.package_identification:_identify(joon_path_generate/raceline) by extension 'colcon_meta'
[2.458s] Level 1:colcon.colcon_core.package_identification:_identify(joon_path_generate/raceline) by extensions ['ros']
[2.459s] Level 1:colcon.colcon_core.package_identification:_identify(joon_path_generate/raceline) by extension 'ros'
[2.459s] Level 1:colcon.colcon_core.package_identification:_identify(joon_path_generate/raceline) by extensions ['cmake', 'python']
[2.459s] Level 1:colcon.colcon_core.package_identification:_identify(joon_path_generate/raceline) by extension 'cmake'
[2.459s] Level 1:colcon.colcon_core.package_identification:_identify(joon_path_generate/raceline) by extension 'python'
[2.460s] Level 1:colcon.colcon_core.package_identification:_identify(joon_path_generate/raceline) by extensions ['python_setup_py']
[2.460s] Level 1:colcon.colcon_core.package_identification:_identify(joon_path_generate/raceline) by extension 'python_setup_py'
[2.461s] Level 1:colcon.colcon_core.package_identification:_identify(joon_path_generate/src) by extensions ['ignore', 'ignore_ament_install']
[2.461s] Level 1:colcon.colcon_core.package_identification:_identify(joon_path_generate/src) by extension 'ignore'
[2.461s] Level 1:colcon.colcon_core.package_identification:_identify(joon_path_generate/src) by extension 'ignore_ament_install'
[2.461s] Level 1:colcon.colcon_core.package_identification:_identify(joon_path_generate/src) by extensions ['colcon_pkg']
[2.462s] Level 1:colcon.colcon_core.package_identification:_identify(joon_path_generate/src) by extension 'colcon_pkg'
[2.462s] Level 1:colcon.colcon_core.package_identification:_identify(joon_path_generate/src) by extensions ['colcon_meta']
[2.462s] Level 1:colcon.colcon_core.package_identification:_identify(joon_path_generate/src) by extension 'colcon_meta'
[2.462s] Level 1:colcon.colcon_core.package_identification:_identify(joon_path_generate/src) by extensions ['ros']
[2.463s] Level 1:colcon.colcon_core.package_identification:_identify(joon_path_generate/src) by extension 'ros'
[2.463s] Level 1:colcon.colcon_core.package_identification:_identify(joon_path_generate/src) by extensions ['cmake', 'python']
[2.463s] Level 1:colcon.colcon_core.package_identification:_identify(joon_path_generate/src) by extension 'cmake'
[2.464s] Level 1:colcon.colcon_core.package_identification:_identify(joon_path_generate/src) by extension 'python'
[2.464s] Level 1:colcon.colcon_core.package_identification:_identify(joon_path_generate/src) by extensions ['python_setup_py']
[2.464s] Level 1:colcon.colcon_core.package_identification:_identify(joon_path_generate/src) by extension 'python_setup_py'
[2.465s] Level 1:colcon.colcon_core.package_identification:_identify(joon_path_generate/src/__pycache__) by extensions ['ignore', 'ignore_ament_install']
[2.465s] Level 1:colcon.colcon_core.package_identification:_identify(joon_path_generate/src/__pycache__) by extension 'ignore'
[2.465s] Level 1:colcon.colcon_core.package_identification:_identify(joon_path_generate/src/__pycache__) by extension 'ignore_ament_install'
[2.466s] Level 1:colcon.colcon_core.package_identification:_identify(joon_path_generate/src/__pycache__) by extensions ['colcon_pkg']
[2.466s] Level 1:colcon.colcon_core.package_identification:_identify(joon_path_generate/src/__pycache__) by extension 'colcon_pkg'
[2.466s] Level 1:colcon.colcon_core.package_identification:_identify(joon_path_generate/src/__pycache__) by extensions ['colcon_meta']
[2.466s] Level 1:colcon.colcon_core.package_identification:_identify(joon_path_generate/src/__pycache__) by extension 'colcon_meta'
[2.467s] Level 1:colcon.colcon_core.package_identification:_identify(joon_path_generate/src/__pycache__) by extensions ['ros']
[2.467s] Level 1:colcon.colcon_core.package_identification:_identify(joon_path_generate/src/__pycache__) by extension 'ros'
[2.467s] Level 1:colcon.colcon_core.package_identification:_identify(joon_path_generate/src/__pycache__) by extensions ['cmake', 'python']
[2.467s] Level 1:colcon.colcon_core.package_identification:_identify(joon_path_generate/src/__pycache__) by extension 'cmake'
[2.468s] Level 1:colcon.colcon_core.package_identification:_identify(joon_path_generate/src/__pycache__) by extension 'python'
[2.468s] Level 1:colcon.colcon_core.package_identification:_identify(joon_path_generate/src/__pycache__) by extensions ['python_setup_py']
[2.468s] Level 1:colcon.colcon_core.package_identification:_identify(joon_path_generate/src/__pycache__) by extension 'python_setup_py'
[2.469s] Level 1:colcon.colcon_core.package_identification:_identify(joon_path_generate/src/outputs) by extensions ['ignore', 'ignore_ament_install']
[2.469s] Level 1:colcon.colcon_core.package_identification:_identify(joon_path_generate/src/outputs) by extension 'ignore'
[2.469s] Level 1:colcon.colcon_core.package_identification:_identify(joon_path_generate/src/outputs) by extension 'ignore_ament_install'
[2.470s] Level 1:colcon.colcon_core.package_identification:_identify(joon_path_generate/src/outputs) by extensions ['colcon_pkg']
[2.470s] Level 1:colcon.colcon_core.package_identification:_identify(joon_path_generate/src/outputs) by extension 'colcon_pkg'
[2.470s] Level 1:colcon.colcon_core.package_identification:_identify(joon_path_generate/src/outputs) by extensions ['colcon_meta']
[2.470s] Level 1:colcon.colcon_core.package_identification:_identify(joon_path_generate/src/outputs) by extension 'colcon_meta'
[2.471s] Level 1:colcon.colcon_core.package_identification:_identify(joon_path_generate/src/outputs) by extensions ['ros']
[2.471s] Level 1:colcon.colcon_core.package_identification:_identify(joon_path_generate/src/outputs) by extension 'ros'
[2.471s] Level 1:colcon.colcon_core.package_identification:_identify(joon_path_generate/src/outputs) by extensions ['cmake', 'python']
[2.472s] Level 1:colcon.colcon_core.package_identification:_identify(joon_path_generate/src/outputs) by extension 'cmake'
[2.472s] Level 1:colcon.colcon_core.package_identification:_identify(joon_path_generate/src/outputs) by extension 'python'
[2.472s] Level 1:colcon.colcon_core.package_identification:_identify(joon_path_generate/src/outputs) by extensions ['python_setup_py']
[2.472s] Level 1:colcon.colcon_core.package_identification:_identify(joon_path_generate/src/outputs) by extension 'python_setup_py'
[2.473s] Level 1:colcon.colcon_core.package_identification:_identify(joon_path_generate/src/outputs/gap_map_path) by extensions ['ignore', 'ignore_ament_install']
[2.473s] Level 1:colcon.colcon_core.package_identification:_identify(joon_path_generate/src/outputs/gap_map_path) by extension 'ignore'
[2.473s] Level 1:colcon.colcon_core.package_identification:_identify(joon_path_generate/src/outputs/gap_map_path) by extension 'ignore_ament_install'
[2.474s] Level 1:colcon.colcon_core.package_identification:_identify(joon_path_generate/src/outputs/gap_map_path) by extensions ['colcon_pkg']
[2.474s] Level 1:colcon.colcon_core.package_identification:_identify(joon_path_generate/src/outputs/gap_map_path) by extension 'colcon_pkg'
[2.474s] Level 1:colcon.colcon_core.package_identification:_identify(joon_path_generate/src/outputs/gap_map_path) by extensions ['colcon_meta']
[2.474s] Level 1:colcon.colcon_core.package_identification:_identify(joon_path_generate/src/outputs/gap_map_path) by extension 'colcon_meta'
[2.475s] Level 1:colcon.colcon_core.package_identification:_identify(joon_path_generate/src/outputs/gap_map_path) by extensions ['ros']
[2.475s] Level 1:colcon.colcon_core.package_identification:_identify(joon_path_generate/src/outputs/gap_map_path) by extension 'ros'
[2.475s] Level 1:colcon.colcon_core.package_identification:_identify(joon_path_generate/src/outputs/gap_map_path) by extensions ['cmake', 'python']
[2.476s] Level 1:colcon.colcon_core.package_identification:_identify(joon_path_generate/src/outputs/gap_map_path) by extension 'cmake'
[2.476s] Level 1:colcon.colcon_core.package_identification:_identify(joon_path_generate/src/outputs/gap_map_path) by extension 'python'
[2.476s] Level 1:colcon.colcon_core.package_identification:_identify(joon_path_generate/src/outputs/gap_map_path) by extensions ['python_setup_py']
[2.476s] Level 1:colcon.colcon_core.package_identification:_identify(joon_path_generate/src/outputs/gap_map_path) by extension 'python_setup_py'
[2.477s] Level 1:colcon.colcon_core.package_identification:_identify(joon_path_generate/src/params) by extensions ['ignore', 'ignore_ament_install']
[2.477s] Level 1:colcon.colcon_core.package_identification:_identify(joon_path_generate/src/params) by extension 'ignore'
[2.477s] Level 1:colcon.colcon_core.package_identification:_identify(joon_path_generate/src/params) by extension 'ignore_ament_install'
[2.478s] Level 1:colcon.colcon_core.package_identification:_identify(joon_path_generate/src/params) by extensions ['colcon_pkg']
[2.478s] Level 1:colcon.colcon_core.package_identification:_identify(joon_path_generate/src/params) by extension 'colcon_pkg'
[2.478s] Level 1:colcon.colcon_core.package_identification:_identify(joon_path_generate/src/params) by extensions ['colcon_meta']
[2.478s] Level 1:colcon.colcon_core.package_identification:_identify(joon_path_generate/src/params) by extension 'colcon_meta'
[2.479s] Level 1:colcon.colcon_core.package_identification:_identify(joon_path_generate/src/params) by extensions ['ros']
[2.479s] Level 1:colcon.colcon_core.package_identification:_identify(joon_path_generate/src/params) by extension 'ros'
[2.479s] Level 1:colcon.colcon_core.package_identification:_identify(joon_path_generate/src/params) by extensions ['cmake', 'python']
[2.480s] Level 1:colcon.colcon_core.package_identification:_identify(joon_path_generate/src/params) by extension 'cmake'
[2.480s] Level 1:colcon.colcon_core.package_identification:_identify(joon_path_generate/src/params) by extension 'python'
[2.480s] Level 1:colcon.colcon_core.package_identification:_identify(joon_path_generate/src/params) by extensions ['python_setup_py']
[2.480s] Level 1:colcon.colcon_core.package_identification:_identify(joon_path_generate/src/params) by extension 'python_setup_py'
[2.481s] Level 1:colcon.colcon_core.package_identification:_identify(joon_path_generate/src/temp) by extensions ['ignore', 'ignore_ament_install']
[2.481s] Level 1:colcon.colcon_core.package_identification:_identify(joon_path_generate/src/temp) by extension 'ignore'
[2.481s] Level 1:colcon.colcon_core.package_identification:_identify(joon_path_generate/src/temp) by extension 'ignore_ament_install'
[2.482s] Level 1:colcon.colcon_core.package_identification:_identify(joon_path_generate/src/temp) by extensions ['colcon_pkg']
[2.482s] Level 1:colcon.colcon_core.package_identification:_identify(joon_path_generate/src/temp) by extension 'colcon_pkg'
[2.482s] Level 1:colcon.colcon_core.package_identification:_identify(joon_path_generate/src/temp) by extensions ['colcon_meta']
[2.482s] Level 1:colcon.colcon_core.package_identification:_identify(joon_path_generate/src/temp) by extension 'colcon_meta'
[2.483s] Level 1:colcon.colcon_core.package_identification:_identify(joon_path_generate/src/temp) by extensions ['ros']
[2.483s] Level 1:colcon.colcon_core.package_identification:_identify(joon_path_generate/src/temp) by extension 'ros'
[2.483s] Level 1:colcon.colcon_core.package_identification:_identify(joon_path_generate/src/temp) by extensions ['cmake', 'python']
[2.483s] Level 1:colcon.colcon_core.package_identification:_identify(joon_path_generate/src/temp) by extension 'cmake'
[2.484s] Level 1:colcon.colcon_core.package_identification:_identify(joon_path_generate/src/temp) by extension 'python'
[2.484s] Level 1:colcon.colcon_core.package_identification:_identify(joon_path_generate/src/temp) by extensions ['python_setup_py']
[2.484s] Level 1:colcon.colcon_core.package_identification:_identify(joon_path_generate/src/temp) by extension 'python_setup_py'
[2.485s] Level 1:colcon.colcon_core.package_identification:_identify(launch) by extensions ['ignore', 'ignore_ament_install']
[2.485s] Level 1:colcon.colcon_core.package_identification:_identify(launch) by extension 'ignore'
[2.485s] Level 1:colcon.colcon_core.package_identification:_identify(launch) by extension 'ignore_ament_install'
[2.486s] Level 1:colcon.colcon_core.package_identification:_identify(launch) by extensions ['colcon_pkg']
[2.486s] Level 1:colcon.colcon_core.package_identification:_identify(launch) by extension 'colcon_pkg'
[2.486s] Level 1:colcon.colcon_core.package_identification:_identify(launch) by extensions ['colcon_meta']
[2.487s] Level 1:colcon.colcon_core.package_identification:_identify(launch) by extension 'colcon_meta'
[2.487s] Level 1:colcon.colcon_core.package_identification:_identify(launch) by extensions ['ros']
[2.487s] Level 1:colcon.colcon_core.package_identification:_identify(launch) by extension 'ros'
[2.488s] Level 1:colcon.colcon_core.package_identification:_identify(launch) by extensions ['cmake', 'python']
[2.488s] Level 1:colcon.colcon_core.package_identification:_identify(launch) by extension 'cmake'
[2.488s] Level 1:colcon.colcon_core.package_identification:_identify(launch) by extension 'python'
[2.488s] Level 1:colcon.colcon_core.package_identification:_identify(launch) by extensions ['python_setup_py']
[2.489s] Level 1:colcon.colcon_core.package_identification:_identify(launch) by extension 'python_setup_py'
[2.489s] Level 1:colcon.colcon_core.package_identification:_identify(launch/__pycache__) by extensions ['ignore', 'ignore_ament_install']
[2.490s] Level 1:colcon.colcon_core.package_identification:_identify(launch/__pycache__) by extension 'ignore'
[2.490s] Level 1:colcon.colcon_core.package_identification:_identify(launch/__pycache__) by extension 'ignore_ament_install'
[2.490s] Level 1:colcon.colcon_core.package_identification:_identify(launch/__pycache__) by extensions ['colcon_pkg']
[2.490s] Level 1:colcon.colcon_core.package_identification:_identify(launch/__pycache__) by extension 'colcon_pkg'
[2.491s] Level 1:colcon.colcon_core.package_identification:_identify(launch/__pycache__) by extensions ['colcon_meta']
[2.491s] Level 1:colcon.colcon_core.package_identification:_identify(launch/__pycache__) by extension 'colcon_meta'
[2.491s] Level 1:colcon.colcon_core.package_identification:_identify(launch/__pycache__) by extensions ['ros']
[2.491s] Level 1:colcon.colcon_core.package_identification:_identify(launch/__pycache__) by extension 'ros'
[2.492s] Level 1:colcon.colcon_core.package_identification:_identify(launch/__pycache__) by extensions ['cmake', 'python']
[2.492s] Level 1:colcon.colcon_core.package_identification:_identify(launch/__pycache__) by extension 'cmake'
[2.492s] Level 1:colcon.colcon_core.package_identification:_identify(launch/__pycache__) by extension 'python'
[2.493s] Level 1:colcon.colcon_core.package_identification:_identify(launch/__pycache__) by extensions ['python_setup_py']
[2.493s] Level 1:colcon.colcon_core.package_identification:_identify(launch/__pycache__) by extension 'python_setup_py'
[2.493s] Level 1:colcon.colcon_core.package_identification:_identify(localization_logs) by extensions ['ignore', 'ignore_ament_install']
[2.494s] Level 1:colcon.colcon_core.package_identification:_identify(localization_logs) by extension 'ignore'
[2.494s] Level 1:colcon.colcon_core.package_identification:_identify(localization_logs) by extension 'ignore_ament_install'
[2.494s] Level 1:colcon.colcon_core.package_identification:_identify(localization_logs) by extensions ['colcon_pkg']
[2.495s] Level 1:colcon.colcon_core.package_identification:_identify(localization_logs) by extension 'colcon_pkg'
[2.495s] Level 1:colcon.colcon_core.package_identification:_identify(localization_logs) by extensions ['colcon_meta']
[2.495s] Level 1:colcon.colcon_core.package_identification:_identify(localization_logs) by extension 'colcon_meta'
[2.495s] Level 1:colcon.colcon_core.package_identification:_identify(localization_logs) by extensions ['ros']
[2.495s] Level 1:colcon.colcon_core.package_identification:_identify(localization_logs) by extension 'ros'
[2.496s] Level 1:colcon.colcon_core.package_identification:_identify(localization_logs) by extensions ['cmake', 'python']
[2.496s] Level 1:colcon.colcon_core.package_identification:_identify(localization_logs) by extension 'cmake'
[2.496s] Level 1:colcon.colcon_core.package_identification:_identify(localization_logs) by extension 'python'
[2.497s] Level 1:colcon.colcon_core.package_identification:_identify(localization_logs) by extensions ['python_setup_py']
[2.497s] Level 1:colcon.colcon_core.package_identification:_identify(localization_logs) by extension 'python_setup_py'
[2.498s] Level 1:colcon.colcon_core.package_identification:_identify(log) by extensions ['ignore', 'ignore_ament_install']
[2.498s] Level 1:colcon.colcon_core.package_identification:_identify(log) by extension 'ignore'
[2.499s] Level 1:colcon.colcon_core.package_identification:_identify(log) ignored
[2.499s] Level 1:colcon.colcon_core.package_identification:_identify(map_topic_data) by extensions ['ignore', 'ignore_ament_install']
[2.499s] Level 1:colcon.colcon_core.package_identification:_identify(map_topic_data) by extension 'ignore'
[2.500s] Level 1:colcon.colcon_core.package_identification:_identify(map_topic_data) by extension 'ignore_ament_install'
[2.500s] Level 1:colcon.colcon_core.package_identification:_identify(map_topic_data) by extensions ['colcon_pkg']
[2.500s] Level 1:colcon.colcon_core.package_identification:_identify(map_topic_data) by extension 'colcon_pkg'
[2.501s] Level 1:colcon.colcon_core.package_identification:_identify(map_topic_data) by extensions ['colcon_meta']
[2.501s] Level 1:colcon.colcon_core.package_identification:_identify(map_topic_data) by extension 'colcon_meta'
[2.501s] Level 1:colcon.colcon_core.package_identification:_identify(map_topic_data) by extensions ['ros']
[2.501s] Level 1:colcon.colcon_core.package_identification:_identify(map_topic_data) by extension 'ros'
[2.502s] Level 1:colcon.colcon_core.package_identification:_identify(map_topic_data) by extensions ['cmake', 'python']
[2.502s] Level 1:colcon.colcon_core.package_identification:_identify(map_topic_data) by extension 'cmake'
[2.502s] Level 1:colcon.colcon_core.package_identification:_identify(map_topic_data) by extension 'python'
[2.502s] Level 1:colcon.colcon_core.package_identification:_identify(map_topic_data) by extensions ['python_setup_py']
[2.503s] Level 1:colcon.colcon_core.package_identification:_identify(map_topic_data) by extension 'python_setup_py'
[2.503s] Level 1:colcon.colcon_core.package_identification:_identify(path_generate) by extensions ['ignore', 'ignore_ament_install']
[2.504s] Level 1:colcon.colcon_core.package_identification:_identify(path_generate) by extension 'ignore'
[2.504s] Level 1:colcon.colcon_core.package_identification:_identify(path_generate) by extension 'ignore_ament_install'
[2.504s] Level 1:colcon.colcon_core.package_identification:_identify(path_generate) by extensions ['colcon_pkg']
[2.505s] Level 1:colcon.colcon_core.package_identification:_identify(path_generate) by extension 'colcon_pkg'
[2.505s] Level 1:colcon.colcon_core.package_identification:_identify(path_generate) by extensions ['colcon_meta']
[2.505s] Level 1:colcon.colcon_core.package_identification:_identify(path_generate) by extension 'colcon_meta'
[2.505s] Level 1:colcon.colcon_core.package_identification:_identify(path_generate) by extensions ['ros']
[2.505s] Level 1:colcon.colcon_core.package_identification:_identify(path_generate) by extension 'ros'
[2.506s] Level 1:colcon.colcon_core.package_identification:_identify(path_generate) by extensions ['cmake', 'python']
[2.506s] Level 1:colcon.colcon_core.package_identification:_identify(path_generate) by extension 'cmake'
[2.507s] Level 1:colcon.colcon_core.package_identification:_identify(path_generate) by extension 'python'
[2.507s] Level 1:colcon.colcon_core.package_identification:_identify(path_generate) by extensions ['python_setup_py']
[2.507s] Level 1:colcon.colcon_core.package_identification:_identify(path_generate) by extension 'python_setup_py'
[2.508s] Level 1:colcon.colcon_core.package_identification:_identify(path_generate/center-line-fitting) by extensions ['ignore', 'ignore_ament_install']
[2.508s] Level 1:colcon.colcon_core.package_identification:_identify(path_generate/center-line-fitting) by extension 'ignore'
[2.508s] Level 1:colcon.colcon_core.package_identification:_identify(path_generate/center-line-fitting) by extension 'ignore_ament_install'
[2.509s] Level 1:colcon.colcon_core.package_identification:_identify(path_generate/center-line-fitting) by extensions ['colcon_pkg']
[2.509s] Level 1:colcon.colcon_core.package_identification:_identify(path_generate/center-line-fitting) by extension 'colcon_pkg'
[2.509s] Level 1:colcon.colcon_core.package_identification:_identify(path_generate/center-line-fitting) by extensions ['colcon_meta']
[2.509s] Level 1:colcon.colcon_core.package_identification:_identify(path_generate/center-line-fitting) by extension 'colcon_meta'
[2.510s] Level 1:colcon.colcon_core.package_identification:_identify(path_generate/center-line-fitting) by extensions ['ros']
[2.510s] Level 1:colcon.colcon_core.package_identification:_identify(path_generate/center-line-fitting) by extension 'ros'
[2.511s] Level 1:colcon.colcon_core.package_identification:_identify(path_generate/center-line-fitting) by extensions ['cmake', 'python']
[2.511s] Level 1:colcon.colcon_core.package_identification:_identify(path_generate/center-line-fitting) by extension 'cmake'
[2.511s] Level 1:colcon.colcon_core.package_identification:_identify(path_generate/center-line-fitting) by extension 'python'
[2.511s] Level 1:colcon.colcon_core.package_identification:_identify(path_generate/center-line-fitting) by extensions ['python_setup_py']
[2.511s] Level 1:colcon.colcon_core.package_identification:_identify(path_generate/center-line-fitting) by extension 'python_setup_py'
[2.512s] Level 1:colcon.colcon_core.package_identification:_identify(path_generate/center-line-fitting/src) by extensions ['ignore', 'ignore_ament_install']
[2.513s] Level 1:colcon.colcon_core.package_identification:_identify(path_generate/center-line-fitting/src) by extension 'ignore'
[2.513s] Level 1:colcon.colcon_core.package_identification:_identify(path_generate/center-line-fitting/src) by extension 'ignore_ament_install'
[2.513s] Level 1:colcon.colcon_core.package_identification:_identify(path_generate/center-line-fitting/src) by extensions ['colcon_pkg']
[2.513s] Level 1:colcon.colcon_core.package_identification:_identify(path_generate/center-line-fitting/src) by extension 'colcon_pkg'
[2.514s] Level 1:colcon.colcon_core.package_identification:_identify(path_generate/center-line-fitting/src) by extensions ['colcon_meta']
[2.514s] Level 1:colcon.colcon_core.package_identification:_identify(path_generate/center-line-fitting/src) by extension 'colcon_meta'
[2.514s] Level 1:colcon.colcon_core.package_identification:_identify(path_generate/center-line-fitting/src) by extensions ['ros']
[2.514s] Level 1:colcon.colcon_core.package_identification:_identify(path_generate/center-line-fitting/src) by extension 'ros'
[2.515s] Level 1:colcon.colcon_core.package_identification:_identify(path_generate/center-line-fitting/src) by extensions ['cmake', 'python']
[2.515s] Level 1:colcon.colcon_core.package_identification:_identify(path_generate/center-line-fitting/src) by extension 'cmake'
[2.515s] Level 1:colcon.colcon_core.package_identification:_identify(path_generate/center-line-fitting/src) by extension 'python'
[2.516s] Level 1:colcon.colcon_core.package_identification:_identify(path_generate/center-line-fitting/src) by extensions ['python_setup_py']
[2.516s] Level 1:colcon.colcon_core.package_identification:_identify(path_generate/center-line-fitting/src) by extension 'python_setup_py'
[2.517s] Level 1:colcon.colcon_core.package_identification:_identify(path_generate/center-line-fitting/src/__pycache__) by extensions ['ignore', 'ignore_ament_install']
[2.517s] Level 1:colcon.colcon_core.package_identification:_identify(path_generate/center-line-fitting/src/__pycache__) by extension 'ignore'
[2.517s] Level 1:colcon.colcon_core.package_identification:_identify(path_generate/center-line-fitting/src/__pycache__) by extension 'ignore_ament_install'
[2.518s] Level 1:colcon.colcon_core.package_identification:_identify(path_generate/center-line-fitting/src/__pycache__) by extensions ['colcon_pkg']
[2.518s] Level 1:colcon.colcon_core.package_identification:_identify(path_generate/center-line-fitting/src/__pycache__) by extension 'colcon_pkg'
[2.518s] Level 1:colcon.colcon_core.package_identification:_identify(path_generate/center-line-fitting/src/__pycache__) by extensions ['colcon_meta']
[2.518s] Level 1:colcon.colcon_core.package_identification:_identify(path_generate/center-line-fitting/src/__pycache__) by extension 'colcon_meta'
[2.519s] Level 1:colcon.colcon_core.package_identification:_identify(path_generate/center-line-fitting/src/__pycache__) by extensions ['ros']
[2.519s] Level 1:colcon.colcon_core.package_identification:_identify(path_generate/center-line-fitting/src/__pycache__) by extension 'ros'
[2.520s] Level 1:colcon.colcon_core.package_identification:_identify(path_generate/center-line-fitting/src/__pycache__) by extensions ['cmake', 'python']
[2.520s] Level 1:colcon.colcon_core.package_identification:_identify(path_generate/center-line-fitting/src/__pycache__) by extension 'cmake'
[2.520s] Level 1:colcon.colcon_core.package_identification:_identify(path_generate/center-line-fitting/src/__pycache__) by extension 'python'
[2.520s] Level 1:colcon.colcon_core.package_identification:_identify(path_generate/center-line-fitting/src/__pycache__) by extensions ['python_setup_py']
[2.521s] Level 1:colcon.colcon_core.package_identification:_identify(path_generate/center-line-fitting/src/__pycache__) by extension 'python_setup_py'
[2.521s] Level 1:colcon.colcon_core.package_identification:_identify(path_generate/global_racetrajectory_optimization) by extensions ['ignore', 'ignore_ament_install']
[2.522s] Level 1:colcon.colcon_core.package_identification:_identify(path_generate/global_racetrajectory_optimization) by extension 'ignore'
[2.522s] Level 1:colcon.colcon_core.package_identification:_identify(path_generate/global_racetrajectory_optimization) by extension 'ignore_ament_install'
[2.522s] Level 1:colcon.colcon_core.package_identification:_identify(path_generate/global_racetrajectory_optimization) by extensions ['colcon_pkg']
[2.523s] Level 1:colcon.colcon_core.package_identification:_identify(path_generate/global_racetrajectory_optimization) by extension 'colcon_pkg'
[2.523s] Level 1:colcon.colcon_core.package_identification:_identify(path_generate/global_racetrajectory_optimization) by extensions ['colcon_meta']
[2.523s] Level 1:colcon.colcon_core.package_identification:_identify(path_generate/global_racetrajectory_optimization) by extension 'colcon_meta'
[2.523s] Level 1:colcon.colcon_core.package_identification:_identify(path_generate/global_racetrajectory_optimization) by extensions ['ros']
[2.524s] Level 1:colcon.colcon_core.package_identification:_identify(path_generate/global_racetrajectory_optimization) by extension 'ros'
[2.524s] Level 1:colcon.colcon_core.package_identification:_identify(path_generate/global_racetrajectory_optimization) by extensions ['cmake', 'python']
[2.524s] Level 1:colcon.colcon_core.package_identification:_identify(path_generate/global_racetrajectory_optimization) by extension 'cmake'
[2.525s] Level 1:colcon.colcon_core.package_identification:_identify(path_generate/global_racetrajectory_optimization) by extension 'python'
[2.525s] Level 1:colcon.colcon_core.package_identification:_identify(path_generate/global_racetrajectory_optimization) by extensions ['python_setup_py']
[2.525s] Level 1:colcon.colcon_core.package_identification:_identify(path_generate/global_racetrajectory_optimization) by extension 'python_setup_py'
[2.526s] Level 1:colcon.colcon_core.package_identification:_identify(path_generate/global_racetrajectory_optimization/frictionmap) by extensions ['ignore', 'ignore_ament_install']
[2.526s] Level 1:colcon.colcon_core.package_identification:_identify(path_generate/global_racetrajectory_optimization/frictionmap) by extension 'ignore'
[2.527s] Level 1:colcon.colcon_core.package_identification:_identify(path_generate/global_racetrajectory_optimization/frictionmap) by extension 'ignore_ament_install'
[2.527s] Level 1:colcon.colcon_core.package_identification:_identify(path_generate/global_racetrajectory_optimization/frictionmap) by extensions ['colcon_pkg']
[2.527s] Level 1:colcon.colcon_core.package_identification:_identify(path_generate/global_racetrajectory_optimization/frictionmap) by extension 'colcon_pkg'
[2.527s] Level 1:colcon.colcon_core.package_identification:_identify(path_generate/global_racetrajectory_optimization/frictionmap) by extensions ['colcon_meta']
[2.528s] Level 1:colcon.colcon_core.package_identification:_identify(path_generate/global_racetrajectory_optimization/frictionmap) by extension 'colcon_meta'
[2.528s] Level 1:colcon.colcon_core.package_identification:_identify(path_generate/global_racetrajectory_optimization/frictionmap) by extensions ['ros']
[2.528s] Level 1:colcon.colcon_core.package_identification:_identify(path_generate/global_racetrajectory_optimization/frictionmap) by extension 'ros'
[2.529s] Level 1:colcon.colcon_core.package_identification:_identify(path_generate/global_racetrajectory_optimization/frictionmap) by extensions ['cmake', 'python']
[2.529s] Level 1:colcon.colcon_core.package_identification:_identify(path_generate/global_racetrajectory_optimization/frictionmap) by extension 'cmake'
[2.529s] Level 1:colcon.colcon_core.package_identification:_identify(path_generate/global_racetrajectory_optimization/frictionmap) by extension 'python'
[2.529s] Level 1:colcon.colcon_core.package_identification:_identify(path_generate/global_racetrajectory_optimization/frictionmap) by extensions ['python_setup_py']
[2.530s] Level 1:colcon.colcon_core.package_identification:_identify(path_generate/global_racetrajectory_optimization/frictionmap) by extension 'python_setup_py'
[2.531s] Level 1:colcon.colcon_core.package_identification:_identify(path_generate/global_racetrajectory_optimization/frictionmap/src) by extensions ['ignore', 'ignore_ament_install']
[2.531s] Level 1:colcon.colcon_core.package_identification:_identify(path_generate/global_racetrajectory_optimization/frictionmap/src) by extension 'ignore'
[2.532s] Level 1:colcon.colcon_core.package_identification:_identify(path_generate/global_racetrajectory_optimization/frictionmap/src) by extension 'ignore_ament_install'
[2.532s] Level 1:colcon.colcon_core.package_identification:_identify(path_generate/global_racetrajectory_optimization/frictionmap/src) by extensions ['colcon_pkg']
[2.532s] Level 1:colcon.colcon_core.package_identification:_identify(path_generate/global_racetrajectory_optimization/frictionmap/src) by extension 'colcon_pkg'
[2.532s] Level 1:colcon.colcon_core.package_identification:_identify(path_generate/global_racetrajectory_optimization/frictionmap/src) by extensions ['colcon_meta']
[2.533s] Level 1:colcon.colcon_core.package_identification:_identify(path_generate/global_racetrajectory_optimization/frictionmap/src) by extension 'colcon_meta'
[2.533s] Level 1:colcon.colcon_core.package_identification:_identify(path_generate/global_racetrajectory_optimization/frictionmap/src) by extensions ['ros']
[2.533s] Level 1:colcon.colcon_core.package_identification:_identify(path_generate/global_racetrajectory_optimization/frictionmap/src) by extension 'ros'
[2.534s] Level 1:colcon.colcon_core.package_identification:_identify(path_generate/global_racetrajectory_optimization/frictionmap/src) by extensions ['cmake', 'python']
[2.534s] Level 1:colcon.colcon_core.package_identification:_identify(path_generate/global_racetrajectory_optimization/frictionmap/src) by extension 'cmake'
[2.534s] Level 1:colcon.colcon_core.package_identification:_identify(path_generate/global_racetrajectory_optimization/frictionmap/src) by extension 'python'
[2.535s] Level 1:colcon.colcon_core.package_identification:_identify(path_generate/global_racetrajectory_optimization/frictionmap/src) by extensions ['python_setup_py']
[2.535s] Level 1:colcon.colcon_core.package_identification:_identify(path_generate/global_racetrajectory_optimization/frictionmap/src) by extension 'python_setup_py'
[2.536s] Level 1:colcon.colcon_core.package_identification:_identify(path_generate/global_racetrajectory_optimization/helper_funcs_glob) by extensions ['ignore', 'ignore_ament_install']
[2.536s] Level 1:colcon.colcon_core.package_identification:_identify(path_generate/global_racetrajectory_optimization/helper_funcs_glob) by extension 'ignore'
[2.536s] Level 1:colcon.colcon_core.package_identification:_identify(path_generate/global_racetrajectory_optimization/helper_funcs_glob) by extension 'ignore_ament_install'
[2.537s] Level 1:colcon.colcon_core.package_identification:_identify(path_generate/global_racetrajectory_optimization/helper_funcs_glob) by extensions ['colcon_pkg']
[2.537s] Level 1:colcon.colcon_core.package_identification:_identify(path_generate/global_racetrajectory_optimization/helper_funcs_glob) by extension 'colcon_pkg'
[2.537s] Level 1:colcon.colcon_core.package_identification:_identify(path_generate/global_racetrajectory_optimization/helper_funcs_glob) by extensions ['colcon_meta']
[2.537s] Level 1:colcon.colcon_core.package_identification:_identify(path_generate/global_racetrajectory_optimization/helper_funcs_glob) by extension 'colcon_meta'
[2.538s] Level 1:colcon.colcon_core.package_identification:_identify(path_generate/global_racetrajectory_optimization/helper_funcs_glob) by extensions ['ros']
[2.538s] Level 1:colcon.colcon_core.package_identification:_identify(path_generate/global_racetrajectory_optimization/helper_funcs_glob) by extension 'ros'
[2.539s] Level 1:colcon.colcon_core.package_identification:_identify(path_generate/global_racetrajectory_optimization/helper_funcs_glob) by extensions ['cmake', 'python']
[2.539s] Level 1:colcon.colcon_core.package_identification:_identify(path_generate/global_racetrajectory_optimization/helper_funcs_glob) by extension 'cmake'
[2.539s] Level 1:colcon.colcon_core.package_identification:_identify(path_generate/global_racetrajectory_optimization/helper_funcs_glob) by extension 'python'
[2.539s] Level 1:colcon.colcon_core.package_identification:_identify(path_generate/global_racetrajectory_optimization/helper_funcs_glob) by extensions ['python_setup_py']
[2.539s] Level 1:colcon.colcon_core.package_identification:_identify(path_generate/global_racetrajectory_optimization/helper_funcs_glob) by extension 'python_setup_py'
[2.540s] Level 1:colcon.colcon_core.package_identification:_identify(path_generate/global_racetrajectory_optimization/helper_funcs_glob/src) by extensions ['ignore', 'ignore_ament_install']
[2.541s] Level 1:colcon.colcon_core.package_identification:_identify(path_generate/global_racetrajectory_optimization/helper_funcs_glob/src) by extension 'ignore'
[2.541s] Level 1:colcon.colcon_core.package_identification:_identify(path_generate/global_racetrajectory_optimization/helper_funcs_glob/src) by extension 'ignore_ament_install'
[2.541s] Level 1:colcon.colcon_core.package_identification:_identify(path_generate/global_racetrajectory_optimization/helper_funcs_glob/src) by extensions ['colcon_pkg']
[2.542s] Level 1:colcon.colcon_core.package_identification:_identify(path_generate/global_racetrajectory_optimization/helper_funcs_glob/src) by extension 'colcon_pkg'
[2.542s] Level 1:colcon.colcon_core.package_identification:_identify(path_generate/global_racetrajectory_optimization/helper_funcs_glob/src) by extensions ['colcon_meta']
[2.542s] Level 1:colcon.colcon_core.package_identification:_identify(path_generate/global_racetrajectory_optimization/helper_funcs_glob/src) by extension 'colcon_meta'
[2.543s] Level 1:colcon.colcon_core.package_identification:_identify(path_generate/global_racetrajectory_optimization/helper_funcs_glob/src) by extensions ['ros']
[2.543s] Level 1:colcon.colcon_core.package_identification:_identify(path_generate/global_racetrajectory_optimization/helper_funcs_glob/src) by extension 'ros'
[2.543s] Level 1:colcon.colcon_core.package_identification:_identify(path_generate/global_racetrajectory_optimization/helper_funcs_glob/src) by extensions ['cmake', 'python']
[2.543s] Level 1:colcon.colcon_core.package_identification:_identify(path_generate/global_racetrajectory_optimization/helper_funcs_glob/src) by extension 'cmake'
[2.544s] Level 1:colcon.colcon_core.package_identification:_identify(path_generate/global_racetrajectory_optimization/helper_funcs_glob/src) by extension 'python'
[2.544s] Level 1:colcon.colcon_core.package_identification:_identify(path_generate/global_racetrajectory_optimization/helper_funcs_glob/src) by extensions ['python_setup_py']
[2.544s] Level 1:colcon.colcon_core.package_identification:_identify(path_generate/global_racetrajectory_optimization/helper_funcs_glob/src) by extension 'python_setup_py'
[2.545s] Level 1:colcon.colcon_core.package_identification:_identify(path_generate/global_racetrajectory_optimization/inputs) by extensions ['ignore', 'ignore_ament_install']
[2.545s] Level 1:colcon.colcon_core.package_identification:_identify(path_generate/global_racetrajectory_optimization/inputs) by extension 'ignore'
[2.546s] Level 1:colcon.colcon_core.package_identification:_identify(path_generate/global_racetrajectory_optimization/inputs) by extension 'ignore_ament_install'
[2.546s] Level 1:colcon.colcon_core.package_identification:_identify(path_generate/global_racetrajectory_optimization/inputs) by extensions ['colcon_pkg']
[2.546s] Level 1:colcon.colcon_core.package_identification:_identify(path_generate/global_racetrajectory_optimization/inputs) by extension 'colcon_pkg'
[2.546s] Level 1:colcon.colcon_core.package_identification:_identify(path_generate/global_racetrajectory_optimization/inputs) by extensions ['colcon_meta']
[2.547s] Level 1:colcon.colcon_core.package_identification:_identify(path_generate/global_racetrajectory_optimization/inputs) by extension 'colcon_meta'
[2.547s] Level 1:colcon.colcon_core.package_identification:_identify(path_generate/global_racetrajectory_optimization/inputs) by extensions ['ros']
[2.547s] Level 1:colcon.colcon_core.package_identification:_identify(path_generate/global_racetrajectory_optimization/inputs) by extension 'ros'
[2.548s] Level 1:colcon.colcon_core.package_identification:_identify(path_generate/global_racetrajectory_optimization/inputs) by extensions ['cmake', 'python']
[2.548s] Level 1:colcon.colcon_core.package_identification:_identify(path_generate/global_racetrajectory_optimization/inputs) by extension 'cmake'
[2.548s] Level 1:colcon.colcon_core.package_identification:_identify(path_generate/global_racetrajectory_optimization/inputs) by extension 'python'
[2.548s] Level 1:colcon.colcon_core.package_identification:_identify(path_generate/global_racetrajectory_optimization/inputs) by extensions ['python_setup_py']
[2.549s] Level 1:colcon.colcon_core.package_identification:_identify(path_generate/global_racetrajectory_optimization/inputs) by extension 'python_setup_py'
[2.549s] Level 1:colcon.colcon_core.package_identification:_identify(path_generate/global_racetrajectory_optimization/inputs/frictionmaps) by extensions ['ignore', 'ignore_ament_install']
[2.550s] Level 1:colcon.colcon_core.package_identification:_identify(path_generate/global_racetrajectory_optimization/inputs/frictionmaps) by extension 'ignore'
[2.550s] Level 1:colcon.colcon_core.package_identification:_identify(path_generate/global_racetrajectory_optimization/inputs/frictionmaps) by extension 'ignore_ament_install'
[2.551s] Level 1:colcon.colcon_core.package_identification:_identify(path_generate/global_racetrajectory_optimization/inputs/frictionmaps) by extensions ['colcon_pkg']
[2.551s] Level 1:colcon.colcon_core.package_identification:_identify(path_generate/global_racetrajectory_optimization/inputs/frictionmaps) by extension 'colcon_pkg'
[2.551s] Level 1:colcon.colcon_core.package_identification:_identify(path_generate/global_racetrajectory_optimization/inputs/frictionmaps) by extensions ['colcon_meta']
[2.551s] Level 1:colcon.colcon_core.package_identification:_identify(path_generate/global_racetrajectory_optimization/inputs/frictionmaps) by extension 'colcon_meta'
[2.552s] Level 1:colcon.colcon_core.package_identification:_identify(path_generate/global_racetrajectory_optimization/inputs/frictionmaps) by extensions ['ros']
[2.552s] Level 1:colcon.colcon_core.package_identification:_identify(path_generate/global_racetrajectory_optimization/inputs/frictionmaps) by extension 'ros'
[2.552s] Level 1:colcon.colcon_core.package_identification:_identify(path_generate/global_racetrajectory_optimization/inputs/frictionmaps) by extensions ['cmake', 'python']
[2.553s] Level 1:colcon.colcon_core.package_identification:_identify(path_generate/global_racetrajectory_optimization/inputs/frictionmaps) by extension 'cmake'
[2.553s] Level 1:colcon.colcon_core.package_identification:_identify(path_generate/global_racetrajectory_optimization/inputs/frictionmaps) by extension 'python'
[2.553s] Level 1:colcon.colcon_core.package_identification:_identify(path_generate/global_racetrajectory_optimization/inputs/frictionmaps) by extensions ['python_setup_py']
[2.553s] Level 1:colcon.colcon_core.package_identification:_identify(path_generate/global_racetrajectory_optimization/inputs/frictionmaps) by extension 'python_setup_py'
[2.554s] Level 1:colcon.colcon_core.package_identification:_identify(path_generate/global_racetrajectory_optimization/inputs/tracks) by extensions ['ignore', 'ignore_ament_install']
[2.555s] Level 1:colcon.colcon_core.package_identification:_identify(path_generate/global_racetrajectory_optimization/inputs/tracks) by extension 'ignore'
[2.555s] Level 1:colcon.colcon_core.package_identification:_identify(path_generate/global_racetrajectory_optimization/inputs/tracks) by extension 'ignore_ament_install'
[2.555s] Level 1:colcon.colcon_core.package_identification:_identify(path_generate/global_racetrajectory_optimization/inputs/tracks) by extensions ['colcon_pkg']
[2.555s] Level 1:colcon.colcon_core.package_identification:_identify(path_generate/global_racetrajectory_optimization/inputs/tracks) by extension 'colcon_pkg'
[2.556s] Level 1:colcon.colcon_core.package_identification:_identify(path_generate/global_racetrajectory_optimization/inputs/tracks) by extensions ['colcon_meta']
[2.556s] Level 1:colcon.colcon_core.package_identification:_identify(path_generate/global_racetrajectory_optimization/inputs/tracks) by extension 'colcon_meta'
[2.556s] Level 1:colcon.colcon_core.package_identification:_identify(path_generate/global_racetrajectory_optimization/inputs/tracks) by extensions ['ros']
[2.556s] Level 1:colcon.colcon_core.package_identification:_identify(path_generate/global_racetrajectory_optimization/inputs/tracks) by extension 'ros'
[2.557s] Level 1:colcon.colcon_core.package_identification:_identify(path_generate/global_racetrajectory_optimization/inputs/tracks) by extensions ['cmake', 'python']
[2.557s] Level 1:colcon.colcon_core.package_identification:_identify(path_generate/global_racetrajectory_optimization/inputs/tracks) by extension 'cmake'
[2.557s] Level 1:colcon.colcon_core.package_identification:_identify(path_generate/global_racetrajectory_optimization/inputs/tracks) by extension 'python'
[2.558s] Level 1:colcon.colcon_core.package_identification:_identify(path_generate/global_racetrajectory_optimization/inputs/tracks) by extensions ['python_setup_py']
[2.558s] Level 1:colcon.colcon_core.package_identification:_identify(path_generate/global_racetrajectory_optimization/inputs/tracks) by extension 'python_setup_py'
[2.559s] Level 1:colcon.colcon_core.package_identification:_identify(path_generate/global_racetrajectory_optimization/inputs/veh_dyn_info) by extensions ['ignore', 'ignore_ament_install']
[2.559s] Level 1:colcon.colcon_core.package_identification:_identify(path_generate/global_racetrajectory_optimization/inputs/veh_dyn_info) by extension 'ignore'
[2.559s] Level 1:colcon.colcon_core.package_identification:_identify(path_generate/global_racetrajectory_optimization/inputs/veh_dyn_info) by extension 'ignore_ament_install'
[2.560s] Level 1:colcon.colcon_core.package_identification:_identify(path_generate/global_racetrajectory_optimization/inputs/veh_dyn_info) by extensions ['colcon_pkg']
[2.560s] Level 1:colcon.colcon_core.package_identification:_identify(path_generate/global_racetrajectory_optimization/inputs/veh_dyn_info) by extension 'colcon_pkg'
[2.560s] Level 1:colcon.colcon_core.package_identification:_identify(path_generate/global_racetrajectory_optimization/inputs/veh_dyn_info) by extensions ['colcon_meta']
[2.560s] Level 1:colcon.colcon_core.package_identification:_identify(path_generate/global_racetrajectory_optimization/inputs/veh_dyn_info) by extension 'colcon_meta'
[2.560s] Level 1:colcon.colcon_core.package_identification:_identify(path_generate/global_racetrajectory_optimization/inputs/veh_dyn_info) by extensions ['ros']
[2.561s] Level 1:colcon.colcon_core.package_identification:_identify(path_generate/global_racetrajectory_optimization/inputs/veh_dyn_info) by extension 'ros'
[2.561s] Level 1:colcon.colcon_core.package_identification:_identify(path_generate/global_racetrajectory_optimization/inputs/veh_dyn_info) by extensions ['cmake', 'python']
[2.561s] Level 1:colcon.colcon_core.package_identification:_identify(path_generate/global_racetrajectory_optimization/inputs/veh_dyn_info) by extension 'cmake'
[2.562s] Level 1:colcon.colcon_core.package_identification:_identify(path_generate/global_racetrajectory_optimization/inputs/veh_dyn_info) by extension 'python'
[2.562s] Level 1:colcon.colcon_core.package_identification:_identify(path_generate/global_racetrajectory_optimization/inputs/veh_dyn_info) by extensions ['python_setup_py']
[2.562s] Level 1:colcon.colcon_core.package_identification:_identify(path_generate/global_racetrajectory_optimization/inputs/veh_dyn_info) by extension 'python_setup_py'
[2.563s] Level 1:colcon.colcon_core.package_identification:_identify(path_generate/global_racetrajectory_optimization/opt_mintime_traj) by extensions ['ignore', 'ignore_ament_install']
[2.563s] Level 1:colcon.colcon_core.package_identification:_identify(path_generate/global_racetrajectory_optimization/opt_mintime_traj) by extension 'ignore'
[2.563s] Level 1:colcon.colcon_core.package_identification:_identify(path_generate/global_racetrajectory_optimization/opt_mintime_traj) by extension 'ignore_ament_install'
[2.564s] Level 1:colcon.colcon_core.package_identification:_identify(path_generate/global_racetrajectory_optimization/opt_mintime_traj) by extensions ['colcon_pkg']
[2.564s] Level 1:colcon.colcon_core.package_identification:_identify(path_generate/global_racetrajectory_optimization/opt_mintime_traj) by extension 'colcon_pkg'
[2.564s] Level 1:colcon.colcon_core.package_identification:_identify(path_generate/global_racetrajectory_optimization/opt_mintime_traj) by extensions ['colcon_meta']
[2.564s] Level 1:colcon.colcon_core.package_identification:_identify(path_generate/global_racetrajectory_optimization/opt_mintime_traj) by extension 'colcon_meta'
[2.565s] Level 1:colcon.colcon_core.package_identification:_identify(path_generate/global_racetrajectory_optimization/opt_mintime_traj) by extensions ['ros']
[2.565s] Level 1:colcon.colcon_core.package_identification:_identify(path_generate/global_racetrajectory_optimization/opt_mintime_traj) by extension 'ros'
[2.565s] Level 1:colcon.colcon_core.package_identification:_identify(path_generate/global_racetrajectory_optimization/opt_mintime_traj) by extensions ['cmake', 'python']
[2.565s] Level 1:colcon.colcon_core.package_identification:_identify(path_generate/global_racetrajectory_optimization/opt_mintime_traj) by extension 'cmake'
[2.566s] Level 1:colcon.colcon_core.package_identification:_identify(path_generate/global_racetrajectory_optimization/opt_mintime_traj) by extension 'python'
[2.566s] Level 1:colcon.colcon_core.package_identification:_identify(path_generate/global_racetrajectory_optimization/opt_mintime_traj) by extensions ['python_setup_py']
[2.566s] Level 1:colcon.colcon_core.package_identification:_identify(path_generate/global_racetrajectory_optimization/opt_mintime_traj) by extension 'python_setup_py'
[2.567s] Level 1:colcon.colcon_core.package_identification:_identify(path_generate/global_racetrajectory_optimization/opt_mintime_traj/powertrain_src) by extensions ['ignore', 'ignore_ament_install']
[2.567s] Level 1:colcon.colcon_core.package_identification:_identify(path_generate/global_racetrajectory_optimization/opt_mintime_traj/powertrain_src) by extension 'ignore'
[2.567s] Level 1:colcon.colcon_core.package_identification:_identify(path_generate/global_racetrajectory_optimization/opt_mintime_traj/powertrain_src) by extension 'ignore_ament_install'
[2.568s] Level 1:colcon.colcon_core.package_identification:_identify(path_generate/global_racetrajectory_optimization/opt_mintime_traj/powertrain_src) by extensions ['colcon_pkg']
[2.568s] Level 1:colcon.colcon_core.package_identification:_identify(path_generate/global_racetrajectory_optimization/opt_mintime_traj/powertrain_src) by extension 'colcon_pkg'
[2.568s] Level 1:colcon.colcon_core.package_identification:_identify(path_generate/global_racetrajectory_optimization/opt_mintime_traj/powertrain_src) by extensions ['colcon_meta']
[2.568s] Level 1:colcon.colcon_core.package_identification:_identify(path_generate/global_racetrajectory_optimization/opt_mintime_traj/powertrain_src) by extension 'colcon_meta'
[2.569s] Level 1:colcon.colcon_core.package_identification:_identify(path_generate/global_racetrajectory_optimization/opt_mintime_traj/powertrain_src) by extensions ['ros']
[2.569s] Level 1:colcon.colcon_core.package_identification:_identify(path_generate/global_racetrajectory_optimization/opt_mintime_traj/powertrain_src) by extension 'ros'
[2.569s] Level 1:colcon.colcon_core.package_identification:_identify(path_generate/global_racetrajectory_optimization/opt_mintime_traj/powertrain_src) by extensions ['cmake', 'python']
[2.570s] Level 1:colcon.colcon_core.package_identification:_identify(path_generate/global_racetrajectory_optimization/opt_mintime_traj/powertrain_src) by extension 'cmake'
[2.570s] Level 1:colcon.colcon_core.package_identification:_identify(path_generate/global_racetrajectory_optimization/opt_mintime_traj/powertrain_src) by extension 'python'
[2.570s] Level 1:colcon.colcon_core.package_identification:_identify(path_generate/global_racetrajectory_optimization/opt_mintime_traj/powertrain_src) by extensions ['python_setup_py']
[2.570s] Level 1:colcon.colcon_core.package_identification:_identify(path_generate/global_racetrajectory_optimization/opt_mintime_traj/powertrain_src) by extension 'python_setup_py'
[2.571s] Level 1:colcon.colcon_core.package_identification:_identify(path_generate/global_racetrajectory_optimization/opt_mintime_traj/powertrain_src/src) by extensions ['ignore', 'ignore_ament_install']
[2.571s] Level 1:colcon.colcon_core.package_identification:_identify(path_generate/global_racetrajectory_optimization/opt_mintime_traj/powertrain_src/src) by extension 'ignore'
[2.572s] Level 1:colcon.colcon_core.package_identification:_identify(path_generate/global_racetrajectory_optimization/opt_mintime_traj/powertrain_src/src) by extension 'ignore_ament_install'
[2.572s] Level 1:colcon.colcon_core.package_identification:_identify(path_generate/global_racetrajectory_optimization/opt_mintime_traj/powertrain_src/src) by extensions ['colcon_pkg']
[2.572s] Level 1:colcon.colcon_core.package_identification:_identify(path_generate/global_racetrajectory_optimization/opt_mintime_traj/powertrain_src/src) by extension 'colcon_pkg'
[2.572s] Level 1:colcon.colcon_core.package_identification:_identify(path_generate/global_racetrajectory_optimization/opt_mintime_traj/powertrain_src/src) by extensions ['colcon_meta']
[2.573s] Level 1:colcon.colcon_core.package_identification:_identify(path_generate/global_racetrajectory_optimization/opt_mintime_traj/powertrain_src/src) by extension 'colcon_meta'
[2.573s] Level 1:colcon.colcon_core.package_identification:_identify(path_generate/global_racetrajectory_optimization/opt_mintime_traj/powertrain_src/src) by extensions ['ros']
[2.573s] Level 1:colcon.colcon_core.package_identification:_identify(path_generate/global_racetrajectory_optimization/opt_mintime_traj/powertrain_src/src) by extension 'ros'
[2.574s] Level 1:colcon.colcon_core.package_identification:_identify(path_generate/global_racetrajectory_optimization/opt_mintime_traj/powertrain_src/src) by extensions ['cmake', 'python']
[2.574s] Level 1:colcon.colcon_core.package_identification:_identify(path_generate/global_racetrajectory_optimization/opt_mintime_traj/powertrain_src/src) by extension 'cmake'
[2.574s] Level 1:colcon.colcon_core.package_identification:_identify(path_generate/global_racetrajectory_optimization/opt_mintime_traj/powertrain_src/src) by extension 'python'
[2.574s] Level 1:colcon.colcon_core.package_identification:_identify(path_generate/global_racetrajectory_optimization/opt_mintime_traj/powertrain_src/src) by extensions ['python_setup_py']
[2.575s] Level 1:colcon.colcon_core.package_identification:_identify(path_generate/global_racetrajectory_optimization/opt_mintime_traj/powertrain_src/src) by extension 'python_setup_py'
[2.575s] Level 1:colcon.colcon_core.package_identification:_identify(path_generate/global_racetrajectory_optimization/opt_mintime_traj/src) by extensions ['ignore', 'ignore_ament_install']
[2.576s] Level 1:colcon.colcon_core.package_identification:_identify(path_generate/global_racetrajectory_optimization/opt_mintime_traj/src) by extension 'ignore'
[2.576s] Level 1:colcon.colcon_core.package_identification:_identify(path_generate/global_racetrajectory_optimization/opt_mintime_traj/src) by extension 'ignore_ament_install'
[2.576s] Level 1:colcon.colcon_core.package_identification:_identify(path_generate/global_racetrajectory_optimization/opt_mintime_traj/src) by extensions ['colcon_pkg']
[2.576s] Level 1:colcon.colcon_core.package_identification:_identify(path_generate/global_racetrajectory_optimization/opt_mintime_traj/src) by extension 'colcon_pkg'
[2.577s] Level 1:colcon.colcon_core.package_identification:_identify(path_generate/global_racetrajectory_optimization/opt_mintime_traj/src) by extensions ['colcon_meta']
[2.577s] Level 1:colcon.colcon_core.package_identification:_identify(path_generate/global_racetrajectory_optimization/opt_mintime_traj/src) by extension 'colcon_meta'
[2.577s] Level 1:colcon.colcon_core.package_identification:_identify(path_generate/global_racetrajectory_optimization/opt_mintime_traj/src) by extensions ['ros']
[2.577s] Level 1:colcon.colcon_core.package_identification:_identify(path_generate/global_racetrajectory_optimization/opt_mintime_traj/src) by extension 'ros'
[2.578s] Level 1:colcon.colcon_core.package_identification:_identify(path_generate/global_racetrajectory_optimization/opt_mintime_traj/src) by extensions ['cmake', 'python']
[2.578s] Level 1:colcon.colcon_core.package_identification:_identify(path_generate/global_racetrajectory_optimization/opt_mintime_traj/src) by extension 'cmake'
[2.578s] Level 1:colcon.colcon_core.package_identification:_identify(path_generate/global_racetrajectory_optimization/opt_mintime_traj/src) by extension 'python'
[2.579s] Level 1:colcon.colcon_core.package_identification:_identify(path_generate/global_racetrajectory_optimization/opt_mintime_traj/src) by extensions ['python_setup_py']
[2.579s] Level 1:colcon.colcon_core.package_identification:_identify(path_generate/global_racetrajectory_optimization/opt_mintime_traj/src) by extension 'python_setup_py'
[2.579s] Level 1:colcon.colcon_core.package_identification:_identify(path_generate/global_racetrajectory_optimization/params) by extensions ['ignore', 'ignore_ament_install']
[2.580s] Level 1:colcon.colcon_core.package_identification:_identify(path_generate/global_racetrajectory_optimization/params) by extension 'ignore'
[2.580s] Level 1:colcon.colcon_core.package_identification:_identify(path_generate/global_racetrajectory_optimization/params) by extension 'ignore_ament_install'
[2.580s] Level 1:colcon.colcon_core.package_identification:_identify(path_generate/global_racetrajectory_optimization/params) by extensions ['colcon_pkg']
[2.580s] Level 1:colcon.colcon_core.package_identification:_identify(path_generate/global_racetrajectory_optimization/params) by extension 'colcon_pkg'
[2.581s] Level 1:colcon.colcon_core.package_identification:_identify(path_generate/global_racetrajectory_optimization/params) by extensions ['colcon_meta']
[2.581s] Level 1:colcon.colcon_core.package_identification:_identify(path_generate/global_racetrajectory_optimization/params) by extension 'colcon_meta'
[2.581s] Level 1:colcon.colcon_core.package_identification:_identify(path_generate/global_racetrajectory_optimization/params) by extensions ['ros']
[2.581s] Level 1:colcon.colcon_core.package_identification:_identify(path_generate/global_racetrajectory_optimization/params) by extension 'ros'
[2.582s] Level 1:colcon.colcon_core.package_identification:_identify(path_generate/global_racetrajectory_optimization/params) by extensions ['cmake', 'python']
[2.582s] Level 1:colcon.colcon_core.package_identification:_identify(path_generate/global_racetrajectory_optimization/params) by extension 'cmake'
[2.582s] Level 1:colcon.colcon_core.package_identification:_identify(path_generate/global_racetrajectory_optimization/params) by extension 'python'
[2.582s] Level 1:colcon.colcon_core.package_identification:_identify(path_generate/global_racetrajectory_optimization/params) by extensions ['python_setup_py']
[2.583s] Level 1:colcon.colcon_core.package_identification:_identify(path_generate/global_racetrajectory_optimization/params) by extension 'python_setup_py'
[2.583s] Level 1:colcon.colcon_core.package_identification:_identify(path_generate/steven_gong) by extensions ['ignore', 'ignore_ament_install']
[2.584s] Level 1:colcon.colcon_core.package_identification:_identify(path_generate/steven_gong) by extension 'ignore'
[2.584s] Level 1:colcon.colcon_core.package_identification:_identify(path_generate/steven_gong) by extension 'ignore_ament_install'
[2.584s] Level 1:colcon.colcon_core.package_identification:_identify(path_generate/steven_gong) by extensions ['colcon_pkg']
[2.584s] Level 1:colcon.colcon_core.package_identification:_identify(path_generate/steven_gong) by extension 'colcon_pkg'
[2.585s] Level 1:colcon.colcon_core.package_identification:_identify(path_generate/steven_gong) by extensions ['colcon_meta']
[2.585s] Level 1:colcon.colcon_core.package_identification:_identify(path_generate/steven_gong) by extension 'colcon_meta'
[2.585s] Level 1:colcon.colcon_core.package_identification:_identify(path_generate/steven_gong) by extensions ['ros']
[2.585s] Level 1:colcon.colcon_core.package_identification:_identify(path_generate/steven_gong) by extension 'ros'
[2.586s] Level 1:colcon.colcon_core.package_identification:_identify(path_generate/steven_gong) by extensions ['cmake', 'python']
[2.586s] Level 1:colcon.colcon_core.package_identification:_identify(path_generate/steven_gong) by extension 'cmake'
[2.586s] Level 1:colcon.colcon_core.package_identification:_identify(path_generate/steven_gong) by extension 'python'
[2.587s] Level 1:colcon.colcon_core.package_identification:_identify(path_generate/steven_gong) by extensions ['python_setup_py']
[2.587s] Level 1:colcon.colcon_core.package_identification:_identify(path_generate/steven_gong) by extension 'python_setup_py'
[2.588s] Level 1:colcon.colcon_core.package_identification:_identify(path_generate/steven_gong/Raceline-Optimization) by extensions ['ignore', 'ignore_ament_install']
[2.588s] Level 1:colcon.colcon_core.package_identification:_identify(path_generate/steven_gong/Raceline-Optimization) by extension 'ignore'
[2.588s] Level 1:colcon.colcon_core.package_identification:_identify(path_generate/steven_gong/Raceline-Optimization) by extension 'ignore_ament_install'
[2.589s] Level 1:colcon.colcon_core.package_identification:_identify(path_generate/steven_gong/Raceline-Optimization) by extensions ['colcon_pkg']
[2.589s] Level 1:colcon.colcon_core.package_identification:_identify(path_generate/steven_gong/Raceline-Optimization) by extension 'colcon_pkg'
[2.589s] Level 1:colcon.colcon_core.package_identification:_identify(path_generate/steven_gong/Raceline-Optimization) by extensions ['colcon_meta']
[2.589s] Level 1:colcon.colcon_core.package_identification:_identify(path_generate/steven_gong/Raceline-Optimization) by extension 'colcon_meta'
[2.590s] Level 1:colcon.colcon_core.package_identification:_identify(path_generate/steven_gong/Raceline-Optimization) by extensions ['ros']
[2.590s] Level 1:colcon.colcon_core.package_identification:_identify(path_generate/steven_gong/Raceline-Optimization) by extension 'ros'
[2.590s] Level 1:colcon.colcon_core.package_identification:_identify(path_generate/steven_gong/Raceline-Optimization) by extensions ['cmake', 'python']
[2.591s] Level 1:colcon.colcon_core.package_identification:_identify(path_generate/steven_gong/Raceline-Optimization) by extension 'cmake'
[2.591s] Level 1:colcon.colcon_core.package_identification:_identify(path_generate/steven_gong/Raceline-Optimization) by extension 'python'
[2.591s] Level 1:colcon.colcon_core.package_identification:_identify(path_generate/steven_gong/Raceline-Optimization) by extensions ['python_setup_py']
[2.591s] Level 1:colcon.colcon_core.package_identification:_identify(path_generate/steven_gong/Raceline-Optimization) by extension 'python_setup_py'
[2.592s] Level 1:colcon.colcon_core.package_identification:_identify(path_generate/steven_gong/Raceline-Optimization/frictionmap) by extensions ['ignore', 'ignore_ament_install']
[2.592s] Level 1:colcon.colcon_core.package_identification:_identify(path_generate/steven_gong/Raceline-Optimization/frictionmap) by extension 'ignore'
[2.593s] Level 1:colcon.colcon_core.package_identification:_identify(path_generate/steven_gong/Raceline-Optimization/frictionmap) by extension 'ignore_ament_install'
[2.593s] Level 1:colcon.colcon_core.package_identification:_identify(path_generate/steven_gong/Raceline-Optimization/frictionmap) by extensions ['colcon_pkg']
[2.593s] Level 1:colcon.colcon_core.package_identification:_identify(path_generate/steven_gong/Raceline-Optimization/frictionmap) by extension 'colcon_pkg'
[2.593s] Level 1:colcon.colcon_core.package_identification:_identify(path_generate/steven_gong/Raceline-Optimization/frictionmap) by extensions ['colcon_meta']
[2.594s] Level 1:colcon.colcon_core.package_identification:_identify(path_generate/steven_gong/Raceline-Optimization/frictionmap) by extension 'colcon_meta'
[2.594s] Level 1:colcon.colcon_core.package_identification:_identify(path_generate/steven_gong/Raceline-Optimization/frictionmap) by extensions ['ros']
[2.594s] Level 1:colcon.colcon_core.package_identification:_identify(path_generate/steven_gong/Raceline-Optimization/frictionmap) by extension 'ros'
[2.595s] Level 1:colcon.colcon_core.package_identification:_identify(path_generate/steven_gong/Raceline-Optimization/frictionmap) by extensions ['cmake', 'python']
[2.595s] Level 1:colcon.colcon_core.package_identification:_identify(path_generate/steven_gong/Raceline-Optimization/frictionmap) by extension 'cmake'
[2.595s] Level 1:colcon.colcon_core.package_identification:_identify(path_generate/steven_gong/Raceline-Optimization/frictionmap) by extension 'python'
[2.595s] Level 1:colcon.colcon_core.package_identification:_identify(path_generate/steven_gong/Raceline-Optimization/frictionmap) by extensions ['python_setup_py']
[2.596s] Level 1:colcon.colcon_core.package_identification:_identify(path_generate/steven_gong/Raceline-Optimization/frictionmap) by extension 'python_setup_py'
[2.596s] Level 1:colcon.colcon_core.package_identification:_identify(path_generate/steven_gong/Raceline-Optimization/frictionmap/src) by extensions ['ignore', 'ignore_ament_install']
[2.597s] Level 1:colcon.colcon_core.package_identification:_identify(path_generate/steven_gong/Raceline-Optimization/frictionmap/src) by extension 'ignore'
[2.597s] Level 1:colcon.colcon_core.package_identification:_identify(path_generate/steven_gong/Raceline-Optimization/frictionmap/src) by extension 'ignore_ament_install'
[2.597s] Level 1:colcon.colcon_core.package_identification:_identify(path_generate/steven_gong/Raceline-Optimization/frictionmap/src) by extensions ['colcon_pkg']
[2.597s] Level 1:colcon.colcon_core.package_identification:_identify(path_generate/steven_gong/Raceline-Optimization/frictionmap/src) by extension 'colcon_pkg'
[2.598s] Level 1:colcon.colcon_core.package_identification:_identify(path_generate/steven_gong/Raceline-Optimization/frictionmap/src) by extensions ['colcon_meta']
[2.598s] Level 1:colcon.colcon_core.package_identification:_identify(path_generate/steven_gong/Raceline-Optimization/frictionmap/src) by extension 'colcon_meta'
[2.598s] Level 1:colcon.colcon_core.package_identification:_identify(path_generate/steven_gong/Raceline-Optimization/frictionmap/src) by extensions ['ros']
[2.598s] Level 1:colcon.colcon_core.package_identification:_identify(path_generate/steven_gong/Raceline-Optimization/frictionmap/src) by extension 'ros'
[2.599s] Level 1:colcon.colcon_core.package_identification:_identify(path_generate/steven_gong/Raceline-Optimization/frictionmap/src) by extensions ['cmake', 'python']
[2.599s] Level 1:colcon.colcon_core.package_identification:_identify(path_generate/steven_gong/Raceline-Optimization/frictionmap/src) by extension 'cmake'
[2.599s] Level 1:colcon.colcon_core.package_identification:_identify(path_generate/steven_gong/Raceline-Optimization/frictionmap/src) by extension 'python'
[2.600s] Level 1:colcon.colcon_core.package_identification:_identify(path_generate/steven_gong/Raceline-Optimization/frictionmap/src) by extensions ['python_setup_py']
[2.600s] Level 1:colcon.colcon_core.package_identification:_identify(path_generate/steven_gong/Raceline-Optimization/frictionmap/src) by extension 'python_setup_py'
[2.600s] Level 1:colcon.colcon_core.package_identification:_identify(path_generate/steven_gong/Raceline-Optimization/helper_funcs_glob) by extensions ['ignore', 'ignore_ament_install']
[2.601s] Level 1:colcon.colcon_core.package_identification:_identify(path_generate/steven_gong/Raceline-Optimization/helper_funcs_glob) by extension 'ignore'
[2.601s] Level 1:colcon.colcon_core.package_identification:_identify(path_generate/steven_gong/Raceline-Optimization/helper_funcs_glob) by extension 'ignore_ament_install'
[2.601s] Level 1:colcon.colcon_core.package_identification:_identify(path_generate/steven_gong/Raceline-Optimization/helper_funcs_glob) by extensions ['colcon_pkg']
[2.601s] Level 1:colcon.colcon_core.package_identification:_identify(path_generate/steven_gong/Raceline-Optimization/helper_funcs_glob) by extension 'colcon_pkg'
[2.602s] Level 1:colcon.colcon_core.package_identification:_identify(path_generate/steven_gong/Raceline-Optimization/helper_funcs_glob) by extensions ['colcon_meta']
[2.602s] Level 1:colcon.colcon_core.package_identification:_identify(path_generate/steven_gong/Raceline-Optimization/helper_funcs_glob) by extension 'colcon_meta'
[2.602s] Level 1:colcon.colcon_core.package_identification:_identify(path_generate/steven_gong/Raceline-Optimization/helper_funcs_glob) by extensions ['ros']
[2.603s] Level 1:colcon.colcon_core.package_identification:_identify(path_generate/steven_gong/Raceline-Optimization/helper_funcs_glob) by extension 'ros'
[2.603s] Level 1:colcon.colcon_core.package_identification:_identify(path_generate/steven_gong/Raceline-Optimization/helper_funcs_glob) by extensions ['cmake', 'python']
[2.603s] Level 1:colcon.colcon_core.package_identification:_identify(path_generate/steven_gong/Raceline-Optimization/helper_funcs_glob) by extension 'cmake'
[2.603s] Level 1:colcon.colcon_core.package_identification:_identify(path_generate/steven_gong/Raceline-Optimization/helper_funcs_glob) by extension 'python'
[2.604s] Level 1:colcon.colcon_core.package_identification:_identify(path_generate/steven_gong/Raceline-Optimization/helper_funcs_glob) by extensions ['python_setup_py']
[2.604s] Level 1:colcon.colcon_core.package_identification:_identify(path_generate/steven_gong/Raceline-Optimization/helper_funcs_glob) by extension 'python_setup_py'
[2.604s] Level 1:colcon.colcon_core.package_identification:_identify(path_generate/steven_gong/Raceline-Optimization/helper_funcs_glob/src) by extensions ['ignore', 'ignore_ament_install']
[2.605s] Level 1:colcon.colcon_core.package_identification:_identify(path_generate/steven_gong/Raceline-Optimization/helper_funcs_glob/src) by extension 'ignore'
[2.605s] Level 1:colcon.colcon_core.package_identification:_identify(path_generate/steven_gong/Raceline-Optimization/helper_funcs_glob/src) by extension 'ignore_ament_install'
[2.605s] Level 1:colcon.colcon_core.package_identification:_identify(path_generate/steven_gong/Raceline-Optimization/helper_funcs_glob/src) by extensions ['colcon_pkg']
[2.606s] Level 1:colcon.colcon_core.package_identification:_identify(path_generate/steven_gong/Raceline-Optimization/helper_funcs_glob/src) by extension 'colcon_pkg'
[2.606s] Level 1:colcon.colcon_core.package_identification:_identify(path_generate/steven_gong/Raceline-Optimization/helper_funcs_glob/src) by extensions ['colcon_meta']
[2.606s] Level 1:colcon.colcon_core.package_identification:_identify(path_generate/steven_gong/Raceline-Optimization/helper_funcs_glob/src) by extension 'colcon_meta'
[2.606s] Level 1:colcon.colcon_core.package_identification:_identify(path_generate/steven_gong/Raceline-Optimization/helper_funcs_glob/src) by extensions ['ros']
[2.607s] Level 1:colcon.colcon_core.package_identification:_identify(path_generate/steven_gong/Raceline-Optimization/helper_funcs_glob/src) by extension 'ros'
[2.607s] Level 1:colcon.colcon_core.package_identification:_identify(path_generate/steven_gong/Raceline-Optimization/helper_funcs_glob/src) by extensions ['cmake', 'python']
[2.607s] Level 1:colcon.colcon_core.package_identification:_identify(path_generate/steven_gong/Raceline-Optimization/helper_funcs_glob/src) by extension 'cmake'
[2.608s] Level 1:colcon.colcon_core.package_identification:_identify(path_generate/steven_gong/Raceline-Optimization/helper_funcs_glob/src) by extension 'python'
[2.608s] Level 1:colcon.colcon_core.package_identification:_identify(path_generate/steven_gong/Raceline-Optimization/helper_funcs_glob/src) by extensions ['python_setup_py']
[2.608s] Level 1:colcon.colcon_core.package_identification:_identify(path_generate/steven_gong/Raceline-Optimization/helper_funcs_glob/src) by extension 'python_setup_py'
[2.609s] Level 1:colcon.colcon_core.package_identification:_identify(path_generate/steven_gong/Raceline-Optimization/inputs) by extensions ['ignore', 'ignore_ament_install']
[2.609s] Level 1:colcon.colcon_core.package_identification:_identify(path_generate/steven_gong/Raceline-Optimization/inputs) by extension 'ignore'
[2.609s] Level 1:colcon.colcon_core.package_identification:_identify(path_generate/steven_gong/Raceline-Optimization/inputs) by extension 'ignore_ament_install'
[2.610s] Level 1:colcon.colcon_core.package_identification:_identify(path_generate/steven_gong/Raceline-Optimization/inputs) by extensions ['colcon_pkg']
[2.610s] Level 1:colcon.colcon_core.package_identification:_identify(path_generate/steven_gong/Raceline-Optimization/inputs) by extension 'colcon_pkg'
[2.610s] Level 1:colcon.colcon_core.package_identification:_identify(path_generate/steven_gong/Raceline-Optimization/inputs) by extensions ['colcon_meta']
[2.610s] Level 1:colcon.colcon_core.package_identification:_identify(path_generate/steven_gong/Raceline-Optimization/inputs) by extension 'colcon_meta'
[2.611s] Level 1:colcon.colcon_core.package_identification:_identify(path_generate/steven_gong/Raceline-Optimization/inputs) by extensions ['ros']
[2.611s] Level 1:colcon.colcon_core.package_identification:_identify(path_generate/steven_gong/Raceline-Optimization/inputs) by extension 'ros'
[2.611s] Level 1:colcon.colcon_core.package_identification:_identify(path_generate/steven_gong/Raceline-Optimization/inputs) by extensions ['cmake', 'python']
[2.611s] Level 1:colcon.colcon_core.package_identification:_identify(path_generate/steven_gong/Raceline-Optimization/inputs) by extension 'cmake'
[2.611s] Level 1:colcon.colcon_core.package_identification:_identify(path_generate/steven_gong/Raceline-Optimization/inputs) by extension 'python'
[2.612s] Level 1:colcon.colcon_core.package_identification:_identify(path_generate/steven_gong/Raceline-Optimization/inputs) by extensions ['python_setup_py']
[2.612s] Level 1:colcon.colcon_core.package_identification:_identify(path_generate/steven_gong/Raceline-Optimization/inputs) by extension 'python_setup_py'
[2.613s] Level 1:colcon.colcon_core.package_identification:_identify(path_generate/steven_gong/Raceline-Optimization/inputs/frictionmaps) by extensions ['ignore', 'ignore_ament_install']
[2.613s] Level 1:colcon.colcon_core.package_identification:_identify(path_generate/steven_gong/Raceline-Optimization/inputs/frictionmaps) by extension 'ignore'
[2.613s] Level 1:colcon.colcon_core.package_identification:_identify(path_generate/steven_gong/Raceline-Optimization/inputs/frictionmaps) by extension 'ignore_ament_install'
[2.614s] Level 1:colcon.colcon_core.package_identification:_identify(path_generate/steven_gong/Raceline-Optimization/inputs/frictionmaps) by extensions ['colcon_pkg']
[2.614s] Level 1:colcon.colcon_core.package_identification:_identify(path_generate/steven_gong/Raceline-Optimization/inputs/frictionmaps) by extension 'colcon_pkg'
[2.614s] Level 1:colcon.colcon_core.package_identification:_identify(path_generate/steven_gong/Raceline-Optimization/inputs/frictionmaps) by extensions ['colcon_meta']
[2.614s] Level 1:colcon.colcon_core.package_identification:_identify(path_generate/steven_gong/Raceline-Optimization/inputs/frictionmaps) by extension 'colcon_meta'
[2.615s] Level 1:colcon.colcon_core.package_identification:_identify(path_generate/steven_gong/Raceline-Optimization/inputs/frictionmaps) by extensions ['ros']
[2.615s] Level 1:colcon.colcon_core.package_identification:_identify(path_generate/steven_gong/Raceline-Optimization/inputs/frictionmaps) by extension 'ros'
[2.615s] Level 1:colcon.colcon_core.package_identification:_identify(path_generate/steven_gong/Raceline-Optimization/inputs/frictionmaps) by extensions ['cmake', 'python']
[2.615s] Level 1:colcon.colcon_core.package_identification:_identify(path_generate/steven_gong/Raceline-Optimization/inputs/frictionmaps) by extension 'cmake'
[2.616s] Level 1:colcon.colcon_core.package_identification:_identify(path_generate/steven_gong/Raceline-Optimization/inputs/frictionmaps) by extension 'python'
[2.616s] Level 1:colcon.colcon_core.package_identification:_identify(path_generate/steven_gong/Raceline-Optimization/inputs/frictionmaps) by extensions ['python_setup_py']
[2.616s] Level 1:colcon.colcon_core.package_identification:_identify(path_generate/steven_gong/Raceline-Optimization/inputs/frictionmaps) by extension 'python_setup_py'
[2.617s] Level 1:colcon.colcon_core.package_identification:_identify(path_generate/steven_gong/Raceline-Optimization/inputs/tracks) by extensions ['ignore', 'ignore_ament_install']
[2.617s] Level 1:colcon.colcon_core.package_identification:_identify(path_generate/steven_gong/Raceline-Optimization/inputs/tracks) by extension 'ignore'
[2.617s] Level 1:colcon.colcon_core.package_identification:_identify(path_generate/steven_gong/Raceline-Optimization/inputs/tracks) by extension 'ignore_ament_install'
[2.618s] Level 1:colcon.colcon_core.package_identification:_identify(path_generate/steven_gong/Raceline-Optimization/inputs/tracks) by extensions ['colcon_pkg']
[2.618s] Level 1:colcon.colcon_core.package_identification:_identify(path_generate/steven_gong/Raceline-Optimization/inputs/tracks) by extension 'colcon_pkg'
[2.618s] Level 1:colcon.colcon_core.package_identification:_identify(path_generate/steven_gong/Raceline-Optimization/inputs/tracks) by extensions ['colcon_meta']
[2.618s] Level 1:colcon.colcon_core.package_identification:_identify(path_generate/steven_gong/Raceline-Optimization/inputs/tracks) by extension 'colcon_meta'
[2.619s] Level 1:colcon.colcon_core.package_identification:_identify(path_generate/steven_gong/Raceline-Optimization/inputs/tracks) by extensions ['ros']
[2.619s] Level 1:colcon.colcon_core.package_identification:_identify(path_generate/steven_gong/Raceline-Optimization/inputs/tracks) by extension 'ros'
[2.619s] Level 1:colcon.colcon_core.package_identification:_identify(path_generate/steven_gong/Raceline-Optimization/inputs/tracks) by extensions ['cmake', 'python']
[2.620s] Level 1:colcon.colcon_core.package_identification:_identify(path_generate/steven_gong/Raceline-Optimization/inputs/tracks) by extension 'cmake'
[2.620s] Level 1:colcon.colcon_core.package_identification:_identify(path_generate/steven_gong/Raceline-Optimization/inputs/tracks) by extension 'python'
[2.620s] Level 1:colcon.colcon_core.package_identification:_identify(path_generate/steven_gong/Raceline-Optimization/inputs/tracks) by extensions ['python_setup_py']
[2.620s] Level 1:colcon.colcon_core.package_identification:_identify(path_generate/steven_gong/Raceline-Optimization/inputs/tracks) by extension 'python_setup_py'
[2.621s] Level 1:colcon.colcon_core.package_identification:_identify(path_generate/steven_gong/Raceline-Optimization/inputs/veh_dyn_info) by extensions ['ignore', 'ignore_ament_install']
[2.621s] Level 1:colcon.colcon_core.package_identification:_identify(path_generate/steven_gong/Raceline-Optimization/inputs/veh_dyn_info) by extension 'ignore'
[2.621s] Level 1:colcon.colcon_core.package_identification:_identify(path_generate/steven_gong/Raceline-Optimization/inputs/veh_dyn_info) by extension 'ignore_ament_install'
[2.622s] Level 1:colcon.colcon_core.package_identification:_identify(path_generate/steven_gong/Raceline-Optimization/inputs/veh_dyn_info) by extensions ['colcon_pkg']
[2.622s] Level 1:colcon.colcon_core.package_identification:_identify(path_generate/steven_gong/Raceline-Optimization/inputs/veh_dyn_info) by extension 'colcon_pkg'
[2.622s] Level 1:colcon.colcon_core.package_identification:_identify(path_generate/steven_gong/Raceline-Optimization/inputs/veh_dyn_info) by extensions ['colcon_meta']
[2.623s] Level 1:colcon.colcon_core.package_identification:_identify(path_generate/steven_gong/Raceline-Optimization/inputs/veh_dyn_info) by extension 'colcon_meta'
[2.623s] Level 1:colcon.colcon_core.package_identification:_identify(path_generate/steven_gong/Raceline-Optimization/inputs/veh_dyn_info) by extensions ['ros']
[2.623s] Level 1:colcon.colcon_core.package_identification:_identify(path_generate/steven_gong/Raceline-Optimization/inputs/veh_dyn_info) by extension 'ros'
[2.623s] Level 1:colcon.colcon_core.package_identification:_identify(path_generate/steven_gong/Raceline-Optimization/inputs/veh_dyn_info) by extensions ['cmake', 'python']
[2.624s] Level 1:colcon.colcon_core.package_identification:_identify(path_generate/steven_gong/Raceline-Optimization/inputs/veh_dyn_info) by extension 'cmake'
[2.624s] Level 1:colcon.colcon_core.package_identification:_identify(path_generate/steven_gong/Raceline-Optimization/inputs/veh_dyn_info) by extension 'python'
[2.624s] Level 1:colcon.colcon_core.package_identification:_identify(path_generate/steven_gong/Raceline-Optimization/inputs/veh_dyn_info) by extensions ['python_setup_py']
[2.624s] Level 1:colcon.colcon_core.package_identification:_identify(path_generate/steven_gong/Raceline-Optimization/inputs/veh_dyn_info) by extension 'python_setup_py'
[2.625s] Level 1:colcon.colcon_core.package_identification:_identify(path_generate/steven_gong/Raceline-Optimization/maps) by extensions ['ignore', 'ignore_ament_install']
[2.625s] Level 1:colcon.colcon_core.package_identification:_identify(path_generate/steven_gong/Raceline-Optimization/maps) by extension 'ignore'
[2.626s] Level 1:colcon.colcon_core.package_identification:_identify(path_generate/steven_gong/Raceline-Optimization/maps) by extension 'ignore_ament_install'
[2.626s] Level 1:colcon.colcon_core.package_identification:_identify(path_generate/steven_gong/Raceline-Optimization/maps) by extensions ['colcon_pkg']
[2.626s] Level 1:colcon.colcon_core.package_identification:_identify(path_generate/steven_gong/Raceline-Optimization/maps) by extension 'colcon_pkg'
[2.626s] Level 1:colcon.colcon_core.package_identification:_identify(path_generate/steven_gong/Raceline-Optimization/maps) by extensions ['colcon_meta']
[2.627s] Level 1:colcon.colcon_core.package_identification:_identify(path_generate/steven_gong/Raceline-Optimization/maps) by extension 'colcon_meta'
[2.627s] Level 1:colcon.colcon_core.package_identification:_identify(path_generate/steven_gong/Raceline-Optimization/maps) by extensions ['ros']
[2.627s] Level 1:colcon.colcon_core.package_identification:_identify(path_generate/steven_gong/Raceline-Optimization/maps) by extension 'ros'
[2.628s] Level 1:colcon.colcon_core.package_identification:_identify(path_generate/steven_gong/Raceline-Optimization/maps) by extensions ['cmake', 'python']
[2.628s] Level 1:colcon.colcon_core.package_identification:_identify(path_generate/steven_gong/Raceline-Optimization/maps) by extension 'cmake'
[2.628s] Level 1:colcon.colcon_core.package_identification:_identify(path_generate/steven_gong/Raceline-Optimization/maps) by extension 'python'
[2.628s] Level 1:colcon.colcon_core.package_identification:_identify(path_generate/steven_gong/Raceline-Optimization/maps) by extensions ['python_setup_py']
[2.628s] Level 1:colcon.colcon_core.package_identification:_identify(path_generate/steven_gong/Raceline-Optimization/maps) by extension 'python_setup_py'
[2.629s] Level 1:colcon.colcon_core.package_identification:_identify(path_generate/steven_gong/Raceline-Optimization/opt_mintime_traj) by extensions ['ignore', 'ignore_ament_install']
[2.629s] Level 1:colcon.colcon_core.package_identification:_identify(path_generate/steven_gong/Raceline-Optimization/opt_mintime_traj) by extension 'ignore'
[2.630s] Level 1:colcon.colcon_core.package_identification:_identify(path_generate/steven_gong/Raceline-Optimization/opt_mintime_traj) by extension 'ignore_ament_install'
[2.630s] Level 1:colcon.colcon_core.package_identification:_identify(path_generate/steven_gong/Raceline-Optimization/opt_mintime_traj) by extensions ['colcon_pkg']
[2.630s] Level 1:colcon.colcon_core.package_identification:_identify(path_generate/steven_gong/Raceline-Optimization/opt_mintime_traj) by extension 'colcon_pkg'
[2.630s] Level 1:colcon.colcon_core.package_identification:_identify(path_generate/steven_gong/Raceline-Optimization/opt_mintime_traj) by extensions ['colcon_meta']
[2.631s] Level 1:colcon.colcon_core.package_identification:_identify(path_generate/steven_gong/Raceline-Optimization/opt_mintime_traj) by extension 'colcon_meta'
[2.631s] Level 1:colcon.colcon_core.package_identification:_identify(path_generate/steven_gong/Raceline-Optimization/opt_mintime_traj) by extensions ['ros']
[2.631s] Level 1:colcon.colcon_core.package_identification:_identify(path_generate/steven_gong/Raceline-Optimization/opt_mintime_traj) by extension 'ros'
[2.632s] Level 1:colcon.colcon_core.package_identification:_identify(path_generate/steven_gong/Raceline-Optimization/opt_mintime_traj) by extensions ['cmake', 'python']
[2.632s] Level 1:colcon.colcon_core.package_identification:_identify(path_generate/steven_gong/Raceline-Optimization/opt_mintime_traj) by extension 'cmake'
[2.632s] Level 1:colcon.colcon_core.package_identification:_identify(path_generate/steven_gong/Raceline-Optimization/opt_mintime_traj) by extension 'python'
[2.632s] Level 1:colcon.colcon_core.package_identification:_identify(path_generate/steven_gong/Raceline-Optimization/opt_mintime_traj) by extensions ['python_setup_py']
[2.632s] Level 1:colcon.colcon_core.package_identification:_identify(path_generate/steven_gong/Raceline-Optimization/opt_mintime_traj) by extension 'python_setup_py'
[2.633s] Level 1:colcon.colcon_core.package_identification:_identify(path_generate/steven_gong/Raceline-Optimization/opt_mintime_traj/powertrain_src) by extensions ['ignore', 'ignore_ament_install']
[2.633s] Level 1:colcon.colcon_core.package_identification:_identify(path_generate/steven_gong/Raceline-Optimization/opt_mintime_traj/powertrain_src) by extension 'ignore'
[2.634s] Level 1:colcon.colcon_core.package_identification:_identify(path_generate/steven_gong/Raceline-Optimization/opt_mintime_traj/powertrain_src) by extension 'ignore_ament_install'
[2.634s] Level 1:colcon.colcon_core.package_identification:_identify(path_generate/steven_gong/Raceline-Optimization/opt_mintime_traj/powertrain_src) by extensions ['colcon_pkg']
[2.634s] Level 1:colcon.colcon_core.package_identification:_identify(path_generate/steven_gong/Raceline-Optimization/opt_mintime_traj/powertrain_src) by extension 'colcon_pkg'
[2.634s] Level 1:colcon.colcon_core.package_identification:_identify(path_generate/steven_gong/Raceline-Optimization/opt_mintime_traj/powertrain_src) by extensions ['colcon_meta']
[2.635s] Level 1:colcon.colcon_core.package_identification:_identify(path_generate/steven_gong/Raceline-Optimization/opt_mintime_traj/powertrain_src) by extension 'colcon_meta'
[2.635s] Level 1:colcon.colcon_core.package_identification:_identify(path_generate/steven_gong/Raceline-Optimization/opt_mintime_traj/powertrain_src) by extensions ['ros']
[2.635s] Level 1:colcon.colcon_core.package_identification:_identify(path_generate/steven_gong/Raceline-Optimization/opt_mintime_traj/powertrain_src) by extension 'ros'
[2.636s] Level 1:colcon.colcon_core.package_identification:_identify(path_generate/steven_gong/Raceline-Optimization/opt_mintime_traj/powertrain_src) by extensions ['cmake', 'python']
[2.636s] Level 1:colcon.colcon_core.package_identification:_identify(path_generate/steven_gong/Raceline-Optimization/opt_mintime_traj/powertrain_src) by extension 'cmake'
[2.636s] Level 1:colcon.colcon_core.package_identification:_identify(path_generate/steven_gong/Raceline-Optimization/opt_mintime_traj/powertrain_src) by extension 'python'
[2.636s] Level 1:colcon.colcon_core.package_identification:_identify(path_generate/steven_gong/Raceline-Optimization/opt_mintime_traj/powertrain_src) by extensions ['python_setup_py']
[2.637s] Level 1:colcon.colcon_core.package_identification:_identify(path_generate/steven_gong/Raceline-Optimization/opt_mintime_traj/powertrain_src) by extension 'python_setup_py'
[2.637s] Level 1:colcon.colcon_core.package_identification:_identify(path_generate/steven_gong/Raceline-Optimization/opt_mintime_traj/powertrain_src/src) by extensions ['ignore', 'ignore_ament_install']
[2.638s] Level 1:colcon.colcon_core.package_identification:_identify(path_generate/steven_gong/Raceline-Optimization/opt_mintime_traj/powertrain_src/src) by extension 'ignore'
[2.638s] Level 1:colcon.colcon_core.package_identification:_identify(path_generate/steven_gong/Raceline-Optimization/opt_mintime_traj/powertrain_src/src) by extension 'ignore_ament_install'
[2.638s] Level 1:colcon.colcon_core.package_identification:_identify(path_generate/steven_gong/Raceline-Optimization/opt_mintime_traj/powertrain_src/src) by extensions ['colcon_pkg']
[2.638s] Level 1:colcon.colcon_core.package_identification:_identify(path_generate/steven_gong/Raceline-Optimization/opt_mintime_traj/powertrain_src/src) by extension 'colcon_pkg'
[2.639s] Level 1:colcon.colcon_core.package_identification:_identify(path_generate/steven_gong/Raceline-Optimization/opt_mintime_traj/powertrain_src/src) by extensions ['colcon_meta']
[2.639s] Level 1:colcon.colcon_core.package_identification:_identify(path_generate/steven_gong/Raceline-Optimization/opt_mintime_traj/powertrain_src/src) by extension 'colcon_meta'
[2.639s] Level 1:colcon.colcon_core.package_identification:_identify(path_generate/steven_gong/Raceline-Optimization/opt_mintime_traj/powertrain_src/src) by extensions ['ros']
[2.639s] Level 1:colcon.colcon_core.package_identification:_identify(path_generate/steven_gong/Raceline-Optimization/opt_mintime_traj/powertrain_src/src) by extension 'ros'
[2.640s] Level 1:colcon.colcon_core.package_identification:_identify(path_generate/steven_gong/Raceline-Optimization/opt_mintime_traj/powertrain_src/src) by extensions ['cmake', 'python']
[2.640s] Level 1:colcon.colcon_core.package_identification:_identify(path_generate/steven_gong/Raceline-Optimization/opt_mintime_traj/powertrain_src/src) by extension 'cmake'
[2.640s] Level 1:colcon.colcon_core.package_identification:_identify(path_generate/steven_gong/Raceline-Optimization/opt_mintime_traj/powertrain_src/src) by extension 'python'
[2.641s] Level 1:colcon.colcon_core.package_identification:_identify(path_generate/steven_gong/Raceline-Optimization/opt_mintime_traj/powertrain_src/src) by extensions ['python_setup_py']
[2.641s] Level 1:colcon.colcon_core.package_identification:_identify(path_generate/steven_gong/Raceline-Optimization/opt_mintime_traj/powertrain_src/src) by extension 'python_setup_py'
[2.641s] Level 1:colcon.colcon_core.package_identification:_identify(path_generate/steven_gong/Raceline-Optimization/opt_mintime_traj/src) by extensions ['ignore', 'ignore_ament_install']
[2.642s] Level 1:colcon.colcon_core.package_identification:_identify(path_generate/steven_gong/Raceline-Optimization/opt_mintime_traj/src) by extension 'ignore'
[2.642s] Level 1:colcon.colcon_core.package_identification:_identify(path_generate/steven_gong/Raceline-Optimization/opt_mintime_traj/src) by extension 'ignore_ament_install'
[2.642s] Level 1:colcon.colcon_core.package_identification:_identify(path_generate/steven_gong/Raceline-Optimization/opt_mintime_traj/src) by extensions ['colcon_pkg']
[2.643s] Level 1:colcon.colcon_core.package_identification:_identify(path_generate/steven_gong/Raceline-Optimization/opt_mintime_traj/src) by extension 'colcon_pkg'
[2.643s] Level 1:colcon.colcon_core.package_identification:_identify(path_generate/steven_gong/Raceline-Optimization/opt_mintime_traj/src) by extensions ['colcon_meta']
[2.643s] Level 1:colcon.colcon_core.package_identification:_identify(path_generate/steven_gong/Raceline-Optimization/opt_mintime_traj/src) by extension 'colcon_meta'
[2.643s] Level 1:colcon.colcon_core.package_identification:_identify(path_generate/steven_gong/Raceline-Optimization/opt_mintime_traj/src) by extensions ['ros']
[2.644s] Level 1:colcon.colcon_core.package_identification:_identify(path_generate/steven_gong/Raceline-Optimization/opt_mintime_traj/src) by extension 'ros'
[2.644s] Level 1:colcon.colcon_core.package_identification:_identify(path_generate/steven_gong/Raceline-Optimization/opt_mintime_traj/src) by extensions ['cmake', 'python']
[2.644s] Level 1:colcon.colcon_core.package_identification:_identify(path_generate/steven_gong/Raceline-Optimization/opt_mintime_traj/src) by extension 'cmake'
[2.645s] Level 1:colcon.colcon_core.package_identification:_identify(path_generate/steven_gong/Raceline-Optimization/opt_mintime_traj/src) by extension 'python'
[2.645s] Level 1:colcon.colcon_core.package_identification:_identify(path_generate/steven_gong/Raceline-Optimization/opt_mintime_traj/src) by extensions ['python_setup_py']
[2.645s] Level 1:colcon.colcon_core.package_identification:_identify(path_generate/steven_gong/Raceline-Optimization/opt_mintime_traj/src) by extension 'python_setup_py'
[2.646s] Level 1:colcon.colcon_core.package_identification:_identify(path_generate/steven_gong/Raceline-Optimization/params) by extensions ['ignore', 'ignore_ament_install']
[2.646s] Level 1:colcon.colcon_core.package_identification:_identify(path_generate/steven_gong/Raceline-Optimization/params) by extension 'ignore'
[2.646s] Level 1:colcon.colcon_core.package_identification:_identify(path_generate/steven_gong/Raceline-Optimization/params) by extension 'ignore_ament_install'
[2.647s] Level 1:colcon.colcon_core.package_identification:_identify(path_generate/steven_gong/Raceline-Optimization/params) by extensions ['colcon_pkg']
[2.647s] Level 1:colcon.colcon_core.package_identification:_identify(path_generate/steven_gong/Raceline-Optimization/params) by extension 'colcon_pkg'
[2.647s] Level 1:colcon.colcon_core.package_identification:_identify(path_generate/steven_gong/Raceline-Optimization/params) by extensions ['colcon_meta']
[2.647s] Level 1:colcon.colcon_core.package_identification:_identify(path_generate/steven_gong/Raceline-Optimization/params) by extension 'colcon_meta'
[2.648s] Level 1:colcon.colcon_core.package_identification:_identify(path_generate/steven_gong/Raceline-Optimization/params) by extensions ['ros']
[2.648s] Level 1:colcon.colcon_core.package_identification:_identify(path_generate/steven_gong/Raceline-Optimization/params) by extension 'ros'
[2.648s] Level 1:colcon.colcon_core.package_identification:_identify(path_generate/steven_gong/Raceline-Optimization/params) by extensions ['cmake', 'python']
[2.648s] Level 1:colcon.colcon_core.package_identification:_identify(path_generate/steven_gong/Raceline-Optimization/params) by extension 'cmake'
[2.648s] Level 1:colcon.colcon_core.package_identification:_identify(path_generate/steven_gong/Raceline-Optimization/params) by extension 'python'
[2.649s] Level 1:colcon.colcon_core.package_identification:_identify(path_generate/steven_gong/Raceline-Optimization/params) by extensions ['python_setup_py']
[2.649s] Level 1:colcon.colcon_core.package_identification:_identify(path_generate/steven_gong/Raceline-Optimization/params) by extension 'python_setup_py'
[2.649s] Level 1:colcon.colcon_core.package_identification:_identify(rosbag2_2025_09_18-18_36_26) by extensions ['ignore', 'ignore_ament_install']
[2.650s] Level 1:colcon.colcon_core.package_identification:_identify(rosbag2_2025_09_18-18_36_26) by extension 'ignore'
[2.650s] Level 1:colcon.colcon_core.package_identification:_identify(rosbag2_2025_09_18-18_36_26) by extension 'ignore_ament_install'
[2.650s] Level 1:colcon.colcon_core.package_identification:_identify(rosbag2_2025_09_18-18_36_26) by extensions ['colcon_pkg']
[2.651s] Level 1:colcon.colcon_core.package_identification:_identify(rosbag2_2025_09_18-18_36_26) by extension 'colcon_pkg'
[2.651s] Level 1:colcon.colcon_core.package_identification:_identify(rosbag2_2025_09_18-18_36_26) by extensions ['colcon_meta']
[2.651s] Level 1:colcon.colcon_core.package_identification:_identify(rosbag2_2025_09_18-18_36_26) by extension 'colcon_meta'
[2.651s] Level 1:colcon.colcon_core.package_identification:_identify(rosbag2_2025_09_18-18_36_26) by extensions ['ros']
[2.651s] Level 1:colcon.colcon_core.package_identification:_identify(rosbag2_2025_09_18-18_36_26) by extension 'ros'
[2.652s] Level 1:colcon.colcon_core.package_identification:_identify(rosbag2_2025_09_18-18_36_26) by extensions ['cmake', 'python']
[2.652s] Level 1:colcon.colcon_core.package_identification:_identify(rosbag2_2025_09_18-18_36_26) by extension 'cmake'
[2.652s] Level 1:colcon.colcon_core.package_identification:_identify(rosbag2_2025_09_18-18_36_26) by extension 'python'
[2.653s] Level 1:colcon.colcon_core.package_identification:_identify(rosbag2_2025_09_18-18_36_26) by extensions ['python_setup_py']
[2.653s] Level 1:colcon.colcon_core.package_identification:_identify(rosbag2_2025_09_18-18_36_26) by extension 'python_setup_py'
[2.653s] Level 1:colcon.colcon_core.package_identification:_identify(src) by extensions ['ignore', 'ignore_ament_install']
[2.654s] Level 1:colcon.colcon_core.package_identification:_identify(src) by extension 'ignore'
[2.654s] Level 1:colcon.colcon_core.package_identification:_identify(src) by extension 'ignore_ament_install'
[2.654s] Level 1:colcon.colcon_core.package_identification:_identify(src) by extensions ['colcon_pkg']
[2.654s] Level 1:colcon.colcon_core.package_identification:_identify(src) by extension 'colcon_pkg'
[2.655s] Level 1:colcon.colcon_core.package_identification:_identify(src) by extensions ['colcon_meta']
[2.655s] Level 1:colcon.colcon_core.package_identification:_identify(src) by extension 'colcon_meta'
[2.655s] Level 1:colcon.colcon_core.package_identification:_identify(src) by extensions ['ros']
[2.655s] Level 1:colcon.colcon_core.package_identification:_identify(src) by extension 'ros'
[2.656s] Level 1:colcon.colcon_core.package_identification:_identify(src) by extensions ['cmake', 'python']
[2.656s] Level 1:colcon.colcon_core.package_identification:_identify(src) by extension 'cmake'
[2.656s] Level 1:colcon.colcon_core.package_identification:_identify(src) by extension 'python'
[2.656s] Level 1:colcon.colcon_core.package_identification:_identify(src) by extensions ['python_setup_py']
[2.657s] Level 1:colcon.colcon_core.package_identification:_identify(src) by extension 'python_setup_py'
[2.657s] Level 1:colcon.colcon_core.package_identification:_identify(src/build) by extensions ['ignore', 'ignore_ament_install']
[2.658s] Level 1:colcon.colcon_core.package_identification:_identify(src/build) by extension 'ignore'
[2.658s] Level 1:colcon.colcon_core.package_identification:_identify(src/build) ignored
[2.658s] Level 1:colcon.colcon_core.package_identification:_identify(src/center_follow_cpp) by extensions ['ignore', 'ignore_ament_install']
[2.659s] Level 1:colcon.colcon_core.package_identification:_identify(src/center_follow_cpp) by extension 'ignore'
[2.659s] Level 1:colcon.colcon_core.package_identification:_identify(src/center_follow_cpp) by extension 'ignore_ament_install'
[2.659s] Level 1:colcon.colcon_core.package_identification:_identify(src/center_follow_cpp) by extensions ['colcon_pkg']
[2.659s] Level 1:colcon.colcon_core.package_identification:_identify(src/center_follow_cpp) by extension 'colcon_pkg'
[2.660s] Level 1:colcon.colcon_core.package_identification:_identify(src/center_follow_cpp) by extensions ['colcon_meta']
[2.660s] Level 1:colcon.colcon_core.package_identification:_identify(src/center_follow_cpp) by extension 'colcon_meta'
[2.660s] Level 1:colcon.colcon_core.package_identification:_identify(src/center_follow_cpp) by extensions ['ros']
[2.660s] Level 1:colcon.colcon_core.package_identification:_identify(src/center_follow_cpp) by extension 'ros'
[2.674s] DEBUG:colcon.colcon_core.package_identification:Package 'src/center_follow_cpp' with type 'ros.ament_cmake' and name 'center_follow_cpp'
[2.675s] Level 1:colcon.colcon_core.package_identification:_identify(src/f1tenth_slam_nav) by extensions ['ignore', 'ignore_ament_install']
[2.676s] Level 1:colcon.colcon_core.package_identification:_identify(src/f1tenth_slam_nav) by extension 'ignore'
[2.676s] Level 1:colcon.colcon_core.package_identification:_identify(src/f1tenth_slam_nav) by extension 'ignore_ament_install'
[2.676s] Level 1:colcon.colcon_core.package_identification:_identify(src/f1tenth_slam_nav) by extensions ['colcon_pkg']
[2.676s] Level 1:colcon.colcon_core.package_identification:_identify(src/f1tenth_slam_nav) by extension 'colcon_pkg'
[2.677s] Level 1:colcon.colcon_core.package_identification:_identify(src/f1tenth_slam_nav) by extensions ['colcon_meta']
[2.677s] Level 1:colcon.colcon_core.package_identification:_identify(src/f1tenth_slam_nav) by extension 'colcon_meta'
[2.677s] Level 1:colcon.colcon_core.package_identification:_identify(src/f1tenth_slam_nav) by extensions ['ros']
[2.677s] Level 1:colcon.colcon_core.package_identification:_identify(src/f1tenth_slam_nav) by extension 'ros'
[2.689s] DEBUG:colcon.colcon_core.package_identification:Package 'src/f1tenth_slam_nav' with type 'ros.ament_cmake' and name 'f1tenth_slam_nav'
[2.690s] Level 1:colcon.colcon_core.package_identification:_identify(src/f1tenth_system) by extensions ['ignore', 'ignore_ament_install']
[2.690s] Level 1:colcon.colcon_core.package_identification:_identify(src/f1tenth_system) by extension 'ignore'
[2.690s] Level 1:colcon.colcon_core.package_identification:_identify(src/f1tenth_system) by extension 'ignore_ament_install'
[2.691s] Level 1:colcon.colcon_core.package_identification:_identify(src/f1tenth_system) by extensions ['colcon_pkg']
[2.691s] Level 1:colcon.colcon_core.package_identification:_identify(src/f1tenth_system) by extension 'colcon_pkg'
[2.691s] Level 1:colcon.colcon_core.package_identification:_identify(src/f1tenth_system) by extensions ['colcon_meta']
[2.691s] Level 1:colcon.colcon_core.package_identification:_identify(src/f1tenth_system) by extension 'colcon_meta'
[2.692s] Level 1:colcon.colcon_core.package_identification:_identify(src/f1tenth_system) by extensions ['ros']
[2.692s] Level 1:colcon.colcon_core.package_identification:_identify(src/f1tenth_system) by extension 'ros'
[2.692s] Level 1:colcon.colcon_core.package_identification:_identify(src/f1tenth_system) by extensions ['cmake', 'python']
[2.692s] Level 1:colcon.colcon_core.package_identification:_identify(src/f1tenth_system) by extension 'cmake'
[2.693s] Level 1:colcon.colcon_core.package_identification:_identify(src/f1tenth_system) by extension 'python'
[2.693s] Level 1:colcon.colcon_core.package_identification:_identify(src/f1tenth_system) by extensions ['python_setup_py']
[2.693s] Level 1:colcon.colcon_core.package_identification:_identify(src/f1tenth_system) by extension 'python_setup_py'
[2.694s] Level 1:colcon.colcon_core.package_identification:_identify(src/f1tenth_system/ackermann_mux) by extensions ['ignore', 'ignore_ament_install']
[2.694s] Level 1:colcon.colcon_core.package_identification:_identify(src/f1tenth_system/ackermann_mux) by extension 'ignore'
[2.695s] Level 1:colcon.colcon_core.package_identification:_identify(src/f1tenth_system/ackermann_mux) by extension 'ignore_ament_install'
[2.695s] Level 1:colcon.colcon_core.package_identification:_identify(src/f1tenth_system/ackermann_mux) by extensions ['colcon_pkg']
[2.695s] Level 1:colcon.colcon_core.package_identification:_identify(src/f1tenth_system/ackermann_mux) by extension 'colcon_pkg'
[2.695s] Level 1:colcon.colcon_core.package_identification:_identify(src/f1tenth_system/ackermann_mux) by extensions ['colcon_meta']
[2.695s] Level 1:colcon.colcon_core.package_identification:_identify(src/f1tenth_system/ackermann_mux) by extension 'colcon_meta'
[2.696s] Level 1:colcon.colcon_core.package_identification:_identify(src/f1tenth_system/ackermann_mux) by extensions ['ros']
[2.696s] Level 1:colcon.colcon_core.package_identification:_identify(src/f1tenth_system/ackermann_mux) by extension 'ros'
[2.701s] DEBUG:colcon.colcon_core.package_identification:Package 'src/f1tenth_system/ackermann_mux' with type 'ros.ament_cmake' and name 'ackermann_mux'
[2.701s] Level 1:colcon.colcon_core.package_identification:_identify(src/f1tenth_system/f1tenth_stack) by extensions ['ignore', 'ignore_ament_install']
[2.702s] Level 1:colcon.colcon_core.package_identification:_identify(src/f1tenth_system/f1tenth_stack) by extension 'ignore'
[2.702s] Level 1:colcon.colcon_core.package_identification:_identify(src/f1tenth_system/f1tenth_stack) by extension 'ignore_ament_install'
[2.702s] Level 1:colcon.colcon_core.package_identification:_identify(src/f1tenth_system/f1tenth_stack) by extensions ['colcon_pkg']
[2.703s] Level 1:colcon.colcon_core.package_identification:_identify(src/f1tenth_system/f1tenth_stack) by extension 'colcon_pkg'
[2.703s] Level 1:colcon.colcon_core.package_identification:_identify(src/f1tenth_system/f1tenth_stack) by extensions ['colcon_meta']
[2.703s] Level 1:colcon.colcon_core.package_identification:_identify(src/f1tenth_system/f1tenth_stack) by extension 'colcon_meta'
[2.703s] Level 1:colcon.colcon_core.package_identification:_identify(src/f1tenth_system/f1tenth_stack) by extensions ['ros']
[2.704s] Level 1:colcon.colcon_core.package_identification:_identify(src/f1tenth_system/f1tenth_stack) by extension 'ros'
[2.710s] DEBUG:colcon.colcon_core.package_identification:Package 'src/f1tenth_system/f1tenth_stack' with type 'ros.ament_python' and name 'f1tenth_stack'
[2.710s] Level 1:colcon.colcon_core.package_identification:_identify(src/f1tenth_system/scripts) by extensions ['ignore', 'ignore_ament_install']
[2.711s] Level 1:colcon.colcon_core.package_identification:_identify(src/f1tenth_system/scripts) by extension 'ignore'
[2.711s] Level 1:colcon.colcon_core.package_identification:_identify(src/f1tenth_system/scripts) by extension 'ignore_ament_install'
[2.711s] Level 1:colcon.colcon_core.package_identification:_identify(src/f1tenth_system/scripts) by extensions ['colcon_pkg']
[2.712s] Level 1:colcon.colcon_core.package_identification:_identify(src/f1tenth_system/scripts) by extension 'colcon_pkg'
[2.712s] Level 1:colcon.colcon_core.package_identification:_identify(src/f1tenth_system/scripts) by extensions ['colcon_meta']
[2.712s] Level 1:colcon.colcon_core.package_identification:_identify(src/f1tenth_system/scripts) by extension 'colcon_meta'
[2.712s] Level 1:colcon.colcon_core.package_identification:_identify(src/f1tenth_system/scripts) by extensions ['ros']
[2.713s] Level 1:colcon.colcon_core.package_identification:_identify(src/f1tenth_system/scripts) by extension 'ros'
[2.713s] Level 1:colcon.colcon_core.package_identification:_identify(src/f1tenth_system/scripts) by extensions ['cmake', 'python']
[2.713s] Level 1:colcon.colcon_core.package_identification:_identify(src/f1tenth_system/scripts) by extension 'cmake'
[2.713s] Level 1:colcon.colcon_core.package_identification:_identify(src/f1tenth_system/scripts) by extension 'python'
[2.714s] Level 1:colcon.colcon_core.package_identification:_identify(src/f1tenth_system/scripts) by extensions ['python_setup_py']
[2.714s] Level 1:colcon.colcon_core.package_identification:_identify(src/f1tenth_system/scripts) by extension 'python_setup_py'
[2.715s] Level 1:colcon.colcon_core.package_identification:_identify(src/f1tenth_system/teleop_tools) by extensions ['ignore', 'ignore_ament_install']
[2.715s] Level 1:colcon.colcon_core.package_identification:_identify(src/f1tenth_system/teleop_tools) by extension 'ignore'
[2.715s] Level 1:colcon.colcon_core.package_identification:_identify(src/f1tenth_system/teleop_tools) by extension 'ignore_ament_install'
[2.716s] Level 1:colcon.colcon_core.package_identification:_identify(src/f1tenth_system/teleop_tools) by extensions ['colcon_pkg']
[2.716s] Level 1:colcon.colcon_core.package_identification:_identify(src/f1tenth_system/teleop_tools) by extension 'colcon_pkg'
[2.716s] Level 1:colcon.colcon_core.package_identification:_identify(src/f1tenth_system/teleop_tools) by extensions ['colcon_meta']
[2.716s] Level 1:colcon.colcon_core.package_identification:_identify(src/f1tenth_system/teleop_tools) by extension 'colcon_meta'
[2.716s] Level 1:colcon.colcon_core.package_identification:_identify(src/f1tenth_system/teleop_tools) by extensions ['ros']
[2.717s] Level 1:colcon.colcon_core.package_identification:_identify(src/f1tenth_system/teleop_tools) by extension 'ros'
[2.717s] Level 1:colcon.colcon_core.package_identification:_identify(src/f1tenth_system/teleop_tools) by extensions ['cmake', 'python']
[2.717s] Level 1:colcon.colcon_core.package_identification:_identify(src/f1tenth_system/teleop_tools) by extension 'cmake'
[2.718s] Level 1:colcon.colcon_core.package_identification:_identify(src/f1tenth_system/teleop_tools) by extension 'python'
[2.718s] Level 1:colcon.colcon_core.package_identification:_identify(src/f1tenth_system/teleop_tools) by extensions ['python_setup_py']
[2.718s] Level 1:colcon.colcon_core.package_identification:_identify(src/f1tenth_system/teleop_tools) by extension 'python_setup_py'
[2.719s] Level 1:colcon.colcon_core.package_identification:_identify(src/f1tenth_system/teleop_tools/joy_teleop) by extensions ['ignore', 'ignore_ament_install']
[2.719s] Level 1:colcon.colcon_core.package_identification:_identify(src/f1tenth_system/teleop_tools/joy_teleop) by extension 'ignore'
[2.719s] Level 1:colcon.colcon_core.package_identification:_identify(src/f1tenth_system/teleop_tools/joy_teleop) by extension 'ignore_ament_install'
[2.720s] Level 1:colcon.colcon_core.package_identification:_identify(src/f1tenth_system/teleop_tools/joy_teleop) by extensions ['colcon_pkg']
[2.720s] Level 1:colcon.colcon_core.package_identification:_identify(src/f1tenth_system/teleop_tools/joy_teleop) by extension 'colcon_pkg'
[2.720s] Level 1:colcon.colcon_core.package_identification:_identify(src/f1tenth_system/teleop_tools/joy_teleop) by extensions ['colcon_meta']
[2.720s] Level 1:colcon.colcon_core.package_identification:_identify(src/f1tenth_system/teleop_tools/joy_teleop) by extension 'colcon_meta'
[2.720s] Level 1:colcon.colcon_core.package_identification:_identify(src/f1tenth_system/teleop_tools/joy_teleop) by extensions ['ros']
[2.721s] Level 1:colcon.colcon_core.package_identification:_identify(src/f1tenth_system/teleop_tools/joy_teleop) by extension 'ros'
[2.724s] DEBUG:colcon.colcon_core.package_identification:Package 'src/f1tenth_system/teleop_tools/joy_teleop' with type 'ros.ament_python' and name 'joy_teleop'
[2.725s] Level 1:colcon.colcon_core.package_identification:_identify(src/f1tenth_system/teleop_tools/key_teleop) by extensions ['ignore', 'ignore_ament_install']
[2.725s] Level 1:colcon.colcon_core.package_identification:_identify(src/f1tenth_system/teleop_tools/key_teleop) by extension 'ignore'
[2.726s] Level 1:colcon.colcon_core.package_identification:_identify(src/f1tenth_system/teleop_tools/key_teleop) by extension 'ignore_ament_install'
[2.726s] Level 1:colcon.colcon_core.package_identification:_identify(src/f1tenth_system/teleop_tools/key_teleop) by extensions ['colcon_pkg']
[2.726s] Level 1:colcon.colcon_core.package_identification:_identify(src/f1tenth_system/teleop_tools/key_teleop) by extension 'colcon_pkg'
[2.726s] Level 1:colcon.colcon_core.package_identification:_identify(src/f1tenth_system/teleop_tools/key_teleop) by extensions ['colcon_meta']
[2.727s] Level 1:colcon.colcon_core.package_identification:_identify(src/f1tenth_system/teleop_tools/key_teleop) by extension 'colcon_meta'
[2.727s] Level 1:colcon.colcon_core.package_identification:_identify(src/f1tenth_system/teleop_tools/key_teleop) by extensions ['ros']
[2.727s] Level 1:colcon.colcon_core.package_identification:_identify(src/f1tenth_system/teleop_tools/key_teleop) by extension 'ros'
[2.731s] DEBUG:colcon.colcon_core.package_identification:Package 'src/f1tenth_system/teleop_tools/key_teleop' with type 'ros.ament_python' and name 'key_teleop'
[2.732s] Level 1:colcon.colcon_core.package_identification:_identify(src/f1tenth_system/teleop_tools/mouse_teleop) by extensions ['ignore', 'ignore_ament_install']
[2.732s] Level 1:colcon.colcon_core.package_identification:_identify(src/f1tenth_system/teleop_tools/mouse_teleop) by extension 'ignore'
[2.732s] Level 1:colcon.colcon_core.package_identification:_identify(src/f1tenth_system/teleop_tools/mouse_teleop) by extension 'ignore_ament_install'
[2.733s] Level 1:colcon.colcon_core.package_identification:_identify(src/f1tenth_system/teleop_tools/mouse_teleop) by extensions ['colcon_pkg']
[2.733s] Level 1:colcon.colcon_core.package_identification:_identify(src/f1tenth_system/teleop_tools/mouse_teleop) by extension 'colcon_pkg'
[2.733s] Level 1:colcon.colcon_core.package_identification:_identify(src/f1tenth_system/teleop_tools/mouse_teleop) by extensions ['colcon_meta']
[2.733s] Level 1:colcon.colcon_core.package_identification:_identify(src/f1tenth_system/teleop_tools/mouse_teleop) by extension 'colcon_meta'
[2.734s] Level 1:colcon.colcon_core.package_identification:_identify(src/f1tenth_system/teleop_tools/mouse_teleop) by extensions ['ros']
[2.734s] Level 1:colcon.colcon_core.package_identification:_identify(src/f1tenth_system/teleop_tools/mouse_teleop) by extension 'ros'
[2.737s] DEBUG:colcon.colcon_core.package_identification:Package 'src/f1tenth_system/teleop_tools/mouse_teleop' with type 'ros.ament_python' and name 'mouse_teleop'
[2.738s] Level 1:colcon.colcon_core.package_identification:_identify(src/f1tenth_system/teleop_tools/teleop_tools) by extensions ['ignore', 'ignore_ament_install']
[2.738s] Level 1:colcon.colcon_core.package_identification:_identify(src/f1tenth_system/teleop_tools/teleop_tools) by extension 'ignore'
[2.739s] Level 1:colcon.colcon_core.package_identification:_identify(src/f1tenth_system/teleop_tools/teleop_tools) by extension 'ignore_ament_install'
[2.739s] Level 1:colcon.colcon_core.package_identification:_identify(src/f1tenth_system/teleop_tools/teleop_tools) by extensions ['colcon_pkg']
[2.739s] Level 1:colcon.colcon_core.package_identification:_identify(src/f1tenth_system/teleop_tools/teleop_tools) by extension 'colcon_pkg'
[2.739s] Level 1:colcon.colcon_core.package_identification:_identify(src/f1tenth_system/teleop_tools/teleop_tools) by extensions ['colcon_meta']
[2.740s] Level 1:colcon.colcon_core.package_identification:_identify(src/f1tenth_system/teleop_tools/teleop_tools) by extension 'colcon_meta'
[2.740s] Level 1:colcon.colcon_core.package_identification:_identify(src/f1tenth_system/teleop_tools/teleop_tools) by extensions ['ros']
[2.740s] Level 1:colcon.colcon_core.package_identification:_identify(src/f1tenth_system/teleop_tools/teleop_tools) by extension 'ros'
[2.743s] DEBUG:colcon.colcon_core.package_identification:Package 'src/f1tenth_system/teleop_tools/teleop_tools' with type 'ros.ament_cmake' and name 'teleop_tools'
[2.743s] Level 1:colcon.colcon_core.package_identification:_identify(src/f1tenth_system/teleop_tools/teleop_tools_msgs) by extensions ['ignore', 'ignore_ament_install']
[2.744s] Level 1:colcon.colcon_core.package_identification:_identify(src/f1tenth_system/teleop_tools/teleop_tools_msgs) by extension 'ignore'
[2.744s] Level 1:colcon.colcon_core.package_identification:_identify(src/f1tenth_system/teleop_tools/teleop_tools_msgs) by extension 'ignore_ament_install'
[2.744s] Level 1:colcon.colcon_core.package_identification:_identify(src/f1tenth_system/teleop_tools/teleop_tools_msgs) by extensions ['colcon_pkg']
[2.745s] Level 1:colcon.colcon_core.package_identification:_identify(src/f1tenth_system/teleop_tools/teleop_tools_msgs) by extension 'colcon_pkg'
[2.745s] Level 1:colcon.colcon_core.package_identification:_identify(src/f1tenth_system/teleop_tools/teleop_tools_msgs) by extensions ['colcon_meta']
[2.745s] Level 1:colcon.colcon_core.package_identification:_identify(src/f1tenth_system/teleop_tools/teleop_tools_msgs) by extension 'colcon_meta'
[2.745s] Level 1:colcon.colcon_core.package_identification:_identify(src/f1tenth_system/teleop_tools/teleop_tools_msgs) by extensions ['ros']
[2.746s] Level 1:colcon.colcon_core.package_identification:_identify(src/f1tenth_system/teleop_tools/teleop_tools_msgs) by extension 'ros'
[2.749s] DEBUG:colcon.colcon_core.package_identification:Package 'src/f1tenth_system/teleop_tools/teleop_tools_msgs' with type 'ros.ament_cmake' and name 'teleop_tools_msgs'
[2.750s] Level 1:colcon.colcon_core.package_identification:_identify(src/f1tenth_system/vesc) by extensions ['ignore', 'ignore_ament_install']
[2.750s] Level 1:colcon.colcon_core.package_identification:_identify(src/f1tenth_system/vesc) by extension 'ignore'
[2.751s] Level 1:colcon.colcon_core.package_identification:_identify(src/f1tenth_system/vesc) by extension 'ignore_ament_install'
[2.751s] Level 1:colcon.colcon_core.package_identification:_identify(src/f1tenth_system/vesc) by extensions ['colcon_pkg']
[2.751s] Level 1:colcon.colcon_core.package_identification:_identify(src/f1tenth_system/vesc) by extension 'colcon_pkg'
[2.751s] Level 1:colcon.colcon_core.package_identification:_identify(src/f1tenth_system/vesc) by extensions ['colcon_meta']
[2.752s] Level 1:colcon.colcon_core.package_identification:_identify(src/f1tenth_system/vesc) by extension 'colcon_meta'
[2.752s] Level 1:colcon.colcon_core.package_identification:_identify(src/f1tenth_system/vesc) by extensions ['ros']
[2.752s] Level 1:colcon.colcon_core.package_identification:_identify(src/f1tenth_system/vesc) by extension 'ros'
[2.753s] Level 1:colcon.colcon_core.package_identification:_identify(src/f1tenth_system/vesc) by extensions ['cmake', 'python']
[2.753s] Level 1:colcon.colcon_core.package_identification:_identify(src/f1tenth_system/vesc) by extension 'cmake'
[2.753s] Level 1:colcon.colcon_core.package_identification:_identify(src/f1tenth_system/vesc) by extension 'python'
[2.753s] Level 1:colcon.colcon_core.package_identification:_identify(src/f1tenth_system/vesc) by extensions ['python_setup_py']
[2.753s] Level 1:colcon.colcon_core.package_identification:_identify(src/f1tenth_system/vesc) by extension 'python_setup_py'
[2.754s] Level 1:colcon.colcon_core.package_identification:_identify(src/f1tenth_system/vesc/vesc) by extensions ['ignore', 'ignore_ament_install']
[2.755s] Level 1:colcon.colcon_core.package_identification:_identify(src/f1tenth_system/vesc/vesc) by extension 'ignore'
[2.755s] Level 1:colcon.colcon_core.package_identification:_identify(src/f1tenth_system/vesc/vesc) by extension 'ignore_ament_install'
[2.755s] Level 1:colcon.colcon_core.package_identification:_identify(src/f1tenth_system/vesc/vesc) by extensions ['colcon_pkg']
[2.755s] Level 1:colcon.colcon_core.package_identification:_identify(src/f1tenth_system/vesc/vesc) by extension 'colcon_pkg'
[2.756s] Level 1:colcon.colcon_core.package_identification:_identify(src/f1tenth_system/vesc/vesc) by extensions ['colcon_meta']
[2.756s] Level 1:colcon.colcon_core.package_identification:_identify(src/f1tenth_system/vesc/vesc) by extension 'colcon_meta'
[2.756s] Level 1:colcon.colcon_core.package_identification:_identify(src/f1tenth_system/vesc/vesc) by extensions ['ros']
[2.756s] Level 1:colcon.colcon_core.package_identification:_identify(src/f1tenth_system/vesc/vesc) by extension 'ros'
[2.759s] DEBUG:colcon.colcon_core.package_identification:Package 'src/f1tenth_system/vesc/vesc' with type 'ros.ament_cmake' and name 'vesc'
[2.760s] Level 1:colcon.colcon_core.package_identification:_identify(src/f1tenth_system/vesc/vesc_ackermann) by extensions ['ignore', 'ignore_ament_install']
[2.760s] Level 1:colcon.colcon_core.package_identification:_identify(src/f1tenth_system/vesc/vesc_ackermann) by extension 'ignore'
[2.761s] Level 1:colcon.colcon_core.package_identification:_identify(src/f1tenth_system/vesc/vesc_ackermann) by extension 'ignore_ament_install'
[2.761s] Level 1:colcon.colcon_core.package_identification:_identify(src/f1tenth_system/vesc/vesc_ackermann) by extensions ['colcon_pkg']
[2.761s] Level 1:colcon.colcon_core.package_identification:_identify(src/f1tenth_system/vesc/vesc_ackermann) by extension 'colcon_pkg'
[2.761s] Level 1:colcon.colcon_core.package_identification:_identify(src/f1tenth_system/vesc/vesc_ackermann) by extensions ['colcon_meta']
[2.762s] Level 1:colcon.colcon_core.package_identification:_identify(src/f1tenth_system/vesc/vesc_ackermann) by extension 'colcon_meta'
[2.762s] Level 1:colcon.colcon_core.package_identification:_identify(src/f1tenth_system/vesc/vesc_ackermann) by extensions ['ros']
[2.762s] Level 1:colcon.colcon_core.package_identification:_identify(src/f1tenth_system/vesc/vesc_ackermann) by extension 'ros'
[2.768s] DEBUG:colcon.colcon_core.package_identification:Package 'src/f1tenth_system/vesc/vesc_ackermann' with type 'ros.ament_cmake' and name 'vesc_ackermann'
[2.768s] Level 1:colcon.colcon_core.package_identification:_identify(src/f1tenth_system/vesc/vesc_driver) by extensions ['ignore', 'ignore_ament_install']
[2.769s] Level 1:colcon.colcon_core.package_identification:_identify(src/f1tenth_system/vesc/vesc_driver) by extension 'ignore'
[2.769s] Level 1:colcon.colcon_core.package_identification:_identify(src/f1tenth_system/vesc/vesc_driver) by extension 'ignore_ament_install'
[2.769s] Level 1:colcon.colcon_core.package_identification:_identify(src/f1tenth_system/vesc/vesc_driver) by extensions ['colcon_pkg']
[2.769s] Level 1:colcon.colcon_core.package_identification:_identify(src/f1tenth_system/vesc/vesc_driver) by extension 'colcon_pkg'
[2.770s] Level 1:colcon.colcon_core.package_identification:_identify(src/f1tenth_system/vesc/vesc_driver) by extensions ['colcon_meta']
[2.770s] Level 1:colcon.colcon_core.package_identification:_identify(src/f1tenth_system/vesc/vesc_driver) by extension 'colcon_meta'
[2.770s] Level 1:colcon.colcon_core.package_identification:_identify(src/f1tenth_system/vesc/vesc_driver) by extensions ['ros']
[2.771s] Level 1:colcon.colcon_core.package_identification:_identify(src/f1tenth_system/vesc/vesc_driver) by extension 'ros'
[2.776s] DEBUG:colcon.colcon_core.package_identification:Package 'src/f1tenth_system/vesc/vesc_driver' with type 'ros.ament_cmake' and name 'vesc_driver'
[2.776s] Level 1:colcon.colcon_core.package_identification:_identify(src/f1tenth_system/vesc/vesc_msgs) by extensions ['ignore', 'ignore_ament_install']
[2.777s] Level 1:colcon.colcon_core.package_identification:_identify(src/f1tenth_system/vesc/vesc_msgs) by extension 'ignore'
[2.777s] Level 1:colcon.colcon_core.package_identification:_identify(src/f1tenth_system/vesc/vesc_msgs) by extension 'ignore_ament_install'
[2.777s] Level 1:colcon.colcon_core.package_identification:_identify(src/f1tenth_system/vesc/vesc_msgs) by extensions ['colcon_pkg']
[2.778s] Level 1:colcon.colcon_core.package_identification:_identify(src/f1tenth_system/vesc/vesc_msgs) by extension 'colcon_pkg'
[2.778s] Level 1:colcon.colcon_core.package_identification:_identify(src/f1tenth_system/vesc/vesc_msgs) by extensions ['colcon_meta']
[2.778s] Level 1:colcon.colcon_core.package_identification:_identify(src/f1tenth_system/vesc/vesc_msgs) by extension 'colcon_meta'
[2.778s] Level 1:colcon.colcon_core.package_identification:_identify(src/f1tenth_system/vesc/vesc_msgs) by extensions ['ros']
[2.779s] Level 1:colcon.colcon_core.package_identification:_identify(src/f1tenth_system/vesc/vesc_msgs) by extension 'ros'
[2.783s] DEBUG:colcon.colcon_core.package_identification:Package 'src/f1tenth_system/vesc/vesc_msgs' with type 'ros.ament_cmake' and name 'vesc_msgs'
[2.783s] Level 1:colcon.colcon_core.package_identification:_identify(src/install) by extensions ['ignore', 'ignore_ament_install']
[2.784s] Level 1:colcon.colcon_core.package_identification:_identify(src/install) by extension 'ignore'
[2.784s] Level 1:colcon.colcon_core.package_identification:_identify(src/install) ignored
[2.785s] Level 1:colcon.colcon_core.package_identification:_identify(src/lidar_processing) by extensions ['ignore', 'ignore_ament_install']
[2.785s] Level 1:colcon.colcon_core.package_identification:_identify(src/lidar_processing) by extension 'ignore'
[2.785s] Level 1:colcon.colcon_core.package_identification:_identify(src/lidar_processing) by extension 'ignore_ament_install'
[2.786s] Level 1:colcon.colcon_core.package_identification:_identify(src/lidar_processing) by extensions ['colcon_pkg']
[2.786s] Level 1:colcon.colcon_core.package_identification:_identify(src/lidar_processing) by extension 'colcon_pkg'
[2.786s] Level 1:colcon.colcon_core.package_identification:_identify(src/lidar_processing) by extensions ['colcon_meta']
[2.786s] Level 1:colcon.colcon_core.package_identification:_identify(src/lidar_processing) by extension 'colcon_meta'
[2.787s] Level 1:colcon.colcon_core.package_identification:_identify(src/lidar_processing) by extensions ['ros']
[2.787s] Level 1:colcon.colcon_core.package_identification:_identify(src/lidar_processing) by extension 'ros'
[2.791s] DEBUG:colcon.colcon_core.package_identification:Package 'src/lidar_processing' with type 'ros.ament_cmake' and name 'lidar_processing'
[2.791s] Level 1:colcon.colcon_core.package_identification:_identify(src/log) by extensions ['ignore', 'ignore_ament_install']
[2.792s] Level 1:colcon.colcon_core.package_identification:_identify(src/log) by extension 'ignore'
[2.792s] Level 1:colcon.colcon_core.package_identification:_identify(src/log) ignored
[2.792s] Level 1:colcon.colcon_core.package_identification:_identify(src/path_follow) by extensions ['ignore', 'ignore_ament_install']
[2.793s] Level 1:colcon.colcon_core.package_identification:_identify(src/path_follow) by extension 'ignore'
[2.793s] Level 1:colcon.colcon_core.package_identification:_identify(src/path_follow) by extension 'ignore_ament_install'
[2.793s] Level 1:colcon.colcon_core.package_identification:_identify(src/path_follow) by extensions ['colcon_pkg']
[2.794s] Level 1:colcon.colcon_core.package_identification:_identify(src/path_follow) by extension 'colcon_pkg'
[2.794s] Level 1:colcon.colcon_core.package_identification:_identify(src/path_follow) by extensions ['colcon_meta']
[2.794s] Level 1:colcon.colcon_core.package_identification:_identify(src/path_follow) by extension 'colcon_meta'
[2.794s] Level 1:colcon.colcon_core.package_identification:_identify(src/path_follow) by extensions ['ros']
[2.795s] Level 1:colcon.colcon_core.package_identification:_identify(src/path_follow) by extension 'ros'
[2.800s] DEBUG:colcon.colcon_core.package_identification:Package 'src/path_follow' with type 'ros.ament_cmake' and name 'path_follow'
[2.800s] Level 1:colcon.colcon_core.package_identification:_identify(src/path_planner) by extensions ['ignore', 'ignore_ament_install']
[2.801s] Level 1:colcon.colcon_core.package_identification:_identify(src/path_planner) by extension 'ignore'
[2.801s] Level 1:colcon.colcon_core.package_identification:_identify(src/path_planner) by extension 'ignore_ament_install'
[2.801s] Level 1:colcon.colcon_core.package_identification:_identify(src/path_planner) by extensions ['colcon_pkg']
[2.801s] Level 1:colcon.colcon_core.package_identification:_identify(src/path_planner) by extension 'colcon_pkg'
[2.802s] Level 1:colcon.colcon_core.package_identification:_identify(src/path_planner) by extensions ['colcon_meta']
[2.802s] Level 1:colcon.colcon_core.package_identification:_identify(src/path_planner) by extension 'colcon_meta'
[2.802s] Level 1:colcon.colcon_core.package_identification:_identify(src/path_planner) by extensions ['ros']
[2.802s] Level 1:colcon.colcon_core.package_identification:_identify(src/path_planner) by extension 'ros'
[2.808s] DEBUG:colcon.colcon_core.package_identification:Package 'src/path_planner' with type 'ros.ament_cmake' and name 'path_planner'
[2.808s] Level 1:colcon.colcon_core.package_identification:_identify(src/pygame_key_teleop) by extensions ['ignore', 'ignore_ament_install']
[2.809s] Level 1:colcon.colcon_core.package_identification:_identify(src/pygame_key_teleop) by extension 'ignore'
[2.809s] Level 1:colcon.colcon_core.package_identification:_identify(src/pygame_key_teleop) by extension 'ignore_ament_install'
[2.809s] Level 1:colcon.colcon_core.package_identification:_identify(src/pygame_key_teleop) by extensions ['colcon_pkg']
[2.810s] Level 1:colcon.colcon_core.package_identification:_identify(src/pygame_key_teleop) by extension 'colcon_pkg'
[2.810s] Level 1:colcon.colcon_core.package_identification:_identify(src/pygame_key_teleop) by extensions ['colcon_meta']
[2.810s] Level 1:colcon.colcon_core.package_identification:_identify(src/pygame_key_teleop) by extension 'colcon_meta'
[2.810s] Level 1:colcon.colcon_core.package_identification:_identify(src/pygame_key_teleop) by extensions ['ros']
[2.811s] Level 1:colcon.colcon_core.package_identification:_identify(src/pygame_key_teleop) by extension 'ros'
[2.813s] DEBUG:colcon.colcon_core.package_identification:Package 'src/pygame_key_teleop' with type 'ros.ament_python' and name 'pygame_key_teleop'
[2.814s] Level 1:colcon.colcon_core.package_discovery:discover_packages(recursive) using defaults
[2.814s] Level 1:colcon.colcon_core.package_discovery:discover_packages(ignore) discover
[2.814s] Level 1:colcon.colcon_core.package_discovery:discover_packages(ignore) using defaults
[2.814s] Level 1:colcon.colcon_core.package_discovery:discover_packages(path) discover
[2.814s] Level 1:colcon.colcon_core.package_discovery:discover_packages(path) using defaults
[2.962s] INFO:colcon.colcon_core.package_selection:Skipping not selected package 'ackermann_mux' in 'src/f1tenth_system/ackermann_mux'
[2.962s] INFO:colcon.colcon_core.package_selection:Skipping not selected package 'center_follow_cpp' in 'src/center_follow_cpp'
[2.962s] INFO:colcon.colcon_core.package_selection:Skipping not selected package 'key_teleop' in 'src/f1tenth_system/teleop_tools/key_teleop'
[2.963s] INFO:colcon.colcon_core.package_selection:Skipping not selected package 'lidar_processing' in 'src/lidar_processing'
[2.963s] INFO:colcon.colcon_core.package_selection:Skipping not selected package 'mouse_teleop' in 'src/f1tenth_system/teleop_tools/mouse_teleop'
[2.963s] INFO:colcon.colcon_core.package_selection:Skipping not selected package 'path_follow' in 'src/path_follow'
[2.963s] INFO:colcon.colcon_core.package_selection:Skipping not selected package 'path_planner' in 'src/path_planner'
[2.963s] INFO:colcon.colcon_core.package_selection:Skipping not selected package 'pygame_key_teleop' in 'src/pygame_key_teleop'
[2.963s] INFO:colcon.colcon_core.package_selection:Skipping not selected package 'teleop_tools_msgs' in 'src/f1tenth_system/teleop_tools/teleop_tools_msgs'
[2.964s] INFO:colcon.colcon_core.package_selection:Skipping not selected package 'vesc_msgs' in 'src/f1tenth_system/vesc/vesc_msgs'
[2.964s] INFO:colcon.colcon_core.package_selection:Skipping not selected package 'joy_teleop' in 'src/f1tenth_system/teleop_tools/joy_teleop'
[2.964s] INFO:colcon.colcon_core.package_selection:Skipping not selected package 'vesc_ackermann' in 'src/f1tenth_system/vesc/vesc_ackermann'
[2.964s] INFO:colcon.colcon_core.package_selection:Skipping not selected package 'vesc_driver' in 'src/f1tenth_system/vesc/vesc_driver'
[2.964s] INFO:colcon.colcon_core.package_selection:Skipping not selected package 'teleop_tools' in 'src/f1tenth_system/teleop_tools/teleop_tools'
[2.964s] INFO:colcon.colcon_core.package_selection:Skipping not selected package 'vesc' in 'src/f1tenth_system/vesc/vesc'
[2.965s] INFO:colcon.colcon_core.package_selection:Skipping not selected package 'f1tenth_slam_nav' in 'src/f1tenth_slam_nav'
[2.967s] Level 1:colcon.colcon_core.package_discovery:discover_packages(prefix_path) check parameters
[2.967s] Level 1:colcon.colcon_core.package_discovery:discover_packages(prefix_path) discover
[2.984s] DEBUG:colcon.colcon_installed_package_information.package_discovery:Found 19 installed packages in /home/f1/f1tenth_ws/install
[2.994s] DEBUG:colcon.colcon_installed_package_information.package_discovery:Found 308 installed packages in /opt/ros/foxy
[3.006s] Level 1:colcon.colcon_core.package_discovery:discover_packages(prefix_path) using defaults
[3.362s] WARNING:colcon.colcon_core.package_selection:Some selected packages are already built in one or more underlay workspaces:
	'f1tenth_stack' is in: /home/f1/f1tenth_ws/install/f1tenth_stack
If a package in a merged underlay workspace is overridden and it installs headers, then all packages in the overlay must sort their include directories by workspace order. Failure to do so may result in build failures or undefined behavior at run time.
If the overridden package is used by another package in any underlay, then the overriding package in the overlay must be API and ABI compatible or undefined behavior at run time may occur.

If you understand the risks and want to override a package anyways, add the following to the command line:
	--allow-overriding f1tenth_stack

This may be promoted to an error in a future release of colcon-override-check.
[3.368s] Level 5:colcon.colcon_core.verb:set package 'f1tenth_stack' build argument 'cmake_args' from command line to 'None'
[3.368s] Level 5:colcon.colcon_core.verb:set package 'f1tenth_stack' build argument 'cmake_target' from command line to 'None'
[3.368s] Level 5:colcon.colcon_core.verb:set package 'f1tenth_stack' build argument 'cmake_target_skip_unavailable' from command line to 'False'
[3.369s] Level 5:colcon.colcon_core.verb:set package 'f1tenth_stack' build argument 'cmake_clean_cache' from command line to 'False'
[3.369s] Level 5:colcon.colcon_core.verb:set package 'f1tenth_stack' build argument 'cmake_clean_first' from command line to 'False'
[3.369s] Level 5:colcon.colcon_core.verb:set package 'f1tenth_stack' build argument 'cmake_force_configure' from command line to 'False'
[3.369s] Level 5:colcon.colcon_core.verb:set package 'f1tenth_stack' build argument 'ament_cmake_args' from command line to 'None'
[3.369s] Level 5:colcon.colcon_core.verb:set package 'f1tenth_stack' build argument 'catkin_cmake_args' from command line to 'None'
[3.370s] Level 5:colcon.colcon_core.verb:set package 'f1tenth_stack' build argument 'catkin_skip_building_tests' from command line to 'False'
[3.370s] DEBUG:colcon.colcon_core.verb:Building package 'f1tenth_stack' with the following arguments: {'ament_cmake_args': None, 'build_base': '/home/f1/f1tenth_ws/build/f1tenth_stack', 'catkin_cmake_args': None, 'catkin_skip_building_tests': False, 'cmake_args': None, 'cmake_clean_cache': False, 'cmake_clean_first': False, 'cmake_force_configure': False, 'cmake_target': None, 'cmake_target_skip_unavailable': False, 'install_base': '/home/f1/f1tenth_ws/install/f1tenth_stack', 'merge_install': False, 'path': '/home/f1/f1tenth_ws/src/f1tenth_system/f1tenth_stack', 'symlink_install': False, 'test_result_base': None}
[3.371s] INFO:colcon.colcon_core.executor:Executing jobs using 'parallel' executor
[3.376s] DEBUG:colcon.colcon_parallel_executor.executor.parallel:run_until_complete
[3.377s] INFO:colcon.colcon_ros.task.ament_python.build:Building ROS package in '/home/f1/f1tenth_ws/src/f1tenth_system/f1tenth_stack' with build type 'ament_python'
[3.378s] Level 1:colcon.colcon_core.shell:create_environment_hook('f1tenth_stack', 'ament_prefix_path')
[3.392s] INFO:colcon.colcon_core.plugin_system:Skipping extension 'colcon_core.shell.bat': Not used on non-Windows systems
[3.393s] INFO:colcon.colcon_core.shell:Creating environment hook '/home/f1/f1tenth_ws/install/f1tenth_stack/share/f1tenth_stack/hook/ament_prefix_path.ps1'
[3.396s] INFO:colcon.colcon_core.shell:Creating environment descriptor '/home/f1/f1tenth_ws/install/f1tenth_stack/share/f1tenth_stack/hook/ament_prefix_path.dsv'
[3.399s] INFO:colcon.colcon_core.shell:Creating environment hook '/home/f1/f1tenth_ws/install/f1tenth_stack/share/f1tenth_stack/hook/ament_prefix_path.sh'
[3.402s] INFO:colcon.colcon_core.shell:Skip shell extension 'powershell' for command environment: Not usable outside of PowerShell
[3.403s] DEBUG:colcon.colcon_core.shell:Skip shell extension 'dsv' for command environment
[5.088s] INFO:colcon.colcon_core.task.python.build:Building Python package in '/home/f1/f1tenth_ws/src/f1tenth_system/f1tenth_stack'
[5.092s] INFO:colcon.colcon_core.shell:Skip shell extension 'powershell' for command environment: Not usable outside of PowerShell
[5.093s] DEBUG:colcon.colcon_core.shell:Skip shell extension 'dsv' for command environment
[7.600s] DEBUG:colcon.colcon_core.event_handler.log_command:Invoking command in '/home/f1/f1tenth_ws/src/f1tenth_system/f1tenth_stack': AMENT_PREFIX_PATH=/home/f1/f1tenth_ws/install/joy_teleop:/home/f1/f1tenth_ws/install/f1tenth_slam_nav:/home/f1/f1tenth_ws/install/f1tenth_stack:/home/f1/f1tenth_ws/install/vesc:/home/f1/f1tenth_ws/install/vesc_driver:/home/f1/f1tenth_ws/install/vesc_ackermann:/home/f1/f1tenth_ws/install/vesc_msgs:/home/f1/f1tenth_ws/install/teleop_tools:/home/f1/f1tenth_ws/install/teleop_tools_msgs:/home/f1/f1tenth_ws/install/pygame_key_teleop:/home/f1/f1tenth_ws/install/path_planner:/home/f1/f1tenth_ws/install/path_follow:/home/f1/f1tenth_ws/install/mouse_teleop:/home/f1/f1tenth_ws/install/lidar_processing:/home/f1/f1tenth_ws/install/key_teleop:/home/f1/f1tenth_ws/install/f1tenth_path_planner:/home/f1/f1tenth_ws/install/center_follow_cpp:/home/f1/f1tenth_ws/install/ackermann_mux:/opt/ros/foxy CMAKE_PREFIX_PATH=/home/f1/f1tenth_ws/install/vesc:/home/f1/f1tenth_ws/install/vesc_driver:/home/f1/f1tenth_ws/install/vesc_ackermann:/home/f1/f1tenth_ws/install/vesc_msgs:/home/f1/f1tenth_ws/install/teleop_tools_msgs:/home/f1/f1tenth_ws/install/ackermann_mux:/home/f1/f1tenth_ws/install/f1tenth_slam_nav:/home/f1/f1tenth_ws/install/teleop_tools:/home/f1/f1tenth_ws/install/path_planner:/home/f1/f1tenth_ws/install/path_follow:/home/f1/f1tenth_ws/install/lidar_processing:/home/f1/f1tenth_ws/install/center_follow_cpp PYTHONPATH=/home/f1/f1tenth_ws/build/f1tenth_stack/prefix_override:/usr/lib/python3/dist-packages/colcon_core/task/python/colcon_distutils_commands:/home/f1/f1tenth_ws/install/f1tenth_stack/lib/python3.8/site-packages:/home/f1/f1tenth_ws/build/joy_teleop:/home/f1/f1tenth_ws/install/joy_teleop/lib/python3.8/site-packages:/home/f1/f1tenth_ws/install/vesc_msgs/lib/python3.8/site-packages:/home/f1/f1tenth_ws/install/teleop_tools_msgs/lib/python3.8/site-packages:/home/f1/f1tenth_ws/install/f1tenth_slam_nav/lib/python3.8/site-packages:/home/f1/f1tenth_ws/install/f1tenth_stack/lib/python3.8/site-packages:/home/f1/f1tenth_ws/build/pygame_key_teleop:/home/f1/f1tenth_ws/install/pygame_key_teleop/lib/python3.8/site-packages:/home/f1/f1tenth_ws/build/mouse_teleop:/home/f1/f1tenth_ws/install/mouse_teleop/lib/python3.8/site-packages:/home/f1/f1tenth_ws/build/key_teleop:/home/f1/f1tenth_ws/install/key_teleop/lib/python3.8/site-packages:/home/f1/f1tenth_ws/install/f1tenth_path_planner/lib/python3.8/site-packages:/opt/ros/foxy/lib/python3.8/site-packages /usr/bin/python3 -W ignore:setup.py install is deprecated -W ignore:easy_install command is deprecated setup.py egg_info --egg-base ../../../build/f1tenth_stack build --build-base /home/f1/f1tenth_ws/build/f1tenth_stack/build install --record /home/f1/f1tenth_ws/build/f1tenth_stack/install.log --install-scripts $base/lib/f1tenth_stack --single-version-externally-managed install_data
[9.606s] DEBUG:colcon.colcon_core.event_handler.log_command:Invoked command in '/home/f1/f1tenth_ws/src/f1tenth_system/f1tenth_stack' returned '0': AMENT_PREFIX_PATH=/home/f1/f1tenth_ws/install/joy_teleop:/home/f1/f1tenth_ws/install/f1tenth_slam_nav:/home/f1/f1tenth_ws/install/f1tenth_stack:/home/f1/f1tenth_ws/install/vesc:/home/f1/f1tenth_ws/install/vesc_driver:/home/f1/f1tenth_ws/install/vesc_ackermann:/home/f1/f1tenth_ws/install/vesc_msgs:/home/f1/f1tenth_ws/install/teleop_tools:/home/f1/f1tenth_ws/install/teleop_tools_msgs:/home/f1/f1tenth_ws/install/pygame_key_teleop:/home/f1/f1tenth_ws/install/path_planner:/home/f1/f1tenth_ws/install/path_follow:/home/f1/f1tenth_ws/install/mouse_teleop:/home/f1/f1tenth_ws/install/lidar_processing:/home/f1/f1tenth_ws/install/key_teleop:/home/f1/f1tenth_ws/install/f1tenth_path_planner:/home/f1/f1tenth_ws/install/center_follow_cpp:/home/f1/f1tenth_ws/install/ackermann_mux:/opt/ros/foxy CMAKE_PREFIX_PATH=/home/f1/f1tenth_ws/install/vesc:/home/f1/f1tenth_ws/install/vesc_driver:/home/f1/f1tenth_ws/install/vesc_ackermann:/home/f1/f1tenth_ws/install/vesc_msgs:/home/f1/f1tenth_ws/install/teleop_tools_msgs:/home/f1/f1tenth_ws/install/ackermann_mux:/home/f1/f1tenth_ws/install/f1tenth_slam_nav:/home/f1/f1tenth_ws/install/teleop_tools:/home/f1/f1tenth_ws/install/path_planner:/home/f1/f1tenth_ws/install/path_follow:/home/f1/f1tenth_ws/install/lidar_processing:/home/f1/f1tenth_ws/install/center_follow_cpp PYTHONPATH=/home/f1/f1tenth_ws/build/f1tenth_stack/prefix_override:/usr/lib/python3/dist-packages/colcon_core/task/python/colcon_distutils_commands:/home/f1/f1tenth_ws/install/f1tenth_stack/lib/python3.8/site-packages:/home/f1/f1tenth_ws/build/joy_teleop:/home/f1/f1tenth_ws/install/joy_teleop/lib/python3.8/site-packages:/home/f1/f1tenth_ws/install/vesc_msgs/lib/python3.8/site-packages:/home/f1/f1tenth_ws/install/teleop_tools_msgs/lib/python3.8/site-packages:/home/f1/f1tenth_ws/install/f1tenth_slam_nav/lib/python3.8/site-packages:/home/f1/f1tenth_ws/install/f1tenth_stack/lib/python3.8/site-packages:/home/f1/f1tenth_ws/build/pygame_key_teleop:/home/f1/f1tenth_ws/install/pygame_key_teleop/lib/python3.8/site-packages:/home/f1/f1tenth_ws/build/mouse_teleop:/home/f1/f1tenth_ws/install/mouse_teleop/lib/python3.8/site-packages:/home/f1/f1tenth_ws/build/key_teleop:/home/f1/f1tenth_ws/install/key_teleop/lib/python3.8/site-packages:/home/f1/f1tenth_ws/install/f1tenth_path_planner/lib/python3.8/site-packages:/opt/ros/foxy/lib/python3.8/site-packages /usr/bin/python3 -W ignore:setup.py install is deprecated -W ignore:easy_install command is deprecated setup.py egg_info --egg-base ../../../build/f1tenth_stack build --build-base /home/f1/f1tenth_ws/build/f1tenth_stack/build install --record /home/f1/f1tenth_ws/build/f1tenth_stack/install.log --install-scripts $base/lib/f1tenth_stack --single-version-externally-managed install_data
[9.623s] Level 1:colcon.colcon_core.environment:checking '/home/f1/f1tenth_ws/install/f1tenth_stack' for CMake module files
[9.627s] Level 1:colcon.colcon_core.environment:checking '/home/f1/f1tenth_ws/install/f1tenth_stack' for CMake config files
[9.634s] Level 1:colcon.colcon_core.environment:checking '/home/f1/f1tenth_ws/install/f1tenth_stack/lib'
[9.635s] Level 1:colcon.colcon_core.environment:checking '/home/f1/f1tenth_ws/install/f1tenth_stack/bin'
[9.636s] Level 1:colcon.colcon_core.environment:checking '/home/f1/f1tenth_ws/install/f1tenth_stack/lib/pkgconfig/f1tenth_stack.pc'
[9.638s] Level 1:colcon.colcon_core.environment:checking '/home/f1/f1tenth_ws/install/f1tenth_stack/lib/python3.8/site-packages'
[9.639s] Level 1:colcon.colcon_core.shell:create_environment_hook('f1tenth_stack', 'pythonpath')
[9.641s] INFO:colcon.colcon_core.shell:Creating environment hook '/home/f1/f1tenth_ws/install/f1tenth_stack/share/f1tenth_stack/hook/pythonpath.ps1'
[9.645s] INFO:colcon.colcon_core.shell:Creating environment descriptor '/home/f1/f1tenth_ws/install/f1tenth_stack/share/f1tenth_stack/hook/pythonpath.dsv'
[9.654s] INFO:colcon.colcon_core.shell:Creating environment hook '/home/f1/f1tenth_ws/install/f1tenth_stack/share/f1tenth_stack/hook/pythonpath.sh'
[9.658s] Level 1:colcon.colcon_core.environment:checking '/home/f1/f1tenth_ws/install/f1tenth_stack/bin'
[9.659s] Level 1:colcon.colcon_core.environment:create_environment_scripts_only(f1tenth_stack)
[9.661s] INFO:colcon.colcon_core.shell:Creating package script '/home/f1/f1tenth_ws/install/f1tenth_stack/share/f1tenth_stack/package.ps1'
[9.667s] INFO:colcon.colcon_core.shell:Creating package descriptor '/home/f1/f1tenth_ws/install/f1tenth_stack/share/f1tenth_stack/package.dsv'
[9.670s] INFO:colcon.colcon_core.shell:Creating package script '/home/f1/f1tenth_ws/install/f1tenth_stack/share/f1tenth_stack/package.sh'
[9.674s] INFO:colcon.colcon_core.shell:Creating package script '/home/f1/f1tenth_ws/install/f1tenth_stack/share/f1tenth_stack/package.bash'
[9.678s] INFO:colcon.colcon_core.shell:Creating package script '/home/f1/f1tenth_ws/install/f1tenth_stack/share/f1tenth_stack/package.zsh'
[9.682s] Level 1:colcon.colcon_core.environment:create_file_with_runtime_dependencies(/home/f1/f1tenth_ws/install/f1tenth_stack/share/colcon-core/packages/f1tenth_stack)
[9.685s] DEBUG:colcon.colcon_parallel_executor.executor.parallel:closing loop
[9.688s] DEBUG:colcon.colcon_parallel_executor.executor.parallel:loop closed
[9.688s] DEBUG:colcon.colcon_parallel_executor.executor.parallel:run_until_complete finished with '0'
[9.689s] DEBUG:colcon.colcon_core.event_reactor:joining thread
[9.719s] INFO:colcon.colcon_core.plugin_system:Skipping extension 'colcon_notification.desktop_notification.terminal_notifier': Not used on non-Darwin systems
[9.720s] INFO:colcon.colcon_core.plugin_system:Skipping extension 'colcon_notification.desktop_notification.win32': Not used on non-Windows systems
[9.720s] INFO:colcon.colcon_notification.desktop_notification:Sending desktop notification using 'notify2'
[9.841s] DEBUG:colcon.colcon_core.event_reactor:joined thread
[9.843s] INFO:colcon.colcon_core.shell:Creating prefix script '/home/f1/f1tenth_ws/install/local_setup.ps1'
[9.848s] INFO:colcon.colcon_core.shell:Creating prefix util module '/home/f1/f1tenth_ws/install/_local_setup_util_ps1.py'
[9.858s] INFO:colcon.colcon_core.shell:Creating prefix chain script '/home/f1/f1tenth_ws/install/setup.ps1'
[9.875s] INFO:colcon.colcon_core.shell:Creating prefix script '/home/f1/f1tenth_ws/install/local_setup.sh'
[9.880s] INFO:colcon.colcon_core.shell:Creating prefix util module '/home/f1/f1tenth_ws/install/_local_setup_util_sh.py'
[9.884s] INFO:colcon.colcon_core.shell:Creating prefix chain script '/home/f1/f1tenth_ws/install/setup.sh'
[9.900s] INFO:colcon.colcon_core.shell:Creating prefix script '/home/f1/f1tenth_ws/install/local_setup.bash'
[9.908s] INFO:colcon.colcon_core.shell:Creating prefix chain script '/home/f1/f1tenth_ws/install/setup.bash'
[9.931s] INFO:colcon.colcon_core.shell:Creating prefix script '/home/f1/f1tenth_ws/install/local_setup.zsh'
[9.936s] INFO:colcon.colcon_core.shell:Creating prefix chain script '/home/f1/f1tenth_ws/install/setup.zsh'
