[1.712s] DEBUG:colcon:Command line arguments: ['/usr/bin/colcon', 'build', '--symlink-install', '--cmake-args', '-DCMAKE_BUILD_TYPE=Release']
[1.714s] DEBUG:colcon:Parsed command line arguments: Namespace(allow_overriding=[], ament_cmake_args=None, base_paths=['.'], build_base='build', catkin_cmake_args=None, catkin_skip_building_tests=False, cmake_args=['-DCMAKE_BUILD_TYPE=Release'], cmake_clean_cache=False, cmake_clean_first=False, cmake_force_configure=False, cmake_target=None, cmake_target_skip_unavailable=False, continue_on_error=False, event_handlers=None, executor='parallel', ignore_user_meta=False, install_base='install', log_base=None, log_level=None, main=<bound method BuildVerb.main of <colcon_core.verb.build.BuildVerb object at 0xffff8e73aeb0>>, merge_install=False, metas=['./colcon.meta'], mixin=None, mixin_files=None, mixin_verb=('build',), packages_above=None, packages_above_and_dependencies=None, packages_above_depth=None, packages_end=None, packages_ignore=None, packages_ignore_regex=None, packages_select=None, packages_select_build_failed=False, packages_select_by_dep=None, packages_select_regex=None, packages_select_test_failures=False, packages_skip=None, packages_skip_build_finished=False, packages_skip_by_dep=None, packages_skip_regex=None, packages_skip_test_passed=False, packages_skip_up_to=None, packages_start=None, packages_up_to=None, packages_up_to_regex=None, parallel_workers=6, paths=None, symlink_install=True, test_result_base=None, verb_extension=<colcon_core.verb.build.BuildVerb object at 0xffff8e73aeb0>, verb_name='build', verb_parser=<colcon_mixin.mixin.mixin_argument.MixinArgumentDecorator object at 0xffff8e60a910>)
[3.288s] Level 1:colcon.colcon_core.package_discovery:discover_packages(colcon_meta) check parameters
[3.290s] Level 1:colcon.colcon_core.package_discovery:discover_packages(recursive) check parameters
[3.291s] Level 1:colcon.colcon_core.package_discovery:discover_packages(ignore) check parameters
[3.294s] Level 1:colcon.colcon_core.package_discovery:discover_packages(path) check parameters
[3.295s] Level 1:colcon.colcon_core.package_discovery:discover_packages(colcon_meta) discover
[3.296s] Level 1:colcon.colcon_core.package_discovery:discover_packages(recursive) discover
[3.298s] INFO:colcon.colcon_core.package_discovery:Crawling recursively for packages in '/home/f1/f1tenth_ws'
[3.301s] Level 1:colcon.colcon_core.package_identification:_identify(.) by extensions ['ignore', 'ignore_ament_install']
[3.303s] Level 1:colcon.colcon_core.package_identification:_identify(.) by extension 'ignore'
[3.304s] Level 1:colcon.colcon_core.package_identification:_identify(.) by extension 'ignore_ament_install'
[3.305s] Level 1:colcon.colcon_core.package_identification:_identify(.) by extensions ['colcon_pkg']
[3.306s] Level 1:colcon.colcon_core.package_identification:_identify(.) by extension 'colcon_pkg'
[3.307s] Level 1:colcon.colcon_core.package_identification:_identify(.) by extensions ['colcon_meta']
[3.308s] Level 1:colcon.colcon_core.package_identification:_identify(.) by extension 'colcon_meta'
[3.309s] Level 1:colcon.colcon_core.package_identification:_identify(.) by extensions ['ros']
[3.310s] Level 1:colcon.colcon_core.package_identification:_identify(.) by extension 'ros'
[3.436s] Level 1:colcon.colcon_core.package_identification:_identify(.) by extensions ['cmake', 'python']
[3.437s] Level 1:colcon.colcon_core.package_identification:_identify(.) by extension 'cmake'
[3.439s] Level 1:colcon.colcon_core.package_identification:_identify(.) by extension 'python'
[3.441s] Level 1:colcon.colcon_core.package_identification:_identify(.) by extensions ['python_setup_py']
[3.442s] Level 1:colcon.colcon_core.package_identification:_identify(.) by extension 'python_setup_py'
[3.445s] Level 1:colcon.colcon_core.package_identification:_identify(bags) by extensions ['ignore', 'ignore_ament_install']
[3.456s] Level 1:colcon.colcon_core.package_identification:_identify(bags) by extension 'ignore'
[3.457s] Level 1:colcon.colcon_core.package_identification:_identify(bags) by extension 'ignore_ament_install'
[3.459s] Level 1:colcon.colcon_core.package_identification:_identify(bags) by extensions ['colcon_pkg']
[3.460s] Level 1:colcon.colcon_core.package_identification:_identify(bags) by extension 'colcon_pkg'
[3.461s] Level 1:colcon.colcon_core.package_identification:_identify(bags) by extensions ['colcon_meta']
[3.462s] Level 1:colcon.colcon_core.package_identification:_identify(bags) by extension 'colcon_meta'
[3.463s] Level 1:colcon.colcon_core.package_identification:_identify(bags) by extensions ['ros']
[3.464s] Level 1:colcon.colcon_core.package_identification:_identify(bags) by extension 'ros'
[3.466s] Level 1:colcon.colcon_core.package_identification:_identify(bags) by extensions ['cmake', 'python']
[3.467s] Level 1:colcon.colcon_core.package_identification:_identify(bags) by extension 'cmake'
[3.468s] Level 1:colcon.colcon_core.package_identification:_identify(bags) by extension 'python'
[3.469s] Level 1:colcon.colcon_core.package_identification:_identify(bags) by extensions ['python_setup_py']
[3.470s] Level 1:colcon.colcon_core.package_identification:_identify(bags) by extension 'python_setup_py'
[3.471s] Level 1:colcon.colcon_core.package_identification:_identify(bags/maps) by extensions ['ignore', 'ignore_ament_install']
[3.472s] Level 1:colcon.colcon_core.package_identification:_identify(bags/maps) by extension 'ignore'
[3.472s] Level 1:colcon.colcon_core.package_identification:_identify(bags/maps) by extension 'ignore_ament_install'
[3.473s] Level 1:colcon.colcon_core.package_identification:_identify(bags/maps) by extensions ['colcon_pkg']
[3.474s] Level 1:colcon.colcon_core.package_identification:_identify(bags/maps) by extension 'colcon_pkg'
[3.475s] Level 1:colcon.colcon_core.package_identification:_identify(bags/maps) by extensions ['colcon_meta']
[3.475s] Level 1:colcon.colcon_core.package_identification:_identify(bags/maps) by extension 'colcon_meta'
[3.476s] Level 1:colcon.colcon_core.package_identification:_identify(bags/maps) by extensions ['ros']
[3.476s] Level 1:colcon.colcon_core.package_identification:_identify(bags/maps) by extension 'ros'
[3.478s] Level 1:colcon.colcon_core.package_identification:_identify(bags/maps) by extensions ['cmake', 'python']
[3.479s] Level 1:colcon.colcon_core.package_identification:_identify(bags/maps) by extension 'cmake'
[3.479s] Level 1:colcon.colcon_core.package_identification:_identify(bags/maps) by extension 'python'
[3.481s] Level 1:colcon.colcon_core.package_identification:_identify(bags/maps) by extensions ['python_setup_py']
[3.481s] Level 1:colcon.colcon_core.package_identification:_identify(bags/maps) by extension 'python_setup_py'
[3.483s] Level 1:colcon.colcon_core.package_identification:_identify(bags/maps/1017_with_obs_1) by extensions ['ignore', 'ignore_ament_install']
[3.484s] Level 1:colcon.colcon_core.package_identification:_identify(bags/maps/1017_with_obs_1) by extension 'ignore'
[3.484s] Level 1:colcon.colcon_core.package_identification:_identify(bags/maps/1017_with_obs_1) by extension 'ignore_ament_install'
[3.485s] Level 1:colcon.colcon_core.package_identification:_identify(bags/maps/1017_with_obs_1) by extensions ['colcon_pkg']
[3.486s] Level 1:colcon.colcon_core.package_identification:_identify(bags/maps/1017_with_obs_1) by extension 'colcon_pkg'
[3.486s] Level 1:colcon.colcon_core.package_identification:_identify(bags/maps/1017_with_obs_1) by extensions ['colcon_meta']
[3.487s] Level 1:colcon.colcon_core.package_identification:_identify(bags/maps/1017_with_obs_1) by extension 'colcon_meta'
[3.488s] Level 1:colcon.colcon_core.package_identification:_identify(bags/maps/1017_with_obs_1) by extensions ['ros']
[3.489s] Level 1:colcon.colcon_core.package_identification:_identify(bags/maps/1017_with_obs_1) by extension 'ros'
[3.490s] Level 1:colcon.colcon_core.package_identification:_identify(bags/maps/1017_with_obs_1) by extensions ['cmake', 'python']
[3.491s] Level 1:colcon.colcon_core.package_identification:_identify(bags/maps/1017_with_obs_1) by extension 'cmake'
[3.491s] Level 1:colcon.colcon_core.package_identification:_identify(bags/maps/1017_with_obs_1) by extension 'python'
[3.492s] Level 1:colcon.colcon_core.package_identification:_identify(bags/maps/1017_with_obs_1) by extensions ['python_setup_py']
[3.493s] Level 1:colcon.colcon_core.package_identification:_identify(bags/maps/1017_with_obs_1) by extension 'python_setup_py'
[3.494s] Level 1:colcon.colcon_core.package_identification:_identify(bags/maps/1017_with_obs_2) by extensions ['ignore', 'ignore_ament_install']
[3.494s] Level 1:colcon.colcon_core.package_identification:_identify(bags/maps/1017_with_obs_2) by extension 'ignore'
[3.495s] Level 1:colcon.colcon_core.package_identification:_identify(bags/maps/1017_with_obs_2) by extension 'ignore_ament_install'
[3.496s] Level 1:colcon.colcon_core.package_identification:_identify(bags/maps/1017_with_obs_2) by extensions ['colcon_pkg']
[3.497s] Level 1:colcon.colcon_core.package_identification:_identify(bags/maps/1017_with_obs_2) by extension 'colcon_pkg'
[3.497s] Level 1:colcon.colcon_core.package_identification:_identify(bags/maps/1017_with_obs_2) by extensions ['colcon_meta']
[3.501s] Level 1:colcon.colcon_core.package_identification:_identify(bags/maps/1017_with_obs_2) by extension 'colcon_meta'
[3.502s] Level 1:colcon.colcon_core.package_identification:_identify(bags/maps/1017_with_obs_2) by extensions ['ros']
[3.502s] Level 1:colcon.colcon_core.package_identification:_identify(bags/maps/1017_with_obs_2) by extension 'ros'
[3.503s] Level 1:colcon.colcon_core.package_identification:_identify(bags/maps/1017_with_obs_2) by extensions ['cmake', 'python']
[3.504s] Level 1:colcon.colcon_core.package_identification:_identify(bags/maps/1017_with_obs_2) by extension 'cmake'
[3.504s] Level 1:colcon.colcon_core.package_identification:_identify(bags/maps/1017_with_obs_2) by extension 'python'
[3.505s] Level 1:colcon.colcon_core.package_identification:_identify(bags/maps/1017_with_obs_2) by extensions ['python_setup_py']
[3.506s] Level 1:colcon.colcon_core.package_identification:_identify(bags/maps/1017_with_obs_2) by extension 'python_setup_py'
[3.507s] Level 1:colcon.colcon_core.package_identification:_identify(bags/maps/1017_without_obs) by extensions ['ignore', 'ignore_ament_install']
[3.507s] Level 1:colcon.colcon_core.package_identification:_identify(bags/maps/1017_without_obs) by extension 'ignore'
[3.508s] Level 1:colcon.colcon_core.package_identification:_identify(bags/maps/1017_without_obs) by extension 'ignore_ament_install'
[3.509s] Level 1:colcon.colcon_core.package_identification:_identify(bags/maps/1017_without_obs) by extensions ['colcon_pkg']
[3.509s] Level 1:colcon.colcon_core.package_identification:_identify(bags/maps/1017_without_obs) by extension 'colcon_pkg'
[3.510s] Level 1:colcon.colcon_core.package_identification:_identify(bags/maps/1017_without_obs) by extensions ['colcon_meta']
[3.510s] Level 1:colcon.colcon_core.package_identification:_identify(bags/maps/1017_without_obs) by extension 'colcon_meta'
[3.511s] Level 1:colcon.colcon_core.package_identification:_identify(bags/maps/1017_without_obs) by extensions ['ros']
[3.512s] Level 1:colcon.colcon_core.package_identification:_identify(bags/maps/1017_without_obs) by extension 'ros'
[3.513s] Level 1:colcon.colcon_core.package_identification:_identify(bags/maps/1017_without_obs) by extensions ['cmake', 'python']
[3.513s] Level 1:colcon.colcon_core.package_identification:_identify(bags/maps/1017_without_obs) by extension 'cmake'
[3.514s] Level 1:colcon.colcon_core.package_identification:_identify(bags/maps/1017_without_obs) by extension 'python'
[3.515s] Level 1:colcon.colcon_core.package_identification:_identify(bags/maps/1017_without_obs) by extensions ['python_setup_py']
[3.516s] Level 1:colcon.colcon_core.package_identification:_identify(bags/maps/1017_without_obs) by extension 'python_setup_py'
[3.517s] Level 1:colcon.colcon_core.package_identification:_identify(build) by extensions ['ignore', 'ignore_ament_install']
[3.518s] Level 1:colcon.colcon_core.package_identification:_identify(build) by extension 'ignore'
[3.519s] Level 1:colcon.colcon_core.package_identification:_identify(build) ignored
[3.520s] Level 1:colcon.colcon_core.package_identification:_identify(config) by extensions ['ignore', 'ignore_ament_install']
[3.521s] Level 1:colcon.colcon_core.package_identification:_identify(config) by extension 'ignore'
[3.522s] Level 1:colcon.colcon_core.package_identification:_identify(config) by extension 'ignore_ament_install'
[3.524s] Level 1:colcon.colcon_core.package_identification:_identify(config) by extensions ['colcon_pkg']
[3.524s] Level 1:colcon.colcon_core.package_identification:_identify(config) by extension 'colcon_pkg'
[3.525s] Level 1:colcon.colcon_core.package_identification:_identify(config) by extensions ['colcon_meta']
[3.525s] Level 1:colcon.colcon_core.package_identification:_identify(config) by extension 'colcon_meta'
[3.526s] Level 1:colcon.colcon_core.package_identification:_identify(config) by extensions ['ros']
[3.527s] Level 1:colcon.colcon_core.package_identification:_identify(config) by extension 'ros'
[3.527s] Level 1:colcon.colcon_core.package_identification:_identify(config) by extensions ['cmake', 'python']
[3.528s] Level 1:colcon.colcon_core.package_identification:_identify(config) by extension 'cmake'
[3.529s] Level 1:colcon.colcon_core.package_identification:_identify(config) by extension 'python'
[3.529s] Level 1:colcon.colcon_core.package_identification:_identify(config) by extensions ['python_setup_py']
[3.530s] Level 1:colcon.colcon_core.package_identification:_identify(config) by extension 'python_setup_py'
[3.531s] Level 1:colcon.colcon_core.package_identification:_identify(install) by extensions ['ignore', 'ignore_ament_install']
[3.531s] Level 1:colcon.colcon_core.package_identification:_identify(install) by extension 'ignore'
[3.532s] Level 1:colcon.colcon_core.package_identification:_identify(install) ignored
[3.533s] Level 1:colcon.colcon_core.package_identification:_identify(launch) by extensions ['ignore', 'ignore_ament_install']
[3.534s] Level 1:colcon.colcon_core.package_identification:_identify(launch) by extension 'ignore'
[3.534s] Level 1:colcon.colcon_core.package_identification:_identify(launch) by extension 'ignore_ament_install'
[3.535s] Level 1:colcon.colcon_core.package_identification:_identify(launch) by extensions ['colcon_pkg']
[3.535s] Level 1:colcon.colcon_core.package_identification:_identify(launch) by extension 'colcon_pkg'
[3.536s] Level 1:colcon.colcon_core.package_identification:_identify(launch) by extensions ['colcon_meta']
[3.536s] Level 1:colcon.colcon_core.package_identification:_identify(launch) by extension 'colcon_meta'
[3.537s] Level 1:colcon.colcon_core.package_identification:_identify(launch) by extensions ['ros']
[3.537s] Level 1:colcon.colcon_core.package_identification:_identify(launch) by extension 'ros'
[3.538s] Level 1:colcon.colcon_core.package_identification:_identify(launch) by extensions ['cmake', 'python']
[3.539s] Level 1:colcon.colcon_core.package_identification:_identify(launch) by extension 'cmake'
[3.539s] Level 1:colcon.colcon_core.package_identification:_identify(launch) by extension 'python'
[3.540s] Level 1:colcon.colcon_core.package_identification:_identify(launch) by extensions ['python_setup_py']
[3.540s] Level 1:colcon.colcon_core.package_identification:_identify(launch) by extension 'python_setup_py'
[3.541s] Level 1:colcon.colcon_core.package_identification:_identify(launch/__pycache__) by extensions ['ignore', 'ignore_ament_install']
[3.542s] Level 1:colcon.colcon_core.package_identification:_identify(launch/__pycache__) by extension 'ignore'
[3.544s] Level 1:colcon.colcon_core.package_identification:_identify(launch/__pycache__) by extension 'ignore_ament_install'
[3.545s] Level 1:colcon.colcon_core.package_identification:_identify(launch/__pycache__) by extensions ['colcon_pkg']
[3.545s] Level 1:colcon.colcon_core.package_identification:_identify(launch/__pycache__) by extension 'colcon_pkg'
[3.547s] Level 1:colcon.colcon_core.package_identification:_identify(launch/__pycache__) by extensions ['colcon_meta']
[3.547s] Level 1:colcon.colcon_core.package_identification:_identify(launch/__pycache__) by extension 'colcon_meta'
[3.548s] Level 1:colcon.colcon_core.package_identification:_identify(launch/__pycache__) by extensions ['ros']
[3.549s] Level 1:colcon.colcon_core.package_identification:_identify(launch/__pycache__) by extension 'ros'
[3.550s] Level 1:colcon.colcon_core.package_identification:_identify(launch/__pycache__) by extensions ['cmake', 'python']
[3.550s] Level 1:colcon.colcon_core.package_identification:_identify(launch/__pycache__) by extension 'cmake'
[3.551s] Level 1:colcon.colcon_core.package_identification:_identify(launch/__pycache__) by extension 'python'
[3.553s] Level 1:colcon.colcon_core.package_identification:_identify(launch/__pycache__) by extensions ['python_setup_py']
[3.553s] Level 1:colcon.colcon_core.package_identification:_identify(launch/__pycache__) by extension 'python_setup_py'
[3.556s] Level 1:colcon.colcon_core.package_identification:_identify(log) by extensions ['ignore', 'ignore_ament_install']
[3.556s] Level 1:colcon.colcon_core.package_identification:_identify(log) by extension 'ignore'
[3.557s] Level 1:colcon.colcon_core.package_identification:_identify(log) ignored
[3.558s] Level 1:colcon.colcon_core.package_identification:_identify(maps_racelines_) by extensions ['ignore', 'ignore_ament_install']
[3.559s] Level 1:colcon.colcon_core.package_identification:_identify(maps_racelines_) by extension 'ignore'
[3.559s] Level 1:colcon.colcon_core.package_identification:_identify(maps_racelines_) by extension 'ignore_ament_install'
[3.560s] Level 1:colcon.colcon_core.package_identification:_identify(maps_racelines_) by extensions ['colcon_pkg']
[3.561s] Level 1:colcon.colcon_core.package_identification:_identify(maps_racelines_) by extension 'colcon_pkg'
[3.561s] Level 1:colcon.colcon_core.package_identification:_identify(maps_racelines_) by extensions ['colcon_meta']
[3.562s] Level 1:colcon.colcon_core.package_identification:_identify(maps_racelines_) by extension 'colcon_meta'
[3.563s] Level 1:colcon.colcon_core.package_identification:_identify(maps_racelines_) by extensions ['ros']
[3.564s] Level 1:colcon.colcon_core.package_identification:_identify(maps_racelines_) by extension 'ros'
[3.565s] Level 1:colcon.colcon_core.package_identification:_identify(maps_racelines_) by extensions ['cmake', 'python']
[3.566s] Level 1:colcon.colcon_core.package_identification:_identify(maps_racelines_) by extension 'cmake'
[3.574s] Level 1:colcon.colcon_core.package_identification:_identify(maps_racelines_) by extension 'python'
[3.575s] Level 1:colcon.colcon_core.package_identification:_identify(maps_racelines_) by extensions ['python_setup_py']
[3.576s] Level 1:colcon.colcon_core.package_identification:_identify(maps_racelines_) by extension 'python_setup_py'
[3.578s] Level 1:colcon.colcon_core.package_identification:_identify(maps_racelines_/maps) by extensions ['ignore', 'ignore_ament_install']
[3.580s] Level 1:colcon.colcon_core.package_identification:_identify(maps_racelines_/maps) by extension 'ignore'
[3.581s] Level 1:colcon.colcon_core.package_identification:_identify(maps_racelines_/maps) by extension 'ignore_ament_install'
[3.582s] Level 1:colcon.colcon_core.package_identification:_identify(maps_racelines_/maps) by extensions ['colcon_pkg']
[3.582s] Level 1:colcon.colcon_core.package_identification:_identify(maps_racelines_/maps) by extension 'colcon_pkg'
[3.583s] Level 1:colcon.colcon_core.package_identification:_identify(maps_racelines_/maps) by extensions ['colcon_meta']
[3.583s] Level 1:colcon.colcon_core.package_identification:_identify(maps_racelines_/maps) by extension 'colcon_meta'
[3.584s] Level 1:colcon.colcon_core.package_identification:_identify(maps_racelines_/maps) by extensions ['ros']
[3.585s] Level 1:colcon.colcon_core.package_identification:_identify(maps_racelines_/maps) by extension 'ros'
[3.586s] Level 1:colcon.colcon_core.package_identification:_identify(maps_racelines_/maps) by extensions ['cmake', 'python']
[3.586s] Level 1:colcon.colcon_core.package_identification:_identify(maps_racelines_/maps) by extension 'cmake'
[3.587s] Level 1:colcon.colcon_core.package_identification:_identify(maps_racelines_/maps) by extension 'python'
[3.588s] Level 1:colcon.colcon_core.package_identification:_identify(maps_racelines_/maps) by extensions ['python_setup_py']
[3.588s] Level 1:colcon.colcon_core.package_identification:_identify(maps_racelines_/maps) by extension 'python_setup_py'
[3.589s] Level 1:colcon.colcon_core.package_identification:_identify(maps_racelines_/raceline) by extensions ['ignore', 'ignore_ament_install']
[3.590s] Level 1:colcon.colcon_core.package_identification:_identify(maps_racelines_/raceline) by extension 'ignore'
[3.591s] Level 1:colcon.colcon_core.package_identification:_identify(maps_racelines_/raceline) by extension 'ignore_ament_install'
[3.592s] Level 1:colcon.colcon_core.package_identification:_identify(maps_racelines_/raceline) by extensions ['colcon_pkg']
[3.593s] Level 1:colcon.colcon_core.package_identification:_identify(maps_racelines_/raceline) by extension 'colcon_pkg'
[3.594s] Level 1:colcon.colcon_core.package_identification:_identify(maps_racelines_/raceline) by extensions ['colcon_meta']
[3.594s] Level 1:colcon.colcon_core.package_identification:_identify(maps_racelines_/raceline) by extension 'colcon_meta'
[3.596s] Level 1:colcon.colcon_core.package_identification:_identify(maps_racelines_/raceline) by extensions ['ros']
[3.597s] Level 1:colcon.colcon_core.package_identification:_identify(maps_racelines_/raceline) by extension 'ros'
[3.609s] Level 1:colcon.colcon_core.package_identification:_identify(maps_racelines_/raceline) by extensions ['cmake', 'python']
[3.610s] Level 1:colcon.colcon_core.package_identification:_identify(maps_racelines_/raceline) by extension 'cmake'
[3.611s] Level 1:colcon.colcon_core.package_identification:_identify(maps_racelines_/raceline) by extension 'python'
[3.611s] Level 1:colcon.colcon_core.package_identification:_identify(maps_racelines_/raceline) by extensions ['python_setup_py']
[3.612s] Level 1:colcon.colcon_core.package_identification:_identify(maps_racelines_/raceline) by extension 'python_setup_py'
[3.614s] Level 1:colcon.colcon_core.package_identification:_identify(maps_racelines_/src) by extensions ['ignore', 'ignore_ament_install']
[3.614s] Level 1:colcon.colcon_core.package_identification:_identify(maps_racelines_/src) by extension 'ignore'
[3.615s] Level 1:colcon.colcon_core.package_identification:_identify(maps_racelines_/src) by extension 'ignore_ament_install'
[3.616s] Level 1:colcon.colcon_core.package_identification:_identify(maps_racelines_/src) by extensions ['colcon_pkg']
[3.617s] Level 1:colcon.colcon_core.package_identification:_identify(maps_racelines_/src) by extension 'colcon_pkg'
[3.618s] Level 1:colcon.colcon_core.package_identification:_identify(maps_racelines_/src) by extensions ['colcon_meta']
[3.618s] Level 1:colcon.colcon_core.package_identification:_identify(maps_racelines_/src) by extension 'colcon_meta'
[3.619s] Level 1:colcon.colcon_core.package_identification:_identify(maps_racelines_/src) by extensions ['ros']
[3.620s] Level 1:colcon.colcon_core.package_identification:_identify(maps_racelines_/src) by extension 'ros'
[3.621s] Level 1:colcon.colcon_core.package_identification:_identify(maps_racelines_/src) by extensions ['cmake', 'python']
[3.622s] Level 1:colcon.colcon_core.package_identification:_identify(maps_racelines_/src) by extension 'cmake'
[3.624s] Level 1:colcon.colcon_core.package_identification:_identify(maps_racelines_/src) by extension 'python'
[3.624s] Level 1:colcon.colcon_core.package_identification:_identify(maps_racelines_/src) by extensions ['python_setup_py']
[3.625s] Level 1:colcon.colcon_core.package_identification:_identify(maps_racelines_/src) by extension 'python_setup_py'
[3.626s] Level 1:colcon.colcon_core.package_identification:_identify(maps_racelines_/src/__pycache__) by extensions ['ignore', 'ignore_ament_install']
[3.627s] Level 1:colcon.colcon_core.package_identification:_identify(maps_racelines_/src/__pycache__) by extension 'ignore'
[3.628s] Level 1:colcon.colcon_core.package_identification:_identify(maps_racelines_/src/__pycache__) by extension 'ignore_ament_install'
[3.628s] Level 1:colcon.colcon_core.package_identification:_identify(maps_racelines_/src/__pycache__) by extensions ['colcon_pkg']
[3.629s] Level 1:colcon.colcon_core.package_identification:_identify(maps_racelines_/src/__pycache__) by extension 'colcon_pkg'
[3.630s] Level 1:colcon.colcon_core.package_identification:_identify(maps_racelines_/src/__pycache__) by extensions ['colcon_meta']
[3.630s] Level 1:colcon.colcon_core.package_identification:_identify(maps_racelines_/src/__pycache__) by extension 'colcon_meta'
[3.631s] Level 1:colcon.colcon_core.package_identification:_identify(maps_racelines_/src/__pycache__) by extensions ['ros']
[3.632s] Level 1:colcon.colcon_core.package_identification:_identify(maps_racelines_/src/__pycache__) by extension 'ros'
[3.633s] Level 1:colcon.colcon_core.package_identification:_identify(maps_racelines_/src/__pycache__) by extensions ['cmake', 'python']
[3.634s] Level 1:colcon.colcon_core.package_identification:_identify(maps_racelines_/src/__pycache__) by extension 'cmake'
[3.634s] Level 1:colcon.colcon_core.package_identification:_identify(maps_racelines_/src/__pycache__) by extension 'python'
[3.635s] Level 1:colcon.colcon_core.package_identification:_identify(maps_racelines_/src/__pycache__) by extensions ['python_setup_py']
[3.635s] Level 1:colcon.colcon_core.package_identification:_identify(maps_racelines_/src/__pycache__) by extension 'python_setup_py'
[3.636s] Level 1:colcon.colcon_core.package_identification:_identify(maps_racelines_/src/outputs) by extensions ['ignore', 'ignore_ament_install']
[3.637s] Level 1:colcon.colcon_core.package_identification:_identify(maps_racelines_/src/outputs) by extension 'ignore'
[3.638s] Level 1:colcon.colcon_core.package_identification:_identify(maps_racelines_/src/outputs) by extension 'ignore_ament_install'
[3.639s] Level 1:colcon.colcon_core.package_identification:_identify(maps_racelines_/src/outputs) by extensions ['colcon_pkg']
[3.640s] Level 1:colcon.colcon_core.package_identification:_identify(maps_racelines_/src/outputs) by extension 'colcon_pkg'
[3.640s] Level 1:colcon.colcon_core.package_identification:_identify(maps_racelines_/src/outputs) by extensions ['colcon_meta']
[3.641s] Level 1:colcon.colcon_core.package_identification:_identify(maps_racelines_/src/outputs) by extension 'colcon_meta'
[3.642s] Level 1:colcon.colcon_core.package_identification:_identify(maps_racelines_/src/outputs) by extensions ['ros']
[3.644s] Level 1:colcon.colcon_core.package_identification:_identify(maps_racelines_/src/outputs) by extension 'ros'
[3.646s] Level 1:colcon.colcon_core.package_identification:_identify(maps_racelines_/src/outputs) by extensions ['cmake', 'python']
[3.647s] Level 1:colcon.colcon_core.package_identification:_identify(maps_racelines_/src/outputs) by extension 'cmake'
[3.650s] Level 1:colcon.colcon_core.package_identification:_identify(maps_racelines_/src/outputs) by extension 'python'
[3.655s] Level 1:colcon.colcon_core.package_identification:_identify(maps_racelines_/src/outputs) by extensions ['python_setup_py']
[3.655s] Level 1:colcon.colcon_core.package_identification:_identify(maps_racelines_/src/outputs) by extension 'python_setup_py'
[3.664s] Level 1:colcon.colcon_core.package_identification:_identify(maps_racelines_/src/outputs/gap_map_path) by extensions ['ignore', 'ignore_ament_install']
[3.667s] Level 1:colcon.colcon_core.package_identification:_identify(maps_racelines_/src/outputs/gap_map_path) by extension 'ignore'
[3.667s] Level 1:colcon.colcon_core.package_identification:_identify(maps_racelines_/src/outputs/gap_map_path) by extension 'ignore_ament_install'
[3.676s] Level 1:colcon.colcon_core.package_identification:_identify(maps_racelines_/src/outputs/gap_map_path) by extensions ['colcon_pkg']
[3.677s] Level 1:colcon.colcon_core.package_identification:_identify(maps_racelines_/src/outputs/gap_map_path) by extension 'colcon_pkg'
[3.677s] Level 1:colcon.colcon_core.package_identification:_identify(maps_racelines_/src/outputs/gap_map_path) by extensions ['colcon_meta']
[3.678s] Level 1:colcon.colcon_core.package_identification:_identify(maps_racelines_/src/outputs/gap_map_path) by extension 'colcon_meta'
[3.678s] Level 1:colcon.colcon_core.package_identification:_identify(maps_racelines_/src/outputs/gap_map_path) by extensions ['ros']
[3.678s] Level 1:colcon.colcon_core.package_identification:_identify(maps_racelines_/src/outputs/gap_map_path) by extension 'ros'
[3.679s] Level 1:colcon.colcon_core.package_identification:_identify(maps_racelines_/src/outputs/gap_map_path) by extensions ['cmake', 'python']
[3.680s] Level 1:colcon.colcon_core.package_identification:_identify(maps_racelines_/src/outputs/gap_map_path) by extension 'cmake'
[3.680s] Level 1:colcon.colcon_core.package_identification:_identify(maps_racelines_/src/outputs/gap_map_path) by extension 'python'
[3.681s] Level 1:colcon.colcon_core.package_identification:_identify(maps_racelines_/src/outputs/gap_map_path) by extensions ['python_setup_py']
[3.681s] Level 1:colcon.colcon_core.package_identification:_identify(maps_racelines_/src/outputs/gap_map_path) by extension 'python_setup_py'
[3.682s] Level 1:colcon.colcon_core.package_identification:_identify(maps_racelines_/src/params) by extensions ['ignore', 'ignore_ament_install']
[3.683s] Level 1:colcon.colcon_core.package_identification:_identify(maps_racelines_/src/params) by extension 'ignore'
[3.683s] Level 1:colcon.colcon_core.package_identification:_identify(maps_racelines_/src/params) by extension 'ignore_ament_install'
[3.686s] Level 1:colcon.colcon_core.package_identification:_identify(maps_racelines_/src/params) by extensions ['colcon_pkg']
[3.686s] Level 1:colcon.colcon_core.package_identification:_identify(maps_racelines_/src/params) by extension 'colcon_pkg'
[3.689s] Level 1:colcon.colcon_core.package_identification:_identify(maps_racelines_/src/params) by extensions ['colcon_meta']
[3.689s] Level 1:colcon.colcon_core.package_identification:_identify(maps_racelines_/src/params) by extension 'colcon_meta'
[3.689s] Level 1:colcon.colcon_core.package_identification:_identify(maps_racelines_/src/params) by extensions ['ros']
[3.690s] Level 1:colcon.colcon_core.package_identification:_identify(maps_racelines_/src/params) by extension 'ros'
[3.690s] Level 1:colcon.colcon_core.package_identification:_identify(maps_racelines_/src/params) by extensions ['cmake', 'python']
[3.691s] Level 1:colcon.colcon_core.package_identification:_identify(maps_racelines_/src/params) by extension 'cmake'
[3.691s] Level 1:colcon.colcon_core.package_identification:_identify(maps_racelines_/src/params) by extension 'python'
[3.691s] Level 1:colcon.colcon_core.package_identification:_identify(maps_racelines_/src/params) by extensions ['python_setup_py']
[3.691s] Level 1:colcon.colcon_core.package_identification:_identify(maps_racelines_/src/params) by extension 'python_setup_py'
[3.692s] Level 1:colcon.colcon_core.package_identification:_identify(maps_racelines_/src/temp) by extensions ['ignore', 'ignore_ament_install']
[3.693s] Level 1:colcon.colcon_core.package_identification:_identify(maps_racelines_/src/temp) by extension 'ignore'
[3.693s] Level 1:colcon.colcon_core.package_identification:_identify(maps_racelines_/src/temp) by extension 'ignore_ament_install'
[3.693s] Level 1:colcon.colcon_core.package_identification:_identify(maps_racelines_/src/temp) by extensions ['colcon_pkg']
[3.694s] Level 1:colcon.colcon_core.package_identification:_identify(maps_racelines_/src/temp) by extension 'colcon_pkg'
[3.694s] Level 1:colcon.colcon_core.package_identification:_identify(maps_racelines_/src/temp) by extensions ['colcon_meta']
[3.694s] Level 1:colcon.colcon_core.package_identification:_identify(maps_racelines_/src/temp) by extension 'colcon_meta'
[3.695s] Level 1:colcon.colcon_core.package_identification:_identify(maps_racelines_/src/temp) by extensions ['ros']
[3.695s] Level 1:colcon.colcon_core.package_identification:_identify(maps_racelines_/src/temp) by extension 'ros'
[3.695s] Level 1:colcon.colcon_core.package_identification:_identify(maps_racelines_/src/temp) by extensions ['cmake', 'python']
[3.696s] Level 1:colcon.colcon_core.package_identification:_identify(maps_racelines_/src/temp) by extension 'cmake'
[3.697s] Level 1:colcon.colcon_core.package_identification:_identify(maps_racelines_/src/temp) by extension 'python'
[3.698s] Level 1:colcon.colcon_core.package_identification:_identify(maps_racelines_/src/temp) by extensions ['python_setup_py']
[3.698s] Level 1:colcon.colcon_core.package_identification:_identify(maps_racelines_/src/temp) by extension 'python_setup_py'
[3.699s] Level 1:colcon.colcon_core.package_identification:_identify(rosbag) by extensions ['ignore', 'ignore_ament_install']
[3.700s] Level 1:colcon.colcon_core.package_identification:_identify(rosbag) by extension 'ignore'
[3.700s] Level 1:colcon.colcon_core.package_identification:_identify(rosbag) by extension 'ignore_ament_install'
[3.701s] Level 1:colcon.colcon_core.package_identification:_identify(rosbag) by extensions ['colcon_pkg']
[3.703s] Level 1:colcon.colcon_core.package_identification:_identify(rosbag) by extension 'colcon_pkg'
[3.704s] Level 1:colcon.colcon_core.package_identification:_identify(rosbag) by extensions ['colcon_meta']
[3.704s] Level 1:colcon.colcon_core.package_identification:_identify(rosbag) by extension 'colcon_meta'
[3.705s] Level 1:colcon.colcon_core.package_identification:_identify(rosbag) by extensions ['ros']
[3.705s] Level 1:colcon.colcon_core.package_identification:_identify(rosbag) by extension 'ros'
[3.706s] Level 1:colcon.colcon_core.package_identification:_identify(rosbag) by extensions ['cmake', 'python']
[3.706s] Level 1:colcon.colcon_core.package_identification:_identify(rosbag) by extension 'cmake'
[3.706s] Level 1:colcon.colcon_core.package_identification:_identify(rosbag) by extension 'python'
[3.707s] Level 1:colcon.colcon_core.package_identification:_identify(rosbag) by extensions ['python_setup_py']
[3.707s] Level 1:colcon.colcon_core.package_identification:_identify(rosbag) by extension 'python_setup_py'
[3.709s] Level 1:colcon.colcon_core.package_identification:_identify(rosbag/rosbag2_2025_09_18-18_36_26) by extensions ['ignore', 'ignore_ament_install']
[3.710s] Level 1:colcon.colcon_core.package_identification:_identify(rosbag/rosbag2_2025_09_18-18_36_26) by extension 'ignore'
[3.713s] Level 1:colcon.colcon_core.package_identification:_identify(rosbag/rosbag2_2025_09_18-18_36_26) by extension 'ignore_ament_install'
[3.714s] Level 1:colcon.colcon_core.package_identification:_identify(rosbag/rosbag2_2025_09_18-18_36_26) by extensions ['colcon_pkg']
[3.715s] Level 1:colcon.colcon_core.package_identification:_identify(rosbag/rosbag2_2025_09_18-18_36_26) by extension 'colcon_pkg'
[3.717s] Level 1:colcon.colcon_core.package_identification:_identify(rosbag/rosbag2_2025_09_18-18_36_26) by extensions ['colcon_meta']
[3.719s] Level 1:colcon.colcon_core.package_identification:_identify(rosbag/rosbag2_2025_09_18-18_36_26) by extension 'colcon_meta'
[3.719s] Level 1:colcon.colcon_core.package_identification:_identify(rosbag/rosbag2_2025_09_18-18_36_26) by extensions ['ros']
[3.720s] Level 1:colcon.colcon_core.package_identification:_identify(rosbag/rosbag2_2025_09_18-18_36_26) by extension 'ros'
[3.720s] Level 1:colcon.colcon_core.package_identification:_identify(rosbag/rosbag2_2025_09_18-18_36_26) by extensions ['cmake', 'python']
[3.721s] Level 1:colcon.colcon_core.package_identification:_identify(rosbag/rosbag2_2025_09_18-18_36_26) by extension 'cmake'
[3.721s] Level 1:colcon.colcon_core.package_identification:_identify(rosbag/rosbag2_2025_09_18-18_36_26) by extension 'python'
[3.721s] Level 1:colcon.colcon_core.package_identification:_identify(rosbag/rosbag2_2025_09_18-18_36_26) by extensions ['python_setup_py']
[3.722s] Level 1:colcon.colcon_core.package_identification:_identify(rosbag/rosbag2_2025_09_18-18_36_26) by extension 'python_setup_py'
[3.722s] Level 1:colcon.colcon_core.package_identification:_identify(src) by extensions ['ignore', 'ignore_ament_install']
[3.723s] Level 1:colcon.colcon_core.package_identification:_identify(src) by extension 'ignore'
[3.723s] Level 1:colcon.colcon_core.package_identification:_identify(src) by extension 'ignore_ament_install'
[3.724s] Level 1:colcon.colcon_core.package_identification:_identify(src) by extensions ['colcon_pkg']
[3.724s] Level 1:colcon.colcon_core.package_identification:_identify(src) by extension 'colcon_pkg'
[3.725s] Level 1:colcon.colcon_core.package_identification:_identify(src) by extensions ['colcon_meta']
[3.725s] Level 1:colcon.colcon_core.package_identification:_identify(src) by extension 'colcon_meta'
[3.725s] Level 1:colcon.colcon_core.package_identification:_identify(src) by extensions ['ros']
[3.725s] Level 1:colcon.colcon_core.package_identification:_identify(src) by extension 'ros'
[3.727s] Level 1:colcon.colcon_core.package_identification:_identify(src) by extensions ['cmake', 'python']
[3.727s] Level 1:colcon.colcon_core.package_identification:_identify(src) by extension 'cmake'
[3.728s] Level 1:colcon.colcon_core.package_identification:_identify(src) by extension 'python'
[3.728s] Level 1:colcon.colcon_core.package_identification:_identify(src) by extensions ['python_setup_py']
[3.728s] Level 1:colcon.colcon_core.package_identification:_identify(src) by extension 'python_setup_py'
[3.729s] Level 1:colcon.colcon_core.package_identification:_identify(src/build) by extensions ['ignore', 'ignore_ament_install']
[3.730s] Level 1:colcon.colcon_core.package_identification:_identify(src/build) by extension 'ignore'
[3.730s] Level 1:colcon.colcon_core.package_identification:_identify(src/build) ignored
[3.731s] Level 1:colcon.colcon_core.package_identification:_identify(src/center_follow_cpp) by extensions ['ignore', 'ignore_ament_install']
[3.732s] Level 1:colcon.colcon_core.package_identification:_identify(src/center_follow_cpp) by extension 'ignore'
[3.732s] Level 1:colcon.colcon_core.package_identification:_identify(src/center_follow_cpp) by extension 'ignore_ament_install'
[3.732s] Level 1:colcon.colcon_core.package_identification:_identify(src/center_follow_cpp) by extensions ['colcon_pkg']
[3.733s] Level 1:colcon.colcon_core.package_identification:_identify(src/center_follow_cpp) by extension 'colcon_pkg'
[3.733s] Level 1:colcon.colcon_core.package_identification:_identify(src/center_follow_cpp) by extensions ['colcon_meta']
[3.733s] Level 1:colcon.colcon_core.package_identification:_identify(src/center_follow_cpp) by extension 'colcon_meta'
[3.734s] Level 1:colcon.colcon_core.package_identification:_identify(src/center_follow_cpp) by extensions ['ros']
[3.734s] Level 1:colcon.colcon_core.package_identification:_identify(src/center_follow_cpp) by extension 'ros'
[3.774s] DEBUG:colcon.colcon_core.package_identification:Package 'src/center_follow_cpp' with type 'ros.ament_cmake' and name 'center_follow_cpp'
[3.775s] Level 1:colcon.colcon_core.package_identification:_identify(src/f1tenth_slam_nav) by extensions ['ignore', 'ignore_ament_install']
[3.776s] Level 1:colcon.colcon_core.package_identification:_identify(src/f1tenth_slam_nav) by extension 'ignore'
[3.777s] Level 1:colcon.colcon_core.package_identification:_identify(src/f1tenth_slam_nav) by extension 'ignore_ament_install'
[3.777s] Level 1:colcon.colcon_core.package_identification:_identify(src/f1tenth_slam_nav) by extensions ['colcon_pkg']
[3.777s] Level 1:colcon.colcon_core.package_identification:_identify(src/f1tenth_slam_nav) by extension 'colcon_pkg'
[3.778s] Level 1:colcon.colcon_core.package_identification:_identify(src/f1tenth_slam_nav) by extensions ['colcon_meta']
[3.778s] Level 1:colcon.colcon_core.package_identification:_identify(src/f1tenth_slam_nav) by extension 'colcon_meta'
[3.794s] Level 1:colcon.colcon_core.package_identification:_identify(src/f1tenth_slam_nav) by extensions ['ros']
[3.796s] Level 1:colcon.colcon_core.package_identification:_identify(src/f1tenth_slam_nav) by extension 'ros'
[3.830s] DEBUG:colcon.colcon_core.package_identification:Package 'src/f1tenth_slam_nav' with type 'ros.ament_cmake' and name 'f1tenth_slam_nav'
[3.831s] Level 1:colcon.colcon_core.package_identification:_identify(src/f1tenth_system) by extensions ['ignore', 'ignore_ament_install']
[3.832s] Level 1:colcon.colcon_core.package_identification:_identify(src/f1tenth_system) by extension 'ignore'
[3.832s] Level 1:colcon.colcon_core.package_identification:_identify(src/f1tenth_system) by extension 'ignore_ament_install'
[3.833s] Level 1:colcon.colcon_core.package_identification:_identify(src/f1tenth_system) by extensions ['colcon_pkg']
[3.833s] Level 1:colcon.colcon_core.package_identification:_identify(src/f1tenth_system) by extension 'colcon_pkg'
[3.833s] Level 1:colcon.colcon_core.package_identification:_identify(src/f1tenth_system) by extensions ['colcon_meta']
[3.834s] Level 1:colcon.colcon_core.package_identification:_identify(src/f1tenth_system) by extension 'colcon_meta'
[3.834s] Level 1:colcon.colcon_core.package_identification:_identify(src/f1tenth_system) by extensions ['ros']
[3.834s] Level 1:colcon.colcon_core.package_identification:_identify(src/f1tenth_system) by extension 'ros'
[3.835s] Level 1:colcon.colcon_core.package_identification:_identify(src/f1tenth_system) by extensions ['cmake', 'python']
[3.836s] Level 1:colcon.colcon_core.package_identification:_identify(src/f1tenth_system) by extension 'cmake'
[3.836s] Level 1:colcon.colcon_core.package_identification:_identify(src/f1tenth_system) by extension 'python'
[3.837s] Level 1:colcon.colcon_core.package_identification:_identify(src/f1tenth_system) by extensions ['python_setup_py']
[3.838s] Level 1:colcon.colcon_core.package_identification:_identify(src/f1tenth_system) by extension 'python_setup_py'
[3.839s] Level 1:colcon.colcon_core.package_identification:_identify(src/f1tenth_system/ackermann_mux) by extensions ['ignore', 'ignore_ament_install']
[3.840s] Level 1:colcon.colcon_core.package_identification:_identify(src/f1tenth_system/ackermann_mux) by extension 'ignore'
[3.842s] Level 1:colcon.colcon_core.package_identification:_identify(src/f1tenth_system/ackermann_mux) by extension 'ignore_ament_install'
[3.843s] Level 1:colcon.colcon_core.package_identification:_identify(src/f1tenth_system/ackermann_mux) by extensions ['colcon_pkg']
[3.845s] Level 1:colcon.colcon_core.package_identification:_identify(src/f1tenth_system/ackermann_mux) by extension 'colcon_pkg'
[3.847s] Level 1:colcon.colcon_core.package_identification:_identify(src/f1tenth_system/ackermann_mux) by extensions ['colcon_meta']
[3.848s] Level 1:colcon.colcon_core.package_identification:_identify(src/f1tenth_system/ackermann_mux) by extension 'colcon_meta'
[3.849s] Level 1:colcon.colcon_core.package_identification:_identify(src/f1tenth_system/ackermann_mux) by extensions ['ros']
[3.850s] Level 1:colcon.colcon_core.package_identification:_identify(src/f1tenth_system/ackermann_mux) by extension 'ros'
[3.861s] DEBUG:colcon.colcon_core.package_identification:Package 'src/f1tenth_system/ackermann_mux' with type 'ros.ament_cmake' and name 'ackermann_mux'
[3.864s] Level 1:colcon.colcon_core.package_identification:_identify(src/f1tenth_system/f1tenth_stack) by extensions ['ignore', 'ignore_ament_install']
[3.866s] Level 1:colcon.colcon_core.package_identification:_identify(src/f1tenth_system/f1tenth_stack) by extension 'ignore'
[3.869s] Level 1:colcon.colcon_core.package_identification:_identify(src/f1tenth_system/f1tenth_stack) by extension 'ignore_ament_install'
[3.869s] Level 1:colcon.colcon_core.package_identification:_identify(src/f1tenth_system/f1tenth_stack) by extensions ['colcon_pkg']
[3.870s] Level 1:colcon.colcon_core.package_identification:_identify(src/f1tenth_system/f1tenth_stack) by extension 'colcon_pkg'
[3.871s] Level 1:colcon.colcon_core.package_identification:_identify(src/f1tenth_system/f1tenth_stack) by extensions ['colcon_meta']
[3.872s] Level 1:colcon.colcon_core.package_identification:_identify(src/f1tenth_system/f1tenth_stack) by extension 'colcon_meta'
[3.872s] Level 1:colcon.colcon_core.package_identification:_identify(src/f1tenth_system/f1tenth_stack) by extensions ['ros']
[3.873s] Level 1:colcon.colcon_core.package_identification:_identify(src/f1tenth_system/f1tenth_stack) by extension 'ros'
[3.884s] DEBUG:colcon.colcon_core.package_identification:Package 'src/f1tenth_system/f1tenth_stack' with type 'ros.ament_python' and name 'f1tenth_stack'
[3.886s] Level 1:colcon.colcon_core.package_identification:_identify(src/f1tenth_system/scripts) by extensions ['ignore', 'ignore_ament_install']
[3.886s] Level 1:colcon.colcon_core.package_identification:_identify(src/f1tenth_system/scripts) by extension 'ignore'
[3.887s] Level 1:colcon.colcon_core.package_identification:_identify(src/f1tenth_system/scripts) by extension 'ignore_ament_install'
[3.887s] Level 1:colcon.colcon_core.package_identification:_identify(src/f1tenth_system/scripts) by extensions ['colcon_pkg']
[3.888s] Level 1:colcon.colcon_core.package_identification:_identify(src/f1tenth_system/scripts) by extension 'colcon_pkg'
[3.888s] Level 1:colcon.colcon_core.package_identification:_identify(src/f1tenth_system/scripts) by extensions ['colcon_meta']
[3.888s] Level 1:colcon.colcon_core.package_identification:_identify(src/f1tenth_system/scripts) by extension 'colcon_meta'
[3.889s] Level 1:colcon.colcon_core.package_identification:_identify(src/f1tenth_system/scripts) by extensions ['ros']
[3.889s] Level 1:colcon.colcon_core.package_identification:_identify(src/f1tenth_system/scripts) by extension 'ros'
[3.890s] Level 1:colcon.colcon_core.package_identification:_identify(src/f1tenth_system/scripts) by extensions ['cmake', 'python']
[3.891s] Level 1:colcon.colcon_core.package_identification:_identify(src/f1tenth_system/scripts) by extension 'cmake'
[3.891s] Level 1:colcon.colcon_core.package_identification:_identify(src/f1tenth_system/scripts) by extension 'python'
[3.891s] Level 1:colcon.colcon_core.package_identification:_identify(src/f1tenth_system/scripts) by extensions ['python_setup_py']
[3.892s] Level 1:colcon.colcon_core.package_identification:_identify(src/f1tenth_system/scripts) by extension 'python_setup_py'
[3.893s] Level 1:colcon.colcon_core.package_identification:_identify(src/f1tenth_system/teleop_tools) by extensions ['ignore', 'ignore_ament_install']
[3.894s] Level 1:colcon.colcon_core.package_identification:_identify(src/f1tenth_system/teleop_tools) by extension 'ignore'
[3.895s] Level 1:colcon.colcon_core.package_identification:_identify(src/f1tenth_system/teleop_tools) by extension 'ignore_ament_install'
[3.895s] Level 1:colcon.colcon_core.package_identification:_identify(src/f1tenth_system/teleop_tools) by extensions ['colcon_pkg']
[3.896s] Level 1:colcon.colcon_core.package_identification:_identify(src/f1tenth_system/teleop_tools) by extension 'colcon_pkg'
[3.896s] Level 1:colcon.colcon_core.package_identification:_identify(src/f1tenth_system/teleop_tools) by extensions ['colcon_meta']
[3.896s] Level 1:colcon.colcon_core.package_identification:_identify(src/f1tenth_system/teleop_tools) by extension 'colcon_meta'
[3.898s] Level 1:colcon.colcon_core.package_identification:_identify(src/f1tenth_system/teleop_tools) by extensions ['ros']
[3.898s] Level 1:colcon.colcon_core.package_identification:_identify(src/f1tenth_system/teleop_tools) by extension 'ros'
[3.899s] Level 1:colcon.colcon_core.package_identification:_identify(src/f1tenth_system/teleop_tools) by extensions ['cmake', 'python']
[3.899s] Level 1:colcon.colcon_core.package_identification:_identify(src/f1tenth_system/teleop_tools) by extension 'cmake'
[3.900s] Level 1:colcon.colcon_core.package_identification:_identify(src/f1tenth_system/teleop_tools) by extension 'python'
[3.900s] Level 1:colcon.colcon_core.package_identification:_identify(src/f1tenth_system/teleop_tools) by extensions ['python_setup_py']
[3.900s] Level 1:colcon.colcon_core.package_identification:_identify(src/f1tenth_system/teleop_tools) by extension 'python_setup_py'
[3.901s] Level 1:colcon.colcon_core.package_identification:_identify(src/f1tenth_system/teleop_tools/joy_teleop) by extensions ['ignore', 'ignore_ament_install']
[3.902s] Level 1:colcon.colcon_core.package_identification:_identify(src/f1tenth_system/teleop_tools/joy_teleop) by extension 'ignore'
[3.902s] Level 1:colcon.colcon_core.package_identification:_identify(src/f1tenth_system/teleop_tools/joy_teleop) by extension 'ignore_ament_install'
[3.903s] Level 1:colcon.colcon_core.package_identification:_identify(src/f1tenth_system/teleop_tools/joy_teleop) by extensions ['colcon_pkg']
[3.903s] Level 1:colcon.colcon_core.package_identification:_identify(src/f1tenth_system/teleop_tools/joy_teleop) by extension 'colcon_pkg'
[3.903s] Level 1:colcon.colcon_core.package_identification:_identify(src/f1tenth_system/teleop_tools/joy_teleop) by extensions ['colcon_meta']
[3.904s] Level 1:colcon.colcon_core.package_identification:_identify(src/f1tenth_system/teleop_tools/joy_teleop) by extension 'colcon_meta'
[3.905s] Level 1:colcon.colcon_core.package_identification:_identify(src/f1tenth_system/teleop_tools/joy_teleop) by extensions ['ros']
[3.905s] Level 1:colcon.colcon_core.package_identification:_identify(src/f1tenth_system/teleop_tools/joy_teleop) by extension 'ros'
[3.913s] DEBUG:colcon.colcon_core.package_identification:Package 'src/f1tenth_system/teleop_tools/joy_teleop' with type 'ros.ament_python' and name 'joy_teleop'
[3.915s] Level 1:colcon.colcon_core.package_identification:_identify(src/f1tenth_system/teleop_tools/key_teleop) by extensions ['ignore', 'ignore_ament_install']
[3.917s] Level 1:colcon.colcon_core.package_identification:_identify(src/f1tenth_system/teleop_tools/key_teleop) by extension 'ignore'
[3.918s] Level 1:colcon.colcon_core.package_identification:_identify(src/f1tenth_system/teleop_tools/key_teleop) by extension 'ignore_ament_install'
[3.919s] Level 1:colcon.colcon_core.package_identification:_identify(src/f1tenth_system/teleop_tools/key_teleop) by extensions ['colcon_pkg']
[3.919s] Level 1:colcon.colcon_core.package_identification:_identify(src/f1tenth_system/teleop_tools/key_teleop) by extension 'colcon_pkg'
[3.919s] Level 1:colcon.colcon_core.package_identification:_identify(src/f1tenth_system/teleop_tools/key_teleop) by extensions ['colcon_meta']
[3.920s] Level 1:colcon.colcon_core.package_identification:_identify(src/f1tenth_system/teleop_tools/key_teleop) by extension 'colcon_meta'
[3.922s] Level 1:colcon.colcon_core.package_identification:_identify(src/f1tenth_system/teleop_tools/key_teleop) by extensions ['ros']
[3.923s] Level 1:colcon.colcon_core.package_identification:_identify(src/f1tenth_system/teleop_tools/key_teleop) by extension 'ros'
[3.929s] DEBUG:colcon.colcon_core.package_identification:Package 'src/f1tenth_system/teleop_tools/key_teleop' with type 'ros.ament_python' and name 'key_teleop'
[3.931s] Level 1:colcon.colcon_core.package_identification:_identify(src/f1tenth_system/teleop_tools/mouse_teleop) by extensions ['ignore', 'ignore_ament_install']
[3.932s] Level 1:colcon.colcon_core.package_identification:_identify(src/f1tenth_system/teleop_tools/mouse_teleop) by extension 'ignore'
[3.932s] Level 1:colcon.colcon_core.package_identification:_identify(src/f1tenth_system/teleop_tools/mouse_teleop) by extension 'ignore_ament_install'
[3.933s] Level 1:colcon.colcon_core.package_identification:_identify(src/f1tenth_system/teleop_tools/mouse_teleop) by extensions ['colcon_pkg']
[3.933s] Level 1:colcon.colcon_core.package_identification:_identify(src/f1tenth_system/teleop_tools/mouse_teleop) by extension 'colcon_pkg'
[3.934s] Level 1:colcon.colcon_core.package_identification:_identify(src/f1tenth_system/teleop_tools/mouse_teleop) by extensions ['colcon_meta']
[3.934s] Level 1:colcon.colcon_core.package_identification:_identify(src/f1tenth_system/teleop_tools/mouse_teleop) by extension 'colcon_meta'
[3.935s] Level 1:colcon.colcon_core.package_identification:_identify(src/f1tenth_system/teleop_tools/mouse_teleop) by extensions ['ros']
[3.935s] Level 1:colcon.colcon_core.package_identification:_identify(src/f1tenth_system/teleop_tools/mouse_teleop) by extension 'ros'
[3.940s] DEBUG:colcon.colcon_core.package_identification:Package 'src/f1tenth_system/teleop_tools/mouse_teleop' with type 'ros.ament_python' and name 'mouse_teleop'
[3.941s] Level 1:colcon.colcon_core.package_identification:_identify(src/f1tenth_system/teleop_tools/teleop_tools) by extensions ['ignore', 'ignore_ament_install']
[3.942s] Level 1:colcon.colcon_core.package_identification:_identify(src/f1tenth_system/teleop_tools/teleop_tools) by extension 'ignore'
[3.944s] Level 1:colcon.colcon_core.package_identification:_identify(src/f1tenth_system/teleop_tools/teleop_tools) by extension 'ignore_ament_install'
[3.945s] Level 1:colcon.colcon_core.package_identification:_identify(src/f1tenth_system/teleop_tools/teleop_tools) by extensions ['colcon_pkg']
[3.945s] Level 1:colcon.colcon_core.package_identification:_identify(src/f1tenth_system/teleop_tools/teleop_tools) by extension 'colcon_pkg'
[3.946s] Level 1:colcon.colcon_core.package_identification:_identify(src/f1tenth_system/teleop_tools/teleop_tools) by extensions ['colcon_meta']
[3.946s] Level 1:colcon.colcon_core.package_identification:_identify(src/f1tenth_system/teleop_tools/teleop_tools) by extension 'colcon_meta'
[3.946s] Level 1:colcon.colcon_core.package_identification:_identify(src/f1tenth_system/teleop_tools/teleop_tools) by extensions ['ros']
[3.947s] Level 1:colcon.colcon_core.package_identification:_identify(src/f1tenth_system/teleop_tools/teleop_tools) by extension 'ros'
[3.950s] DEBUG:colcon.colcon_core.package_identification:Package 'src/f1tenth_system/teleop_tools/teleop_tools' with type 'ros.ament_cmake' and name 'teleop_tools'
[3.951s] Level 1:colcon.colcon_core.package_identification:_identify(src/f1tenth_system/teleop_tools/teleop_tools_msgs) by extensions ['ignore', 'ignore_ament_install']
[3.952s] Level 1:colcon.colcon_core.package_identification:_identify(src/f1tenth_system/teleop_tools/teleop_tools_msgs) by extension 'ignore'
[3.953s] Level 1:colcon.colcon_core.package_identification:_identify(src/f1tenth_system/teleop_tools/teleop_tools_msgs) by extension 'ignore_ament_install'
[3.953s] Level 1:colcon.colcon_core.package_identification:_identify(src/f1tenth_system/teleop_tools/teleop_tools_msgs) by extensions ['colcon_pkg']
[3.953s] Level 1:colcon.colcon_core.package_identification:_identify(src/f1tenth_system/teleop_tools/teleop_tools_msgs) by extension 'colcon_pkg'
[3.954s] Level 1:colcon.colcon_core.package_identification:_identify(src/f1tenth_system/teleop_tools/teleop_tools_msgs) by extensions ['colcon_meta']
[3.954s] Level 1:colcon.colcon_core.package_identification:_identify(src/f1tenth_system/teleop_tools/teleop_tools_msgs) by extension 'colcon_meta'
[3.955s] Level 1:colcon.colcon_core.package_identification:_identify(src/f1tenth_system/teleop_tools/teleop_tools_msgs) by extensions ['ros']
[3.956s] Level 1:colcon.colcon_core.package_identification:_identify(src/f1tenth_system/teleop_tools/teleop_tools_msgs) by extension 'ros'
[3.961s] DEBUG:colcon.colcon_core.package_identification:Package 'src/f1tenth_system/teleop_tools/teleop_tools_msgs' with type 'ros.ament_cmake' and name 'teleop_tools_msgs'
[3.961s] Level 1:colcon.colcon_core.package_identification:_identify(src/f1tenth_system/vesc) by extensions ['ignore', 'ignore_ament_install']
[3.962s] Level 1:colcon.colcon_core.package_identification:_identify(src/f1tenth_system/vesc) by extension 'ignore'
[3.962s] Level 1:colcon.colcon_core.package_identification:_identify(src/f1tenth_system/vesc) by extension 'ignore_ament_install'
[3.963s] Level 1:colcon.colcon_core.package_identification:_identify(src/f1tenth_system/vesc) by extensions ['colcon_pkg']
[3.963s] Level 1:colcon.colcon_core.package_identification:_identify(src/f1tenth_system/vesc) by extension 'colcon_pkg'
[3.963s] Level 1:colcon.colcon_core.package_identification:_identify(src/f1tenth_system/vesc) by extensions ['colcon_meta']
[3.964s] Level 1:colcon.colcon_core.package_identification:_identify(src/f1tenth_system/vesc) by extension 'colcon_meta'
[3.964s] Level 1:colcon.colcon_core.package_identification:_identify(src/f1tenth_system/vesc) by extensions ['ros']
[3.964s] Level 1:colcon.colcon_core.package_identification:_identify(src/f1tenth_system/vesc) by extension 'ros'
[3.965s] Level 1:colcon.colcon_core.package_identification:_identify(src/f1tenth_system/vesc) by extensions ['cmake', 'python']
[3.965s] Level 1:colcon.colcon_core.package_identification:_identify(src/f1tenth_system/vesc) by extension 'cmake'
[3.966s] Level 1:colcon.colcon_core.package_identification:_identify(src/f1tenth_system/vesc) by extension 'python'
[3.966s] Level 1:colcon.colcon_core.package_identification:_identify(src/f1tenth_system/vesc) by extensions ['python_setup_py']
[3.966s] Level 1:colcon.colcon_core.package_identification:_identify(src/f1tenth_system/vesc) by extension 'python_setup_py'
[3.968s] Level 1:colcon.colcon_core.package_identification:_identify(src/f1tenth_system/vesc/vesc) by extensions ['ignore', 'ignore_ament_install']
[3.968s] Level 1:colcon.colcon_core.package_identification:_identify(src/f1tenth_system/vesc/vesc) by extension 'ignore'
[3.979s] Level 1:colcon.colcon_core.package_identification:_identify(src/f1tenth_system/vesc/vesc) by extension 'ignore_ament_install'
[3.980s] Level 1:colcon.colcon_core.package_identification:_identify(src/f1tenth_system/vesc/vesc) by extensions ['colcon_pkg']
[3.980s] Level 1:colcon.colcon_core.package_identification:_identify(src/f1tenth_system/vesc/vesc) by extension 'colcon_pkg'
[3.982s] Level 1:colcon.colcon_core.package_identification:_identify(src/f1tenth_system/vesc/vesc) by extensions ['colcon_meta']
[3.982s] Level 1:colcon.colcon_core.package_identification:_identify(src/f1tenth_system/vesc/vesc) by extension 'colcon_meta'
[3.983s] Level 1:colcon.colcon_core.package_identification:_identify(src/f1tenth_system/vesc/vesc) by extensions ['ros']
[3.983s] Level 1:colcon.colcon_core.package_identification:_identify(src/f1tenth_system/vesc/vesc) by extension 'ros'
[3.991s] DEBUG:colcon.colcon_core.package_identification:Package 'src/f1tenth_system/vesc/vesc' with type 'ros.ament_cmake' and name 'vesc'
[3.993s] Level 1:colcon.colcon_core.package_identification:_identify(src/f1tenth_system/vesc/vesc_ackermann) by extensions ['ignore', 'ignore_ament_install']
[3.996s] Level 1:colcon.colcon_core.package_identification:_identify(src/f1tenth_system/vesc/vesc_ackermann) by extension 'ignore'
[3.997s] Level 1:colcon.colcon_core.package_identification:_identify(src/f1tenth_system/vesc/vesc_ackermann) by extension 'ignore_ament_install'
[3.999s] Level 1:colcon.colcon_core.package_identification:_identify(src/f1tenth_system/vesc/vesc_ackermann) by extensions ['colcon_pkg']
[4.000s] Level 1:colcon.colcon_core.package_identification:_identify(src/f1tenth_system/vesc/vesc_ackermann) by extension 'colcon_pkg'
[4.001s] Level 1:colcon.colcon_core.package_identification:_identify(src/f1tenth_system/vesc/vesc_ackermann) by extensions ['colcon_meta']
[4.003s] Level 1:colcon.colcon_core.package_identification:_identify(src/f1tenth_system/vesc/vesc_ackermann) by extension 'colcon_meta'
[4.004s] Level 1:colcon.colcon_core.package_identification:_identify(src/f1tenth_system/vesc/vesc_ackermann) by extensions ['ros']
[4.004s] Level 1:colcon.colcon_core.package_identification:_identify(src/f1tenth_system/vesc/vesc_ackermann) by extension 'ros'
[4.026s] DEBUG:colcon.colcon_core.package_identification:Package 'src/f1tenth_system/vesc/vesc_ackermann' with type 'ros.ament_cmake' and name 'vesc_ackermann'
[4.027s] Level 1:colcon.colcon_core.package_identification:_identify(src/f1tenth_system/vesc/vesc_driver) by extensions ['ignore', 'ignore_ament_install']
[4.028s] Level 1:colcon.colcon_core.package_identification:_identify(src/f1tenth_system/vesc/vesc_driver) by extension 'ignore'
[4.028s] Level 1:colcon.colcon_core.package_identification:_identify(src/f1tenth_system/vesc/vesc_driver) by extension 'ignore_ament_install'
[4.029s] Level 1:colcon.colcon_core.package_identification:_identify(src/f1tenth_system/vesc/vesc_driver) by extensions ['colcon_pkg']
[4.029s] Level 1:colcon.colcon_core.package_identification:_identify(src/f1tenth_system/vesc/vesc_driver) by extension 'colcon_pkg'
[4.029s] Level 1:colcon.colcon_core.package_identification:_identify(src/f1tenth_system/vesc/vesc_driver) by extensions ['colcon_meta']
[4.030s] Level 1:colcon.colcon_core.package_identification:_identify(src/f1tenth_system/vesc/vesc_driver) by extension 'colcon_meta'
[4.030s] Level 1:colcon.colcon_core.package_identification:_identify(src/f1tenth_system/vesc/vesc_driver) by extensions ['ros']
[4.030s] Level 1:colcon.colcon_core.package_identification:_identify(src/f1tenth_system/vesc/vesc_driver) by extension 'ros'
[4.047s] DEBUG:colcon.colcon_core.package_identification:Package 'src/f1tenth_system/vesc/vesc_driver' with type 'ros.ament_cmake' and name 'vesc_driver'
[4.048s] Level 1:colcon.colcon_core.package_identification:_identify(src/f1tenth_system/vesc/vesc_msgs) by extensions ['ignore', 'ignore_ament_install']
[4.049s] Level 1:colcon.colcon_core.package_identification:_identify(src/f1tenth_system/vesc/vesc_msgs) by extension 'ignore'
[4.050s] Level 1:colcon.colcon_core.package_identification:_identify(src/f1tenth_system/vesc/vesc_msgs) by extension 'ignore_ament_install'
[4.050s] Level 1:colcon.colcon_core.package_identification:_identify(src/f1tenth_system/vesc/vesc_msgs) by extensions ['colcon_pkg']
[4.051s] Level 1:colcon.colcon_core.package_identification:_identify(src/f1tenth_system/vesc/vesc_msgs) by extension 'colcon_pkg'
[4.051s] Level 1:colcon.colcon_core.package_identification:_identify(src/f1tenth_system/vesc/vesc_msgs) by extensions ['colcon_meta']
[4.051s] Level 1:colcon.colcon_core.package_identification:_identify(src/f1tenth_system/vesc/vesc_msgs) by extension 'colcon_meta'
[4.052s] Level 1:colcon.colcon_core.package_identification:_identify(src/f1tenth_system/vesc/vesc_msgs) by extensions ['ros']
[4.052s] Level 1:colcon.colcon_core.package_identification:_identify(src/f1tenth_system/vesc/vesc_msgs) by extension 'ros'
[4.058s] DEBUG:colcon.colcon_core.package_identification:Package 'src/f1tenth_system/vesc/vesc_msgs' with type 'ros.ament_cmake' and name 'vesc_msgs'
[4.059s] Level 1:colcon.colcon_core.package_identification:_identify(src/install) by extensions ['ignore', 'ignore_ament_install']
[4.060s] Level 1:colcon.colcon_core.package_identification:_identify(src/install) by extension 'ignore'
[4.060s] Level 1:colcon.colcon_core.package_identification:_identify(src/install) ignored
[4.061s] Level 1:colcon.colcon_core.package_identification:_identify(src/log) by extensions ['ignore', 'ignore_ament_install']
[4.062s] Level 1:colcon.colcon_core.package_identification:_identify(src/log) by extension 'ignore'
[4.062s] Level 1:colcon.colcon_core.package_identification:_identify(src/log) ignored
[4.063s] Level 1:colcon.colcon_core.package_identification:_identify(src/path_follow) by extensions ['ignore', 'ignore_ament_install']
[4.064s] Level 1:colcon.colcon_core.package_identification:_identify(src/path_follow) by extension 'ignore'
[4.064s] Level 1:colcon.colcon_core.package_identification:_identify(src/path_follow) by extension 'ignore_ament_install'
[4.064s] Level 1:colcon.colcon_core.package_identification:_identify(src/path_follow) by extensions ['colcon_pkg']
[4.065s] Level 1:colcon.colcon_core.package_identification:_identify(src/path_follow) by extension 'colcon_pkg'
[4.066s] Level 1:colcon.colcon_core.package_identification:_identify(src/path_follow) by extensions ['colcon_meta']
[4.066s] Level 1:colcon.colcon_core.package_identification:_identify(src/path_follow) by extension 'colcon_meta'
[4.066s] Level 1:colcon.colcon_core.package_identification:_identify(src/path_follow) by extensions ['ros']
[4.066s] Level 1:colcon.colcon_core.package_identification:_identify(src/path_follow) by extension 'ros'
[4.080s] DEBUG:colcon.colcon_core.package_identification:Package 'src/path_follow' with type 'ros.ament_cmake' and name 'path_follow'
[4.081s] Level 1:colcon.colcon_core.package_identification:_identify(src/pure_pursuit) by extensions ['ignore', 'ignore_ament_install']
[4.083s] Level 1:colcon.colcon_core.package_identification:_identify(src/pure_pursuit) by extension 'ignore'
[4.085s] Level 1:colcon.colcon_core.package_identification:_identify(src/pure_pursuit) by extension 'ignore_ament_install'
[4.086s] Level 1:colcon.colcon_core.package_identification:_identify(src/pure_pursuit) by extensions ['colcon_pkg']
[4.087s] Level 1:colcon.colcon_core.package_identification:_identify(src/pure_pursuit) by extension 'colcon_pkg'
[4.088s] Level 1:colcon.colcon_core.package_identification:_identify(src/pure_pursuit) by extensions ['colcon_meta']
[4.090s] Level 1:colcon.colcon_core.package_identification:_identify(src/pure_pursuit) by extension 'colcon_meta'
[4.091s] Level 1:colcon.colcon_core.package_identification:_identify(src/pure_pursuit) by extensions ['ros']
[4.092s] Level 1:colcon.colcon_core.package_identification:_identify(src/pure_pursuit) by extension 'ros'
[4.108s] DEBUG:colcon.colcon_core.package_identification:Package 'src/pure_pursuit' with type 'ros.ament_cmake' and name 'pure_pursuit'
[4.110s] Level 1:colcon.colcon_core.package_identification:_identify(src/pygame_key_teleop) by extensions ['ignore', 'ignore_ament_install']
[4.111s] Level 1:colcon.colcon_core.package_identification:_identify(src/pygame_key_teleop) by extension 'ignore'
[4.112s] Level 1:colcon.colcon_core.package_identification:_identify(src/pygame_key_teleop) by extension 'ignore_ament_install'
[4.114s] Level 1:colcon.colcon_core.package_identification:_identify(src/pygame_key_teleop) by extensions ['colcon_pkg']
[4.114s] Level 1:colcon.colcon_core.package_identification:_identify(src/pygame_key_teleop) by extension 'colcon_pkg'
[4.115s] Level 1:colcon.colcon_core.package_identification:_identify(src/pygame_key_teleop) by extensions ['colcon_meta']
[4.116s] Level 1:colcon.colcon_core.package_identification:_identify(src/pygame_key_teleop) by extension 'colcon_meta'
[4.120s] Level 1:colcon.colcon_core.package_identification:_identify(src/pygame_key_teleop) by extensions ['ros']
[4.121s] Level 1:colcon.colcon_core.package_identification:_identify(src/pygame_key_teleop) by extension 'ros'
[4.128s] DEBUG:colcon.colcon_core.package_identification:Package 'src/pygame_key_teleop' with type 'ros.ament_python' and name 'pygame_key_teleop'
[4.129s] Level 1:colcon.colcon_core.package_discovery:discover_packages(recursive) using defaults
[4.130s] Level 1:colcon.colcon_core.package_discovery:discover_packages(ignore) discover
[4.131s] Level 1:colcon.colcon_core.package_discovery:discover_packages(ignore) using defaults
[4.131s] Level 1:colcon.colcon_core.package_discovery:discover_packages(path) discover
[4.132s] Level 1:colcon.colcon_core.package_discovery:discover_packages(path) using defaults
[4.353s] Level 1:colcon.colcon_core.package_discovery:discover_packages(prefix_path) check parameters
[4.357s] Level 1:colcon.colcon_core.package_discovery:discover_packages(prefix_path) discover
[4.392s] DEBUG:colcon.colcon_installed_package_information.package_discovery:Found 311 installed packages in /opt/ros/foxy
[4.406s] Level 1:colcon.colcon_core.package_discovery:discover_packages(prefix_path) using defaults
[5.225s] Level 5:colcon.colcon_core.verb:set package 'ackermann_mux' build argument 'cmake_args' from command line to '['-DCMAKE_BUILD_TYPE=Release']'
[5.226s] Level 5:colcon.colcon_core.verb:set package 'ackermann_mux' build argument 'cmake_target' from command line to 'None'
[5.226s] Level 5:colcon.colcon_core.verb:set package 'ackermann_mux' build argument 'cmake_target_skip_unavailable' from command line to 'False'
[5.226s] Level 5:colcon.colcon_core.verb:set package 'ackermann_mux' build argument 'cmake_clean_cache' from command line to 'False'
[5.226s] Level 5:colcon.colcon_core.verb:set package 'ackermann_mux' build argument 'cmake_clean_first' from command line to 'False'
[5.226s] Level 5:colcon.colcon_core.verb:set package 'ackermann_mux' build argument 'cmake_force_configure' from command line to 'False'
[5.227s] Level 5:colcon.colcon_core.verb:set package 'ackermann_mux' build argument 'ament_cmake_args' from command line to 'None'
[5.228s] Level 5:colcon.colcon_core.verb:set package 'ackermann_mux' build argument 'catkin_cmake_args' from command line to 'None'
[5.228s] Level 5:colcon.colcon_core.verb:set package 'ackermann_mux' build argument 'catkin_skip_building_tests' from command line to 'False'
[5.229s] DEBUG:colcon.colcon_core.verb:Building package 'ackermann_mux' with the following arguments: {'ament_cmake_args': None, 'build_base': '/home/f1/f1tenth_ws/build/ackermann_mux', 'catkin_cmake_args': None, 'catkin_skip_building_tests': False, 'cmake_args': ['-DCMAKE_BUILD_TYPE=Release'], 'cmake_clean_cache': False, 'cmake_clean_first': False, 'cmake_force_configure': False, 'cmake_target': None, 'cmake_target_skip_unavailable': False, 'install_base': '/home/f1/f1tenth_ws/install/ackermann_mux', 'merge_install': False, 'path': '/home/f1/f1tenth_ws/src/f1tenth_system/ackermann_mux', 'symlink_install': True, 'test_result_base': None}
[5.231s] Level 5:colcon.colcon_core.verb:set package 'center_follow_cpp' build argument 'cmake_args' from command line to '['-DCMAKE_BUILD_TYPE=Release']'
[5.232s] Level 5:colcon.colcon_core.verb:set package 'center_follow_cpp' build argument 'cmake_target' from command line to 'None'
[5.232s] Level 5:colcon.colcon_core.verb:set package 'center_follow_cpp' build argument 'cmake_target_skip_unavailable' from command line to 'False'
[5.233s] Level 5:colcon.colcon_core.verb:set package 'center_follow_cpp' build argument 'cmake_clean_cache' from command line to 'False'
[5.233s] Level 5:colcon.colcon_core.verb:set package 'center_follow_cpp' build argument 'cmake_clean_first' from command line to 'False'
[5.233s] Level 5:colcon.colcon_core.verb:set package 'center_follow_cpp' build argument 'cmake_force_configure' from command line to 'False'
[5.233s] Level 5:colcon.colcon_core.verb:set package 'center_follow_cpp' build argument 'ament_cmake_args' from command line to 'None'
[5.233s] Level 5:colcon.colcon_core.verb:set package 'center_follow_cpp' build argument 'catkin_cmake_args' from command line to 'None'
[5.233s] Level 5:colcon.colcon_core.verb:set package 'center_follow_cpp' build argument 'catkin_skip_building_tests' from command line to 'False'
[5.234s] DEBUG:colcon.colcon_core.verb:Building package 'center_follow_cpp' with the following arguments: {'ament_cmake_args': None, 'build_base': '/home/f1/f1tenth_ws/build/center_follow_cpp', 'catkin_cmake_args': None, 'catkin_skip_building_tests': False, 'cmake_args': ['-DCMAKE_BUILD_TYPE=Release'], 'cmake_clean_cache': False, 'cmake_clean_first': False, 'cmake_force_configure': False, 'cmake_target': None, 'cmake_target_skip_unavailable': False, 'install_base': '/home/f1/f1tenth_ws/install/center_follow_cpp', 'merge_install': False, 'path': '/home/f1/f1tenth_ws/src/center_follow_cpp', 'symlink_install': True, 'test_result_base': None}
[5.237s] Level 5:colcon.colcon_core.verb:set package 'key_teleop' build argument 'cmake_args' from command line to '['-DCMAKE_BUILD_TYPE=Release']'
[5.237s] Level 5:colcon.colcon_core.verb:set package 'key_teleop' build argument 'cmake_target' from command line to 'None'
[5.237s] Level 5:colcon.colcon_core.verb:set package 'key_teleop' build argument 'cmake_target_skip_unavailable' from command line to 'False'
[5.238s] Level 5:colcon.colcon_core.verb:set package 'key_teleop' build argument 'cmake_clean_cache' from command line to 'False'
[5.238s] Level 5:colcon.colcon_core.verb:set package 'key_teleop' build argument 'cmake_clean_first' from command line to 'False'
[5.238s] Level 5:colcon.colcon_core.verb:set package 'key_teleop' build argument 'cmake_force_configure' from command line to 'False'
[5.238s] Level 5:colcon.colcon_core.verb:set package 'key_teleop' build argument 'ament_cmake_args' from command line to 'None'
[5.238s] Level 5:colcon.colcon_core.verb:set package 'key_teleop' build argument 'catkin_cmake_args' from command line to 'None'
[5.238s] Level 5:colcon.colcon_core.verb:set package 'key_teleop' build argument 'catkin_skip_building_tests' from command line to 'False'
[5.239s] DEBUG:colcon.colcon_core.verb:Building package 'key_teleop' with the following arguments: {'ament_cmake_args': None, 'build_base': '/home/f1/f1tenth_ws/build/key_teleop', 'catkin_cmake_args': None, 'catkin_skip_building_tests': False, 'cmake_args': ['-DCMAKE_BUILD_TYPE=Release'], 'cmake_clean_cache': False, 'cmake_clean_first': False, 'cmake_force_configure': False, 'cmake_target': None, 'cmake_target_skip_unavailable': False, 'install_base': '/home/f1/f1tenth_ws/install/key_teleop', 'merge_install': False, 'path': '/home/f1/f1tenth_ws/src/f1tenth_system/teleop_tools/key_teleop', 'symlink_install': True, 'test_result_base': None}
[5.242s] Level 5:colcon.colcon_core.verb:set package 'mouse_teleop' build argument 'cmake_args' from command line to '['-DCMAKE_BUILD_TYPE=Release']'
[5.242s] Level 5:colcon.colcon_core.verb:set package 'mouse_teleop' build argument 'cmake_target' from command line to 'None'
[5.242s] Level 5:colcon.colcon_core.verb:set package 'mouse_teleop' build argument 'cmake_target_skip_unavailable' from command line to 'False'
[5.242s] Level 5:colcon.colcon_core.verb:set package 'mouse_teleop' build argument 'cmake_clean_cache' from command line to 'False'
[5.242s] Level 5:colcon.colcon_core.verb:set package 'mouse_teleop' build argument 'cmake_clean_first' from command line to 'False'
[5.242s] Level 5:colcon.colcon_core.verb:set package 'mouse_teleop' build argument 'cmake_force_configure' from command line to 'False'
[5.243s] Level 5:colcon.colcon_core.verb:set package 'mouse_teleop' build argument 'ament_cmake_args' from command line to 'None'
[5.243s] Level 5:colcon.colcon_core.verb:set package 'mouse_teleop' build argument 'catkin_cmake_args' from command line to 'None'
[5.243s] Level 5:colcon.colcon_core.verb:set package 'mouse_teleop' build argument 'catkin_skip_building_tests' from command line to 'False'
[5.243s] DEBUG:colcon.colcon_core.verb:Building package 'mouse_teleop' with the following arguments: {'ament_cmake_args': None, 'build_base': '/home/f1/f1tenth_ws/build/mouse_teleop', 'catkin_cmake_args': None, 'catkin_skip_building_tests': False, 'cmake_args': ['-DCMAKE_BUILD_TYPE=Release'], 'cmake_clean_cache': False, 'cmake_clean_first': False, 'cmake_force_configure': False, 'cmake_target': None, 'cmake_target_skip_unavailable': False, 'install_base': '/home/f1/f1tenth_ws/install/mouse_teleop', 'merge_install': False, 'path': '/home/f1/f1tenth_ws/src/f1tenth_system/teleop_tools/mouse_teleop', 'symlink_install': True, 'test_result_base': None}
[5.246s] Level 5:colcon.colcon_core.verb:set package 'path_follow' build argument 'cmake_args' from command line to '['-DCMAKE_BUILD_TYPE=Release']'
[5.247s] Level 5:colcon.colcon_core.verb:set package 'path_follow' build argument 'cmake_target' from command line to 'None'
[5.247s] Level 5:colcon.colcon_core.verb:set package 'path_follow' build argument 'cmake_target_skip_unavailable' from command line to 'False'
[5.247s] Level 5:colcon.colcon_core.verb:set package 'path_follow' build argument 'cmake_clean_cache' from command line to 'False'
[5.247s] Level 5:colcon.colcon_core.verb:set package 'path_follow' build argument 'cmake_clean_first' from command line to 'False'
[5.247s] Level 5:colcon.colcon_core.verb:set package 'path_follow' build argument 'cmake_force_configure' from command line to 'False'
[5.247s] Level 5:colcon.colcon_core.verb:set package 'path_follow' build argument 'ament_cmake_args' from command line to 'None'
[5.248s] Level 5:colcon.colcon_core.verb:set package 'path_follow' build argument 'catkin_cmake_args' from command line to 'None'
[5.248s] Level 5:colcon.colcon_core.verb:set package 'path_follow' build argument 'catkin_skip_building_tests' from command line to 'False'
[5.248s] DEBUG:colcon.colcon_core.verb:Building package 'path_follow' with the following arguments: {'ament_cmake_args': None, 'build_base': '/home/f1/f1tenth_ws/build/path_follow', 'catkin_cmake_args': None, 'catkin_skip_building_tests': False, 'cmake_args': ['-DCMAKE_BUILD_TYPE=Release'], 'cmake_clean_cache': False, 'cmake_clean_first': False, 'cmake_force_configure': False, 'cmake_target': None, 'cmake_target_skip_unavailable': False, 'install_base': '/home/f1/f1tenth_ws/install/path_follow', 'merge_install': False, 'path': '/home/f1/f1tenth_ws/src/path_follow', 'symlink_install': True, 'test_result_base': None}
[5.251s] Level 5:colcon.colcon_core.verb:set package 'pure_pursuit' build argument 'cmake_args' from command line to '['-DCMAKE_BUILD_TYPE=Release']'
[5.251s] Level 5:colcon.colcon_core.verb:set package 'pure_pursuit' build argument 'cmake_target' from command line to 'None'
[5.251s] Level 5:colcon.colcon_core.verb:set package 'pure_pursuit' build argument 'cmake_target_skip_unavailable' from command line to 'False'
[5.251s] Level 5:colcon.colcon_core.verb:set package 'pure_pursuit' build argument 'cmake_clean_cache' from command line to 'False'
[5.252s] Level 5:colcon.colcon_core.verb:set package 'pure_pursuit' build argument 'cmake_clean_first' from command line to 'False'
[5.252s] Level 5:colcon.colcon_core.verb:set package 'pure_pursuit' build argument 'cmake_force_configure' from command line to 'False'
[5.252s] Level 5:colcon.colcon_core.verb:set package 'pure_pursuit' build argument 'ament_cmake_args' from command line to 'None'
[5.252s] Level 5:colcon.colcon_core.verb:set package 'pure_pursuit' build argument 'catkin_cmake_args' from command line to 'None'
[5.252s] Level 5:colcon.colcon_core.verb:set package 'pure_pursuit' build argument 'catkin_skip_building_tests' from command line to 'False'
[5.254s] DEBUG:colcon.colcon_core.verb:Building package 'pure_pursuit' with the following arguments: {'ament_cmake_args': None, 'build_base': '/home/f1/f1tenth_ws/build/pure_pursuit', 'catkin_cmake_args': None, 'catkin_skip_building_tests': False, 'cmake_args': ['-DCMAKE_BUILD_TYPE=Release'], 'cmake_clean_cache': False, 'cmake_clean_first': False, 'cmake_force_configure': False, 'cmake_target': None, 'cmake_target_skip_unavailable': False, 'install_base': '/home/f1/f1tenth_ws/install/pure_pursuit', 'merge_install': False, 'path': '/home/f1/f1tenth_ws/src/pure_pursuit', 'symlink_install': True, 'test_result_base': None}
[5.257s] Level 5:colcon.colcon_core.verb:set package 'pygame_key_teleop' build argument 'cmake_args' from command line to '['-DCMAKE_BUILD_TYPE=Release']'
[5.258s] Level 5:colcon.colcon_core.verb:set package 'pygame_key_teleop' build argument 'cmake_target' from command line to 'None'
[5.259s] Level 5:colcon.colcon_core.verb:set package 'pygame_key_teleop' build argument 'cmake_target_skip_unavailable' from command line to 'False'
[5.259s] Level 5:colcon.colcon_core.verb:set package 'pygame_key_teleop' build argument 'cmake_clean_cache' from command line to 'False'
[5.260s] Level 5:colcon.colcon_core.verb:set package 'pygame_key_teleop' build argument 'cmake_clean_first' from command line to 'False'
[5.260s] Level 5:colcon.colcon_core.verb:set package 'pygame_key_teleop' build argument 'cmake_force_configure' from command line to 'False'
[5.261s] Level 5:colcon.colcon_core.verb:set package 'pygame_key_teleop' build argument 'ament_cmake_args' from command line to 'None'
[5.262s] Level 5:colcon.colcon_core.verb:set package 'pygame_key_teleop' build argument 'catkin_cmake_args' from command line to 'None'
[5.262s] Level 5:colcon.colcon_core.verb:set package 'pygame_key_teleop' build argument 'catkin_skip_building_tests' from command line to 'False'
[5.263s] DEBUG:colcon.colcon_core.verb:Building package 'pygame_key_teleop' with the following arguments: {'ament_cmake_args': None, 'build_base': '/home/f1/f1tenth_ws/build/pygame_key_teleop', 'catkin_cmake_args': None, 'catkin_skip_building_tests': False, 'cmake_args': ['-DCMAKE_BUILD_TYPE=Release'], 'cmake_clean_cache': False, 'cmake_clean_first': False, 'cmake_force_configure': False, 'cmake_target': None, 'cmake_target_skip_unavailable': False, 'install_base': '/home/f1/f1tenth_ws/install/pygame_key_teleop', 'merge_install': False, 'path': '/home/f1/f1tenth_ws/src/pygame_key_teleop', 'symlink_install': True, 'test_result_base': None}
[5.267s] Level 5:colcon.colcon_core.verb:set package 'teleop_tools_msgs' build argument 'cmake_args' from command line to '['-DCMAKE_BUILD_TYPE=Release']'
[5.267s] Level 5:colcon.colcon_core.verb:set package 'teleop_tools_msgs' build argument 'cmake_target' from command line to 'None'
[5.268s] Level 5:colcon.colcon_core.verb:set package 'teleop_tools_msgs' build argument 'cmake_target_skip_unavailable' from command line to 'False'
[5.268s] Level 5:colcon.colcon_core.verb:set package 'teleop_tools_msgs' build argument 'cmake_clean_cache' from command line to 'False'
[5.268s] Level 5:colcon.colcon_core.verb:set package 'teleop_tools_msgs' build argument 'cmake_clean_first' from command line to 'False'
[5.268s] Level 5:colcon.colcon_core.verb:set package 'teleop_tools_msgs' build argument 'cmake_force_configure' from command line to 'False'
[5.269s] Level 5:colcon.colcon_core.verb:set package 'teleop_tools_msgs' build argument 'ament_cmake_args' from command line to 'None'
[5.269s] Level 5:colcon.colcon_core.verb:set package 'teleop_tools_msgs' build argument 'catkin_cmake_args' from command line to 'None'
[5.269s] Level 5:colcon.colcon_core.verb:set package 'teleop_tools_msgs' build argument 'catkin_skip_building_tests' from command line to 'False'
[5.269s] DEBUG:colcon.colcon_core.verb:Building package 'teleop_tools_msgs' with the following arguments: {'ament_cmake_args': None, 'build_base': '/home/f1/f1tenth_ws/build/teleop_tools_msgs', 'catkin_cmake_args': None, 'catkin_skip_building_tests': False, 'cmake_args': ['-DCMAKE_BUILD_TYPE=Release'], 'cmake_clean_cache': False, 'cmake_clean_first': False, 'cmake_force_configure': False, 'cmake_target': None, 'cmake_target_skip_unavailable': False, 'install_base': '/home/f1/f1tenth_ws/install/teleop_tools_msgs', 'merge_install': False, 'path': '/home/f1/f1tenth_ws/src/f1tenth_system/teleop_tools/teleop_tools_msgs', 'symlink_install': True, 'test_result_base': None}
[5.272s] Level 5:colcon.colcon_core.verb:set package 'vesc_msgs' build argument 'cmake_args' from command line to '['-DCMAKE_BUILD_TYPE=Release']'
[5.272s] Level 5:colcon.colcon_core.verb:set package 'vesc_msgs' build argument 'cmake_target' from command line to 'None'
[5.273s] Level 5:colcon.colcon_core.verb:set package 'vesc_msgs' build argument 'cmake_target_skip_unavailable' from command line to 'False'
[5.273s] Level 5:colcon.colcon_core.verb:set package 'vesc_msgs' build argument 'cmake_clean_cache' from command line to 'False'
[5.273s] Level 5:colcon.colcon_core.verb:set package 'vesc_msgs' build argument 'cmake_clean_first' from command line to 'False'
[5.273s] Level 5:colcon.colcon_core.verb:set package 'vesc_msgs' build argument 'cmake_force_configure' from command line to 'False'
[5.274s] Level 5:colcon.colcon_core.verb:set package 'vesc_msgs' build argument 'ament_cmake_args' from command line to 'None'
[5.274s] Level 5:colcon.colcon_core.verb:set package 'vesc_msgs' build argument 'catkin_cmake_args' from command line to 'None'
[5.274s] Level 5:colcon.colcon_core.verb:set package 'vesc_msgs' build argument 'catkin_skip_building_tests' from command line to 'False'
[5.274s] DEBUG:colcon.colcon_core.verb:Building package 'vesc_msgs' with the following arguments: {'ament_cmake_args': None, 'build_base': '/home/f1/f1tenth_ws/build/vesc_msgs', 'catkin_cmake_args': None, 'catkin_skip_building_tests': False, 'cmake_args': ['-DCMAKE_BUILD_TYPE=Release'], 'cmake_clean_cache': False, 'cmake_clean_first': False, 'cmake_force_configure': False, 'cmake_target': None, 'cmake_target_skip_unavailable': False, 'install_base': '/home/f1/f1tenth_ws/install/vesc_msgs', 'merge_install': False, 'path': '/home/f1/f1tenth_ws/src/f1tenth_system/vesc/vesc_msgs', 'symlink_install': True, 'test_result_base': None}
[5.277s] Level 5:colcon.colcon_core.verb:set package 'joy_teleop' build argument 'cmake_args' from command line to '['-DCMAKE_BUILD_TYPE=Release']'
[5.277s] Level 5:colcon.colcon_core.verb:set package 'joy_teleop' build argument 'cmake_target' from command line to 'None'
[5.278s] Level 5:colcon.colcon_core.verb:set package 'joy_teleop' build argument 'cmake_target_skip_unavailable' from command line to 'False'
[5.278s] Level 5:colcon.colcon_core.verb:set package 'joy_teleop' build argument 'cmake_clean_cache' from command line to 'False'
[5.278s] Level 5:colcon.colcon_core.verb:set package 'joy_teleop' build argument 'cmake_clean_first' from command line to 'False'
[5.278s] Level 5:colcon.colcon_core.verb:set package 'joy_teleop' build argument 'cmake_force_configure' from command line to 'False'
[5.278s] Level 5:colcon.colcon_core.verb:set package 'joy_teleop' build argument 'ament_cmake_args' from command line to 'None'
[5.278s] Level 5:colcon.colcon_core.verb:set package 'joy_teleop' build argument 'catkin_cmake_args' from command line to 'None'
[5.279s] Level 5:colcon.colcon_core.verb:set package 'joy_teleop' build argument 'catkin_skip_building_tests' from command line to 'False'
[5.279s] DEBUG:colcon.colcon_core.verb:Building package 'joy_teleop' with the following arguments: {'ament_cmake_args': None, 'build_base': '/home/f1/f1tenth_ws/build/joy_teleop', 'catkin_cmake_args': None, 'catkin_skip_building_tests': False, 'cmake_args': ['-DCMAKE_BUILD_TYPE=Release'], 'cmake_clean_cache': False, 'cmake_clean_first': False, 'cmake_force_configure': False, 'cmake_target': None, 'cmake_target_skip_unavailable': False, 'install_base': '/home/f1/f1tenth_ws/install/joy_teleop', 'merge_install': False, 'path': '/home/f1/f1tenth_ws/src/f1tenth_system/teleop_tools/joy_teleop', 'symlink_install': True, 'test_result_base': None}
[5.282s] Level 5:colcon.colcon_core.verb:set package 'vesc_ackermann' build argument 'cmake_args' from command line to '['-DCMAKE_BUILD_TYPE=Release']'
[5.283s] Level 5:colcon.colcon_core.verb:set package 'vesc_ackermann' build argument 'cmake_target' from command line to 'None'
[5.283s] Level 5:colcon.colcon_core.verb:set package 'vesc_ackermann' build argument 'cmake_target_skip_unavailable' from command line to 'False'
[5.283s] Level 5:colcon.colcon_core.verb:set package 'vesc_ackermann' build argument 'cmake_clean_cache' from command line to 'False'
[5.283s] Level 5:colcon.colcon_core.verb:set package 'vesc_ackermann' build argument 'cmake_clean_first' from command line to 'False'
[5.284s] Level 5:colcon.colcon_core.verb:set package 'vesc_ackermann' build argument 'cmake_force_configure' from command line to 'False'
[5.284s] Level 5:colcon.colcon_core.verb:set package 'vesc_ackermann' build argument 'ament_cmake_args' from command line to 'None'
[5.284s] Level 5:colcon.colcon_core.verb:set package 'vesc_ackermann' build argument 'catkin_cmake_args' from command line to 'None'
[5.284s] Level 5:colcon.colcon_core.verb:set package 'vesc_ackermann' build argument 'catkin_skip_building_tests' from command line to 'False'
[5.285s] DEBUG:colcon.colcon_core.verb:Building package 'vesc_ackermann' with the following arguments: {'ament_cmake_args': None, 'build_base': '/home/f1/f1tenth_ws/build/vesc_ackermann', 'catkin_cmake_args': None, 'catkin_skip_building_tests': False, 'cmake_args': ['-DCMAKE_BUILD_TYPE=Release'], 'cmake_clean_cache': False, 'cmake_clean_first': False, 'cmake_force_configure': False, 'cmake_target': None, 'cmake_target_skip_unavailable': False, 'install_base': '/home/f1/f1tenth_ws/install/vesc_ackermann', 'merge_install': False, 'path': '/home/f1/f1tenth_ws/src/f1tenth_system/vesc/vesc_ackermann', 'symlink_install': True, 'test_result_base': None}
[5.288s] Level 5:colcon.colcon_core.verb:set package 'vesc_driver' build argument 'cmake_args' from command line to '['-DCMAKE_BUILD_TYPE=Release']'
[5.288s] Level 5:colcon.colcon_core.verb:set package 'vesc_driver' build argument 'cmake_target' from command line to 'None'
[5.289s] Level 5:colcon.colcon_core.verb:set package 'vesc_driver' build argument 'cmake_target_skip_unavailable' from command line to 'False'
[5.289s] Level 5:colcon.colcon_core.verb:set package 'vesc_driver' build argument 'cmake_clean_cache' from command line to 'False'
[5.289s] Level 5:colcon.colcon_core.verb:set package 'vesc_driver' build argument 'cmake_clean_first' from command line to 'False'
[5.289s] Level 5:colcon.colcon_core.verb:set package 'vesc_driver' build argument 'cmake_force_configure' from command line to 'False'
[5.290s] Level 5:colcon.colcon_core.verb:set package 'vesc_driver' build argument 'ament_cmake_args' from command line to 'None'
[5.290s] Level 5:colcon.colcon_core.verb:set package 'vesc_driver' build argument 'catkin_cmake_args' from command line to 'None'
[5.290s] Level 5:colcon.colcon_core.verb:set package 'vesc_driver' build argument 'catkin_skip_building_tests' from command line to 'False'
[5.291s] DEBUG:colcon.colcon_core.verb:Building package 'vesc_driver' with the following arguments: {'ament_cmake_args': None, 'build_base': '/home/f1/f1tenth_ws/build/vesc_driver', 'catkin_cmake_args': None, 'catkin_skip_building_tests': False, 'cmake_args': ['-DCMAKE_BUILD_TYPE=Release'], 'cmake_clean_cache': False, 'cmake_clean_first': False, 'cmake_force_configure': False, 'cmake_target': None, 'cmake_target_skip_unavailable': False, 'install_base': '/home/f1/f1tenth_ws/install/vesc_driver', 'merge_install': False, 'path': '/home/f1/f1tenth_ws/src/f1tenth_system/vesc/vesc_driver', 'symlink_install': True, 'test_result_base': None}
[5.293s] Level 5:colcon.colcon_core.verb:set package 'teleop_tools' build argument 'cmake_args' from command line to '['-DCMAKE_BUILD_TYPE=Release']'
[5.294s] Level 5:colcon.colcon_core.verb:set package 'teleop_tools' build argument 'cmake_target' from command line to 'None'
[5.294s] Level 5:colcon.colcon_core.verb:set package 'teleop_tools' build argument 'cmake_target_skip_unavailable' from command line to 'False'
[5.295s] Level 5:colcon.colcon_core.verb:set package 'teleop_tools' build argument 'cmake_clean_cache' from command line to 'False'
[5.295s] Level 5:colcon.colcon_core.verb:set package 'teleop_tools' build argument 'cmake_clean_first' from command line to 'False'
[5.295s] Level 5:colcon.colcon_core.verb:set package 'teleop_tools' build argument 'cmake_force_configure' from command line to 'False'
[5.295s] Level 5:colcon.colcon_core.verb:set package 'teleop_tools' build argument 'ament_cmake_args' from command line to 'None'
[5.295s] Level 5:colcon.colcon_core.verb:set package 'teleop_tools' build argument 'catkin_cmake_args' from command line to 'None'
[5.295s] Level 5:colcon.colcon_core.verb:set package 'teleop_tools' build argument 'catkin_skip_building_tests' from command line to 'False'
[5.295s] DEBUG:colcon.colcon_core.verb:Building package 'teleop_tools' with the following arguments: {'ament_cmake_args': None, 'build_base': '/home/f1/f1tenth_ws/build/teleop_tools', 'catkin_cmake_args': None, 'catkin_skip_building_tests': False, 'cmake_args': ['-DCMAKE_BUILD_TYPE=Release'], 'cmake_clean_cache': False, 'cmake_clean_first': False, 'cmake_force_configure': False, 'cmake_target': None, 'cmake_target_skip_unavailable': False, 'install_base': '/home/f1/f1tenth_ws/install/teleop_tools', 'merge_install': False, 'path': '/home/f1/f1tenth_ws/src/f1tenth_system/teleop_tools/teleop_tools', 'symlink_install': True, 'test_result_base': None}
[5.298s] Level 5:colcon.colcon_core.verb:set package 'vesc' build argument 'cmake_args' from command line to '['-DCMAKE_BUILD_TYPE=Release']'
[5.304s] Level 5:colcon.colcon_core.verb:set package 'vesc' build argument 'cmake_target' from command line to 'None'
[5.304s] Level 5:colcon.colcon_core.verb:set package 'vesc' build argument 'cmake_target_skip_unavailable' from command line to 'False'
[5.304s] Level 5:colcon.colcon_core.verb:set package 'vesc' build argument 'cmake_clean_cache' from command line to 'False'
[5.305s] Level 5:colcon.colcon_core.verb:set package 'vesc' build argument 'cmake_clean_first' from command line to 'False'
[5.305s] Level 5:colcon.colcon_core.verb:set package 'vesc' build argument 'cmake_force_configure' from command line to 'False'
[5.305s] Level 5:colcon.colcon_core.verb:set package 'vesc' build argument 'ament_cmake_args' from command line to 'None'
[5.306s] Level 5:colcon.colcon_core.verb:set package 'vesc' build argument 'catkin_cmake_args' from command line to 'None'
[5.307s] Level 5:colcon.colcon_core.verb:set package 'vesc' build argument 'catkin_skip_building_tests' from command line to 'False'
[5.307s] DEBUG:colcon.colcon_core.verb:Building package 'vesc' with the following arguments: {'ament_cmake_args': None, 'build_base': '/home/f1/f1tenth_ws/build/vesc', 'catkin_cmake_args': None, 'catkin_skip_building_tests': False, 'cmake_args': ['-DCMAKE_BUILD_TYPE=Release'], 'cmake_clean_cache': False, 'cmake_clean_first': False, 'cmake_force_configure': False, 'cmake_target': None, 'cmake_target_skip_unavailable': False, 'install_base': '/home/f1/f1tenth_ws/install/vesc', 'merge_install': False, 'path': '/home/f1/f1tenth_ws/src/f1tenth_system/vesc/vesc', 'symlink_install': True, 'test_result_base': None}
[5.312s] Level 5:colcon.colcon_core.verb:set package 'f1tenth_stack' build argument 'cmake_args' from command line to '['-DCMAKE_BUILD_TYPE=Release']'
[5.313s] Level 5:colcon.colcon_core.verb:set package 'f1tenth_stack' build argument 'cmake_target' from command line to 'None'
[5.313s] Level 5:colcon.colcon_core.verb:set package 'f1tenth_stack' build argument 'cmake_target_skip_unavailable' from command line to 'False'
[5.313s] Level 5:colcon.colcon_core.verb:set package 'f1tenth_stack' build argument 'cmake_clean_cache' from command line to 'False'
[5.313s] Level 5:colcon.colcon_core.verb:set package 'f1tenth_stack' build argument 'cmake_clean_first' from command line to 'False'
[5.317s] Level 5:colcon.colcon_core.verb:set package 'f1tenth_stack' build argument 'cmake_force_configure' from command line to 'False'
[5.318s] Level 5:colcon.colcon_core.verb:set package 'f1tenth_stack' build argument 'ament_cmake_args' from command line to 'None'
[5.318s] Level 5:colcon.colcon_core.verb:set package 'f1tenth_stack' build argument 'catkin_cmake_args' from command line to 'None'
[5.318s] Level 5:colcon.colcon_core.verb:set package 'f1tenth_stack' build argument 'catkin_skip_building_tests' from command line to 'False'
[5.318s] DEBUG:colcon.colcon_core.verb:Building package 'f1tenth_stack' with the following arguments: {'ament_cmake_args': None, 'build_base': '/home/f1/f1tenth_ws/build/f1tenth_stack', 'catkin_cmake_args': None, 'catkin_skip_building_tests': False, 'cmake_args': ['-DCMAKE_BUILD_TYPE=Release'], 'cmake_clean_cache': False, 'cmake_clean_first': False, 'cmake_force_configure': False, 'cmake_target': None, 'cmake_target_skip_unavailable': False, 'install_base': '/home/f1/f1tenth_ws/install/f1tenth_stack', 'merge_install': False, 'path': '/home/f1/f1tenth_ws/src/f1tenth_system/f1tenth_stack', 'symlink_install': True, 'test_result_base': None}
[5.327s] Level 5:colcon.colcon_core.verb:set package 'f1tenth_slam_nav' build argument 'cmake_args' from command line to '['-DCMAKE_BUILD_TYPE=Release']'
[5.327s] Level 5:colcon.colcon_core.verb:set package 'f1tenth_slam_nav' build argument 'cmake_target' from command line to 'None'
[5.327s] Level 5:colcon.colcon_core.verb:set package 'f1tenth_slam_nav' build argument 'cmake_target_skip_unavailable' from command line to 'False'
[5.327s] Level 5:colcon.colcon_core.verb:set package 'f1tenth_slam_nav' build argument 'cmake_clean_cache' from command line to 'False'
[5.328s] Level 5:colcon.colcon_core.verb:set package 'f1tenth_slam_nav' build argument 'cmake_clean_first' from command line to 'False'
[5.328s] Level 5:colcon.colcon_core.verb:set package 'f1tenth_slam_nav' build argument 'cmake_force_configure' from command line to 'False'
[5.328s] Level 5:colcon.colcon_core.verb:set package 'f1tenth_slam_nav' build argument 'ament_cmake_args' from command line to 'None'
[5.328s] Level 5:colcon.colcon_core.verb:set package 'f1tenth_slam_nav' build argument 'catkin_cmake_args' from command line to 'None'
[5.328s] Level 5:colcon.colcon_core.verb:set package 'f1tenth_slam_nav' build argument 'catkin_skip_building_tests' from command line to 'False'
[5.329s] DEBUG:colcon.colcon_core.verb:Building package 'f1tenth_slam_nav' with the following arguments: {'ament_cmake_args': None, 'build_base': '/home/f1/f1tenth_ws/build/f1tenth_slam_nav', 'catkin_cmake_args': None, 'catkin_skip_building_tests': False, 'cmake_args': ['-DCMAKE_BUILD_TYPE=Release'], 'cmake_clean_cache': False, 'cmake_clean_first': False, 'cmake_force_configure': False, 'cmake_target': None, 'cmake_target_skip_unavailable': False, 'install_base': '/home/f1/f1tenth_ws/install/f1tenth_slam_nav', 'merge_install': False, 'path': '/home/f1/f1tenth_ws/src/f1tenth_slam_nav', 'symlink_install': True, 'test_result_base': None}
[5.329s] INFO:colcon.colcon_core.executor:Executing jobs using 'parallel' executor
[5.347s] DEBUG:colcon.colcon_parallel_executor.executor.parallel:run_until_complete
[5.351s] INFO:colcon.colcon_ros.task.ament_cmake.build:Building ROS package in '/home/f1/f1tenth_ws/src/f1tenth_system/vesc/vesc_msgs' with build type 'ament_cmake'
[5.356s] INFO:colcon.colcon_cmake.task.cmake.build:Building CMake package in '/home/f1/f1tenth_ws/src/f1tenth_system/vesc/vesc_msgs'
[5.392s] INFO:colcon.colcon_core.plugin_system:Skipping extension 'colcon_core.shell.bat': Not used on non-Windows systems
[5.395s] INFO:colcon.colcon_core.shell:Skip shell extension 'powershell' for command environment: Not usable outside of PowerShell
[5.395s] DEBUG:colcon.colcon_core.shell:Skip shell extension 'dsv' for command environment
[5.442s] INFO:colcon.colcon_ros.task.ament_cmake.build:Building ROS package in '/home/f1/f1tenth_ws/src/f1tenth_system/teleop_tools/teleop_tools_msgs' with build type 'ament_cmake'
[5.449s] INFO:colcon.colcon_cmake.task.cmake.build:Building CMake package in '/home/f1/f1tenth_ws/src/f1tenth_system/teleop_tools/teleop_tools_msgs'
[5.461s] INFO:colcon.colcon_core.shell:Skip shell extension 'powershell' for command environment: Not usable outside of PowerShell
[5.461s] DEBUG:colcon.colcon_core.shell:Skip shell extension 'dsv' for command environment
[5.501s] INFO:colcon.colcon_ros.task.ament_cmake.build:Building ROS package in '/home/f1/f1tenth_ws/src/f1tenth_system/ackermann_mux' with build type 'ament_cmake'
[5.504s] INFO:colcon.colcon_cmake.task.cmake.build:Building CMake package in '/home/f1/f1tenth_ws/src/f1tenth_system/ackermann_mux'
[5.514s] INFO:colcon.colcon_core.shell:Skip shell extension 'powershell' for command environment: Not usable outside of PowerShell
[5.515s] DEBUG:colcon.colcon_core.shell:Skip shell extension 'dsv' for command environment
[5.565s] INFO:colcon.colcon_ros.task.ament_python.build:Building ROS package in '/home/f1/f1tenth_ws/src/f1tenth_system/teleop_tools/key_teleop' with build type 'ament_python'
[5.573s] Level 1:colcon.colcon_core.shell:create_environment_hook('key_teleop', 'ament_prefix_path')
[5.578s] INFO:colcon.colcon_core.shell:Creating environment hook '/home/f1/f1tenth_ws/install/key_teleop/share/key_teleop/hook/ament_prefix_path.ps1'
[5.599s] INFO:colcon.colcon_core.shell:Creating environment descriptor '/home/f1/f1tenth_ws/install/key_teleop/share/key_teleop/hook/ament_prefix_path.dsv'
[5.607s] INFO:colcon.colcon_core.shell:Creating environment hook '/home/f1/f1tenth_ws/install/key_teleop/share/key_teleop/hook/ament_prefix_path.sh'
[5.615s] INFO:colcon.colcon_core.shell:Skip shell extension 'powershell' for command environment: Not usable outside of PowerShell
[5.616s] DEBUG:colcon.colcon_core.shell:Skip shell extension 'dsv' for command environment
[5.676s] INFO:colcon.colcon_ros.task.ament_cmake.build:Building ROS package in '/home/f1/f1tenth_ws/src/center_follow_cpp' with build type 'ament_cmake'
[5.680s] INFO:colcon.colcon_cmake.task.cmake.build:Building CMake package in '/home/f1/f1tenth_ws/src/center_follow_cpp'
[5.687s] INFO:colcon.colcon_core.shell:Skip shell extension 'powershell' for command environment: Not usable outside of PowerShell
[5.687s] DEBUG:colcon.colcon_core.shell:Skip shell extension 'dsv' for command environment
[5.723s] INFO:colcon.colcon_ros.task.ament_python.build:Building ROS package in '/home/f1/f1tenth_ws/src/f1tenth_system/teleop_tools/mouse_teleop' with build type 'ament_python'
[5.732s] Level 1:colcon.colcon_core.shell:create_environment_hook('mouse_teleop', 'ament_prefix_path')
[5.739s] INFO:colcon.colcon_core.shell:Creating environment hook '/home/f1/f1tenth_ws/install/mouse_teleop/share/mouse_teleop/hook/ament_prefix_path.ps1'
[5.745s] INFO:colcon.colcon_core.shell:Creating environment descriptor '/home/f1/f1tenth_ws/install/mouse_teleop/share/mouse_teleop/hook/ament_prefix_path.dsv'
[5.748s] INFO:colcon.colcon_core.shell:Creating environment hook '/home/f1/f1tenth_ws/install/mouse_teleop/share/mouse_teleop/hook/ament_prefix_path.sh'
[5.752s] INFO:colcon.colcon_core.shell:Skip shell extension 'powershell' for command environment: Not usable outside of PowerShell
[5.752s] DEBUG:colcon.colcon_core.shell:Skip shell extension 'dsv' for command environment
[5.847s] DEBUG:colcon.colcon_core.event_handler.log_command:Invoking command in '/home/f1/f1tenth_ws/build/vesc_msgs': CMAKE_PREFIX_PATH=/opt/ros/foxy /usr/bin/cmake --build /home/f1/f1tenth_ws/build/vesc_msgs -- -j6 -l6
[5.913s] DEBUG:colcon.colcon_core.event_handler.log_command:Invoking command in '/home/f1/f1tenth_ws/build/teleop_tools_msgs': CMAKE_PREFIX_PATH=/opt/ros/foxy /usr/bin/cmake --build /home/f1/f1tenth_ws/build/teleop_tools_msgs -- -j6 -l6
[5.988s] DEBUG:colcon.colcon_core.event_handler.log_command:Invoking command in '/home/f1/f1tenth_ws/build/ackermann_mux': CMAKE_PREFIX_PATH=/opt/ros/foxy /usr/bin/cmake --build /home/f1/f1tenth_ws/build/ackermann_mux -- -j6 -l6
[8.425s] INFO:colcon.colcon_core.task.python.build:Building Python package in '/home/f1/f1tenth_ws/src/f1tenth_system/teleop_tools/key_teleop'
[8.430s] INFO:colcon.colcon_core.shell:Skip shell extension 'powershell' for command environment: Not usable outside of PowerShell
[8.430s] DEBUG:colcon.colcon_core.shell:Skip shell extension 'dsv' for command environment
[8.511s] DEBUG:colcon.colcon_core.event_handler.log_command:Invoking command in '/home/f1/f1tenth_ws/build/center_follow_cpp': CMAKE_PREFIX_PATH=/opt/ros/foxy /usr/bin/cmake --build /home/f1/f1tenth_ws/build/center_follow_cpp -- -j6 -l6
[10.279s] INFO:colcon.colcon_core.task.python.build:Building Python package in '/home/f1/f1tenth_ws/src/f1tenth_system/teleop_tools/mouse_teleop'
[10.285s] INFO:colcon.colcon_core.shell:Skip shell extension 'powershell' for command environment: Not usable outside of PowerShell
[10.286s] DEBUG:colcon.colcon_core.shell:Skip shell extension 'dsv' for command environment
[10.388s] DEBUG:colcon.colcon_core.event_handler.log_command:Invoked command in '/home/f1/f1tenth_ws/build/vesc_msgs' returned '0': CMAKE_PREFIX_PATH=/opt/ros/foxy /usr/bin/cmake --build /home/f1/f1tenth_ws/build/vesc_msgs -- -j6 -l6
[10.472s] DEBUG:colcon.colcon_core.event_handler.log_command:Invoking command in '/home/f1/f1tenth_ws/build/vesc_msgs': CMAKE_PREFIX_PATH=/opt/ros/foxy /usr/bin/cmake --install /home/f1/f1tenth_ws/build/vesc_msgs
[10.487s] DEBUG:colcon.colcon_core.event_handler.log_command:Invoked command in '/home/f1/f1tenth_ws/build/teleop_tools_msgs' returned '0': CMAKE_PREFIX_PATH=/opt/ros/foxy /usr/bin/cmake --build /home/f1/f1tenth_ws/build/teleop_tools_msgs -- -j6 -l6
[10.512s] DEBUG:colcon.colcon_core.event_handler.log_command:Invoking command in '/home/f1/f1tenth_ws/build/teleop_tools_msgs': CMAKE_PREFIX_PATH=/opt/ros/foxy /usr/bin/cmake --install /home/f1/f1tenth_ws/build/teleop_tools_msgs
[10.523s] DEBUG:colcon.colcon_core.event_handler.log_command:Invoked command in '/home/f1/f1tenth_ws/build/ackermann_mux' returned '0': CMAKE_PREFIX_PATH=/opt/ros/foxy /usr/bin/cmake --build /home/f1/f1tenth_ws/build/ackermann_mux -- -j6 -l6
[10.532s] DEBUG:colcon.colcon_core.event_handler.log_command:Invoking command in '/home/f1/f1tenth_ws/build/ackermann_mux': CMAKE_PREFIX_PATH=/opt/ros/foxy /usr/bin/cmake --install /home/f1/f1tenth_ws/build/ackermann_mux
[10.560s] DEBUG:colcon.colcon_core.event_handler.log_command:Invoked command in '/home/f1/f1tenth_ws/build/center_follow_cpp' returned '0': CMAKE_PREFIX_PATH=/opt/ros/foxy /usr/bin/cmake --build /home/f1/f1tenth_ws/build/center_follow_cpp -- -j6 -l6
[10.574s] DEBUG:colcon.colcon_core.event_handler.log_command:Invoking command in '/home/f1/f1tenth_ws/build/center_follow_cpp': CMAKE_PREFIX_PATH=/opt/ros/foxy /usr/bin/cmake --install /home/f1/f1tenth_ws/build/center_follow_cpp
[10.900s] Level 1:colcon.colcon_core.environment:create_environment_scripts_only(ackermann_mux)
[10.992s] DEBUG:colcon.colcon_core.event_handler.log_command:Invoked command in '/home/f1/f1tenth_ws/build/ackermann_mux' returned '0': CMAKE_PREFIX_PATH=/opt/ros/foxy /usr/bin/cmake --install /home/f1/f1tenth_ws/build/ackermann_mux
[11.034s] Level 1:colcon.colcon_core.environment:checking '/home/f1/f1tenth_ws/install/ackermann_mux' for CMake module files
[11.041s] Level 1:colcon.colcon_core.environment:checking '/home/f1/f1tenth_ws/install/ackermann_mux' for CMake config files
[11.044s] Level 1:colcon.colcon_core.shell:create_environment_hook('ackermann_mux', 'cmake_prefix_path')
[11.046s] INFO:colcon.colcon_core.shell:Creating environment hook '/home/f1/f1tenth_ws/install/ackermann_mux/share/ackermann_mux/hook/cmake_prefix_path.ps1'
[11.051s] INFO:colcon.colcon_core.shell:Creating environment descriptor '/home/f1/f1tenth_ws/install/ackermann_mux/share/ackermann_mux/hook/cmake_prefix_path.dsv'
[11.059s] INFO:colcon.colcon_core.shell:Creating environment hook '/home/f1/f1tenth_ws/install/ackermann_mux/share/ackermann_mux/hook/cmake_prefix_path.sh'
[11.074s] Level 1:colcon.colcon_core.environment:checking '/home/f1/f1tenth_ws/install/ackermann_mux/lib'
[11.075s] Level 1:colcon.colcon_core.environment:checking '/home/f1/f1tenth_ws/install/ackermann_mux/bin'
[11.075s] Level 1:colcon.colcon_core.environment:checking '/home/f1/f1tenth_ws/install/ackermann_mux/lib/pkgconfig/ackermann_mux.pc'
[11.084s] Level 1:colcon.colcon_core.environment:checking '/home/f1/f1tenth_ws/install/ackermann_mux/lib/python3.8/site-packages'
[11.085s] Level 1:colcon.colcon_core.environment:checking '/home/f1/f1tenth_ws/install/ackermann_mux/bin'
[11.090s] INFO:colcon.colcon_core.shell:Creating package script '/home/f1/f1tenth_ws/install/ackermann_mux/share/ackermann_mux/package.ps1'
[11.110s] INFO:colcon.colcon_core.shell:Creating package descriptor '/home/f1/f1tenth_ws/install/ackermann_mux/share/ackermann_mux/package.dsv'
[11.120s] INFO:colcon.colcon_core.shell:Creating package script '/home/f1/f1tenth_ws/install/ackermann_mux/share/ackermann_mux/package.sh'
[11.132s] INFO:colcon.colcon_core.shell:Creating package script '/home/f1/f1tenth_ws/install/ackermann_mux/share/ackermann_mux/package.bash'
[11.153s] INFO:colcon.colcon_core.shell:Creating package script '/home/f1/f1tenth_ws/install/ackermann_mux/share/ackermann_mux/package.zsh'
[11.163s] Level 1:colcon.colcon_core.environment:create_file_with_runtime_dependencies(/home/f1/f1tenth_ws/install/ackermann_mux/share/colcon-core/packages/ackermann_mux)
[11.173s] Level 1:colcon.colcon_core.environment:create_environment_scripts_only(ackermann_mux)
[11.178s] Level 1:colcon.colcon_core.environment:checking '/home/f1/f1tenth_ws/install/ackermann_mux' for CMake module files
[11.184s] Level 1:colcon.colcon_core.environment:checking '/home/f1/f1tenth_ws/install/ackermann_mux' for CMake config files
[11.191s] Level 1:colcon.colcon_core.shell:create_environment_hook('ackermann_mux', 'cmake_prefix_path')
[11.194s] INFO:colcon.colcon_core.shell:Creating environment hook '/home/f1/f1tenth_ws/install/ackermann_mux/share/ackermann_mux/hook/cmake_prefix_path.ps1'
[11.200s] INFO:colcon.colcon_core.shell:Creating environment descriptor '/home/f1/f1tenth_ws/install/ackermann_mux/share/ackermann_mux/hook/cmake_prefix_path.dsv'
[11.204s] INFO:colcon.colcon_core.shell:Creating environment hook '/home/f1/f1tenth_ws/install/ackermann_mux/share/ackermann_mux/hook/cmake_prefix_path.sh'
[11.209s] Level 1:colcon.colcon_core.environment:checking '/home/f1/f1tenth_ws/install/ackermann_mux/lib'
[11.210s] Level 1:colcon.colcon_core.environment:checking '/home/f1/f1tenth_ws/install/ackermann_mux/bin'
[11.211s] Level 1:colcon.colcon_core.environment:checking '/home/f1/f1tenth_ws/install/ackermann_mux/lib/pkgconfig/ackermann_mux.pc'
[11.214s] Level 1:colcon.colcon_core.environment:checking '/home/f1/f1tenth_ws/install/ackermann_mux/lib/python3.8/site-packages'
[11.216s] Level 1:colcon.colcon_core.environment:checking '/home/f1/f1tenth_ws/install/ackermann_mux/bin'
[11.220s] INFO:colcon.colcon_core.shell:Creating package script '/home/f1/f1tenth_ws/install/ackermann_mux/share/ackermann_mux/package.ps1'
[11.230s] INFO:colcon.colcon_core.shell:Creating package descriptor '/home/f1/f1tenth_ws/install/ackermann_mux/share/ackermann_mux/package.dsv'
[11.246s] INFO:colcon.colcon_core.shell:Creating package script '/home/f1/f1tenth_ws/install/ackermann_mux/share/ackermann_mux/package.sh'
[11.269s] INFO:colcon.colcon_core.shell:Creating package script '/home/f1/f1tenth_ws/install/ackermann_mux/share/ackermann_mux/package.bash'
[11.272s] INFO:colcon.colcon_core.shell:Creating package script '/home/f1/f1tenth_ws/install/ackermann_mux/share/ackermann_mux/package.zsh'
[11.276s] Level 1:colcon.colcon_core.environment:create_file_with_runtime_dependencies(/home/f1/f1tenth_ws/install/ackermann_mux/share/colcon-core/packages/ackermann_mux)
[11.292s] INFO:colcon.colcon_ros.task.ament_cmake.build:Building ROS package in '/home/f1/f1tenth_ws/src/path_follow' with build type 'ament_cmake'
[11.293s] INFO:colcon.colcon_cmake.task.cmake.build:Building CMake package in '/home/f1/f1tenth_ws/src/path_follow'
[11.295s] INFO:colcon.colcon_core.shell:Skip shell extension 'powershell' for command environment: Not usable outside of PowerShell
[11.296s] DEBUG:colcon.colcon_core.shell:Skip shell extension 'dsv' for command environment
[11.383s] Level 1:colcon.colcon_core.environment:create_environment_scripts_only(center_follow_cpp)
[11.394s] Level 1:colcon.colcon_core.environment:checking '/home/f1/f1tenth_ws/install/center_follow_cpp' for CMake module files
[11.397s] DEBUG:colcon.colcon_core.event_handler.log_command:Invoked command in '/home/f1/f1tenth_ws/build/center_follow_cpp' returned '0': CMAKE_PREFIX_PATH=/opt/ros/foxy /usr/bin/cmake --install /home/f1/f1tenth_ws/build/center_follow_cpp
[11.405s] Level 1:colcon.colcon_core.environment:checking '/home/f1/f1tenth_ws/install/center_follow_cpp' for CMake config files
[11.408s] Level 1:colcon.colcon_core.shell:create_environment_hook('center_follow_cpp', 'cmake_prefix_path')
[11.410s] INFO:colcon.colcon_core.shell:Creating environment hook '/home/f1/f1tenth_ws/install/center_follow_cpp/share/center_follow_cpp/hook/cmake_prefix_path.ps1'
[11.417s] INFO:colcon.colcon_core.shell:Creating environment descriptor '/home/f1/f1tenth_ws/install/center_follow_cpp/share/center_follow_cpp/hook/cmake_prefix_path.dsv'
[11.421s] INFO:colcon.colcon_core.shell:Creating environment hook '/home/f1/f1tenth_ws/install/center_follow_cpp/share/center_follow_cpp/hook/cmake_prefix_path.sh'
[11.429s] Level 1:colcon.colcon_core.environment:checking '/home/f1/f1tenth_ws/install/center_follow_cpp/lib'
[11.431s] Level 1:colcon.colcon_core.environment:checking '/home/f1/f1tenth_ws/install/center_follow_cpp/bin'
[11.432s] Level 1:colcon.colcon_core.environment:checking '/home/f1/f1tenth_ws/install/center_follow_cpp/lib/pkgconfig/center_follow_cpp.pc'
[11.435s] Level 1:colcon.colcon_core.environment:checking '/home/f1/f1tenth_ws/install/center_follow_cpp/lib/python3.8/site-packages'
[11.436s] Level 1:colcon.colcon_core.environment:checking '/home/f1/f1tenth_ws/install/center_follow_cpp/bin'
[11.445s] INFO:colcon.colcon_core.shell:Creating package script '/home/f1/f1tenth_ws/install/center_follow_cpp/share/center_follow_cpp/package.ps1'
[11.450s] INFO:colcon.colcon_core.shell:Creating package descriptor '/home/f1/f1tenth_ws/install/center_follow_cpp/share/center_follow_cpp/package.dsv'
[11.455s] INFO:colcon.colcon_core.shell:Creating package script '/home/f1/f1tenth_ws/install/center_follow_cpp/share/center_follow_cpp/package.sh'
[11.459s] INFO:colcon.colcon_core.shell:Creating package script '/home/f1/f1tenth_ws/install/center_follow_cpp/share/center_follow_cpp/package.bash'
[11.466s] INFO:colcon.colcon_core.shell:Creating package script '/home/f1/f1tenth_ws/install/center_follow_cpp/share/center_follow_cpp/package.zsh'
[11.471s] Level 1:colcon.colcon_core.environment:create_file_with_runtime_dependencies(/home/f1/f1tenth_ws/install/center_follow_cpp/share/colcon-core/packages/center_follow_cpp)
[11.477s] Level 1:colcon.colcon_core.environment:create_environment_scripts_only(center_follow_cpp)
[11.478s] Level 1:colcon.colcon_core.environment:checking '/home/f1/f1tenth_ws/install/center_follow_cpp' for CMake module files
[11.483s] Level 1:colcon.colcon_core.environment:checking '/home/f1/f1tenth_ws/install/center_follow_cpp' for CMake config files
[11.510s] Level 1:colcon.colcon_core.shell:create_environment_hook('center_follow_cpp', 'cmake_prefix_path')
[11.513s] INFO:colcon.colcon_core.shell:Creating environment hook '/home/f1/f1tenth_ws/install/center_follow_cpp/share/center_follow_cpp/hook/cmake_prefix_path.ps1'
[11.521s] INFO:colcon.colcon_core.shell:Creating environment descriptor '/home/f1/f1tenth_ws/install/center_follow_cpp/share/center_follow_cpp/hook/cmake_prefix_path.dsv'
[11.526s] INFO:colcon.colcon_core.shell:Creating environment hook '/home/f1/f1tenth_ws/install/center_follow_cpp/share/center_follow_cpp/hook/cmake_prefix_path.sh'
[11.532s] Level 1:colcon.colcon_core.environment:checking '/home/f1/f1tenth_ws/install/center_follow_cpp/lib'
[11.533s] Level 1:colcon.colcon_core.environment:checking '/home/f1/f1tenth_ws/install/center_follow_cpp/bin'
[11.535s] Level 1:colcon.colcon_core.environment:checking '/home/f1/f1tenth_ws/install/center_follow_cpp/lib/pkgconfig/center_follow_cpp.pc'
[11.536s] Level 1:colcon.colcon_core.environment:checking '/home/f1/f1tenth_ws/install/center_follow_cpp/lib/python3.8/site-packages'
[11.538s] Level 1:colcon.colcon_core.environment:checking '/home/f1/f1tenth_ws/install/center_follow_cpp/bin'
[11.541s] INFO:colcon.colcon_core.shell:Creating package script '/home/f1/f1tenth_ws/install/center_follow_cpp/share/center_follow_cpp/package.ps1'
[11.553s] INFO:colcon.colcon_core.shell:Creating package descriptor '/home/f1/f1tenth_ws/install/center_follow_cpp/share/center_follow_cpp/package.dsv'
[11.560s] INFO:colcon.colcon_core.shell:Creating package script '/home/f1/f1tenth_ws/install/center_follow_cpp/share/center_follow_cpp/package.sh'
[11.565s] INFO:colcon.colcon_core.shell:Creating package script '/home/f1/f1tenth_ws/install/center_follow_cpp/share/center_follow_cpp/package.bash'
[11.569s] INFO:colcon.colcon_core.shell:Creating package script '/home/f1/f1tenth_ws/install/center_follow_cpp/share/center_follow_cpp/package.zsh'
[11.574s] Level 1:colcon.colcon_core.environment:create_file_with_runtime_dependencies(/home/f1/f1tenth_ws/install/center_follow_cpp/share/colcon-core/packages/center_follow_cpp)
[11.577s] Level 1:colcon.colcon_core.environment:create_environment_scripts_only(teleop_tools_msgs)
[11.579s] Level 1:colcon.colcon_core.environment:checking '/home/f1/f1tenth_ws/install/teleop_tools_msgs' for CMake module files
[11.588s] DEBUG:colcon.colcon_core.event_handler.log_command:Invoked command in '/home/f1/f1tenth_ws/build/teleop_tools_msgs' returned '0': CMAKE_PREFIX_PATH=/opt/ros/foxy /usr/bin/cmake --install /home/f1/f1tenth_ws/build/teleop_tools_msgs
[11.592s] Level 1:colcon.colcon_core.environment:checking '/home/f1/f1tenth_ws/install/teleop_tools_msgs' for CMake config files
[11.596s] Level 1:colcon.colcon_core.shell:create_environment_hook('teleop_tools_msgs', 'cmake_prefix_path')
[11.601s] INFO:colcon.colcon_core.shell:Creating environment hook '/home/f1/f1tenth_ws/install/teleop_tools_msgs/share/teleop_tools_msgs/hook/cmake_prefix_path.ps1'
[11.606s] INFO:colcon.colcon_core.shell:Creating environment descriptor '/home/f1/f1tenth_ws/install/teleop_tools_msgs/share/teleop_tools_msgs/hook/cmake_prefix_path.dsv'
[11.609s] INFO:colcon.colcon_core.shell:Creating environment hook '/home/f1/f1tenth_ws/install/teleop_tools_msgs/share/teleop_tools_msgs/hook/cmake_prefix_path.sh'
[11.615s] Level 1:colcon.colcon_core.environment:checking '/home/f1/f1tenth_ws/install/teleop_tools_msgs/lib'
[11.616s] Level 1:colcon.colcon_core.shell:create_environment_hook('teleop_tools_msgs', 'ld_library_path_lib')
[11.618s] INFO:colcon.colcon_core.shell:Creating environment hook '/home/f1/f1tenth_ws/install/teleop_tools_msgs/share/teleop_tools_msgs/hook/ld_library_path_lib.ps1'
[11.621s] INFO:colcon.colcon_core.shell:Creating environment descriptor '/home/f1/f1tenth_ws/install/teleop_tools_msgs/share/teleop_tools_msgs/hook/ld_library_path_lib.dsv'
[11.625s] INFO:colcon.colcon_core.shell:Creating environment hook '/home/f1/f1tenth_ws/install/teleop_tools_msgs/share/teleop_tools_msgs/hook/ld_library_path_lib.sh'
[11.628s] Level 1:colcon.colcon_core.environment:checking '/home/f1/f1tenth_ws/install/teleop_tools_msgs/bin'
[11.629s] Level 1:colcon.colcon_core.environment:checking '/home/f1/f1tenth_ws/install/teleop_tools_msgs/lib/pkgconfig/teleop_tools_msgs.pc'
[11.630s] Level 1:colcon.colcon_core.environment:checking '/home/f1/f1tenth_ws/install/teleop_tools_msgs/lib/python3.8/site-packages'
[11.630s] Level 1:colcon.colcon_core.shell:create_environment_hook('teleop_tools_msgs', 'pythonpath')
[11.632s] INFO:colcon.colcon_core.shell:Creating environment hook '/home/f1/f1tenth_ws/install/teleop_tools_msgs/share/teleop_tools_msgs/hook/pythonpath.ps1'
[11.635s] INFO:colcon.colcon_core.shell:Creating environment descriptor '/home/f1/f1tenth_ws/install/teleop_tools_msgs/share/teleop_tools_msgs/hook/pythonpath.dsv'
[11.642s] INFO:colcon.colcon_core.shell:Creating environment hook '/home/f1/f1tenth_ws/install/teleop_tools_msgs/share/teleop_tools_msgs/hook/pythonpath.sh'
[11.664s] Level 1:colcon.colcon_core.environment:checking '/home/f1/f1tenth_ws/install/teleop_tools_msgs/bin'
[11.668s] INFO:colcon.colcon_core.shell:Creating package script '/home/f1/f1tenth_ws/install/teleop_tools_msgs/share/teleop_tools_msgs/package.ps1'
[11.685s] INFO:colcon.colcon_core.shell:Creating package descriptor '/home/f1/f1tenth_ws/install/teleop_tools_msgs/share/teleop_tools_msgs/package.dsv'
[11.690s] INFO:colcon.colcon_core.shell:Creating package script '/home/f1/f1tenth_ws/install/teleop_tools_msgs/share/teleop_tools_msgs/package.sh'
[11.694s] INFO:colcon.colcon_core.shell:Creating package script '/home/f1/f1tenth_ws/install/teleop_tools_msgs/share/teleop_tools_msgs/package.bash'
[11.699s] INFO:colcon.colcon_core.shell:Creating package script '/home/f1/f1tenth_ws/install/teleop_tools_msgs/share/teleop_tools_msgs/package.zsh'
[11.703s] Level 1:colcon.colcon_core.environment:create_file_with_runtime_dependencies(/home/f1/f1tenth_ws/install/teleop_tools_msgs/share/colcon-core/packages/teleop_tools_msgs)
[11.713s] Level 1:colcon.colcon_core.environment:create_environment_scripts_only(teleop_tools_msgs)
[11.715s] Level 1:colcon.colcon_core.environment:checking '/home/f1/f1tenth_ws/install/teleop_tools_msgs' for CMake module files
[11.721s] Level 1:colcon.colcon_core.environment:checking '/home/f1/f1tenth_ws/install/teleop_tools_msgs' for CMake config files
[11.725s] Level 1:colcon.colcon_core.shell:create_environment_hook('teleop_tools_msgs', 'cmake_prefix_path')
[11.727s] INFO:colcon.colcon_core.shell:Creating environment hook '/home/f1/f1tenth_ws/install/teleop_tools_msgs/share/teleop_tools_msgs/hook/cmake_prefix_path.ps1'
[11.730s] INFO:colcon.colcon_core.shell:Creating environment descriptor '/home/f1/f1tenth_ws/install/teleop_tools_msgs/share/teleop_tools_msgs/hook/cmake_prefix_path.dsv'
[11.733s] INFO:colcon.colcon_core.shell:Creating environment hook '/home/f1/f1tenth_ws/install/teleop_tools_msgs/share/teleop_tools_msgs/hook/cmake_prefix_path.sh'
[11.737s] Level 1:colcon.colcon_core.environment:checking '/home/f1/f1tenth_ws/install/teleop_tools_msgs/lib'
[11.738s] Level 1:colcon.colcon_core.shell:create_environment_hook('teleop_tools_msgs', 'ld_library_path_lib')
[11.740s] INFO:colcon.colcon_core.shell:Creating environment hook '/home/f1/f1tenth_ws/install/teleop_tools_msgs/share/teleop_tools_msgs/hook/ld_library_path_lib.ps1'
[11.746s] INFO:colcon.colcon_core.shell:Creating environment descriptor '/home/f1/f1tenth_ws/install/teleop_tools_msgs/share/teleop_tools_msgs/hook/ld_library_path_lib.dsv'
[11.749s] INFO:colcon.colcon_core.shell:Creating environment hook '/home/f1/f1tenth_ws/install/teleop_tools_msgs/share/teleop_tools_msgs/hook/ld_library_path_lib.sh'
[11.753s] Level 1:colcon.colcon_core.environment:checking '/home/f1/f1tenth_ws/install/teleop_tools_msgs/bin'
[11.756s] Level 1:colcon.colcon_core.environment:checking '/home/f1/f1tenth_ws/install/teleop_tools_msgs/lib/pkgconfig/teleop_tools_msgs.pc'
[11.758s] Level 1:colcon.colcon_core.environment:checking '/home/f1/f1tenth_ws/install/teleop_tools_msgs/lib/python3.8/site-packages'
[11.759s] Level 1:colcon.colcon_core.shell:create_environment_hook('teleop_tools_msgs', 'pythonpath')
[11.761s] INFO:colcon.colcon_core.shell:Creating environment hook '/home/f1/f1tenth_ws/install/teleop_tools_msgs/share/teleop_tools_msgs/hook/pythonpath.ps1'
[11.765s] INFO:colcon.colcon_core.shell:Creating environment descriptor '/home/f1/f1tenth_ws/install/teleop_tools_msgs/share/teleop_tools_msgs/hook/pythonpath.dsv'
[11.768s] INFO:colcon.colcon_core.shell:Creating environment hook '/home/f1/f1tenth_ws/install/teleop_tools_msgs/share/teleop_tools_msgs/hook/pythonpath.sh'
[11.772s] Level 1:colcon.colcon_core.environment:checking '/home/f1/f1tenth_ws/install/teleop_tools_msgs/bin'
[11.774s] INFO:colcon.colcon_core.shell:Creating package script '/home/f1/f1tenth_ws/install/teleop_tools_msgs/share/teleop_tools_msgs/package.ps1'
[11.780s] INFO:colcon.colcon_core.shell:Creating package descriptor '/home/f1/f1tenth_ws/install/teleop_tools_msgs/share/teleop_tools_msgs/package.dsv'
[11.786s] INFO:colcon.colcon_core.shell:Creating package script '/home/f1/f1tenth_ws/install/teleop_tools_msgs/share/teleop_tools_msgs/package.sh'
[11.791s] INFO:colcon.colcon_core.shell:Creating package script '/home/f1/f1tenth_ws/install/teleop_tools_msgs/share/teleop_tools_msgs/package.bash'
[11.795s] INFO:colcon.colcon_core.shell:Creating package script '/home/f1/f1tenth_ws/install/teleop_tools_msgs/share/teleop_tools_msgs/package.zsh'
[11.799s] Level 1:colcon.colcon_core.environment:create_file_with_runtime_dependencies(/home/f1/f1tenth_ws/install/teleop_tools_msgs/share/colcon-core/packages/teleop_tools_msgs)
[11.813s] INFO:colcon.colcon_ros.task.ament_python.build:Building ROS package in '/home/f1/f1tenth_ws/src/f1tenth_system/teleop_tools/joy_teleop' with build type 'ament_python'
[11.816s] Level 1:colcon.colcon_core.shell:create_environment_hook('joy_teleop', 'ament_prefix_path')
[11.820s] INFO:colcon.colcon_core.shell:Creating environment hook '/home/f1/f1tenth_ws/install/joy_teleop/share/joy_teleop/hook/ament_prefix_path.ps1'
[11.823s] INFO:colcon.colcon_core.shell:Creating environment descriptor '/home/f1/f1tenth_ws/install/joy_teleop/share/joy_teleop/hook/ament_prefix_path.dsv'
[11.827s] INFO:colcon.colcon_core.shell:Creating environment hook '/home/f1/f1tenth_ws/install/joy_teleop/share/joy_teleop/hook/ament_prefix_path.sh'
[11.831s] INFO:colcon.colcon_core.shell:Skip shell extension 'powershell' for command environment: Not usable outside of PowerShell
[11.831s] DEBUG:colcon.colcon_core.shell:Skip shell extension 'dsv' for command environment
[11.880s] INFO:colcon.colcon_ros.task.ament_cmake.build:Building ROS package in '/home/f1/f1tenth_ws/src/pure_pursuit' with build type 'ament_cmake'
[11.894s] INFO:colcon.colcon_cmake.task.cmake.build:Building CMake package in '/home/f1/f1tenth_ws/src/pure_pursuit'
[11.902s] INFO:colcon.colcon_core.shell:Skip shell extension 'powershell' for command environment: Not usable outside of PowerShell
[11.903s] DEBUG:colcon.colcon_core.shell:Skip shell extension 'dsv' for command environment
[11.973s] Level 1:colcon.colcon_core.environment:create_environment_scripts_only(vesc_msgs)
[11.979s] DEBUG:colcon.colcon_core.event_handler.log_command:Invoked command in '/home/f1/f1tenth_ws/build/vesc_msgs' returned '0': CMAKE_PREFIX_PATH=/opt/ros/foxy /usr/bin/cmake --install /home/f1/f1tenth_ws/build/vesc_msgs
[11.983s] Level 1:colcon.colcon_core.environment:checking '/home/f1/f1tenth_ws/install/vesc_msgs' for CMake module files
[11.989s] Level 1:colcon.colcon_core.environment:checking '/home/f1/f1tenth_ws/install/vesc_msgs' for CMake config files
[11.993s] Level 1:colcon.colcon_core.shell:create_environment_hook('vesc_msgs', 'cmake_prefix_path')
[11.995s] INFO:colcon.colcon_core.shell:Creating environment hook '/home/f1/f1tenth_ws/install/vesc_msgs/share/vesc_msgs/hook/cmake_prefix_path.ps1'
[12.001s] INFO:colcon.colcon_core.shell:Creating environment descriptor '/home/f1/f1tenth_ws/install/vesc_msgs/share/vesc_msgs/hook/cmake_prefix_path.dsv'
[12.004s] INFO:colcon.colcon_core.shell:Creating environment hook '/home/f1/f1tenth_ws/install/vesc_msgs/share/vesc_msgs/hook/cmake_prefix_path.sh'
[12.009s] Level 1:colcon.colcon_core.environment:checking '/home/f1/f1tenth_ws/install/vesc_msgs/lib'
[12.010s] Level 1:colcon.colcon_core.shell:create_environment_hook('vesc_msgs', 'ld_library_path_lib')
[12.011s] INFO:colcon.colcon_core.shell:Creating environment hook '/home/f1/f1tenth_ws/install/vesc_msgs/share/vesc_msgs/hook/ld_library_path_lib.ps1'
[12.015s] INFO:colcon.colcon_core.shell:Creating environment descriptor '/home/f1/f1tenth_ws/install/vesc_msgs/share/vesc_msgs/hook/ld_library_path_lib.dsv'
[12.018s] INFO:colcon.colcon_core.shell:Creating environment hook '/home/f1/f1tenth_ws/install/vesc_msgs/share/vesc_msgs/hook/ld_library_path_lib.sh'
[12.021s] Level 1:colcon.colcon_core.environment:checking '/home/f1/f1tenth_ws/install/vesc_msgs/bin'
[12.022s] Level 1:colcon.colcon_core.environment:checking '/home/f1/f1tenth_ws/install/vesc_msgs/lib/pkgconfig/vesc_msgs.pc'
[12.023s] Level 1:colcon.colcon_core.environment:checking '/home/f1/f1tenth_ws/install/vesc_msgs/lib/python3.8/site-packages'
[12.024s] Level 1:colcon.colcon_core.shell:create_environment_hook('vesc_msgs', 'pythonpath')
[12.025s] INFO:colcon.colcon_core.shell:Creating environment hook '/home/f1/f1tenth_ws/install/vesc_msgs/share/vesc_msgs/hook/pythonpath.ps1'
[12.029s] INFO:colcon.colcon_core.shell:Creating environment descriptor '/home/f1/f1tenth_ws/install/vesc_msgs/share/vesc_msgs/hook/pythonpath.dsv'
[12.031s] INFO:colcon.colcon_core.shell:Creating environment hook '/home/f1/f1tenth_ws/install/vesc_msgs/share/vesc_msgs/hook/pythonpath.sh'
[12.034s] Level 1:colcon.colcon_core.environment:checking '/home/f1/f1tenth_ws/install/vesc_msgs/bin'
[12.037s] INFO:colcon.colcon_core.shell:Creating package script '/home/f1/f1tenth_ws/install/vesc_msgs/share/vesc_msgs/package.ps1'
[12.043s] INFO:colcon.colcon_core.shell:Creating package descriptor '/home/f1/f1tenth_ws/install/vesc_msgs/share/vesc_msgs/package.dsv'
[12.047s] INFO:colcon.colcon_core.shell:Creating package script '/home/f1/f1tenth_ws/install/vesc_msgs/share/vesc_msgs/package.sh'
[12.051s] INFO:colcon.colcon_core.shell:Creating package script '/home/f1/f1tenth_ws/install/vesc_msgs/share/vesc_msgs/package.bash'
[12.054s] INFO:colcon.colcon_core.shell:Creating package script '/home/f1/f1tenth_ws/install/vesc_msgs/share/vesc_msgs/package.zsh'
[12.058s] Level 1:colcon.colcon_core.environment:create_file_with_runtime_dependencies(/home/f1/f1tenth_ws/install/vesc_msgs/share/colcon-core/packages/vesc_msgs)
[12.064s] Level 1:colcon.colcon_core.environment:create_environment_scripts_only(vesc_msgs)
[12.066s] Level 1:colcon.colcon_core.environment:checking '/home/f1/f1tenth_ws/install/vesc_msgs' for CMake module files
[12.070s] Level 1:colcon.colcon_core.environment:checking '/home/f1/f1tenth_ws/install/vesc_msgs' for CMake config files
[12.073s] Level 1:colcon.colcon_core.shell:create_environment_hook('vesc_msgs', 'cmake_prefix_path')
[12.074s] INFO:colcon.colcon_core.shell:Creating environment hook '/home/f1/f1tenth_ws/install/vesc_msgs/share/vesc_msgs/hook/cmake_prefix_path.ps1'
[12.078s] INFO:colcon.colcon_core.shell:Creating environment descriptor '/home/f1/f1tenth_ws/install/vesc_msgs/share/vesc_msgs/hook/cmake_prefix_path.dsv'
[12.080s] INFO:colcon.colcon_core.shell:Creating environment hook '/home/f1/f1tenth_ws/install/vesc_msgs/share/vesc_msgs/hook/cmake_prefix_path.sh'
[12.084s] Level 1:colcon.colcon_core.environment:checking '/home/f1/f1tenth_ws/install/vesc_msgs/lib'
[12.086s] Level 1:colcon.colcon_core.shell:create_environment_hook('vesc_msgs', 'ld_library_path_lib')
[12.087s] INFO:colcon.colcon_core.shell:Creating environment hook '/home/f1/f1tenth_ws/install/vesc_msgs/share/vesc_msgs/hook/ld_library_path_lib.ps1'
[12.091s] INFO:colcon.colcon_core.shell:Creating environment descriptor '/home/f1/f1tenth_ws/install/vesc_msgs/share/vesc_msgs/hook/ld_library_path_lib.dsv'
[12.093s] INFO:colcon.colcon_core.shell:Creating environment hook '/home/f1/f1tenth_ws/install/vesc_msgs/share/vesc_msgs/hook/ld_library_path_lib.sh'
[12.096s] Level 1:colcon.colcon_core.environment:checking '/home/f1/f1tenth_ws/install/vesc_msgs/bin'
[12.097s] Level 1:colcon.colcon_core.environment:checking '/home/f1/f1tenth_ws/install/vesc_msgs/lib/pkgconfig/vesc_msgs.pc'
[12.098s] Level 1:colcon.colcon_core.environment:checking '/home/f1/f1tenth_ws/install/vesc_msgs/lib/python3.8/site-packages'
[12.099s] Level 1:colcon.colcon_core.shell:create_environment_hook('vesc_msgs', 'pythonpath')
[12.100s] INFO:colcon.colcon_core.shell:Creating environment hook '/home/f1/f1tenth_ws/install/vesc_msgs/share/vesc_msgs/hook/pythonpath.ps1'
[12.103s] INFO:colcon.colcon_core.shell:Creating environment descriptor '/home/f1/f1tenth_ws/install/vesc_msgs/share/vesc_msgs/hook/pythonpath.dsv'
[12.106s] INFO:colcon.colcon_core.shell:Creating environment hook '/home/f1/f1tenth_ws/install/vesc_msgs/share/vesc_msgs/hook/pythonpath.sh'
[12.110s] Level 1:colcon.colcon_core.environment:checking '/home/f1/f1tenth_ws/install/vesc_msgs/bin'
[12.112s] INFO:colcon.colcon_core.shell:Creating package script '/home/f1/f1tenth_ws/install/vesc_msgs/share/vesc_msgs/package.ps1'
[12.118s] INFO:colcon.colcon_core.shell:Creating package descriptor '/home/f1/f1tenth_ws/install/vesc_msgs/share/vesc_msgs/package.dsv'
[12.122s] INFO:colcon.colcon_core.shell:Creating package script '/home/f1/f1tenth_ws/install/vesc_msgs/share/vesc_msgs/package.sh'
[12.126s] INFO:colcon.colcon_core.shell:Creating package script '/home/f1/f1tenth_ws/install/vesc_msgs/share/vesc_msgs/package.bash'
[12.129s] INFO:colcon.colcon_core.shell:Creating package script '/home/f1/f1tenth_ws/install/vesc_msgs/share/vesc_msgs/package.zsh'
[12.133s] Level 1:colcon.colcon_core.environment:create_file_with_runtime_dependencies(/home/f1/f1tenth_ws/install/vesc_msgs/share/colcon-core/packages/vesc_msgs)
[12.158s] DEBUG:colcon.colcon_core.event_handler.log_command:Invoking command in '/home/f1/f1tenth_ws/build/path_follow': CMAKE_PREFIX_PATH=/opt/ros/foxy /usr/bin/cmake --build /home/f1/f1tenth_ws/build/path_follow -- -j6 -l6
[12.185s] INFO:colcon.colcon_ros.task.ament_cmake.build:Building ROS package in '/home/f1/f1tenth_ws/src/f1tenth_system/vesc/vesc_ackermann' with build type 'ament_cmake'
[12.190s] INFO:colcon.colcon_cmake.task.cmake.build:Building CMake package in '/home/f1/f1tenth_ws/src/f1tenth_system/vesc/vesc_ackermann'
[12.195s] INFO:colcon.colcon_core.shell:Skip shell extension 'powershell' for command environment: Not usable outside of PowerShell
[12.196s] DEBUG:colcon.colcon_core.shell:Skip shell extension 'dsv' for command environment
[14.081s] INFO:colcon.colcon_core.task.python.build:Building Python package in '/home/f1/f1tenth_ws/src/f1tenth_system/teleop_tools/joy_teleop'
[14.087s] INFO:colcon.colcon_core.shell:Skip shell extension 'powershell' for command environment: Not usable outside of PowerShell
[14.088s] DEBUG:colcon.colcon_core.shell:Skip shell extension 'dsv' for command environment
[14.181s] DEBUG:colcon.colcon_core.event_handler.log_command:Invoking command in '/home/f1/f1tenth_ws/build/pure_pursuit': CMAKE_PREFIX_PATH=/opt/ros/foxy /usr/bin/cmake --build /home/f1/f1tenth_ws/build/pure_pursuit -- -j6 -l6
[14.226s] DEBUG:colcon.colcon_core.event_handler.log_command:Invoked command in '/home/f1/f1tenth_ws/build/path_follow' returned '0': CMAKE_PREFIX_PATH=/opt/ros/foxy /usr/bin/cmake --build /home/f1/f1tenth_ws/build/path_follow -- -j6 -l6
[14.254s] DEBUG:colcon.colcon_core.event_handler.log_command:Invoking command in '/home/f1/f1tenth_ws/build/path_follow': CMAKE_PREFIX_PATH=/opt/ros/foxy /usr/bin/cmake --install /home/f1/f1tenth_ws/build/path_follow
[14.298s] DEBUG:colcon.colcon_core.event_handler.log_command:Invoking command in '/home/f1/f1tenth_ws/build/vesc_ackermann': AMENT_PREFIX_PATH=/home/f1/f1tenth_ws/install/vesc_msgs:${AMENT_PREFIX_PATH} CMAKE_PREFIX_PATH=/home/f1/f1tenth_ws/install/vesc_msgs:/opt/ros/foxy LD_LIBRARY_PATH=/home/f1/f1tenth_ws/install/vesc_msgs/lib:${LD_LIBRARY_PATH} PYTHONPATH=/home/f1/f1tenth_ws/install/vesc_msgs/lib/python3.8/site-packages:${PYTHONPATH} /usr/bin/cmake --build /home/f1/f1tenth_ws/build/vesc_ackermann -- -j6 -l6
[14.341s] DEBUG:colcon.colcon_core.event_handler.log_command:Invoking command in '/home/f1/f1tenth_ws/build/key_teleop': PYTHONPATH=/home/f1/f1tenth_ws/build/key_teleop/prefix_override:/usr/lib/python3/dist-packages/colcon_core/task/python/colcon_distutils_commands:/home/f1/f1tenth_ws/install/key_teleop/lib/python3.8/site-packages:${PYTHONPATH} /usr/bin/python3 -W ignore:setup.py install is deprecated -W ignore:easy_install command is deprecated setup.py develop --editable --build-directory /home/f1/f1tenth_ws/build/key_teleop/build --no-deps symlink_data
[14.454s] DEBUG:colcon.colcon_core.event_handler.log_command:Invoking command in '/home/f1/f1tenth_ws/build/mouse_teleop': PYTHONPATH=/home/f1/f1tenth_ws/build/mouse_teleop/prefix_override:/usr/lib/python3/dist-packages/colcon_core/task/python/colcon_distutils_commands:/home/f1/f1tenth_ws/install/mouse_teleop/lib/python3.8/site-packages:${PYTHONPATH} /usr/bin/python3 -W ignore:setup.py install is deprecated -W ignore:easy_install command is deprecated setup.py develop --editable --build-directory /home/f1/f1tenth_ws/build/mouse_teleop/build --no-deps symlink_data
[14.509s] Level 1:colcon.colcon_core.environment:create_environment_scripts_only(path_follow)
[14.514s] Level 1:colcon.colcon_core.environment:checking '/home/f1/f1tenth_ws/install/path_follow' for CMake module files
[14.517s] DEBUG:colcon.colcon_core.event_handler.log_command:Invoked command in '/home/f1/f1tenth_ws/build/path_follow' returned '0': CMAKE_PREFIX_PATH=/opt/ros/foxy /usr/bin/cmake --install /home/f1/f1tenth_ws/build/path_follow
[14.537s] Level 1:colcon.colcon_core.environment:checking '/home/f1/f1tenth_ws/install/path_follow' for CMake config files
[14.540s] Level 1:colcon.colcon_core.shell:create_environment_hook('path_follow', 'cmake_prefix_path')
[14.543s] INFO:colcon.colcon_core.shell:Creating environment hook '/home/f1/f1tenth_ws/install/path_follow/share/path_follow/hook/cmake_prefix_path.ps1'
[14.548s] INFO:colcon.colcon_core.shell:Creating environment descriptor '/home/f1/f1tenth_ws/install/path_follow/share/path_follow/hook/cmake_prefix_path.dsv'
[14.554s] INFO:colcon.colcon_core.shell:Creating environment hook '/home/f1/f1tenth_ws/install/path_follow/share/path_follow/hook/cmake_prefix_path.sh'
[14.566s] Level 1:colcon.colcon_core.environment:checking '/home/f1/f1tenth_ws/install/path_follow/lib'
[14.567s] Level 1:colcon.colcon_core.environment:checking '/home/f1/f1tenth_ws/install/path_follow/bin'
[14.567s] Level 1:colcon.colcon_core.environment:checking '/home/f1/f1tenth_ws/install/path_follow/lib/pkgconfig/path_follow.pc'
[14.570s] Level 1:colcon.colcon_core.environment:checking '/home/f1/f1tenth_ws/install/path_follow/lib/python3.8/site-packages'
[14.571s] Level 1:colcon.colcon_core.environment:checking '/home/f1/f1tenth_ws/install/path_follow/bin'
[14.573s] INFO:colcon.colcon_core.shell:Creating package script '/home/f1/f1tenth_ws/install/path_follow/share/path_follow/package.ps1'
[14.576s] INFO:colcon.colcon_core.shell:Creating package descriptor '/home/f1/f1tenth_ws/install/path_follow/share/path_follow/package.dsv'
[14.579s] INFO:colcon.colcon_core.shell:Creating package script '/home/f1/f1tenth_ws/install/path_follow/share/path_follow/package.sh'
[14.583s] INFO:colcon.colcon_core.shell:Creating package script '/home/f1/f1tenth_ws/install/path_follow/share/path_follow/package.bash'
[14.586s] INFO:colcon.colcon_core.shell:Creating package script '/home/f1/f1tenth_ws/install/path_follow/share/path_follow/package.zsh'
[14.588s] Level 1:colcon.colcon_core.environment:create_file_with_runtime_dependencies(/home/f1/f1tenth_ws/install/path_follow/share/colcon-core/packages/path_follow)
[14.594s] Level 1:colcon.colcon_core.environment:create_environment_scripts_only(path_follow)
[14.595s] Level 1:colcon.colcon_core.environment:checking '/home/f1/f1tenth_ws/install/path_follow' for CMake module files
[14.599s] Level 1:colcon.colcon_core.environment:checking '/home/f1/f1tenth_ws/install/path_follow' for CMake config files
[14.601s] Level 1:colcon.colcon_core.shell:create_environment_hook('path_follow', 'cmake_prefix_path')
[14.602s] INFO:colcon.colcon_core.shell:Creating environment hook '/home/f1/f1tenth_ws/install/path_follow/share/path_follow/hook/cmake_prefix_path.ps1'
[14.606s] INFO:colcon.colcon_core.shell:Creating environment descriptor '/home/f1/f1tenth_ws/install/path_follow/share/path_follow/hook/cmake_prefix_path.dsv'
[14.610s] INFO:colcon.colcon_core.shell:Creating environment hook '/home/f1/f1tenth_ws/install/path_follow/share/path_follow/hook/cmake_prefix_path.sh'
[14.614s] Level 1:colcon.colcon_core.environment:checking '/home/f1/f1tenth_ws/install/path_follow/lib'
[14.614s] Level 1:colcon.colcon_core.environment:checking '/home/f1/f1tenth_ws/install/path_follow/bin'
[14.615s] Level 1:colcon.colcon_core.environment:checking '/home/f1/f1tenth_ws/install/path_follow/lib/pkgconfig/path_follow.pc'
[14.615s] Level 1:colcon.colcon_core.environment:checking '/home/f1/f1tenth_ws/install/path_follow/lib/python3.8/site-packages'
[14.617s] Level 1:colcon.colcon_core.environment:checking '/home/f1/f1tenth_ws/install/path_follow/bin'
[14.619s] INFO:colcon.colcon_core.shell:Creating package script '/home/f1/f1tenth_ws/install/path_follow/share/path_follow/package.ps1'
[14.622s] INFO:colcon.colcon_core.shell:Creating package descriptor '/home/f1/f1tenth_ws/install/path_follow/share/path_follow/package.dsv'
[14.627s] INFO:colcon.colcon_core.shell:Creating package script '/home/f1/f1tenth_ws/install/path_follow/share/path_follow/package.sh'
[14.630s] INFO:colcon.colcon_core.shell:Creating package script '/home/f1/f1tenth_ws/install/path_follow/share/path_follow/package.bash'
[14.633s] INFO:colcon.colcon_core.shell:Creating package script '/home/f1/f1tenth_ws/install/path_follow/share/path_follow/package.zsh'
[14.639s] Level 1:colcon.colcon_core.environment:create_file_with_runtime_dependencies(/home/f1/f1tenth_ws/install/path_follow/share/colcon-core/packages/path_follow)
[14.645s] INFO:colcon.colcon_ros.task.ament_cmake.build:Building ROS package in '/home/f1/f1tenth_ws/src/f1tenth_system/vesc/vesc_driver' with build type 'ament_cmake'
[14.647s] INFO:colcon.colcon_cmake.task.cmake.build:Building CMake package in '/home/f1/f1tenth_ws/src/f1tenth_system/vesc/vesc_driver'
[14.649s] INFO:colcon.colcon_core.shell:Skip shell extension 'powershell' for command environment: Not usable outside of PowerShell
[14.649s] DEBUG:colcon.colcon_core.shell:Skip shell extension 'dsv' for command environment
[14.812s] DEBUG:colcon.colcon_core.event_handler.log_command:Invoking command in '/home/f1/f1tenth_ws/build/vesc_driver': AMENT_PREFIX_PATH=/home/f1/f1tenth_ws/install/vesc_msgs:${AMENT_PREFIX_PATH} CMAKE_PREFIX_PATH=/home/f1/f1tenth_ws/install/vesc_msgs:/opt/ros/foxy LD_LIBRARY_PATH=/home/f1/f1tenth_ws/install/vesc_msgs/lib:${LD_LIBRARY_PATH} PYTHONPATH=/home/f1/f1tenth_ws/install/vesc_msgs/lib/python3.8/site-packages:${PYTHONPATH} /usr/bin/cmake --build /home/f1/f1tenth_ws/build/vesc_driver -- -j6 -l6
[16.916s] DEBUG:colcon.colcon_core.event_handler.log_command:Invoked command in '/home/f1/f1tenth_ws/build/vesc_driver' returned '0': AMENT_PREFIX_PATH=/home/f1/f1tenth_ws/install/vesc_msgs:${AMENT_PREFIX_PATH} CMAKE_PREFIX_PATH=/home/f1/f1tenth_ws/install/vesc_msgs:/opt/ros/foxy LD_LIBRARY_PATH=/home/f1/f1tenth_ws/install/vesc_msgs/lib:${LD_LIBRARY_PATH} PYTHONPATH=/home/f1/f1tenth_ws/install/vesc_msgs/lib/python3.8/site-packages:${PYTHONPATH} /usr/bin/cmake --build /home/f1/f1tenth_ws/build/vesc_driver -- -j6 -l6
[16.940s] DEBUG:colcon.colcon_core.event_handler.log_command:Invoking command in '/home/f1/f1tenth_ws/build/vesc_driver': AMENT_PREFIX_PATH=/home/f1/f1tenth_ws/install/vesc_msgs:${AMENT_PREFIX_PATH} CMAKE_PREFIX_PATH=/home/f1/f1tenth_ws/install/vesc_msgs:/opt/ros/foxy LD_LIBRARY_PATH=/home/f1/f1tenth_ws/install/vesc_msgs/lib:${LD_LIBRARY_PATH} PYTHONPATH=/home/f1/f1tenth_ws/install/vesc_msgs/lib/python3.8/site-packages:${PYTHONPATH} /usr/bin/cmake --install /home/f1/f1tenth_ws/build/vesc_driver
[17.446s] Level 1:colcon.colcon_core.environment:create_environment_scripts_only(vesc_driver)
[17.451s] DEBUG:colcon.colcon_core.event_handler.log_command:Invoked command in '/home/f1/f1tenth_ws/build/vesc_driver' returned '0': AMENT_PREFIX_PATH=/home/f1/f1tenth_ws/install/vesc_msgs:${AMENT_PREFIX_PATH} CMAKE_PREFIX_PATH=/home/f1/f1tenth_ws/install/vesc_msgs:/opt/ros/foxy LD_LIBRARY_PATH=/home/f1/f1tenth_ws/install/vesc_msgs/lib:${LD_LIBRARY_PATH} PYTHONPATH=/home/f1/f1tenth_ws/install/vesc_msgs/lib/python3.8/site-packages:${PYTHONPATH} /usr/bin/cmake --install /home/f1/f1tenth_ws/build/vesc_driver
[17.455s] Level 1:colcon.colcon_core.environment:checking '/home/f1/f1tenth_ws/install/vesc_driver' for CMake module files
[17.478s] Level 1:colcon.colcon_core.environment:checking '/home/f1/f1tenth_ws/install/vesc_driver' for CMake config files
[17.482s] Level 1:colcon.colcon_core.shell:create_environment_hook('vesc_driver', 'cmake_prefix_path')
[17.488s] INFO:colcon.colcon_core.shell:Creating environment hook '/home/f1/f1tenth_ws/install/vesc_driver/share/vesc_driver/hook/cmake_prefix_path.ps1'
[17.493s] INFO:colcon.colcon_core.shell:Creating environment descriptor '/home/f1/f1tenth_ws/install/vesc_driver/share/vesc_driver/hook/cmake_prefix_path.dsv'
[17.501s] INFO:colcon.colcon_core.shell:Creating environment hook '/home/f1/f1tenth_ws/install/vesc_driver/share/vesc_driver/hook/cmake_prefix_path.sh'
[17.519s] Level 1:colcon.colcon_core.environment:checking '/home/f1/f1tenth_ws/install/vesc_driver/lib'
[17.520s] Level 1:colcon.colcon_core.shell:create_environment_hook('vesc_driver', 'ld_library_path_lib')
[17.522s] INFO:colcon.colcon_core.shell:Creating environment hook '/home/f1/f1tenth_ws/install/vesc_driver/share/vesc_driver/hook/ld_library_path_lib.ps1'
[17.527s] INFO:colcon.colcon_core.shell:Creating environment descriptor '/home/f1/f1tenth_ws/install/vesc_driver/share/vesc_driver/hook/ld_library_path_lib.dsv'
[17.541s] INFO:colcon.colcon_core.shell:Creating environment hook '/home/f1/f1tenth_ws/install/vesc_driver/share/vesc_driver/hook/ld_library_path_lib.sh'
[17.548s] Level 1:colcon.colcon_core.environment:checking '/home/f1/f1tenth_ws/install/vesc_driver/bin'
[17.549s] Level 1:colcon.colcon_core.environment:checking '/home/f1/f1tenth_ws/install/vesc_driver/lib/pkgconfig/vesc_driver.pc'
[17.551s] Level 1:colcon.colcon_core.environment:checking '/home/f1/f1tenth_ws/install/vesc_driver/lib/python3.8/site-packages'
[17.555s] Level 1:colcon.colcon_core.environment:checking '/home/f1/f1tenth_ws/install/vesc_driver/bin'
[17.559s] INFO:colcon.colcon_core.shell:Creating package script '/home/f1/f1tenth_ws/install/vesc_driver/share/vesc_driver/package.ps1'
[17.577s] INFO:colcon.colcon_core.shell:Creating package descriptor '/home/f1/f1tenth_ws/install/vesc_driver/share/vesc_driver/package.dsv'
[17.581s] INFO:colcon.colcon_core.shell:Creating package script '/home/f1/f1tenth_ws/install/vesc_driver/share/vesc_driver/package.sh'
[17.587s] INFO:colcon.colcon_core.shell:Creating package script '/home/f1/f1tenth_ws/install/vesc_driver/share/vesc_driver/package.bash'
[17.592s] INFO:colcon.colcon_core.shell:Creating package script '/home/f1/f1tenth_ws/install/vesc_driver/share/vesc_driver/package.zsh'
[17.595s] Level 1:colcon.colcon_core.environment:create_file_with_runtime_dependencies(/home/f1/f1tenth_ws/install/vesc_driver/share/colcon-core/packages/vesc_driver)
[17.601s] Level 1:colcon.colcon_core.environment:create_environment_scripts_only(vesc_driver)
[17.602s] Level 1:colcon.colcon_core.environment:checking '/home/f1/f1tenth_ws/install/vesc_driver' for CMake module files
[17.606s] Level 1:colcon.colcon_core.environment:checking '/home/f1/f1tenth_ws/install/vesc_driver' for CMake config files
[17.609s] Level 1:colcon.colcon_core.shell:create_environment_hook('vesc_driver', 'cmake_prefix_path')
[17.611s] INFO:colcon.colcon_core.shell:Creating environment hook '/home/f1/f1tenth_ws/install/vesc_driver/share/vesc_driver/hook/cmake_prefix_path.ps1'
[17.614s] INFO:colcon.colcon_core.shell:Creating environment descriptor '/home/f1/f1tenth_ws/install/vesc_driver/share/vesc_driver/hook/cmake_prefix_path.dsv'
[17.617s] INFO:colcon.colcon_core.shell:Creating environment hook '/home/f1/f1tenth_ws/install/vesc_driver/share/vesc_driver/hook/cmake_prefix_path.sh'
[17.621s] Level 1:colcon.colcon_core.environment:checking '/home/f1/f1tenth_ws/install/vesc_driver/lib'
[17.622s] Level 1:colcon.colcon_core.shell:create_environment_hook('vesc_driver', 'ld_library_path_lib')
[17.624s] INFO:colcon.colcon_core.shell:Creating environment hook '/home/f1/f1tenth_ws/install/vesc_driver/share/vesc_driver/hook/ld_library_path_lib.ps1'
[17.628s] INFO:colcon.colcon_core.shell:Creating environment descriptor '/home/f1/f1tenth_ws/install/vesc_driver/share/vesc_driver/hook/ld_library_path_lib.dsv'
[17.631s] INFO:colcon.colcon_core.shell:Creating environment hook '/home/f1/f1tenth_ws/install/vesc_driver/share/vesc_driver/hook/ld_library_path_lib.sh'
[17.633s] Level 1:colcon.colcon_core.environment:checking '/home/f1/f1tenth_ws/install/vesc_driver/bin'
[17.634s] Level 1:colcon.colcon_core.environment:checking '/home/f1/f1tenth_ws/install/vesc_driver/lib/pkgconfig/vesc_driver.pc'
[17.635s] Level 1:colcon.colcon_core.environment:checking '/home/f1/f1tenth_ws/install/vesc_driver/lib/python3.8/site-packages'
[17.636s] Level 1:colcon.colcon_core.environment:checking '/home/f1/f1tenth_ws/install/vesc_driver/bin'
[17.638s] INFO:colcon.colcon_core.shell:Creating package script '/home/f1/f1tenth_ws/install/vesc_driver/share/vesc_driver/package.ps1'
[17.642s] INFO:colcon.colcon_core.shell:Creating package descriptor '/home/f1/f1tenth_ws/install/vesc_driver/share/vesc_driver/package.dsv'
[17.646s] INFO:colcon.colcon_core.shell:Creating package script '/home/f1/f1tenth_ws/install/vesc_driver/share/vesc_driver/package.sh'
[17.649s] INFO:colcon.colcon_core.shell:Creating package script '/home/f1/f1tenth_ws/install/vesc_driver/share/vesc_driver/package.bash'
[17.653s] INFO:colcon.colcon_core.shell:Creating package script '/home/f1/f1tenth_ws/install/vesc_driver/share/vesc_driver/package.zsh'
[17.655s] Level 1:colcon.colcon_core.environment:create_file_with_runtime_dependencies(/home/f1/f1tenth_ws/install/vesc_driver/share/colcon-core/packages/vesc_driver)
[17.662s] INFO:colcon.colcon_ros.task.ament_python.build:Building ROS package in '/home/f1/f1tenth_ws/src/pygame_key_teleop' with build type 'ament_python'
[17.664s] Level 1:colcon.colcon_core.shell:create_environment_hook('pygame_key_teleop', 'ament_prefix_path')
[17.666s] INFO:colcon.colcon_core.shell:Creating environment hook '/home/f1/f1tenth_ws/install/pygame_key_teleop/share/pygame_key_teleop/hook/ament_prefix_path.ps1'
[17.669s] INFO:colcon.colcon_core.shell:Creating environment descriptor '/home/f1/f1tenth_ws/install/pygame_key_teleop/share/pygame_key_teleop/hook/ament_prefix_path.dsv'
[17.672s] INFO:colcon.colcon_core.shell:Creating environment hook '/home/f1/f1tenth_ws/install/pygame_key_teleop/share/pygame_key_teleop/hook/ament_prefix_path.sh'
[17.678s] INFO:colcon.colcon_core.shell:Skip shell extension 'powershell' for command environment: Not usable outside of PowerShell
[17.679s] DEBUG:colcon.colcon_core.shell:Skip shell extension 'dsv' for command environment
[20.357s] INFO:colcon.colcon_core.task.python.build:Building Python package in '/home/f1/f1tenth_ws/src/pygame_key_teleop'
[20.363s] INFO:colcon.colcon_core.shell:Skip shell extension 'powershell' for command environment: Not usable outside of PowerShell
[20.364s] DEBUG:colcon.colcon_core.shell:Skip shell extension 'dsv' for command environment
[20.414s] Level 1:colcon.colcon_core.shell:create_environment_hook('key_teleop', 'pythonpath_develop')
[20.422s] INFO:colcon.colcon_core.shell:Creating environment hook '/home/f1/f1tenth_ws/build/key_teleop/share/key_teleop/hook/pythonpath_develop.ps1'
[20.423s] DEBUG:colcon.colcon_core.event_handler.log_command:Invoked command in '/home/f1/f1tenth_ws/build/key_teleop' returned '0': PYTHONPATH=/home/f1/f1tenth_ws/build/key_teleop/prefix_override:/usr/lib/python3/dist-packages/colcon_core/task/python/colcon_distutils_commands:/home/f1/f1tenth_ws/install/key_teleop/lib/python3.8/site-packages:${PYTHONPATH} /usr/bin/python3 -W ignore:setup.py install is deprecated -W ignore:easy_install command is deprecated setup.py develop --editable --build-directory /home/f1/f1tenth_ws/build/key_teleop/build --no-deps symlink_data
[20.432s] INFO:colcon.colcon_core.shell:Creating environment descriptor '/home/f1/f1tenth_ws/build/key_teleop/share/key_teleop/hook/pythonpath_develop.dsv'
[20.452s] INFO:colcon.colcon_core.shell:Creating environment hook '/home/f1/f1tenth_ws/build/key_teleop/share/key_teleop/hook/pythonpath_develop.sh'
[20.464s] Level 1:colcon.colcon_core.environment:checking '/home/f1/f1tenth_ws/install/key_teleop' for CMake module files
[20.476s] Level 1:colcon.colcon_core.environment:checking '/home/f1/f1tenth_ws/install/key_teleop' for CMake config files
[20.484s] Level 1:colcon.colcon_core.environment:checking '/home/f1/f1tenth_ws/install/key_teleop/lib'
[20.486s] Level 1:colcon.colcon_core.environment:checking '/home/f1/f1tenth_ws/install/key_teleop/bin'
[20.487s] Level 1:colcon.colcon_core.environment:checking '/home/f1/f1tenth_ws/install/key_teleop/lib/pkgconfig/key_teleop.pc'
[20.511s] Level 1:colcon.colcon_core.environment:checking '/home/f1/f1tenth_ws/install/key_teleop/lib/python3.8/site-packages'
[20.536s] Level 1:colcon.colcon_core.shell:create_environment_hook('key_teleop', 'pythonpath')
[20.559s] INFO:colcon.colcon_core.shell:Creating environment hook '/home/f1/f1tenth_ws/install/key_teleop/share/key_teleop/hook/pythonpath.ps1'
[20.581s] INFO:colcon.colcon_core.shell:Creating environment descriptor '/home/f1/f1tenth_ws/install/key_teleop/share/key_teleop/hook/pythonpath.dsv'
[20.614s] INFO:colcon.colcon_core.shell:Creating environment hook '/home/f1/f1tenth_ws/install/key_teleop/share/key_teleop/hook/pythonpath.sh'
[20.637s] Level 1:colcon.colcon_core.environment:checking '/home/f1/f1tenth_ws/install/key_teleop/bin'
[20.642s] Level 1:colcon.colcon_core.environment:create_environment_scripts_only(key_teleop)
[20.650s] INFO:colcon.colcon_core.shell:Creating package script '/home/f1/f1tenth_ws/install/key_teleop/share/key_teleop/package.ps1'
[20.666s] INFO:colcon.colcon_core.shell:Creating package descriptor '/home/f1/f1tenth_ws/install/key_teleop/share/key_teleop/package.dsv'
[20.676s] INFO:colcon.colcon_core.shell:Creating package script '/home/f1/f1tenth_ws/install/key_teleop/share/key_teleop/package.sh'
[20.680s] INFO:colcon.colcon_core.shell:Creating package script '/home/f1/f1tenth_ws/install/key_teleop/share/key_teleop/package.bash'
[20.683s] INFO:colcon.colcon_core.shell:Creating package script '/home/f1/f1tenth_ws/install/key_teleop/share/key_teleop/package.zsh'
[20.687s] Level 1:colcon.colcon_core.environment:create_file_with_runtime_dependencies(/home/f1/f1tenth_ws/install/key_teleop/share/colcon-core/packages/key_teleop)
[20.690s] Level 1:colcon.colcon_core.shell:create_environment_hook('mouse_teleop', 'pythonpath_develop')
[20.692s] INFO:colcon.colcon_core.shell:Creating environment hook '/home/f1/f1tenth_ws/build/mouse_teleop/share/mouse_teleop/hook/pythonpath_develop.ps1'
[20.699s] DEBUG:colcon.colcon_core.event_handler.log_command:Invoked command in '/home/f1/f1tenth_ws/build/mouse_teleop' returned '0': PYTHONPATH=/home/f1/f1tenth_ws/build/mouse_teleop/prefix_override:/usr/lib/python3/dist-packages/colcon_core/task/python/colcon_distutils_commands:/home/f1/f1tenth_ws/install/mouse_teleop/lib/python3.8/site-packages:${PYTHONPATH} /usr/bin/python3 -W ignore:setup.py install is deprecated -W ignore:easy_install command is deprecated setup.py develop --editable --build-directory /home/f1/f1tenth_ws/build/mouse_teleop/build --no-deps symlink_data
[20.701s] INFO:colcon.colcon_core.shell:Creating environment descriptor '/home/f1/f1tenth_ws/build/mouse_teleop/share/mouse_teleop/hook/pythonpath_develop.dsv'
[20.704s] INFO:colcon.colcon_core.shell:Creating environment hook '/home/f1/f1tenth_ws/build/mouse_teleop/share/mouse_teleop/hook/pythonpath_develop.sh'
[20.710s] Level 1:colcon.colcon_core.environment:checking '/home/f1/f1tenth_ws/install/mouse_teleop' for CMake module files
[20.713s] Level 1:colcon.colcon_core.environment:checking '/home/f1/f1tenth_ws/install/mouse_teleop' for CMake config files
[20.717s] Level 1:colcon.colcon_core.environment:checking '/home/f1/f1tenth_ws/install/mouse_teleop/lib'
[20.718s] Level 1:colcon.colcon_core.environment:checking '/home/f1/f1tenth_ws/install/mouse_teleop/bin'
[20.718s] Level 1:colcon.colcon_core.environment:checking '/home/f1/f1tenth_ws/install/mouse_teleop/lib/pkgconfig/mouse_teleop.pc'
[20.720s] Level 1:colcon.colcon_core.environment:checking '/home/f1/f1tenth_ws/install/mouse_teleop/lib/python3.8/site-packages'
[20.720s] Level 1:colcon.colcon_core.shell:create_environment_hook('mouse_teleop', 'pythonpath')
[20.722s] INFO:colcon.colcon_core.shell:Creating environment hook '/home/f1/f1tenth_ws/install/mouse_teleop/share/mouse_teleop/hook/pythonpath.ps1'
[20.725s] INFO:colcon.colcon_core.shell:Creating environment descriptor '/home/f1/f1tenth_ws/install/mouse_teleop/share/mouse_teleop/hook/pythonpath.dsv'
[20.727s] INFO:colcon.colcon_core.shell:Creating environment hook '/home/f1/f1tenth_ws/install/mouse_teleop/share/mouse_teleop/hook/pythonpath.sh'
[20.732s] Level 1:colcon.colcon_core.environment:checking '/home/f1/f1tenth_ws/install/mouse_teleop/bin'
[20.733s] Level 1:colcon.colcon_core.environment:create_environment_scripts_only(mouse_teleop)
[20.736s] INFO:colcon.colcon_core.shell:Creating package script '/home/f1/f1tenth_ws/install/mouse_teleop/share/mouse_teleop/package.ps1'
[20.742s] INFO:colcon.colcon_core.shell:Creating package descriptor '/home/f1/f1tenth_ws/install/mouse_teleop/share/mouse_teleop/package.dsv'
[20.747s] INFO:colcon.colcon_core.shell:Creating package script '/home/f1/f1tenth_ws/install/mouse_teleop/share/mouse_teleop/package.sh'
[20.752s] INFO:colcon.colcon_core.shell:Creating package script '/home/f1/f1tenth_ws/install/mouse_teleop/share/mouse_teleop/package.bash'
[20.755s] INFO:colcon.colcon_core.shell:Creating package script '/home/f1/f1tenth_ws/install/mouse_teleop/share/mouse_teleop/package.zsh'
[20.758s] Level 1:colcon.colcon_core.environment:create_file_with_runtime_dependencies(/home/f1/f1tenth_ws/install/mouse_teleop/share/colcon-core/packages/mouse_teleop)
[20.811s] DEBUG:colcon.colcon_core.event_handler.log_command:Invoking command in '/home/f1/f1tenth_ws/build/joy_teleop': AMENT_PREFIX_PATH=/home/f1/f1tenth_ws/install/teleop_tools_msgs:${AMENT_PREFIX_PATH} CMAKE_PREFIX_PATH=/home/f1/f1tenth_ws/install/teleop_tools_msgs LD_LIBRARY_PATH=/home/f1/f1tenth_ws/install/teleop_tools_msgs/lib:${LD_LIBRARY_PATH} PYTHONPATH=/home/f1/f1tenth_ws/build/joy_teleop/prefix_override:/usr/lib/python3/dist-packages/colcon_core/task/python/colcon_distutils_commands:/home/f1/f1tenth_ws/install/joy_teleop/lib/python3.8/site-packages:/home/f1/f1tenth_ws/install/teleop_tools_msgs/lib/python3.8/site-packages:${PYTHONPATH} /usr/bin/python3 -W ignore:setup.py install is deprecated -W ignore:easy_install command is deprecated setup.py develop --editable --build-directory /home/f1/f1tenth_ws/build/joy_teleop/build --no-deps symlink_data
[23.703s] DEBUG:colcon.colcon_core.event_handler.log_command:Invoking command in '/home/f1/f1tenth_ws/build/pygame_key_teleop': PYTHONPATH=/home/f1/f1tenth_ws/build/pygame_key_teleop/prefix_override:/usr/lib/python3/dist-packages/colcon_core/task/python/colcon_distutils_commands:/home/f1/f1tenth_ws/install/pygame_key_teleop/lib/python3.8/site-packages:${PYTHONPATH} /usr/bin/python3 -W ignore:setup.py install is deprecated -W ignore:easy_install command is deprecated setup.py develop --editable --build-directory /home/f1/f1tenth_ws/build/pygame_key_teleop/build --no-deps symlink_data
[24.423s] Level 1:colcon.colcon_core.shell:create_environment_hook('joy_teleop', 'pythonpath_develop')
[24.428s] INFO:colcon.colcon_core.shell:Creating environment hook '/home/f1/f1tenth_ws/build/joy_teleop/share/joy_teleop/hook/pythonpath_develop.ps1'
[24.431s] DEBUG:colcon.colcon_core.event_handler.log_command:Invoked command in '/home/f1/f1tenth_ws/build/joy_teleop' returned '0': AMENT_PREFIX_PATH=/home/f1/f1tenth_ws/install/teleop_tools_msgs:${AMENT_PREFIX_PATH} CMAKE_PREFIX_PATH=/home/f1/f1tenth_ws/install/teleop_tools_msgs LD_LIBRARY_PATH=/home/f1/f1tenth_ws/install/teleop_tools_msgs/lib:${LD_LIBRARY_PATH} PYTHONPATH=/home/f1/f1tenth_ws/build/joy_teleop/prefix_override:/usr/lib/python3/dist-packages/colcon_core/task/python/colcon_distutils_commands:/home/f1/f1tenth_ws/install/joy_teleop/lib/python3.8/site-packages:/home/f1/f1tenth_ws/install/teleop_tools_msgs/lib/python3.8/site-packages:${PYTHONPATH} /usr/bin/python3 -W ignore:setup.py install is deprecated -W ignore:easy_install command is deprecated setup.py develop --editable --build-directory /home/f1/f1tenth_ws/build/joy_teleop/build --no-deps symlink_data
[24.437s] INFO:colcon.colcon_core.shell:Creating environment descriptor '/home/f1/f1tenth_ws/build/joy_teleop/share/joy_teleop/hook/pythonpath_develop.dsv'
[24.441s] INFO:colcon.colcon_core.shell:Creating environment hook '/home/f1/f1tenth_ws/build/joy_teleop/share/joy_teleop/hook/pythonpath_develop.sh'
[24.447s] Level 1:colcon.colcon_core.environment:checking '/home/f1/f1tenth_ws/install/joy_teleop' for CMake module files
[24.451s] Level 1:colcon.colcon_core.environment:checking '/home/f1/f1tenth_ws/install/joy_teleop' for CMake config files
[24.455s] Level 1:colcon.colcon_core.environment:checking '/home/f1/f1tenth_ws/install/joy_teleop/lib'
[24.456s] Level 1:colcon.colcon_core.environment:checking '/home/f1/f1tenth_ws/install/joy_teleop/bin'
[24.457s] Level 1:colcon.colcon_core.environment:checking '/home/f1/f1tenth_ws/install/joy_teleop/lib/pkgconfig/joy_teleop.pc'
[24.460s] Level 1:colcon.colcon_core.environment:checking '/home/f1/f1tenth_ws/install/joy_teleop/lib/python3.8/site-packages'
[24.461s] Level 1:colcon.colcon_core.shell:create_environment_hook('joy_teleop', 'pythonpath')
[24.463s] INFO:colcon.colcon_core.shell:Creating environment hook '/home/f1/f1tenth_ws/install/joy_teleop/share/joy_teleop/hook/pythonpath.ps1'
[24.467s] INFO:colcon.colcon_core.shell:Creating environment descriptor '/home/f1/f1tenth_ws/install/joy_teleop/share/joy_teleop/hook/pythonpath.dsv'
[24.472s] INFO:colcon.colcon_core.shell:Creating environment hook '/home/f1/f1tenth_ws/install/joy_teleop/share/joy_teleop/hook/pythonpath.sh'
[24.476s] Level 1:colcon.colcon_core.environment:checking '/home/f1/f1tenth_ws/install/joy_teleop/bin'
[24.478s] Level 1:colcon.colcon_core.environment:create_environment_scripts_only(joy_teleop)
[24.481s] INFO:colcon.colcon_core.shell:Creating package script '/home/f1/f1tenth_ws/install/joy_teleop/share/joy_teleop/package.ps1'
[24.487s] INFO:colcon.colcon_core.shell:Creating package descriptor '/home/f1/f1tenth_ws/install/joy_teleop/share/joy_teleop/package.dsv'
[24.492s] INFO:colcon.colcon_core.shell:Creating package script '/home/f1/f1tenth_ws/install/joy_teleop/share/joy_teleop/package.sh'
[24.497s] INFO:colcon.colcon_core.shell:Creating package script '/home/f1/f1tenth_ws/install/joy_teleop/share/joy_teleop/package.bash'
[24.501s] INFO:colcon.colcon_core.shell:Creating package script '/home/f1/f1tenth_ws/install/joy_teleop/share/joy_teleop/package.zsh'
[24.507s] Level 1:colcon.colcon_core.environment:create_file_with_runtime_dependencies(/home/f1/f1tenth_ws/install/joy_teleop/share/colcon-core/packages/joy_teleop)
[24.514s] INFO:colcon.colcon_ros.task.ament_cmake.build:Building ROS package in '/home/f1/f1tenth_ws/src/f1tenth_system/teleop_tools/teleop_tools' with build type 'ament_cmake'
[24.518s] INFO:colcon.colcon_cmake.task.cmake.build:Building CMake package in '/home/f1/f1tenth_ws/src/f1tenth_system/teleop_tools/teleop_tools'
[24.520s] INFO:colcon.colcon_core.shell:Skip shell extension 'powershell' for command environment: Not usable outside of PowerShell
[24.520s] DEBUG:colcon.colcon_core.shell:Skip shell extension 'dsv' for command environment
[24.647s] DEBUG:colcon.colcon_core.event_handler.log_command:Invoking command in '/home/f1/f1tenth_ws/build/teleop_tools': AMENT_PREFIX_PATH=/home/f1/f1tenth_ws/install/joy_teleop:/home/f1/f1tenth_ws/install/teleop_tools_msgs:/home/f1/f1tenth_ws/install/key_teleop:${AMENT_PREFIX_PATH} CMAKE_PREFIX_PATH=/home/f1/f1tenth_ws/install/teleop_tools_msgs:/opt/ros/foxy LD_LIBRARY_PATH=/home/f1/f1tenth_ws/install/teleop_tools_msgs/lib:${LD_LIBRARY_PATH} PYTHONPATH=/home/f1/f1tenth_ws/build/joy_teleop:/home/f1/f1tenth_ws/install/joy_teleop/lib/python3.8/site-packages:/home/f1/f1tenth_ws/install/teleop_tools_msgs/lib/python3.8/site-packages:/home/f1/f1tenth_ws/build/key_teleop:/home/f1/f1tenth_ws/install/key_teleop/lib/python3.8/site-packages:${PYTHONPATH} /usr/bin/cmake --build /home/f1/f1tenth_ws/build/teleop_tools -- -j6 -l6
[24.865s] DEBUG:colcon.colcon_core.event_handler.log_command:Invoked command in '/home/f1/f1tenth_ws/build/teleop_tools' returned '0': AMENT_PREFIX_PATH=/home/f1/f1tenth_ws/install/joy_teleop:/home/f1/f1tenth_ws/install/teleop_tools_msgs:/home/f1/f1tenth_ws/install/key_teleop:${AMENT_PREFIX_PATH} CMAKE_PREFIX_PATH=/home/f1/f1tenth_ws/install/teleop_tools_msgs:/opt/ros/foxy LD_LIBRARY_PATH=/home/f1/f1tenth_ws/install/teleop_tools_msgs/lib:${LD_LIBRARY_PATH} PYTHONPATH=/home/f1/f1tenth_ws/build/joy_teleop:/home/f1/f1tenth_ws/install/joy_teleop/lib/python3.8/site-packages:/home/f1/f1tenth_ws/install/teleop_tools_msgs/lib/python3.8/site-packages:/home/f1/f1tenth_ws/build/key_teleop:/home/f1/f1tenth_ws/install/key_teleop/lib/python3.8/site-packages:${PYTHONPATH} /usr/bin/cmake --build /home/f1/f1tenth_ws/build/teleop_tools -- -j6 -l6
[24.895s] DEBUG:colcon.colcon_core.event_handler.log_command:Invoking command in '/home/f1/f1tenth_ws/build/teleop_tools': AMENT_PREFIX_PATH=/home/f1/f1tenth_ws/install/joy_teleop:/home/f1/f1tenth_ws/install/teleop_tools_msgs:/home/f1/f1tenth_ws/install/key_teleop:${AMENT_PREFIX_PATH} CMAKE_PREFIX_PATH=/home/f1/f1tenth_ws/install/teleop_tools_msgs:/opt/ros/foxy LD_LIBRARY_PATH=/home/f1/f1tenth_ws/install/teleop_tools_msgs/lib:${LD_LIBRARY_PATH} PYTHONPATH=/home/f1/f1tenth_ws/build/joy_teleop:/home/f1/f1tenth_ws/install/joy_teleop/lib/python3.8/site-packages:/home/f1/f1tenth_ws/install/teleop_tools_msgs/lib/python3.8/site-packages:/home/f1/f1tenth_ws/build/key_teleop:/home/f1/f1tenth_ws/install/key_teleop/lib/python3.8/site-packages:${PYTHONPATH} /usr/bin/cmake --install /home/f1/f1tenth_ws/build/teleop_tools
[25.077s] Level 1:colcon.colcon_core.environment:create_environment_scripts_only(teleop_tools)
[25.082s] Level 1:colcon.colcon_core.environment:checking '/home/f1/f1tenth_ws/install/teleop_tools' for CMake module files
[25.085s] DEBUG:colcon.colcon_core.event_handler.log_command:Invoked command in '/home/f1/f1tenth_ws/build/teleop_tools' returned '0': AMENT_PREFIX_PATH=/home/f1/f1tenth_ws/install/joy_teleop:/home/f1/f1tenth_ws/install/teleop_tools_msgs:/home/f1/f1tenth_ws/install/key_teleop:${AMENT_PREFIX_PATH} CMAKE_PREFIX_PATH=/home/f1/f1tenth_ws/install/teleop_tools_msgs:/opt/ros/foxy LD_LIBRARY_PATH=/home/f1/f1tenth_ws/install/teleop_tools_msgs/lib:${LD_LIBRARY_PATH} PYTHONPATH=/home/f1/f1tenth_ws/build/joy_teleop:/home/f1/f1tenth_ws/install/joy_teleop/lib/python3.8/site-packages:/home/f1/f1tenth_ws/install/teleop_tools_msgs/lib/python3.8/site-packages:/home/f1/f1tenth_ws/build/key_teleop:/home/f1/f1tenth_ws/install/key_teleop/lib/python3.8/site-packages:${PYTHONPATH} /usr/bin/cmake --install /home/f1/f1tenth_ws/build/teleop_tools
[25.092s] Level 1:colcon.colcon_core.environment:checking '/home/f1/f1tenth_ws/install/teleop_tools' for CMake config files
[25.096s] Level 1:colcon.colcon_core.shell:create_environment_hook('teleop_tools', 'cmake_prefix_path')
[25.098s] INFO:colcon.colcon_core.shell:Creating environment hook '/home/f1/f1tenth_ws/install/teleop_tools/share/teleop_tools/hook/cmake_prefix_path.ps1'
[25.104s] INFO:colcon.colcon_core.shell:Creating environment descriptor '/home/f1/f1tenth_ws/install/teleop_tools/share/teleop_tools/hook/cmake_prefix_path.dsv'
[25.109s] INFO:colcon.colcon_core.shell:Creating environment hook '/home/f1/f1tenth_ws/install/teleop_tools/share/teleop_tools/hook/cmake_prefix_path.sh'
[25.116s] Level 1:colcon.colcon_core.environment:checking '/home/f1/f1tenth_ws/install/teleop_tools/bin'
[25.116s] Level 1:colcon.colcon_core.environment:checking '/home/f1/f1tenth_ws/install/teleop_tools/lib/pkgconfig/teleop_tools.pc'
[25.125s] Level 1:colcon.colcon_core.environment:checking '/home/f1/f1tenth_ws/install/teleop_tools/lib/python3.8/site-packages'
[25.126s] Level 1:colcon.colcon_core.environment:checking '/home/f1/f1tenth_ws/install/teleop_tools/bin'
[25.129s] INFO:colcon.colcon_core.shell:Creating package script '/home/f1/f1tenth_ws/install/teleop_tools/share/teleop_tools/package.ps1'
[25.133s] INFO:colcon.colcon_core.shell:Creating package descriptor '/home/f1/f1tenth_ws/install/teleop_tools/share/teleop_tools/package.dsv'
[25.137s] INFO:colcon.colcon_core.shell:Creating package script '/home/f1/f1tenth_ws/install/teleop_tools/share/teleop_tools/package.sh'
[25.140s] INFO:colcon.colcon_core.shell:Creating package script '/home/f1/f1tenth_ws/install/teleop_tools/share/teleop_tools/package.bash'
[25.142s] INFO:colcon.colcon_core.shell:Creating package script '/home/f1/f1tenth_ws/install/teleop_tools/share/teleop_tools/package.zsh'
[25.145s] Level 1:colcon.colcon_core.environment:create_file_with_runtime_dependencies(/home/f1/f1tenth_ws/install/teleop_tools/share/colcon-core/packages/teleop_tools)
[25.150s] Level 1:colcon.colcon_core.environment:create_environment_scripts_only(teleop_tools)
[25.152s] Level 1:colcon.colcon_core.environment:checking '/home/f1/f1tenth_ws/install/teleop_tools' for CMake module files
[25.156s] Level 1:colcon.colcon_core.environment:checking '/home/f1/f1tenth_ws/install/teleop_tools' for CMake config files
[25.158s] Level 1:colcon.colcon_core.shell:create_environment_hook('teleop_tools', 'cmake_prefix_path')
[25.159s] INFO:colcon.colcon_core.shell:Creating environment hook '/home/f1/f1tenth_ws/install/teleop_tools/share/teleop_tools/hook/cmake_prefix_path.ps1'
[25.165s] INFO:colcon.colcon_core.shell:Creating environment descriptor '/home/f1/f1tenth_ws/install/teleop_tools/share/teleop_tools/hook/cmake_prefix_path.dsv'
[25.168s] INFO:colcon.colcon_core.shell:Creating environment hook '/home/f1/f1tenth_ws/install/teleop_tools/share/teleop_tools/hook/cmake_prefix_path.sh'
[25.171s] Level 1:colcon.colcon_core.environment:checking '/home/f1/f1tenth_ws/install/teleop_tools/bin'
[25.172s] Level 1:colcon.colcon_core.environment:checking '/home/f1/f1tenth_ws/install/teleop_tools/lib/pkgconfig/teleop_tools.pc'
[25.173s] Level 1:colcon.colcon_core.environment:checking '/home/f1/f1tenth_ws/install/teleop_tools/lib/python3.8/site-packages'
[25.174s] Level 1:colcon.colcon_core.environment:checking '/home/f1/f1tenth_ws/install/teleop_tools/bin'
[25.176s] INFO:colcon.colcon_core.shell:Creating package script '/home/f1/f1tenth_ws/install/teleop_tools/share/teleop_tools/package.ps1'
[25.179s] INFO:colcon.colcon_core.shell:Creating package descriptor '/home/f1/f1tenth_ws/install/teleop_tools/share/teleop_tools/package.dsv'
[25.184s] INFO:colcon.colcon_core.shell:Creating package script '/home/f1/f1tenth_ws/install/teleop_tools/share/teleop_tools/package.sh'
[25.187s] INFO:colcon.colcon_core.shell:Creating package script '/home/f1/f1tenth_ws/install/teleop_tools/share/teleop_tools/package.bash'
[25.191s] INFO:colcon.colcon_core.shell:Creating package script '/home/f1/f1tenth_ws/install/teleop_tools/share/teleop_tools/package.zsh'
[25.194s] Level 1:colcon.colcon_core.environment:create_file_with_runtime_dependencies(/home/f1/f1tenth_ws/install/teleop_tools/share/colcon-core/packages/teleop_tools)
[26.836s] Level 1:colcon.colcon_core.shell:create_environment_hook('pygame_key_teleop', 'pythonpath_develop')
[26.838s] INFO:colcon.colcon_core.shell:Creating environment hook '/home/f1/f1tenth_ws/build/pygame_key_teleop/share/pygame_key_teleop/hook/pythonpath_develop.ps1'
[26.841s] DEBUG:colcon.colcon_core.event_handler.log_command:Invoked command in '/home/f1/f1tenth_ws/build/pygame_key_teleop' returned '0': PYTHONPATH=/home/f1/f1tenth_ws/build/pygame_key_teleop/prefix_override:/usr/lib/python3/dist-packages/colcon_core/task/python/colcon_distutils_commands:/home/f1/f1tenth_ws/install/pygame_key_teleop/lib/python3.8/site-packages:${PYTHONPATH} /usr/bin/python3 -W ignore:setup.py install is deprecated -W ignore:easy_install command is deprecated setup.py develop --editable --build-directory /home/f1/f1tenth_ws/build/pygame_key_teleop/build --no-deps symlink_data
[26.844s] INFO:colcon.colcon_core.shell:Creating environment descriptor '/home/f1/f1tenth_ws/build/pygame_key_teleop/share/pygame_key_teleop/hook/pythonpath_develop.dsv'
[26.846s] INFO:colcon.colcon_core.shell:Creating environment hook '/home/f1/f1tenth_ws/build/pygame_key_teleop/share/pygame_key_teleop/hook/pythonpath_develop.sh'
[26.850s] Level 1:colcon.colcon_core.environment:checking '/home/f1/f1tenth_ws/install/pygame_key_teleop' for CMake module files
[26.853s] Level 1:colcon.colcon_core.environment:checking '/home/f1/f1tenth_ws/install/pygame_key_teleop' for CMake config files
[26.857s] Level 1:colcon.colcon_core.environment:checking '/home/f1/f1tenth_ws/install/pygame_key_teleop/lib'
[26.857s] Level 1:colcon.colcon_core.environment:checking '/home/f1/f1tenth_ws/install/pygame_key_teleop/bin'
[26.858s] Level 1:colcon.colcon_core.environment:checking '/home/f1/f1tenth_ws/install/pygame_key_teleop/lib/pkgconfig/pygame_key_teleop.pc'
[26.859s] Level 1:colcon.colcon_core.environment:checking '/home/f1/f1tenth_ws/install/pygame_key_teleop/lib/python3.8/site-packages'
[26.859s] Level 1:colcon.colcon_core.shell:create_environment_hook('pygame_key_teleop', 'pythonpath')
[26.860s] INFO:colcon.colcon_core.shell:Creating environment hook '/home/f1/f1tenth_ws/install/pygame_key_teleop/share/pygame_key_teleop/hook/pythonpath.ps1'
[26.863s] INFO:colcon.colcon_core.shell:Creating environment descriptor '/home/f1/f1tenth_ws/install/pygame_key_teleop/share/pygame_key_teleop/hook/pythonpath.dsv'
[26.866s] INFO:colcon.colcon_core.shell:Creating environment hook '/home/f1/f1tenth_ws/install/pygame_key_teleop/share/pygame_key_teleop/hook/pythonpath.sh'
[26.869s] Level 1:colcon.colcon_core.environment:checking '/home/f1/f1tenth_ws/install/pygame_key_teleop/bin'
[26.870s] Level 1:colcon.colcon_core.environment:create_environment_scripts_only(pygame_key_teleop)
[26.872s] INFO:colcon.colcon_core.shell:Creating package script '/home/f1/f1tenth_ws/install/pygame_key_teleop/share/pygame_key_teleop/package.ps1'
[26.875s] INFO:colcon.colcon_core.shell:Creating package descriptor '/home/f1/f1tenth_ws/install/pygame_key_teleop/share/pygame_key_teleop/package.dsv'
[26.879s] INFO:colcon.colcon_core.shell:Creating package script '/home/f1/f1tenth_ws/install/pygame_key_teleop/share/pygame_key_teleop/package.sh'
[26.882s] INFO:colcon.colcon_core.shell:Creating package script '/home/f1/f1tenth_ws/install/pygame_key_teleop/share/pygame_key_teleop/package.bash'
[26.884s] INFO:colcon.colcon_core.shell:Creating package script '/home/f1/f1tenth_ws/install/pygame_key_teleop/share/pygame_key_teleop/package.zsh'
[26.888s] Level 1:colcon.colcon_core.environment:create_file_with_runtime_dependencies(/home/f1/f1tenth_ws/install/pygame_key_teleop/share/colcon-core/packages/pygame_key_teleop)
[27.569s] DEBUG:colcon.colcon_core.event_handler.log_command:Invoked command in '/home/f1/f1tenth_ws/build/pure_pursuit' returned '2': CMAKE_PREFIX_PATH=/opt/ros/foxy /usr/bin/cmake --build /home/f1/f1tenth_ws/build/pure_pursuit -- -j6 -l6
[27.573s] Level 1:colcon.colcon_core.environment:create_environment_scripts_only(pure_pursuit)
[27.575s] Level 1:colcon.colcon_core.environment:checking '/home/f1/f1tenth_ws/install/pure_pursuit' for CMake module files
[27.579s] Level 1:colcon.colcon_core.environment:checking '/home/f1/f1tenth_ws/install/pure_pursuit' for CMake config files
[27.582s] Level 1:colcon.colcon_core.shell:create_environment_hook('pure_pursuit', 'cmake_prefix_path')
[27.584s] INFO:colcon.colcon_core.shell:Creating environment hook '/home/f1/f1tenth_ws/install/pure_pursuit/share/pure_pursuit/hook/cmake_prefix_path.ps1'
[27.589s] INFO:colcon.colcon_core.shell:Creating environment descriptor '/home/f1/f1tenth_ws/install/pure_pursuit/share/pure_pursuit/hook/cmake_prefix_path.dsv'
[27.594s] INFO:colcon.colcon_core.shell:Creating environment hook '/home/f1/f1tenth_ws/install/pure_pursuit/share/pure_pursuit/hook/cmake_prefix_path.sh'
[27.603s] Level 1:colcon.colcon_core.environment:checking '/home/f1/f1tenth_ws/install/pure_pursuit/lib'
[27.604s] Level 1:colcon.colcon_core.environment:checking '/home/f1/f1tenth_ws/install/pure_pursuit/bin'
[27.605s] Level 1:colcon.colcon_core.environment:checking '/home/f1/f1tenth_ws/install/pure_pursuit/lib/pkgconfig/pure_pursuit.pc'
[27.609s] Level 1:colcon.colcon_core.environment:checking '/home/f1/f1tenth_ws/install/pure_pursuit/lib/python3.8/site-packages'
[27.612s] Level 1:colcon.colcon_core.environment:checking '/home/f1/f1tenth_ws/install/pure_pursuit/bin'
[27.615s] INFO:colcon.colcon_core.shell:Creating package script '/home/f1/f1tenth_ws/install/pure_pursuit/share/pure_pursuit/package.ps1'
[27.627s] INFO:colcon.colcon_core.shell:Creating package descriptor '/home/f1/f1tenth_ws/install/pure_pursuit/share/pure_pursuit/package.dsv'
[27.631s] INFO:colcon.colcon_core.shell:Creating package script '/home/f1/f1tenth_ws/install/pure_pursuit/share/pure_pursuit/package.sh'
[27.634s] INFO:colcon.colcon_core.shell:Creating package script '/home/f1/f1tenth_ws/install/pure_pursuit/share/pure_pursuit/package.bash'
[27.637s] INFO:colcon.colcon_core.shell:Creating package script '/home/f1/f1tenth_ws/install/pure_pursuit/share/pure_pursuit/package.zsh'
[27.640s] Level 1:colcon.colcon_core.environment:create_file_with_runtime_dependencies(/home/f1/f1tenth_ws/install/pure_pursuit/share/colcon-core/packages/pure_pursuit)
[97.315s] DEBUG:colcon.colcon_parallel_executor.executor.parallel:closing loop
[97.318s] DEBUG:colcon.colcon_parallel_executor.executor.parallel:loop closed
[97.319s] DEBUG:colcon.colcon_parallel_executor.executor.parallel:run_until_complete finished with '2'
[97.320s] DEBUG:colcon.colcon_core.event_reactor:joining thread
[97.366s] INFO:colcon.colcon_core.plugin_system:Skipping extension 'colcon_notification.desktop_notification.terminal_notifier': Not used on non-Darwin systems
[97.367s] INFO:colcon.colcon_core.plugin_system:Skipping extension 'colcon_notification.desktop_notification.win32': Not used on non-Windows systems
[97.367s] INFO:colcon.colcon_notification.desktop_notification:Sending desktop notification using 'notify2'
[97.483s] DEBUG:colcon.colcon_core.event_reactor:joined thread
[97.485s] INFO:colcon.colcon_core.shell:Creating prefix script '/home/f1/f1tenth_ws/install/local_setup.ps1'
[97.491s] INFO:colcon.colcon_core.shell:Creating prefix util module '/home/f1/f1tenth_ws/install/_local_setup_util_ps1.py'
[97.499s] INFO:colcon.colcon_core.shell:Creating prefix chain script '/home/f1/f1tenth_ws/install/setup.ps1'
[97.506s] INFO:colcon.colcon_core.shell:Creating prefix script '/home/f1/f1tenth_ws/install/local_setup.sh'
[97.511s] INFO:colcon.colcon_core.shell:Creating prefix util module '/home/f1/f1tenth_ws/install/_local_setup_util_sh.py'
[97.515s] INFO:colcon.colcon_core.shell:Creating prefix chain script '/home/f1/f1tenth_ws/install/setup.sh'
[97.522s] INFO:colcon.colcon_core.shell:Creating prefix script '/home/f1/f1tenth_ws/install/local_setup.bash'
[97.526s] INFO:colcon.colcon_core.shell:Creating prefix chain script '/home/f1/f1tenth_ws/install/setup.bash'
[97.532s] INFO:colcon.colcon_core.shell:Creating prefix script '/home/f1/f1tenth_ws/install/local_setup.zsh'
[97.536s] INFO:colcon.colcon_core.shell:Creating prefix chain script '/home/f1/f1tenth_ws/install/setup.zsh'
