[0.103s] DEBUG:colcon:Command line arguments: ['/usr/bin/colcon', 'build']
[0.103s] DEBUG:colcon:Parsed command line arguments: Namespace(allow_overriding=[], ament_cmake_args=None, base_paths=['.'], build_base='build', catkin_cmake_args=None, catkin_skip_building_tests=False, cmake_args=None, cmake_clean_cache=False, cmake_clean_first=False, cmake_force_configure=False, cmake_target=None, cmake_target_skip_unavailable=False, continue_on_error=False, event_handlers=None, executor='parallel', ignore_user_meta=False, install_base='install', log_base=None, log_level=None, main=<bound method BuildVerb.main of <colcon_core.verb.build.BuildVerb object at 0x7f64f6628ee0>>, merge_install=False, metas=['./colcon.meta'], packages_above=None, packages_above_and_dependencies=None, packages_above_depth=None, packages_end=None, packages_ignore=None, packages_ignore_regex=None, packages_select=None, packages_select_build_failed=False, packages_select_by_dep=None, packages_select_regex=None, packages_select_test_failures=False, packages_skip=None, packages_skip_build_finished=False, packages_skip_by_dep=None, packages_skip_regex=None, packages_skip_test_passed=False, packages_skip_up_to=None, packages_start=None, packages_up_to=None, packages_up_to_regex=None, parallel_workers=16, paths=None, symlink_install=False, test_result_base=None, verb_extension=<colcon_core.verb.build.BuildVerb object at 0x7f64f6628ee0>, verb_name='build', verb_parser=<colcon_defaults.argument_parser.defaults.DefaultArgumentsDecorator object at 0x7f64f64ea0a0>)
[0.179s] Level 1:colcon.colcon_core.package_discovery:discover_packages(colcon_meta) check parameters
[0.179s] Level 1:colcon.colcon_core.package_discovery:discover_packages(recursive) check parameters
[0.179s] Level 1:colcon.colcon_core.package_discovery:discover_packages(ignore) check parameters
[0.179s] Level 1:colcon.colcon_core.package_discovery:discover_packages(path) check parameters
[0.179s] Level 1:colcon.colcon_core.package_discovery:discover_packages(colcon_meta) discover
[0.179s] Level 1:colcon.colcon_core.package_discovery:discover_packages(recursive) discover
[0.179s] INFO:colcon.colcon_core.package_discovery:Crawling recursively for packages in '/home/moon/sim_ws'
[0.179s] Level 1:colcon.colcon_core.package_identification:_identify(.) by extensions ['ignore', 'ignore_ament_install']
[0.179s] Level 1:colcon.colcon_core.package_identification:_identify(.) by extension 'ignore'
[0.179s] Level 1:colcon.colcon_core.package_identification:_identify(.) by extension 'ignore_ament_install'
[0.179s] Level 1:colcon.colcon_core.package_identification:_identify(.) by extensions ['colcon_pkg']
[0.179s] Level 1:colcon.colcon_core.package_identification:_identify(.) by extension 'colcon_pkg'
[0.179s] Level 1:colcon.colcon_core.package_identification:_identify(.) by extensions ['colcon_meta']
[0.179s] Level 1:colcon.colcon_core.package_identification:_identify(.) by extension 'colcon_meta'
[0.179s] Level 1:colcon.colcon_core.package_identification:_identify(.) by extensions ['ros']
[0.179s] Level 1:colcon.colcon_core.package_identification:_identify(.) by extension 'ros'
[0.185s] Level 1:colcon.colcon_core.package_identification:_identify(.) by extensions ['cmake', 'python']
[0.185s] Level 1:colcon.colcon_core.package_identification:_identify(.) by extension 'cmake'
[0.185s] Level 1:colcon.colcon_core.package_identification:_identify(.) by extension 'python'
[0.185s] Level 1:colcon.colcon_core.package_identification:_identify(.) by extensions ['python_setup_py']
[0.185s] Level 1:colcon.colcon_core.package_identification:_identify(.) by extension 'python_setup_py'
[0.185s] Level 1:colcon.colcon_core.package_identification:_identify(bounds_out) by extensions ['ignore', 'ignore_ament_install']
[0.186s] Level 1:colcon.colcon_core.package_identification:_identify(bounds_out) by extension 'ignore'
[0.186s] Level 1:colcon.colcon_core.package_identification:_identify(bounds_out) by extension 'ignore_ament_install'
[0.186s] Level 1:colcon.colcon_core.package_identification:_identify(bounds_out) by extensions ['colcon_pkg']
[0.186s] Level 1:colcon.colcon_core.package_identification:_identify(bounds_out) by extension 'colcon_pkg'
[0.186s] Level 1:colcon.colcon_core.package_identification:_identify(bounds_out) by extensions ['colcon_meta']
[0.186s] Level 1:colcon.colcon_core.package_identification:_identify(bounds_out) by extension 'colcon_meta'
[0.186s] Level 1:colcon.colcon_core.package_identification:_identify(bounds_out) by extensions ['ros']
[0.186s] Level 1:colcon.colcon_core.package_identification:_identify(bounds_out) by extension 'ros'
[0.186s] Level 1:colcon.colcon_core.package_identification:_identify(bounds_out) by extensions ['cmake', 'python']
[0.186s] Level 1:colcon.colcon_core.package_identification:_identify(bounds_out) by extension 'cmake'
[0.186s] Level 1:colcon.colcon_core.package_identification:_identify(bounds_out) by extension 'python'
[0.186s] Level 1:colcon.colcon_core.package_identification:_identify(bounds_out) by extensions ['python_setup_py']
[0.186s] Level 1:colcon.colcon_core.package_identification:_identify(bounds_out) by extension 'python_setup_py'
[0.186s] Level 1:colcon.colcon_core.package_identification:_identify(build) by extensions ['ignore', 'ignore_ament_install']
[0.186s] Level 1:colcon.colcon_core.package_identification:_identify(build) by extension 'ignore'
[0.186s] Level 1:colcon.colcon_core.package_identification:_identify(build) ignored
[0.186s] Level 1:colcon.colcon_core.package_identification:_identify(config) by extensions ['ignore', 'ignore_ament_install']
[0.186s] Level 1:colcon.colcon_core.package_identification:_identify(config) by extension 'ignore'
[0.186s] Level 1:colcon.colcon_core.package_identification:_identify(config) by extension 'ignore_ament_install'
[0.186s] Level 1:colcon.colcon_core.package_identification:_identify(config) by extensions ['colcon_pkg']
[0.186s] Level 1:colcon.colcon_core.package_identification:_identify(config) by extension 'colcon_pkg'
[0.186s] Level 1:colcon.colcon_core.package_identification:_identify(config) by extensions ['colcon_meta']
[0.186s] Level 1:colcon.colcon_core.package_identification:_identify(config) by extension 'colcon_meta'
[0.186s] Level 1:colcon.colcon_core.package_identification:_identify(config) by extensions ['ros']
[0.186s] Level 1:colcon.colcon_core.package_identification:_identify(config) by extension 'ros'
[0.186s] Level 1:colcon.colcon_core.package_identification:_identify(config) by extensions ['cmake', 'python']
[0.186s] Level 1:colcon.colcon_core.package_identification:_identify(config) by extension 'cmake'
[0.186s] Level 1:colcon.colcon_core.package_identification:_identify(config) by extension 'python'
[0.186s] Level 1:colcon.colcon_core.package_identification:_identify(config) by extensions ['python_setup_py']
[0.186s] Level 1:colcon.colcon_core.package_identification:_identify(config) by extension 'python_setup_py'
[0.186s] Level 1:colcon.colcon_core.package_identification:_identify(install) by extensions ['ignore', 'ignore_ament_install']
[0.186s] Level 1:colcon.colcon_core.package_identification:_identify(install) by extension 'ignore'
[0.186s] Level 1:colcon.colcon_core.package_identification:_identify(install) ignored
[0.186s] Level 1:colcon.colcon_core.package_identification:_identify(log) by extensions ['ignore', 'ignore_ament_install']
[0.186s] Level 1:colcon.colcon_core.package_identification:_identify(log) by extension 'ignore'
[0.186s] Level 1:colcon.colcon_core.package_identification:_identify(log) ignored
[0.186s] Level 1:colcon.colcon_core.package_identification:_identify(maps) by extensions ['ignore', 'ignore_ament_install']
[0.187s] Level 1:colcon.colcon_core.package_identification:_identify(maps) by extension 'ignore'
[0.187s] Level 1:colcon.colcon_core.package_identification:_identify(maps) by extension 'ignore_ament_install'
[0.187s] Level 1:colcon.colcon_core.package_identification:_identify(maps) by extensions ['colcon_pkg']
[0.187s] Level 1:colcon.colcon_core.package_identification:_identify(maps) by extension 'colcon_pkg'
[0.187s] Level 1:colcon.colcon_core.package_identification:_identify(maps) by extensions ['colcon_meta']
[0.187s] Level 1:colcon.colcon_core.package_identification:_identify(maps) by extension 'colcon_meta'
[0.187s] Level 1:colcon.colcon_core.package_identification:_identify(maps) by extensions ['ros']
[0.187s] Level 1:colcon.colcon_core.package_identification:_identify(maps) by extension 'ros'
[0.187s] Level 1:colcon.colcon_core.package_identification:_identify(maps) by extensions ['cmake', 'python']
[0.187s] Level 1:colcon.colcon_core.package_identification:_identify(maps) by extension 'cmake'
[0.187s] Level 1:colcon.colcon_core.package_identification:_identify(maps) by extension 'python'
[0.187s] Level 1:colcon.colcon_core.package_identification:_identify(maps) by extensions ['python_setup_py']
[0.187s] Level 1:colcon.colcon_core.package_identification:_identify(maps) by extension 'python_setup_py'
[0.187s] Level 1:colcon.colcon_core.package_identification:_identify(path_generate) by extensions ['ignore', 'ignore_ament_install']
[0.187s] Level 1:colcon.colcon_core.package_identification:_identify(path_generate) by extension 'ignore'
[0.187s] Level 1:colcon.colcon_core.package_identification:_identify(path_generate) by extension 'ignore_ament_install'
[0.187s] Level 1:colcon.colcon_core.package_identification:_identify(path_generate) by extensions ['colcon_pkg']
[0.187s] Level 1:colcon.colcon_core.package_identification:_identify(path_generate) by extension 'colcon_pkg'
[0.187s] Level 1:colcon.colcon_core.package_identification:_identify(path_generate) by extensions ['colcon_meta']
[0.187s] Level 1:colcon.colcon_core.package_identification:_identify(path_generate) by extension 'colcon_meta'
[0.187s] Level 1:colcon.colcon_core.package_identification:_identify(path_generate) by extensions ['ros']
[0.187s] Level 1:colcon.colcon_core.package_identification:_identify(path_generate) by extension 'ros'
[0.187s] Level 1:colcon.colcon_core.package_identification:_identify(path_generate) by extensions ['cmake', 'python']
[0.187s] Level 1:colcon.colcon_core.package_identification:_identify(path_generate) by extension 'cmake'
[0.187s] Level 1:colcon.colcon_core.package_identification:_identify(path_generate) by extension 'python'
[0.187s] Level 1:colcon.colcon_core.package_identification:_identify(path_generate) by extensions ['python_setup_py']
[0.187s] Level 1:colcon.colcon_core.package_identification:_identify(path_generate) by extension 'python_setup_py'
[0.187s] Level 1:colcon.colcon_core.package_identification:_identify(path_generate/center-line-fitting) by extensions ['ignore', 'ignore_ament_install']
[0.187s] Level 1:colcon.colcon_core.package_identification:_identify(path_generate/center-line-fitting) by extension 'ignore'
[0.187s] Level 1:colcon.colcon_core.package_identification:_identify(path_generate/center-line-fitting) by extension 'ignore_ament_install'
[0.187s] Level 1:colcon.colcon_core.package_identification:_identify(path_generate/center-line-fitting) by extensions ['colcon_pkg']
[0.187s] Level 1:colcon.colcon_core.package_identification:_identify(path_generate/center-line-fitting) by extension 'colcon_pkg'
[0.187s] Level 1:colcon.colcon_core.package_identification:_identify(path_generate/center-line-fitting) by extensions ['colcon_meta']
[0.187s] Level 1:colcon.colcon_core.package_identification:_identify(path_generate/center-line-fitting) by extension 'colcon_meta'
[0.187s] Level 1:colcon.colcon_core.package_identification:_identify(path_generate/center-line-fitting) by extensions ['ros']
[0.187s] Level 1:colcon.colcon_core.package_identification:_identify(path_generate/center-line-fitting) by extension 'ros'
[0.187s] Level 1:colcon.colcon_core.package_identification:_identify(path_generate/center-line-fitting) by extensions ['cmake', 'python']
[0.187s] Level 1:colcon.colcon_core.package_identification:_identify(path_generate/center-line-fitting) by extension 'cmake'
[0.187s] Level 1:colcon.colcon_core.package_identification:_identify(path_generate/center-line-fitting) by extension 'python'
[0.187s] Level 1:colcon.colcon_core.package_identification:_identify(path_generate/center-line-fitting) by extensions ['python_setup_py']
[0.187s] Level 1:colcon.colcon_core.package_identification:_identify(path_generate/center-line-fitting) by extension 'python_setup_py'
[0.187s] Level 1:colcon.colcon_core.package_identification:_identify(path_generate/center-line-fitting/src) by extensions ['ignore', 'ignore_ament_install']
[0.187s] Level 1:colcon.colcon_core.package_identification:_identify(path_generate/center-line-fitting/src) by extension 'ignore'
[0.187s] Level 1:colcon.colcon_core.package_identification:_identify(path_generate/center-line-fitting/src) by extension 'ignore_ament_install'
[0.187s] Level 1:colcon.colcon_core.package_identification:_identify(path_generate/center-line-fitting/src) by extensions ['colcon_pkg']
[0.187s] Level 1:colcon.colcon_core.package_identification:_identify(path_generate/center-line-fitting/src) by extension 'colcon_pkg'
[0.187s] Level 1:colcon.colcon_core.package_identification:_identify(path_generate/center-line-fitting/src) by extensions ['colcon_meta']
[0.187s] Level 1:colcon.colcon_core.package_identification:_identify(path_generate/center-line-fitting/src) by extension 'colcon_meta'
[0.188s] Level 1:colcon.colcon_core.package_identification:_identify(path_generate/center-line-fitting/src) by extensions ['ros']
[0.188s] Level 1:colcon.colcon_core.package_identification:_identify(path_generate/center-line-fitting/src) by extension 'ros'
[0.188s] Level 1:colcon.colcon_core.package_identification:_identify(path_generate/center-line-fitting/src) by extensions ['cmake', 'python']
[0.188s] Level 1:colcon.colcon_core.package_identification:_identify(path_generate/center-line-fitting/src) by extension 'cmake'
[0.188s] Level 1:colcon.colcon_core.package_identification:_identify(path_generate/center-line-fitting/src) by extension 'python'
[0.188s] Level 1:colcon.colcon_core.package_identification:_identify(path_generate/center-line-fitting/src) by extensions ['python_setup_py']
[0.188s] Level 1:colcon.colcon_core.package_identification:_identify(path_generate/center-line-fitting/src) by extension 'python_setup_py'
[0.188s] Level 1:colcon.colcon_core.package_identification:_identify(path_generate/global_racetrajectory_optimization) by extensions ['ignore', 'ignore_ament_install']
[0.188s] Level 1:colcon.colcon_core.package_identification:_identify(path_generate/global_racetrajectory_optimization) by extension 'ignore'
[0.188s] Level 1:colcon.colcon_core.package_identification:_identify(path_generate/global_racetrajectory_optimization) by extension 'ignore_ament_install'
[0.188s] Level 1:colcon.colcon_core.package_identification:_identify(path_generate/global_racetrajectory_optimization) by extensions ['colcon_pkg']
[0.188s] Level 1:colcon.colcon_core.package_identification:_identify(path_generate/global_racetrajectory_optimization) by extension 'colcon_pkg'
[0.188s] Level 1:colcon.colcon_core.package_identification:_identify(path_generate/global_racetrajectory_optimization) by extensions ['colcon_meta']
[0.188s] Level 1:colcon.colcon_core.package_identification:_identify(path_generate/global_racetrajectory_optimization) by extension 'colcon_meta'
[0.188s] Level 1:colcon.colcon_core.package_identification:_identify(path_generate/global_racetrajectory_optimization) by extensions ['ros']
[0.188s] Level 1:colcon.colcon_core.package_identification:_identify(path_generate/global_racetrajectory_optimization) by extension 'ros'
[0.188s] Level 1:colcon.colcon_core.package_identification:_identify(path_generate/global_racetrajectory_optimization) by extensions ['cmake', 'python']
[0.188s] Level 1:colcon.colcon_core.package_identification:_identify(path_generate/global_racetrajectory_optimization) by extension 'cmake'
[0.188s] Level 1:colcon.colcon_core.package_identification:_identify(path_generate/global_racetrajectory_optimization) by extension 'python'
[0.188s] Level 1:colcon.colcon_core.package_identification:_identify(path_generate/global_racetrajectory_optimization) by extensions ['python_setup_py']
[0.188s] Level 1:colcon.colcon_core.package_identification:_identify(path_generate/global_racetrajectory_optimization) by extension 'python_setup_py'
[0.188s] Level 1:colcon.colcon_core.package_identification:_identify(path_generate/global_racetrajectory_optimization/frictionmap) by extensions ['ignore', 'ignore_ament_install']
[0.188s] Level 1:colcon.colcon_core.package_identification:_identify(path_generate/global_racetrajectory_optimization/frictionmap) by extension 'ignore'
[0.188s] Level 1:colcon.colcon_core.package_identification:_identify(path_generate/global_racetrajectory_optimization/frictionmap) by extension 'ignore_ament_install'
[0.188s] Level 1:colcon.colcon_core.package_identification:_identify(path_generate/global_racetrajectory_optimization/frictionmap) by extensions ['colcon_pkg']
[0.188s] Level 1:colcon.colcon_core.package_identification:_identify(path_generate/global_racetrajectory_optimization/frictionmap) by extension 'colcon_pkg'
[0.188s] Level 1:colcon.colcon_core.package_identification:_identify(path_generate/global_racetrajectory_optimization/frictionmap) by extensions ['colcon_meta']
[0.188s] Level 1:colcon.colcon_core.package_identification:_identify(path_generate/global_racetrajectory_optimization/frictionmap) by extension 'colcon_meta'
[0.188s] Level 1:colcon.colcon_core.package_identification:_identify(path_generate/global_racetrajectory_optimization/frictionmap) by extensions ['ros']
[0.188s] Level 1:colcon.colcon_core.package_identification:_identify(path_generate/global_racetrajectory_optimization/frictionmap) by extension 'ros'
[0.188s] Level 1:colcon.colcon_core.package_identification:_identify(path_generate/global_racetrajectory_optimization/frictionmap) by extensions ['cmake', 'python']
[0.188s] Level 1:colcon.colcon_core.package_identification:_identify(path_generate/global_racetrajectory_optimization/frictionmap) by extension 'cmake'
[0.188s] Level 1:colcon.colcon_core.package_identification:_identify(path_generate/global_racetrajectory_optimization/frictionmap) by extension 'python'
[0.188s] Level 1:colcon.colcon_core.package_identification:_identify(path_generate/global_racetrajectory_optimization/frictionmap) by extensions ['python_setup_py']
[0.188s] Level 1:colcon.colcon_core.package_identification:_identify(path_generate/global_racetrajectory_optimization/frictionmap) by extension 'python_setup_py'
[0.188s] Level 1:colcon.colcon_core.package_identification:_identify(path_generate/global_racetrajectory_optimization/frictionmap/src) by extensions ['ignore', 'ignore_ament_install']
[0.188s] Level 1:colcon.colcon_core.package_identification:_identify(path_generate/global_racetrajectory_optimization/frictionmap/src) by extension 'ignore'
[0.188s] Level 1:colcon.colcon_core.package_identification:_identify(path_generate/global_racetrajectory_optimization/frictionmap/src) by extension 'ignore_ament_install'
[0.188s] Level 1:colcon.colcon_core.package_identification:_identify(path_generate/global_racetrajectory_optimization/frictionmap/src) by extensions ['colcon_pkg']
[0.188s] Level 1:colcon.colcon_core.package_identification:_identify(path_generate/global_racetrajectory_optimization/frictionmap/src) by extension 'colcon_pkg'
[0.188s] Level 1:colcon.colcon_core.package_identification:_identify(path_generate/global_racetrajectory_optimization/frictionmap/src) by extensions ['colcon_meta']
[0.188s] Level 1:colcon.colcon_core.package_identification:_identify(path_generate/global_racetrajectory_optimization/frictionmap/src) by extension 'colcon_meta'
[0.188s] Level 1:colcon.colcon_core.package_identification:_identify(path_generate/global_racetrajectory_optimization/frictionmap/src) by extensions ['ros']
[0.188s] Level 1:colcon.colcon_core.package_identification:_identify(path_generate/global_racetrajectory_optimization/frictionmap/src) by extension 'ros'
[0.188s] Level 1:colcon.colcon_core.package_identification:_identify(path_generate/global_racetrajectory_optimization/frictionmap/src) by extensions ['cmake', 'python']
[0.188s] Level 1:colcon.colcon_core.package_identification:_identify(path_generate/global_racetrajectory_optimization/frictionmap/src) by extension 'cmake'
[0.189s] Level 1:colcon.colcon_core.package_identification:_identify(path_generate/global_racetrajectory_optimization/frictionmap/src) by extension 'python'
[0.189s] Level 1:colcon.colcon_core.package_identification:_identify(path_generate/global_racetrajectory_optimization/frictionmap/src) by extensions ['python_setup_py']
[0.189s] Level 1:colcon.colcon_core.package_identification:_identify(path_generate/global_racetrajectory_optimization/frictionmap/src) by extension 'python_setup_py'
[0.189s] Level 1:colcon.colcon_core.package_identification:_identify(path_generate/global_racetrajectory_optimization/helper_funcs_glob) by extensions ['ignore', 'ignore_ament_install']
[0.189s] Level 1:colcon.colcon_core.package_identification:_identify(path_generate/global_racetrajectory_optimization/helper_funcs_glob) by extension 'ignore'
[0.189s] Level 1:colcon.colcon_core.package_identification:_identify(path_generate/global_racetrajectory_optimization/helper_funcs_glob) by extension 'ignore_ament_install'
[0.189s] Level 1:colcon.colcon_core.package_identification:_identify(path_generate/global_racetrajectory_optimization/helper_funcs_glob) by extensions ['colcon_pkg']
[0.189s] Level 1:colcon.colcon_core.package_identification:_identify(path_generate/global_racetrajectory_optimization/helper_funcs_glob) by extension 'colcon_pkg'
[0.189s] Level 1:colcon.colcon_core.package_identification:_identify(path_generate/global_racetrajectory_optimization/helper_funcs_glob) by extensions ['colcon_meta']
[0.189s] Level 1:colcon.colcon_core.package_identification:_identify(path_generate/global_racetrajectory_optimization/helper_funcs_glob) by extension 'colcon_meta'
[0.189s] Level 1:colcon.colcon_core.package_identification:_identify(path_generate/global_racetrajectory_optimization/helper_funcs_glob) by extensions ['ros']
[0.189s] Level 1:colcon.colcon_core.package_identification:_identify(path_generate/global_racetrajectory_optimization/helper_funcs_glob) by extension 'ros'
[0.189s] Level 1:colcon.colcon_core.package_identification:_identify(path_generate/global_racetrajectory_optimization/helper_funcs_glob) by extensions ['cmake', 'python']
[0.189s] Level 1:colcon.colcon_core.package_identification:_identify(path_generate/global_racetrajectory_optimization/helper_funcs_glob) by extension 'cmake'
[0.189s] Level 1:colcon.colcon_core.package_identification:_identify(path_generate/global_racetrajectory_optimization/helper_funcs_glob) by extension 'python'
[0.189s] Level 1:colcon.colcon_core.package_identification:_identify(path_generate/global_racetrajectory_optimization/helper_funcs_glob) by extensions ['python_setup_py']
[0.189s] Level 1:colcon.colcon_core.package_identification:_identify(path_generate/global_racetrajectory_optimization/helper_funcs_glob) by extension 'python_setup_py'
[0.189s] Level 1:colcon.colcon_core.package_identification:_identify(path_generate/global_racetrajectory_optimization/helper_funcs_glob/src) by extensions ['ignore', 'ignore_ament_install']
[0.189s] Level 1:colcon.colcon_core.package_identification:_identify(path_generate/global_racetrajectory_optimization/helper_funcs_glob/src) by extension 'ignore'
[0.189s] Level 1:colcon.colcon_core.package_identification:_identify(path_generate/global_racetrajectory_optimization/helper_funcs_glob/src) by extension 'ignore_ament_install'
[0.189s] Level 1:colcon.colcon_core.package_identification:_identify(path_generate/global_racetrajectory_optimization/helper_funcs_glob/src) by extensions ['colcon_pkg']
[0.189s] Level 1:colcon.colcon_core.package_identification:_identify(path_generate/global_racetrajectory_optimization/helper_funcs_glob/src) by extension 'colcon_pkg'
[0.189s] Level 1:colcon.colcon_core.package_identification:_identify(path_generate/global_racetrajectory_optimization/helper_funcs_glob/src) by extensions ['colcon_meta']
[0.189s] Level 1:colcon.colcon_core.package_identification:_identify(path_generate/global_racetrajectory_optimization/helper_funcs_glob/src) by extension 'colcon_meta'
[0.189s] Level 1:colcon.colcon_core.package_identification:_identify(path_generate/global_racetrajectory_optimization/helper_funcs_glob/src) by extensions ['ros']
[0.189s] Level 1:colcon.colcon_core.package_identification:_identify(path_generate/global_racetrajectory_optimization/helper_funcs_glob/src) by extension 'ros'
[0.189s] Level 1:colcon.colcon_core.package_identification:_identify(path_generate/global_racetrajectory_optimization/helper_funcs_glob/src) by extensions ['cmake', 'python']
[0.189s] Level 1:colcon.colcon_core.package_identification:_identify(path_generate/global_racetrajectory_optimization/helper_funcs_glob/src) by extension 'cmake'
[0.189s] Level 1:colcon.colcon_core.package_identification:_identify(path_generate/global_racetrajectory_optimization/helper_funcs_glob/src) by extension 'python'
[0.189s] Level 1:colcon.colcon_core.package_identification:_identify(path_generate/global_racetrajectory_optimization/helper_funcs_glob/src) by extensions ['python_setup_py']
[0.189s] Level 1:colcon.colcon_core.package_identification:_identify(path_generate/global_racetrajectory_optimization/helper_funcs_glob/src) by extension 'python_setup_py'
[0.189s] Level 1:colcon.colcon_core.package_identification:_identify(path_generate/global_racetrajectory_optimization/inputs) by extensions ['ignore', 'ignore_ament_install']
[0.189s] Level 1:colcon.colcon_core.package_identification:_identify(path_generate/global_racetrajectory_optimization/inputs) by extension 'ignore'
[0.189s] Level 1:colcon.colcon_core.package_identification:_identify(path_generate/global_racetrajectory_optimization/inputs) by extension 'ignore_ament_install'
[0.189s] Level 1:colcon.colcon_core.package_identification:_identify(path_generate/global_racetrajectory_optimization/inputs) by extensions ['colcon_pkg']
[0.189s] Level 1:colcon.colcon_core.package_identification:_identify(path_generate/global_racetrajectory_optimization/inputs) by extension 'colcon_pkg'
[0.189s] Level 1:colcon.colcon_core.package_identification:_identify(path_generate/global_racetrajectory_optimization/inputs) by extensions ['colcon_meta']
[0.189s] Level 1:colcon.colcon_core.package_identification:_identify(path_generate/global_racetrajectory_optimization/inputs) by extension 'colcon_meta'
[0.189s] Level 1:colcon.colcon_core.package_identification:_identify(path_generate/global_racetrajectory_optimization/inputs) by extensions ['ros']
[0.189s] Level 1:colcon.colcon_core.package_identification:_identify(path_generate/global_racetrajectory_optimization/inputs) by extension 'ros'
[0.189s] Level 1:colcon.colcon_core.package_identification:_identify(path_generate/global_racetrajectory_optimization/inputs) by extensions ['cmake', 'python']
[0.189s] Level 1:colcon.colcon_core.package_identification:_identify(path_generate/global_racetrajectory_optimization/inputs) by extension 'cmake'
[0.189s] Level 1:colcon.colcon_core.package_identification:_identify(path_generate/global_racetrajectory_optimization/inputs) by extension 'python'
[0.189s] Level 1:colcon.colcon_core.package_identification:_identify(path_generate/global_racetrajectory_optimization/inputs) by extensions ['python_setup_py']
[0.189s] Level 1:colcon.colcon_core.package_identification:_identify(path_generate/global_racetrajectory_optimization/inputs) by extension 'python_setup_py'
[0.189s] Level 1:colcon.colcon_core.package_identification:_identify(path_generate/global_racetrajectory_optimization/inputs/frictionmaps) by extensions ['ignore', 'ignore_ament_install']
[0.190s] Level 1:colcon.colcon_core.package_identification:_identify(path_generate/global_racetrajectory_optimization/inputs/frictionmaps) by extension 'ignore'
[0.190s] Level 1:colcon.colcon_core.package_identification:_identify(path_generate/global_racetrajectory_optimization/inputs/frictionmaps) by extension 'ignore_ament_install'
[0.190s] Level 1:colcon.colcon_core.package_identification:_identify(path_generate/global_racetrajectory_optimization/inputs/frictionmaps) by extensions ['colcon_pkg']
[0.190s] Level 1:colcon.colcon_core.package_identification:_identify(path_generate/global_racetrajectory_optimization/inputs/frictionmaps) by extension 'colcon_pkg'
[0.190s] Level 1:colcon.colcon_core.package_identification:_identify(path_generate/global_racetrajectory_optimization/inputs/frictionmaps) by extensions ['colcon_meta']
[0.190s] Level 1:colcon.colcon_core.package_identification:_identify(path_generate/global_racetrajectory_optimization/inputs/frictionmaps) by extension 'colcon_meta'
[0.190s] Level 1:colcon.colcon_core.package_identification:_identify(path_generate/global_racetrajectory_optimization/inputs/frictionmaps) by extensions ['ros']
[0.190s] Level 1:colcon.colcon_core.package_identification:_identify(path_generate/global_racetrajectory_optimization/inputs/frictionmaps) by extension 'ros'
[0.190s] Level 1:colcon.colcon_core.package_identification:_identify(path_generate/global_racetrajectory_optimization/inputs/frictionmaps) by extensions ['cmake', 'python']
[0.190s] Level 1:colcon.colcon_core.package_identification:_identify(path_generate/global_racetrajectory_optimization/inputs/frictionmaps) by extension 'cmake'
[0.190s] Level 1:colcon.colcon_core.package_identification:_identify(path_generate/global_racetrajectory_optimization/inputs/frictionmaps) by extension 'python'
[0.190s] Level 1:colcon.colcon_core.package_identification:_identify(path_generate/global_racetrajectory_optimization/inputs/frictionmaps) by extensions ['python_setup_py']
[0.190s] Level 1:colcon.colcon_core.package_identification:_identify(path_generate/global_racetrajectory_optimization/inputs/frictionmaps) by extension 'python_setup_py'
[0.190s] Level 1:colcon.colcon_core.package_identification:_identify(path_generate/global_racetrajectory_optimization/inputs/tracks) by extensions ['ignore', 'ignore_ament_install']
[0.190s] Level 1:colcon.colcon_core.package_identification:_identify(path_generate/global_racetrajectory_optimization/inputs/tracks) by extension 'ignore'
[0.190s] Level 1:colcon.colcon_core.package_identification:_identify(path_generate/global_racetrajectory_optimization/inputs/tracks) by extension 'ignore_ament_install'
[0.190s] Level 1:colcon.colcon_core.package_identification:_identify(path_generate/global_racetrajectory_optimization/inputs/tracks) by extensions ['colcon_pkg']
[0.190s] Level 1:colcon.colcon_core.package_identification:_identify(path_generate/global_racetrajectory_optimization/inputs/tracks) by extension 'colcon_pkg'
[0.190s] Level 1:colcon.colcon_core.package_identification:_identify(path_generate/global_racetrajectory_optimization/inputs/tracks) by extensions ['colcon_meta']
[0.190s] Level 1:colcon.colcon_core.package_identification:_identify(path_generate/global_racetrajectory_optimization/inputs/tracks) by extension 'colcon_meta'
[0.190s] Level 1:colcon.colcon_core.package_identification:_identify(path_generate/global_racetrajectory_optimization/inputs/tracks) by extensions ['ros']
[0.190s] Level 1:colcon.colcon_core.package_identification:_identify(path_generate/global_racetrajectory_optimization/inputs/tracks) by extension 'ros'
[0.190s] Level 1:colcon.colcon_core.package_identification:_identify(path_generate/global_racetrajectory_optimization/inputs/tracks) by extensions ['cmake', 'python']
[0.190s] Level 1:colcon.colcon_core.package_identification:_identify(path_generate/global_racetrajectory_optimization/inputs/tracks) by extension 'cmake'
[0.190s] Level 1:colcon.colcon_core.package_identification:_identify(path_generate/global_racetrajectory_optimization/inputs/tracks) by extension 'python'
[0.190s] Level 1:colcon.colcon_core.package_identification:_identify(path_generate/global_racetrajectory_optimization/inputs/tracks) by extensions ['python_setup_py']
[0.190s] Level 1:colcon.colcon_core.package_identification:_identify(path_generate/global_racetrajectory_optimization/inputs/tracks) by extension 'python_setup_py'
[0.190s] Level 1:colcon.colcon_core.package_identification:_identify(path_generate/global_racetrajectory_optimization/inputs/veh_dyn_info) by extensions ['ignore', 'ignore_ament_install']
[0.190s] Level 1:colcon.colcon_core.package_identification:_identify(path_generate/global_racetrajectory_optimization/inputs/veh_dyn_info) by extension 'ignore'
[0.190s] Level 1:colcon.colcon_core.package_identification:_identify(path_generate/global_racetrajectory_optimization/inputs/veh_dyn_info) by extension 'ignore_ament_install'
[0.190s] Level 1:colcon.colcon_core.package_identification:_identify(path_generate/global_racetrajectory_optimization/inputs/veh_dyn_info) by extensions ['colcon_pkg']
[0.190s] Level 1:colcon.colcon_core.package_identification:_identify(path_generate/global_racetrajectory_optimization/inputs/veh_dyn_info) by extension 'colcon_pkg'
[0.190s] Level 1:colcon.colcon_core.package_identification:_identify(path_generate/global_racetrajectory_optimization/inputs/veh_dyn_info) by extensions ['colcon_meta']
[0.190s] Level 1:colcon.colcon_core.package_identification:_identify(path_generate/global_racetrajectory_optimization/inputs/veh_dyn_info) by extension 'colcon_meta'
[0.190s] Level 1:colcon.colcon_core.package_identification:_identify(path_generate/global_racetrajectory_optimization/inputs/veh_dyn_info) by extensions ['ros']
[0.190s] Level 1:colcon.colcon_core.package_identification:_identify(path_generate/global_racetrajectory_optimization/inputs/veh_dyn_info) by extension 'ros'
[0.190s] Level 1:colcon.colcon_core.package_identification:_identify(path_generate/global_racetrajectory_optimization/inputs/veh_dyn_info) by extensions ['cmake', 'python']
[0.190s] Level 1:colcon.colcon_core.package_identification:_identify(path_generate/global_racetrajectory_optimization/inputs/veh_dyn_info) by extension 'cmake'
[0.190s] Level 1:colcon.colcon_core.package_identification:_identify(path_generate/global_racetrajectory_optimization/inputs/veh_dyn_info) by extension 'python'
[0.190s] Level 1:colcon.colcon_core.package_identification:_identify(path_generate/global_racetrajectory_optimization/inputs/veh_dyn_info) by extensions ['python_setup_py']
[0.190s] Level 1:colcon.colcon_core.package_identification:_identify(path_generate/global_racetrajectory_optimization/inputs/veh_dyn_info) by extension 'python_setup_py'
[0.190s] Level 1:colcon.colcon_core.package_identification:_identify(path_generate/global_racetrajectory_optimization/opt_mintime_traj) by extensions ['ignore', 'ignore_ament_install']
[0.190s] Level 1:colcon.colcon_core.package_identification:_identify(path_generate/global_racetrajectory_optimization/opt_mintime_traj) by extension 'ignore'
[0.190s] Level 1:colcon.colcon_core.package_identification:_identify(path_generate/global_racetrajectory_optimization/opt_mintime_traj) by extension 'ignore_ament_install'
[0.190s] Level 1:colcon.colcon_core.package_identification:_identify(path_generate/global_racetrajectory_optimization/opt_mintime_traj) by extensions ['colcon_pkg']
[0.190s] Level 1:colcon.colcon_core.package_identification:_identify(path_generate/global_racetrajectory_optimization/opt_mintime_traj) by extension 'colcon_pkg'
[0.191s] Level 1:colcon.colcon_core.package_identification:_identify(path_generate/global_racetrajectory_optimization/opt_mintime_traj) by extensions ['colcon_meta']
[0.191s] Level 1:colcon.colcon_core.package_identification:_identify(path_generate/global_racetrajectory_optimization/opt_mintime_traj) by extension 'colcon_meta'
[0.191s] Level 1:colcon.colcon_core.package_identification:_identify(path_generate/global_racetrajectory_optimization/opt_mintime_traj) by extensions ['ros']
[0.191s] Level 1:colcon.colcon_core.package_identification:_identify(path_generate/global_racetrajectory_optimization/opt_mintime_traj) by extension 'ros'
[0.191s] Level 1:colcon.colcon_core.package_identification:_identify(path_generate/global_racetrajectory_optimization/opt_mintime_traj) by extensions ['cmake', 'python']
[0.191s] Level 1:colcon.colcon_core.package_identification:_identify(path_generate/global_racetrajectory_optimization/opt_mintime_traj) by extension 'cmake'
[0.191s] Level 1:colcon.colcon_core.package_identification:_identify(path_generate/global_racetrajectory_optimization/opt_mintime_traj) by extension 'python'
[0.191s] Level 1:colcon.colcon_core.package_identification:_identify(path_generate/global_racetrajectory_optimization/opt_mintime_traj) by extensions ['python_setup_py']
[0.191s] Level 1:colcon.colcon_core.package_identification:_identify(path_generate/global_racetrajectory_optimization/opt_mintime_traj) by extension 'python_setup_py'
[0.191s] Level 1:colcon.colcon_core.package_identification:_identify(path_generate/global_racetrajectory_optimization/opt_mintime_traj/powertrain_src) by extensions ['ignore', 'ignore_ament_install']
[0.191s] Level 1:colcon.colcon_core.package_identification:_identify(path_generate/global_racetrajectory_optimization/opt_mintime_traj/powertrain_src) by extension 'ignore'
[0.191s] Level 1:colcon.colcon_core.package_identification:_identify(path_generate/global_racetrajectory_optimization/opt_mintime_traj/powertrain_src) by extension 'ignore_ament_install'
[0.191s] Level 1:colcon.colcon_core.package_identification:_identify(path_generate/global_racetrajectory_optimization/opt_mintime_traj/powertrain_src) by extensions ['colcon_pkg']
[0.191s] Level 1:colcon.colcon_core.package_identification:_identify(path_generate/global_racetrajectory_optimization/opt_mintime_traj/powertrain_src) by extension 'colcon_pkg'
[0.191s] Level 1:colcon.colcon_core.package_identification:_identify(path_generate/global_racetrajectory_optimization/opt_mintime_traj/powertrain_src) by extensions ['colcon_meta']
[0.191s] Level 1:colcon.colcon_core.package_identification:_identify(path_generate/global_racetrajectory_optimization/opt_mintime_traj/powertrain_src) by extension 'colcon_meta'
[0.191s] Level 1:colcon.colcon_core.package_identification:_identify(path_generate/global_racetrajectory_optimization/opt_mintime_traj/powertrain_src) by extensions ['ros']
[0.191s] Level 1:colcon.colcon_core.package_identification:_identify(path_generate/global_racetrajectory_optimization/opt_mintime_traj/powertrain_src) by extension 'ros'
[0.191s] Level 1:colcon.colcon_core.package_identification:_identify(path_generate/global_racetrajectory_optimization/opt_mintime_traj/powertrain_src) by extensions ['cmake', 'python']
[0.191s] Level 1:colcon.colcon_core.package_identification:_identify(path_generate/global_racetrajectory_optimization/opt_mintime_traj/powertrain_src) by extension 'cmake'
[0.191s] Level 1:colcon.colcon_core.package_identification:_identify(path_generate/global_racetrajectory_optimization/opt_mintime_traj/powertrain_src) by extension 'python'
[0.191s] Level 1:colcon.colcon_core.package_identification:_identify(path_generate/global_racetrajectory_optimization/opt_mintime_traj/powertrain_src) by extensions ['python_setup_py']
[0.191s] Level 1:colcon.colcon_core.package_identification:_identify(path_generate/global_racetrajectory_optimization/opt_mintime_traj/powertrain_src) by extension 'python_setup_py'
[0.191s] Level 1:colcon.colcon_core.package_identification:_identify(path_generate/global_racetrajectory_optimization/opt_mintime_traj/powertrain_src/src) by extensions ['ignore', 'ignore_ament_install']
[0.191s] Level 1:colcon.colcon_core.package_identification:_identify(path_generate/global_racetrajectory_optimization/opt_mintime_traj/powertrain_src/src) by extension 'ignore'
[0.191s] Level 1:colcon.colcon_core.package_identification:_identify(path_generate/global_racetrajectory_optimization/opt_mintime_traj/powertrain_src/src) by extension 'ignore_ament_install'
[0.191s] Level 1:colcon.colcon_core.package_identification:_identify(path_generate/global_racetrajectory_optimization/opt_mintime_traj/powertrain_src/src) by extensions ['colcon_pkg']
[0.191s] Level 1:colcon.colcon_core.package_identification:_identify(path_generate/global_racetrajectory_optimization/opt_mintime_traj/powertrain_src/src) by extension 'colcon_pkg'
[0.191s] Level 1:colcon.colcon_core.package_identification:_identify(path_generate/global_racetrajectory_optimization/opt_mintime_traj/powertrain_src/src) by extensions ['colcon_meta']
[0.191s] Level 1:colcon.colcon_core.package_identification:_identify(path_generate/global_racetrajectory_optimization/opt_mintime_traj/powertrain_src/src) by extension 'colcon_meta'
[0.191s] Level 1:colcon.colcon_core.package_identification:_identify(path_generate/global_racetrajectory_optimization/opt_mintime_traj/powertrain_src/src) by extensions ['ros']
[0.191s] Level 1:colcon.colcon_core.package_identification:_identify(path_generate/global_racetrajectory_optimization/opt_mintime_traj/powertrain_src/src) by extension 'ros'
[0.191s] Level 1:colcon.colcon_core.package_identification:_identify(path_generate/global_racetrajectory_optimization/opt_mintime_traj/powertrain_src/src) by extensions ['cmake', 'python']
[0.191s] Level 1:colcon.colcon_core.package_identification:_identify(path_generate/global_racetrajectory_optimization/opt_mintime_traj/powertrain_src/src) by extension 'cmake'
[0.191s] Level 1:colcon.colcon_core.package_identification:_identify(path_generate/global_racetrajectory_optimization/opt_mintime_traj/powertrain_src/src) by extension 'python'
[0.191s] Level 1:colcon.colcon_core.package_identification:_identify(path_generate/global_racetrajectory_optimization/opt_mintime_traj/powertrain_src/src) by extensions ['python_setup_py']
[0.191s] Level 1:colcon.colcon_core.package_identification:_identify(path_generate/global_racetrajectory_optimization/opt_mintime_traj/powertrain_src/src) by extension 'python_setup_py'
[0.191s] Level 1:colcon.colcon_core.package_identification:_identify(path_generate/global_racetrajectory_optimization/opt_mintime_traj/src) by extensions ['ignore', 'ignore_ament_install']
[0.191s] Level 1:colcon.colcon_core.package_identification:_identify(path_generate/global_racetrajectory_optimization/opt_mintime_traj/src) by extension 'ignore'
[0.191s] Level 1:colcon.colcon_core.package_identification:_identify(path_generate/global_racetrajectory_optimization/opt_mintime_traj/src) by extension 'ignore_ament_install'
[0.191s] Level 1:colcon.colcon_core.package_identification:_identify(path_generate/global_racetrajectory_optimization/opt_mintime_traj/src) by extensions ['colcon_pkg']
[0.191s] Level 1:colcon.colcon_core.package_identification:_identify(path_generate/global_racetrajectory_optimization/opt_mintime_traj/src) by extension 'colcon_pkg'
[0.191s] Level 1:colcon.colcon_core.package_identification:_identify(path_generate/global_racetrajectory_optimization/opt_mintime_traj/src) by extensions ['colcon_meta']
[0.191s] Level 1:colcon.colcon_core.package_identification:_identify(path_generate/global_racetrajectory_optimization/opt_mintime_traj/src) by extension 'colcon_meta'
[0.191s] Level 1:colcon.colcon_core.package_identification:_identify(path_generate/global_racetrajectory_optimization/opt_mintime_traj/src) by extensions ['ros']
[0.191s] Level 1:colcon.colcon_core.package_identification:_identify(path_generate/global_racetrajectory_optimization/opt_mintime_traj/src) by extension 'ros'
[0.191s] Level 1:colcon.colcon_core.package_identification:_identify(path_generate/global_racetrajectory_optimization/opt_mintime_traj/src) by extensions ['cmake', 'python']
[0.192s] Level 1:colcon.colcon_core.package_identification:_identify(path_generate/global_racetrajectory_optimization/opt_mintime_traj/src) by extension 'cmake'
[0.192s] Level 1:colcon.colcon_core.package_identification:_identify(path_generate/global_racetrajectory_optimization/opt_mintime_traj/src) by extension 'python'
[0.192s] Level 1:colcon.colcon_core.package_identification:_identify(path_generate/global_racetrajectory_optimization/opt_mintime_traj/src) by extensions ['python_setup_py']
[0.192s] Level 1:colcon.colcon_core.package_identification:_identify(path_generate/global_racetrajectory_optimization/opt_mintime_traj/src) by extension 'python_setup_py'
[0.192s] Level 1:colcon.colcon_core.package_identification:_identify(path_generate/global_racetrajectory_optimization/params) by extensions ['ignore', 'ignore_ament_install']
[0.192s] Level 1:colcon.colcon_core.package_identification:_identify(path_generate/global_racetrajectory_optimization/params) by extension 'ignore'
[0.192s] Level 1:colcon.colcon_core.package_identification:_identify(path_generate/global_racetrajectory_optimization/params) by extension 'ignore_ament_install'
[0.192s] Level 1:colcon.colcon_core.package_identification:_identify(path_generate/global_racetrajectory_optimization/params) by extensions ['colcon_pkg']
[0.192s] Level 1:colcon.colcon_core.package_identification:_identify(path_generate/global_racetrajectory_optimization/params) by extension 'colcon_pkg'
[0.192s] Level 1:colcon.colcon_core.package_identification:_identify(path_generate/global_racetrajectory_optimization/params) by extensions ['colcon_meta']
[0.192s] Level 1:colcon.colcon_core.package_identification:_identify(path_generate/global_racetrajectory_optimization/params) by extension 'colcon_meta'
[0.192s] Level 1:colcon.colcon_core.package_identification:_identify(path_generate/global_racetrajectory_optimization/params) by extensions ['ros']
[0.192s] Level 1:colcon.colcon_core.package_identification:_identify(path_generate/global_racetrajectory_optimization/params) by extension 'ros'
[0.192s] Level 1:colcon.colcon_core.package_identification:_identify(path_generate/global_racetrajectory_optimization/params) by extensions ['cmake', 'python']
[0.192s] Level 1:colcon.colcon_core.package_identification:_identify(path_generate/global_racetrajectory_optimization/params) by extension 'cmake'
[0.192s] Level 1:colcon.colcon_core.package_identification:_identify(path_generate/global_racetrajectory_optimization/params) by extension 'python'
[0.192s] Level 1:colcon.colcon_core.package_identification:_identify(path_generate/global_racetrajectory_optimization/params) by extensions ['python_setup_py']
[0.192s] Level 1:colcon.colcon_core.package_identification:_identify(path_generate/global_racetrajectory_optimization/params) by extension 'python_setup_py'
[0.192s] Level 1:colcon.colcon_core.package_identification:_identify(path_generate/steven_gong) by extensions ['ignore', 'ignore_ament_install']
[0.192s] Level 1:colcon.colcon_core.package_identification:_identify(path_generate/steven_gong) by extension 'ignore'
[0.192s] Level 1:colcon.colcon_core.package_identification:_identify(path_generate/steven_gong) by extension 'ignore_ament_install'
[0.192s] Level 1:colcon.colcon_core.package_identification:_identify(path_generate/steven_gong) by extensions ['colcon_pkg']
[0.192s] Level 1:colcon.colcon_core.package_identification:_identify(path_generate/steven_gong) by extension 'colcon_pkg'
[0.192s] Level 1:colcon.colcon_core.package_identification:_identify(path_generate/steven_gong) by extensions ['colcon_meta']
[0.192s] Level 1:colcon.colcon_core.package_identification:_identify(path_generate/steven_gong) by extension 'colcon_meta'
[0.192s] Level 1:colcon.colcon_core.package_identification:_identify(path_generate/steven_gong) by extensions ['ros']
[0.192s] Level 1:colcon.colcon_core.package_identification:_identify(path_generate/steven_gong) by extension 'ros'
[0.192s] Level 1:colcon.colcon_core.package_identification:_identify(path_generate/steven_gong) by extensions ['cmake', 'python']
[0.192s] Level 1:colcon.colcon_core.package_identification:_identify(path_generate/steven_gong) by extension 'cmake'
[0.192s] Level 1:colcon.colcon_core.package_identification:_identify(path_generate/steven_gong) by extension 'python'
[0.192s] Level 1:colcon.colcon_core.package_identification:_identify(path_generate/steven_gong) by extensions ['python_setup_py']
[0.192s] Level 1:colcon.colcon_core.package_identification:_identify(path_generate/steven_gong) by extension 'python_setup_py'
[0.192s] Level 1:colcon.colcon_core.package_identification:_identify(path_generate/steven_gong/Raceline-Optimization) by extensions ['ignore', 'ignore_ament_install']
[0.192s] Level 1:colcon.colcon_core.package_identification:_identify(path_generate/steven_gong/Raceline-Optimization) by extension 'ignore'
[0.192s] Level 1:colcon.colcon_core.package_identification:_identify(path_generate/steven_gong/Raceline-Optimization) by extension 'ignore_ament_install'
[0.192s] Level 1:colcon.colcon_core.package_identification:_identify(path_generate/steven_gong/Raceline-Optimization) by extensions ['colcon_pkg']
[0.192s] Level 1:colcon.colcon_core.package_identification:_identify(path_generate/steven_gong/Raceline-Optimization) by extension 'colcon_pkg'
[0.192s] Level 1:colcon.colcon_core.package_identification:_identify(path_generate/steven_gong/Raceline-Optimization) by extensions ['colcon_meta']
[0.192s] Level 1:colcon.colcon_core.package_identification:_identify(path_generate/steven_gong/Raceline-Optimization) by extension 'colcon_meta'
[0.192s] Level 1:colcon.colcon_core.package_identification:_identify(path_generate/steven_gong/Raceline-Optimization) by extensions ['ros']
[0.192s] Level 1:colcon.colcon_core.package_identification:_identify(path_generate/steven_gong/Raceline-Optimization) by extension 'ros'
[0.192s] Level 1:colcon.colcon_core.package_identification:_identify(path_generate/steven_gong/Raceline-Optimization) by extensions ['cmake', 'python']
[0.192s] Level 1:colcon.colcon_core.package_identification:_identify(path_generate/steven_gong/Raceline-Optimization) by extension 'cmake'
[0.192s] Level 1:colcon.colcon_core.package_identification:_identify(path_generate/steven_gong/Raceline-Optimization) by extension 'python'
[0.192s] Level 1:colcon.colcon_core.package_identification:_identify(path_generate/steven_gong/Raceline-Optimization) by extensions ['python_setup_py']
[0.192s] Level 1:colcon.colcon_core.package_identification:_identify(path_generate/steven_gong/Raceline-Optimization) by extension 'python_setup_py'
[0.192s] Level 1:colcon.colcon_core.package_identification:_identify(path_generate/steven_gong/Raceline-Optimization/frictionmap) by extensions ['ignore', 'ignore_ament_install']
[0.193s] Level 1:colcon.colcon_core.package_identification:_identify(path_generate/steven_gong/Raceline-Optimization/frictionmap) by extension 'ignore'
[0.193s] Level 1:colcon.colcon_core.package_identification:_identify(path_generate/steven_gong/Raceline-Optimization/frictionmap) by extension 'ignore_ament_install'
[0.193s] Level 1:colcon.colcon_core.package_identification:_identify(path_generate/steven_gong/Raceline-Optimization/frictionmap) by extensions ['colcon_pkg']
[0.193s] Level 1:colcon.colcon_core.package_identification:_identify(path_generate/steven_gong/Raceline-Optimization/frictionmap) by extension 'colcon_pkg'
[0.193s] Level 1:colcon.colcon_core.package_identification:_identify(path_generate/steven_gong/Raceline-Optimization/frictionmap) by extensions ['colcon_meta']
[0.193s] Level 1:colcon.colcon_core.package_identification:_identify(path_generate/steven_gong/Raceline-Optimization/frictionmap) by extension 'colcon_meta'
[0.193s] Level 1:colcon.colcon_core.package_identification:_identify(path_generate/steven_gong/Raceline-Optimization/frictionmap) by extensions ['ros']
[0.193s] Level 1:colcon.colcon_core.package_identification:_identify(path_generate/steven_gong/Raceline-Optimization/frictionmap) by extension 'ros'
[0.193s] Level 1:colcon.colcon_core.package_identification:_identify(path_generate/steven_gong/Raceline-Optimization/frictionmap) by extensions ['cmake', 'python']
[0.193s] Level 1:colcon.colcon_core.package_identification:_identify(path_generate/steven_gong/Raceline-Optimization/frictionmap) by extension 'cmake'
[0.193s] Level 1:colcon.colcon_core.package_identification:_identify(path_generate/steven_gong/Raceline-Optimization/frictionmap) by extension 'python'
[0.193s] Level 1:colcon.colcon_core.package_identification:_identify(path_generate/steven_gong/Raceline-Optimization/frictionmap) by extensions ['python_setup_py']
[0.193s] Level 1:colcon.colcon_core.package_identification:_identify(path_generate/steven_gong/Raceline-Optimization/frictionmap) by extension 'python_setup_py'
[0.193s] Level 1:colcon.colcon_core.package_identification:_identify(path_generate/steven_gong/Raceline-Optimization/frictionmap/src) by extensions ['ignore', 'ignore_ament_install']
[0.193s] Level 1:colcon.colcon_core.package_identification:_identify(path_generate/steven_gong/Raceline-Optimization/frictionmap/src) by extension 'ignore'
[0.193s] Level 1:colcon.colcon_core.package_identification:_identify(path_generate/steven_gong/Raceline-Optimization/frictionmap/src) by extension 'ignore_ament_install'
[0.193s] Level 1:colcon.colcon_core.package_identification:_identify(path_generate/steven_gong/Raceline-Optimization/frictionmap/src) by extensions ['colcon_pkg']
[0.193s] Level 1:colcon.colcon_core.package_identification:_identify(path_generate/steven_gong/Raceline-Optimization/frictionmap/src) by extension 'colcon_pkg'
[0.193s] Level 1:colcon.colcon_core.package_identification:_identify(path_generate/steven_gong/Raceline-Optimization/frictionmap/src) by extensions ['colcon_meta']
[0.193s] Level 1:colcon.colcon_core.package_identification:_identify(path_generate/steven_gong/Raceline-Optimization/frictionmap/src) by extension 'colcon_meta'
[0.193s] Level 1:colcon.colcon_core.package_identification:_identify(path_generate/steven_gong/Raceline-Optimization/frictionmap/src) by extensions ['ros']
[0.193s] Level 1:colcon.colcon_core.package_identification:_identify(path_generate/steven_gong/Raceline-Optimization/frictionmap/src) by extension 'ros'
[0.193s] Level 1:colcon.colcon_core.package_identification:_identify(path_generate/steven_gong/Raceline-Optimization/frictionmap/src) by extensions ['cmake', 'python']
[0.193s] Level 1:colcon.colcon_core.package_identification:_identify(path_generate/steven_gong/Raceline-Optimization/frictionmap/src) by extension 'cmake'
[0.193s] Level 1:colcon.colcon_core.package_identification:_identify(path_generate/steven_gong/Raceline-Optimization/frictionmap/src) by extension 'python'
[0.193s] Level 1:colcon.colcon_core.package_identification:_identify(path_generate/steven_gong/Raceline-Optimization/frictionmap/src) by extensions ['python_setup_py']
[0.193s] Level 1:colcon.colcon_core.package_identification:_identify(path_generate/steven_gong/Raceline-Optimization/frictionmap/src) by extension 'python_setup_py'
[0.193s] Level 1:colcon.colcon_core.package_identification:_identify(path_generate/steven_gong/Raceline-Optimization/helper_funcs_glob) by extensions ['ignore', 'ignore_ament_install']
[0.193s] Level 1:colcon.colcon_core.package_identification:_identify(path_generate/steven_gong/Raceline-Optimization/helper_funcs_glob) by extension 'ignore'
[0.193s] Level 1:colcon.colcon_core.package_identification:_identify(path_generate/steven_gong/Raceline-Optimization/helper_funcs_glob) by extension 'ignore_ament_install'
[0.193s] Level 1:colcon.colcon_core.package_identification:_identify(path_generate/steven_gong/Raceline-Optimization/helper_funcs_glob) by extensions ['colcon_pkg']
[0.193s] Level 1:colcon.colcon_core.package_identification:_identify(path_generate/steven_gong/Raceline-Optimization/helper_funcs_glob) by extension 'colcon_pkg'
[0.193s] Level 1:colcon.colcon_core.package_identification:_identify(path_generate/steven_gong/Raceline-Optimization/helper_funcs_glob) by extensions ['colcon_meta']
[0.193s] Level 1:colcon.colcon_core.package_identification:_identify(path_generate/steven_gong/Raceline-Optimization/helper_funcs_glob) by extension 'colcon_meta'
[0.193s] Level 1:colcon.colcon_core.package_identification:_identify(path_generate/steven_gong/Raceline-Optimization/helper_funcs_glob) by extensions ['ros']
[0.193s] Level 1:colcon.colcon_core.package_identification:_identify(path_generate/steven_gong/Raceline-Optimization/helper_funcs_glob) by extension 'ros'
[0.193s] Level 1:colcon.colcon_core.package_identification:_identify(path_generate/steven_gong/Raceline-Optimization/helper_funcs_glob) by extensions ['cmake', 'python']
[0.193s] Level 1:colcon.colcon_core.package_identification:_identify(path_generate/steven_gong/Raceline-Optimization/helper_funcs_glob) by extension 'cmake'
[0.193s] Level 1:colcon.colcon_core.package_identification:_identify(path_generate/steven_gong/Raceline-Optimization/helper_funcs_glob) by extension 'python'
[0.193s] Level 1:colcon.colcon_core.package_identification:_identify(path_generate/steven_gong/Raceline-Optimization/helper_funcs_glob) by extensions ['python_setup_py']
[0.193s] Level 1:colcon.colcon_core.package_identification:_identify(path_generate/steven_gong/Raceline-Optimization/helper_funcs_glob) by extension 'python_setup_py'
[0.193s] Level 1:colcon.colcon_core.package_identification:_identify(path_generate/steven_gong/Raceline-Optimization/helper_funcs_glob/src) by extensions ['ignore', 'ignore_ament_install']
[0.193s] Level 1:colcon.colcon_core.package_identification:_identify(path_generate/steven_gong/Raceline-Optimization/helper_funcs_glob/src) by extension 'ignore'
[0.193s] Level 1:colcon.colcon_core.package_identification:_identify(path_generate/steven_gong/Raceline-Optimization/helper_funcs_glob/src) by extension 'ignore_ament_install'
[0.193s] Level 1:colcon.colcon_core.package_identification:_identify(path_generate/steven_gong/Raceline-Optimization/helper_funcs_glob/src) by extensions ['colcon_pkg']
[0.193s] Level 1:colcon.colcon_core.package_identification:_identify(path_generate/steven_gong/Raceline-Optimization/helper_funcs_glob/src) by extension 'colcon_pkg'
[0.193s] Level 1:colcon.colcon_core.package_identification:_identify(path_generate/steven_gong/Raceline-Optimization/helper_funcs_glob/src) by extensions ['colcon_meta']
[0.193s] Level 1:colcon.colcon_core.package_identification:_identify(path_generate/steven_gong/Raceline-Optimization/helper_funcs_glob/src) by extension 'colcon_meta'
[0.194s] Level 1:colcon.colcon_core.package_identification:_identify(path_generate/steven_gong/Raceline-Optimization/helper_funcs_glob/src) by extensions ['ros']
[0.194s] Level 1:colcon.colcon_core.package_identification:_identify(path_generate/steven_gong/Raceline-Optimization/helper_funcs_glob/src) by extension 'ros'
[0.194s] Level 1:colcon.colcon_core.package_identification:_identify(path_generate/steven_gong/Raceline-Optimization/helper_funcs_glob/src) by extensions ['cmake', 'python']
[0.194s] Level 1:colcon.colcon_core.package_identification:_identify(path_generate/steven_gong/Raceline-Optimization/helper_funcs_glob/src) by extension 'cmake'
[0.194s] Level 1:colcon.colcon_core.package_identification:_identify(path_generate/steven_gong/Raceline-Optimization/helper_funcs_glob/src) by extension 'python'
[0.194s] Level 1:colcon.colcon_core.package_identification:_identify(path_generate/steven_gong/Raceline-Optimization/helper_funcs_glob/src) by extensions ['python_setup_py']
[0.194s] Level 1:colcon.colcon_core.package_identification:_identify(path_generate/steven_gong/Raceline-Optimization/helper_funcs_glob/src) by extension 'python_setup_py'
[0.194s] Level 1:colcon.colcon_core.package_identification:_identify(path_generate/steven_gong/Raceline-Optimization/inputs) by extensions ['ignore', 'ignore_ament_install']
[0.194s] Level 1:colcon.colcon_core.package_identification:_identify(path_generate/steven_gong/Raceline-Optimization/inputs) by extension 'ignore'
[0.194s] Level 1:colcon.colcon_core.package_identification:_identify(path_generate/steven_gong/Raceline-Optimization/inputs) by extension 'ignore_ament_install'
[0.194s] Level 1:colcon.colcon_core.package_identification:_identify(path_generate/steven_gong/Raceline-Optimization/inputs) by extensions ['colcon_pkg']
[0.194s] Level 1:colcon.colcon_core.package_identification:_identify(path_generate/steven_gong/Raceline-Optimization/inputs) by extension 'colcon_pkg'
[0.194s] Level 1:colcon.colcon_core.package_identification:_identify(path_generate/steven_gong/Raceline-Optimization/inputs) by extensions ['colcon_meta']
[0.194s] Level 1:colcon.colcon_core.package_identification:_identify(path_generate/steven_gong/Raceline-Optimization/inputs) by extension 'colcon_meta'
[0.194s] Level 1:colcon.colcon_core.package_identification:_identify(path_generate/steven_gong/Raceline-Optimization/inputs) by extensions ['ros']
[0.194s] Level 1:colcon.colcon_core.package_identification:_identify(path_generate/steven_gong/Raceline-Optimization/inputs) by extension 'ros'
[0.194s] Level 1:colcon.colcon_core.package_identification:_identify(path_generate/steven_gong/Raceline-Optimization/inputs) by extensions ['cmake', 'python']
[0.194s] Level 1:colcon.colcon_core.package_identification:_identify(path_generate/steven_gong/Raceline-Optimization/inputs) by extension 'cmake'
[0.194s] Level 1:colcon.colcon_core.package_identification:_identify(path_generate/steven_gong/Raceline-Optimization/inputs) by extension 'python'
[0.194s] Level 1:colcon.colcon_core.package_identification:_identify(path_generate/steven_gong/Raceline-Optimization/inputs) by extensions ['python_setup_py']
[0.194s] Level 1:colcon.colcon_core.package_identification:_identify(path_generate/steven_gong/Raceline-Optimization/inputs) by extension 'python_setup_py'
[0.194s] Level 1:colcon.colcon_core.package_identification:_identify(path_generate/steven_gong/Raceline-Optimization/inputs/frictionmaps) by extensions ['ignore', 'ignore_ament_install']
[0.194s] Level 1:colcon.colcon_core.package_identification:_identify(path_generate/steven_gong/Raceline-Optimization/inputs/frictionmaps) by extension 'ignore'
[0.194s] Level 1:colcon.colcon_core.package_identification:_identify(path_generate/steven_gong/Raceline-Optimization/inputs/frictionmaps) by extension 'ignore_ament_install'
[0.194s] Level 1:colcon.colcon_core.package_identification:_identify(path_generate/steven_gong/Raceline-Optimization/inputs/frictionmaps) by extensions ['colcon_pkg']
[0.194s] Level 1:colcon.colcon_core.package_identification:_identify(path_generate/steven_gong/Raceline-Optimization/inputs/frictionmaps) by extension 'colcon_pkg'
[0.194s] Level 1:colcon.colcon_core.package_identification:_identify(path_generate/steven_gong/Raceline-Optimization/inputs/frictionmaps) by extensions ['colcon_meta']
[0.194s] Level 1:colcon.colcon_core.package_identification:_identify(path_generate/steven_gong/Raceline-Optimization/inputs/frictionmaps) by extension 'colcon_meta'
[0.194s] Level 1:colcon.colcon_core.package_identification:_identify(path_generate/steven_gong/Raceline-Optimization/inputs/frictionmaps) by extensions ['ros']
[0.194s] Level 1:colcon.colcon_core.package_identification:_identify(path_generate/steven_gong/Raceline-Optimization/inputs/frictionmaps) by extension 'ros'
[0.194s] Level 1:colcon.colcon_core.package_identification:_identify(path_generate/steven_gong/Raceline-Optimization/inputs/frictionmaps) by extensions ['cmake', 'python']
[0.194s] Level 1:colcon.colcon_core.package_identification:_identify(path_generate/steven_gong/Raceline-Optimization/inputs/frictionmaps) by extension 'cmake'
[0.194s] Level 1:colcon.colcon_core.package_identification:_identify(path_generate/steven_gong/Raceline-Optimization/inputs/frictionmaps) by extension 'python'
[0.194s] Level 1:colcon.colcon_core.package_identification:_identify(path_generate/steven_gong/Raceline-Optimization/inputs/frictionmaps) by extensions ['python_setup_py']
[0.194s] Level 1:colcon.colcon_core.package_identification:_identify(path_generate/steven_gong/Raceline-Optimization/inputs/frictionmaps) by extension 'python_setup_py'
[0.194s] Level 1:colcon.colcon_core.package_identification:_identify(path_generate/steven_gong/Raceline-Optimization/inputs/tracks) by extensions ['ignore', 'ignore_ament_install']
[0.194s] Level 1:colcon.colcon_core.package_identification:_identify(path_generate/steven_gong/Raceline-Optimization/inputs/tracks) by extension 'ignore'
[0.195s] Level 1:colcon.colcon_core.package_identification:_identify(path_generate/steven_gong/Raceline-Optimization/inputs/tracks) by extension 'ignore_ament_install'
[0.195s] Level 1:colcon.colcon_core.package_identification:_identify(path_generate/steven_gong/Raceline-Optimization/inputs/tracks) by extensions ['colcon_pkg']
[0.195s] Level 1:colcon.colcon_core.package_identification:_identify(path_generate/steven_gong/Raceline-Optimization/inputs/tracks) by extension 'colcon_pkg'
[0.195s] Level 1:colcon.colcon_core.package_identification:_identify(path_generate/steven_gong/Raceline-Optimization/inputs/tracks) by extensions ['colcon_meta']
[0.195s] Level 1:colcon.colcon_core.package_identification:_identify(path_generate/steven_gong/Raceline-Optimization/inputs/tracks) by extension 'colcon_meta'
[0.195s] Level 1:colcon.colcon_core.package_identification:_identify(path_generate/steven_gong/Raceline-Optimization/inputs/tracks) by extensions ['ros']
[0.195s] Level 1:colcon.colcon_core.package_identification:_identify(path_generate/steven_gong/Raceline-Optimization/inputs/tracks) by extension 'ros'
[0.195s] Level 1:colcon.colcon_core.package_identification:_identify(path_generate/steven_gong/Raceline-Optimization/inputs/tracks) by extensions ['cmake', 'python']
[0.195s] Level 1:colcon.colcon_core.package_identification:_identify(path_generate/steven_gong/Raceline-Optimization/inputs/tracks) by extension 'cmake'
[0.195s] Level 1:colcon.colcon_core.package_identification:_identify(path_generate/steven_gong/Raceline-Optimization/inputs/tracks) by extension 'python'
[0.195s] Level 1:colcon.colcon_core.package_identification:_identify(path_generate/steven_gong/Raceline-Optimization/inputs/tracks) by extensions ['python_setup_py']
[0.195s] Level 1:colcon.colcon_core.package_identification:_identify(path_generate/steven_gong/Raceline-Optimization/inputs/tracks) by extension 'python_setup_py'
[0.195s] Level 1:colcon.colcon_core.package_identification:_identify(path_generate/steven_gong/Raceline-Optimization/inputs/veh_dyn_info) by extensions ['ignore', 'ignore_ament_install']
[0.195s] Level 1:colcon.colcon_core.package_identification:_identify(path_generate/steven_gong/Raceline-Optimization/inputs/veh_dyn_info) by extension 'ignore'
[0.195s] Level 1:colcon.colcon_core.package_identification:_identify(path_generate/steven_gong/Raceline-Optimization/inputs/veh_dyn_info) by extension 'ignore_ament_install'
[0.195s] Level 1:colcon.colcon_core.package_identification:_identify(path_generate/steven_gong/Raceline-Optimization/inputs/veh_dyn_info) by extensions ['colcon_pkg']
[0.195s] Level 1:colcon.colcon_core.package_identification:_identify(path_generate/steven_gong/Raceline-Optimization/inputs/veh_dyn_info) by extension 'colcon_pkg'
[0.195s] Level 1:colcon.colcon_core.package_identification:_identify(path_generate/steven_gong/Raceline-Optimization/inputs/veh_dyn_info) by extensions ['colcon_meta']
[0.195s] Level 1:colcon.colcon_core.package_identification:_identify(path_generate/steven_gong/Raceline-Optimization/inputs/veh_dyn_info) by extension 'colcon_meta'
[0.195s] Level 1:colcon.colcon_core.package_identification:_identify(path_generate/steven_gong/Raceline-Optimization/inputs/veh_dyn_info) by extensions ['ros']
[0.195s] Level 1:colcon.colcon_core.package_identification:_identify(path_generate/steven_gong/Raceline-Optimization/inputs/veh_dyn_info) by extension 'ros'
[0.195s] Level 1:colcon.colcon_core.package_identification:_identify(path_generate/steven_gong/Raceline-Optimization/inputs/veh_dyn_info) by extensions ['cmake', 'python']
[0.195s] Level 1:colcon.colcon_core.package_identification:_identify(path_generate/steven_gong/Raceline-Optimization/inputs/veh_dyn_info) by extension 'cmake'
[0.195s] Level 1:colcon.colcon_core.package_identification:_identify(path_generate/steven_gong/Raceline-Optimization/inputs/veh_dyn_info) by extension 'python'
[0.195s] Level 1:colcon.colcon_core.package_identification:_identify(path_generate/steven_gong/Raceline-Optimization/inputs/veh_dyn_info) by extensions ['python_setup_py']
[0.195s] Level 1:colcon.colcon_core.package_identification:_identify(path_generate/steven_gong/Raceline-Optimization/inputs/veh_dyn_info) by extension 'python_setup_py'
[0.195s] Level 1:colcon.colcon_core.package_identification:_identify(path_generate/steven_gong/Raceline-Optimization/maps) by extensions ['ignore', 'ignore_ament_install']
[0.195s] Level 1:colcon.colcon_core.package_identification:_identify(path_generate/steven_gong/Raceline-Optimization/maps) by extension 'ignore'
[0.195s] Level 1:colcon.colcon_core.package_identification:_identify(path_generate/steven_gong/Raceline-Optimization/maps) by extension 'ignore_ament_install'
[0.195s] Level 1:colcon.colcon_core.package_identification:_identify(path_generate/steven_gong/Raceline-Optimization/maps) by extensions ['colcon_pkg']
[0.195s] Level 1:colcon.colcon_core.package_identification:_identify(path_generate/steven_gong/Raceline-Optimization/maps) by extension 'colcon_pkg'
[0.195s] Level 1:colcon.colcon_core.package_identification:_identify(path_generate/steven_gong/Raceline-Optimization/maps) by extensions ['colcon_meta']
[0.195s] Level 1:colcon.colcon_core.package_identification:_identify(path_generate/steven_gong/Raceline-Optimization/maps) by extension 'colcon_meta'
[0.195s] Level 1:colcon.colcon_core.package_identification:_identify(path_generate/steven_gong/Raceline-Optimization/maps) by extensions ['ros']
[0.195s] Level 1:colcon.colcon_core.package_identification:_identify(path_generate/steven_gong/Raceline-Optimization/maps) by extension 'ros'
[0.195s] Level 1:colcon.colcon_core.package_identification:_identify(path_generate/steven_gong/Raceline-Optimization/maps) by extensions ['cmake', 'python']
[0.195s] Level 1:colcon.colcon_core.package_identification:_identify(path_generate/steven_gong/Raceline-Optimization/maps) by extension 'cmake'
[0.195s] Level 1:colcon.colcon_core.package_identification:_identify(path_generate/steven_gong/Raceline-Optimization/maps) by extension 'python'
[0.195s] Level 1:colcon.colcon_core.package_identification:_identify(path_generate/steven_gong/Raceline-Optimization/maps) by extensions ['python_setup_py']
[0.195s] Level 1:colcon.colcon_core.package_identification:_identify(path_generate/steven_gong/Raceline-Optimization/maps) by extension 'python_setup_py'
[0.195s] Level 1:colcon.colcon_core.package_identification:_identify(path_generate/steven_gong/Raceline-Optimization/opt_mintime_traj) by extensions ['ignore', 'ignore_ament_install']
[0.195s] Level 1:colcon.colcon_core.package_identification:_identify(path_generate/steven_gong/Raceline-Optimization/opt_mintime_traj) by extension 'ignore'
[0.196s] Level 1:colcon.colcon_core.package_identification:_identify(path_generate/steven_gong/Raceline-Optimization/opt_mintime_traj) by extension 'ignore_ament_install'
[0.196s] Level 1:colcon.colcon_core.package_identification:_identify(path_generate/steven_gong/Raceline-Optimization/opt_mintime_traj) by extensions ['colcon_pkg']
[0.196s] Level 1:colcon.colcon_core.package_identification:_identify(path_generate/steven_gong/Raceline-Optimization/opt_mintime_traj) by extension 'colcon_pkg'
[0.196s] Level 1:colcon.colcon_core.package_identification:_identify(path_generate/steven_gong/Raceline-Optimization/opt_mintime_traj) by extensions ['colcon_meta']
[0.196s] Level 1:colcon.colcon_core.package_identification:_identify(path_generate/steven_gong/Raceline-Optimization/opt_mintime_traj) by extension 'colcon_meta'
[0.196s] Level 1:colcon.colcon_core.package_identification:_identify(path_generate/steven_gong/Raceline-Optimization/opt_mintime_traj) by extensions ['ros']
[0.196s] Level 1:colcon.colcon_core.package_identification:_identify(path_generate/steven_gong/Raceline-Optimization/opt_mintime_traj) by extension 'ros'
[0.196s] Level 1:colcon.colcon_core.package_identification:_identify(path_generate/steven_gong/Raceline-Optimization/opt_mintime_traj) by extensions ['cmake', 'python']
[0.196s] Level 1:colcon.colcon_core.package_identification:_identify(path_generate/steven_gong/Raceline-Optimization/opt_mintime_traj) by extension 'cmake'
[0.196s] Level 1:colcon.colcon_core.package_identification:_identify(path_generate/steven_gong/Raceline-Optimization/opt_mintime_traj) by extension 'python'
[0.196s] Level 1:colcon.colcon_core.package_identification:_identify(path_generate/steven_gong/Raceline-Optimization/opt_mintime_traj) by extensions ['python_setup_py']
[0.196s] Level 1:colcon.colcon_core.package_identification:_identify(path_generate/steven_gong/Raceline-Optimization/opt_mintime_traj) by extension 'python_setup_py'
[0.196s] Level 1:colcon.colcon_core.package_identification:_identify(path_generate/steven_gong/Raceline-Optimization/opt_mintime_traj/powertrain_src) by extensions ['ignore', 'ignore_ament_install']
[0.196s] Level 1:colcon.colcon_core.package_identification:_identify(path_generate/steven_gong/Raceline-Optimization/opt_mintime_traj/powertrain_src) by extension 'ignore'
[0.196s] Level 1:colcon.colcon_core.package_identification:_identify(path_generate/steven_gong/Raceline-Optimization/opt_mintime_traj/powertrain_src) by extension 'ignore_ament_install'
[0.196s] Level 1:colcon.colcon_core.package_identification:_identify(path_generate/steven_gong/Raceline-Optimization/opt_mintime_traj/powertrain_src) by extensions ['colcon_pkg']
[0.196s] Level 1:colcon.colcon_core.package_identification:_identify(path_generate/steven_gong/Raceline-Optimization/opt_mintime_traj/powertrain_src) by extension 'colcon_pkg'
[0.196s] Level 1:colcon.colcon_core.package_identification:_identify(path_generate/steven_gong/Raceline-Optimization/opt_mintime_traj/powertrain_src) by extensions ['colcon_meta']
[0.196s] Level 1:colcon.colcon_core.package_identification:_identify(path_generate/steven_gong/Raceline-Optimization/opt_mintime_traj/powertrain_src) by extension 'colcon_meta'
[0.196s] Level 1:colcon.colcon_core.package_identification:_identify(path_generate/steven_gong/Raceline-Optimization/opt_mintime_traj/powertrain_src) by extensions ['ros']
[0.196s] Level 1:colcon.colcon_core.package_identification:_identify(path_generate/steven_gong/Raceline-Optimization/opt_mintime_traj/powertrain_src) by extension 'ros'
[0.196s] Level 1:colcon.colcon_core.package_identification:_identify(path_generate/steven_gong/Raceline-Optimization/opt_mintime_traj/powertrain_src) by extensions ['cmake', 'python']
[0.196s] Level 1:colcon.colcon_core.package_identification:_identify(path_generate/steven_gong/Raceline-Optimization/opt_mintime_traj/powertrain_src) by extension 'cmake'
[0.196s] Level 1:colcon.colcon_core.package_identification:_identify(path_generate/steven_gong/Raceline-Optimization/opt_mintime_traj/powertrain_src) by extension 'python'
[0.196s] Level 1:colcon.colcon_core.package_identification:_identify(path_generate/steven_gong/Raceline-Optimization/opt_mintime_traj/powertrain_src) by extensions ['python_setup_py']
[0.196s] Level 1:colcon.colcon_core.package_identification:_identify(path_generate/steven_gong/Raceline-Optimization/opt_mintime_traj/powertrain_src) by extension 'python_setup_py'
[0.196s] Level 1:colcon.colcon_core.package_identification:_identify(path_generate/steven_gong/Raceline-Optimization/opt_mintime_traj/powertrain_src/src) by extensions ['ignore', 'ignore_ament_install']
[0.196s] Level 1:colcon.colcon_core.package_identification:_identify(path_generate/steven_gong/Raceline-Optimization/opt_mintime_traj/powertrain_src/src) by extension 'ignore'
[0.196s] Level 1:colcon.colcon_core.package_identification:_identify(path_generate/steven_gong/Raceline-Optimization/opt_mintime_traj/powertrain_src/src) by extension 'ignore_ament_install'
[0.196s] Level 1:colcon.colcon_core.package_identification:_identify(path_generate/steven_gong/Raceline-Optimization/opt_mintime_traj/powertrain_src/src) by extensions ['colcon_pkg']
[0.196s] Level 1:colcon.colcon_core.package_identification:_identify(path_generate/steven_gong/Raceline-Optimization/opt_mintime_traj/powertrain_src/src) by extension 'colcon_pkg'
[0.196s] Level 1:colcon.colcon_core.package_identification:_identify(path_generate/steven_gong/Raceline-Optimization/opt_mintime_traj/powertrain_src/src) by extensions ['colcon_meta']
[0.196s] Level 1:colcon.colcon_core.package_identification:_identify(path_generate/steven_gong/Raceline-Optimization/opt_mintime_traj/powertrain_src/src) by extension 'colcon_meta'
[0.196s] Level 1:colcon.colcon_core.package_identification:_identify(path_generate/steven_gong/Raceline-Optimization/opt_mintime_traj/powertrain_src/src) by extensions ['ros']
[0.196s] Level 1:colcon.colcon_core.package_identification:_identify(path_generate/steven_gong/Raceline-Optimization/opt_mintime_traj/powertrain_src/src) by extension 'ros'
[0.196s] Level 1:colcon.colcon_core.package_identification:_identify(path_generate/steven_gong/Raceline-Optimization/opt_mintime_traj/powertrain_src/src) by extensions ['cmake', 'python']
[0.196s] Level 1:colcon.colcon_core.package_identification:_identify(path_generate/steven_gong/Raceline-Optimization/opt_mintime_traj/powertrain_src/src) by extension 'cmake'
[0.196s] Level 1:colcon.colcon_core.package_identification:_identify(path_generate/steven_gong/Raceline-Optimization/opt_mintime_traj/powertrain_src/src) by extension 'python'
[0.196s] Level 1:colcon.colcon_core.package_identification:_identify(path_generate/steven_gong/Raceline-Optimization/opt_mintime_traj/powertrain_src/src) by extensions ['python_setup_py']
[0.196s] Level 1:colcon.colcon_core.package_identification:_identify(path_generate/steven_gong/Raceline-Optimization/opt_mintime_traj/powertrain_src/src) by extension 'python_setup_py'
[0.196s] Level 1:colcon.colcon_core.package_identification:_identify(path_generate/steven_gong/Raceline-Optimization/opt_mintime_traj/src) by extensions ['ignore', 'ignore_ament_install']
[0.196s] Level 1:colcon.colcon_core.package_identification:_identify(path_generate/steven_gong/Raceline-Optimization/opt_mintime_traj/src) by extension 'ignore'
[0.197s] Level 1:colcon.colcon_core.package_identification:_identify(path_generate/steven_gong/Raceline-Optimization/opt_mintime_traj/src) by extension 'ignore_ament_install'
[0.197s] Level 1:colcon.colcon_core.package_identification:_identify(path_generate/steven_gong/Raceline-Optimization/opt_mintime_traj/src) by extensions ['colcon_pkg']
[0.197s] Level 1:colcon.colcon_core.package_identification:_identify(path_generate/steven_gong/Raceline-Optimization/opt_mintime_traj/src) by extension 'colcon_pkg'
[0.197s] Level 1:colcon.colcon_core.package_identification:_identify(path_generate/steven_gong/Raceline-Optimization/opt_mintime_traj/src) by extensions ['colcon_meta']
[0.197s] Level 1:colcon.colcon_core.package_identification:_identify(path_generate/steven_gong/Raceline-Optimization/opt_mintime_traj/src) by extension 'colcon_meta'
[0.197s] Level 1:colcon.colcon_core.package_identification:_identify(path_generate/steven_gong/Raceline-Optimization/opt_mintime_traj/src) by extensions ['ros']
[0.197s] Level 1:colcon.colcon_core.package_identification:_identify(path_generate/steven_gong/Raceline-Optimization/opt_mintime_traj/src) by extension 'ros'
[0.197s] Level 1:colcon.colcon_core.package_identification:_identify(path_generate/steven_gong/Raceline-Optimization/opt_mintime_traj/src) by extensions ['cmake', 'python']
[0.197s] Level 1:colcon.colcon_core.package_identification:_identify(path_generate/steven_gong/Raceline-Optimization/opt_mintime_traj/src) by extension 'cmake'
[0.197s] Level 1:colcon.colcon_core.package_identification:_identify(path_generate/steven_gong/Raceline-Optimization/opt_mintime_traj/src) by extension 'python'
[0.197s] Level 1:colcon.colcon_core.package_identification:_identify(path_generate/steven_gong/Raceline-Optimization/opt_mintime_traj/src) by extensions ['python_setup_py']
[0.197s] Level 1:colcon.colcon_core.package_identification:_identify(path_generate/steven_gong/Raceline-Optimization/opt_mintime_traj/src) by extension 'python_setup_py'
[0.197s] Level 1:colcon.colcon_core.package_identification:_identify(path_generate/steven_gong/Raceline-Optimization/params) by extensions ['ignore', 'ignore_ament_install']
[0.197s] Level 1:colcon.colcon_core.package_identification:_identify(path_generate/steven_gong/Raceline-Optimization/params) by extension 'ignore'
[0.197s] Level 1:colcon.colcon_core.package_identification:_identify(path_generate/steven_gong/Raceline-Optimization/params) by extension 'ignore_ament_install'
[0.197s] Level 1:colcon.colcon_core.package_identification:_identify(path_generate/steven_gong/Raceline-Optimization/params) by extensions ['colcon_pkg']
[0.197s] Level 1:colcon.colcon_core.package_identification:_identify(path_generate/steven_gong/Raceline-Optimization/params) by extension 'colcon_pkg'
[0.197s] Level 1:colcon.colcon_core.package_identification:_identify(path_generate/steven_gong/Raceline-Optimization/params) by extensions ['colcon_meta']
[0.197s] Level 1:colcon.colcon_core.package_identification:_identify(path_generate/steven_gong/Raceline-Optimization/params) by extension 'colcon_meta'
[0.197s] Level 1:colcon.colcon_core.package_identification:_identify(path_generate/steven_gong/Raceline-Optimization/params) by extensions ['ros']
[0.197s] Level 1:colcon.colcon_core.package_identification:_identify(path_generate/steven_gong/Raceline-Optimization/params) by extension 'ros'
[0.197s] Level 1:colcon.colcon_core.package_identification:_identify(path_generate/steven_gong/Raceline-Optimization/params) by extensions ['cmake', 'python']
[0.197s] Level 1:colcon.colcon_core.package_identification:_identify(path_generate/steven_gong/Raceline-Optimization/params) by extension 'cmake'
[0.197s] Level 1:colcon.colcon_core.package_identification:_identify(path_generate/steven_gong/Raceline-Optimization/params) by extension 'python'
[0.197s] Level 1:colcon.colcon_core.package_identification:_identify(path_generate/steven_gong/Raceline-Optimization/params) by extensions ['python_setup_py']
[0.197s] Level 1:colcon.colcon_core.package_identification:_identify(path_generate/steven_gong/Raceline-Optimization/params) by extension 'python_setup_py'
[0.197s] Level 1:colcon.colcon_core.package_identification:_identify(src) by extensions ['ignore', 'ignore_ament_install']
[0.197s] Level 1:colcon.colcon_core.package_identification:_identify(src) by extension 'ignore'
[0.197s] Level 1:colcon.colcon_core.package_identification:_identify(src) by extension 'ignore_ament_install'
[0.197s] Level 1:colcon.colcon_core.package_identification:_identify(src) by extensions ['colcon_pkg']
[0.197s] Level 1:colcon.colcon_core.package_identification:_identify(src) by extension 'colcon_pkg'
[0.197s] Level 1:colcon.colcon_core.package_identification:_identify(src) by extensions ['colcon_meta']
[0.197s] Level 1:colcon.colcon_core.package_identification:_identify(src) by extension 'colcon_meta'
[0.197s] Level 1:colcon.colcon_core.package_identification:_identify(src) by extensions ['ros']
[0.197s] Level 1:colcon.colcon_core.package_identification:_identify(src) by extension 'ros'
[0.197s] Level 1:colcon.colcon_core.package_identification:_identify(src) by extensions ['cmake', 'python']
[0.197s] Level 1:colcon.colcon_core.package_identification:_identify(src) by extension 'cmake'
[0.197s] Level 1:colcon.colcon_core.package_identification:_identify(src) by extension 'python'
[0.197s] Level 1:colcon.colcon_core.package_identification:_identify(src) by extensions ['python_setup_py']
[0.197s] Level 1:colcon.colcon_core.package_identification:_identify(src) by extension 'python_setup_py'
[0.197s] Level 1:colcon.colcon_core.package_identification:_identify(src/Nonlinear_MPCC_for_autonomous_racing) by extensions ['ignore', 'ignore_ament_install']
[0.197s] Level 1:colcon.colcon_core.package_identification:_identify(src/Nonlinear_MPCC_for_autonomous_racing) by extension 'ignore'
[0.197s] Level 1:colcon.colcon_core.package_identification:_identify(src/Nonlinear_MPCC_for_autonomous_racing) by extension 'ignore_ament_install'
[0.197s] Level 1:colcon.colcon_core.package_identification:_identify(src/Nonlinear_MPCC_for_autonomous_racing) by extensions ['colcon_pkg']
[0.197s] Level 1:colcon.colcon_core.package_identification:_identify(src/Nonlinear_MPCC_for_autonomous_racing) by extension 'colcon_pkg'
[0.197s] Level 1:colcon.colcon_core.package_identification:_identify(src/Nonlinear_MPCC_for_autonomous_racing) by extensions ['colcon_meta']
[0.197s] Level 1:colcon.colcon_core.package_identification:_identify(src/Nonlinear_MPCC_for_autonomous_racing) by extension 'colcon_meta'
[0.197s] Level 1:colcon.colcon_core.package_identification:_identify(src/Nonlinear_MPCC_for_autonomous_racing) by extensions ['ros']
[0.197s] Level 1:colcon.colcon_core.package_identification:_identify(src/Nonlinear_MPCC_for_autonomous_racing) by extension 'ros'
[0.198s] Level 1:colcon.colcon_core.package_identification:_identify(src/Nonlinear_MPCC_for_autonomous_racing) by extensions ['cmake', 'python']
[0.198s] Level 1:colcon.colcon_core.package_identification:_identify(src/Nonlinear_MPCC_for_autonomous_racing) by extension 'cmake'
[0.198s] Level 1:colcon.colcon_core.package_identification:_identify(src/Nonlinear_MPCC_for_autonomous_racing) by extension 'python'
[0.198s] Level 1:colcon.colcon_core.package_identification:_identify(src/Nonlinear_MPCC_for_autonomous_racing) by extensions ['python_setup_py']
[0.198s] Level 1:colcon.colcon_core.package_identification:_identify(src/Nonlinear_MPCC_for_autonomous_racing) by extension 'python_setup_py'
[0.198s] Level 1:colcon.colcon_core.package_identification:_identify(src/Nonlinear_MPCC_for_autonomous_racing/nonlinear_mpc_casadi) by extensions ['ignore', 'ignore_ament_install']
[0.198s] Level 1:colcon.colcon_core.package_identification:_identify(src/Nonlinear_MPCC_for_autonomous_racing/nonlinear_mpc_casadi) by extension 'ignore'
[0.198s] Level 1:colcon.colcon_core.package_identification:_identify(src/Nonlinear_MPCC_for_autonomous_racing/nonlinear_mpc_casadi) by extension 'ignore_ament_install'
[0.198s] Level 1:colcon.colcon_core.package_identification:_identify(src/Nonlinear_MPCC_for_autonomous_racing/nonlinear_mpc_casadi) by extensions ['colcon_pkg']
[0.198s] Level 1:colcon.colcon_core.package_identification:_identify(src/Nonlinear_MPCC_for_autonomous_racing/nonlinear_mpc_casadi) by extension 'colcon_pkg'
[0.198s] Level 1:colcon.colcon_core.package_identification:_identify(src/Nonlinear_MPCC_for_autonomous_racing/nonlinear_mpc_casadi) by extensions ['colcon_meta']
[0.198s] Level 1:colcon.colcon_core.package_identification:_identify(src/Nonlinear_MPCC_for_autonomous_racing/nonlinear_mpc_casadi) by extension 'colcon_meta'
[0.198s] Level 1:colcon.colcon_core.package_identification:_identify(src/Nonlinear_MPCC_for_autonomous_racing/nonlinear_mpc_casadi) by extensions ['ros']
[0.198s] Level 1:colcon.colcon_core.package_identification:_identify(src/Nonlinear_MPCC_for_autonomous_racing/nonlinear_mpc_casadi) by extension 'ros'
[0.199s] DEBUG:colcon.colcon_core.package_identification:Package 'src/Nonlinear_MPCC_for_autonomous_racing/nonlinear_mpc_casadi' with type 'ros.ament_cmake' and name 'nonlinear_mpc_casadi'
[0.199s] Level 1:colcon.colcon_core.package_identification:_identify(src/bound_obstacle_detector) by extensions ['ignore', 'ignore_ament_install']
[0.199s] Level 1:colcon.colcon_core.package_identification:_identify(src/bound_obstacle_detector) by extension 'ignore'
[0.199s] Level 1:colcon.colcon_core.package_identification:_identify(src/bound_obstacle_detector) by extension 'ignore_ament_install'
[0.200s] Level 1:colcon.colcon_core.package_identification:_identify(src/bound_obstacle_detector) by extensions ['colcon_pkg']
[0.200s] Level 1:colcon.colcon_core.package_identification:_identify(src/bound_obstacle_detector) by extension 'colcon_pkg'
[0.200s] Level 1:colcon.colcon_core.package_identification:_identify(src/bound_obstacle_detector) by extensions ['colcon_meta']
[0.200s] Level 1:colcon.colcon_core.package_identification:_identify(src/bound_obstacle_detector) by extension 'colcon_meta'
[0.200s] Level 1:colcon.colcon_core.package_identification:_identify(src/bound_obstacle_detector) by extensions ['ros']
[0.200s] Level 1:colcon.colcon_core.package_identification:_identify(src/bound_obstacle_detector) by extension 'ros'
[0.200s] DEBUG:colcon.colcon_core.package_identification:Package 'src/bound_obstacle_detector' with type 'ros.catkin' and name 'bound_obstacle_detector'
[0.200s] Level 1:colcon.colcon_core.package_identification:_identify(src/bubble_memory) by extensions ['ignore', 'ignore_ament_install']
[0.200s] Level 1:colcon.colcon_core.package_identification:_identify(src/bubble_memory) by extension 'ignore'
[0.200s] Level 1:colcon.colcon_core.package_identification:_identify(src/bubble_memory) by extension 'ignore_ament_install'
[0.200s] Level 1:colcon.colcon_core.package_identification:_identify(src/bubble_memory) by extensions ['colcon_pkg']
[0.200s] Level 1:colcon.colcon_core.package_identification:_identify(src/bubble_memory) by extension 'colcon_pkg'
[0.200s] Level 1:colcon.colcon_core.package_identification:_identify(src/bubble_memory) by extensions ['colcon_meta']
[0.200s] Level 1:colcon.colcon_core.package_identification:_identify(src/bubble_memory) by extension 'colcon_meta'
[0.200s] Level 1:colcon.colcon_core.package_identification:_identify(src/bubble_memory) by extensions ['ros']
[0.200s] Level 1:colcon.colcon_core.package_identification:_identify(src/bubble_memory) by extension 'ros'
[0.201s] DEBUG:colcon.colcon_core.package_identification:Package 'src/bubble_memory' with type 'ros.ament_python' and name 'bubble_memory'
[0.201s] Level 1:colcon.colcon_core.package_identification:_identify(src/centerline_planner) by extensions ['ignore', 'ignore_ament_install']
[0.201s] Level 1:colcon.colcon_core.package_identification:_identify(src/centerline_planner) by extension 'ignore'
[0.201s] Level 1:colcon.colcon_core.package_identification:_identify(src/centerline_planner) by extension 'ignore_ament_install'
[0.201s] Level 1:colcon.colcon_core.package_identification:_identify(src/centerline_planner) by extensions ['colcon_pkg']
[0.201s] Level 1:colcon.colcon_core.package_identification:_identify(src/centerline_planner) by extension 'colcon_pkg'
[0.201s] Level 1:colcon.colcon_core.package_identification:_identify(src/centerline_planner) by extensions ['colcon_meta']
[0.201s] Level 1:colcon.colcon_core.package_identification:_identify(src/centerline_planner) by extension 'colcon_meta'
[0.201s] Level 1:colcon.colcon_core.package_identification:_identify(src/centerline_planner) by extensions ['ros']
[0.201s] Level 1:colcon.colcon_core.package_identification:_identify(src/centerline_planner) by extension 'ros'
[0.201s] DEBUG:colcon.colcon_core.package_identification:Package 'src/centerline_planner' with type 'ros.ament_python' and name 'centerline_planner'
[0.201s] Level 1:colcon.colcon_core.package_identification:_identify(src/csv_obstacle) by extensions ['ignore', 'ignore_ament_install']
[0.201s] Level 1:colcon.colcon_core.package_identification:_identify(src/csv_obstacle) by extension 'ignore'
[0.201s] Level 1:colcon.colcon_core.package_identification:_identify(src/csv_obstacle) by extension 'ignore_ament_install'
[0.201s] Level 1:colcon.colcon_core.package_identification:_identify(src/csv_obstacle) by extensions ['colcon_pkg']
[0.201s] Level 1:colcon.colcon_core.package_identification:_identify(src/csv_obstacle) by extension 'colcon_pkg'
[0.201s] Level 1:colcon.colcon_core.package_identification:_identify(src/csv_obstacle) by extensions ['colcon_meta']
[0.201s] Level 1:colcon.colcon_core.package_identification:_identify(src/csv_obstacle) by extension 'colcon_meta'
[0.201s] Level 1:colcon.colcon_core.package_identification:_identify(src/csv_obstacle) by extensions ['ros']
[0.201s] Level 1:colcon.colcon_core.package_identification:_identify(src/csv_obstacle) by extension 'ros'
[0.202s] DEBUG:colcon.colcon_core.package_identification:Package 'src/csv_obstacle' with type 'ros.ament_python' and name 'csv_obstacle'
[0.202s] Level 1:colcon.colcon_core.package_identification:_identify(src/disparity_autodrive) by extensions ['ignore', 'ignore_ament_install']
[0.202s] Level 1:colcon.colcon_core.package_identification:_identify(src/disparity_autodrive) by extension 'ignore'
[0.202s] Level 1:colcon.colcon_core.package_identification:_identify(src/disparity_autodrive) by extension 'ignore_ament_install'
[0.202s] Level 1:colcon.colcon_core.package_identification:_identify(src/disparity_autodrive) by extensions ['colcon_pkg']
[0.202s] Level 1:colcon.colcon_core.package_identification:_identify(src/disparity_autodrive) by extension 'colcon_pkg'
[0.202s] Level 1:colcon.colcon_core.package_identification:_identify(src/disparity_autodrive) by extensions ['colcon_meta']
[0.202s] Level 1:colcon.colcon_core.package_identification:_identify(src/disparity_autodrive) by extension 'colcon_meta'
[0.202s] Level 1:colcon.colcon_core.package_identification:_identify(src/disparity_autodrive) by extensions ['ros']
[0.202s] Level 1:colcon.colcon_core.package_identification:_identify(src/disparity_autodrive) by extension 'ros'
[0.202s] DEBUG:colcon.colcon_core.package_identification:Package 'src/disparity_autodrive' with type 'ros.ament_cmake' and name 'disparity_autodrive'
[0.203s] Level 1:colcon.colcon_core.package_identification:_identify(src/f1tenth_gym_ros) by extensions ['ignore', 'ignore_ament_install']
[0.203s] Level 1:colcon.colcon_core.package_identification:_identify(src/f1tenth_gym_ros) by extension 'ignore'
[0.203s] Level 1:colcon.colcon_core.package_identification:_identify(src/f1tenth_gym_ros) by extension 'ignore_ament_install'
[0.203s] Level 1:colcon.colcon_core.package_identification:_identify(src/f1tenth_gym_ros) by extensions ['colcon_pkg']
[0.203s] Level 1:colcon.colcon_core.package_identification:_identify(src/f1tenth_gym_ros) by extension 'colcon_pkg'
[0.203s] Level 1:colcon.colcon_core.package_identification:_identify(src/f1tenth_gym_ros) by extensions ['colcon_meta']
[0.203s] Level 1:colcon.colcon_core.package_identification:_identify(src/f1tenth_gym_ros) by extension 'colcon_meta'
[0.203s] Level 1:colcon.colcon_core.package_identification:_identify(src/f1tenth_gym_ros) by extensions ['ros']
[0.203s] Level 1:colcon.colcon_core.package_identification:_identify(src/f1tenth_gym_ros) by extension 'ros'
[0.203s] DEBUG:colcon.colcon_core.package_identification:Package 'src/f1tenth_gym_ros' with type 'ros.ament_python' and name 'f1tenth_gym_ros'
[0.203s] Level 1:colcon.colcon_core.package_identification:_identify(src/key_teleop) by extensions ['ignore', 'ignore_ament_install']
[0.203s] Level 1:colcon.colcon_core.package_identification:_identify(src/key_teleop) by extension 'ignore'
[0.203s] Level 1:colcon.colcon_core.package_identification:_identify(src/key_teleop) by extension 'ignore_ament_install'
[0.203s] Level 1:colcon.colcon_core.package_identification:_identify(src/key_teleop) by extensions ['colcon_pkg']
[0.203s] Level 1:colcon.colcon_core.package_identification:_identify(src/key_teleop) by extension 'colcon_pkg'
[0.203s] Level 1:colcon.colcon_core.package_identification:_identify(src/key_teleop) by extensions ['colcon_meta']
[0.203s] Level 1:colcon.colcon_core.package_identification:_identify(src/key_teleop) by extension 'colcon_meta'
[0.203s] Level 1:colcon.colcon_core.package_identification:_identify(src/key_teleop) by extensions ['ros']
[0.203s] Level 1:colcon.colcon_core.package_identification:_identify(src/key_teleop) by extension 'ros'
[0.204s] DEBUG:colcon.colcon_core.package_identification:Package 'src/key_teleop' with type 'ros.ament_cmake' and name 'key_teleop'
[0.204s] Level 1:colcon.colcon_core.package_discovery:discover_packages(recursive) using defaults
[0.204s] Level 1:colcon.colcon_core.package_discovery:discover_packages(ignore) discover
[0.204s] Level 1:colcon.colcon_core.package_discovery:discover_packages(ignore) using defaults
[0.204s] Level 1:colcon.colcon_core.package_discovery:discover_packages(path) discover
[0.204s] Level 1:colcon.colcon_core.package_discovery:discover_packages(path) using defaults
[0.218s] Level 1:colcon.colcon_core.package_discovery:discover_packages(prefix_path) check parameters
[0.218s] Level 1:colcon.colcon_core.package_discovery:discover_packages(prefix_path) discover
[0.219s] DEBUG:colcon.colcon_installed_package_information.package_discovery:Found 8 installed packages in /home/moon/sim_ws/install
[0.220s] DEBUG:colcon.colcon_installed_package_information.package_discovery:Found 293 installed packages in /opt/ros/foxy
[0.221s] Level 1:colcon.colcon_core.package_discovery:discover_packages(prefix_path) using defaults
[0.249s] Level 5:colcon.colcon_core.verb:set package 'bound_obstacle_detector' build argument 'cmake_args' from command line to 'None'
[0.249s] Level 5:colcon.colcon_core.verb:set package 'bound_obstacle_detector' build argument 'cmake_target' from command line to 'None'
[0.249s] Level 5:colcon.colcon_core.verb:set package 'bound_obstacle_detector' build argument 'cmake_target_skip_unavailable' from command line to 'False'
[0.249s] Level 5:colcon.colcon_core.verb:set package 'bound_obstacle_detector' build argument 'cmake_clean_cache' from command line to 'False'
[0.249s] Level 5:colcon.colcon_core.verb:set package 'bound_obstacle_detector' build argument 'cmake_clean_first' from command line to 'False'
[0.249s] Level 5:colcon.colcon_core.verb:set package 'bound_obstacle_detector' build argument 'cmake_force_configure' from command line to 'False'
[0.249s] Level 5:colcon.colcon_core.verb:set package 'bound_obstacle_detector' build argument 'ament_cmake_args' from command line to 'None'
[0.249s] Level 5:colcon.colcon_core.verb:set package 'bound_obstacle_detector' build argument 'catkin_cmake_args' from command line to 'None'
[0.249s] Level 5:colcon.colcon_core.verb:set package 'bound_obstacle_detector' build argument 'catkin_skip_building_tests' from command line to 'False'
[0.249s] DEBUG:colcon.colcon_core.verb:Building package 'bound_obstacle_detector' with the following arguments: {'ament_cmake_args': None, 'build_base': '/home/moon/sim_ws/build/bound_obstacle_detector', 'catkin_cmake_args': None, 'catkin_skip_building_tests': False, 'cmake_args': None, 'cmake_clean_cache': False, 'cmake_clean_first': False, 'cmake_force_configure': False, 'cmake_target': None, 'cmake_target_skip_unavailable': False, 'install_base': '/home/moon/sim_ws/install/bound_obstacle_detector', 'merge_install': False, 'path': '/home/moon/sim_ws/src/bound_obstacle_detector', 'symlink_install': False, 'test_result_base': None}
[0.249s] Level 5:colcon.colcon_core.verb:set package 'bubble_memory' build argument 'cmake_args' from command line to 'None'
[0.249s] Level 5:colcon.colcon_core.verb:set package 'bubble_memory' build argument 'cmake_target' from command line to 'None'
[0.249s] Level 5:colcon.colcon_core.verb:set package 'bubble_memory' build argument 'cmake_target_skip_unavailable' from command line to 'False'
[0.249s] Level 5:colcon.colcon_core.verb:set package 'bubble_memory' build argument 'cmake_clean_cache' from command line to 'False'
[0.249s] Level 5:colcon.colcon_core.verb:set package 'bubble_memory' build argument 'cmake_clean_first' from command line to 'False'
[0.249s] Level 5:colcon.colcon_core.verb:set package 'bubble_memory' build argument 'cmake_force_configure' from command line to 'False'
[0.249s] Level 5:colcon.colcon_core.verb:set package 'bubble_memory' build argument 'ament_cmake_args' from command line to 'None'
[0.249s] Level 5:colcon.colcon_core.verb:set package 'bubble_memory' build argument 'catkin_cmake_args' from command line to 'None'
[0.249s] Level 5:colcon.colcon_core.verb:set package 'bubble_memory' build argument 'catkin_skip_building_tests' from command line to 'False'
[0.249s] DEBUG:colcon.colcon_core.verb:Building package 'bubble_memory' with the following arguments: {'ament_cmake_args': None, 'build_base': '/home/moon/sim_ws/build/bubble_memory', 'catkin_cmake_args': None, 'catkin_skip_building_tests': False, 'cmake_args': None, 'cmake_clean_cache': False, 'cmake_clean_first': False, 'cmake_force_configure': False, 'cmake_target': None, 'cmake_target_skip_unavailable': False, 'install_base': '/home/moon/sim_ws/install/bubble_memory', 'merge_install': False, 'path': '/home/moon/sim_ws/src/bubble_memory', 'symlink_install': False, 'test_result_base': None}
[0.249s] Level 5:colcon.colcon_core.verb:set package 'centerline_planner' build argument 'cmake_args' from command line to 'None'
[0.249s] Level 5:colcon.colcon_core.verb:set package 'centerline_planner' build argument 'cmake_target' from command line to 'None'
[0.249s] Level 5:colcon.colcon_core.verb:set package 'centerline_planner' build argument 'cmake_target_skip_unavailable' from command line to 'False'
[0.249s] Level 5:colcon.colcon_core.verb:set package 'centerline_planner' build argument 'cmake_clean_cache' from command line to 'False'
[0.249s] Level 5:colcon.colcon_core.verb:set package 'centerline_planner' build argument 'cmake_clean_first' from command line to 'False'
[0.249s] Level 5:colcon.colcon_core.verb:set package 'centerline_planner' build argument 'cmake_force_configure' from command line to 'False'
[0.249s] Level 5:colcon.colcon_core.verb:set package 'centerline_planner' build argument 'ament_cmake_args' from command line to 'None'
[0.249s] Level 5:colcon.colcon_core.verb:set package 'centerline_planner' build argument 'catkin_cmake_args' from command line to 'None'
[0.249s] Level 5:colcon.colcon_core.verb:set package 'centerline_planner' build argument 'catkin_skip_building_tests' from command line to 'False'
[0.249s] DEBUG:colcon.colcon_core.verb:Building package 'centerline_planner' with the following arguments: {'ament_cmake_args': None, 'build_base': '/home/moon/sim_ws/build/centerline_planner', 'catkin_cmake_args': None, 'catkin_skip_building_tests': False, 'cmake_args': None, 'cmake_clean_cache': False, 'cmake_clean_first': False, 'cmake_force_configure': False, 'cmake_target': None, 'cmake_target_skip_unavailable': False, 'install_base': '/home/moon/sim_ws/install/centerline_planner', 'merge_install': False, 'path': '/home/moon/sim_ws/src/centerline_planner', 'symlink_install': False, 'test_result_base': None}
[0.250s] Level 5:colcon.colcon_core.verb:set package 'csv_obstacle' build argument 'cmake_args' from command line to 'None'
[0.250s] Level 5:colcon.colcon_core.verb:set package 'csv_obstacle' build argument 'cmake_target' from command line to 'None'
[0.250s] Level 5:colcon.colcon_core.verb:set package 'csv_obstacle' build argument 'cmake_target_skip_unavailable' from command line to 'False'
[0.250s] Level 5:colcon.colcon_core.verb:set package 'csv_obstacle' build argument 'cmake_clean_cache' from command line to 'False'
[0.250s] Level 5:colcon.colcon_core.verb:set package 'csv_obstacle' build argument 'cmake_clean_first' from command line to 'False'
[0.250s] Level 5:colcon.colcon_core.verb:set package 'csv_obstacle' build argument 'cmake_force_configure' from command line to 'False'
[0.250s] Level 5:colcon.colcon_core.verb:set package 'csv_obstacle' build argument 'ament_cmake_args' from command line to 'None'
[0.250s] Level 5:colcon.colcon_core.verb:set package 'csv_obstacle' build argument 'catkin_cmake_args' from command line to 'None'
[0.250s] Level 5:colcon.colcon_core.verb:set package 'csv_obstacle' build argument 'catkin_skip_building_tests' from command line to 'False'
[0.250s] DEBUG:colcon.colcon_core.verb:Building package 'csv_obstacle' with the following arguments: {'ament_cmake_args': None, 'build_base': '/home/moon/sim_ws/build/csv_obstacle', 'catkin_cmake_args': None, 'catkin_skip_building_tests': False, 'cmake_args': None, 'cmake_clean_cache': False, 'cmake_clean_first': False, 'cmake_force_configure': False, 'cmake_target': None, 'cmake_target_skip_unavailable': False, 'install_base': '/home/moon/sim_ws/install/csv_obstacle', 'merge_install': False, 'path': '/home/moon/sim_ws/src/csv_obstacle', 'symlink_install': False, 'test_result_base': None}
[0.250s] Level 5:colcon.colcon_core.verb:set package 'disparity_autodrive' build argument 'cmake_args' from command line to 'None'
[0.250s] Level 5:colcon.colcon_core.verb:set package 'disparity_autodrive' build argument 'cmake_target' from command line to 'None'
[0.250s] Level 5:colcon.colcon_core.verb:set package 'disparity_autodrive' build argument 'cmake_target_skip_unavailable' from command line to 'False'
[0.250s] Level 5:colcon.colcon_core.verb:set package 'disparity_autodrive' build argument 'cmake_clean_cache' from command line to 'False'
[0.250s] Level 5:colcon.colcon_core.verb:set package 'disparity_autodrive' build argument 'cmake_clean_first' from command line to 'False'
[0.250s] Level 5:colcon.colcon_core.verb:set package 'disparity_autodrive' build argument 'cmake_force_configure' from command line to 'False'
[0.250s] Level 5:colcon.colcon_core.verb:set package 'disparity_autodrive' build argument 'ament_cmake_args' from command line to 'None'
[0.250s] Level 5:colcon.colcon_core.verb:set package 'disparity_autodrive' build argument 'catkin_cmake_args' from command line to 'None'
[0.250s] Level 5:colcon.colcon_core.verb:set package 'disparity_autodrive' build argument 'catkin_skip_building_tests' from command line to 'False'
[0.250s] DEBUG:colcon.colcon_core.verb:Building package 'disparity_autodrive' with the following arguments: {'ament_cmake_args': None, 'build_base': '/home/moon/sim_ws/build/disparity_autodrive', 'catkin_cmake_args': None, 'catkin_skip_building_tests': False, 'cmake_args': None, 'cmake_clean_cache': False, 'cmake_clean_first': False, 'cmake_force_configure': False, 'cmake_target': None, 'cmake_target_skip_unavailable': False, 'install_base': '/home/moon/sim_ws/install/disparity_autodrive', 'merge_install': False, 'path': '/home/moon/sim_ws/src/disparity_autodrive', 'symlink_install': False, 'test_result_base': None}
[0.250s] Level 5:colcon.colcon_core.verb:set package 'f1tenth_gym_ros' build argument 'cmake_args' from command line to 'None'
[0.250s] Level 5:colcon.colcon_core.verb:set package 'f1tenth_gym_ros' build argument 'cmake_target' from command line to 'None'
[0.250s] Level 5:colcon.colcon_core.verb:set package 'f1tenth_gym_ros' build argument 'cmake_target_skip_unavailable' from command line to 'False'
[0.250s] Level 5:colcon.colcon_core.verb:set package 'f1tenth_gym_ros' build argument 'cmake_clean_cache' from command line to 'False'
[0.250s] Level 5:colcon.colcon_core.verb:set package 'f1tenth_gym_ros' build argument 'cmake_clean_first' from command line to 'False'
[0.250s] Level 5:colcon.colcon_core.verb:set package 'f1tenth_gym_ros' build argument 'cmake_force_configure' from command line to 'False'
[0.250s] Level 5:colcon.colcon_core.verb:set package 'f1tenth_gym_ros' build argument 'ament_cmake_args' from command line to 'None'
[0.250s] Level 5:colcon.colcon_core.verb:set package 'f1tenth_gym_ros' build argument 'catkin_cmake_args' from command line to 'None'
[0.250s] Level 5:colcon.colcon_core.verb:set package 'f1tenth_gym_ros' build argument 'catkin_skip_building_tests' from command line to 'False'
[0.250s] DEBUG:colcon.colcon_core.verb:Building package 'f1tenth_gym_ros' with the following arguments: {'ament_cmake_args': None, 'build_base': '/home/moon/sim_ws/build/f1tenth_gym_ros', 'catkin_cmake_args': None, 'catkin_skip_building_tests': False, 'cmake_args': None, 'cmake_clean_cache': False, 'cmake_clean_first': False, 'cmake_force_configure': False, 'cmake_target': None, 'cmake_target_skip_unavailable': False, 'install_base': '/home/moon/sim_ws/install/f1tenth_gym_ros', 'merge_install': False, 'path': '/home/moon/sim_ws/src/f1tenth_gym_ros', 'symlink_install': False, 'test_result_base': None}
[0.250s] Level 5:colcon.colcon_core.verb:set package 'key_teleop' build argument 'cmake_args' from command line to 'None'
[0.250s] Level 5:colcon.colcon_core.verb:set package 'key_teleop' build argument 'cmake_target' from command line to 'None'
[0.250s] Level 5:colcon.colcon_core.verb:set package 'key_teleop' build argument 'cmake_target_skip_unavailable' from command line to 'False'
[0.250s] Level 5:colcon.colcon_core.verb:set package 'key_teleop' build argument 'cmake_clean_cache' from command line to 'False'
[0.250s] Level 5:colcon.colcon_core.verb:set package 'key_teleop' build argument 'cmake_clean_first' from command line to 'False'
[0.250s] Level 5:colcon.colcon_core.verb:set package 'key_teleop' build argument 'cmake_force_configure' from command line to 'False'
[0.250s] Level 5:colcon.colcon_core.verb:set package 'key_teleop' build argument 'ament_cmake_args' from command line to 'None'
[0.250s] Level 5:colcon.colcon_core.verb:set package 'key_teleop' build argument 'catkin_cmake_args' from command line to 'None'
[0.250s] Level 5:colcon.colcon_core.verb:set package 'key_teleop' build argument 'catkin_skip_building_tests' from command line to 'False'
[0.250s] DEBUG:colcon.colcon_core.verb:Building package 'key_teleop' with the following arguments: {'ament_cmake_args': None, 'build_base': '/home/moon/sim_ws/build/key_teleop', 'catkin_cmake_args': None, 'catkin_skip_building_tests': False, 'cmake_args': None, 'cmake_clean_cache': False, 'cmake_clean_first': False, 'cmake_force_configure': False, 'cmake_target': None, 'cmake_target_skip_unavailable': False, 'install_base': '/home/moon/sim_ws/install/key_teleop', 'merge_install': False, 'path': '/home/moon/sim_ws/src/key_teleop', 'symlink_install': False, 'test_result_base': None}
[0.251s] Level 5:colcon.colcon_core.verb:set package 'nonlinear_mpc_casadi' build argument 'cmake_args' from command line to 'None'
[0.251s] Level 5:colcon.colcon_core.verb:set package 'nonlinear_mpc_casadi' build argument 'cmake_target' from command line to 'None'
[0.251s] Level 5:colcon.colcon_core.verb:set package 'nonlinear_mpc_casadi' build argument 'cmake_target_skip_unavailable' from command line to 'False'
[0.251s] Level 5:colcon.colcon_core.verb:set package 'nonlinear_mpc_casadi' build argument 'cmake_clean_cache' from command line to 'False'
[0.251s] Level 5:colcon.colcon_core.verb:set package 'nonlinear_mpc_casadi' build argument 'cmake_clean_first' from command line to 'False'
[0.251s] Level 5:colcon.colcon_core.verb:set package 'nonlinear_mpc_casadi' build argument 'cmake_force_configure' from command line to 'False'
[0.251s] Level 5:colcon.colcon_core.verb:set package 'nonlinear_mpc_casadi' build argument 'ament_cmake_args' from command line to 'None'
[0.251s] Level 5:colcon.colcon_core.verb:set package 'nonlinear_mpc_casadi' build argument 'catkin_cmake_args' from command line to 'None'
[0.251s] Level 5:colcon.colcon_core.verb:set package 'nonlinear_mpc_casadi' build argument 'catkin_skip_building_tests' from command line to 'False'
[0.251s] DEBUG:colcon.colcon_core.verb:Building package 'nonlinear_mpc_casadi' with the following arguments: {'ament_cmake_args': None, 'build_base': '/home/moon/sim_ws/build/nonlinear_mpc_casadi', 'catkin_cmake_args': None, 'catkin_skip_building_tests': False, 'cmake_args': None, 'cmake_clean_cache': False, 'cmake_clean_first': False, 'cmake_force_configure': False, 'cmake_target': None, 'cmake_target_skip_unavailable': False, 'install_base': '/home/moon/sim_ws/install/nonlinear_mpc_casadi', 'merge_install': False, 'path': '/home/moon/sim_ws/src/Nonlinear_MPCC_for_autonomous_racing/nonlinear_mpc_casadi', 'symlink_install': False, 'test_result_base': None}
[0.251s] INFO:colcon.colcon_core.executor:Executing jobs using 'parallel' executor
[0.251s] DEBUG:colcon.colcon_parallel_executor.executor.parallel:run_until_complete
[0.251s] INFO:colcon.colcon_ros.task.catkin.build:Building ROS package in '/home/moon/sim_ws/src/bound_obstacle_detector' with build type 'catkin'
[0.252s] INFO:colcon.colcon_cmake.task.cmake.build:Building CMake package in '/home/moon/sim_ws/src/bound_obstacle_detector'
[0.253s] INFO:colcon.colcon_core.plugin_system:Skipping extension 'colcon_core.shell.bat': Not used on non-Windows systems
[0.253s] INFO:colcon.colcon_core.shell:Skip shell extension 'powershell' for command environment: Not usable outside of PowerShell
[0.253s] DEBUG:colcon.colcon_core.shell:Skip shell extension 'dsv' for command environment
[0.256s] INFO:colcon.colcon_ros.task.ament_python.build:Building ROS package in '/home/moon/sim_ws/src/bubble_memory' with build type 'ament_python'
[0.256s] Level 1:colcon.colcon_core.shell:create_environment_hook('bubble_memory', 'ament_prefix_path')
[0.256s] INFO:colcon.colcon_core.shell:Creating environment hook '/home/moon/sim_ws/install/bubble_memory/share/bubble_memory/hook/ament_prefix_path.ps1'
[0.257s] INFO:colcon.colcon_core.shell:Creating environment descriptor '/home/moon/sim_ws/install/bubble_memory/share/bubble_memory/hook/ament_prefix_path.dsv'
[0.257s] INFO:colcon.colcon_core.shell:Creating environment hook '/home/moon/sim_ws/install/bubble_memory/share/bubble_memory/hook/ament_prefix_path.sh'
[0.257s] INFO:colcon.colcon_core.shell:Skip shell extension 'powershell' for command environment: Not usable outside of PowerShell
[0.257s] DEBUG:colcon.colcon_core.shell:Skip shell extension 'dsv' for command environment
[0.260s] INFO:colcon.colcon_ros.task.ament_python.build:Building ROS package in '/home/moon/sim_ws/src/centerline_planner' with build type 'ament_python'
[0.260s] Level 1:colcon.colcon_core.shell:create_environment_hook('centerline_planner', 'ament_prefix_path')
[0.260s] INFO:colcon.colcon_core.shell:Creating environment hook '/home/moon/sim_ws/install/centerline_planner/share/centerline_planner/hook/ament_prefix_path.ps1'
[0.261s] INFO:colcon.colcon_core.shell:Creating environment descriptor '/home/moon/sim_ws/install/centerline_planner/share/centerline_planner/hook/ament_prefix_path.dsv'
[0.261s] INFO:colcon.colcon_core.shell:Creating environment hook '/home/moon/sim_ws/install/centerline_planner/share/centerline_planner/hook/ament_prefix_path.sh'
[0.261s] INFO:colcon.colcon_core.shell:Skip shell extension 'powershell' for command environment: Not usable outside of PowerShell
[0.261s] DEBUG:colcon.colcon_core.shell:Skip shell extension 'dsv' for command environment
[0.263s] INFO:colcon.colcon_ros.task.ament_python.build:Building ROS package in '/home/moon/sim_ws/src/csv_obstacle' with build type 'ament_python'
[0.264s] Level 1:colcon.colcon_core.shell:create_environment_hook('csv_obstacle', 'ament_prefix_path')
[0.264s] INFO:colcon.colcon_core.shell:Creating environment hook '/home/moon/sim_ws/install/csv_obstacle/share/csv_obstacle/hook/ament_prefix_path.ps1'
[0.264s] INFO:colcon.colcon_core.shell:Creating environment descriptor '/home/moon/sim_ws/install/csv_obstacle/share/csv_obstacle/hook/ament_prefix_path.dsv'
[0.265s] INFO:colcon.colcon_core.shell:Creating environment hook '/home/moon/sim_ws/install/csv_obstacle/share/csv_obstacle/hook/ament_prefix_path.sh'
[0.265s] INFO:colcon.colcon_core.shell:Skip shell extension 'powershell' for command environment: Not usable outside of PowerShell
[0.265s] DEBUG:colcon.colcon_core.shell:Skip shell extension 'dsv' for command environment
[0.268s] INFO:colcon.colcon_ros.task.ament_cmake.build:Building ROS package in '/home/moon/sim_ws/src/disparity_autodrive' with build type 'ament_cmake'
[0.268s] INFO:colcon.colcon_cmake.task.cmake.build:Building CMake package in '/home/moon/sim_ws/src/disparity_autodrive'
[0.268s] INFO:colcon.colcon_core.shell:Skip shell extension 'powershell' for command environment: Not usable outside of PowerShell
[0.268s] DEBUG:colcon.colcon_core.shell:Skip shell extension 'dsv' for command environment
[0.271s] INFO:colcon.colcon_ros.task.ament_python.build:Building ROS package in '/home/moon/sim_ws/src/f1tenth_gym_ros' with build type 'ament_python'
[0.271s] Level 1:colcon.colcon_core.shell:create_environment_hook('f1tenth_gym_ros', 'ament_prefix_path')
[0.271s] INFO:colcon.colcon_core.shell:Creating environment hook '/home/moon/sim_ws/install/f1tenth_gym_ros/share/f1tenth_gym_ros/hook/ament_prefix_path.ps1'
[0.271s] INFO:colcon.colcon_core.shell:Creating environment descriptor '/home/moon/sim_ws/install/f1tenth_gym_ros/share/f1tenth_gym_ros/hook/ament_prefix_path.dsv'
[0.272s] INFO:colcon.colcon_core.shell:Creating environment hook '/home/moon/sim_ws/install/f1tenth_gym_ros/share/f1tenth_gym_ros/hook/ament_prefix_path.sh'
[0.272s] INFO:colcon.colcon_core.shell:Skip shell extension 'powershell' for command environment: Not usable outside of PowerShell
[0.272s] DEBUG:colcon.colcon_core.shell:Skip shell extension 'dsv' for command environment
[0.274s] INFO:colcon.colcon_ros.task.ament_cmake.build:Building ROS package in '/home/moon/sim_ws/src/key_teleop' with build type 'ament_cmake'
[0.274s] INFO:colcon.colcon_cmake.task.cmake.build:Building CMake package in '/home/moon/sim_ws/src/key_teleop'
[0.275s] INFO:colcon.colcon_core.shell:Skip shell extension 'powershell' for command environment: Not usable outside of PowerShell
[0.275s] DEBUG:colcon.colcon_core.shell:Skip shell extension 'dsv' for command environment
[0.277s] INFO:colcon.colcon_ros.task.ament_cmake.build:Building ROS package in '/home/moon/sim_ws/src/Nonlinear_MPCC_for_autonomous_racing/nonlinear_mpc_casadi' with build type 'ament_cmake'
[0.277s] INFO:colcon.colcon_cmake.task.cmake.build:Building CMake package in '/home/moon/sim_ws/src/Nonlinear_MPCC_for_autonomous_racing/nonlinear_mpc_casadi'
[0.277s] INFO:colcon.colcon_core.shell:Skip shell extension 'powershell' for command environment: Not usable outside of PowerShell
[0.278s] DEBUG:colcon.colcon_core.shell:Skip shell extension 'dsv' for command environment
[0.284s] DEBUG:colcon.colcon_core.event_handler.log_command:Invoking command in '/home/moon/sim_ws/build/bound_obstacle_detector': PS1=\[\e]0;\u@\h: \w\a\]${debian_chroot:+($debian_chroot)}\[\033[01;32m\]\u@\h\[\033[00m\]:\[\033[01;34m\]\w\[\033[00m\]\$ /usr/bin/cmake /home/moon/sim_ws/src/bound_obstacle_detector -DCATKIN_INSTALL_INTO_PREFIX_ROOT=0 -DCMAKE_INSTALL_PREFIX=/home/moon/sim_ws/install/bound_obstacle_detector
[0.404s] INFO:colcon.colcon_core.task.python.build:Building Python package in '/home/moon/sim_ws/src/bubble_memory'
[0.405s] INFO:colcon.colcon_core.shell:Skip shell extension 'powershell' for command environment: Not usable outside of PowerShell
[0.405s] DEBUG:colcon.colcon_core.shell:Skip shell extension 'dsv' for command environment
[0.522s] INFO:colcon.colcon_core.task.python.build:Building Python package in '/home/moon/sim_ws/src/centerline_planner'
[0.522s] INFO:colcon.colcon_core.shell:Skip shell extension 'powershell' for command environment: Not usable outside of PowerShell
[0.522s] DEBUG:colcon.colcon_core.shell:Skip shell extension 'dsv' for command environment
[0.639s] INFO:colcon.colcon_core.task.python.build:Building Python package in '/home/moon/sim_ws/src/csv_obstacle'
[0.640s] INFO:colcon.colcon_core.shell:Skip shell extension 'powershell' for command environment: Not usable outside of PowerShell
[0.640s] DEBUG:colcon.colcon_core.shell:Skip shell extension 'dsv' for command environment
[0.645s] DEBUG:colcon.colcon_core.event_handler.log_command:Invoking command in '/home/moon/sim_ws/build/disparity_autodrive': CMAKE_PREFIX_PATH=${CMAKE_PREFIX_PATH}:/home/moon/sim_ws/install/bubble_memory:/home/moon/sim_ws/install/centerline_planner:/home/moon/sim_ws/install/f1tenth_gym_ros:/opt/ros/foxy PS1=\[\e]0;\u@\h: \w\a\]${debian_chroot:+($debian_chroot)}\[\033[01;32m\]\u@\h\[\033[00m\]:\[\033[01;34m\]\w\[\033[00m\]\$ /usr/bin/cmake --build /home/moon/sim_ws/build/disparity_autodrive -- -j16 -l16
[0.764s] INFO:colcon.colcon_core.task.python.build:Building Python package in '/home/moon/sim_ws/src/f1tenth_gym_ros'
[0.764s] INFO:colcon.colcon_core.shell:Skip shell extension 'powershell' for command environment: Not usable outside of PowerShell
[0.764s] DEBUG:colcon.colcon_core.shell:Skip shell extension 'dsv' for command environment
[0.770s] DEBUG:colcon.colcon_core.event_handler.log_command:Invoking command in '/home/moon/sim_ws/build/key_teleop': CMAKE_PREFIX_PATH=${CMAKE_PREFIX_PATH}:/home/moon/sim_ws/install/bubble_memory:/home/moon/sim_ws/install/centerline_planner:/home/moon/sim_ws/install/f1tenth_gym_ros:/opt/ros/foxy PS1=\[\e]0;\u@\h: \w\a\]${debian_chroot:+($debian_chroot)}\[\033[01;32m\]\u@\h\[\033[00m\]:\[\033[01;34m\]\w\[\033[00m\]\$ /usr/bin/cmake --build /home/moon/sim_ws/build/key_teleop -- -j16 -l16
[0.772s] DEBUG:colcon.colcon_core.event_handler.log_command:Invoking command in '/home/moon/sim_ws/build/nonlinear_mpc_casadi': CMAKE_PREFIX_PATH=${CMAKE_PREFIX_PATH}:/home/moon/sim_ws/install/bubble_memory:/home/moon/sim_ws/install/centerline_planner:/home/moon/sim_ws/install/f1tenth_gym_ros:/opt/ros/foxy PS1=\[\e]0;\u@\h: \w\a\]${debian_chroot:+($debian_chroot)}\[\033[01;32m\]\u@\h\[\033[00m\]:\[\033[01;34m\]\w\[\033[00m\]\$ /usr/bin/cmake --build /home/moon/sim_ws/build/nonlinear_mpc_casadi -- -j16 -l16
[0.775s] DEBUG:colcon.colcon_core.event_handler.log_command:Invoked command in '/home/moon/sim_ws/build/bound_obstacle_detector' returned '1': PS1=\[\e]0;\u@\h: \w\a\]${debian_chroot:+($debian_chroot)}\[\033[01;32m\]\u@\h\[\033[00m\]:\[\033[01;34m\]\w\[\033[00m\]\$ /usr/bin/cmake /home/moon/sim_ws/src/bound_obstacle_detector -DCATKIN_INSTALL_INTO_PREFIX_ROOT=0 -DCMAKE_INSTALL_PREFIX=/home/moon/sim_ws/install/bound_obstacle_detector
[0.776s] Level 1:colcon.colcon_core.environment:create_environment_scripts_only(bound_obstacle_detector)
[0.778s] Level 1:colcon.colcon_core.environment:checking '/home/moon/sim_ws/install/bound_obstacle_detector' for CMake module files
[0.778s] Level 1:colcon.colcon_core.environment:checking '/home/moon/sim_ws/install/bound_obstacle_detector' for CMake config files
[0.779s] Level 1:colcon.colcon_core.environment:checking '/home/moon/sim_ws/install/bound_obstacle_detector/bin'
[0.779s] Level 1:colcon.colcon_core.environment:checking '/home/moon/sim_ws/install/bound_obstacle_detector/lib/pkgconfig/bound_obstacle_detector.pc'
[0.779s] Level 1:colcon.colcon_core.environment:checking '/home/moon/sim_ws/install/bound_obstacle_detector/lib/python3.8/site-packages'
[0.779s] Level 1:colcon.colcon_core.environment:checking '/home/moon/sim_ws/install/bound_obstacle_detector/bin'
[0.779s] INFO:colcon.colcon_core.shell:Creating package script '/home/moon/sim_ws/install/bound_obstacle_detector/share/bound_obstacle_detector/package.ps1'
[0.780s] INFO:colcon.colcon_core.shell:Creating package descriptor '/home/moon/sim_ws/install/bound_obstacle_detector/share/bound_obstacle_detector/package.dsv'
[0.781s] INFO:colcon.colcon_core.shell:Creating package script '/home/moon/sim_ws/install/bound_obstacle_detector/share/bound_obstacle_detector/package.sh'
[0.781s] INFO:colcon.colcon_core.shell:Creating package script '/home/moon/sim_ws/install/bound_obstacle_detector/share/bound_obstacle_detector/package.bash'
[0.782s] INFO:colcon.colcon_core.shell:Creating package script '/home/moon/sim_ws/install/bound_obstacle_detector/share/bound_obstacle_detector/package.zsh'
[0.782s] Level 1:colcon.colcon_core.environment:create_file_with_runtime_dependencies(/home/moon/sim_ws/install/bound_obstacle_detector/share/colcon-core/packages/bound_obstacle_detector)
[0.784s] DEBUG:colcon.colcon_core.event_handler.log_command:Invoked command in '/home/moon/sim_ws/build/disparity_autodrive' returned '0': CMAKE_PREFIX_PATH=${CMAKE_PREFIX_PATH}:/home/moon/sim_ws/install/bubble_memory:/home/moon/sim_ws/install/centerline_planner:/home/moon/sim_ws/install/f1tenth_gym_ros:/opt/ros/foxy PS1=\[\e]0;\u@\h: \w\a\]${debian_chroot:+($debian_chroot)}\[\033[01;32m\]\u@\h\[\033[00m\]:\[\033[01;34m\]\w\[\033[00m\]\$ /usr/bin/cmake --build /home/moon/sim_ws/build/disparity_autodrive -- -j16 -l16
[0.791s] DEBUG:colcon.colcon_core.event_handler.log_command:Invoking command in '/home/moon/sim_ws/build/disparity_autodrive': CMAKE_PREFIX_PATH=${CMAKE_PREFIX_PATH}:/home/moon/sim_ws/install/bubble_memory:/home/moon/sim_ws/install/centerline_planner:/home/moon/sim_ws/install/f1tenth_gym_ros:/opt/ros/foxy PS1=\[\e]0;\u@\h: \w\a\]${debian_chroot:+($debian_chroot)}\[\033[01;32m\]\u@\h\[\033[00m\]:\[\033[01;34m\]\w\[\033[00m\]\$ /usr/bin/cmake --install /home/moon/sim_ws/build/disparity_autodrive
[0.820s] DEBUG:colcon.colcon_parallel_executor.executor.parallel:closing loop
[0.821s] DEBUG:colcon.colcon_parallel_executor.executor.parallel:loop closed
[0.821s] DEBUG:colcon.colcon_parallel_executor.executor.parallel:run_until_complete finished with '1'
[0.821s] DEBUG:colcon.colcon_core.event_reactor:joining thread
[0.825s] INFO:colcon.colcon_core.plugin_system:Skipping extension 'colcon_notification.desktop_notification.terminal_notifier': Not used on non-Darwin systems
[0.825s] INFO:colcon.colcon_core.plugin_system:Skipping extension 'colcon_notification.desktop_notification.win32': Not used on non-Windows systems
[0.825s] INFO:colcon.colcon_notification.desktop_notification:Sending desktop notification using 'notify2'
[0.833s] DEBUG:colcon.colcon_core.event_reactor:joined thread
[0.834s] INFO:colcon.colcon_core.shell:Creating prefix script '/home/moon/sim_ws/install/local_setup.ps1'
[0.834s] INFO:colcon.colcon_core.shell:Creating prefix util module '/home/moon/sim_ws/install/_local_setup_util_ps1.py'
[0.835s] INFO:colcon.colcon_core.shell:Creating prefix chain script '/home/moon/sim_ws/install/setup.ps1'
[0.836s] INFO:colcon.colcon_core.shell:Creating prefix script '/home/moon/sim_ws/install/local_setup.sh'
[0.836s] INFO:colcon.colcon_core.shell:Creating prefix util module '/home/moon/sim_ws/install/_local_setup_util_sh.py'
[0.836s] INFO:colcon.colcon_core.shell:Creating prefix chain script '/home/moon/sim_ws/install/setup.sh'
[0.837s] INFO:colcon.colcon_core.shell:Creating prefix script '/home/moon/sim_ws/install/local_setup.bash'
[0.837s] INFO:colcon.colcon_core.shell:Creating prefix chain script '/home/moon/sim_ws/install/setup.bash'
[0.837s] INFO:colcon.colcon_core.shell:Creating prefix script '/home/moon/sim_ws/install/local_setup.zsh'
[0.838s] INFO:colcon.colcon_core.shell:Creating prefix chain script '/home/moon/sim_ws/install/setup.zsh'
