timestamp,datetime,session_id,x,y,z,yaw,cov_xx,cov_xy,cov_xz,cov_x_roll,cov_x_pitch,cov_x_yaw,cov_yy,cov_yz,cov_y_roll,cov_y_pitch,cov_y_yaw,cov_zz,cov_z_roll,cov_z_pitch,cov_z_yaw,cov_roll_roll,cov_roll_pitch,cov_roll_yaw,cov_pitch_pitch,cov_pitch_yaw,cov_yaw_yaw,uncertainty_x,uncertainty_y,uncertainty_yaw,uncertainty_total
1758362628.8535383,2025-09-20T19:03:48.853538,20250920_190339,0.5134891362176053,0.06822232948964548,0.0,0.24904588022512678,0.010321422140278548,0.0007858305876575745,0.0,0.0,0.0,0.0,0.00037096110850312256,0.0,0.0,0.0,0.0,0.0,0.0,0.0,0.0,0.0,0.0,0.0,0.0,0.0,0.001274449165838531,0.10159440014232353,0.019260350684842747,0.03569942808839563,0.10340398081689926
1758362628.8958375,2025-09-20T19:03:48.895838,20250920_190339,0.510393018586869,0.0685739728519778,0.0,0.2499088374909898,0.010510266621543553,0.0009437289001003981,0.0,0.0,0.0,0.0,0.0003866349679381861,0.0,0.0,0.0,0.0,0.0,0.0,0.0,0.0,0.0,0.0,0.0,0.0,0.0,0.0012222313098338587,0.10251959140351445,0.01966303557282512,0.03496042490922927,0.10438822533926774
1758362628.9473605,2025-09-20T19:03:48.947361,20250920_190339,0.5134869550863493,0.0704638995990261,0.0,0.2511893339930817,0.0106565170570362,0.0009271620505111934,0.0,0.0,0.0,0.0,0.00035604514808620105,0.0,0.0,0.0,0.0,0.0,0.0,0.0,0.0,0.0,0.0,0.0,0.0,0.0,0.0011969636620589724,0.1032304076182798,0.018869158648074404,0.03459716263017781,0.104940755691592
1758362628.955383,2025-09-20T19:03:48.955383,20250920_190339,0.5183004592572046,0.07041977131178014,0.0,0.25529704060914354,0.012128141420976287,0.0010317417386496413,0.0,0.0,0.0,0.0,0.00037804721164017116,0.0,0.0,0.0,0.0,0.0,0.0,0.0,0.0,0.0,0.0,0.0,0.0,0.0,0.0009418404792847092,0.11012784126176399,0.019443436209687092,0.03068941966353729,0.11183107185669133
1758362629.0006633,2025-09-20T19:03:49.000663,20250920_190339,0.5142253286848698,0.07278994030347237,0.0,0.2589961037657282,0.012166697652048017,0.0011565208959787188,0.0,0.0,0.0,0.0,0.0004160663620660162,0.0,0.0,0.0,0.0,0.0,0.0,0.0,0.0,0.0,0.0,0.0,0.0,0.0,0.0009620095907491857,0.11030275450798142,0.020397704823484828,0.03101627944723844,0.11217292014614771
1758362629.0281796,2025-09-20T19:03:49.028180,20250920_190339,0.5137307716377627,0.07293839501500357,0.0,0.2618341476681334,0.013500094157172357,0.001232283536289076,0.0,0.0,0.0,0.0,0.0004229819388814014,0.0,0.0,0.0,0.0,0.0,0.0,0.0,0.0,0.0,0.0,0.0,0.0,0.0,0.0008469635533110551,0.11618990557347207,0.02056652471569763,0.029102638253448006,0.1179960850878272
1758362629.0422273,2025-09-20T19:03:49.042227,20250920_190339,0.512628786398046,0.07226533288229188,0.0,0.2638020710036773,0.013740776397904154,0.0012999804538449413,0.0,0.0,0.0,0.0,0.0004440084215029695,0.0,0.0,0.0,0.0,0.0,0.0,0.0,0.0,0.0,0.0,0.0,0.0,0.0,0.000795610863126745,0.11722105782624619,0.021071507338179904,0.02820657482089495,0.11909989428797627
1758362629.057829,2025-09-20T19:03:49.057829,20250920_190339,0.5143744161733864,0.07231567148556645,0.0,0.2634935855975175,0.013356052363865644,0.0012389282008472818,0.0,0.0,0.0,0.0,0.0004507086028487796,0.0,0.0,0.0,0.0,0.0,0.0,0.0,0.0,0.0,0.0,0.0,0.0,0.0,0.000834532554990751,0.11556838825503125,0.02122989879506682,0.028888277120499087,0.11750217430632687
1758362629.193676,2025-09-20T19:03:49.193676,20250920_190339,0.5150203637860788,0.07212429968285694,0.0,0.26699048219152877,0.013651324151696013,0.001241237165459274,0.0,0.0,0.0,0.0,0.00045577520351354885,0.0,0.0,0.0,0.0,0.0,0.0,0.0,0.0,0.0,0.0,0.0,0.0,0.0,0.0008412166959380907,0.11683888116417417,0.021348892325213243,0.02900373589622707,0.118773310786597
1758362629.200886,2025-09-20T19:03:49.200886,20250920_190339,0.5194207587283093,0.07315623699042519,0.0,0.2674523571885875,0.013853159048361017,0.0012282630869524178,0.0,0.0,0.0,0.0,0.0004429765363105054,0.0,0.0,0.0,0.0,0.0,0.0,0.0,0.0,0.0,0.0,0.0,0.0,0.0,0.0008935091256299536,0.11769944370455204,0.021047007775703067,0.029891623000933783,0.11956644840703233
1758362629.2072527,2025-09-20T19:03:49.207253,20250920_190339,0.5212498770030067,0.07389718265189761,0.0,0.27043663300253484,0.013369579132385855,0.0012465716807385022,0.0,0.0,0.0,0.0,0.0004614403065749764,0.0,0.0,0.0,0.0,0.0,0.0,0.0,0.0,0.0,0.0,0.0,0.0,0.0,0.0008373809126919412,0.11562689623260608,0.021481161667260374,0.02893753466852249,0.11760535463558125
1758362629.2117114,2025-09-20T19:03:49.211711,20250920_190339,0.5270812937370952,0.07428863530994126,0.0,0.27106756077394456,0.012635801643217162,0.001057625612992118,0.0,0.0,0.0,0.0,0.0004298814853573529,0.0,0.0,0.0,0.0,0.0,0.0,0.0,0.0,0.0,0.0,0.0,0.0,0.0,0.0008158575915689868,0.11240908167589113,0.020733583514611093,0.028563220959285856,0.1143052191659441
1758362629.216033,2025-09-20T19:03:49.216033,20250920_190339,0.5309995937291209,0.07621008262065662,0.0,0.2731846130447284,0.01080877904444838,0.0010132858188377594,0.0,0.0,0.0,0.0,0.0004795970211057411,0.0,0.0,0.0,0.0,0.0,0.0,0.0,0.0,0.0,0.0,0.0,0.0,0.0,0.000888795532725495,0.10396527807132716,0.021899703676208523,0.02981267402843118,0.10624676967114868
1758362629.226534,2025-09-20T19:03:49.226534,20250920_190339,0.533069594039348,0.0769700292062505,0.0,0.27272513145859334,0.0099652830180382,0.0009713394202441549,0.0,0.0,0.0,0.0,0.00047105222012079905,0.0,0.0,0.0,0.0,0.0,0.0,0.0,0.0,0.0,0.0,0.0,0.0,0.0,0.0009021678265658913,0.099826264169497,0.021703737468942972,0.030036108712113346,0.1021583831027048
1758362629.2549958,2025-09-20T19:03:49.254996,20250920_190339,0.5421851368171962,0.07806473089052354,0.0,0.2751170476864954,0.008769441154980549,0.0008157116280802605,0.0,0.0,0.0,0.0,0.00045866876620418904,0.0,0.0,0.0,0.0,0.0,0.0,0.0,0.0,0.0,0.0,0.0,0.0,0.0,0.0009035644850734154,0.09364529435577928,0.021416553555700532,0.030059349378744302,0.0960630518002876
1758362629.2590144,2025-09-20T19:03:49.259014,20250920_190339,0.5434868236769663,0.07853757648816666,0.0,0.27718188722595105,0.009693939340784727,0.0010118147887868696,0.0,0.0,0.0,0.0,0.0004952807504173443,0.0,0.0,0.0,0.0,0.0,0.0,0.0,0.0,0.0,0.0,0.0,0.0,0.0,0.0007735188434665442,0.0984578048749043,0.022254903963336806,0.027812206734931053,0.10094166677443993
1758362629.3007886,2025-09-20T19:03:49.300789,20250920_190339,0.5593634792882619,0.08133586332172969,0.0,0.2777216233282849,0.009221799768846543,0.000978529331204661,0.0,0.0,0.0,0.0,0.0004876472747935476,0.0,0.0,0.0,0.0,0.0,0.0,0.0,0.0,0.0,0.0,0.0,0.0,0.0,0.0007592810213827462,0.0960302023784525,0.02208273703129998,0.027555054370890765,0.09853652644395423
1758362629.3241801,2025-09-20T19:03:49.324180,20250920_190339,0.5700083986720164,0.08514243714551682,0.0,0.27918426167265514,0.0090283748912191,0.0010377452203069156,0.0,0.0,0.0,0.0,0.0005072403531052509,0.0,0.0,0.0,0.0,0.0,0.0,0.0,0.0,0.0,0.0,0.0,0.0,0.0,0.0008238430919422092,0.0950177609250981,0.022521997094068966,0.028702666983090774,0.09765047488017839
1758362629.3375604,2025-09-20T19:03:49.337560,20250920_190339,0.5832917477806595,0.08998544032572664,0.0,0.2792987784044748,0.00865523944798022,0.0009541077582089808,0.0,0.0,0.0,0.0,0.00048006752432133866,0.0,0.0,0.0,0.0,0.0,0.0,0.0,0.0,0.0,0.0,0.0,0.0,0.0,0.0008113226045454839,0.09303353937145581,0.021910443270763344,0.028483725257513,0.0955787998057182
1758362629.36992,2025-09-20T19:03:49.369920,20250920_190339,0.5946788765791571,0.09363463883859273,0.0,0.2798679106681914,0.007941412195360455,0.0009107811963028508,0.0,0.0,0.0,0.0,0.000486155740922459,0.0,0.0,0.0,0.0,0.0,0.0,0.0,0.0,0.0,0.0,0.0,0.0,0.0,0.0009092273336949431,0.08911460147114195,0.02204893967796318,0.030153396719025588,0.09180178612795567
1758362629.4009328,2025-09-20T19:03:49.400933,20250920_190339,0.6114912185843004,0.09915759698807987,0.0,0.2816007151065862,0.0070841884843728595,0.0008789912903296897,0.0,0.0,0.0,0.0,0.0005007388297806106,0.0,0.0,0.0,0.0,0.0,0.0,0.0,0.0,0.0,0.0,0.0,0.0,0.0,0.0010192977148622924,0.0841676213538963,0.022377194412629357,0.031926442251874736,0.0870914881842851
1758362629.423788,2025-09-20T19:03:49.423788,20250920_190339,0.6293722989381741,0.10435959929934174,0.0,0.2832761882665948,0.006830958414895532,0.0008783042162969653,0.0,0.0,0.0,0.0,0.0005216918868101906,0.0,0.0,0.0,0.0,0.0,0.0,0.0,0.0,0.0,0.0,0.0,0.0,0.0,0.0012210953386581258,0.08264961230940851,0.022840575448315453,0.03494417460261618,0.08574759647771897
1758362629.4355516,2025-09-20T19:03:49.435552,20250920_190339,0.6513877989135112,0.1121348120935658,0.0,0.28553598044004785,0.006506533514577074,0.0008197325272881504,0.0,0.0,0.0,0.0,0.0005593139499762103,0.0,0.0,0.0,0.0,0.0,0.0,0.0,0.0,0.0,0.0,0.0,0.0,0.0,0.0013635708218809179,0.08066308644341025,0.023649819237706877,0.03692655984357218,0.08405859542339073
1758362629.4728959,2025-09-20T19:03:49.472896,20250920_190339,0.6655499285772437,0.1152752632251574,0.0,0.28465320357606405,0.006233225933619058,0.0007894750547736941,0.0,0.0,0.0,0.0,0.0005221412994738023,0.0,0.0,0.0,0.0,0.0,0.0,0.0,0.0,0.0,0.0,0.0,0.0,0.0,0.0015238186242398227,0.07895078171632665,0.022850411363338784,0.03903611948234382,0.08219104107561152
1758362629.505328,2025-09-20T19:03:49.505328,20250920_190339,0.6949398814537766,0.12285155170448099,0.0,0.28251024911512046,0.006636065783530307,0.0009116612601377604,0.0,0.0,0.0,0.0,0.0005823478301512617,0.0,0.0,0.0,0.0,0.0,0.0,0.0,0.0,0.0,0.0,0.0,0.0,0.0,0.0018539058065339556,0.08146205118661269,0.024131884098662123,0.04305700647437018,0.08496124771730679
1758362629.524758,2025-09-20T19:03:49.524758,20250920_190339,0.7095093353578089,0.12624107257706504,0.0,0.2781888211590588,0.006490747944027542,0.000985473881249116,0.0,0.0,0.0,0.0,0.000588028194583672,0.0,0.0,0.0,0.0,0.0,0.0,0.0,0.0,0.0,0.0,0.0,0.0,0.0,0.00203995778633688,0.08056517823493933,0.024249292661512253,0.045165891847021904,0.08413546302607013
1758362629.5403647,2025-09-20T19:03:49.540365,20250920_190339,0.7341054465238492,0.13441000694462343,0.0,0.27333153749494515,0.0066101258412735505,0.0010729082947162967,0.0,0.0,0.0,0.0,0.0006265599704471478,0.0,0.0,0.0,0.0,0.0,0.0,0.0,0.0,0.0,0.0,0.0,0.0,0.0,0.0020497120853580197,0.08130268040645124,0.025031179965138435,0.04527374609371329,0.08506871229612388
1758362629.562617,2025-09-20T19:03:49.562617,20250920_190339,0.7487217507564913,0.13949328516251389,0.0,0.26945254088649906,0.005938087498986301,0.0011470585740562514,0.0,0.0,0.0,0.0,0.0006644638314327725,0.0,0.0,0.0,0.0,0.0,0.0,0.0,0.0,0.0,0.0,0.0,0.0,0.0,0.001960986246504202,0.07705898713963415,0.025777195957527508,0.044283024360404766,0.08125608488242018
1758362629.6020834,2025-09-20T19:03:49.602083,20250920_190339,0.7692212873022277,0.14552454362123896,0.0,0.251118729241138,0.00711765011657323,0.001474448878907099,0.0,0.0,0.0,0.0,0.000777485480561061,0.0,0.0,0.0,0.0,0.0,0.0,0.0,0.0,0.0,0.0,0.0,0.0,0.0,0.0022878929396601285,0.08436616689510808,0.027883426628753163,0.04783192385489139,0.08885457555542253
1758362629.6290736,2025-09-20T19:03:49.629074,20250920_190339,0.794807267802561,0.15440065860213179,0.0,0.24019531497139401,0.007561785704669644,0.001514854703126033,0.0,0.0,0.0,0.0,0.0008225925339538982,0.0,0.0,0.0,0.0,0.0,0.0,0.0,0.0,0.0,0.0,0.0,0.0,0.0,0.0023186116045927413,0.08695852864825648,0.02868087400958866,0.0481519636628948,0.09156625054365577
1758362629.6373634,2025-09-20T19:03:49.637363,20250920_190339,0.8337119964687479,0.1648246009413665,0.0,0.21570952895976087,0.007111529441852734,0.0014060871699045662,0.0,0.0,0.0,0.0,0.0008589825491241053,0.0,0.0,0.0,0.0,0.0,0.0,0.0,0.0,0.0,0.0,0.0,0.0,0.0,0.0026932310096210777,0.08432988463085156,0.02930840406989274,0.05189634871184174,0.08927772393479148
1758362629.6723998,2025-09-20T19:03:49.672400,20250920_190339,0.8593120024410926,0.17272355304711573,0.0,0.20179181104771352,0.007233182554951127,0.0013147694014848232,0.0,0.0,0.0,0.0,0.0008737871578063449,0.0,0.0,0.0,0.0,0.0,0.0,0.0,0.0,0.0,0.0,0.0,0.0,0.0,0.00261812727339861,0.08504811905592696,0.029559891031706205,0.05116763892733971,0.09003871230064028
1758362629.6988318,2025-09-20T19:03:49.698832,20250920_190339,0.9009449032045295,0.18346462205352365,0.0,0.1829563403350914,0.007900382974256442,0.0012997091357562127,0.0,0.0,0.0,0.0,0.0009276772154875693,0.0,0.0,0.0,0.0,0.0,0.0,0.0,0.0,0.0,0.0,0.0,0.0,0.0,0.0031593309618949826,0.08888409854555787,0.03045779400231687,0.05620792614831989,0.09395775747506967
1758362629.7138581,2025-09-20T19:03:49.713858,20250920_190339,0.9296052573902549,0.19150938049014282,0.0,0.16773660604910487,0.008210506069628252,0.0013611750290201342,0.0,0.0,0.0,0.0,0.0010203932489953084,0.0,0.0,0.0,0.0,0.0,0.0,0.0,0.0,0.0,0.0,0.0,0.0,0.0,0.003239669483610967,0.09061184287734277,0.03194359480389313,0.056918094518447884,0.09607756927932534
1758362629.7331269,2025-09-20T19:03:49.733127,20250920_190339,0.9650170870052399,0.19980182621444265,0.0,0.14182111690155635,0.009263188354877648,0.00130885040608064,0.0,0.0,0.0,0.0,0.0010019225025487686,0.0,0.0,0.0,0.0,0.0,0.0,0.0,0.0,0.0,0.0,0.0,0.0,0.0,0.003633151290780927,0.09624545887925127,0.03165315944023232,0.0602756276680793,0.10131688337797613
1758362629.7629035,2025-09-20T19:03:49.762903,20250920_190339,0.991417479361246,0.2070119063050534,0.0,0.12630385657390647,0.00853190248558968,0.0013505853046880067,0.0,0.0,0.0,0.0,0.0010783685267693065,0.0,0.0,0.0,0.0,0.0,0.0,0.0,0.0,0.0,0.0,0.0,0.0,0.0,0.004002380021156946,0.09236829805506692,0.03283852199428754,0.06326436612467516,0.09803198973987515
1758362629.8013337,2025-09-20T19:03:49.801334,20250920_190339,1.016168181740834,0.21119042636398408,0.0,0.09975232508791251,0.00931045858052539,0.0013733819118202312,0.0,0.0,0.0,0.0,0.0010587131477394474,0.0,0.0,0.0,0.0,0.0,0.0,0.0,0.0,0.0,0.0,0.0,0.0,0.0,0.004223514525260513,0.09649071758736895,0.03253787251403274,0.0649885722666725,0.10182913005748816
1758362629.8211076,2025-09-20T19:03:49.821108,20250920_190339,1.0414788849339,0.21419887046111658,0.0,0.08413543837747933,0.009722781418749445,0.0015521529721372093,0.0,0.0,0.0,0.0,0.0010856420810533712,0.0,0.0,0.0,0.0,0.0,0.0,0.0,0.0,0.0,0.0,0.0,0.0,0.0,0.0040314651786592555,0.09860416532149868,0.032949083159526174,0.06349382000367639,0.10396356813712589
1758362629.8387723,2025-09-20T19:03:49.838772,20250920_190339,1.0801431463376387,0.22136945096693708,0.0,0.08218019834206026,0.009537817746675583,0.0015516239072998316,0.0,0.0,0.0,0.0,0.0011249406923619805,0.0,0.0,0.0,0.0,0.0,0.0,0.0,0.0,0.0,0.0,0.0,0.0,0.0,0.0037165517858195026,0.09766175170800277,0.03354013554477651,0.06096352832488867,0.103260633539784
1758362629.8712313,2025-09-20T19:03:49.871231,20250920_190339,1.1093285940678186,0.22627282789534853,0.0,0.0809701028138909,0.009404833835157566,0.001344919225932535,0.0,0.0,0.0,0.0,0.001063815197879882,0.0,0.0,0.0,0.0,0.0,0.0,0.0,0.0,0.0,0.0,0.0,0.0,0.0,0.003688151863541639,0.09697852254575529,0.03261618000134108,0.060730156129732114,0.10231641624410742
1758362629.8988543,2025-09-20T19:03:49.898854,20250920_190339,1.150056338000065,0.23126856714915395,0.0,0.08660077701489374,0.00987044265004361,0.0014150235963768607,0.0,0.0,0.0,0.0,0.0010514600131950535,0.0,0.0,0.0,0.0,0.0,0.0,0.0,0.0,0.0,0.0,0.0,0.0,0.0,0.0033982781328046412,0.09935010140932725,0.03242622415877392,0.05829475218923776,0.10450790718045531
1758362629.9207098,2025-09-20T19:03:49.920710,20250920_190339,1.1728544523417577,0.2291049747438807,0.0,0.07768583707084192,0.009580673606639625,0.0012753046167535498,0.0,0.0,0.0,0.0,0.000997635225789035,0.0,0.0,0.0,0.0,0.0,0.0,0.0,0.0,0.0,0.0,0.0,0.0,0.0,0.0036142658434620964,0.09788091543625665,0.0315853641072734,0.060118764487155724,0.1028509058415562
1758362629.9479103,2025-09-20T19:03:49.947910,20250920_190339,1.2188048505135898,0.22776924665873194,0.0,0.06683386889610511,0.010208846474021066,0.0011391491523594396,0.0,0.0,0.0,0.0,0.0009128247918106575,0.0,0.0,0.0,0.0,0.0,0.0,0.0,0.0,0.0,0.0,0.0,0.0,0.0,0.003038965381668733,0.10103883646410951,0.030212990447995337,0.05512681182209554,0.10545933465479347
1758362629.958105,2025-09-20T19:03:49.958105,20250920_190339,1.244796389286865,0.22615860207548324,0.0,0.06092987746347343,0.011168315377961684,0.0012901138543341172,0.0,0.0,0.0,0.0,0.0008189744445105062,0.0,0.0,0.0,0.0,0.0,0.0,0.0,0.0,0.0,0.0,0.0,0.0,0.0,0.002606621242348877,0.10568025065243593,0.0286177295484898,0.051055080475393214,0.10948648237326922
1758362630.0138714,2025-09-20T19:03:50.013871,20250920_190339,1.282065061834503,0.22388248656191131,0.0,0.07828661867980172,0.012105041251210022,0.0014223485405580364,0.0,0.0,0.0,0.0,0.0008599841606805631,0.0,0.0,0.0,0.0,0.0,0.0,0.0,0.0,0.0,0.0,0.0,0.0,0.0,0.0028217399457023803,0.11002291239196507,0.029325486537831954,0.0531200521997332,0.11386406549869271
1758362630.0216737,2025-09-20T19:03:50.021674,20250920_190339,1.3103615577909515,0.22242960078434812,0.0,0.09416715222376468,0.012557218892927305,0.001458010374998097,0.0,0.0,0.0,0.0,0.0008416439148001507,0.0,0.0,0.0,0.0,0.0,0.0,0.0,0.0,0.0,0.0,0.0,0.0,0.0,0.0029225944247128622,0.11205899737605769,0.029011099855058075,0.054061025006124905,0.11575345700119481
1758362630.0426025,2025-09-20T19:03:50.042603,20250920_190339,1.3573062219870846,0.22574205315176463,0.0,0.12743640209591603,0.014641436949937622,0.0014892314029653036,0.0,0.0,0.0,0.0,0.0008882492337239647,0.0,0.0,0.0,0.0,0.0,0.0,0.0,0.0,0.0,0.0,0.0,0.0,0.0,0.003915190567611952,0.1210018055647833,0.029803510426189138,0.06257148366158463,0.12461816153218433
1758362630.0564,2025-09-20T19:03:50.056400,20250920_190339,1.3724957794529904,0.22459136456143788,0.0,0.14076910318168884,0.015902816142908498,0.0014526600961805448,0.0,0.0,0.0,0.0,0.0007273103376463653,0.0,0.0,0.0,0.0,0.0,0.0,0.0,0.0,0.0,0.0,0.0,0.0,0.0,0.004184304529508133,0.12610636836777314,0.026968691804504816,0.06468620045657446,0.12895784768890517
1758362630.0925934,2025-09-20T19:03:50.092593,20250920_190339,1.4212832769560328,0.22733575450576884,0.0,0.17104945951098094,0.016166868945769967,0.0014978171997767841,0.0,0.0,0.0,0.0,0.0007474650190552085,0.0,0.0,0.0,0.0,0.0,0.0,0.0,0.0,0.0,0.0,0.0,0.0,0.0,0.0049360653222971455,0.12714900292872913,0.02733980649264381,0.07025713716269077,0.1300551189489486
1758362630.124334,2025-09-20T19:03:50.124334,20250920_190339,1.4511263348732182,0.2307813506526142,0.0,0.18829402570662454,0.016028971398097093,0.0012419828084741873,0.0,0.0,0.0,0.0,0.0007068038541147378,0.0,0.0,0.0,0.0,0.0,0.0,0.0,0.0,0.0,0.0,0.0,0.0,0.0,0.005062931671693989,0.12660557411937712,0.026585782932137578,0.07115428076858053,0.129366824387908
1758362630.1356065,2025-09-20T19:03:50.135607,20250920_190339,1.493173110780278,0.23833668110257886,0.0,0.21429009114367892,0.01703734727634685,0.0012870803901255117,0.0,0.0,0.0,0.0,0.0007092854090851032,0.0,0.0,0.0,0.0,0.0,0.0,0.0,0.0,0.0,0.0,0.0,0.0,0.0,0.00573941026549665,0.13052718979717157,0.02663241275373118,0.07575889561956833,0.13321648803895092
1758362630.1555984,2025-09-20T19:03:50.155598,20250920_190339,1.5275328366092495,0.24228320023887082,0.0,0.2272849617694873,0.015850059401542927,0.0008061569320225119,0.0,0.0,0.0,0.0,0.0006416366982678477,0.0,0.0,0.0,0.0,0.0,0.0,0.0,0.0,0.0,0.0,0.0,0.0,0.0,0.006365625526971101,0.12589701903358524,0.025330548716280266,0.07978487028861488,0.12841999883122088
1758362630.2000496,2025-09-20T19:03:50.200050,20250920_190339,1.5749166212242733,0.2488409667804878,0.0,0.2487217498227647,0.017023070349548513,0.0007442413076481398,0.0,0.0,0.0,0.0,0.0007326000499961666,0.0,0.0,0.0,0.0,0.0,0.0,0.0,0.0,0.0,0.0,0.0,0.0,0.0,0.007910714127884702,0.13047248886086488,0.0270665854883132,0.08894219542986727,0.13325040487572515
1758362630.2202485,2025-09-20T19:03:50.220248,20250920_190339,1.594714497952435,0.25052826502603526,0.0,0.24686232000667374,0.019027881805182584,0.0008897644724192882,0.0,0.0,0.0,0.0,0.0006958188256017385,0.0,0.0,0.0,0.0,0.0,0.0,0.0,0.0,0.0,0.0,0.0,0.0,0.0,0.007938937779035551,0.13794158838139636,0.02637837799414017,0.08910071705118625,0.1404410930987947
1758362630.2536013,2025-09-20T19:03:50.253601,20250920_190339,1.624574378420105,0.2546555069580844,0.0,0.2374713143794113,0.020473106454834644,0.0009999572397994972,0.0,0.0,0.0,0.0,0.0007743395039725678,0.0,0.0,0.0,0.0,0.0,0.0,0.0,0.0,0.0,0.0,0.0,0.0,0.0,0.007187317809123611,0.14308426347727637,0.02782695642668396,0.08477805027908823,0.14576503681887235
1758362630.266288,2025-09-20T19:03:50.266288,20250920_190339,1.6618006743073155,0.25761860850803586,0.0,0.21890066484976567,0.017739157653671803,0.0011787703344792438,0.0,0.0,0.0,0.0,0.0007774883590383233,0.0,0.0,0.0,0.0,0.0,0.0,0.0,0.0,0.0,0.0,0.0,0.0,0.0,0.006169417485030779,0.13318842912832857,0.027883478244980903,0.07854563950360821,0.13607588328837011
1758362630.306678,2025-09-20T19:03:50.306678,20250920_190339,1.7051340865934497,0.2627188946516935,0.0,0.19874287377340674,0.016271675581167603,0.0013733085677694822,0.0,0.0,0.0,0.0,0.0007794854847263673,0.0,0.0,0.0,0.0,0.0,0.0,0.0,0.0,0.0,0.0,0.0,0.0,0.0,0.005119886659852701,0.1275604781316204,0.027919267267003396,0.07155338328725415,0.1305800944474079
1758362630.322251,2025-09-20T19:03:50.322251,20250920_190339,1.7388258066082742,0.2676835237843017,0.0,0.19488611663797686,0.014860304303790784,0.001498339309386022,0.0,0.0,0.0,0.0,0.0008162644577810307,0.0,0.0,0.0,0.0,0.0,0.0,0.0,0.0,0.0,0.0,0.0,0.0,0.0,0.004398437871578664,0.12190284780837068,0.02857034227623167,0.0663207197757885,0.12520610512899047
1758362630.3847234,2025-09-20T19:03:50.384723,20250920_190339,1.79641460887627,0.27519210140303124,0.0,0.18957636904131278,0.01431106065972345,0.0015943314995527733,0.0,0.0,0.0,0.0,0.0008070740677595658,0.0,0.0,0.0,0.0,0.0,0.0,0.0,0.0,0.0,0.0,0.0,0.0,0.0,0.0045334213429304914,0.11962884543337969,0.02840904904708297,0.06733068648788969,0.12295582429264186
1758362630.3909502,2025-09-20T19:03:50.390950,20250920_190339,1.8178483739083624,0.2787369903892613,0.0,0.18612833071974197,0.014247868402329255,0.0015612840560979304,0.0,0.0,0.0,0.0,0.0007727985145676956,0.0,0.0,0.0,0.0,0.0,0.0,0.0,0.0,0.0,0.0,0.0,0.0,0.0,0.003909770944464912,0.11936443524906928,0.027799253849117887,0.06252816121128872,0.12255883043215185
1758362630.4052362,2025-09-20T19:03:50.405236,20250920_190339,1.853185969208854,0.2879609777076689,0.0,0.1502625680394618,0.01547263495180316,0.0018451875310878175,0.0,0.0,0.0,0.0,0.0009097908623085865,0.0,0.0,0.0,0.0,0.0,0.0,0.0,0.0,0.0,0.0,0.0,0.0,0.0,0.004406303522820184,0.12438904675172634,0.030162739635327996,0.06637999339273984,0.12799385068866295
1758362630.4210815,2025-09-20T19:03:50.421082,20250920_190339,1.889557619606656,0.29374191119411625,0.0,0.1292430885974265,0.014231733354075642,0.0018643993646310704,0.0,0.0,0.0,0.0,0.0009305094634521707,0.0,0.0,0.0,0.0,0.0,0.0,0.0,0.0,0.0,0.0,0.0,0.0,0.0,0.004400424709391288,0.11929682876789158,0.030504253202662913,0.06633569709734939,0.12313505925416941
1758362630.4455764,2025-09-20T19:03:50.445576,20250920_190339,1.9384057738345604,0.3016918008291835,0.0,0.09443682851120258,0.015303178487128106,0.0022762841191040647,0.0,0.0,0.0,0.0,0.001034184099336834,0.0,0.0,0.0,0.0,0.0,0.0,0.0,0.0,0.0,0.0,0.0,0.0,0.0,0.005163082702666107,0.12370601637401515,0.032158732862736274,0.07185459416534275,0.12781769277555022
1758362630.4644685,2025-09-20T19:03:50.464468,20250920_190339,1.9580441256675212,0.3065567894767677,0.0,0.07698384086100177,0.015071339569333823,0.0022236858464469143,0.0,0.0,0.0,0.0,0.001107056516489552,0.0,0.0,0.0,0.0,0.0,0.0,0.0,0.0,0.0,0.0,0.0,0.0,0.0,0.005735061314180667,0.12276538424708254,0.03327245882842974,0.07573018760164713,0.12719432411009296
1758362630.5109508,2025-09-20T19:03:50.510951,20250920_190339,1.9929487422881234,0.30915966465010897,0.0,0.05343431901301606,0.01681316415287913,0.002570196635406458,0.0,0.0,0.0,0.0,0.00119811580036641,0.0,0.0,0.0,0.0,0.0,0.0,0.0,0.0,0.0,0.0,0.0,0.0,0.0,0.006022096463781414,0.1296655858463576,0.034613809388254424,0.07760216790645358,0.13420610996987262
1758362630.5186522,2025-09-20T19:03:50.518652,20250920_190339,2.023249147324963,0.31237266587782025,0.0,0.02854081556232606,0.017837892326537888,0.0026615534365962324,0.0,0.0,0.0,0.0,0.001311265309798896,0.0,0.0,0.0,0.0,0.0,0.0,0.0,0.0,0.0,0.0,0.0,0.0,0.0,0.006262655476107124,0.13355857264338328,0.03621139751237027,0.07913694128602093,0.13838048141387854
1758362630.558905,2025-09-20T19:03:50.558905,20250920_190339,2.06815679972184,0.3163827290100611,0.0,-0.0011898412749913089,0.021911777362102845,0.0031661329668930807,0.0,0.0,0.0,0.0,0.0014025581801929165,0.0,0.0,0.0,0.0,0.0,0.0,0.0,0.0,0.0,0.0,0.0,0.0,0.0,0.006662841874808963,0.14802627254005568,0.03745074338638576,0.0816262327613431,0.15269032563425805
1758362630.5797994,2025-09-20T19:03:50.579799,20250920_190339,2.0832162265246725,0.31776682989236155,0.0,-0.019562009952122036,0.02368965570716465,0.003149893567046437,0.0,0.0,0.0,0.0,0.0014727609127771892,0.0,0.0,0.0,0.0,0.0,0.0,0.0,0.0,0.0,0.0,0.0,0.0,0.0,0.008294046286174169,0.15391444281536626,0.038376567235452276,0.09107165468011531,0.15862665797381548
1758362630.6038024,2025-09-20T19:03:50.603802,20250920_190339,2.1197310964205607,0.320615859273508,0.0,-0.04150097815431199,0.02542342437722858,0.002854633168658125,0.0,0.0,0.0,0.0,0.0015224112985452677,0.0,0.0,0.0,0.0,0.0,0.0,0.0,0.0,0.0,0.0,0.0,0.0,0.0,0.009259500888346648,0.15944724637706537,0.0390180893758942,0.09622630039831444,0.16415186771941964
1758362630.6189165,2025-09-20T19:03:50.618917,20250920_190339,2.1492195240707206,0.3241726705663673,0.0,-0.04211074719256882,0.026581846749074454,0.0032854631660818273,0.0,0.0,0.0,0.0,0.0016258483873541544,0.0,0.0,0.0,0.0,0.0,0.0,0.0,0.0,0.0,0.0,0.0,0.0,0.0,0.01023107430204096,0.16303940244331877,0.04032181031841396,0.10114877311189177,0.16795146660993648
1758362630.6367023,2025-09-20T19:03:50.636702,20250920_190339,2.2027877481302593,0.33039703039895174,0.0,-0.04554358972577215,0.025019562042394906,0.003116081559461139,0.0,0.0,0.0,0.0,0.0018317367382627223,0.0,0.0,0.0,0.0,0.0,0.0,0.0,0.0,0.0,0.0,0.0,0.0,0.0,0.011683584898395213,0.15817573152160513,0.04279879365429267,0.10809063279671931,0.1638636591214099
1758362630.658882,2025-09-20T19:03:50.658882,20250920_190339,2.231712159681734,0.3370335328264333,0.0,-0.028564845640938537,0.02342260924047522,0.002563402301315155,0.0,0.0,0.0,0.0,0.0016881845192715107,0.0,0.0,0.0,0.0,0.0,0.0,0.0,0.0,0.0,0.0,0.0,0.0,0.0,0.009946481124989543,0.1530444681799222,0.0410875226713842,0.099732046629905,0.15846385631981424
1758362630.699109,2025-09-20T19:03:50.699109,20250920_190339,2.2730416799196838,0.3402062338099294,0.0,-0.03586151281051089,0.021993172794281025,0.0023471602074228576,0.0,0.0,0.0,0.0,0.0017882969263540748,0.0,0.0,0.0,0.0,0.0,0.0,0.0,0.0,0.0,0.0,0.0,0.0,0.0,0.008390037294130594,0.14830095345034375,0.042288259911635935,0.09159714675758517,0.1542124175306097
1758362630.7193658,2025-09-20T19:03:50.719366,20250920_190339,2.3008345255092397,0.3446004591633404,0.0,-0.038267442655365254,0.021756064299215623,0.0020220746611134457,0.0,0.0,0.0,0.0,0.0016194863396736053,0.0,0.0,0.0,0.0,0.0,0.0,0.0,0.0,0.0,0.0,0.0,0.0,0.0,0.006955833287976154,0.1474993705044724,0.04024284209239707,0.08340163840102996,0.1528906492853282
1758362630.7419767,2025-09-20T19:03:50.741977,20250920_190339,2.340537721390089,0.3423394772314596,0.0,-0.0548917060698179,0.02080568551605442,0.0015515730348282311,0.0,0.0,0.0,0.0,0.001654552856732193,0.0,0.0,0.0,0.0,0.0,0.0,0.0,0.0,0.0,0.0,0.0,0.0,0.0,0.006753176630966542,0.14424176065222727,0.040676195209633274,0.08217771371221362,0.14986740263575202
1758362630.7644162,2025-09-20T19:03:50.764416,20250920_190339,2.3845199651470605,0.343185952724097,0.0,-0.06304200361206827,0.02173072252935046,0.0017505322898217642,0.0,0.0,0.0,0.0,0.0015455841977398278,0.0,0.0,0.0,0.0,0.0,0.0,0.0,0.0,0.0,0.0,0.0,0.0,0.0,0.006056443109069668,0.14741344080290122,0.039313918626102735,0.07782315278289403,0.15256574558887814
1758362630.796573,2025-09-20T19:03:50.796573,20250920_190339,2.4171281869148977,0.3423630854026468,0.0,-0.07544789637126177,0.021313420449683762,0.0018335732814269592,0.0,0.0,0.0,0.0,0.0014011489663925867,0.0,0.0,0.0,0.0,0.0,0.0,0.0,0.0,0.0,0.0,0.0,0.0,0.0,0.006003720206101356,0.14599116565629497,0.037431924428121335,0.07748367703007748,0.15071353428301104
1758362630.8200452,2025-09-20T19:03:50.820045,20250920_190339,2.4439968410497337,0.3372791836277553,0.0,-0.08811334722747094,0.0233864461633115,0.0018761744945353257,0.0,0.0,0.0,0.0,0.0014397244135999773,0.0,0.0,0.0,0.0,0.0,0.0,0.0,0.0,0.0,0.0,0.0,0.0,0.0,0.005615197510737479,0.15292627688958985,0.03794370057862013,0.07493462157599436,0.15756322723564492
1758362630.8492756,2025-09-20T19:03:50.849276,20250920_190339,2.487886754771707,0.3312749096170031,0.0,-0.08086118055362543,0.0196084854129209,0.000980902048194365,0.0,0.0,0.0,0.0,0.001453145381859538,0.0,0.0,0.0,0.0,0.0,0.0,0.0,0.0,0.0,0.0,0.0,0.0,0.0,0.004512106681589935,0.1400303017668708,0.03812014404300616,0.06717221658982182,0.14512625811609847
1758362630.8704476,2025-09-20T19:03:50.870448,20250920_190339,2.5209009599829337,0.32863507236663075,0.0,-0.053335237524127665,0.019754603963083196,0.0010388893174471563,0.0,0.0,0.0,0.0,0.0015248049887327617,0.0,0.0,0.0,0.0,0.0,0.0,0.0,0.0,0.0,0.0,0.0,0.0,0.0,0.0054152160204999494,0.14055107243661713,0.0390487514362849,0.07358815135944066,0.1458746343673771
1758362630.902199,2025-09-20T19:03:50.902199,20250920_190339,2.583250246441903,0.3212945715708944,0.0,-0.02384638317209446,0.02040716019351999,0.0008243630994523728,0.0,0.0,0.0,0.0,0.0016561609699541693,0.0,0.0,0.0,0.0,0.0,0.0,0.0,0.0,0.0,0.0,0.0,0.0,0.0,0.005975848155404768,0.1428536320627515,0.04069595766110154,0.07730361023525853,0.1485372719672546
1758362630.9147034,2025-09-20T19:03:50.914703,20250920_190339,2.614273307184768,0.31639583467074256,0.0,-0.012220212485822998,0.020129337762336514,0.00044037546216177246,0.0,0.0,0.0,0.0,0.0015929488204786642,0.0,0.0,0.0,0.0,0.0,0.0,0.0,0.0,0.0,0.0,0.0,0.0,0.0,0.005837489962002741,0.14187789737071985,0.039911762933735016,0.07640346825899162,0.14738482480504964
1758362630.959054,2025-09-20T19:03:50.959054,20250920_190339,2.6783055628677945,0.31062485337138623,0.0,0.01629569590075371,0.021120382031894928,0.0005641977506409678,0.0,0.0,0.0,0.0,0.0017171936723494891,0.0,0.0,0.0,0.0,0.0,0.0,0.0,0.0,0.0,0.0,0.0,0.0,0.0,0.006548205549197169,0.1453285313759653,0.04143903561075582,0.08092098336770982,0.15112106307277096
1758362630.9718628,2025-09-20T19:03:50.971863,20250920_190339,2.723021939164074,0.3026729160517172,0.0,0.0360358011751105,0.0206348998225555,0.0006669750054341598,0.0,0.0,0.0,0.0,0.0017983134965865234,0.0,0.0,0.0,0.0,0.0,0.0,0.0,0.0,0.0,0.0,0.0,0.0,0.0,0.007136993534565404,0.14364852878660297,0.04240652658007401,0.08448072877624462,0.1497772122825833
1758362630.996381,2025-09-20T19:03:50.996381,20250920_190339,2.759745249970408,0.29565335512260277,0.0,0.04451024305597216,0.019098129988207636,0.00054301471907741,0.0,0.0,0.0,0.0,0.0018728971795408226,0.0,0.0,0.0,0.0,0.0,0.0,0.0,0.0,0.0,0.0,0.0,0.0,0.0,0.007723452684279894,0.1381959839800261,0.043276982098349036,0.0878831763438253,0.1448137671899618
1758362631.0274694,2025-09-20T19:03:51.027469,20250920_190339,2.803645911501511,0.2876379147634191,0.0,0.05294108264617254,0.01998131831308207,0.0002431751744519889,0.0,0.0,0.0,0.0,0.001824413702870854,0.0,0.0,0.0,0.0,0.0,0.0,0.0,0.0,0.0,0.0,0.0,0.0,0.0,0.008378768974208398,0.1413552910685768,0.04271315608651337,0.09153561587823833,0.14766764038188232
1758362631.044047,2025-09-20T19:03:51.044047,20250920_190339,2.8555208237533276,0.28458133931263263,0.0,0.08548717092756729,0.019648544668106067,2.6182804879273556e-05,0.0,0.0,0.0,0.0,0.0018915093042876298,0.0,0.0,0.0,0.0,0.0,0.0,0.0,0.0,0.0,0.0,0.0,0.0,0.0,0.009231505686588435,0.14017326659568888,0.043491485422869035,0.09608072484420814,0.1467653023449129
1758362631.0665116,2025-09-20T19:03:51.066512,20250920_190339,2.894027816695828,0.2812901828091508,0.0,0.089465990351236,0.01769518265927608,-0.00012298749136713472,0.0,0.0,0.0,0.0,0.0017114895972825876,0.0,0.0,0.0,0.0,0.0,0.0,0.0,0.0,0.0,0.0,0.0,0.0,0.0,0.009483578691713878,0.13302324104935978,0.041370153459741814,0.09738366747927436,0.13930783271790093
1758362631.0962691,2025-09-20T19:03:51.096269,20250920_190339,2.948058015157943,0.2820463121825505,0.0,0.1227721860221303,0.01717053598958211,-7.099720066700096e-05,0.0,0.0,0.0,0.0,0.0019412999782574907,0.0,0.0,0.0,0.0,0.0,0.0,0.0,0.0,0.0,0.0,0.0,0.0,0.0,0.010273852370498713,0.1310363918519665,0.044060185862720674,0.10136001366662652,0.13824556400781762
1758362631.1261141,2025-09-20T19:03:51.126114,20250920_190339,3.00768957468573,0.2797636444067575,0.0,0.14382180871161296,0.02035654624745965,-0.0003765682650472513,0.0,0.0,0.0,0.0,0.0016860286434254605,0.0,0.0,0.0,0.0,0.0,0.0,0.0,0.0,0.0,0.0,0.0,0.0,0.0,0.00957118015377315,0.14267636891741972,0.04106127912553943,0.09783240850440691,0.14846742030117285
1758362631.141668,2025-09-20T19:03:51.141668,20250920_190339,3.044005787895566,0.2810849091989668,0.0,0.15992255192399266,0.02069090757044335,-0.0003857608447178372,0.0,0.0,0.0,0.0,0.001712698657596358,0.0,0.0,0.0,0.0,0.0,0.0,0.0,0.0,0.0,0.0,0.0,0.0,0.0,0.008384165702850851,0.1438433438517172,0.041384763592370054,0.09156508997893711,0.1496783425484118
1758362631.1566901,2025-09-20T19:03:51.156690,20250920_190339,3.0765631989138504,0.2810443575836551,0.0,0.1779420818055721,0.019476461990194125,-0.00039159594304381774,0.0,0.0,0.0,0.0,0.0016689083141420904,0.0,0.0,0.0,0.0,0.0,0.0,0.0,0.0,0.0,0.0,0.0,0.0,0.0,0.008284251803564669,0.1395580953946926,0.04085227428359516,0.09101786529887783,0.14541447762976084
1758362631.200562,2025-09-20T19:03:51.200562,20250920_190339,3.1178542115922516,0.28517301184056376,0.0,0.2101735521379382,0.01944030962640342,-0.0003085411698284425,0.0,0.0,0.0,0.0,0.001512049575279544,0.0,0.0,0.0,0.0,0.0,0.0,0.0,0.0,0.0,0.0,0.0,0.0,0.0,0.00761774765826713,0.13942851080895693,0.03888508165453101,0.08727970931589502,0.1447492977588595
1758362631.2151124,2025-09-20T19:03:51.215112,20250920_190339,3.1355943728036046,0.2874825885412229,0.0,0.2259334729840564,0.017905520288707594,-0.00012666456243387578,0.0,0.0,0.0,0.0,0.0015310968957736363,0.0,0.0,0.0,0.0,0.0,0.0,0.0,0.0,0.0,0.0,0.0,0.0,0.0,0.007072012168712562,0.133811510299778,0.03912923326329863,0.08409525651731233,0.13941526883552327
1758362631.2434118,2025-09-20T19:03:51.243412,20250920_190339,3.163611003121276,0.29432036456450705,0.0,0.2469625581906868,0.02004916180674811,-0.00016052363802143588,0.0,0.0,0.0,0.0,0.0016685187381965036,0.0,0.0,0.0,0.0,0.0,0.0,0.0,0.0,0.0,0.0,0.0,0.0,0.0,0.007128367322289107,0.14159506279086184,0.040847505899338624,0.0844296590203295,0.14736919808747218
1758362631.2874253,2025-09-20T19:03:51.287425,20250920_190339,3.209449091150495,0.3021574880007934,0.0,0.27730179226484103,0.020592924059661278,0.0008880396216637839,0.0,0.0,0.0,0.0,0.0018634458124625471,0.0,0.0,0.0,0.0,0.0,0.0,0.0,0.0,0.0,0.0,0.0,0.0,0.0,0.006989901473257813,0.14350234862071518,0.043167647752252465,0.08360563063130265,0.14985449566871134
1758362631.304184,2025-09-20T19:03:51.304184,20250920_190339,3.22873357180183,0.30803423062059504,0.0,0.2822810801604617,0.022316754476256705,0.0007389699877879365,0.0,0.0,0.0,0.0,0.001936520436116762,0.0,0.0,0.0,0.0,0.0,0.0,0.0,0.0,0.0,0.0,0.0,0.0,0.0,0.006694317368904217,0.14938793283346785,0.04400591364938083,0.08181880816110815,0.15573462977890776
1758362631.320854,2025-09-20T19:03:51.320854,20250920_190339,3.2569856641141484,0.31804239131130535,0.0,0.2728526561486161,0.020182737073907425,0.0008375814636030266,0.0,0.0,0.0,0.0,0.001742603851874899,0.0,0.0,0.0,0.0,0.0,0.0,0.0,0.0,0.0,0.0,0.0,0.0,0.0,0.006055454334417738,0.14206596029277183,0.04174450684670857,0.0778167998212323,0.1480720801697009
1758362631.3351774,2025-09-20T19:03:51.335177,20250920_190339,3.266953488828834,0.31936735131579175,0.0,0.25573261353948173,0.017428890578859626,0.00013736327991304795,0.0,0.0,0.0,0.0,0.0014840040242295575,0.0,0.0,0.0,0.0,0.0,0.0,0.0,0.0,0.0,0.0,0.0,0.0,0.0,0.005111933448863939,0.1320185236202088,0.03852277280037819,0.07149778632142353,0.13752416007047338
1758362631.3592966,2025-09-20T19:03:51.359297,20250920_190339,3.280723251497951,0.3257478581572181,0.0,0.22928928067619897,0.017119966630562762,0.0005205249756410393,0.0,0.0,0.0,0.0,0.00136690761691219,0.0,0.0,0.0,0.0,0.0,0.0,0.0,0.0,0.0,0.0,0.0,0.0,0.0,0.005221826713431725,0.13084329035362402,0.0369717137405367,0.07226220805809717,0.1359664452998421
1758362631.398827,2025-09-20T19:03:51.398827,20250920_190339,3.3282325019426118,0.3396634531479054,0.0,0.20181861104574392,0.016789201663946453,0.001137815376387844,0.0,0.0,0.0,0.0,0.0016932768470522548,0.0,0.0,0.0,0.0,0.0,0.0,0.0,0.0,0.0,0.0,0.0,0.0,0.0,0.006976007263482046,0.129573151786728,0.041149445282436733,0.08352249555348575,0.13595027955469127
1758362631.4147289,2025-09-20T19:03:51.414729,20250920_190339,3.3766903338741066,0.35025409350666775,0.0,0.1762101913075025,0.015496592355149353,0.001388965333844891,0.0,0.0,0.0,0.0,0.001770839312325124,0.0,0.0,0.0,0.0,0.0,0.0,0.0,0.0,0.0,0.0,0.0,0.0,0.0,0.007473122700064165,0.1244853097965754,0.042081341617457066,0.08644722494137197,0.13140559983301503
1758362631.442753,2025-09-20T19:03:51.442753,20250920_190339,3.401027678053365,0.35651163617652437,0.0,0.1602552027782291,0.015263507595958695,0.0012395099033521335,0.0,0.0,0.0,0.0,0.0017124617049759491,0.0,0.0,0.0,0.0,0.0,0.0,0.0,0.0,0.0,0.0,0.0,0.0,0.0,0.007869981209261363,0.12354556890458959,0.0413819006931285,0.08871291455735948,0.13029186199043533
1758362631.4828444,2025-09-20T19:03:51.482844,20250920_190339,3.434847008470318,0.3659218492692157,0.0,0.13127407931026291,0.019524418572855282,0.0017696037345599524,0.0,0.0,0.0,0.0,0.0017852000722976616,0.0,0.0,0.0,0.0,0.0,0.0,0.0,0.0,0.0,0.0,0.0,0.0,0.0,0.010246115667187345,0.1397298055994328,0.042251628043161384,0.10122309848639956,0.14597814440919896
1758362631.4927714,2025-09-20T19:03:51.492771,20250920_190339,3.448378405220183,0.37114958606460763,0.0,0.11738817125323421,0.020892291805640388,0.0025713402144367224,0.0,0.0,0.0,0.0,0.0020063267752718984,0.0,0.0,0.0,0.0,0.0,0.0,0.0,0.0,0.0,0.0,0.0,0.0,0.0,0.011078537674566997,0.1445416611418327,0.04479203919528445,0.10525463255632503,0.15132289509823782
1758362631.52769,2025-09-20T19:03:51.527690,20250920_190339,3.475966028589245,0.37751205595221005,0.0,0.1138225827441846,0.020486693744352573,0.0027689950292030894,0.0,0.0,0.0,0.0,0.001967523249145298,0.0,0.0,0.0,0.0,0.0,0.0,0.0,0.0,0.0,0.0,0.0,0.0,0.0,0.011680537025917374,0.14313173562963796,0.0443567723030576,0.10807653318790983,0.14984731226651304
1758362631.5475016,2025-09-20T19:03:51.547502,20250920_190339,3.523825243597053,0.38693370235535257,0.0,0.09777783992573694,0.023033267259909326,0.003913495949455311,0.0,0.0,0.0,0.0,0.002337898962332574,0.0,0.0,0.0,0.0,0.0,0.0,0.0,0.0,0.0,0.0,0.0,0.0,0.0,0.014569821952393518,0.15176714815766068,0.048351824808714035,0.12070551748944006,0.1592832892121515
1758362631.5845907,2025-09-20T19:03:51.584591,20250920_190339,3.5636445077342485,0.3950981701918204,0.0,0.07780568594297783,0.022089958967356226,0.004125289393739355,0.0,0.0,0.0,0.0,0.0025222548956037737,0.0,0.0,0.0,0.0,0.0,0.0,0.0,0.0,0.0,0.0,0.0,0.0,0.0,0.015528666706850115,0.1486269119889,0.050222055867952815,0.12461407106282225,0.15688280295481719
1758362631.5964842,2025-09-20T19:03:51.596484,20250920_190339,3.5913994085135523,0.3994759721915551,0.0,0.0726487285717512,0.019938960625875256,0.0042719730759249765,0.0,0.0,0.0,0.0,0.00257716002200979,0.0,0.0,0.0,0.0,0.0,0.0,0.0,0.0,0.0,0.0,0.0,0.0,0.0,0.017356275304261662,0.141205384549865,0.05076573669326379,0.13174321729888663,0.15005372587138596
1758362631.6210465,2025-09-20T19:03:51.621047,20250920_190339,3.6353917816841315,0.40894422775938577,0.0,0.06645891617081474,0.02004280958021705,0.004477137460198065,0.0,0.0,0.0,0.0,0.0025130521126977786,0.0,0.0,0.0,0.0,0.0,0.0,0.0,0.0,0.0,0.0,0.0,0.0,0.0,0.017771675503041276,0.14157263005333004,0.050130351212591545,0.13331044783902452,0.15018609021116047
1758362631.6474853,2025-09-20T19:03:51.647485,20250920_190339,3.646521629110457,0.4110953988585919,0.0,0.09189244461919888,0.01758221723368569,0.003883211740464883,0.0,0.0,0.0,0.0,0.0021053247264708926,0.0,0.0,0.0,0.0,0.0,0.0,0.0,0.0,0.0,0.0,0.0,0.0,0.0,0.016999343468212236,0.13259795335406083,0.04588381769721099,0.13038153039526817,0.14031230152825724
1758362631.6846702,2025-09-20T19:03:51.684670,20250920_190339,3.674081373361882,0.4173871768540739,0.0,0.12256352585150722,0.013926203154423158,0.0029826561264895027,0.0,0.0,0.0,0.0,0.0017879406937651868,0.0,0.0,0.0,0.0,0.0,0.0,0.0,0.0,0.0,0.0,0.0,0.0,0.0,0.01553793887657808,0.11800933503084897,0.0422840477457538,0.12465126905321935,0.12535606825434636
1758362631.7017734,2025-09-20T19:03:51.701773,20250920_190339,3.7061699261393666,0.42811537179708536,0.0,0.16609484677898295,0.013399107873145816,0.003101176459138672,0.0,0.0,0.0,0.0,0.001640096670501416,0.0,0.0,0.0,0.0,0.0,0.0,0.0,0.0,0.0,0.0,0.0,0.0,0.0,0.011951532015831661,0.1157545155626588,0.0404981069989872,0.10932306259811633,0.12263443457547815
1758362631.7182477,2025-09-20T19:03:51.718248,20250920_190339,3.7346948849821633,0.4370631048030827,0.0,0.200159282676686,0.011634113641419017,0.002953372878730675,0.0,0.0,0.0,0.0,0.001490146335172317,0.0,0.0,0.0,0.0,0.0,0.0,0.0,0.0,0.0,0.0,0.0,0.0,0.0,0.008450736180251807,0.10786154848424445,0.03860241359257627,0.09192788575971823,0.11456116260143022
1758362631.7463193,2025-09-20T19:03:51.746319,20250920_190339,3.7693748410375982,0.44753872004932077,0.0,0.24319309994455512,0.010960692896945708,0.003092421108773793,0.0,0.0,0.0,0.0,0.0015600752536488812,0.0,0.0,0.0,0.0,0.0,0.0,0.0,0.0,0.0,0.0,0.0,0.0,0.0,0.007458622667187634,0.10469332785304758,0.03949778795893361,0.0863633178333697,0.11189623832191406
1758362631.7833333,2025-09-20T19:03:51.783333,20250920_190339,3.816182016858883,0.45959597538410457,0.0,0.2829446378943231,0.011365273416915832,0.0032397018637193363,0.0,0.0,0.0,0.0,0.0016023254938914032,0.0,0.0,0.0,0.0,0.0,0.0,0.0,0.0,0.0,0.0,0.0,0.0,0.0,0.006201390516184163,0.10660803636178574,0.04002905811896407,0.07874890803169377,0.1138753656890165
1758362631.7995622,2025-09-20T19:03:51.799562,20250920_190339,3.8402745688643254,0.4665992058688295,0.0,0.30502615298907604,0.010360573003147609,0.003167354657609398,0.0,0.0,0.0,0.0,0.0016213618048064678,0.0,0.0,0.0,0.0,0.0,0.0,0.0,0.0,0.0,0.0,0.0,0.0,0.0,0.006588896077379634,0.10178689995843085,0.0402661371974823,0.0811720153586175,0.10946202450144103
1758362631.8286378,2025-09-20T19:03:51.828638,20250920_190339,3.878386754065126,0.4754386256528664,0.0,0.33742064408907996,0.012399480192877609,0.003542262772950117,0.0,0.0,0.0,0.0,0.0017038404810133133,0.0,0.0,0.0,0.0,0.0,0.0,0.0,0.0,0.0,0.0,0.0,0.0,0.0,0.007088215926110402,0.1113529532292593,0.04127760265583884,0.0841915430795184,0.11875740260670457
1758362631.8429291,2025-09-20T19:03:51.842929,20250920_190339,3.9040496695273936,0.4811276927773795,0.0,0.3525631078243279,0.013102508373114769,0.0036809338179629343,0.0,0.0,0.0,0.0,0.0018378536849557642,0.0,0.0,0.0,0.0,0.0,0.0,0.0,0.0,0.0,0.0,0.0,0.0,0.0,0.0073344445261540004,0.1144661887769256,0.042870195765307206,0.08564137158029407,0.12223077377678067
1758362631.864111,2025-09-20T19:03:51.864111,20250920_190339,3.9285558689133335,0.4864224226096612,0.0,0.3704567123011373,0.014142767363140811,0.0039202383964653835,0.0,0.0,0.0,0.0,0.0019531409758647336,0.0,0.0,0.0,0.0,0.0,0.0,0.0,0.0,0.0,0.0,0.0,0.0,0.0,0.007907845300275673,0.11892336760763551,0.04419435457006623,0.08892606648376881,0.12686965097692018
1758362631.8963838,2025-09-20T19:03:51.896384,20250920_190339,3.9688064803249037,0.49870750500365296,0.0,0.4000070418677731,0.016026185268628066,0.004731202060756785,0.0,0.0,0.0,0.0,0.0023193128481604273,0.0,0.0,0.0,0.0,0.0,0.0,0.0,0.0,0.0,0.0,0.0,0.0,0.0,0.007962258590426945,0.12659457045477135,0.0481592446801279,0.08923148878297921,0.13544555406800363
1758362631.9143064,2025-09-20T19:03:51.914306,20250920_190339,4.010862973730211,0.5119859866208789,0.0,0.42434920452561137,0.01661149865640026,0.004813284089930439,0.0,0.0,0.0,0.0,0.002477530189431445,0.0,0.0,0.0,0.0,0.0,0.0,0.0,0.0,0.0,0.0,0.0,0.0,0.0,0.008027828188188769,0.12888560298342192,0.04977479472013365,0.0895981483524563,0.1381630516666149
1758362631.9408805,2025-09-20T19:03:51.940881,20250920_190339,4.046124328127153,0.5197000045531869,0.0,0.4331207606276906,0.019581002317089688,0.005308232907554032,0.0,0.0,0.0,0.0,0.0027234763974489577,0.0,0.0,0.0,0.0,0.0,0.0,0.0,0.0,0.0,0.0,0.0,0.0,0.0,0.008282517501759961,0.13993213468353038,0.052186937038390724,0.09100833753980984,0.14934684032325105
1758362631.9792542,2025-09-20T19:03:51.979254,20250920_190339,4.098250062825708,0.5338663322527588,0.0,0.450882727732009,0.021984488495666036,0.005618388171393565,0.0,0.0,0.0,0.0,0.0030123801957811294,0.0,0.0,0.0,0.0,0.0,0.0,0.0,0.0,0.0,0.0,0.0,0.0,0.0,0.009550689860764851,0.148271671251342,0.05488515460287171,0.09772763099945098,0.15810398063125156
1758362631.997126,2025-09-20T19:03:51.997126,20250920_190339,4.1166737950916374,0.5384583438748698,0.0,0.46223922296271164,0.020409761541221243,0.005402102980963408,0.0,0.0,0.0,0.0,0.0032212496039798213,0.0,0.0,0.0,0.0,0.0,0.0,0.0,0.0,0.0,0.0,0.0,0.0,0.0,0.011401521737832085,0.1428627367133265,0.05675605345670029,0.10677790847283011,0.1537238145025066
1758362632.0222373,2025-09-20T19:03:52.022237,20250920_190339,4.1590601066811494,0.5535083031407786,0.0,0.4882857414417608,0.02197709063400111,0.006212479501791359,0.0,0.0,0.0,0.0,0.003993438074608016,0.0,0.0,0.0,0.0,0.0,0.0,0.0,0.0,0.0,0.0,0.0,0.0,0.0,0.013098197008766292,0.14824672216950063,0.06319365533507312,0.11444735474778914,0.1611537424592092
1758362632.0399365,2025-09-20T19:03:52.039937,20250920_190339,4.177143085742957,0.557663571388526,0.0,0.49111278686222654,0.02114071952552526,0.006072999678616672,0.0,0.0,0.0,0.0,0.0038956943135406152,0.0,0.0,0.0,0.0,0.0,0.0,0.0,0.0,0.0,0.0,0.0,0.0,0.0,0.015301282002413506,0.1453984852930912,0.06241549738278639,0.12369835084759015,0.1582289917779478
1758362632.0781138,2025-09-20T19:03:52.078114,20250920_190339,4.2067595268716325,0.5621417876080019,0.0,0.4993266229776394,0.022875724162304496,0.006691970661381566,0.0,0.0,0.0,0.0,0.0044216136804259365,0.0,0.0,0.0,0.0,0.0,0.0,0.0,0.0,0.0,0.0,0.0,0.0,0.0,0.01612244061748624,0.15124722861032694,0.06649521547018204,0.1269741730332836,0.16521906016779792
1758362632.1020508,2025-09-20T19:03:52.102051,20250920_190339,4.231794403852274,0.5631124380099267,0.0,0.4866347155919053,0.020385763522990867,0.005115679315125228,0.0,0.0,0.0,0.0,0.0035858541737684288,0.0,0.0,0.0,0.0,0.0,0.0,0.0,0.0,0.0,0.0,0.0,0.0,0.0,0.015868140228433216,0.1427787222347604,0.05988200208550503,0.12596880656905984,0.15482770325997636
1758362632.1378174,2025-09-20T19:03:52.137817,20250920_190339,4.271768098204552,0.5706406204328757,0.0,0.4951943779178802,0.020618370063624866,0.0055122308498727745,0.0,0.0,0.0,0.0,0.004047373359647694,0.0,0.0,0.0,0.0,0.0,0.0,0.0,0.0,0.0,0.0,0.0,0.0,0.0,0.01727252239449667,0.14359098183251226,0.06361897012407301,0.13142496868744794,0.1570533139518952
1758362632.1452403,2025-09-20T19:03:52.145240,20250920_190339,4.285906094942402,0.5691823031042815,0.0,0.4885668028073776,0.02010230953133122,0.005557889945595477,0.0,0.0,0.0,0.0,0.003894474422030985,0.0,0.0,0.0,0.0,0.0,0.0,0.0,0.0,0.0,0.0,0.0,0.0,0.0,0.01454770308390747,0.14178261364261566,0.06240572427294619,0.12061385941883905,0.1549089537546562
1758362632.178065,2025-09-20T19:03:52.178065,20250920_190339,4.32359312035183,0.5784706631830329,0.0,0.5025180303758409,0.0219548778616739,0.006253573806042485,0.0,0.0,0.0,0.0,0.004015006757211082,0.0,0.0,0.0,0.0,0.0,0.0,0.0,0.0,0.0,0.0,0.0,0.0,0.0,0.012463116517954093,0.14817178497161293,0.06336408097030274,0.11163832907184743,0.16115174407646038
1758362632.1928225,2025-09-20T19:03:52.192822,20250920_190339,4.344358839832904,0.5835853265299441,0.0,0.5106207639218524,0.020346261104392197,0.006015187595318873,0.0,0.0,0.0,0.0,0.0034724054139064504,0.0,0.0,0.0,0.0,0.0,0.0,0.0,0.0,0.0,0.0,0.0,0.0,0.0,0.009443178830265088,0.14264032075255648,0.05892711951136294,0.09717601983136111,0.15433297288103617
1758362632.214887,2025-09-20T19:03:52.214887,20250920_190339,4.392062114650591,0.6007775415768706,0.0,0.5196765570633868,0.021161304431074255,0.006428036721195437,0.0,0.0,0.0,0.0,0.0033352265067585884,0.0,0.0,0.0,0.0,0.0,0.0,0.0,0.0,0.0,0.0,0.0,0.0,0.0,0.008350837092752056,0.14546925596521848,0.05775141995447894,0.09138291466544529,0.1565136765200819
1758362632.2406473,2025-09-20T19:03:52.240647,20250920_190339,4.419483761176177,0.6129844666652645,0.0,0.5021580316906937,0.01997206710059191,0.006224848850700361,0.0,0.0,0.0,0.0,0.0030746073080243903,0.0,0.0,0.0,0.0,0.0,0.0,0.0,0.0,0.0,0.0,0.0,0.0,0.0,0.0059480975438625655,0.14132256401789456,0.05544914163469431,0.07712391032528476,0.15181131185987526
1758362632.2798216,2025-09-20T19:03:52.279822,20250920_190339,4.44271737897218,0.6297631200083159,0.0,0.4858974881821409,0.017485024860708395,0.005738923900383069,0.0,0.0,0.0,0.0,0.002905268637108807,0.0,0.0,0.0,0.0,0.0,0.0,0.0,0.0,0.0,0.0,0.0,0.0,0.0,0.006254924762578671,0.13223095273311916,0.05390054394075079,0.07908808230434387,0.1427945849737209
1758362632.3021078,2025-09-20T19:03:52.302108,20250920_190339,4.445540497093418,0.6361275156311662,0.0,0.4777811131200806,0.015620017652306523,0.005200960001528264,0.0,0.0,0.0,0.0,0.0027987942996274447,0.0,0.0,0.0,0.0,0.0,0.0,0.0,0.0,0.0,0.0,0.0,0.0,0.0,0.0061345012695075175,0.12498006902025027,0.052903632196924295,0.07832305707457746,0.13571592372280405
1758362632.3148508,2025-09-20T19:03:52.314851,20250920_190339,4.473718038277125,0.6562131002927457,0.0,0.45767799865957487,0.014916713869084405,0.0054377151639498295,0.0,0.0,0.0,0.0,0.0033815933427602373,0.0,0.0,0.0,0.0,0.0,0.0,0.0,0.0,0.0,0.0,0.0,0.0,0.0,0.0071314790275554115,0.12213399964417937,0.058151468964766806,0.08444808480691206,0.1352712357149318
1758362632.344669,2025-09-20T19:03:52.344669,20250920_190339,4.489123544420253,0.6698462575128228,0.0,0.44715096987980535,0.013734401435593315,0.005051950833004876,0.0,0.0,0.0,0.0,0.0033015595455620217,0.0,0.0,0.0,0.0,0.0,0.0,0.0,0.0,0.0,0.0,0.0,0.0,0.0,0.006915912508613443,0.11719386261913768,0.05745919896380406,0.08316196551677602,0.1305218793197345
1758362632.37684,2025-09-20T19:03:52.376840,20250920_190339,4.517189103688078,0.6911499803106419,0.0,0.43355961967074114,0.012643404147249227,0.005435931154437909,0.0,0.0,0.0,0.0,0.0037692210192583624,0.0,0.0,0.0,0.0,0.0,0.0,0.0,0.0,0.0,0.0,0.0,0.0,0.0,0.006876567757080098,0.11244289282675551,0.06139398194659117,0.08292507315088783,0.12811176825923365
1758362632.4126818,2025-09-20T19:03:52.412682,20250920_190339,4.54809800913164,0.7110015805365716,0.0,0.43489024664575354,0.011340699407375145,0.004865971516443193,0.0,0.0,0.0,0.0,0.0036584856699497215,0.0,0.0,0.0,0.0,0.0,0.0,0.0,0.0,0.0,0.0,0.0,0.0,0.0,0.0066773090965370945,0.10649271997359794,0.060485417002362825,0.08171480341123691,0.12247116018608163
1758362632.445394,2025-09-20T19:03:52.445394,20250920_190339,4.576715710991025,0.7296173237161274,0.0,0.4558103481536443,0.010027328035518283,0.004168695859843274,0.0,0.0,0.0,0.0,0.0032156092039912426,0.0,0.0,0.0,0.0,0.0,0.0,0.0,0.0,0.0,0.0,0.0,0.0,0.0,0.006622930209866621,0.10013654695224058,0.05670634183220817,0.08138138736754627,0.11507796157175156
1758362632.4563797,2025-09-20T19:03:52.456380,20250920_190339,4.588166574984987,0.7390937570484652,0.0,0.4869002864649961,0.00874909282806871,0.0037333037820819195,0.0,0.0,0.0,0.0,0.0029681906759796797,0.0,0.0,0.0,0.0,0.0,0.0,0.0,0.0,0.0,0.0,0.0,0.0,0.0,0.006669329242815529,0.09353658550571915,0.05448110384325633,0.0816659613475255,0.10824640180647295
1758362632.4832819,2025-09-20T19:03:52.483282,20250920_190339,4.629916038420683,0.7663383874199575,0.0,0.5280820427097196,0.00698272050280571,0.003379992724884519,0.0,0.0,0.0,0.0,0.002905336099568275,0.0,0.0,0.0,0.0,0.0,0.0,0.0,0.0,0.0,0.0,0.0,0.0,0.0,0.006664980397649688,0.08356267410037636,0.05390116974211483,0.08163933119305723,0.09943870776701588
1758362632.5051837,2025-09-20T19:03:52.505184,20250920_190339,4.6505813883340394,0.7825180029273119,0.0,0.5638224493230186,0.007193321155564511,0.003711801830381063,0.0,0.0,0.0,0.0,0.0030296066560476635,0.0,0.0,0.0,0.0,0.0,0.0,0.0,0.0,0.0,0.0,0.0,0.0,0.0,0.005179016052479829,0.08481344914319021,0.05504186275960928,0.07196538093055459,0.10110849524947038
1758362632.5337698,2025-09-20T19:03:52.533770,20250920_190339,4.68970475868492,0.8061921067523312,0.0,0.6021765752172223,0.00824513128293588,0.004300101301656165,0.0,0.0,0.0,0.0,0.0034200739849575682,0.0,0.0,0.0,0.0,0.0,0.0,0.0,0.0,0.0,0.0,0.0,0.0,0.0,0.005472603814267966,0.09080270526221056,0.05848139862347316,0.07397704924007152,0.1080055797998115
1758362632.5462768,2025-09-20T19:03:52.546277,20250920_190339,4.7083898129212285,0.8159608057905018,0.0,0.6138879031390879,0.008223013816760934,0.004493589114068506,0.0,0.0,0.0,0.0,0.003613266310452215,0.0,0.0,0.0,0.0,0.0,0.0,0.0,0.0,0.0,0.0,0.0,0.0,0.0,0.005803305731215387,0.09068083489227993,0.060110450925377486,0.07617943115576137,0.10879466957168972
1758362632.5793316,2025-09-20T19:03:52.579332,20250920_190339,4.74960049262061,0.8407536595117485,0.0,0.6425209183424652,0.008214952777308222,0.0043184481579322045,0.0,0.0,0.0,0.0,0.003640371476601411,0.0,0.0,0.0,0.0,0.0,0.0,0.0,0.0,0.0,0.0,0.0,0.0,0.0,0.005637679520127286,0.09063637667795543,0.06033549101980865,0.0750844825521711,0.10888215764719963
1758362632.5951653,2025-09-20T19:03:52.595165,20250920_190339,4.78679114988237,0.8669153357424001,0.0,0.666411058311118,0.007353732579180945,0.003948966581247883,0.0,0.0,0.0,0.0,0.0035041627798094253,0.0,0.0,0.0,0.0,0.0,0.0,0.0,0.0,0.0,0.0,0.0,0.0,0.0,0.0059326734455270175,0.08575390707822557,0.059195969286847776,0.07702384984877747,0.10420122532384335
1758362632.612975,2025-09-20T19:03:52.612975,20250920_190339,4.828877618478901,0.894025527508378,0.0,0.68982879558132,0.008612292331690568,0.005016431611048398,0.0,0.0,0.0,0.0,0.004518473688590174,0.0,0.0,0.0,0.0,0.0,0.0,0.0,0.0,0.0,0.0,0.0,0.0,0.0,0.006101013259349692,0.09280243709995212,0.06721959304094435,0.07810898321799926,0.11458955458627432
1758362632.6592767,2025-09-20T19:03:52.659277,20250920_190339,4.860594794615363,0.9137558023276584,0.0,0.705606207826142,0.008555997784442958,0.005111117246794778,0.0,0.0,0.0,0.0,0.004894341058718248,0.0,0.0,0.0,0.0,0.0,0.0,0.0,0.0,0.0,0.0,0.0,0.0,0.0,0.006489277254743994,0.09249863666261766,0.0699595673136866,0.08055605039191031,0.11597559589483128
1758362632.6767273,2025-09-20T19:03:52.676727,20250920_190339,4.893715062092274,0.9389673031275468,0.0,0.7329853605029941,0.00826525984595275,0.005281914997737243,0.0,0.0,0.0,0.0,0.005388098504868722,0.0,0.0,0.0,0.0,0.0,0.0,0.0,0.0,0.0,0.0,0.0,0.0,0.0,0.006717067772221432,0.09091347450159822,0.07340366819763657,0.08195771941813311,0.1168475859862816
1758362632.7004588,2025-09-20T19:03:52.700459,20250920_190339,4.918004030720649,0.9585281929380425,0.0,0.7506215084495054,0.008299737126215656,0.005336593447032268,0.0,0.0,0.0,0.0,0.005627356520072304,0.0,0.0,0.0,0.0,0.0,0.0,0.0,0.0,0.0,0.0,0.0,0.0,0.0,0.0066252650773730255,0.09110289307269916,0.07501570848877123,0.08139573132156885,0.11801310794266863
1758362632.7179742,2025-09-20T19:03:52.717974,20250920_190339,4.955091950844187,0.9875479398374525,0.0,0.7725451994955165,0.007627848146734305,0.005289441810223955,0.0,0.0,0.0,0.0,0.00602690595472966,0.0,0.0,0.0,0.0,0.0,0.0,0.0,0.0,0.0,0.0,0.0,0.0,0.0,0.006929041167309315,0.08733755290099617,0.07763314984418486,0.08324086236524292,0.11685355836029969
1758362632.7353818,2025-09-20T19:03:52.735382,20250920_190339,4.984839464089187,1.0079783519299992,0.0,0.7904138538722973,0.0061837967223901625,0.004171310571781057,0.0,0.0,0.0,0.0,0.005246367339718794,0.0,0.0,0.0,0.0,0.0,0.0,0.0,0.0,0.0,0.0,0.0,0.0,0.0,0.00646379796287441,0.07863712051181784,0.07243181165564475,0.080397748493813,0.10691194536677816
1758362632.7770026,2025-09-20T19:03:52.777003,20250920_190339,5.021795126222032,1.0454497848124114,0.0,0.8280534957768797,0.006158908239671485,0.004133087651096837,0.0,0.0,0.0,0.0,0.005229265476931919,0.0,0.0,0.0,0.0,0.0,0.0,0.0,0.0,0.0,0.0,0.0,0.0,0.0,0.006306130942744589,0.07847871201588036,0.07231366037569885,0.07941115124933393,0.10671538650355629
1758362632.7975686,2025-09-20T19:03:52.797569,20250920_190339,5.040265935601297,1.0661911047582648,0.0,0.8502525680660495,0.005839045281944073,0.003965007207703215,0.0,0.0,0.0,0.0,0.0052936341896471515,0.0,0.0,0.0,0.0,0.0,0.0,0.0,0.0,0.0,0.0,0.0,0.0,0.0,0.0050909434250730095,0.07641364591448357,0.07275736519176015,0.07135084740262732,0.10551151345512595
1758362632.8200276,2025-09-20T19:03:52.820028,20250920_190339,5.068722604081239,1.0970636948088404,0.0,0.8859742743701263,0.006327454099495215,0.004970360646988544,0.0,0.0,0.0,0.0,0.006658337031504437,0.0,0.0,0.0,0.0,0.0,0.0,0.0,0.0,0.0,0.0,0.0,0.0,0.0,0.005893789388347243,0.07954529589796756,0.08159863376003569,0.07677101919570459,0.11395521546203864
1758362632.8320525,2025-09-20T19:03:52.832052,20250920_190339,5.086089351776839,1.1181993996541575,0.0,0.9085561264805304,0.005378725939905917,0.004346035712713406,0.0,0.0,0.0,0.0,0.006451182246077496,0.0,0.0,0.0,0.0,0.0,0.0,0.0,0.0,0.0,0.0,0.0,0.0,0.0,0.005771687269795303,0.07333979779018972,0.08031925202638217,0.07597162147667577,0.10876538137653641
1758362632.8794866,2025-09-20T19:03:52.879487,20250920_190339,5.1120034638745375,1.1452556204447155,0.0,0.9375718595045524,0.005774030460090898,0.0047918106017810005,0.0,0.0,0.0,0.0,0.007118202377732133,0.0,0.0,0.0,0.0,0.0,0.0,0.0,0.0,0.0,0.0,0.0,0.0,0.0,0.006058131138774588,0.0759870413958255,0.08436943983298771,0.07783399731977401,0.11354396874261102
1758362632.9086428,2025-09-20T19:03:52.908643,20250920_190339,5.128009392840888,1.1679121713861758,0.0,0.9553728345750072,0.005092285008101031,0.004516210793762732,0.0,0.0,0.0,0.0,0.007319670629805061,0.0,0.0,0.0,0.0,0.0,0.0,0.0,0.0,0.0,0.0,0.0,0.0,0.0,0.005717261509513556,0.07136024809444703,0.08555507366489179,0.07561257507527142,0.11140895672209704
1758362632.9173403,2025-09-20T19:03:52.917340,20250920_190339,5.156091091147453,1.2038302585555893,0.0,0.9894112931762279,0.0048986599239148046,0.004664036425650483,0.0,0.0,0.0,0.0,0.00836956425945676,0.0,0.0,0.0,0.0,0.0,0.0,0.0,0.0,0.0,0.0,0.0,0.0,0.0,0.006089089576257896,0.0699904273734259,0.09148532264498366,0.07803261866846387,0.11518777792531447
1758362632.9440858,2025-09-20T19:03:52.944086,20250920_190339,5.17417199174542,1.2268584687203505,0.0,1.015140309091037,0.004467346644672003,0.004434258139387434,0.0,0.0,0.0,0.0,0.007928351740414084,0.0,0.0,0.0,0.0,0.0,0.0,0.0,0.0,0.0,0.0,0.0,0.0,0.0,0.005157656397693067,0.06683821245868267,0.08904129233346787,0.07181682531059881,0.11133597076006518
1758362632.9905863,2025-09-20T19:03:52.990586,20250920_190339,5.194089733300303,1.259604374179106,0.0,1.0499460518402195,0.003896525865878261,0.0043645353561513065,0.0,0.0,0.0,0.0,0.00902237961742379,0.0,0.0,0.0,0.0,0.0,0.0,0.0,0.0,0.0,0.0,0.0,0.0,0.0,0.004683798113869576,0.062422158452574046,0.09498620751153185,0.06843827959460683,0.11366136319480798
1758362633.0015173,2025-09-20T19:03:53.001517,20250920_190339,5.210065784003524,1.2836765473631377,0.0,1.0756772973772344,0.0036643459027385908,0.003787326885656661,0.0,0.0,0.0,0.0,0.007839697271496256,0.0,0.0,0.0,0.0,0.0,0.0,0.0,0.0,0.0,0.0,0.0,0.0,0.0,0.004542742260155872,0.06053384097129961,0.08854206498323978,0.06739986839865396,0.10725690268805475
1758362633.0313318,2025-09-20T19:03:53.031332,20250920_190339,5.233030937798433,1.3266902701700274,0.0,1.1143225793399332,0.003669326253778624,0.0038955329591498153,0.0,0.0,0.0,0.0,0.008349045583953591,0.0,0.0,0.0,0.0,0.0,0.0,0.0,0.0,0.0,0.0,0.0,0.0,0.0,0.005228467866636768,0.06057496391892136,0.091373111930992,0.07230814523023509,0.10962833501304403
1758362633.0389154,2025-09-20T19:03:53.038915,20250920_190339,5.243740463675663,1.3491691576226943,0.0,1.1419714424440999,0.003162580838483572,0.003586240517631487,0.0,0.0,0.0,0.0,0.008772100291307598,0.0,0.0,0.0,0.0,0.0,0.0,0.0,0.0,0.0,0.0,0.0,0.0,0.0,0.005152787324891044,0.056236828133204415,0.09365949119714241,0.07178291805778757,0.10924596619459764
1758362633.0799675,2025-09-20T19:03:53.079967,20250920_190339,5.258774552980196,1.3830622056788526,0.0,1.1782125598200295,0.0034417152478719787,0.004050446509160157,0.0,0.0,0.0,0.0,0.010485844056812039,0.0,0.0,0.0,0.0,0.0,0.0,0.0,0.0,0.0,0.0,0.0,0.0,0.0,0.006034078688956471,0.05866613373891259,0.10240041043283,0.0776793324440708,0.11801508083581529
1758362633.096466,2025-09-20T19:03:53.096466,20250920_190339,5.277819270222939,1.4175547967824293,0.0,1.211505379068905,0.003367316732496044,0.004191859378229298,0.0,0.0,0.0,0.0,0.010855838891556792,0.0,0.0,0.0,0.0,0.0,0.0,0.0,0.0,0.0,0.0,0.0,0.0,0.0,0.006991350612498424,0.05802858547729769,0.1041913570866451,0.08361429669917952,0.11926087214192606
1758362633.1128573,2025-09-20T19:03:53.112857,20250920_190339,5.292559382474901,1.4573051195753648,0.0,1.24336731867231,0.0031207146155853996,0.004149431525621257,0.0,0.0,0.0,0.0,0.012160655498744143,0.0,0.0,0.0,0.0,0.0,0.0,0.0,0.0,0.0,0.0,0.0,0.0,0.0,0.006607684654756847,0.05586335664445343,0.11027536215648599,0.0812876660678411,0.12361783898098826
1758362633.143346,2025-09-20T19:03:53.143346,20250920_190339,5.3028153928552495,1.4832542532729058,0.0,1.2712098841475383,0.0028882323439569342,0.0039788213237015105,0.0,0.0,0.0,0.0,0.013567638245221765,0.0,0.0,0.0,0.0,0.0,0.0,0.0,0.0,0.0,0.0,0.0,0.0,0.0,0.005759099132028898,0.05374227706337846,0.11648020537937664,0.07588872862308933,0.12828043728167868
1758362633.1828704,2025-09-20T19:03:53.182870,20250920_190339,5.317563951184355,1.5243821633011312,0.0,1.3148548606641306,0.0028412552317679074,0.003572866154313616,0.0,0.0,0.0,0.0,0.012757238835206356,0.0,0.0,0.0,0.0,0.0,0.0,0.0,0.0,0.0,0.0,0.0,0.0,0.0,0.005936076697013374,0.05330342607907964,0.1129479474590236,0.0770459388742416,0.12489393126559138
1758362633.2037847,2025-09-20T19:03:53.203785,20250920_190339,5.327649849719111,1.5664013386385873,0.0,1.3526569387671,0.0026566511571317133,0.0032667799236439153,0.0,0.0,0.0,0.0,0.012773305641929791,0.0,0.0,0.0,0.0,0.0,0.0,0.0,0.0,0.0,0.0,0.0,0.0,0.0,0.005946238756855104,0.051542711969120455,0.11301904990721605,0.07711185873038663,0.12421737720247318
1758362633.2355247,2025-09-20T19:03:53.235525,20250920_190339,5.328776091551621,1.5864011389299384,0.0,1.3814006809235364,0.0024136402978154445,0.002948145565704412,0.0,0.0,0.0,0.0,0.013512048049422888,0.0,0.0,0.0,0.0,0.0,0.0,0.0,0.0,0.0,0.0,0.0,0.0,0.0,0.0062180720844575805,0.04912881331576659,0.11624133537353606,0.07885475308729069,0.1261970219428269
1758362633.243857,2025-09-20T19:03:53.243857,20250920_190339,5.335894229297741,1.6231954744601602,0.0,1.4100912873797697,0.0020993917420236855,0.00239148653917507,0.0,0.0,0.0,0.0,0.012949585342536256,0.0,0.0,0.0,0.0,0.0,0.0,0.0,0.0,0.0,0.0,0.0,0.0,0.0,0.006163041992555791,0.045819119830303214,0.1137962448525269,0.07850504437649718,0.12267427230091867
1758362633.2769423,2025-09-20T19:03:53.276942,20250920_190339,5.34211307039942,1.672763906407526,0.0,1.446271317352912,0.0019650669488197967,0.002475592371626319,0.0,0.0,0.0,0.0,0.01435386985175116,0.0,0.0,0.0,0.0,0.0,0.0,0.0,0.0,0.0,0.0,0.0,0.0,0.0,0.006980179907275769,0.04432907565943369,0.11980763686740156,0.08354747098072908,0.1277455940554153
1758362633.2977676,2025-09-20T19:03:53.297768,20250920_190339,5.34645997608016,1.7079787488906586,0.0,1.4835443543707225,0.0018636225787152232,0.002187396164234581,0.0,0.0,0.0,0.0,0.015132756508985615,0.0,0.0,0.0,0.0,0.0,0.0,0.0,0.0,0.0,0.0,0.0,0.0,0.0,0.0068823495710940786,0.04316969514271815,0.12301526941394558,0.08295992750174074,0.1303701617997801
1758362633.331553,2025-09-20T19:03:53.331553,20250920_190339,5.355894291487507,1.7535930244879439,0.0,1.5251883997407405,0.0018990576879180385,0.002412841127919608,0.0,0.0,0.0,0.0,0.018841340729024623,0.0,0.0,0.0,0.0,0.0,0.0,0.0,0.0,0.0,0.0,0.0,0.0,0.0,0.006505660065106477,0.04357817903398487,0.1372637633500722,0.08065767207839858,0.14401527147126675
1758362633.3653727,2025-09-20T19:03:53.365373,20250920_190339,5.3603210515929005,1.796762886621608,0.0,1.5532772059754034,0.0019344119386188589,0.0022112976534805905,0.0,0.0,0.0,0.0,0.016736212812652865,0.0,0.0,0.0,0.0,0.0,0.0,0.0,0.0,0.0,0.0,0.0,0.0,0.0,0.005982305981849836,0.043981950145700215,0.1293685155385686,0.07734536819907083,0.1366404945514752
1758362633.3841527,2025-09-20T19:03:53.384153,20250920_190339,5.35936951347817,1.8331142530764828,0.0,1.5989378523965472,0.001927967858553952,0.0017986321066541268,0.0,0.0,0.0,0.0,0.016725406183345264,0.0,0.0,0.0,0.0,0.0,0.0,0.0,0.0,0.0,0.0,0.0,0.0,0.0,0.0051951395046051785,0.04390863079798722,0.12932674194978108,0.07207731615845014,0.13657735552389064
1758362633.4028583,2025-09-20T19:03:53.402858,20250920_190339,5.359215938540613,1.856773021393174,0.0,1.6283021636493955,0.0019359510513199008,0.0016792572178770094,0.0,0.0,0.0,0.0,0.0167148985982396,0.0,0.0,0.0,0.0,0.0,0.0,0.0,0.0,0.0,0.0,0.0,0.0,0.0,0.004322879275964341,0.04399944376148295,0.12928611138958276,0.06574860664656203,0.13656811359010382
1758362633.428079,2025-09-20T19:03:53.428079,20250920_190339,5.354336089579915,1.9109291136007929,0.0,1.672143114411762,0.0016467141967884261,0.000991213396681915,0.0,0.0,0.0,0.0,0.01761912894906185,0.0,0.0,0.0,0.0,0.0,0.0,0.0,0.0,0.0,0.0,0.0,0.0,0.0,0.004324931526001693,0.04057972642574647,0.13273706697475973,0.06576421158960011,0.13880145224690654
1758362633.4489233,2025-09-20T19:03:53.448923,20250920_190339,5.348982371750933,1.9299062544330843,0.0,1.6963120569237473,0.0014645448008219833,0.0007650599123144609,0.0,0.0,0.0,0.0,0.01767652999695661,0.0,0.0,0.0,0.0,0.0,0.0,0.0,0.0,0.0,0.0,0.0,0.0,0.0,0.004466420139473386,0.03826937157600035,0.13295311202433965,0.06683128114493532,0.13835127320620721
1758362633.487948,2025-09-20T19:03:53.487948,20250920_190339,5.3419851210643365,1.9705378309609858,0.0,1.7358285303596832,0.0013054971305506435,-3.0158053040141796e-05,0.0,0.0,0.0,0.0,0.015199323790448634,0.0,0.0,0.0,0.0,0.0,0.0,0.0,0.0,0.0,0.0,0.0,0.0,0.0,0.00491755944745149,0.03613166382206393,0.12328553763701822,0.07012531245885105,0.1284710898256852
1758362633.5025496,2025-09-20T19:03:53.502550,20250920_190339,5.333595574574606,2.0125709274098433,0.0,1.77437723342367,0.001373131260756312,-0.00042253515978338214,0.0,0.0,0.0,0.0,0.014370493994881573,0.0,0.0,0.0,0.0,0.0,0.0,0.0,0.0,0.0,0.0,0.0,0.0,0.0,0.004787788985521862,0.03705578579326462,0.11987699526965787,0.06919385077824375,0.12547360382023737
1758362633.5266347,2025-09-20T19:03:53.526635,20250920_190339,5.327075806278008,2.0567976499186025,0.0,1.8177187118772442,0.0014832592633373628,-0.000919059669500637,0.0,0.0,0.0,0.0,0.01322600503668427,0.0,0.0,0.0,0.0,0.0,0.0,0.0,0.0,0.0,0.0,0.0,0.0,0.0,0.004318672450785159,0.03851310508563757,0.11500436964169783,0.06571660711559263,0.12128175584160064
1758362633.545143,2025-09-20T19:03:53.545143,20250920_190339,5.320809941063895,2.0804514498198716,0.0,1.8516306643041018,0.0017443194949052544,-0.0015900935633905023,0.0,0.0,0.0,0.0,0.01336471173806383,0.0,0.0,0.0,0.0,0.0,0.0,0.0,0.0,0.0,0.0,0.0,0.0,0.0,0.004282496482852871,0.04176505111819276,0.11560584647008053,0.06544078608064599,0.12291879934724828
1758362633.5847037,2025-09-20T19:03:53.584704,20250920_190339,5.308411745786946,2.1315202490909746,0.0,1.900048501118645,0.002126401909823838,-0.002051786963586161,0.0,0.0,0.0,0.0,0.012683652960269786,0.0,0.0,0.0,0.0,0.0,0.0,0.0,0.0,0.0,0.0,0.0,0.0,0.0,0.004388307101786057,0.04611292562637767,0.1126217250812195,0.0662442986360793,0.1216965688509484
1758362633.603674,2025-09-20T19:03:53.603674,20250920_190339,5.299199089661357,2.152656131909859,0.0,1.9270244414824196,0.0023281056404535327,-0.0025669610793797116,0.0,0.0,0.0,0.0,0.013005121806383958,0.0,0.0,0.0,0.0,0.0,0.0,0.0,0.0,0.0,0.0,0.0,0.0,0.0,0.0041455545800933025,0.04825044704926093,0.11404000090487529,0.06438598123887919,0.12382740991734217
1758362633.6316915,2025-09-20T19:03:53.631691,20250920_190339,5.288311379944398,2.1824610119128445,0.0,1.9720250806527655,0.002349550481488908,-0.002771744489086067,0.0,0.0,0.0,0.0,0.01334008205626729,0.0,0.0,0.0,0.0,0.0,0.0,0.0,0.0,0.0,0.0,0.0,0.0,0.0,0.005042298360585769,0.04847216192299357,0.11549927296856587,0.07100914279573983,0.12525826335119053
1758362633.6388886,2025-09-20T19:03:53.638889,20250920_190339,5.278252665713081,2.2090184408825047,0.0,1.9966366554382853,0.002293032745035474,-0.002487701457101431,0.0,0.0,0.0,0.0,0.012029915165717648,0.0,0.0,0.0,0.0,0.0,0.0,0.0,0.0,0.0,0.0,0.0,0.0,0.0,0.005423108483607403,0.04788562148532139,0.10968096993424907,0.07364175774387384,0.11967851900300706
1758362633.675642,2025-09-20T19:03:53.675642,20250920_190339,5.2605644385440264,2.2413103929444107,0.0,2.0423864346231757,0.0025435268132875315,-0.002562373953130067,0.0,0.0,0.0,0.0,0.01205240788994282,0.0,0.0,0.0,0.0,0.0,0.0,0.0,0.0,0.0,0.0,0.0,0.0,0.0,0.005137763663418362,0.0504333898651234,0.10978345909080667,0.07167819517411388,0.12081363624703277
1758362633.6913095,2025-09-20T19:03:53.691309,20250920_190339,5.247795740352047,2.267433164321775,0.0,2.0743042979982516,0.00262676113210918,-0.0025438153603675163,0.0,0.0,0.0,0.0,0.011153603237408213,0.0,0.0,0.0,0.0,0.0,0.0,0.0,0.0,0.0,0.0,0.0,0.0,0.0,0.004925871525150188,0.05125193783759966,0.10561062085514038,0.07018455332300824,0.11738979670106509
1758362633.7205904,2025-09-20T19:03:53.720590,20250920_190339,5.229161283588979,2.2992707594894655,0.0,2.1133494759391986,0.0030738042301479006,-0.0030940981517270354,0.0,0.0,0.0,0.0,0.012079674093788179,0.0,0.0,0.0,0.0,0.0,0.0,0.0,0.0,0.0,0.0,0.0,0.0,0.0,0.0051418334435211835,0.05544189959000233,0.10990757068459014,0.07170657880223531,0.12309946516510979
1758362633.742242,2025-09-20T19:03:53.742242,20250920_190339,5.215198067292734,2.324464448408933,0.0,2.1421217512463886,0.0031370839646949152,-0.0030683825837765823,0.0,0.0,0.0,0.0,0.011921430428873274,0.0,0.0,0.0,0.0,0.0,0.0,0.0,0.0,0.0,0.0,0.0,0.0,0.0,0.00532919209549192,0.056009677420021935,0.10918530317251161,0.07300131571069059,0.12271313863465554
1758362633.7784066,2025-09-20T19:03:53.778407,20250920_190339,5.190776875026062,2.358349342286598,0.0,2.181323032699641,0.0033765444280648015,-0.003196844562047254,0.0,0.0,0.0,0.0,0.011435826354436919,0.0,0.0,0.0,0.0,0.0,0.0,0.0,0.0,0.0,0.0,0.0,0.0,0.0,0.005733548377144768,0.05810804099317754,0.10693842319034313,0.07572019794707861,0.12170608358870857
1758362633.7970715,2025-09-20T19:03:53.797071,20250920_190339,5.1755573894089855,2.3798980701914187,0.0,2.2057579551200943,0.0035268425305193933,-0.003340973419839994,0.0,0.0,0.0,0.0,0.011076304386414989,0.0,0.0,0.0,0.0,0.0,0.0,0.0,0.0,0.0,0.0,0.0,0.0,0.0,0.005644217501496933,0.05938722531419862,0.10524402304366262,0.07512800743728622,0.12084348106925082
1758362633.8142238,2025-09-20T19:03:53.814224,20250920_190339,5.150772984116854,2.4158449203698784,0.0,2.2485005229701334,0.004389119072839502,-0.0042030221066523986,0.0,0.0,0.0,0.0,0.011550140706998077,0.0,0.0,0.0,0.0,0.0,0.0,0.0,0.0,0.0,0.0,0.0,0.0,0.0,0.0055181287148514955,0.0662504269634506,0.10747158092722968,0.0742841080908393,0.12625078130386988
1758362633.8334806,2025-09-20T19:03:53.833481,20250920_190339,5.131074924574814,2.437721356000594,0.0,2.2772227868919055,0.004407335718845286,-0.004880306791723767,0.0,0.0,0.0,0.0,0.012075168317681014,0.0,0.0,0.0,0.0,0.0,0.0,0.0,0.0,0.0,0.0,0.0,0.0,0.0,0.0053290665342469795,0.06638776784050873,0.10988707074847802,0.07300045571259799,0.12838420477818252
1758362633.8818138,2025-09-20T19:03:53.881814,20250920_190339,5.107021630849386,2.469330863430374,0.0,2.3141162658277037,0.004358128620295987,-0.004691973324600481,0.0,0.0,0.0,0.0,0.011416733457065092,0.0,0.0,0.0,0.0,0.0,0.0,0.0,0.0,0.0,0.0,0.0,0.0,0.0,0.004814790355621522,0.06601612394177643,0.10684911537801842,0.0693886904014013,0.1255980178082484
1758362633.8979425,2025-09-20T19:03:53.897943,20250920_190339,5.093870214904986,2.483255953048174,0.0,2.340113516985957,0.004169673900110599,-0.004306268861023868,0.0,0.0,0.0,0.0,0.010439369706915013,0.0,0.0,0.0,0.0,0.0,0.0,0.0,0.0,0.0,0.0,0.0,0.0,0.0,0.0046973686236822555,0.06457301216538221,0.10217323380863999,0.06853735203290433,0.1208678766547407
1758362633.9174519,2025-09-20T19:03:53.917452,20250920_190339,5.066147319521981,2.513419521086826,0.0,2.380452620836611,0.004709816872224326,-0.005164569265990689,0.0,0.0,0.0,0.0,0.011087973605064676,0.0,0.0,0.0,0.0,0.0,0.0,0.0,0.0,0.0,0.0,0.0,0.0,0.0,0.005568084960893047,0.06862810555613733,0.10529944731604567,0.07461960172027887,0.12568926158303662
1758362633.9402623,2025-09-20T19:03:53.940262,20250920_190339,5.04986875880685,2.5281626458602546,0.0,2.405279585371546,0.004528781560926031,-0.004634479513034018,0.0,0.0,0.0,0.0,0.009795538667334996,0.0,0.0,0.0,0.0,0.0,0.0,0.0,0.0,0.0,0.0,0.0,0.0,0.0,0.005254105376857771,0.06729622248630328,0.0989724136683298,0.07248520798658006,0.1196842522149887
1758362633.9724283,2025-09-20T19:03:53.972428,20250920_190339,5.012504107982746,2.5607163205821344,0.0,2.449308557322638,0.005610337967738942,-0.005479856391842016,0.0,0.0,0.0,0.0,0.010359764475950248,0.0,0.0,0.0,0.0,0.0,0.0,0.0,0.0,0.0,0.0,0.0,0.0,0.0,0.005895383343549667,0.0749021893387566,0.10178292821465812,0.07678139972382417,0.12637287067915007
1758362634.00171,2025-09-20T19:03:54.001710,20250920_190339,4.993117323469566,2.575447118951182,0.0,2.479935462732282,0.00527264436723659,-0.00488444387233075,0.0,0.0,0.0,0.0,0.009102447099300632,0.0,0.0,0.0,0.0,0.0,0.0,0.0,0.0,0.0,0.0,0.0,0.0,0.0,0.005225148486548191,0.07261297657606793,0.09540674556497895,0.07228518856963846,0.11989616952403952
1758362634.0187314,2025-09-20T19:03:54.018731,20250920_190339,4.95724847166897,2.60574302728024,0.0,2.513564691201598,0.005674603053180903,-0.004988653905043322,0.0,0.0,0.0,0.0,0.00860438791412488,0.0,0.0,0.0,0.0,0.0,0.0,0.0,0.0,0.0,0.0,0.0,0.0,0.0,0.005399376186077693,0.07532996119195139,0.0927598399854424,0.07348044764478298,0.11949473196465936
1758362634.0391307,2025-09-20T19:03:54.039131,20250920_190339,4.93413656508413,2.6179898812801965,0.0,2.537593119728117,0.005706356523915528,-0.004375230813530058,0.0,0.0,0.0,0.0,0.007526890053272398,0.0,0.0,0.0,0.0,0.0,0.0,0.0,0.0,0.0,0.0,0.0,0.0,0.0,0.005268765778765178,0.07554042973081056,0.08675765126645833,0.07258626439461655,0.11503584909578372
1758362634.2349796,2025-09-20T19:03:54.234980,20250920_190339,4.900622777393902,2.6425206549525484,0.0,2.5780531420472736,0.005778498749084455,-0.004196355119127417,0.0,0.0,0.0,0.0,0.0066851091332383395,0.0,0.0,0.0,0.0,0.0,0.0,0.0,0.0,0.0,0.0,0.0,0.0,0.0,0.005002043227060133,0.0760164373611685,0.08176251667627617,0.070725124440047,0.1116405297475912
1758362634.2390392,2025-09-20T19:03:54.239039,20250920_190339,4.869167528018796,2.665796651280792,0.0,2.608420333446607,0.00624018831427758,-0.004048324134964371,0.0,0.0,0.0,0.0,0.005980511117322263,0.0,0.0,0.0,0.0,0.0,0.0,0.0,0.0,0.0,0.0,0.0,0.0,0.0,0.005056867356584972,0.07899486258154755,0.07733376440677295,0.07111165415447016,0.11054727238426032
1758362634.2424302,2025-09-20T19:03:54.242430,20250920_190339,4.838786762375398,2.681387231159689,0.0,2.644892857561648,0.006577617693745105,-0.003962378838719537,0.0,0.0,0.0,0.0,0.005557704089506319,0.0,0.0,0.0,0.0,0.0,0.0,0.0,0.0,0.0,0.0,0.0,0.0,0.0,0.004726631172107147,0.08110251348598947,0.07455001066067207,0.06875049943169248,0.11016043656073365
1758362634.2454417,2025-09-20T19:03:54.245442,20250920_190339,4.812493678504825,2.69428068474393,0.0,2.6293095865324125,0.007255983818588784,-0.004094631125621598,0.0,0.0,0.0,0.0,0.005261155265784179,0.0,0.0,0.0,0.0,0.0,0.0,0.0,0.0,0.0,0.0,0.0,0.0,0.0,0.004794049588471602,0.08518206277491044,0.07253382153026393,0.06923907558937802,0.11188002093480749
1758362634.2486873,2025-09-20T19:03:54.248687,20250920_190339,4.7750823689272845,2.7100191035823684,0.0,2.592428534200335,0.00804726220786626,-0.0042534188299507125,0.0,0.0,0.0,0.0,0.005448066165320572,0.0,0.0,0.0,0.0,0.0,0.0,0.0,0.0,0.0,0.0,0.0,0.0,0.0,0.005215646611376848,0.08970653380811378,0.07381101655796764,0.07221943375142766,0.11616939516579586
1758362634.2518823,2025-09-20T19:03:54.251882,20250920_190339,4.732420739141698,2.7295809197604584,0.0,2.5688914896981587,0.009297221046696282,-0.004891474045294188,0.0,0.0,0.0,0.0,0.005818858616370937,0.0,0.0,0.0,0.0,0.0,0.0,0.0,0.0,0.0,0.0,0.0,0.0,0.0,0.006644710615271002,0.09642209833174283,0.07628144346019507,0.08151509440141134,0.1229474670868303
1758362634.2550845,2025-09-20T19:03:54.255085,20250920_190339,4.706155618988867,2.7383645161810635,0.0,2.5515705858360294,0.009786806671975077,-0.005150538300079322,0.0,0.0,0.0,0.0,0.005983048784502871,0.0,0.0,0.0,0.0,0.0,0.0,0.0,0.0,0.0,0.0,0.0,0.0,0.0,0.0063352251988432135,0.09892829055419423,0.07735016990610215,0.07959412791684581,0.1255780850963971
1758362634.258736,2025-09-20T19:03:54.258736,20250920_190339,4.672948754839904,2.7584402094962637,0.0,2.53616380353832,0.008766337894508003,-0.0042137100680248165,0.0,0.0,0.0,0.0,0.0049201714951036075,0.0,0.0,0.0,0.0,0.0,0.0,0.0,0.0,0.0,0.0,0.0,0.0,0.0,0.005908534886469355,0.09362872366164138,0.07014393412907212,0.07686699477974507,0.11698935588168528
1758362634.2801301,2025-09-20T19:03:54.280130,20250920_190339,4.628227602914106,2.781227296005377,0.0,2.506648282267653,0.008953574065612063,-0.004489024080249732,0.0,0.0,0.0,0.0,0.005631127188444622,0.0,0.0,0.0,0.0,0.0,0.0,0.0,0.0,0.0,0.0,0.0,0.0,0.0,0.007077608461703454,0.0946233272803914,0.07504083680533302,0.08412852347274052,0.12076713648197794
1758362634.2969725,2025-09-20T19:03:54.296973,20250920_190339,4.593361825051593,2.8009118453557753,0.0,2.4956266015114763,0.008976346292202305,-0.0042898174261865865,0.0,0.0,0.0,0.0,0.005918760587881614,0.0,0.0,0.0,0.0,0.0,0.0,0.0,0.0,0.0,0.0,0.0,0.0,0.0,0.007349355839877477,0.09474358179951983,0.07693348157909932,0.08572838409696917,0.12204551151141906
1758362634.320497,2025-09-20T19:03:54.320497,20250920_190339,4.550383115628658,2.82055284867149,0.0,2.4732324194733675,0.01028248014436854,-0.004763643409584876,0.0,0.0,0.0,0.0,0.007014955032551631,0.0,0.0,0.0,0.0,0.0,0.0,0.0,0.0,0.0,0.0,0.0,0.0,0.0,0.008186019593854156,0.1014025647820041,0.08375532838304457,0.09047662457151104,0.13151971402386858
1758362634.3632243,2025-09-20T19:03:54.363224,20250920_190339,4.511945121557649,2.8389296653474054,0.0,2.446716928712661,0.009667835558243115,-0.004773504357204913,0.0,0.0,0.0,0.0,0.008312567983396291,0.0,0.0,0.0,0.0,0.0,0.0,0.0,0.0,0.0,0.0,0.0,0.0,0.0,0.009488194488512902,0.09832515221571292,0.09117328547001194,0.09740736362571827,0.13409102707354958
1758362634.3772945,2025-09-20T19:03:54.377295,20250920_190339,4.486768845818392,2.8503175342594194,0.0,2.4482516853458764,0.008955557973849525,-0.004298907442451943,0.0,0.0,0.0,0.0,0.008321236196197632,0.0,0.0,0.0,0.0,0.0,0.0,0.0,0.0,0.0,0.0,0.0,0.0,0.0,0.00908416194320622,0.09463380988763755,0.09122081010491867,0.09531087001599671,0.13144121944826576
1758362634.3971033,2025-09-20T19:03:54.397103,20250920_190339,4.462623575862223,2.853359395953945,0.0,2.475124394233301,0.008072609425469038,-0.00404686972225321,0.0,0.0,0.0,0.0,0.009446079887359602,0.0,0.0,0.0,0.0,0.0,0.0,0.0,0.0,0.0,0.0,0.0,0.0,0.0,0.008793733516573124,0.08984770128094006,0.09719094550090354,0.09377490877933779,0.13235818566612584
1758362634.4290218,2025-09-20T19:03:54.429022,20250920_190339,4.432114535734454,2.8617718330544006,0.0,2.494162159924364,0.008085448767972243,-0.00441727105533052,0.0,0.0,0.0,0.0,0.010745610739775152,0.0,0.0,0.0,0.0,0.0,0.0,0.0,0.0,0.0,0.0,0.0,0.0,0.0,0.008595651299884773,0.08991912348311812,0.10366103771318881,0.09271273537052378,0.13722630763722893
1758362634.4454691,2025-09-20T19:03:54.445469,20250920_190339,4.406551846374807,2.8663503814766327,0.0,2.516539185299183,0.006211155769136129,-0.0035188100697632393,0.0,0.0,0.0,0.0,0.010637592632586111,0.0,0.0,0.0,0.0,0.0,0.0,0.0,0.0,0.0,0.0,0.0,0.0,0.0,0.00789292920522775,0.07881088610805063,0.10313870579266599,0.08884215894060517,0.12980272879150978
1758362634.4783535,2025-09-20T19:03:54.478354,20250920_190339,4.369036541938993,2.8684289421664233,0.0,2.532327685565882,0.006654369691844437,-0.0037037906729014652,0.0,0.0,0.0,0.0,0.010698347892816753,0.0,0.0,0.0,0.0,0.0,0.0,0.0,0.0,0.0,0.0,0.0,0.0,0.0,0.008150785731510962,0.08157432005137669,0.10343281825811744,0.09028170208581007,0.13172971412958123
1758362634.502984,2025-09-20T19:03:54.502984,20250920_190339,4.34714708807907,2.8712360829935166,0.0,2.558992505912919,0.006094845440252618,-0.002963505502226263,0.0,0.0,0.0,0.0,0.009256690337301922,0.0,0.0,0.0,0.0,0.0,0.0,0.0,0.0,0.0,0.0,0.0,0.0,0.0,0.007793344366917941,0.07806949109769205,0.09621169542889223,0.08827992051943602,0.12390131467242202
1758362634.5165281,2025-09-20T19:03:54.516528,20250920_190339,4.315460344133879,2.8783324654318716,0.0,2.5582271720046967,0.005698284757281853,-0.0023176381544064185,0.0,0.0,0.0,0.0,0.008374947985477513,0.0,0.0,0.0,0.0,0.0,0.0,0.0,0.0,0.0,0.0,0.0,0.0,0.0,0.007271770873268906,0.0754869840256044,0.0915147419024799,0.08527467896901697,0.11863065684197895
1758362634.55504,2025-09-20T19:03:54.555040,20250920_190339,4.295579193793209,2.88218352704396,0.0,2.550039460546846,0.005805569514074686,-0.002071413559154799,0.0,0.0,0.0,0.0,0.007005480160294365,0.0,0.0,0.0,0.0,0.0,0.0,0.0,0.0,0.0,0.0,0.0,0.0,0.0,0.006553120549293359,0.07619428793600401,0.08369874646787946,0.08095134680345571,0.11318590757850136
1758362634.581481,2025-09-20T19:03:54.581481,20250920_190339,4.2529866851708364,2.899058879542108,0.0,2.5221423101707745,0.005914374797179361,-0.001878754359940746,0.0,0.0,0.0,0.0,0.0064064375795584196,0.0,0.0,0.0,0.0,0.0,0.0,0.0,0.0,0.0,0.0,0.0,0.0,0.0,0.006973150938641867,0.07690497251270142,0.08004022475954461,0.08350539466790075,0.11099915484695269
1758362634.5986977,2025-09-20T19:03:54.598698,20250920_190339,4.220140492411043,2.9124744562322964,0.0,2.50516723684443,0.005912617341029999,-0.002377390625877405,0.0,0.0,0.0,0.0,0.006599223706291979,0.0,0.0,0.0,0.0,0.0,0.0,0.0,0.0,0.0,0.0,0.0,0.0,0.0,0.006789077305150576,0.07689354550955495,0.08123560614836317,0.08239585733002949,0.11185634111359972
1758362634.6219263,2025-09-20T19:03:54.621926,20250920_190339,4.190518678611987,2.928603479667555,0.0,2.479432312980102,0.006030502434957269,-0.0022990034982316022,0.0,0.0,0.0,0.0,0.006063322025603984,0.0,0.0,0.0,0.0,0.0,0.0,0.0,0.0,0.0,0.0,0.0,0.0,0.0,0.006743140688740206,0.07765630969185484,0.07786733606335833,0.08211662857631337,0.10997192578363467
1758362634.639403,2025-09-20T19:03:54.639403,20250920_190339,4.167930339729424,2.9376203328527124,0.0,2.468648879900496,0.006071850038100283,-0.002223445854941976,0.0,0.0,0.0,0.0,0.00569589994159601,0.0,0.0,0.0,0.0,0.0,0.0,0.0,0.0,0.0,0.0,0.0,0.0,0.0,0.00572282337365684,0.07792207670551576,0.075471186167941,0.07564934483296494,0.10847926059711273
1758362634.6742198,2025-09-20T19:03:54.674220,20250920_190339,4.13622524421993,2.9629460771640153,0.0,2.4414917413426354,0.006364720347819584,-0.0027998094535965426,0.0,0.0,0.0,0.0,0.006233957742841111,0.0,0.0,0.0,0.0,0.0,0.0,0.0,0.0,0.0,0.0,0.0,0.0,0.0,0.005491116995130758,0.07977919746286988,0.07895541617166685,0.07410207146315653,0.11224383319657563
1758362634.6952484,2025-09-20T19:03:54.695248,20250920_190339,4.118133547548761,2.975102936475867,0.0,2.425438280993422,0.006523370613665457,-0.0027674574516719052,0.0,0.0,0.0,0.0,0.005953565820494048,0.0,0.0,0.0,0.0,0.0,0.0,0.0,0.0,0.0,0.0,0.0,0.0,0.0,0.005796650781503408,0.08076738582909228,0.07715935342195428,0.0761357391866882,0.11170020785190825
1758362634.7206395,2025-09-20T19:03:54.720639,20250920_190339,4.094096594095003,2.9918658103792626,0.0,2.3958800676458565,0.0058111511832008075,-0.002471084989437491,0.0,0.0,0.0,0.0,0.005584170595790352,0.0,0.0,0.0,0.0,0.0,0.0,0.0,0.0,0.0,0.0,0.0,0.0,0.0,0.005708986389402672,0.07623090700759638,0.07472730823327141,0.0755578347320956,0.10674887249517515
1758362634.7590768,2025-09-20T19:03:54.759077,20250920_190339,4.067323466787722,3.0143518209474593,0.0,2.3667376867783196,0.007127380813922768,-0.0033649839509183412,0.0,0.0,0.0,0.0,0.006387680301803999,0.0,0.0,0.0,0.0,0.0,0.0,0.0,0.0,0.0,0.0,0.0,0.0,0.0,0.005497440555855992,0.08442381662731653,0.07992296479613353,0.07414472709408264,0.11625429504206185
1758362634.7907102,2025-09-20T19:03:54.790710,20250920_190339,4.0415685248067375,3.0355831994204205,0.0,2.366108807950732,0.007261052938171833,-0.0036102528147579677,0.0,0.0,0.0,0.0,0.006659860002109528,0.0,0.0,0.0,0.0,0.0,0.0,0.0,0.0,0.0,0.0,0.0,0.0,0.0,0.00576508957650087,0.08521181219861383,0.08160796531043724,0.07592818696966805,0.11798691851337317
1758362634.808766,2025-09-20T19:03:54.808766,20250920_190339,4.020090137175668,3.05798160172352,0.0,2.37406927565093,0.0073051647111135095,-0.003186187268082006,0.0,0.0,0.0,0.0,0.0062187631970109895,0.0,0.0,0.0,0.0,0.0,0.0,0.0,0.0,0.0,0.0,0.0,0.0,0.0,0.00569847042303408,0.08547025629488605,0.07885913515256802,0.07548821380211668,0.11629242412179952
1758362634.8276985,2025-09-20T19:03:54.827698,20250920_190339,3.989322303055138,3.090105661920281,0.0,2.4112543974890226,0.007060443719405483,-0.0035249422609797063,0.0,0.0,0.0,0.0,0.006705196588306683,0.0,0.0,0.0,0.0,0.0,0.0,0.0,0.0,0.0,0.0,0.0,0.0,0.0,0.005784802050489489,0.08402644654753337,0.08188526478131876,0.07605788618210138,0.11732706553780405
1758362634.8705833,2025-09-20T19:03:54.870583,20250920_190339,3.968373596649131,3.1176052630822446,0.0,2.4375169611295355,0.006938603941681349,-0.0033364253273209833,0.0,0.0,0.0,0.0,0.006624506746122652,0.0,0.0,0.0,0.0,0.0,0.0,0.0,0.0,0.0,0.0,0.0,0.0,0.0,0.006295237748441027,0.08329828294557667,0.08139107288961518,0.07934253429555314,0.11646076887863999
1758362634.877223,2025-09-20T19:03:54.877223,20250920_190339,3.9278716267213247,3.1563473950296945,0.0,2.4627228987648655,0.007394401504701524,-0.0038745403974913793,0.0,0.0,0.0,0.0,0.00721276104191849,0.0,0.0,0.0,0.0,0.0,0.0,0.0,0.0,0.0,0.0,0.0,0.0,0.0,0.007101441950254153,0.08599070592047448,0.08492797561415491,0.08427005369794274,0.12086009493054362
1758362634.8983116,2025-09-20T19:03:54.898312,20250920_190339,3.8886808219744013,3.1907372911215126,0.0,2.500354747270869,0.008848907719498167,-0.004936088315709151,0.0,0.0,0.0,0.0,0.00800027910294761,0.0,0.0,0.0,0.0,0.0,0.0,0.0,0.0,0.0,0.0,0.0,0.0,0.0,0.008835983123580403,0.09406863302662671,0.08944427931929247,0.09399991023176779,0.12980441757677502
1758362634.9202049,2025-09-20T19:03:54.920205,20250920_190339,3.86414745535501,3.2127860034167077,0.0,2.521550605271762,0.008653978382826829,-0.004848629318308724,0.0,0.0,0.0,0.0,0.0077464265638044864,0.0,0.0,0.0,0.0,0.0,0.0,0.0,0.0,0.0,0.0,0.0,0.0,0.0,0.009519733982046336,0.09302676164860749,0.08801378621445896,0.09756912412257443,0.12806406578986673
1758362634.9473884,2025-09-20T19:03:54.947388,20250920_190339,3.834758695196036,3.2368639858823807,0.0,2.535517596947766,0.009568145016722112,-0.005899155711556716,0.0,0.0,0.0,0.0,0.008472686304265648,0.0,0.0,0.0,0.0,0.0,0.0,0.0,0.0,0.0,0.0,0.0,0.0,0.0,0.01034868607566615,0.09781689535413661,0.0920471960695471,0.10172849195611891,0.13431616180113157
1758362634.979524,2025-09-20T19:03:54.979524,20250920_190339,3.7918122161341685,3.274683354874488,0.0,2.5041147706801024,0.010410454175146166,-0.007074972005169628,0.0,0.0,0.0,0.0,0.009553586320124005,0.0,0.0,0.0,0.0,0.0,0.0,0.0,0.0,0.0,0.0,0.0,0.0,0.0,0.011578107074314097,0.10203163320826618,0.09774244891613881,0.10760161278677052,0.14129416299079792
1758362635.0035033,2025-09-20T19:03:55.003503,20250920_190339,3.759810360221217,3.30792509019003,0.0,2.448710444783353,0.01108561561060789,-0.006837781852282702,0.0,0.0,0.0,0.0,0.009273468048676575,0.0,0.0,0.0,0.0,0.0,0.0,0.0,0.0,0.0,0.0,0.0,0.0,0.0,0.012461308698389038,0.10528825010706508,0.09629884759786368,0.11163023200902629,0.14268526083406255
1758362635.0478506,2025-09-20T19:03:55.047851,20250920_190339,3.7252773579718945,3.3468396936415368,0.0,2.385388076337206,0.009816418231665867,-0.006562292126631632,0.0,0.0,0.0,0.0,0.008955137151395034,0.0,0.0,0.0,0.0,0.0,0.0,0.0,0.0,0.0,0.0,0.0,0.0,0.0,0.012820223561651412,0.09907783925614178,0.09463158643600472,0.11322642607470843,0.1370093258981333
1758362635.0724242,2025-09-20T19:03:55.072424,20250920_190339,3.6878896822484664,3.395836879190456,0.0,2.3086884603666427,0.008958776066923912,-0.006092740696496343,0.0,0.0,0.0,0.0,0.008985192617540784,0.0,0.0,0.0,0.0,0.0,0.0,0.0,0.0,0.0,0.0,0.0,0.0,0.0,0.010614302546622538,0.0946508112322547,0.09479025592085287,0.10302573730200885,0.13395509950899478
1758362635.087845,2025-09-20T19:03:55.087845,20250920_190339,3.6662548072961476,3.4215651295997054,0.0,2.271028809693032,0.008693328408446454,-0.005669585302515385,0.0,0.0,0.0,0.0,0.00861064928767229,0.0,0.0,0.0,0.0,0.0,0.0,0.0,0.0,0.0,0.0,0.0,0.0,0.0,0.012009476633724982,0.09323802018729513,0.0927935843023228,0.1095877576818003,0.13154458444238115
1758362635.1039317,2025-09-20T19:03:55.103932,20250920_190339,3.633874164880008,3.4687022334671616,0.0,2.2723050757881986,0.007247039443725286,-0.004891387631668801,0.0,0.0,0.0,0.0,0.00861282911391586,0.0,0.0,0.0,0.0,0.0,0.0,0.0,0.0,0.0,0.0,0.0,0.0,0.0,0.010267543838776916,0.08512954506941339,0.09280532912454899,0.10132888945792763,0.1259359700706718
1758362635.1267512,2025-09-20T19:03:55.126751,20250920_190339,3.611396816490724,3.498402948214224,0.0,2.274822852166251,0.007730219196379603,-0.005099215466603204,0.0,0.0,0.0,0.0,0.00806586129369203,0.0,0.0,0.0,0.0,0.0,0.0,0.0,0.0,0.0,0.0,0.0,0.0,0.0,0.008902970807320703,0.08792166511377957,0.08981014026095288,0.09435555525415927,0.12568245895936167
1758362635.1406946,2025-09-20T19:03:55.140695,20250920_190339,3.595041603625016,3.528845700285552,0.0,2.2837884912425546,0.0066486150288873535,-0.00472014560036033,0.0,0.0,0.0,0.0,0.0073761127244527415,0.0,0.0,0.0,0.0,0.0,0.0,0.0,0.0,0.0,0.0,0.0,0.0,0.0,0.007592559526331734,0.08153903990658311,0.08588429847447519,0.08713529437794844,0.118426043391393
1758362635.1897595,2025-09-20T19:03:55.189759,20250920_190339,3.5647301567463083,3.5740294691366277,0.0,2.3101456950427233,0.006253134869587347,-0.00495470656262797,0.0,0.0,0.0,0.0,0.007572407888482958,0.0,0.0,0.0,0.0,0.0,0.0,0.0,0.0,0.0,0.0,0.0,0.0,0.0,0.008026664031973269,0.07907676567480075,0.08701958336192468,0.08959165157520688,0.11758206818248394
1758362635.1946335,2025-09-20T19:03:55.194633,20250920_190339,3.535661544041222,3.614167425088161,0.0,2.33995548840499,0.0066628242881100795,-0.005533049205580978,0.0,0.0,0.0,0.0,0.008280669511982731,0.0,0.0,0.0,0.0,0.0,0.0,0.0,0.0,0.0,0.0,0.0,0.0,0.0,0.008742394903889469,0.08162612503426878,0.09099818411365543,0.09350077488389852,0.12224358388108887
1758362635.2379394,2025-09-20T19:03:55.237939,20250920_190339,3.498828307839046,3.6623888005091603,0.0,2.3686201267940286,0.0058954351251473,-0.004546805915631861,0.0,0.0,0.0,0.0,0.006852736045070852,0.0,0.0,0.0,0.0,0.0,0.0,0.0,0.0,0.0,0.0,0.0,0.0,0.0,0.008855483948417278,0.07678173692452718,0.08278125418880082,0.09410358095427229,0.11290779942155525
1758362635.2445893,2025-09-20T19:03:55.244589,20250920_190339,3.461298082534812,3.7110217886593295,0.0,2.348251123950466,0.00627553164456464,-0.00442534174880096,0.0,0.0,0.0,0.0,0.006651196032924287,0.0,0.0,0.0,0.0,0.0,0.0,0.0,0.0,0.0,0.0,0.0,0.0,0.0,0.009493846761402205,0.07921825322843619,0.08155486517016804,0.09743637288714213,0.11369576807203041
1758362635.2834914,2025-09-20T19:03:55.283491,20250920_190339,3.429006924351762,3.754882631479044,0.0,2.306917706774363,0.00662723371413709,-0.004060659017905906,0.0,0.0,0.0,0.0,0.006504372278936912,0.0,0.0,0.0,0.0,0.0,0.0,0.0,0.0,0.0,0.0,0.0,0.0,0.0,0.009462919876367366,0.08140782342095317,0.08064968864748898,0.09727754045188111,0.11459321966448976
1758362635.3127983,2025-09-20T19:03:55.312798,20250920_190339,3.398381974344708,3.800637355680558,0.0,2.230248578625248,0.006608239911253102,-0.004564513135828113,0.0,0.0,0.0,0.0,0.0075626942045647315,0.0,0.0,0.0,0.0,0.0,0.0,0.0,0.0,0.0,0.0,0.0,0.0,0.0,0.00838057279243159,0.08129108137583792,0.08696375224520117,0.09154546844290869,0.11904173266471652
1758362635.3366706,2025-09-20T19:03:55.336671,20250920_190339,3.379295461212002,3.8259538041753856,0.0,2.1860626219756765,0.006251021841714431,-0.0043886265802341035,0.0,0.0,0.0,0.0,0.007153486897369333,0.0,0.0,0.0,0.0,0.0,0.0,0.0,0.0,0.0,0.0,0.0,0.0,0.0,0.0072867344694507825,0.07906340393452858,0.08457828856964021,0.08536237150788854,0.11577784217666075
1758362635.3590066,2025-09-20T19:03:55.359007,20250920_190339,3.359297681429015,3.8518395557952,0.0,2.161901228189439,0.006471162205536859,-0.004451326242142053,0.0,0.0,0.0,0.0,0.006797161011232866,0.0,0.0,0.0,0.0,0.0,0.0,0.0,0.0,0.0,0.0,0.0,0.0,0.0,0.006886905908229855,0.08044353426806196,0.08244489681740687,0.08298738403052511,0.11518820780257728
1758362635.3750248,2025-09-20T19:03:55.375025,20250920_190339,3.337663668399181,3.885406395412663,0.0,2.1079826355182374,0.006819707079012703,-0.0054642963712443204,0.0,0.0,0.0,0.0,0.008071022222852454,0.0,0.0,0.0,0.0,0.0,0.0,0.0,0.0,0.0,0.0,0.0,0.0,0.0,0.007582271223741415,0.08258151778099446,0.08983886810758723,0.08707623799717931,0.12202757598946705
1758362635.437823,2025-09-20T19:03:55.437823,20250920_190339,3.3119641185432727,3.9269646484458933,0.0,2.1181636124903096,0.006583280423520044,-0.005579528170798122,0.0,0.0,0.0,0.0,0.00881468936436629,0.0,0.0,0.0,0.0,0.0,0.0,0.0,0.0,0.0,0.0,0.0,0.0,0.0,0.007068229930974261,0.08113741691426986,0.09388657712562691,0.08407276569124071,0.12408855623258067
1758362635.448967,2025-09-20T19:03:55.448967,20250920_190339,3.306659212737396,3.9419893353976567,0.0,2.1466836078099334,0.007325495454557494,-0.006680039573532526,0.0,0.0,0.0,0.0,0.00993881193215135,0.0,0.0,0.0,0.0,0.0,0.0,0.0,0.0,0.0,0.0,0.0,0.0,0.0,0.0066316062315751765,0.08558910827060587,0.09969359022600877,0.0814346746268147,0.13139371136667402
1758362635.477312,2025-09-20T19:03:55.477312,20250920_190339,3.2880506912502776,3.9849400851402796,0.0,2.1879455492921305,0.00817147690147537,-0.008355787666558197,0.0,0.0,0.0,0.0,0.012323448583634888,0.0,0.0,0.0,0.0,0.0,0.0,0.0,0.0,0.0,0.0,0.0,0.0,0.0,0.007003391522243501,0.09039622172123883,0.11101102910807956,0.08368626842107074,0.14316048856130054
1758362635.5095446,2025-09-20T19:03:55.509545,20250920_190339,3.2707686977870614,4.016990275738466,0.0,2.2098724813358683,0.008299072883448066,-0.008416821814333026,0.0,0.0,0.0,0.0,0.012251834823113988,0.0,0.0,0.0,0.0,0.0,0.0,0.0,0.0,0.0,0.0,0.0,0.0,0.0,0.007035126881401824,0.09109924743623334,0.11068800668145573,0.08387566322481048,0.14335587782355508
1758362635.5164158,2025-09-20T19:03:55.516416,20250920_190339,3.2615595033356946,4.037174115480894,0.0,2.224518681830427,0.008220222765075018,-0.008283439974420412,0.0,0.0,0.0,0.0,0.011902307165525733,0.0,0.0,0.0,0.0,0.0,0.0,0.0,0.0,0.0,0.0,0.0,0.0,0.0,0.007482016956420778,0.09066544416190227,0.1090976955096932,0.08649865291679852,0.14185390347325924
1758362635.5290377,2025-09-20T19:03:55.529038,20250920_190339,3.2370217097257186,4.0819906491228135,0.0,2.2598577707183414,0.008079592352239217,-0.008206356291918326,0.0,0.0,0.0,0.0,0.011987029661552972,0.0,0.0,0.0,0.0,0.0,0.0,0.0,0.0,0.0,0.0,0.0,0.0,0.0,0.008423818149823289,0.08988655267746792,0.10948529427075114,0.09178136057949506,0.14165670479646272
1758362635.5696142,2025-09-20T19:03:55.569614,20250920_190339,3.213808588750244,4.121418995890844,0.0,2.287494290868091,0.00823218297713565,-0.008030087891736856,0.0,0.0,0.0,0.0,0.01155822258402069,0.0,0.0,0.0,0.0,0.0,0.0,0.0,0.0,0.0,0.0,0.0,0.0,0.0,0.008309015714759038,0.09073137812871382,0.10750917441791044,0.09115380252495799,0.14067837630978097
1758362635.5850456,2025-09-20T19:03:55.585046,20250920_190339,3.200847652360047,4.145635892094044,0.0,2.2975884023594366,0.009076780292469428,-0.009007636205155928,0.0,0.0,0.0,0.0,0.01280650962565262,0.0,0.0,0.0,0.0,0.0,0.0,0.0,0.0,0.0,0.0,0.0,0.0,0.0,0.00889224795032073,0.09527213807021143,0.11316585008584798,0.09429871658893736,0.14793001696113622
1758362635.6078856,2025-09-20T19:03:55.607886,20250920_190339,3.170355865211368,4.184945970047132,0.0,2.325620120539841,0.010982506462798797,-0.010733520630977626,0.0,0.0,0.0,0.0,0.014858987162129219,0.0,0.0,0.0,0.0,0.0,0.0,0.0,0.0,0.0,0.0,0.0,0.0,0.0,0.011414976214231364,0.10479745446717109,0.12189744526498174,0.10684089205089671,0.16075289616342225
1758362635.616427,2025-09-20T19:03:55.616427,20250920_190339,3.158864843243878,4.212374497236903,0.0,2.3278209452983294,0.011706184881790706,-0.011378971959728033,0.0,0.0,0.0,0.0,0.016071971128436252,0.0,0.0,0.0,0.0,0.0,0.0,0.0,0.0,0.0,0.0,0.0,0.0,0.0,0.010829160162740395,0.10819512411283008,0.12677527806491395,0.10406325077922751,0.1666678013601516
1758362635.667746,2025-09-20T19:03:55.667746,20250920_190339,3.1342029611987896,4.246717714589597,0.0,2.3599155230863325,0.011729062774941094,-0.010877865407086598,0.0,0.0,0.0,0.0,0.01564809641399298,0.0,0.0,0.0,0.0,0.0,0.0,0.0,0.0,0.0,0.0,0.0,0.0,0.0,0.011612503527450323,0.1083007976653039,0.1250923515407436,0.10776132667822126,0.16546044599521081
1758362635.6763654,2025-09-20T19:03:55.676365,20250920_190339,3.116955250460736,4.2802998534704715,0.0,2.3679421270671224,0.012241797744570815,-0.011169360531288716,0.0,0.0,0.0,0.0,0.016313907199249016,0.0,0.0,0.0,0.0,0.0,0.0,0.0,0.0,0.0,0.0,0.0,0.0,0.0,0.012308178192537426,0.11064265788822508,0.12772590653132596,0.11094222907683722,0.1689843334271548
1758362635.6937344,2025-09-20T19:03:55.693734,20250920_190339,3.0881575072328133,4.3208349427160195,0.0,2.385445738038281,0.012430232954304577,-0.011046766564301059,0.0,0.0,0.0,0.0,0.016414899223973496,0.0,0.0,0.0,0.0,0.0,0.0,0.0,0.0,0.0,0.0,0.0,0.0,0.0,0.010883838156196465,0.11149095458513474,0.12812064323899366,0.1043256351823293,0.16983854738626938
1758362635.7166784,2025-09-20T19:03:55.716678,20250920_190339,3.0657495723141124,4.357293068158125,0.0,2.3900391650417836,0.01193422034986522,-0.010033603301718997,0.0,0.0,0.0,0.0,0.014353313311442401,0.0,0.0,0.0,0.0,0.0,0.0,0.0,0.0,0.0,0.0,0.0,0.0,0.0,0.010878636163624522,0.10924385726376207,0.11980531420367964,0.1043007006861628,0.16213430747780563
1758362635.7598643,2025-09-20T19:03:55.759864,20250920_190339,3.0365285826987796,4.391225783234604,0.0,2.4131902622849646,0.01181043771425428,-0.009508312727981331,0.0,0.0,0.0,0.0,0.014015934376223654,0.0,0.0,0.0,0.0,0.0,0.0,0.0,0.0,0.0,0.0,0.0,0.0,0.0,0.010890721139679888,0.1086758377665168,0.11838891154252434,0.10435861794638662,0.16070585580643268
1758362635.7850337,2025-09-20T19:03:55.785034,20250920_190339,3.021629526162455,4.415916223180733,0.0,2.420273545162216,0.01049596301590116,-0.008046045851928654,0.0,0.0,0.0,0.0,0.011935919281032064,0.0,0.0,0.0,0.0,0.0,0.0,0.0,0.0,0.0,0.0,0.0,0.0,0.0,0.009033500924148407,0.10244980730045888,0.10925163285293298,0.09504473117510727,0.14977276887649912
1758362635.7932343,2025-09-20T19:03:55.793234,20250920_190339,2.9873005931605614,4.454692851048314,0.0,2.4432868221883663,0.010716771209226211,-0.007964094345011696,0.0,0.0,0.0,0.0,0.012004750288994273,0.0,0.0,0.0,0.0,0.0,0.0,0.0,0.0,0.0,0.0,0.0,0.0,0.0,0.010446021618843546,0.10352183928633711,0.1095661913593526,0.10220578075061873,0.15073659641314874
1758362635.820316,2025-09-20T19:03:55.820316,20250920_190339,2.9697814264014606,4.485658983360617,0.0,2.443931170138795,0.008791982613894564,-0.006388616331533804,0.0,0.0,0.0,0.0,0.00992550186647129,0.0,0.0,0.0,0.0,0.0,0.0,0.0,0.0,0.0,0.0,0.0,0.0,0.0,0.008530182927970292,0.09376557264739849,0.09962681298963291,0.09235898942696531,0.13681185796693887
1758362635.8681288,2025-09-20T19:03:55.868129,20250920_190339,2.9507697175632424,4.505927836886352,0.0,2.4593355268448085,0.009385843964125166,-0.006740804209917193,0.0,0.0,0.0,0.0,0.009639454466159103,0.0,0.0,0.0,0.0,0.0,0.0,0.0,0.0,0.0,0.0,0.0,0.0,0.0,0.007241465970185493,0.09688056546142351,0.09818072349580188,0.08509680352507662,0.1379322240460302
1758362635.8750052,2025-09-20T19:03:55.875005,20250920_190339,2.928844530985508,4.530012992794502,0.0,2.4744460044513312,0.008599166693742761,-0.005684491875739595,0.0,0.0,0.0,0.0,0.008574196943994987,0.0,0.0,0.0,0.0,0.0,0.0,0.0,0.0,0.0,0.0,0.0,0.0,0.0,0.007077876510331291,0.0927316919598837,0.09259695969088287,0.08413011654771015,0.13104718096066678
1758362635.8999112,2025-09-20T19:03:55.899911,20250920_190339,2.9127273498761803,4.548421533356345,0.0,2.487559394384671,0.007683846849851638,-0.005690560486041992,0.0,0.0,0.0,0.0,0.007942555751941732,0.0,0.0,0.0,0.0,0.0,0.0,0.0,0.0,0.0,0.0,0.0,0.0,0.0,0.0058437677977963235,0.08765755443686321,0.08912101745347015,0.0764445406670504,0.12500561028127247
1758362635.9438627,2025-09-20T19:03:55.943863,20250920_190339,2.8995995364426888,4.562137123672292,0.0,2.5001005861700945,0.006444949327634663,-0.004114796617750748,0.0,0.0,0.0,0.0,0.006063153031241474,0.0,0.0,0.0,0.0,0.0,0.0,0.0,0.0,0.0,0.0,0.0,0.0,0.0,0.006327964833122749,0.0802804417503707,0.07786625091296918,0.07954850616524957,0.11183962785558675
1758362635.9674215,2025-09-20T19:03:55.967422,20250920_190339,2.8843350875845366,4.5776628296257975,0.0,2.5143711157836366,0.006344224423279365,-0.003805257451949675,0.0,0.0,0.0,0.0,0.006070591784760837,0.0,0.0,0.0,0.0,0.0,0.0,0.0,0.0,0.0,0.0,0.0,0.0,0.0,0.007238347059508479,0.07965063981713748,0.07791400249480729,0.08507847588849062,0.11142179413400326
1758362635.984885,2025-09-20T19:03:55.984885,20250920_190339,2.8782044948173082,4.583846471267205,0.0,2.528488259768108,0.006118998373180513,-0.0036389586362106235,0.0,0.0,0.0,0.0,0.005214616040495331,0.0,0.0,0.0,0.0,0.0,0.0,0.0,0.0,0.0,0.0,0.0,0.0,0.0,0.006548803647705602,0.07822402682795429,0.07221229840197119,0.08092467885451014,0.10645944962132692
1758362636.0063107,2025-09-20T19:03:56.006311,20250920_190339,2.8614948442153225,4.597071763697144,0.0,2.5453780946879916,0.0065692362935153145,-0.004135162790086555,0.0,0.0,0.0,0.0,0.005494433245263447,0.0,0.0,0.0,0.0,0.0,0.0,0.0,0.0,0.0,0.0,0.0,0.0,0.0,0.006018255970583599,0.0810508253722028,0.07412444431672623,0.07757741920548529,0.10983473739568352
1758362636.0234482,2025-09-20T19:03:56.023448,20250920_190339,2.853039288420152,4.606035735230109,0.0,2.5528308187292743,0.007058193413859329,-0.003983618327263322,0.0,0.0,0.0,0.0,0.005136855571639035,0.0,0.0,0.0,0.0,0.0,0.0,0.0,0.0,0.0,0.0,0.0,0.0,0.0,0.006619852068671325,0.0840130550203915,0.07167186038913065,0.08136247334411194,0.11043119570799893
1758362636.0588956,2025-09-20T19:03:56.058896,20250920_190339,2.8409590577373356,4.618179481277681,0.0,2.568865527673738,0.006592422177339476,-0.003461887173559213,0.0,0.0,0.0,0.0,0.004198938439285198,0.0,0.0,0.0,0.0,0.0,0.0,0.0,0.0,0.0,0.0,0.0,0.0,0.0,0.005332867150943005,0.08119373237719446,0.06479921634777074,0.07302648253163373,0.10388147388550412
1758362636.075504,2025-09-20T19:03:56.075504,20250920_190339,2.8277351968983226,4.632664224500268,0.0,2.582074311578634,0.00522650073966279,-0.002971470143320791,0.0,0.0,0.0,0.0,0.0036147972769580575,0.0,0.0,0.0,0.0,0.0,0.0,0.0,0.0,0.0,0.0,0.0,0.0,0.0,0.0044142595270455776,0.07229454156202106,0.060123184188448114,0.0664398940926728,0.09402817671645478
1758362636.1140225,2025-09-20T19:03:56.114022,20250920_190339,2.81052715816739,4.6441869967992195,0.0,2.601441384222267,0.005470604500720444,-0.0031239027759082747,0.0,0.0,0.0,0.0,0.0037057518648405106,0.0,0.0,0.0,0.0,0.0,0.0,0.0,0.0,0.0,0.0,0.0,0.0,0.0,0.004634803580316911,0.07396353493932294,0.06087488698010462,0.06807939174461616,0.09579330021228497
1758362636.1209066,2025-09-20T19:03:56.120907,20250920_190339,2.7972252979841623,4.656460609862832,0.0,2.610648533051161,0.00458089814660911,-0.0027043248902247946,0.0,0.0,0.0,0.0,0.0033203790715523322,0.0,0.0,0.0,0.0,0.0,0.0,0.0,0.0,0.0,0.0,0.0,0.0,0.0,0.0033736791485465484,0.06768233260319202,0.05762273051107811,0.05808338100133762,0.0888891287962788
1758362636.160507,2025-09-20T19:03:56.160507,20250920_190339,2.77597993038469,4.668529071370496,0.0,2.637251030541851,0.004355881222988621,-0.0024776814011857264,0.0,0.0,0.0,0.0,0.002876998887457853,0.0,0.0,0.0,0.0,0.0,0.0,0.0,0.0,0.0,0.0,0.0,0.0,0.0,0.0035090594704704444,0.06599910016802214,0.05363766295671217,0.059237314848585465,0.08504634095860017
1758362636.1770852,2025-09-20T19:03:56.177085,20250920_190339,2.7639056722703508,4.673623389406556,0.0,2.6495555842850336,0.004458700327486978,-0.0026428660941542823,0.0,0.0,0.0,0.0,0.0032006283163927085,0.0,0.0,0.0,0.0,0.0,0.0,0.0,0.0,0.0,0.0,0.0,0.0,0.0,0.0038217387767249334,0.0667735001889745,0.05657409580711572,0.061820213334514894,0.08751759048259776
1758362636.2029417,2025-09-20T19:03:56.202942,20250920_190339,2.751787510560481,4.679912551940717,0.0,2.6674806604959653,0.003971623645558023,-0.0023635893088875377,0.0,0.0,0.0,0.0,0.002993101451614161,0.0,0.0,0.0,0.0,0.0,0.0,0.0,0.0,0.0,0.0,0.0,0.0,0.0,0.0030986391648301502,0.06302081914381963,0.05470924466316603,0.05566542162626768,0.08345492853733795
1758362636.2139976,2025-09-20T19:03:56.213998,20250920_190339,2.7404916359548963,4.685555177930986,0.0,2.68196050407124,0.003927177098999597,-0.0026017376599107534,0.0,0.0,0.0,0.0,0.0031840025459143302,0.0,0.0,0.0,0.0,0.0,0.0,0.0,0.0,0.0,0.0,0.0,0.0,0.0,0.0030259604319346147,0.06266719316356523,0.05642696647804426,0.05500873050648065,0.08432781062564074
1758362636.2642012,2025-09-20T19:03:56.264201,20250920_190339,2.7210094497288866,4.696351141261877,0.0,2.7061811366115585,0.004100425428564223,-0.0026101477128480607,0.0,0.0,0.0,0.0,0.003018611941806585,0.0,0.0,0.0,0.0,0.0,0.0,0.0,0.0,0.0,0.0,0.0,0.0,0.0,0.0030735880835382283,0.0640345643271212,0.0549418960521621,0.055439950248338324,0.08437438811849723
1758362636.2903254,2025-09-20T19:03:56.290325,20250920_190339,2.7064674991427795,4.702460070477666,0.0,2.7239623904565082,0.004150955166002271,-0.002416219545554252,0.0,0.0,0.0,0.0,0.0027574471962774146,0.0,0.0,0.0,0.0,0.0,0.0,0.0,0.0,0.0,0.0,0.0,0.0,0.0,0.0028591037949778995,0.06442790673304753,0.0525114006314573,0.053470588130091666,0.08311679951898826
1758362636.3117132,2025-09-20T19:03:56.311713,20250920_190339,2.680591937247301,4.716256300224307,0.0,2.752730676566471,0.004327764101754896,-0.002309627983486996,0.0,0.0,0.0,0.0,0.002551343546018058,0.0,0.0,0.0,0.0,0.0,0.0,0.0,0.0,0.0,0.0,0.0,0.0,0.0,0.0034237017583110914,0.06578574390971721,0.05051082602787306,0.05851240687504738,0.08294038610817382
1758362636.3339477,2025-09-20T19:03:56.333948,20250920_190339,2.6735033416448335,4.718371060711479,0.0,2.7659976717128574,0.004211687820315665,-0.002126668469199547,0.0,0.0,0.0,0.0,0.002371705707346146,0.0,0.0,0.0,0.0,0.0,0.0,0.0,0.0,0.0,0.0,0.0,0.0,0.0,0.003431238657461295,0.06489751782861702,0.04870016126612053,0.05857677575166881,0.08113811390254158
1758362636.3677733,2025-09-20T19:03:56.367773,20250920_190339,2.648425777371749,4.725118425222587,0.0,2.7961202426026377,0.005346698826490477,-0.00253172326129919,0.0,0.0,0.0,0.0,0.0025287808962959376,0.0,0.0,0.0,0.0,0.0,0.0,0.0,0.0,0.0,0.0,0.0,0.0,0.0,0.003874920450943464,0.07312112435193045,0.050286985357008006,0.06224885903326634,0.08874389963702528
1758362636.3797224,2025-09-20T19:03:56.379722,20250920_190339,2.6328951787039934,4.730341137287445,0.0,2.8159432438396723,0.005230214305526084,-0.002424689083215723,0.0,0.0,0.0,0.0,0.0025835256572451035,0.0,0.0,0.0,0.0,0.0,0.0,0.0,0.0,0.0,0.0,0.0,0.0,0.0,0.0035213832823153685,0.07232022058543575,0.0508283942028971,0.059341244361029104,0.08839536165869331
1758362636.3911326,2025-09-20T19:03:56.391133,20250920_190339,2.6094752548834883,4.739601017250847,0.0,2.8438768165511457,0.005096870079036811,-0.0024865576038352586,0.0,0.0,0.0,0.0,0.0025781845124433953,0.0,0.0,0.0,0.0,0.0,0.0,0.0,0.0,0.0,0.0,0.0,0.0,0.0,0.003315602571401522,0.07139236709226562,0.05077582606362397,0.05758126927570737,0.08760738890915655
1758362636.4149957,2025-09-20T19:03:56.414996,20250920_190339,2.5892043602165,4.74658117904325,0.0,2.8656019531028236,0.00533113235495032,-0.00223998695761859,0.0,0.0,0.0,0.0,0.002337427989052627,0.0,0.0,0.0,0.0,0.0,0.0,0.0,0.0,0.0,0.0,0.0,0.0,0.0,0.0031473680285985205,0.07301460371015048,0.04834695428930996,0.05610140843685228,0.08757031656904608
1758362636.4734793,2025-09-20T19:03:56.473479,20250920_190339,2.5647500792753286,4.755028411780114,0.0,2.8918140968210504,0.004786416695149698,-0.0017402169423863128,0.0,0.0,0.0,0.0,0.002034372185392161,0.0,0.0,0.0,0.0,0.0,0.0,0.0,0.0,0.0,0.0,0.0,0.0,0.0,0.0031239071268728625,0.06918393379354558,0.045104015180382345,0.05589192362831022,0.08258806742224847
1758362636.482525,2025-09-20T19:03:56.482525,20250920_190339,2.5429160459734583,4.758592971461519,0.0,2.91743915296072,0.004892741588271808,-0.0014873332303532631,0.0,0.0,0.0,0.0,0.001821442393212518,0.0,0.0,0.0,0.0,0.0,0.0,0.0,0.0,0.0,0.0,0.0,0.0,0.0,0.0029511559140122864,0.06994813498780227,0.042678359776501695,0.054324542464822344,0.0819401243682503
1758362636.4922714,2025-09-20T19:03:56.492271,20250920_190339,2.5143255832954288,4.76411426253848,0.0,2.939852524119789,0.005577548764020474,-0.0017624975519417443,0.0,0.0,0.0,0.0,0.0021271854201168213,0.0,0.0,0.0,0.0,0.0,0.0,0.0,0.0,0.0,0.0,0.0,0.0,0.0,0.0031054319592862373,0.07468298845132319,0.04612142040437199,0.0557264027125943,0.08777661524652962
1758362636.5295959,2025-09-20T19:03:56.529596,20250920_190339,2.493494479213695,4.767817597243667,0.0,2.957612606611946,0.004978719616054033,-0.0014552248779861492,0.0,0.0,0.0,0.0,0.0020340849887630244,0.0,0.0,0.0,0.0,0.0,0.0,0.0,0.0,0.0,0.0,0.0,0.0,0.0,0.003219431518647718,0.07056004263075549,0.04510083135334674,0.056740034531604915,0.08374248984128103
1758362636.568676,2025-09-20T19:03:56.568676,20250920_190339,2.4713853081962713,4.771642105567822,0.0,2.984637175148081,0.00545781511066263,-0.0014097852910037666,0.0,0.0,0.0,0.0,0.0018411998873683786,0.0,0.0,0.0,0.0,0.0,0.0,0.0,0.0,0.0,0.0,0.0,0.0,0.0,0.0034084416745239106,0.07387702694791277,0.04290920515889777,0.058381860834713986,0.08543427297069373
1758362636.574999,2025-09-20T19:03:56.574999,20250920_190339,2.454180366500959,4.77743994087642,0.0,3.005601905573141,0.005497703141558727,-0.0012597614367775188,0.0,0.0,0.0,0.0,0.001574190389580311,0.0,0.0,0.0,0.0,0.0,0.0,0.0,0.0,0.0,0.0,0.0,0.0,0.0,0.0033490333660802993,0.07414649783744831,0.03967606822229631,0.05787083346626606,0.08409455113822202
1758362636.6029556,2025-09-20T19:03:56.602956,20250920_190339,2.425834641593431,4.782075187781331,0.0,3.028835009947084,0.00588608795959336,-0.0010848793092029952,0.0,0.0,0.0,0.0,0.0013113990983957555,0.0,0.0,0.0,0.0,0.0,0.0,0.0,0.0,0.0,0.0,0.0,0.0,0.0,0.003211796188289588,0.07672084436183794,0.036213244792420295,0.056672711142926525,0.08483800479731425
1758362636.6211684,2025-09-20T19:03:56.621168,20250920_190339,2.4036446369284095,4.7842452193853395,0.0,3.0508904292933257,0.006401992466647466,-0.0012483280065580756,0.0,0.0,0.0,0.0,0.0014247158308888397,0.0,0.0,0.0,0.0,0.0,0.0,0.0,0.0,0.0,0.0,0.0,0.0,0.0,0.003254134444789215,0.08001245194747794,0.03774540807686201,0.05704502120947292,0.08846868540639849
1758362636.6636078,2025-09-20T19:03:56.663608,20250920_190339,2.382012912961634,4.786506710010171,0.0,3.0798513230224303,0.005839694171600616,-0.0007172224463317776,0.0,0.0,0.0,0.0,0.0010165873376058487,0.0,0.0,0.0,0.0,0.0,0.0,0.0,0.0,0.0,0.0,0.0,0.0,0.0,0.003156393903600807,0.07641789169821826,0.03188396677965037,0.05618179334625059,0.08280266607547407
1758362636.6746914,2025-09-20T19:03:56.674691,20250920_190339,2.36349526647469,4.787660790047408,0.0,3.0996358304576574,0.005896612253972984,-0.0005203626233705805,0.0,0.0,0.0,0.0,0.0010109758557604116,0.0,0.0,0.0,0.0,0.0,0.0,0.0,0.0,0.0,0.0,0.0,0.0,0.0,0.0030551241181072946,0.07678940196389723,0.03179584651743702,0.05527317720293718,0.08311190113174764
1758362636.6919746,2025-09-20T19:03:56.691975,20250920_190339,2.3372603004516743,4.790425525453079,0.0,3.1266321330029005,0.006258791839867855,-0.0003232073018868388,0.0,0.0,0.0,0.0,0.0008791418370715806,0.0,0.0,0.0,0.0,0.0,0.0,0.0,0.0,0.0,0.0,0.0,0.0,0.0,0.003154451573108227,0.07911252644093636,0.029650326087103673,0.056164504565679445,0.08448629283463345
1758362636.7124708,2025-09-20T19:03:56.712471,20250920_190339,2.313779054531515,4.789230001171497,0.0,-3.1394322551643197,0.006865643710487797,-0.00010395026954742279,0.0,0.0,0.0,0.0,0.0007443139463287209,0.0,0.0,0.0,0.0,0.0,0.0,0.0,0.0,0.0,0.0,0.0,0.0,0.0,0.002805441779861465,0.08285918000129978,0.027282117702420408,0.052966421248385895,0.08723507125472253
1758362636.759926,2025-09-20T19:03:56.759926,20250920_190339,2.286603800919063,4.790247808094052,0.0,-3.107804124817897,0.006735861472624786,-0.00015350631057184697,0.0,0.0,0.0,0.0,0.0008671928800771947,0.0,0.0,0.0,0.0,0.0,0.0,0.0,0.0,0.0,0.0,0.0,0.0,0.0,0.003261172013376438,0.08207229418399845,0.029448138821956044,0.05710667223167918,0.08719549502527055
1758362636.772063,2025-09-20T19:03:56.772063,20250920_190339,2.2708711149218797,4.788773461219102,0.0,-3.0859592250925707,0.0070132249642476585,8.775313178965217e-05,0.0,0.0,0.0,0.0,0.0007664315778932748,0.0,0.0,0.0,0.0,0.0,0.0,0.0,0.0,0.0,0.0,0.0,0.0,0.0,0.00270895070461327,0.0837449996372778,0.027684500679861914,0.05204758116006228,0.0882023613183963
1758362636.7994585,2025-09-20T19:03:56.799459,20250920_190339,2.2462119820448088,4.789558423128577,0.0,-3.0556517107709684,0.007433650997263221,0.0001594534187645972,0.0,0.0,0.0,0.0,0.0007147829554054712,0.0,0.0,0.0,0.0,0.0,0.0,0.0,0.0,0.0,0.0,0.0,0.0,0.0,0.0027554573628608752,0.08621862326239745,0.02673542510238936,0.05249245053206104,0.0902686764756673
1758362636.8187413,2025-09-20T19:03:56.818741,20250920_190339,2.2325533421055925,4.78824625975755,0.0,-3.035514848525438,0.007014695341042795,-6.890269061620828e-05,0.0,0.0,0.0,0.0,0.0006959744275357071,0.0,0.0,0.0,0.0,0.0,0.0,0.0,0.0,0.0,0.0,0.0,0.0,0.0,0.002815713909640331,0.08375377807026257,0.02638132725121515,0.05306330096818639,0.08781041947615614
1758362636.8577027,2025-09-20T19:03:56.857703,20250920_190339,2.204030945984005,4.785349573695407,0.0,-3.001706228526918,0.007245594267923524,5.4667504513802483e-05,0.0,0.0,0.0,0.0,0.0006766553210546278,0.0,0.0,0.0,0.0,0.0,0.0,0.0,0.0,0.0,0.0,0.0,0.0,0.0,0.002566058713078421,0.08512105654844472,0.026012599275247905,0.050656280095151295,0.08900701988595142
1758362636.873533,2025-09-20T19:03:56.873533,20250920_190339,2.185773283942711,4.781232168313908,0.0,-2.9806994649850855,0.007567373144558682,0.00028738379295735467,0.0,0.0,0.0,0.0,0.0006805219061907896,0.0,0.0,0.0,0.0,0.0,0.0,0.0,0.0,0.0,0.0,0.0,0.0,0.0,0.0024188805881894667,0.08699064975362975,0.026086814795808048,0.049182116548492166,0.09081792251945357
1758362636.8969529,2025-09-20T19:03:56.896953,20250920_190339,2.163846720494676,4.775812488002614,0.0,-2.953667523736678,0.00719547672575983,0.00037251518405293437,0.0,0.0,0.0,0.0,0.000627480266665186,0.0,0.0,0.0,0.0,0.0,0.0,0.0,0.0,0.0,0.0,0.0,0.0,0.0,0.002495494420621754,0.08482615590582795,0.025049556216930988,0.0499549238876585,0.0884474815493636
1758362636.9252322,2025-09-20T19:03:56.925232,20250920_190339,2.147694988025381,4.771976525922524,0.0,-2.9349644434079503,0.006566632252967236,0.0003569919661012474,0.0,0.0,0.0,0.0,0.000630144345983531,0.0,0.0,0.0,0.0,0.0,0.0,0.0,0.0,0.0,0.0,0.0,0.0,0.0,0.002638496179785442,0.08103475953544402,0.02510267607215476,0.05136629419945965,0.08483381754318714
1758362636.9557586,2025-09-20T19:03:56.955759,20250920_190339,2.1184480816397073,4.766241459265711,0.0,-2.898303038285768,0.007551284820804417,0.00048527868688594007,0.0,0.0,0.0,0.0,0.0006281412388130625,0.0,0.0,0.0,0.0,0.0,0.0,0.0,0.0,0.0,0.0,0.0,0.0,0.0,0.002515330580374441,0.08689812898333552,0.02506274603496318,0.05015307149491884,0.09044017945370011
1758362636.975641,2025-09-20T19:03:56.975641,20250920_190339,2.104935538558413,4.760870184772785,0.0,-2.878419708774564,0.007129575858573971,0.0006170736790534248,0.0,0.0,0.0,0.0,0.000609491816950547,0.0,0.0,0.0,0.0,0.0,0.0,0.0,0.0,0.0,0.0,0.0,0.0,0.0,0.002437604112918137,0.08443681577708843,0.024687888061771242,0.04937209852657812,0.08797197096532804
1758362636.9970021,2025-09-20T19:03:56.997002,20250920_190339,2.080056394492967,4.7542361833539974,0.0,-2.849953688613541,0.007366142459102066,0.0007050022260681335,0.0,0.0,0.0,0.0,0.0006287958164565789,0.0,0.0,0.0,0.0,0.0,0.0,0.0,0.0,0.0,0.0,0.0,0.0,0.0,0.002667406860701026,0.08582623409600393,0.0250758014120502,0.05164694435008741,0.08941441872292548
1758362637.0160327,2025-09-20T19:03:57.016033,20250920_190339,2.064296039472846,4.748079007369584,0.0,-2.8314838525086365,0.006825325566014758,0.0007769013371269945,0.0,0.0,0.0,0.0,0.0006633954829160296,0.0,0.0,0.0,0.0,0.0,0.0,0.0,0.0,0.0,0.0,0.0,0.0,0.0,0.0026659501704259505,0.08261552860095224,0.025756464876143807,0.05163284003835108,0.08653739682316997
1758362637.0402086,2025-09-20T19:03:57.040209,20250920_190339,2.0436681790145865,4.741005857263296,0.0,-2.804509975623958,0.006527322638555947,0.0009384589322221713,0.0,0.0,0.0,0.0,0.0007053431761030388,0.0,0.0,0.0,0.0,0.0,0.0,0.0,0.0,0.0,0.0,0.0,0.0,0.0,0.0025298829932482525,0.08079184759959353,0.026558297688350413,0.05029794223671832,0.0850450810726816
1758362637.0876563,2025-09-20T19:03:57.087656,20250920_190339,2.0280116276973343,4.734893146781113,0.0,-2.7774870006499404,0.005590820835342214,0.000823741334268451,0.0,0.0,0.0,0.0,0.0006903051968436279,0.0,0.0,0.0,0.0,0.0,0.0,0.0,0.0,0.0,0.0,0.0,0.0,0.0,0.0025202511856183764,0.07477179170878691,0.02627365975351793,0.050202103398347526,0.07925355532836266
1758362637.1053858,2025-09-20T19:03:57.105386,20250920_190339,2.010982711606089,4.726405586392598,0.0,-2.752433068988143,0.00542614207713621,0.0010273583239066156,0.0,0.0,0.0,0.0,0.0008507975244910895,0.0,0.0,0.0,0.0,0.0,0.0,0.0,0.0,0.0,0.0,0.0,0.0,0.0,0.0022519747876246546,0.07366235183006452,0.029168433699653627,0.047454976426341784,0.0792271392997835
1758362637.1276486,2025-09-20T19:03:57.127649,20250920_190339,1.9912650910639442,4.718656561128489,0.0,-2.730719072574158,0.005587975676213596,0.0010906924633127674,0.0,0.0,0.0,0.0,0.0009207623737993663,0.0,0.0,0.0,0.0,0.0,0.0,0.0,0.0,0.0,0.0,0.0,0.0,0.0,0.0023866710417527583,0.07475276366940285,0.03034406653366299,0.048853567339067046,0.08067675036844854
1758362637.1582477,2025-09-20T19:03:57.158248,20250920_190339,1.9572346385362522,4.703530146995254,0.0,-2.6947520943306795,0.005278328784872477,0.0010841441902192358,0.0,0.0,0.0,0.0,0.000998326814017628,0.0,0.0,0.0,0.0,0.0,0.0,0.0,0.0,0.0,0.0,0.0,0.0,0.0,0.002491772232794386,0.07265210791761294,0.03159631013295109,0.04991765452016336,0.07922534694711096
1758362637.1786668,2025-09-20T19:03:57.178667,20250920_190339,1.942536716708188,4.695996203791427,0.0,-2.6756023588093005,0.00459330963591135,0.0010611257934738454,0.0,0.0,0.0,0.0,0.001010988292794653,0.0,0.0,0.0,0.0,0.0,0.0,0.0,0.0,0.0,0.0,0.0,0.0,0.0,0.0024563635720794,0.06777395986594963,0.03179604209323313,0.04956171478146615,0.07486185897174878
1758362637.198487,2025-09-20T19:03:57.198487,20250920_190339,1.9153704115646821,4.682791465653719,0.0,-2.6458348762503876,0.005096875175673387,0.0014511262304787369,0.0,0.0,0.0,0.0,0.0012277763354848403,0.0,0.0,0.0,0.0,0.0,0.0,0.0,0.0,0.0,0.0,0.0,0.0,0.0,0.0027941754806758918,0.07139240278680489,0.0350396394885113,0.05285996103551242,0.0795276776421783
1758362637.2233868,2025-09-20T19:03:57.223387,20250920_190339,1.9050152066762058,4.674395649977909,0.0,-2.6247288228038927,0.004583049965247113,0.001491052726697623,0.0,0.0,0.0,0.0,0.0013012747908485427,0.0,0.0,0.0,0.0,0.0,0.0,0.0,0.0,0.0,0.0,0.0,0.0,0.0,0.0025971105407015917,0.06769822719427085,0.03607318659126946,0.0509618537800735,0.07670935246823334
1758362637.2535686,2025-09-20T19:03:57.253569,20250920_190339,1.882090505216217,4.662354043576657,0.0,-2.5969030103199615,0.004945733046539492,0.0017327984455554263,0.0,0.0,0.0,0.0,0.0013940214022638965,0.0,0.0,0.0,0.0,0.0,0.0,0.0,0.0,0.0,0.0,0.0,0.0,0.0,0.002529624912990496,0.07032590594183265,0.037336596018703906,0.05029537665621459,0.07962257499480527
1758362637.2796679,2025-09-20T19:03:57.279668,20250920_190339,1.8626783234331115,4.652463074234821,0.0,-2.5804198640270646,0.004892907839929215,0.0015997411976363257,0.0,0.0,0.0,0.0,0.0013081271569341487,0.0,0.0,0.0,0.0,0.0,0.0,0.0,0.0,0.0,0.0,0.0,0.0,0.0,0.0022567207791769407,0.06994932337005995,0.0361680405459592,0.04750495531180869,0.07874665070251155
1758362637.2921839,2025-09-20T19:03:57.292184,20250920_190339,1.8394824275973825,4.639564016330349,0.0,-2.553235017612322,0.004627852513840135,0.0016337556255917203,0.0,0.0,0.0,0.0,0.0014274519893177435,0.0,0.0,0.0,0.0,0.0,0.0,0.0,0.0,0.0,0.0,0.0,0.0,0.0,0.0024193506017277868,0.06802832140983736,0.03778163560935052,0.04918689461358367,0.07781583709732794
1758362637.3219664,2025-09-20T19:03:57.321966,20250920_190339,1.8290271242445166,4.6284262279887605,0.0,-2.5342013767297615,0.004744171376100584,0.0019063417582144964,0.0,0.0,0.0,0.0,0.0015305455751471653,0.0,0.0,0.0,0.0,0.0,0.0,0.0,0.0,0.0,0.0,0.0,0.0,0.0,0.002511482510564984,0.06887794549854535,0.03912218776023607,0.05011469355952388,0.07921311098074453
1758362637.3667986,2025-09-20T19:03:57.366799,20250920_190339,1.8068561825499023,4.611966423112321,0.0,-2.499613346178107,0.0048990141141382944,0.0021326251363635897,0.0,0.0,0.0,0.0,0.0017371249237225935,0.0,0.0,0.0,0.0,0.0,0.0,0.0,0.0,0.0,0.0,0.0,0.0,0.0,0.0025992389038045167,0.06999295760387822,0.04167883064245677,0.050982731427459994,0.08146250080780044
1758362637.3706803,2025-09-20T19:03:57.370680,20250920_190339,1.7872339981534278,4.597069375041717,0.0,-2.477368434624317,0.004863691794602988,0.002186885133848868,0.0,0.0,0.0,0.0,0.0019338763966895128,0.0,0.0,0.0,0.0,0.0,0.0,0.0,0.0,0.0,0.0,0.0,0.0,0.0,0.002765617003715731,0.06974017346266775,0.043975861522993646,0.052589133893949334,0.08244736618772307
1758362637.3963666,2025-09-20T19:03:57.396367,20250920_190339,1.7605831967143186,4.578252168554949,0.0,-2.4493158075455255,0.004409140488951574,0.002122974752460074,0.0,0.0,0.0,0.0,0.001929657922800086,0.0,0.0,0.0,0.0,0.0,0.0,0.0,0.0,0.0,0.0,0.0,0.0,0.0,0.0027627367625888072,0.06640135908964194,0.043927871821886455,0.052561742385396695,0.07961657121323211
1758362637.4252808,2025-09-20T19:03:57.425281,20250920_190339,1.7480154317212642,4.566293241345547,0.0,-2.422608834079247,0.004603798056846687,0.0023607466348702436,0.0,0.0,0.0,0.0,0.002280179084410124,0.0,0.0,0.0,0.0,0.0,0.0,0.0,0.0,0.0,0.0,0.0,0.0,0.0,0.0027190401183428445,0.06785129370061184,0.04775122076355875,0.05214441598429159,0.0829697362973802
1758362637.4556289,2025-09-20T19:03:57.455629,20250920_190339,1.726238224449732,4.548444754766297,0.0,-2.3964732366254986,0.0053642254394878075,0.0028720798136831517,0.0,0.0,0.0,0.0,0.0027574446135361537,0.0,0.0,0.0,0.0,0.0,0.0,0.0,0.0,0.0,0.0,0.0,0.0,0.0,0.0027783591269022337,0.0732408727384362,0.05251137603925604,0.05271014254298914,0.0901203087712418
1758362637.4754517,2025-09-20T19:03:57.475452,20250920_190339,1.7157160444957116,4.537991471939312,0.0,-2.375787451541236,0.0057371306689685585,0.0030952142881840706,0.0,0.0,0.0,0.0,0.002882937300829241,0.0,0.0,0.0,0.0,0.0,0.0,0.0,0.0,0.0,0.0,0.0,0.0,0.0,0.0025662986104915088,0.07574384905039193,0.05369299117044273,0.05065864793390669,0.0928443211499648
1758362637.4933894,2025-09-20T19:03:57.493389,20250920_190339,1.6969398440324543,4.517785231488536,0.0,-2.348111293561258,0.0057710481805966635,0.0033514236866136115,0.0,0.0,0.0,0.0,0.003221227299381392,0.0,0.0,0.0,0.0,0.0,0.0,0.0,0.0,0.0,0.0,0.0,0.0,0.0,0.0027005570683303753,0.07596741525546769,0.05675585696103436,0.05196688434311196,0.09482760927060249
1758362637.5199573,2025-09-20T19:03:57.519957,20250920_190339,1.6834437504068198,4.503887276550893,0.0,-2.3264752046984105,0.0053625116695426925,0.0030512472715526445,0.0,0.0,0.0,0.0,0.0030097426066598445,0.0,0.0,0.0,0.0,0.0,0.0,0.0,0.0,0.0,0.0,0.0,0.0,0.0,0.002574082089301524,0.07322917225766445,0.0548611210846064,0.05073541257643939,0.091500023367224
1758362637.5650766,2025-09-20T19:03:57.565077,20250920_190339,1.663869727614869,4.4840096838033165,0.0,-2.298221795392929,0.0056775413423140585,0.003507989336515306,0.0,0.0,0.0,0.0,0.003459162351951681,0.0,0.0,0.0,0.0,0.0,0.0,0.0,0.0,0.0,0.0,0.0,0.0,0.0,0.002966642369049532,0.07534946146001349,0.05881464402639602,0.054466892412267584,0.09558610617796783
1758362637.5718596,2025-09-20T19:03:57.571860,20250920_190339,1.6509853836168618,4.472341273461266,0.0,-2.280902208689226,0.005156386698224964,0.0032361295805038415,0.0,0.0,0.0,0.0,0.003523355914047055,0.0,0.0,0.0,0.0,0.0,0.0,0.0,0.0,0.0,0.0,0.0,0.0,0.0,0.0027634706379439,0.07180798491967981,0.059357863118942006,0.052568723000886185,0.0931651362488781
1758362637.5982668,2025-09-20T19:03:57.598267,20250920_190339,1.6293980958799643,4.448707750203404,0.0,-2.25513821467985,0.004538031628212973,0.0028222228961285404,0.0,0.0,0.0,0.0,0.0033030898020039233,0.0,0.0,0.0,0.0,0.0,0.0,0.0,0.0,0.0,0.0,0.0,0.0,0.0,0.0028673709859931523,0.06736491392567033,0.05747251344776843,0.05354783829430608,0.08855010688992361
1758362637.6178567,2025-09-20T19:03:57.617857,20250920_190339,1.6207188106668935,4.436981492734217,0.0,-2.2358776418445694,0.004996847478721393,0.003239348494976932,0.0,0.0,0.0,0.0,0.003422266209275758,0.0,0.0,0.0,0.0,0.0,0.0,0.0,0.0,0.0,0.0,0.0,0.0,0.0,0.003013522512960565,0.07068838291205559,0.058500138540654396,0.05489556004779043,0.09175572836611974
1758362637.6588998,2025-09-20T19:03:57.658900,20250920_190339,1.604642845212686,4.412326639952101,0.0,-2.2073436086919616,0.005141689341904028,0.0034464008271832625,0.0,0.0,0.0,0.0,0.003726892877524031,0.0,0.0,0.0,0.0,0.0,0.0,0.0,0.0,0.0,0.0,0.0,0.0,0.0,0.0029433406718458242,0.07170557399466257,0.0610482831660648,0.05425256373523581,0.09417315020444023
1758362637.6788204,2025-09-20T19:03:57.678820,20250920_190339,1.5931906627590215,4.398692586189217,0.0,-2.1908805981340427,0.004699962416896081,0.0030524800256049476,0.0,0.0,0.0,0.0,0.003492044605197707,0.0,0.0,0.0,0.0,0.0,0.0,0.0,0.0,0.0,0.0,0.0,0.0,0.0,0.002235041533455103,0.0685562719005058,0.05909352422387505,0.047276225879982245,0.09050970678382396
1758362637.6996722,2025-09-20T19:03:57.699672,20250920_190339,1.5748396872636896,4.375110223267407,0.0,-2.160457640990276,0.004722248799366788,0.0033171404472247426,0.0,0.0,0.0,0.0,0.003893295320673722,0.0,0.0,0.0,0.0,0.0,0.0,0.0,0.0,0.0,0.0,0.0,0.0,0.0,0.0024872855914963472,0.06871862047048666,0.06239627649686896,0.04987269384639602,0.09281995539775113
1758362637.7174578,2025-09-20T19:03:57.717458,20250920_190339,1.5616426719896948,4.356036284970877,0.0,-2.1388419826321843,0.004053839396588683,0.0030575837769684874,0.0,0.0,0.0,0.0,0.004002565179596767,0.0,0.0,0.0,0.0,0.0,0.0,0.0,0.0,0.0,0.0,0.0,0.0,0.0,0.0019625685507325876,0.0636697683095257,0.06326582947845359,0.04430088656824587,0.08975747643614682
1758362637.7640855,2025-09-20T19:03:57.764086,20250920_190339,1.5464779672697007,4.332437063282732,0.0,-2.1077772870101548,0.0038116997941544466,0.00304247852803536,0.0,0.0,0.0,0.0,0.004262281455779531,0.0,0.0,0.0,0.0,0.0,0.0,0.0,0.0,0.0,0.0,0.0,0.0,0.0,0.0024367121340601048,0.06173896495856119,0.06528615056640674,0.049363064471931895,0.0898553351222618
1758362637.7782133,2025-09-20T19:03:57.778213,20250920_190339,1.5400447389313245,4.314732571657515,0.0,-2.0896332609092125,0.003563123509964911,0.002988972073570888,0.0,0.0,0.0,0.0,0.004258229095777166,0.0,0.0,0.0,0.0,0.0,0.0,0.0,0.0,0.0,0.0,0.0,0.0,0.0,0.0026604657918779056,0.059691904894758646,0.06525510781369659,0.05157970329381418,0.08843841137052429
1758362637.8097467,2025-09-20T19:03:57.809747,20250920_190339,1.5304823159551073,4.296744800461816,0.0,-2.0654914745194435,0.0034378396388323163,0.002782437124316665,0.0,0.0,0.0,0.0,0.004019890886133207,0.0,0.0,0.0,0.0,0.0,0.0,0.0,0.0,0.0,0.0,0.0,0.0,0.0,0.0030787897896244437,0.058633093375945265,0.06340260945839064,0.055486843392145165,0.08635815262594218
1758362637.8194773,2025-09-20T19:03:57.819477,20250920_190339,1.5201569960421462,4.280519015461615,0.0,-2.045401877800083,0.0033821401600342667,0.002733973944076775,0.0,0.0,0.0,0.0,0.004224977486452792,0.0,0.0,0.0,0.0,0.0,0.0,0.0,0.0,0.0,0.0,0.0,0.0,0.0,0.0031442171464556865,0.05815617043817678,0.06499982681863692,0.05607331938146418,0.08721879181969364
1758362637.8628228,2025-09-20T19:03:57.862823,20250920_190339,1.5067658639917536,4.25280988183783,0.0,-2.013878884263147,0.0033718901386276525,0.0028355731632140105,0.0,0.0,0.0,0.0,0.004563330443561301,0.0,0.0,0.0,0.0,0.0,0.0,0.0,0.0,0.0,0.0,0.0,0.0,0.0,0.0034640471575183816,0.05806797859946265,0.06755242736986808,0.0588561564963121,0.08907985508625928
1758362637.8777962,2025-09-20T19:03:57.877796,20250920_190339,1.4998774765912846,4.235585041469679,0.0,-1.9995981566032848,0.002960677875530198,0.0025422814978688538,0.0,0.0,0.0,0.0,0.004549183443909343,0.0,0.0,0.0,0.0,0.0,0.0,0.0,0.0,0.0,0.0,0.0,0.0,0.0,0.0030318522945458636,0.054412111478329875,0.06744763482813422,0.055062258349488934,0.08665945603013869
1758362637.90862,2025-09-20T19:03:57.908620,20250920_190339,1.490891639416994,4.211821955728469,0.0,-2.0219933201337685,0.002966128599734192,0.002747364478782269,0.0,0.0,0.0,0.0,0.005163137328444168,0.0,0.0,0.0,0.0,0.0,0.0,0.0,0.0,0.0,0.0,0.0,0.0,0.0,0.0031549699308427797,0.05446217586301701,0.07185497427766688,0.05616911901430162,0.09016244189338685
1758362637.9176276,2025-09-20T19:03:57.917628,20250920_190339,1.483127721844788,4.191901500440186,0.0,-2.0342804375426655,0.003056985122132821,0.002782989101539684,0.0,0.0,0.0,0.0,0.005278540075537558,0.0,0.0,0.0,0.0,0.0,0.0,0.0,0.0,0.0,0.0,0.0,0.0,0.0,0.003136239272981648,0.055290009243377965,0.07265356202924643,0.056002136325158595,0.09129909746361341
1758362637.957844,2025-09-20T19:03:57.957844,20250920_190339,1.4645761636693153,4.155810702333597,0.0,-2.0606911037661653,0.0030152245930785606,0.0028119037721165037,0.0,0.0,0.0,0.0,0.0050692876749474525,0.0,0.0,0.0,0.0,0.0,0.0,0.0,0.0,0.0,0.0,0.0,0.0,0.0,0.003361448956612963,0.054911060753536356,0.07119893029356167,0.05797800407579553,0.0899139158752749
1758362638.008061,2025-09-20T19:03:58.008061,20250920_190339,1.4501820207611453,4.129555813540893,0.0,-2.0775710822580837,0.002958645378686416,0.0028409602880658685,0.0,0.0,0.0,0.0,0.005322344411247922,0.0,0.0,0.0,0.0,0.0,0.0,0.0,0.0,0.0,0.0,0.0,0.0,0.0,0.003495900737680258,0.05439343139282919,0.07295439953318732,0.05912614259090693,0.09099994390072083
1758362638.0227985,2025-09-20T19:03:58.022799,20250920_190339,1.4421416041279722,4.111425570184621,0.0,-2.085349387047925,0.0028140721957767016,0.00269418024579073,0.0,0.0,0.0,0.0,0.005267460631359937,0.0,0.0,0.0,0.0,0.0,0.0,0.0,0.0,0.0,0.0,0.0,0.0,0.0,0.0037243776582695613,0.05304782932200621,0.07257727351836755,0.06102767944358987,0.08989734605168631
1758362638.043563,2025-09-20T19:03:58.043563,20250920_190339,1.432280331713153,4.090276715296872,0.0,-2.0942129110015175,0.0030344969666221693,0.003121058670456763,0.0,0.0,0.0,0.0,0.005409958441161432,0.0,0.0,0.0,0.0,0.0,0.0,0.0,0.0,0.0,0.0,0.0,0.0,0.0,0.004075265331017348,0.05508626840349752,0.07355241968257355,0.06383780487311064,0.09189371799956514
1758362638.0562456,2025-09-20T19:03:58.056246,20250920_190339,1.417708434767431,4.060661462096665,0.0,-2.108839353990981,0.0031622105256306514,0.0031349289786954445,0.0,0.0,0.0,0.0,0.005367638709739159,0.0,0.0,0.0,0.0,0.0,0.0,0.0,0.0,0.0,0.0,0.0,0.0,0.0,0.003936679869380642,0.056233535596036034,0.07326417070942084,0.06274296669253568,0.09235718291161663
1758362638.0750868,2025-09-20T19:03:58.075087,20250920_190339,1.4094839411432465,4.04248149688516,0.0,-2.1161336654136953,0.0034095618220441816,0.0034379717817369392,0.0,0.0,0.0,0.0,0.005645450030349181,0.0,0.0,0.0,0.0,0.0,0.0,0.0,0.0,0.0,0.0,0.0,0.0,0.0,0.003789184797581109,0.05839145333046765,0.07513620984817627,0.061556354648249836,0.09515782601758703
1758362638.113612,2025-09-20T19:03:58.113612,20250920_190339,1.3940781416801553,4.016634296074379,0.0,-2.1329403437386327,0.0034059540020454668,0.003605038333458809,0.0,0.0,0.0,0.0,0.0061780181128492035,0.0,0.0,0.0,0.0,0.0,0.0,0.0,0.0,0.0,0.0,0.0,0.0,0.0,0.00442555790062478,0.058360551762688694,0.07860036967374393,0.06652486678396868,0.09789776358474524
1758362638.1225483,2025-09-20T19:03:58.122548,20250920_190339,1.3851964682266305,4.001413941977651,0.0,-2.1211525454430817,0.003406967828923021,0.00379600041462089,0.0,0.0,0.0,0.0,0.006510150461199369,0.0,0.0,0.0,0.0,0.0,0.0,0.0,0.0,0.0,0.0,0.0,0.0,0.0,0.004803489990667288,0.05836923700823081,0.08068550341417824,0.06930721456433873,0.09958472920143123
1758362638.1529877,2025-09-20T19:03:58.152988,20250920_190339,1.3756844039167977,3.9834529260735145,0.0,-2.1058388738847493,0.0031729319949013,0.003680661264041137,0.0,0.0,0.0,0.0,0.006659093051554338,0.0,0.0,0.0,0.0,0.0,0.0,0.0,0.0,0.0,0.0,0.0,0.0,0.0,0.005332862067039272,0.056328784780974105,0.08160326618190192,0.07302644772299466,0.09915656834751613
1758362638.1754875,2025-09-20T19:03:58.175488,20250920_190339,1.3691786380028064,3.970736760474023,0.0,-2.08846636985375,0.002759863468842114,0.0033310997246318677,0.0,0.0,0.0,0.0,0.006525352962082813,0.0,0.0,0.0,0.0,0.0,0.0,0.0,0.0,0.0,0.0,0.0,0.0,0.0,0.006065096645848517,0.05253440271709686,0.08077965685791698,0.07787873038159082,0.09635982788966015
1758362638.1988034,2025-09-20T19:03:58.198803,20250920_190339,1.3605032614657098,3.953502839530607,0.0,-2.0734381835409637,0.0027786173088851784,0.003293437310792757,0.0,0.0,0.0,0.0,0.006395158918104257,0.0,0.0,0.0,0.0,0.0,0.0,0.0,0.0,0.0,0.0,0.0,0.0,0.0,0.006915659261571521,0.052712591559182315,0.07996973751428885,0.0831604428894623,0.0957798320471979
1758362638.2108908,2025-09-20T19:03:58.210891,20250920_190339,1.3554085282597195,3.9468652802129705,0.0,-2.0497844146793316,0.002591226447775271,0.003400980374823138,0.0,0.0,0.0,0.0,0.006937919326753135,0.0,0.0,0.0,0.0,0.0,0.0,0.0,0.0,0.0,0.0,0.0,0.0,0.0,0.00783997349843128,0.050904090678208475,0.08329417342619551,0.0885436248322333,0.09761734361540682
1758362638.239237,2025-09-20T19:03:58.239237,20250920_190339,1.3505724460209965,3.9421931693139305,0.0,-2.023612840849232,0.0021568670228920756,0.002976382655301786,0.0,0.0,0.0,0.0,0.006458829239307726,0.0,0.0,0.0,0.0,0.0,0.0,0.0,0.0,0.0,0.0,0.0,0.0,0.0,0.007618738380170897,0.04644208245645404,0.08036684166562555,0.08728538468822199,0.09282077494936035
1758362638.281884,2025-09-20T19:03:58.281884,20250920_190339,1.3501040792957024,3.9407005382104145,0.0,-1.9984760469725213,0.001763649710792131,0.0027091484450989614,0.0,0.0,0.0,0.0,0.0059544062006580455,0.0,0.0,0.0,0.0,0.0,0.0,0.0,0.0,0.0,0.0,0.0,0.0,0.0,0.006869087845772429,0.041995829683340355,0.0771647989737422,0.082879960459525,0.08785246673514738
1758362638.2932875,2025-09-20T19:03:58.293288,20250920_190339,1.3455861106079652,3.930461015212253,0.0,-1.9819238820157774,0.0014631684048503504,0.002394806207402602,0.0,0.0,0.0,0.0,0.005472567115046857,0.0,0.0,0.0,0.0,0.0,0.0,0.0,0.0,0.0,0.0,0.0,0.0,0.0,0.005562179842691459,0.03825138435207738,0.07397680119501557,0.07458002308052378,0.08328106339317004
1758362638.3237846,2025-09-20T19:03:58.323785,20250920_190339,1.3465881526462025,3.9347639126629406,0.0,-1.961892559434066,0.0009397718459352876,0.0016819145652120424,0.0,0.0,0.0,0.0,0.004130144065808837,0.0,0.0,0.0,0.0,0.0,0.0,0.0,0.0,0.0,0.0,0.0,0.0,0.0,0.004270580817759734,0.03065569842517517,0.06426619691415415,0.06534968108384105,0.07120334199842115
1758362638.3603525,2025-09-20T19:03:58.360353,20250920_190339,1.3444890739281226,3.9296486360517737,0.0,-1.9532005903304848,0.0008249692143162463,0.0015479781145321158,0.0,0.0,0.0,0.0,0.003759558076009863,0.0,0.0,0.0,0.0,0.0,0.0,0.0,0.0,0.0,0.0,0.0,0.0,0.0,0.003489734424155149,0.028722277317724067,0.061315235268323505,0.059073974169300214,0.06770913742122336
1758362638.3739738,2025-09-20T19:03:58.373974,20250920_190339,1.340857156598534,3.9210798635547794,0.0,-1.9463518648010683,0.0007481509951795536,0.0015006740056797765,0.0,0.0,0.0,0.0,0.003571975099474613,0.0,0.0,0.0,0.0,0.0,0.0,0.0,0.0,0.0,0.0,0.0,0.0,0.0,0.002897143011682031,0.02735234898833286,0.059766002873495004,0.053825115064271165,0.06572766612815463
1758362638.4089916,2025-09-20T19:03:58.408992,20250920_190339,1.3400844750356604,3.9172001518776045,0.0,-1.9419733789051399,0.0005834775013731038,0.0012754137645336863,0.0,0.0,0.0,0.0,0.0032472741515133206,0.0,0.0,0.0,0.0,0.0,0.0,0.0,0.0,0.0,0.0,0.0,0.0,0.0,0.0026638473074069055,0.024155278954570238,0.05698485896721445,0.05161247240160953,0.0618930662747163
1758362638.4165843,2025-09-20T19:03:58.416584,20250920_190339,1.3399149058738393,3.9169982425310415,0.0,-1.933917175971627,0.0004761740900047811,0.001029900806961107,0.0,0.0,0.0,0.0,0.00251837487617737,0.0,0.0,0.0,0.0,0.0,0.0,0.0,0.0,0.0,0.0,0.0,0.0,0.0,0.002110528985925126,0.021821413565687744,0.05018341236083264,0.04594049396692558,0.05472247222286427
1758362638.4681795,2025-09-20T19:03:58.468179,20250920_190339,1.3381334722038665,3.9116739681467236,0.0,-1.9335809040609986,0.0004312385757439143,0.0009525132452267647,0.0,0.0,0.0,0.0,0.0023287205145507976,0.0,0.0,0.0,0.0,0.0,0.0,0.0,0.0,0.0,0.0,0.0,0.0,0.0,0.0017337804209777744,0.020766284591710534,0.04825681832187859,0.041638688992063314,0.05253531279334608
1758362638.5082722,2025-09-20T19:03:58.508272,20250920_190339,1.33672010703151,3.9075184207571416,0.0,-1.9324861231503563,0.0004137311148013751,0.0009237150984091633,0.0,0.0,0.0,0.0,0.002243821307243815,0.0,0.0,0.0,0.0,0.0,0.0,0.0,0.0,0.0,0.0,0.0,0.0,0.0,0.0015819043473641876,0.020340381382888944,0.04736899098823844,0.03977316114371836,0.05155145412153948
1758362638.5179415,2025-09-20T19:03:58.517941,20250920_190339,1.3357916884427559,3.9030818397454445,0.0,-1.9316346503917796,0.0002921507012719142,0.0006868725984114702,0.0,0.0,0.0,0.0,0.0017747017683371635,0.0,0.0,0.0,0.0,0.0,0.0,0.0,0.0,0.0,0.0,0.0,0.0,0.0,0.0013608221518736,0.017092416484274956,0.042127209358526985,0.03688932300644185,0.04546264917060023
1758362638.5393188,2025-09-20T19:03:58.539319,20250920_190339,1.3344638741549326,3.898609309115572,0.0,-1.9306525505264334,0.000264760574831455,0.0006472000675550164,0.0,0.0,0.0,0.0,0.0017375523742781509,0.0,0.0,0.0,0.0,0.0,0.0,0.0,0.0,0.0,0.0,0.0,0.0,0.0,0.001195335929539917,0.016271465048711964,0.04168395823669042,0.03457363055190931,0.044747211635023765
1758362638.5647056,2025-09-20T19:03:58.564706,20250920_190339,1.332916492149124,3.893732355958361,0.0,-1.9307287355468716,0.0002617211745058891,0.0006478583843309408,0.0,0.0,0.0,0.0,0.0017539770061132793,0.0,0.0,0.0,0.0,0.0,0.0,0.0,0.0,0.0,0.0,0.0,0.0,0.0,0.0011493927379838138,0.016177798815224805,0.04188050866588513,0.03390269514336307,0.04489652748954164
1758362638.5781126,2025-09-20T19:03:58.578113,20250920_190339,1.3296024491324492,3.8843877344220643,0.0,-1.9344631695563013,0.0002418322840196048,0.0005958608372571053,0.0,0.0,0.0,0.0,0.0016238497919757041,0.0,0.0,0.0,0.0,0.0,0.0,0.0,0.0,0.0,0.0,0.0,0.0,0.0,0.0010686044461270373,0.01555095765602893,0.040297019641354424,0.03268951584418217,0.0431935420635459
1758362638.6004796,2025-09-20T19:03:58.600480,20250920_190339,1.3283163476485287,3.880294384889433,0.0,-1.9360528765244949,0.00024243210840617835,0.0005877688104078692,0.0,0.0,0.0,0.0,0.001586171463776389,0.0,0.0,0.0,0.0,0.0,0.0,0.0,0.0,0.0,0.0,0.0,0.0,0.0,0.0011090651491974198,0.015570231482100013,0.03982676818141775,0.033302629763990406,0.04276217454927388
1758362638.6228397,2025-09-20T19:03:58.622840,20250920_190339,1.3266852588723559,3.875918252283266,0.0,-1.9353150585279792,0.0002525043498781841,0.0005960336228385496,0.0,0.0,0.0,0.0,0.0015718847752631156,0.0,0.0,0.0,0.0,0.0,0.0,0.0,0.0,0.0,0.0,0.0,0.0,0.0,0.0010354128237415106,0.015890385454046863,0.03964700209679309,0.03217783124670633,0.04271286837876028
1758362638.6658573,2025-09-20T19:03:58.665857,20250920_190339,1.3258143358262802,3.8727213008604227,0.0,-1.9359317641650184,0.0002171114970743836,0.0005283268744630885,0.0,0.0,0.0,0.0,0.001443639449878021,0.0,0.0,0.0,0.0,0.0,0.0,0.0,0.0,0.0,0.0,0.0,0.0,0.0,0.0009330689880907457,0.014734703833955524,0.03799525562327514,0.030546177962074827,0.04075231216694833
1758362638.6825504,2025-09-20T19:03:58.682550,20250920_190339,1.3254192679975,3.8709498880919035,0.0,-1.934768561877821,0.00024077257842844194,0.0005768337837328992,0.0,0.0,0.0,0.0,0.0015383094335762763,0.0,0.0,0.0,0.0,0.0,0.0,0.0,0.0,0.0,0.0,0.0,0.0,0.0,0.0008542501897365417,0.015516848211812925,0.039221288015263804,0.029227558737201124,0.042179165615321486
1758362638.7005172,2025-09-20T19:03:58.700517,20250920_190339,1.32557137964384,3.871282985591886,0.0,-1.9363685913030375,0.0002075506789149156,0.0005126011516478356,0.0,0.0,0.0,0.0,0.0014243932664752016,0.0,0.0,0.0,0.0,0.0,0.0,0.0,0.0,0.0,0.0,0.0,0.0,0.0,0.0008121356306429114,0.014406619274309834,0.037741134938886,0.028497993449415195,0.04039732596831277
1758362638.7453988,2025-09-20T19:03:58.745399,20250920_190339,1.3251246400621146,3.870207123622289,0.0,-1.9399839749363539,0.00019812635732655102,0.0004947106623804567,0.0,0.0,0.0,0.0,0.0013909501384029646,0.0,0.0,0.0,0.0,0.0,0.0,0.0,0.0,0.0,0.0,0.0,0.0,0.0,0.0007379569800040835,0.014075736475458433,0.03729544393626338,0.027165363608906166,0.039863222345032714
1758362638.7688282,2025-09-20T19:03:58.768828,20250920_190339,1.3237741179059863,3.866974940487865,0.0,-1.9444011339242613,0.00017772334669945372,0.00044214290669126614,0.0,0.0,0.0,0.0,0.001259975471591158,0.0,0.0,0.0,0.0,0.0,0.0,0.0,0.0,0.0,0.0,0.0,0.0,0.0,0.0007567123985830182,0.013331292011633895,0.035496133192097955,0.02750840596223304,0.037916999067576694
1758362638.7813818,2025-09-20T19:03:58.781382,20250920_190339,1.3222253715206451,3.86433772753351,0.0,-1.9504902371539057,0.00018522913407265643,0.0004498761636389783,0.0,0.0,0.0,0.0,0.0012598100513207101,0.0,0.0,0.0,0.0,0.0,0.0,0.0,0.0,0.0,0.0,0.0,0.0,0.0,0.0007809665642108696,0.013609891038235995,0.03549380299884348,0.0279457790052607,0.0380136710328451
1758362638.7916183,2025-09-20T19:03:58.791618,20250920_190339,1.3198793647459546,3.8578929940470807,0.0,-1.9559265618513084,0.00019824934532379485,0.00048129552060654265,0.0,0.0,0.0,0.0,0.0013411598752496989,0.0,0.0,0.0,0.0,0.0,0.0,0.0,0.0,0.0,0.0,0.0,0.0,0.0,0.0007595101982859105,0.014080104592075829,0.036621849697273605,0.02755921258464963,0.039235305791767365
1758362638.813597,2025-09-20T19:03:58.813597,20250920_190339,1.3182597861083123,3.8524374772735452,0.0,-1.9582777157284534,0.00017185892675918927,0.0004367818726377915,0.0,0.0,0.0,0.0,0.0012892589575945938,0.0,0.0,0.0,0.0,0.0,0.0,0.0,0.0,0.0,0.0,0.0,0.0,0.0,0.0006981231421727088,0.013109497578442481,0.035906252346835,0.026422020024455147,0.03822457173538748
1758362638.8629599,2025-09-20T19:03:58.862960,20250920_190339,1.3167847817793439,3.8494076028622235,0.0,-1.964967330712617,0.00014711664740014655,0.0003786219682765228,0.0,0.0,0.0,0.0,0.0011588963837930498,0.0,0.0,0.0,0.0,0.0,0.0,0.0,0.0,0.0,0.0,0.0,0.0,0.0,0.0007227593366470944,0.012129165156767655,0.03404256723270221,0.02688418376382468,0.03613880229328576
1758362638.8785326,2025-09-20T19:03:58.878533,20250920_190339,1.3136865692373423,3.841477688082153,0.0,-1.969968007979358,0.00014639964778984387,0.0003757301901379388,0.0,0.0,0.0,0.0,0.0011722499244921586,0.0,0.0,0.0,0.0,0.0,0.0,0.0,0.0,0.0,0.0,0.0,0.0,0.0,0.0007794414013344474,0.012099572215158843,0.03423813552885377,0.027918477776097454,0.036313214843662664
1758362638.8956141,2025-09-20T19:03:58.895614,20250920_190339,1.3123445091626935,3.837899181664218,0.0,-1.9704994942180127,0.00014108962822296882,0.0003730444088629141,0.0,0.0,0.0,0.0,0.0011875193033131155,0.0,0.0,0.0,0.0,0.0,0.0,0.0,0.0,0.0,0.0,0.0,0.0,0.0,0.0006843244521516621,0.011878115516485299,0.03446040196099163,0.02615959579488303,0.03645008822398218
1758362638.9169934,2025-09-20T19:03:58.916993,20250920_190339,1.3100270054634235,3.8333818405191464,0.0,-1.9731460385171513,0.00012955379630162444,0.0003414607671907334,0.0,0.0,0.0,0.0,0.0010990068242898807,0.0,0.0,0.0,0.0,0.0,0.0,0.0,0.0,0.0,0.0,0.0,0.0,0.0,0.0006258621312477321,0.011382170105108447,0.03315127183517822,0.025017236682889903,0.03505082909991581
1758362638.9551103,2025-09-20T19:03:58.955110,20250920_190339,1.3055632082577744,3.822243500715287,0.0,-1.9702391806880337,0.00013972165784103348,0.00037633793951215874,0.0,0.0,0.0,0.0,0.0012340574674829018,0.0,0.0,0.0,0.0,0.0,0.0,0.0,0.0,0.0,0.0,0.0,0.0,0.0,0.0006164542734888086,0.01182039161115373,0.03512915409574933,0.024828497205606478,0.03706452650883234
1758362638.9793696,2025-09-20T19:03:58.979370,20250920_190339,1.304095048533487,3.8197732613467203,0.0,-1.9682985539452986,0.00014516885872976909,0.000382329066062672,0.0,0.0,0.0,0.0,0.0012399666535922987,0.0,0.0,0.0,0.0,0.0,0.0,0.0,0.0,0.0,0.0,0.0,0.0,0.0,0.0006625757648836264,0.012048604015809013,0.0352131602329626,0.025740547097597332,0.037217408726590136
1758362639.0134537,2025-09-20T19:03:59.013454,20250920_190339,1.2997522854520094,3.810260216528959,0.0,-1.9592369494205346,0.00015347175187792659,0.000396834849733165,0.0,0.0,0.0,0.0,0.0012870117617159594,0.0,0.0,0.0,0.0,0.0,0.0,0.0,0.0,0.0,0.0,0.0,0.0,0.0,0.0006728816722989304,0.012388371639482188,0.035874946156279584,0.02593996284305223,0.037953702238304576
1758362639.040212,2025-09-20T19:03:59.040212,20250920_190339,1.2956622017026984,3.801041773002804,0.0,-1.9498334363467573,0.00016184321847788604,0.00040793319419678953,0.0,0.0,0.0,0.0,0.0012978729567554566,0.0,0.0,0.0,0.0,0.0,0.0,0.0,0.0,0.0,0.0,0.0,0.0,0.0,0.0006665156805266227,0.012721761610637343,0.03602600389656695,0.025816964975120964,0.038206232151749044
1758362639.063484,2025-09-20T19:03:59.063484,20250920_190339,1.2933699046208424,3.7955941874612242,0.0,-1.942839826829607,0.00014022804306224677,0.00034478768003890604,0.0,0.0,0.0,0.0,0.0011177671259380987,0.0,0.0,0.0,0.0,0.0,0.0,0.0,0.0,0.0,0.0,0.0,0.0,0.0,0.0005987738443379426,0.011841792223402958,0.03343302448086471,0.024469855829937832,0.03546822759880095
1758362639.247241,2025-09-20T19:03:59.247241,20250920_190339,1.289142429859384,3.784767199225296,0.0,-1.9309879594845967,0.00014543721482842273,0.0003639775327174674,0.0,0.0,0.0,0.0,0.0012282141398952688,0.0,0.0,0.0,0.0,0.0,0.0,0.0,0.0,0.0,0.0,0.0,0.0,0.0,0.0006744011406773736,0.012059735271904716,0.035045886205020825,0.025969234503107202,0.037062802844950775
1758362639.2514262,2025-09-20T19:03:59.251426,20250920_190339,1.2856120341133077,3.7757907838114653,0.0,-1.922064879073225,0.00016006158743143097,0.0003857181493368304,0.0,0.0,0.0,0.0,0.0012482715214056103,0.0,0.0,0.0,0.0,0.0,0.0,0.0,0.0,0.0,0.0,0.0,0.0,0.0,0.0006758079973734271,0.012651544863431934,0.0353308862244582,0.025996307379576568,0.037527764506256445
1758362639.255606,2025-09-20T19:03:59.255606,20250920_190339,1.2824346445337855,3.7669394007589396,0.0,-1.9144170401725313,0.00016964711375193873,0.0003936698325368926,0.0,0.0,0.0,0.0,0.0012420769756961469,0.0,0.0,0.0,0.0,0.0,0.0,0.0,0.0,0.0,0.0,0.0,0.0,0.0,0.0007126874277761175,0.013024865210509426,0.03524311245755895,0.026696206243137198,0.03757291696751911
1758362639.259611,2025-09-20T19:03:59.259611,20250920_190339,1.2764207436646076,3.7506206832778215,0.0,-1.9020927909326064,0.00017884682760765895,0.0004116257987091419,0.0,0.0,0.0,0.0,0.0013126150646788502,0.0,0.0,0.0,0.0,0.0,0.0,0.0,0.0,0.0,0.0,0.0,0.0,0.0,0.0008780110745925377,0.013373362614079488,0.03623002987410927,0.029631251654166378,0.03861944966317502
1758362639.2636046,2025-09-20T19:03:59.263605,20250920_190339,1.2729045848580194,3.7415597790595534,0.0,-1.8943257794415482,0.00019781578993979896,0.0004634814586558611,0.0,0.0,0.0,0.0,0.0014821349265809703,0.0,0.0,0.0,0.0,0.0,0.0,0.0,0.0,0.0,0.0,0.0,0.0,0.0,0.001015141566438187,0.01406470013686033,0.03849850551100614,0.03186128632742544,0.04098720186254204
1758362639.2682168,2025-09-20T19:03:59.268217,20250920_190339,1.2689494128044116,3.7324760360826814,0.0,-1.897366690188893,0.00021135485609638367,0.0004927356662422607,0.0,0.0,0.0,0.0,0.0015785053142482817,0.0,0.0,0.0,0.0,0.0,0.0,0.0,0.0,0.0,0.0,0.0,0.0,0.0,0.0010834780544529468,0.014538048565621992,0.039730407929547885,0.03291622782842753,0.042306739065362454
1758362639.2715738,2025-09-20T19:03:59.271574,20250920_190339,1.2633267299576225,3.7188005230730927,0.0,-1.8993164585034192,0.0002353769540822595,0.00054017949242016,0.0,0.0,0.0,0.0,0.00169007584148521,0.0,0.0,0.0,0.0,0.0,0.0,0.0,0.0,0.0,0.0,0.0,0.0,0.0,0.0011828188788429496,0.015341999676778106,0.04111053200197256,0.034392133967565165,0.04387998171794821
1758362639.2776177,2025-09-20T19:03:59.277618,20250920_190339,1.2605607759887163,3.709973535329757,0.0,-1.8968731955745184,0.0002923170633364142,0.000675621336268518,0.0,0.0,0.0,0.0,0.0019829474089863245,0.0,0.0,0.0,0.0,0.0,0.0,0.0,0.0,0.0,0.0,0.0,0.0,0.0,0.001175839198446057,0.01709728233774053,0.044530297652119105,0.03429051178454555,0.047699732413533924
1758362639.2848604,2025-09-20T19:03:59.284860,20250920_190339,1.2561650964921365,3.698667202585994,0.0,-1.8992844360754833,0.00028839928212306173,0.000662515087583043,0.0,0.0,0.0,0.0,0.001988902825827807,0.0,0.0,0.0,0.0,0.0,0.0,0.0,0.0,0.0,0.0,0.0,0.0,0.0,0.0013044060504148935,0.01698232263629041,0.044597116788283604,0.036116561996055126,0.04772108661745737
1758362639.3051863,2025-09-20T19:03:59.305186,20250920_190339,1.2518507205632008,3.6863551822246525,0.0,-1.899474075563705,0.0002788564730861871,0.0006203179088364837,0.0,0.0,0.0,0.0,0.0018422212313037045,0.0,0.0,0.0,0.0,0.0,0.0,0.0,0.0,0.0,0.0,0.0,0.0,0.0,0.0012403763596989645,0.016698996170015343,0.04292110473069984,0.03521897726651023,0.046055159367761306
1758362639.3257654,2025-09-20T19:03:59.325765,20250920_190339,1.2483793198368354,3.6752880270095227,0.0,-1.9001430621113227,0.0002459667553392603,0.0005137159852739463,0.0,0.0,0.0,0.0,0.0015163913226213528,0.0,0.0,0.0,0.0,0.0,0.0,0.0,0.0,0.0,0.0,0.0,0.0,0.0,0.001136569386605952,0.01568332730447402,0.03894086956683624,0.03371304475430767,0.041980448758447225
1758362639.3578675,2025-09-20T19:03:59.357867,20250920_190339,1.2441768444228298,3.662721844096118,0.0,-1.9029787460553917,0.000261017995346106,0.0005442755234941778,0.0,0.0,0.0,0.0,0.001580826168823954,0.0,0.0,0.0,0.0,0.0,0.0,0.0,0.0,0.0,0.0,0.0,0.0,0.0,0.0012644979497281946,0.016156051353784007,0.03975960473676712,0.03555977994487866,0.042916711944999464
1758362639.3776898,2025-09-20T19:03:59.377690,20250920_190339,1.2384407724876179,3.6455221546407857,0.0,-1.9190505561824425,0.00030182460423581266,0.000611710251138049,0.0,0.0,0.0,0.0,0.0017101766939805036,0.0,0.0,0.0,0.0,0.0,0.0,0.0,0.0,0.0,0.0,0.0,0.0,0.0,0.0013211627753346956,0.017373100018010967,0.04135428265585686,0.03634780289556297,0.04485533745516041
1758362639.400625,2025-09-20T19:03:59.400625,20250920_190339,1.235278599742715,3.6360587901073296,0.0,-1.928848398853821,0.00029608262974430545,0.0005492966909380599,0.0,0.0,0.0,0.0,0.0015269050365349526,0.0,0.0,0.0,0.0,0.0,0.0,0.0,0.0,0.0,0.0,0.0,0.0,0.0,0.0012712957178551171,0.017207051744686116,0.03907563226020729,0.035655234087790214,0.04269645964572775
1758362639.4403868,2025-09-20T19:03:59.440387,20250920_190339,1.2298338289347317,3.619522086726618,0.0,-1.9446284552144182,0.00032431342312207997,0.0006782101354756225,0.0,0.0,0.0,0.0,0.0019291651714527548,0.0,0.0,0.0,0.0,0.0,0.0,0.0,0.0,0.0,0.0,0.0,0.0,0.0,0.001055105199261673,0.018008704093356635,0.04392226282254541,0.03248238290614888,0.04747081834743146
1758362639.4591827,2025-09-20T19:03:59.459183,20250920_190339,1.227627692583335,3.6105984174746473,0.0,-1.9508428335679247,0.00035036680592352877,0.0007427765551444988,0.0,0.0,0.0,0.0,0.002068418530873859,0.0,0.0,0.0,0.0,0.0,0.0,0.0,0.0,0.0,0.0,0.0,0.0,0.0,0.0010352653497081924,0.018718087667374806,0.045479869512498154,0.03217553961797987,0.049181148185025
1758362639.484087,2025-09-20T19:03:59.484087,20250920_190339,1.2238712024362985,3.5995556047072816,0.0,-1.9644370080427311,0.00038352126066004525,0.0007972571308674089,0.0,0.0,0.0,0.0,0.002179791371042019,0.0,0.0,0.0,0.0,0.0,0.0,0.0,0.0,0.0,0.0,0.0,0.0,0.0,0.0010260494503808197,0.01958369885032052,0.04668823589558743,0.03203200665554407,0.05062916779586708
1758362639.5235116,2025-09-20T19:03:59.523512,20250920_190339,1.2205472406129647,3.5894937593136613,0.0,-1.9709972954555082,0.00039966927345048677,0.0008153808815681166,0.0,0.0,0.0,0.0,0.002218788009731158,0.0,0.0,0.0,0.0,0.0,0.0,0.0,0.0,0.0,0.0,0.0,0.0,0.0,0.0010566375912533033,0.019991730126491972,0.04710401267122747,0.032505962395432984,0.05117086361574959
1758362639.5455563,2025-09-20T19:03:59.545556,20250920_190339,1.2158951720965614,3.577487129315013,0.0,-1.9798397378320738,0.0003881694850286247,0.0007779127594228814,0.0,0.0,0.0,0.0,0.002165801928772813,0.0,0.0,0.0,0.0,0.0,0.0,0.0,0.0,0.0,0.0,0.0,0.0,0.0,0.0011681642441210686,0.019702017283228252,0.046538177110548855,0.034178417811845364,0.05053683224937469
1758362639.5573301,2025-09-20T19:03:59.557330,20250920_190339,1.2110223295770879,3.564939809049414,0.0,-1.9947549497983352,0.00041832999345974063,0.0007941616388806601,0.0,0.0,0.0,0.0,0.0021634608462128653,0.0,0.0,0.0,0.0,0.0,0.0,0.0,0.0,0.0,0.0,0.0,0.0,0.0,0.0012817241957265091,0.02045311696196305,0.04651301802950294,0.03580117589865603,0.05081132589957288
1758362639.571717,2025-09-20T19:03:59.571717,20250920_190339,1.2062650490726203,3.5514155801507594,0.0,-2.005679140055063,0.0004490811411534402,0.0008597474821739859,0.0,0.0,0.0,0.0,0.002305381567667651,0.0,0.0,0.0,0.0,0.0,0.0,0.0,0.0,0.0,0.0,0.0,0.0,0.0,0.0012413997559116276,0.021191534657816556,0.04801438917311821,0.0352335033159013,0.052482975418902185
1758362639.6156673,2025-09-20T19:03:59.615667,20250920_190339,1.2005353581257228,3.5382212473751533,0.0,-2.017308655110404,0.0005051601484697029,0.0009789948193300172,0.0,0.0,0.0,0.0,0.002541683379302087,0.0,0.0,0.0,0.0,0.0,0.0,0.0,0.0,0.0,0.0,0.0,0.0,0.0,0.001215620040860082,0.02247576802847242,0.05041511062471337,0.03486574308486888,0.05519822033156314
1758362639.6498878,2025-09-20T19:03:59.649888,20250920_190339,1.1945905177233938,3.5257925108622015,0.0,-2.0295930338456096,0.0005325720165798531,0.001019190022568382,0.0,0.0,0.0,0.0,0.0026728134607902766,0.0,0.0,0.0,0.0,0.0,0.0,0.0,0.0,0.0,0.0,0.0,0.0,0.0,0.001442171348037136,0.02307752188992252,0.051699259770235366,0.03797593116747944,0.05661612382855373
1758362639.6635625,2025-09-20T19:03:59.663563,20250920_190339,1.1897728781580603,3.511704873702254,0.0,-2.0379661677359637,0.0005005363450645701,0.0009480025890961912,0.0,0.0,0.0,0.0,0.002546225778244668,0.0,0.0,0.0,0.0,0.0,0.0,0.0,0.0,0.0,0.0,0.0,0.0,0.0,0.0013807450090800406,0.02237266960075552,0.05046014048974366,0.037158377374154006,0.055197482943602036
1758362639.6840796,2025-09-20T19:03:59.684080,20250920_190339,1.1843289408681348,3.50211571031312,0.0,-2.0498493065811583,0.0004943285184470113,0.0008917552864743716,0.0,0.0,0.0,0.0,0.002390905620246201,0.0,0.0,0.0,0.0,0.0,0.0,0.0,0.0,0.0,0.0,0.0,0.0,0.0,0.0015039627851127617,0.02223349991447616,0.048896887633531456,0.03878095905354536,0.053714375531073735
1758362639.6980238,2025-09-20T19:03:59.698024,20250920_190339,1.1795705713103675,3.4923260584101494,0.0,-2.0631604553890868,0.0005365898452193487,0.0009301291665651917,0.0,0.0,0.0,0.0,0.00233512203391665,0.0,0.0,0.0,0.0,0.0,0.0,0.0,0.0,0.0,0.0,0.0,0.0,0.0,0.0017075106463997154,0.023164409019427814,0.04832310041705364,0.04132203584529343,0.053588355816688374
1758362639.7443817,2025-09-20T19:03:59.744382,20250920_190339,1.1725490324162076,3.478956199108028,0.0,-2.077559532805855,0.0005732628083935512,0.0009878143430454597,0.0,0.0,0.0,0.0,0.002503649592564543,0.0,0.0,0.0,0.0,0.0,0.0,0.0,0.0,0.0,0.0,0.0,0.0,0.0,0.0016213281553659692,0.02394290726694549,0.05003648261583285,0.040265719357363644,0.055469923390591536
1758362639.7569094,2025-09-20T19:03:59.756909,20250920_190339,1.1698607887145192,3.4717392277866863,0.0,-2.0834288090542743,0.0005365933194357935,0.000985894787592671,0.0,0.0,0.0,0.0,0.00253224878010248,0.0,0.0,0.0,0.0,0.0,0.0,0.0,0.0,0.0,0.0,0.0,0.0,0.0,0.0015129554662427348,0.02316448400970316,0.050321454471253906,0.03889672822028525,0.055397130787959346
1758362639.7804239,2025-09-20T19:03:59.780424,20250920_190339,1.1631560278477608,3.4586605988130548,0.0,-2.0956503602573013,0.0006379377783077348,0.0012181878239223138,0.0,0.0,0.0,0.0,0.0030249633044893164,0.0,0.0,0.0,0.0,0.0,0.0,0.0,0.0,0.0,0.0,0.0,0.0,0.0,0.0014233378122683541,0.02525743016040497,0.054999666403436634,0.03772714953807608,0.06052190580936006
1758362639.7989087,2025-09-20T19:03:59.798909,20250920_190339,1.15819637570451,3.4490132774790188,0.0,-2.1022474463521155,0.0006138775684591818,0.0011612761039381913,0.0,0.0,0.0,0.0,0.002884370095603936,0.0,0.0,0.0,0.0,0.0,0.0,0.0,0.0,0.0,0.0,0.0,0.0,0.0,0.0014329243774667516,0.02477655279612525,0.05370633198798756,0.03785398760324666,0.05914598603509048
1758362639.8171148,2025-09-20T19:03:59.817115,20250920_190339,1.1522994174713583,3.438905227322605,0.0,-2.114103719951826,0.0006305759410498221,0.0012339864717382143,0.0,0.0,0.0,0.0,0.003053013846948873,0.0,0.0,0.0,0.0,0.0,0.0,0.0,0.0,0.0,0.0,0.0,0.0,0.0,0.0015115510302240276,0.02511127119541785,0.055254084436798634,0.03887867063344666,0.06069258429164716
1758362639.8535206,2025-09-20T19:03:59.853521,20250920_190339,1.1436027627422527,3.42687302843189,0.0,-2.1303319436116337,0.0006712123623389308,0.0012488760057432745,0.0,0.0,0.0,0.0,0.0029468589556461444,0.0,0.0,0.0,0.0,0.0,0.0,0.0,0.0,0.0,0.0,0.0,0.0,0.0,0.0016067690753521215,0.025907766448285942,0.05428497909777754,0.04008452413777818,0.06015040580066834
1758362639.8733666,2025-09-20T19:03:59.873367,20250920_190339,1.135665740054787,3.4136766407409325,0.0,-2.145264919149983,0.0007049120153296848,0.0012530633516783126,0.0,0.0,0.0,0.0,0.0028784157483740746,0.0,0.0,0.0,0.0,0.0,0.0,0.0,0.0,0.0,0.0,0.0,0.0,0.0,0.0014940861108737591,0.02655017919581118,0.053650869036522365,0.03865341008079053,0.059860903465482035
1758362639.909251,2025-09-20T19:03:59.909251,20250920_190339,1.1306511952830889,3.4058681981932217,0.0,-2.1544290366684438,0.0006669038385603981,0.0011650830344443587,0.0,0.0,0.0,0.0,0.002734398141146826,0.0,0.0,0.0,0.0,0.0,0.0,0.0,0.0,0.0,0.0,0.0,0.0,0.0,0.0016160241970501789,0.025824481380279415,0.05229147292959748,0.04019980344541723,0.05832068226373234
1758362639.9364557,2025-09-20T19:03:59.936456,20250920_190339,1.1225043446184353,3.391788164386369,0.0,-2.1647838207257184,0.0007344736028221117,0.0013194952628781216,0.0,0.0,0.0,0.0,0.0031119236593781757,0.0,0.0,0.0,0.0,0.0,0.0,0.0,0.0,0.0,0.0,0.0,0.0,0.0,0.0015130557767040226,0.02710117345839681,0.055784618483755675,0.03889801764491377,0.0620193297464612
1758362639.9570563,2025-09-20T19:03:59.957056,20250920_190339,1.1183160407578208,3.3867447004446243,0.0,-2.1644124019186637,0.0007275142774169486,0.0012861783849316697,0.0,0.0,0.0,0.0,0.0029688802801455766,0.0,0.0,0.0,0.0,0.0,0.0,0.0,0.0,0.0,0.0,0.0,0.0,0.0,0.0013100436322619317,0.02697247258626744,0.05448743231375081,0.03619452489344116,0.06079798152539709
1758362639.9812236,2025-09-20T19:03:59.981224,20250920_190339,1.1111392036510293,3.376947103962405,0.0,-2.1632535776570077,0.0007277287751157394,0.0012835605211402757,0.0,0.0,0.0,0.0,0.002984010751878937,0.0,0.0,0.0,0.0,0.0,0.0,0.0,0.0,0.0,0.0,0.0,0.0,0.0,0.0013456986223572814,0.0269764485267379,0.05462609954846618,0.03668376510606949,0.06092404719808654
1758362639.9974506,2025-09-20T19:03:59.997451,20250920_190339,1.1034856432943598,3.3649923846003764,0.0,-2.158255190234815,0.0007329207886189621,0.0012987673603603246,0.0,0.0,0.0,0.0,0.0030368466719502885,0.0,0.0,0.0,0.0,0.0,0.0,0.0,0.0,0.0,0.0,0.0,0.0,0.0,0.0014198944399163355,0.027072509832281197,0.05510759178144413,0.03768148669992116,0.06139843206930655
1758362640.0330844,2025-09-20T19:04:00.033084,20250920_190339,1.0944553406178597,3.3510095608206507,0.0,-2.1477149389082952,0.0007330549961069198,0.0011954832485859682,0.0,0.0,0.0,0.0,0.00274426347025527,0.0,0.0,0.0,0.0,0.0,0.0,0.0,0.0,0.0,0.0,0.0,0.0,0.0,0.0014114789827644717,0.027074988386090213,0.05238571818974395,0.03756965507912565,0.058968792308832216
1758362640.0537403,2025-09-20T19:04:00.053740,20250920_190339,1.087046216782809,3.3407675111902924,0.0,-2.1400465863955342,0.0007003494763661628,0.0011581062124743989,0.0,0.0,0.0,0.0,0.002799973803088615,0.0,0.0,0.0,0.0,0.0,0.0,0.0,0.0,0.0,0.0,0.0,0.0,0.0,0.0015619725706872627,0.02646411676905471,0.052914778683167664,0.03952179867727761,0.05916352997797526
1758362640.0828347,2025-09-20T19:04:00.082835,20250920_190339,1.0773352289991929,3.329320422526161,0.0,-2.129761183141804,0.0007866274999298382,0.0012337510293095788,0.0,0.0,0.0,0.0,0.0028861184684463204,0.0,0.0,0.0,0.0,0.0,0.0,0.0,0.0,0.0,0.0,0.0,0.0,0.0,0.0017450246481151529,0.02804688039568462,0.053722606679556424,0.04177349217045605,0.06060318447388849
1758362640.1054592,2025-09-20T19:04:00.105459,20250920_190339,1.0709946818231286,3.3231382223066386,0.0,-2.127091052652348,0.0008523862097274782,0.0013302807231224283,0.0,0.0,0.0,0.0,0.003062953248615489,0.0,0.0,0.0,0.0,0.0,0.0,0.0,0.0,0.0,0.0,0.0,0.0,0.0,0.001888981950727008,0.02919565395272862,0.055343954038498996,0.04346241998240558,0.06257267341534135
1758362640.1348472,2025-09-20T19:04:00.134847,20250920_190339,1.061079494341517,3.3074225554427317,0.0,-2.1137370864226,0.0009029547286123178,0.001376323375807569,0.0,0.0,0.0,0.0,0.0031106513402269923,0.0,0.0,0.0,0.0,0.0,0.0,0.0,0.0,0.0,0.0,0.0,0.0,0.0,0.002267791340797642,0.0300492051244674,0.055773213465130304,0.04762133283306592,0.06335302730603574
1758362640.1568215,2025-09-20T19:04:00.156821,20250920_190339,1.0556230764059735,3.301897959228866,0.0,-2.110612194599256,0.0009223973551477577,0.0013155101330545392,0.0,0.0,0.0,0.0,0.0029050315972339496,0.0,0.0,0.0,0.0,0.0,0.0,0.0,0.0,0.0,0.0,0.0,0.0,0.0,0.002526747974322681,0.03037099529399321,0.05389834503242145,0.05026676809108261,0.061866218183930614
1758362640.1966958,2025-09-20T19:04:00.196696,20250920_190339,1.0460653500917516,3.2906996042271937,0.0,-2.1041295755897944,0.0009044308088421482,0.0012209868981828554,0.0,0.0,0.0,0.0,0.0025632685795442187,0.0,0.0,0.0,0.0,0.0,0.0,0.0,0.0,0.0,0.0,0.0,0.0,0.0,0.0025408584163583666,0.03007375614787997,0.050628732746773535,0.05040692825751602,0.05888717507561699
1758362640.2038543,2025-09-20T19:04:00.203854,20250920_190339,1.0395116253490868,3.2840522483547043,0.0,-2.112548304467165,0.0010024859985280233,0.001380317239320736,0.0,0.0,0.0,0.0,0.0028056226803365083,0.0,0.0,0.0,0.0,0.0,0.0,0.0,0.0,0.0,0.0,0.0,0.0,0.0,0.0027081516339620263,0.03166205929070349,0.052968128911039594,0.052039904246280334,0.06170987505144158
1758362640.246907,2025-09-20T19:04:00.246907,20250920_190339,1.029887014697694,3.2716241403418946,0.0,-2.12607505825755,0.0009500825092324046,0.0011847136715913214,0.0,0.0,0.0,0.0,0.0023301524623664856,0.0,0.0,0.0,0.0,0.0,0.0,0.0,0.0,0.0,0.0,0.0,0.0,0.0,0.002983885696784633,0.03082340846227757,0.048271652782626844,0.054624954890458564,0.05727333560740888
1758362640.257244,2025-09-20T19:04:00.257244,20250920_190339,1.0246052851983383,3.265393006188237,0.0,-2.1381585845398,0.0008922448433264946,0.0011016578758212712,0.0,0.0,0.0,0.0,0.0021812045944745416,0.0,0.0,0.0,0.0,0.0,0.0,0.0,0.0,0.0,0.0,0.0,0.0,0.0,0.0027234298607005814,0.029870467745358367,0.046703368127732944,0.05218649117061408,0.05543869982062202
1758362640.2753565,2025-09-20T19:04:00.275357,20250920_190339,1.0148367483277474,3.2530441674486137,0.0,-2.1564575353955577,0.0009657852324882681,0.0011778489389389893,0.0,0.0,0.0,0.0,0.0022319855671724355,0.0,0.0,0.0,0.0,0.0,0.0,0.0,0.0,0.0,0.0,0.0,0.0,0.0,0.002450852418131522,0.031077085328072004,0.04724389449624613,0.049506084657661244,0.05654883552877728
1758362640.3037806,2025-09-20T19:04:00.303781,20250920_190339,1.0093897805357361,3.247499980662836,0.0,-2.1681981508994794,0.001053968752839153,0.0013342776737006303,0.0,0.0,0.0,0.0,0.002431206948732452,0.0,0.0,0.0,0.0,0.0,0.0,0.0,0.0,0.0,0.0,0.0,0.0,0.0,0.002267330714112826,0.03246488491954273,0.049307270749175035,0.047616496239358326,0.059035376695432414
1758362640.3420095,2025-09-20T19:04:00.342010,20250920_190339,1.000269410062384,3.2332597576551754,0.0,-2.180331958706487,0.0009707371393328047,0.0011611777945941199,0.0,0.0,0.0,0.0,0.002191606082387882,0.0,0.0,0.0,0.0,0.0,0.0,0.0,0.0,0.0,0.0,0.0,0.0,0.0,0.0024033018160804893,0.031156654816151312,0.046814592622257026,0.04902348229247377,0.05623471544980633
1758362640.3767588,2025-09-20T19:04:00.376759,20250920_190339,0.9987269760880363,3.2306477464053462,0.0,-2.1866299066521306,0.0009843816158105743,0.0011902781118470311,0.0,0.0,0.0,0.0,0.002284798813872386,0.0,0.0,0.0,0.0,0.0,0.0,0.0,0.0,0.0,0.0,0.0,0.0,0.0,0.00245939441195915,0.03137485642693165,0.047799569180824064,0.049592281778106866,0.057176747281416425
1758362640.3844316,2025-09-20T19:04:00.384432,20250920_190339,0.990022931725856,3.218134984729093,0.0,-2.1960986288406,0.001121875103026239,0.0013759132099281932,0.0,0.0,0.0,0.0,0.002517461447006165,0.0,0.0,0.0,0.0,0.0,0.0,0.0,0.0,0.0,0.0,0.0,0.0,0.0,0.002312419074661433,0.03349440405539766,0.050174310628110924,0.048087618725212763,0.06032691397736506
1758362640.4029007,2025-09-20T19:04:00.402901,20250920_190339,0.9863108439087406,3.2152293005765302,0.0,-2.205778645039501,0.0010596437806518419,0.0012818410747439907,0.0,0.0,0.0,0.0,0.0022831227369707655,0.0,0.0,0.0,0.0,0.0,0.0,0.0,0.0,0.0,0.0,0.0,0.0,0.0,0.0020224921565209623,0.03255217013736322,0.04778203362112966,0.04497212643984007,0.05781666297550048
1758362640.4370315,2025-09-20T19:04:00.437032,20250920_190339,0.9797730647049482,3.2036996488770226,0.0,-2.2154073053090904,0.0009544366212566926,0.0011851138954256082,0.0,0.0,0.0,0.0,0.0022421733723860795,0.0,0.0,0.0,0.0,0.0,0.0,0.0,0.0,0.0,0.0,0.0,0.0,0.0,0.002042683580161978,0.030893957681991678,0.04735159313461459,0.045196057130705306,0.05653857084895914
1758362640.4569914,2025-09-20T19:04:00.456991,20250920_190339,0.976599780185866,3.199105460108975,0.0,-2.2237387462267924,0.000992997880283694,0.0013003665713896078,0.0,0.0,0.0,0.0,0.00241888105325335,0.0,0.0,0.0,0.0,0.0,0.0,0.0,0.0,0.0,0.0,0.0,0.0,0.0,0.0017600224760020058,0.031511868879577645,0.04918212127646946,0.0419526218012892,0.058411291147662914
1758362640.485781,2025-09-20T19:04:00.485781,20250920_190339,0.9688488452062766,3.1893325721078307,0.0,-2.236215549057855,0.0010761555723554817,0.0013962549551359785,0.0,0.0,0.0,0.0,0.0025236558671893235,0.0,0.0,0.0,0.0,0.0,0.0,0.0,0.0,0.0,0.0,0.0,0.0,0.0,0.001803340484171065,0.032804810201485415,0.05023600170385103,0.04246575660660087,0.059998428642297
1758362640.5038295,2025-09-20T19:04:00.503829,20250920_190339,0.9637441875420654,3.179904696120843,0.0,-2.2405189389779876,0.001125724726944427,0.001471661751803346,0.0,0.0,0.0,0.0,0.0026677869763643276,0.0,0.0,0.0,0.0,0.0,0.0,0.0,0.0,0.0,0.0,0.0,0.0,0.0,0.0018346971240056837,0.03355182151455308,0.051650624162388664,0.042833364612246884,0.06159149051053039
1758362640.552431,2025-09-20T19:04:00.552431,20250920_190339,0.9561034777994243,3.168507981715297,0.0,-2.2519550896979275,0.001107868596944886,0.0014534343125651792,0.0,0.0,0.0,0.0,0.002735242114042323,0.0,0.0,0.0,0.0,0.0,0.0,0.0,0.0,0.0,0.0,0.0,0.0,0.0,0.002144245803225041,0.03328466008456277,0.052299542197253725,0.04630600180565194,0.06199282789958213
1758362640.5608912,2025-09-20T19:04:00.560891,20250920_190339,0.9512440293224065,3.1633078548271016,0.0,-2.261464347479199,0.0012261466657585885,0.0016140830781492328,0.0,0.0,0.0,0.0,0.0029475506558555376,0.0,0.0,0.0,0.0,0.0,0.0,0.0,0.0,0.0,0.0,0.0,0.0,0.0,0.0019314985588580699,0.03501637710784182,0.054291349733226725,0.04394881749100958,0.06460415870216193
1758362640.5865576,2025-09-20T19:04:00.586558,20250920_190339,0.9391454535969692,3.1464334136571432,0.0,-2.2724616022514357,0.001120296111698394,0.0015058000651294123,0.0,0.0,0.0,0.0,0.0028912024636045617,0.0,0.0,0.0,0.0,0.0,0.0,0.0,0.0,0.0,0.0,0.0,0.0,0.0,0.0018808571154571953,0.03347082478365889,0.05376990295327454,0.043368849598037475,0.06333639218729589
1758362640.598465,2025-09-20T19:04:00.598465,20250920_190339,0.9326967317389708,3.1375874002579156,0.0,-2.2816673521218402,0.0010332197761922493,0.0013461564803128362,0.0,0.0,0.0,0.0,0.002619394173524439,0.0,0.0,0.0,0.0,0.0,0.0,0.0,0.0,0.0,0.0,0.0,0.0,0.0,0.0018438092417923388,0.03214373618906566,0.05118001732633977,0.04293959992585328,0.06043685919798189
1758362640.6434455,2025-09-20T19:04:00.643445,20250920_190339,0.926358854423973,3.129983474647479,0.0,-2.2934711697289387,0.0009805057364234196,0.0012756750258455087,0.0,0.0,0.0,0.0,0.002565366277062064,0.0,0.0,0.0,0.0,0.0,0.0,0.0,0.0,0.0,0.0,0.0,0.0,0.0,0.0017810615320204412,0.031313028221866684,0.05064944498276427,0.042202624705347906,0.059547225069565446
1758362640.6678019,2025-09-20T19:04:00.667802,20250920_190339,0.9214077577255814,3.1219164335565712,0.0,-2.298909160650333,0.0009109822699974293,0.0012190614568304936,0.0,0.0,0.0,0.0,0.0025878965752287727,0.0,0.0,0.0,0.0,0.0,0.0,0.0,0.0,0.0,0.0,0.0,0.0,0.0,0.001681449463536592,0.030182482833548158,0.05087137284592163,0.041005480896297165,0.059151321584781195
1758362640.6892602,2025-09-20T19:04:00.689260,20250920_190339,0.910771265963219,3.1102459319283406,0.0,-2.3114548525946446,0.0009372699762004669,0.0011640992718240477,0.0,0.0,0.0,0.0,0.0023803332520755246,0.0,0.0,0.0,0.0,0.0,0.0,0.0,0.0,0.0,0.0,0.0,0.0,0.0,0.0017133035306436508,0.030614865281435862,0.04878865905182807,0.04139207086681761,0.05759863911826382
1758362640.6958826,2025-09-20T19:04:00.695883,20250920_190339,0.9027483220562534,3.1014386486915306,0.0,-2.3209342396223414,0.000887004602030435,0.0010932012120439634,0.0,0.0,0.0,0.0,0.0022248061841025446,0.0,0.0,0.0,0.0,0.0,0.0,0.0,0.0,0.0,0.0,0.0,0.0,0.0,0.0016019981752441548,0.029782622484100272,0.04716785117113716,0.040024969397167,0.05578360678669836
1758362640.7409666,2025-09-20T19:04:00.740967,20250920_190339,0.8960478380111285,3.0932900191945256,0.0,-2.3331697834137195,0.0009111347654678748,0.0010679759208632577,0.0,0.0,0.0,0.0,0.0020995644696053177,0.0,0.0,0.0,0.0,0.0,0.0,0.0,0.0,0.0,0.0,0.0,0.0,0.0,0.0017979024192116457,0.030185008952588945,0.04582100467695266,0.04240167943857467,0.05486983902904393
1758362640.7615387,2025-09-20T19:04:00.761539,20250920_190339,0.8917128182730748,3.090867367535124,0.0,-2.339655833203526,0.0008348831167941373,0.0010110983689870347,0.0,0.0,0.0,0.0,0.001940795802814092,0.0,0.0,0.0,0.0,0.0,0.0,0.0,0.0,0.0,0.0,0.0,0.0,0.0,0.0016151720932975572,0.028894344027752858,0.04405446405092329,0.04018920369076199,0.05268471238991657
1758362640.7865782,2025-09-20T19:04:00.786578,20250920_190339,0.8811526060584319,3.0796387336057465,0.0,-2.351342815397023,0.0008754509981446212,0.0009649493367529163,0.0,0.0,0.0,0.0,0.0017325042829575885,0.0,0.0,0.0,0.0,0.0,0.0,0.0,0.0,0.0,0.0,0.0,0.0,0.0,0.0016561260484787568,0.029588021193459713,0.041623362225528926,0.04069552860547159,0.051068143505537865
1758362640.7952614,2025-09-20T19:04:00.795261,20250920_190339,0.8741677205575555,3.072697026463003,0.0,-2.3590498947314242,0.0008884048123241712,0.0010000352505377507,0.0,0.0,0.0,0.0,0.0017446933724866523,0.0,0.0,0.0,0.0,0.0,0.0,0.0,0.0,0.0,0.0,0.0,0.0,0.0,0.0016164809492246247,0.029806120383642203,0.04176952684058861,0.04020548406902502,0.05131372316262798
1758362640.8396387,2025-09-20T19:04:00.839639,20250920_190339,0.8645855230283934,3.0616405642063906,0.0,-2.372143698164077,0.0009851718272844597,0.0011254667745631386,0.0,0.0,0.0,0.0,0.0019418690466096763,0.0,0.0,0.0,0.0,0.0,0.0,0.0,0.0,0.0,0.0,0.0,0.0,0.0,0.0015287919516397757,0.03138744696983907,0.04406664324190891,0.039099769201873504,0.05410213372773884
1758362640.8798516,2025-09-20T19:04:00.879852,20250920_190339,0.855457468648874,3.051415641212789,0.0,-2.3826753846275404,0.000980665620635504,0.0010295349792691564,0.0,0.0,0.0,0.0,0.001622722110835492,0.0,0.0,0.0,0.0,0.0,0.0,0.0,0.0,0.0,0.0,0.0,0.0,0.0,0.001615983305744956,0.03131558111604356,0.04028302509538592,0.04019929484138939,0.05102340376210701
1758362640.8897917,2025-09-20T19:04:00.889792,20250920_190339,0.8440029817367847,3.0380648923387197,0.0,-2.385656413949345,0.0008944315730883264,0.0008596702914781,0.0,0.0,0.0,0.0,0.0013473588172755108,0.0,0.0,0.0,0.0,0.0,0.0,0.0,0.0,0.0,0.0,0.0,0.0,0.0,0.0017208500250414864,0.029907048886313178,0.03670638660063819,0.041483129402704016,0.047347548937234724
1758362640.9268472,2025-09-20T19:04:00.926847,20250920_190339,0.8371367144573809,3.030973454319589,0.0,-2.3829264111736213,0.000839473913315993,0.0008404603781455356,0.0,0.0,0.0,0.0,0.0014373065304235059,0.0,0.0,0.0,0.0,0.0,0.0,0.0,0.0,0.0,0.0,0.0,0.0,0.0,0.0016560025081848633,0.028973676213349127,0.03791182573318655,0.04069401071638016,0.04771562054232868
1758362640.9407873,2025-09-20T19:04:00.940787,20250920_190339,0.8301550995440085,3.0265305403224922,0.0,-2.378107360880701,0.0009081979742983391,0.0009356596512548246,0.0,0.0,0.0,0.0,0.0015832794799664008,0.0,0.0,0.0,0.0,0.0,0.0,0.0,0.0,0.0,0.0,0.0,0.0,0.0,0.001663751205855626,0.03013632317152076,0.03979044458116045,0.04078910646061796,0.04991470178479222
1758362640.9700468,2025-09-20T19:04:00.970047,20250920_190339,0.8226765737632145,3.0194416052653152,0.0,-2.3703154816343583,0.0009253589413057237,0.0009241388163881446,0.0,0.0,0.0,0.0,0.0015159336070512592,0.0,0.0,0.0,0.0,0.0,0.0,0.0,0.0,0.0,0.0,0.0,0.0,0.0,0.001488357529700716,0.030419713037859574,0.038934992064353365,0.03857923702849392,0.04940943784700432
1758362640.984585,2025-09-20T19:04:00.984585,20250920_190339,0.8115984941056726,3.008466083193571,0.0,-2.35816520824752,0.0009934944037895577,0.0009389326399928048,0.0,0.0,0.0,0.0,0.0014167410404451479,0.0,0.0,0.0,0.0,0.0,0.0,0.0,0.0,0.0,0.0,0.0,0.0,0.0,0.001439739835502907,0.03151974625198556,0.03763962062036688,0.03794390379893597,0.04909414877798275
1758362641.015934,2025-09-20T19:04:01.015934,20250920_190339,0.8044128714153689,3.0024548302863256,0.0,-2.3492535563988772,0.0010339517008843267,0.0009765330621210904,0.0,0.0,0.0,0.0,0.001441210300347898,0.0,0.0,0.0,0.0,0.0,0.0,0.0,0.0,0.0,0.0,0.0,0.0,0.0,0.0014394919147760542,0.03215511935733292,0.03796327567989751,0.03794063672075172,0.04975100000233387
1758362641.0414624,2025-09-20T19:04:01.041462,20250920_190339,0.794026905963684,2.991667187776655,0.0,-2.3422621124560785,0.0011653989100340893,0.0011104398723513467,0.0,0.0,0.0,0.0,0.0015311596966608605,0.0,0.0,0.0,0.0,0.0,0.0,0.0,0.0,0.0,0.0,0.0,0.0,0.0,0.0014109392703317526,0.034137939452083065,0.03913003573549174,0.03756247156846515,0.05192839884586227
1758362641.060122,2025-09-20T19:04:01.060122,20250920_190339,0.7902921667980775,2.989409750920574,0.0,-2.3371421362429476,0.0011992302485139628,0.0011776413231360907,0.0,0.0,0.0,0.0,0.0017136916736700467,0.0,0.0,0.0,0.0,0.0,0.0,0.0,0.0,0.0,0.0,0.0,0.0,0.0,0.001593438743988739,0.03462990396339503,0.04139675921699725,0.039917900044826246,0.053971491754295706
1758362641.0759416,2025-09-20T19:04:01.075942,20250920_190339,0.7806815443999324,2.9815662400035086,0.0,-2.3251140587841403,0.0013506426969608328,0.0012500882578775755,0.0,0.0,0.0,0.0,0.0017341193293712435,0.0,0.0,0.0,0.0,0.0,0.0,0.0,0.0,0.0,0.0,0.0,0.0,0.0,0.0018689272182569596,0.03675109109891613,0.0416427584265409,0.04323109087516714,0.055540634010894006
1758362641.1098816,2025-09-20T19:04:01.109882,20250920_190339,0.773806000557014,2.975052377099291,0.0,-2.323140265966692,0.0012513930419581272,0.0011430076734699778,0.0,0.0,0.0,0.0,0.0015969234308782496,0.0,0.0,0.0,0.0,0.0,0.0,0.0,0.0,0.0,0.0,0.0,0.0,0.0,0.0019470251646645125,0.03537503416193583,0.0399615243813127,0.04412510809804904,0.05336962125438382
1758362641.1463614,2025-09-20T19:04:01.146361,20250920_190339,0.7635147172842538,2.964161817885725,0.0,-2.318862685014016,0.0013648892512318394,0.0012766758454814074,0.0,0.0,0.0,0.0,0.001740048429213012,0.0,0.0,0.0,0.0,0.0,0.0,0.0,0.0,0.0,0.0,0.0,0.0,0.0,0.001956609059486615,0.0369444075772212,0.0417138877259482,0.0442335738945726,0.0557219676648703
1758362641.1582189,2025-09-20T19:04:01.158219,20250920_190339,0.7558179939736042,2.958050932321867,0.0,-2.328567533295395,0.0012837469153178349,0.001203929653535549,0.0,0.0,0.0,0.0,0.0015822188329388282,0.0,0.0,0.0,0.0,0.0,0.0,0.0,0.0,0.0,0.0,0.0,0.0,0.0,0.0018340160231953082,0.03582941410793421,0.03977711443705825,0.04282541328691771,0.05353471535608145
1758362641.192909,2025-09-20T19:04:01.192909,20250920_190339,0.7466201329453035,2.9488570877367515,0.0,-2.345621568929637,0.0014082673897755358,0.0012501503637181231,0.0,0.0,0.0,0.0,0.0015152769772377717,0.0,0.0,0.0,0.0,0.0,0.0,0.0,0.0,0.0,0.0,0.0,0.0,0.0,0.001956353661954534,0.03752688889017495,0.03892655876439339,0.04423068688088094,0.05406981012555257
1758362641.1987185,2025-09-20T19:04:01.198719,20250920_190339,0.7403366078122223,2.9449967790628,0.0,-2.357375089993582,0.0011856368295331743,0.0010842231515891128,0.0,0.0,0.0,0.0,0.0014118022752047526,0.0,0.0,0.0,0.0,0.0,0.0,0.0,0.0,0.0,0.0,0.0,0.0,0.0,0.002000665404176843,0.03443307754954782,0.037573957406756515,0.044728798376178665,0.0509650773053267
1758362641.2402716,2025-09-20T19:04:01.240272,20250920_190339,0.7313719824384292,2.9365157008181013,0.0,-2.373458148173676,0.0012908560769305066,0.0011448564423912834,0.0,0.0,0.0,0.0,0.0014646549956170464,0.0,0.0,0.0,0.0,0.0,0.0,0.0,0.0,0.0,0.0,0.0,0.0,0.0,0.002189431123441289,0.035928485591943705,0.038270811274613015,0.04679135735839781,0.05249296212396051
1758362641.2615647,2025-09-20T19:04:01.261565,20250920_190339,0.7221987071257411,2.926960207020302,0.0,-2.388773685057195,0.001321096754809149,0.0011322572223563343,0.0,0.0,0.0,0.0,0.0014313817635610182,0.0,0.0,0.0,0.0,0.0,0.0,0.0,0.0,0.0,0.0,0.0,0.0,0.0,0.002063248125273203,0.0363468947065516,0.03783360627221542,0.04542299115286446,0.052464068831631495
1758362641.272312,2025-09-20T19:04:01.272312,20250920_190339,0.7103261194414338,2.914121513471469,0.0,-2.4049737085220033,0.0014020403496385924,0.0011777256254778036,0.0,0.0,0.0,0.0,0.0015009499366616305,0.0,0.0,0.0,0.0,0.0,0.0,0.0,0.0,0.0,0.0,0.0,0.0,0.0,0.0019783846631373945,0.03744382925982053,0.038742095150644994,0.044479036220869204,0.053879405029196664
1758362641.3020864,2025-09-20T19:04:01.302086,20250920_190339,0.701321732693725,2.904371577348193,0.0,-2.4151743822799037,0.0014671145292689,0.001213633732682867,0.0,0.0,0.0,0.0,0.001542611571794199,0.0,0.0,0.0,0.0,0.0,0.0,0.0,0.0,0.0,0.0,0.0,0.0,0.0,0.0019294561617582118,0.038302931079343,0.03927609415145807,0.04392557525813648,0.05486097065367235
1758362641.3442292,2025-09-20T19:04:01.344229,20250920_190339,0.6884191751643156,2.89354282915213,0.0,-2.436220891283253,0.00183675692289336,0.0014639732849991837,0.0,0.0,0.0,0.0,0.001723179593859051,0.0,0.0,0.0,0.0,0.0,0.0,0.0,0.0,0.0,0.0,0.0,0.0,0.0,0.0022423508671487184,0.04285740219487597,0.04151119841511506,0.04735346731918074,0.059665203567510025
1758362641.357654,2025-09-20T19:04:01.357654,20250920_190339,0.6779867710727235,2.8809839849168464,0.0,-2.447725725940609,0.0020904770357275384,0.001649620767012419,0.0,0.0,0.0,0.0,0.0020002328200620528,0.0,0.0,0.0,0.0,0.0,0.0,0.0,0.0,0.0,0.0,0.0,0.0,0.0,0.0023820008337198293,0.04572173482849856,0.044723962481672534,0.048805745908856155,0.06395865739514543
1758362641.381663,2025-09-20T19:04:01.381663,20250920_190339,0.6601079360536065,2.8642422504731897,0.0,-2.464702029036993,0.0021813289003724283,0.0016474834542236853,0.0,0.0,0.0,0.0,0.001968278516857189,0.0,0.0,0.0,0.0,0.0,0.0,0.0,0.0,0.0,0.0,0.0,0.0,0.0,0.002440288936497821,0.04670469891105635,0.044365285041991886,0.04939928072854726,0.06441744652832505
1758362641.3934982,2025-09-20T19:04:01.393498,20250920_190339,0.6460378337635119,2.8520233775758275,0.0,-2.47711384472106,0.001827473902590716,0.0013264308728255438,0.0,0.0,0.0,0.0,0.0017422389756771945,0.0,0.0,0.0,0.0,0.0,0.0,0.0,0.0,0.0,0.0,0.0,0.0,0.0,0.00240658512232468,0.04274896376043186,0.0417401362680717,0.04905695793997708,0.059747074223495754
1758362641.4331563,2025-09-20T19:04:01.433156,20250920_190339,0.6255030060038957,2.834139270683851,0.0,-2.4978918214721544,0.002077665815288418,0.0015258203844305991,0.0,0.0,0.0,0.0,0.0019368278337267917,0.0,0.0,0.0,0.0,0.0,0.0,0.0,0.0,0.0,0.0,0.0,0.0,0.0,0.0020691398707010597,0.045581419627831014,0.04400940619602577,0.045487799141100016,0.06336003195244783
1758362641.4584591,2025-09-20T19:04:01.458459,20250920_190339,0.60991381057434,2.8213758405486304,0.0,-2.511902243511241,0.0019241880534327266,0.0014246105311408739,0.0,0.0,0.0,0.0,0.0018977784462480883,0.0,0.0,0.0,0.0,0.0,0.0,0.0,0.0,0.0,0.0,0.0,0.0,0.0,0.002027736080403921,0.04386556797116306,0.04356349901291319,0.04503039063126058,0.06182205512340087
1758362641.4787338,2025-09-20T19:04:01.478734,20250920_190339,0.5919512156133496,2.8076997255254357,0.0,-2.536313186216002,0.002159295771870846,0.0016180301801262216,0.0,0.0,0.0,0.0,0.0021401359828993184,0.0,0.0,0.0,0.0,0.0,0.0,0.0,0.0,0.0,0.0,0.0,0.0,0.0,0.0023799968490428747,0.0464682232484829,0.04626160376488604,0.048785211376429174,0.06557005227060723
1758362641.5037994,2025-09-20T19:04:01.503799,20250920_190339,0.5811127672822733,2.796690229628812,0.0,-2.550491126395045,0.0022010957414272158,0.0015997555412719123,0.0,0.0,0.0,0.0,0.0021111376465471534,0.0,0.0,0.0,0.0,0.0,0.0,0.0,0.0,0.0,0.0,0.0,0.0,0.0,0.002226123494099935,0.04691583678702977,0.04594711793515621,0.04718181317096594,0.06566759770217248
1758362641.54274,2025-09-20T19:04:01.542740,20250920_190339,0.5571663859629366,2.781112180224403,0.0,-2.580496041516329,0.002717374716271382,0.0018235180095290502,0.0,0.0,0.0,0.0,0.002212306606085413,0.0,0.0,0.0,0.0,0.0,0.0,0.0,0.0,0.0,0.0,0.0,0.0,0.0,0.0024502208979723075,0.05212844440678603,0.04703516350652364,0.04949970603925146,0.07021168935694963
1758362641.5651193,2025-09-20T19:04:01.565119,20250920_190339,0.5394656631574447,2.769954994098316,0.0,-2.595816836018964,0.002753338636217935,0.0017833940135906915,0.0,0.0,0.0,0.0,0.0021062653009501415,0.0,0.0,0.0,0.0,0.0,0.0,0.0,0.0,0.0,0.0,0.0,0.0,0.0,0.0025857783773609836,0.052472265400094316,0.04589406607558478,0.0508505494302764,0.06971085953542731
1758362641.5786984,2025-09-20T19:04:01.578698,20250920_190339,0.5138654128272374,2.754746501162049,0.0,-2.611454468873404,0.0027493844785581767,0.0018497619345679982,0.0,0.0,0.0,0.0,0.0023155146552281142,0.0,0.0,0.0,0.0,0.0,0.0,0.0,0.0,0.0,0.0,0.0,0.0,0.0,0.002752430734862035,0.05243457331339864,0.04811979483776,0.052463613436953,0.07116810475055725
1758362641.6290047,2025-09-20T19:04:01.629005,20250920_190339,0.4847322351495373,2.735807558409532,0.0,-2.6031986189414815,0.0028131804601107483,0.0019012461195096232,0.0,0.0,0.0,0.0,0.0024497483952988434,0.0,0.0,0.0,0.0,0.0,0.0,0.0,0.0,0.0,0.0,0.0,0.0,0.0,0.0025329343595797667,0.053039423640446434,0.04949493302651135,0.050328266010064036,0.07254604644920075
1758362641.6442814,2025-09-20T19:04:01.644281,20250920_190339,0.4657662704996876,2.722615856981774,0.0,-2.595818927936136,0.0026879388276546505,0.0017358973971011579,0.0,0.0,0.0,0.0,0.0022623262886469517,0.0,0.0,0.0,0.0,0.0,0.0,0.0,0.0,0.0,0.0,0.0,0.0,0.0,0.002836827946242914,0.051845335640293144,0.04756391792784686,0.05326188079896272,0.07035812047163854
1758362641.6610353,2025-09-20T19:04:01.661035,20250920_190339,0.4409822405736363,2.7117248938256218,0.0,-2.578723414641623,0.002987114597584974,0.001826611127623682,0.0,0.0,0.0,0.0,0.0023081631650916194,0.0,0.0,0.0,0.0,0.0,0.0,0.0,0.0,0.0,0.0,0.0,0.0,0.0,0.0025291337830297598,0.05465450207974613,0.048043346730755755,0.05029049396287294,0.07276865920625852
1758362641.6830397,2025-09-20T19:04:01.683040,20250920_190339,0.4227015253267312,2.7053300978345427,0.0,-2.571876820447156,0.0031590692076239736,0.001954899060807722,0.0,0.0,0.0,0.0,0.0024326699685039985,0.0,0.0,0.0,0.0,0.0,0.0,0.0,0.0,0.0,0.0,0.0,0.0,0.0,0.0030063263880874018,0.05620559765382781,0.04932210425867897,0.05482997709362463,0.07477793241410177
1758362641.7057931,2025-09-20T19:04:01.705793,20250920_190339,0.40490667885226694,2.6985501183465974,0.0,-2.5635094675527483,0.003252473794192935,0.002004552695816079,0.0,0.0,0.0,0.0,0.002330859371584531,0.0,0.0,0.0,0.0,0.0,0.0,0.0,0.0,0.0,0.0,0.0,0.0,0.0,0.0032400287316196766,0.05703046373818939,0.04827897442556678,0.05692125026402421,0.07472170478366688
1758362641.7463298,2025-09-20T19:04:01.746330,20250920_190339,0.38583997259102043,2.687366357024374,0.0,-2.545668515406781,0.003488979570395059,0.0020474661309611403,0.0,0.0,0.0,0.0,0.0023877431420311845,0.0,0.0,0.0,0.0,0.0,0.0,0.0,0.0,0.0,0.0,0.0,0.0,0.0,0.003517658820661671,0.05906758476859418,0.04886453869659658,0.05930985433013363,0.0766597854968708
1758362641.7523358,2025-09-20T19:04:01.752336,20250920_190339,0.37005721041522044,2.6807424236360604,0.0,-2.5391154398286813,0.003676212016468363,0.0021228990393305724,0.0,0.0,0.0,0.0,0.0023674906207674087,0.0,0.0,0.0,0.0,0.0,0.0,0.0,0.0,0.0,0.0,0.0,0.0,0.0,0.0036156261934758445,0.06063177398417733,0.04865686612151885,0.06013007727814629,0.0777412544099706
1758362641.7805357,2025-09-20T19:04:01.780536,20250920_190339,0.3431092435929631,2.6633823133062253,0.0,-2.5195937667923425,0.004359765679345544,0.002540174113997062,0.0,0.0,0.0,0.0,0.002722210338825444,0.0,0.0,0.0,0.0,0.0,0.0,0.0,0.0,0.0,0.0,0.0,0.0,0.0,0.0036881682210665365,0.066028521711042,0.052174805594515095,0.060730290803408284,0.08415447711305078
1758362641.822385,2025-09-20T19:04:01.822385,20250920_190339,0.3182954139658059,2.652329438833392,0.0,-2.5101290640116254,0.005025014432281824,0.0028261646694346665,0.0,0.0,0.0,0.0,0.00283098767499542,0.0,0.0,0.0,0.0,0.0,0.0,0.0,0.0,0.0,0.0,0.0,0.0,0.0,0.004143668782338398,0.07088733619118315,0.05320702655660641,0.06437133509830596,0.0886340911121519
1758362641.8391323,2025-09-20T19:04:01.839132,20250920_190339,0.29922049328729133,2.6429314821359204,0.0,-2.5042760131776314,0.004553975431119981,0.0024726823040188816,0.0,0.0,0.0,0.0,0.002580311183370451,0.0,0.0,0.0,0.0,0.0,0.0,0.0,0.0,0.0,0.0,0.0,0.0,0.0,0.004138207756375249,0.06748314923830971,0.05079676351275198,0.0643289029626283,0.0844647063245379
1758362641.8743649,2025-09-20T19:04:01.874365,20250920_190339,0.2706719460845855,2.6282124446665884,0.0,-2.486353687501374,0.004240482130742727,0.002176233743192187,0.0,0.0,0.0,0.0,0.0022193202658163484,0.0,0.0,0.0,0.0,0.0,0.0,0.0,0.0,0.0,0.0,0.0,0.0,0.0,0.0038068256129069745,0.06511898441117403,0.047109662128021555,0.06169947822232352,0.08037289590750775
1758362641.8872745,2025-09-20T19:04:01.887275,20250920_190339,0.2595601654315814,2.6243220932852833,0.0,-2.483064999171686,0.0044702946424124155,0.002111375805301799,0.0,0.0,0.0,0.0,0.0019489258214185532,0.0,0.0,0.0,0.0,0.0,0.0,0.0,0.0,0.0,0.0,0.0,0.0,0.0,0.003288648866631334,0.06686026205761099,0.04414663997880873,0.05734674242388432,0.08012003784217134
1758362641.9066658,2025-09-20T19:04:01.906666,20250920_190339,0.24298888058172907,2.612863823438896,0.0,-2.473183766068401,0.00393090273728886,0.0017367566054130275,0.0,0.0,0.0,0.0,0.0018126021306233146,0.0,0.0,0.0,0.0,0.0,0.0,0.0,0.0,0.0,0.0,0.0,0.0,0.0,0.003338173790170772,0.06269691170455576,0.0425746653612605,0.05777693129762753,0.07578591470657443
1758362641.9450924,2025-09-20T19:04:01.945092,20250920_190339,0.22023137531406425,2.598846590483516,0.0,-2.454721019346422,0.004001925507194397,0.00208302096208995,0.0,0.0,0.0,0.0,0.002172292890633725,0.0,0.0,0.0,0.0,0.0,0.0,0.0,0.0,0.0,0.0,0.0,0.0,0.0,0.0033819579322341233,0.06326077384283563,0.04660786297003677,0.058154603706276974,0.07857619485460035
1758362641.9564743,2025-09-20T19:04:01.956474,20250920_190339,0.20338974170312182,2.588766548722848,0.0,-2.4406165000964704,0.0037978065378440457,0.0021903268072354307,0.0,0.0,0.0,0.0,0.002351607910315066,0.0,0.0,0.0,0.0,0.0,0.0,0.0,0.0,0.0,0.0,0.0,0.0,0.0,0.003250739022347222,0.06162634613413362,0.04849338006692321,0.057015252541291285,0.0784182022757415
1758362641.9777777,2025-09-20T19:04:01.977778,20250920_190339,0.19434214032723152,2.583394322345539,0.0,-2.4340623692590624,0.003886638730240761,0.0023374505506567026,0.0,0.0,0.0,0.0,0.0024154795806813297,0.0,0.0,0.0,0.0,0.0,0.0,0.0,0.0,0.0,0.0,0.0,0.0,0.0,0.003057200033608343,0.06234291242988862,0.04914752873422355,0.05529195270207359,0.0793858823149437
1758362642.015665,2025-09-20T19:04:02.015665,20250920_190339,0.1752081303342331,2.5702975765124836,0.0,-2.4219152614685986,0.004023175726677428,0.0023734585930174365,0.0,0.0,0.0,0.0,0.002274178523042613,0.0,0.0,0.0,0.0,0.0,0.0,0.0,0.0,0.0,0.0,0.0,0.0,0.0,0.002962225345366573,0.06342850878491017,0.047688347874953824,0.054426329523187336,0.07935587092156472
1758362642.0430965,2025-09-20T19:04:02.043097,20250920_190339,0.16425326874984628,2.5627766955784663,0.0,-2.411075673371752,0.003874155601597594,0.0021692113610059164,0.0,0.0,0.0,0.0,0.0020188674573125656,0.0,0.0,0.0,0.0,0.0,0.0,0.0,0.0,0.0,0.0,0.0,0.0,0.0,0.002553814478409298,0.06224271524923695,0.04493180896995541,0.0505352795422099,0.07676602802614031
1758362642.057634,2025-09-20T19:04:02.057634,20250920_190339,0.15091745774555218,2.5559279424714747,0.0,-2.4019841881709034,0.0037872470582765616,0.0022361099044622404,0.0,0.0,0.0,0.0,0.0019647097732419048,0.0,0.0,0.0,0.0,0.0,0.0,0.0,0.0,0.0,0.0,0.0,0.0,0.0,0.0024105513236917057,0.06154061308011614,0.044325046793454205,0.049097365751043155,0.07584165630785278
1758362642.0768962,2025-09-20T19:04:02.076896,20250920_190339,0.1364618720652977,2.5435976422584767,0.0,-2.3868117214735536,0.003784503465676408,0.0022753037056526364,0.0,0.0,0.0,0.0,0.001995015218862108,0.0,0.0,0.0,0.0,0.0,0.0,0.0,0.0,0.0,0.0,0.0,0.0,0.0,0.0023822481613718443,0.06151831813107709,0.04466559323307044,0.04880827963954317,0.0760231457158839
1758362642.0987842,2025-09-20T19:04:02.098784,20250920_190339,0.12700856217459938,2.534734645376801,0.0,-2.3754248265341062,0.003618649807333282,0.0021032339664074783,0.0,0.0,0.0,0.0,0.0018808032873616706,0.0,0.0,0.0,0.0,0.0,0.0,0.0,0.0,0.0,0.0,0.0,0.0,0.0,0.0023423088838136646,0.06015521429878944,0.043368229008822465,0.048397405754995425,0.07415829754447545
1758362642.1321073,2025-09-20T19:04:02.132107,20250920_190339,0.10714453333852587,2.5184479575478966,0.0,-2.3577270070400305,0.0036043484851970477,0.0021685598619810274,0.0,0.0,0.0,0.0,0.0019710117323409925,0.0,0.0,0.0,0.0,0.0,0.0,0.0,0.0,0.0,0.0,0.0,0.0,0.0,0.0023741761231943713,0.06003622644035056,0.04439607789367201,0.04872551819318468,0.07466833477142798
1758362642.1605606,2025-09-20T19:04:02.160561,20250920_190339,0.09011401777307433,2.502056173640555,0.0,-2.3396938916531402,0.0039705543042176245,0.002503331989313029,0.0,0.0,0.0,0.0,0.0022008697237853635,0.0,0.0,0.0,0.0,0.0,0.0,0.0,0.0,0.0,0.0,0.0,0.0,0.0,0.0024953953117474283,0.06301233454029159,0.04691342796881681,0.04995393189477109,0.07855841156746353
1758362642.1729603,2025-09-20T19:04:02.172960,20250920_190339,0.07773548696321891,2.4896891080369365,0.0,-2.3276056973905264,0.003841963107301539,0.0024605063159746613,0.0,0.0,0.0,0.0,0.0021417089095314705,0.0,0.0,0.0,0.0,0.0,0.0,0.0,0.0,0.0,0.0,0.0,0.0,0.0,0.002780269802277301,0.061983571269341516,0.04627860098935004,0.05272826378971055,0.07735419844347823
1758362642.2203693,2025-09-20T19:04:02.220369,20250920_190339,0.05862577567955926,2.4731332173947176,0.0,-2.3112783939370933,0.0032869983430605042,0.0020800197776352338,0.0,0.0,0.0,0.0,0.0019478766203939585,0.0,0.0,0.0,0.0,0.0,0.0,0.0,0.0,0.0,0.0,0.0,0.0,0.0,0.0028679700935940575,0.05733234988259686,0.044134755243390195,0.05355343213645655,0.07235243578107417
1758362642.245001,2025-09-20T19:04:02.245001,20250920_190339,0.04722023029565907,2.4614277247370024,0.0,-2.3018981731648407,0.0033175666768004855,0.0021654843643280877,0.0,0.0,0.0,0.0,0.0020687389443739762,0.0,0.0,0.0,0.0,0.0,0.0,0.0,0.0,0.0,0.0,0.0,0.0,0.0,0.002850366001816506,0.057598321822779575,0.04548339196205552,0.05338881907119229,0.0733914546876846
1758362642.2578406,2025-09-20T19:04:02.257841,20250920_190339,0.03461447816349124,2.448898714582712,0.0,-2.288576530050844,0.0035295764067996603,0.002439665975285296,0.0,0.0,0.0,0.0,0.002375785945506699,0.0,0.0,0.0,0.0,0.0,0.0,0.0,0.0,0.0,0.0,0.0,0.0,0.0,0.00259067555887561,0.05941023823214026,0.04874203468780001,0.05089867934313826,0.07684635549137225
1758362642.277725,2025-09-20T19:04:02.277725,20250920_190339,0.019295389061092353,2.43246563920486,0.0,-2.275901848687348,0.0034577768023444314,0.0024099620973604104,0.0,0.0,0.0,0.0,0.0024524858482207865,0.0,0.0,0.0,0.0,0.0,0.0,0.0,0.0,0.0,0.0,0.0,0.0,0.0,0.00290790344666536,0.05880286389576984,0.049522579175773816,0.05392497980217851,0.07687823261863672
1758362642.3180811,2025-09-20T19:04:02.318081,20250920_190339,0.004019167410436474,2.413890405122352,0.0,-2.260437321476459,0.0031441561234488856,0.002209950016321752,0.0,0.0,0.0,0.0,0.002425251145177554,0.0,0.0,0.0,0.0,0.0,0.0,0.0,0.0,0.0,0.0,0.0,0.0,0.0,0.003012196262810285,0.056072775242972286,0.04924683893589064,0.05488347896052404,0.07462846151855497
1758362642.33233,2025-09-20T19:04:02.332330,20250920_190339,-0.004140221938949461,2.403475216331318,0.0,-2.2522505269277535,0.003012111809510014,0.002176254145890826,0.0,0.0,0.0,0.0,0.002507788481368036,0.0,0.0,0.0,0.0,0.0,0.0,0.0,0.0,0.0,0.0,0.0,0.0,0.0,0.0028679864334513064,0.054882709567859476,0.050077824247545304,0.05355358469282245,0.07429603146116251
1758362642.3643472,2025-09-20T19:04:02.364347,20250920_190339,-0.018058590801046683,2.385769232475002,0.0,-2.2307152459744928,0.0027833899542603602,0.0020310891397764827,0.0,0.0,0.0,0.0,0.002474505828487776,0.0,0.0,0.0,0.0,0.0,0.0,0.0,0.0,0.0,0.0,0.0,0.0,0.0,0.0027606508846038215,0.05275784258534801,0.049744404996821256,0.05254189646942544,0.07251134933752189
1758362642.3788738,2025-09-20T19:04:02.378874,20250920_190339,-0.025892733150563535,2.375721601974186,0.0,-2.21716911543878,0.002583850177509335,0.0019994345408048345,0.0,0.0,0.0,0.0,0.0026056994641600025,0.0,0.0,0.0,0.0,0.0,0.0,0.0,0.0,0.0,0.0,0.0,0.0,0.0,0.002521153462523179,0.05083158641543007,0.05104605238566448,0.050211089039406215,0.0720385288694136
1758362642.4038541,2025-09-20T19:04:02.403854,20250920_190339,-0.03597622413101285,2.363933484608445,0.0,-2.20462640005428,0.002641601709914626,0.001999111233160105,0.0,0.0,0.0,0.0,0.002600530968961131,0.0,0.0,0.0,0.0,0.0,0.0,0.0,0.0,0.0,0.0,0.0,0.0,0.0,0.0022847004328045307,0.05139651456971208,0.050995401449161384,0.047798540069802664,0.07240257370339646
1758362642.457064,2025-09-20T19:04:02.457064,20250920_190339,-0.045749685508062986,2.348780561353334,0.0,-2.1950436090708854,0.0024583375993801684,0.001963157979453987,0.0,0.0,0.0,0.0,0.0027186772653101975,0.0,0.0,0.0,0.0,0.0,0.0,0.0,0.0,0.0,0.0,0.0,0.0,0.0,0.0024172089573475035,0.049581625622605076,0.05214093655958049,0.04916511931590834,0.0719514757645065
1758362642.4656277,2025-09-20T19:04:02.465628,20250920_190339,-0.05472857495970299,2.330978565803274,0.0,-2.1964521142831823,0.0021569441102176775,0.0019235281386178744,0.0,0.0,0.0,0.0,0.002878450486600126,0.0,0.0,0.0,0.0,0.0,0.0,0.0,0.0,0.0,0.0,0.0,0.0,0.0,0.0022290184367474565,0.046442912378722306,0.053651192778913365,0.0472124817897498,0.07096051435000879
1758362642.4762788,2025-09-20T19:04:02.476279,20250920_190339,-0.06046409062740907,2.319652900256006,0.0,-2.2055707137635854,0.00201617808743163,0.001882048222053992,0.0,0.0,0.0,0.0,0.002953086424153671,0.0,0.0,0.0,0.0,0.0,0.0,0.0,0.0,0.0,0.0,0.0,0.0,0.0,0.002188176487304348,0.04490187175866536,0.054342307865544975,0.046777948729121804,0.07049301037397468
1758362642.5247211,2025-09-20T19:04:02.524721,20250920_190339,-0.0763668879860946,2.298619672576458,0.0,-2.221028250902445,0.002222479937644228,0.0021694277766280455,0.0,0.0,0.0,0.0,0.003366179533805475,0.0,0.0,0.0,0.0,0.0,0.0,0.0,0.0,0.0,0.0,0.0,0.0,0.0,0.0023824180430278997,0.04714318548469363,0.05801878604215599,0.04881001990399,0.07475733724156916
1758362642.5386279,2025-09-20T19:04:02.538628,20250920_190339,-0.08041970825959972,2.2921920750454072,0.0,-2.2287004551681395,0.002203496683896964,0.002104208370783688,0.0,0.0,0.0,0.0,0.0032734735193612865,0.0,0.0,0.0,0.0,0.0,0.0,0.0,0.0,0.0,0.0,0.0,0.0,0.0,0.002632127573329378,0.04694141757442955,0.05721427723358293,0.05130426466999969,0.07400655513708397
1758362642.557202,2025-09-20T19:04:02.557202,20250920_190339,-0.08717626023346389,2.2842826429388987,0.0,-2.2388888291246762,0.002220586227118052,0.0021138918227048917,0.0,0.0,0.0,0.0,0.003192130805004125,0.0,0.0,0.0,0.0,0.0,0.0,0.0,0.0,0.0,0.0,0.0,0.0,0.0,0.002842098757605596,0.04712309653575465,0.056498945167181,0.05331133798363717,0.07357116984337124
1758362642.5836275,2025-09-20T19:04:02.583627,20250920_190339,-0.10014971365554848,2.2682384972862817,0.0,-2.2581811634732105,0.0020607924604111255,0.0020253448539660286,0.0,0.0,0.0,0.0,0.0031312173116677896,0.0,0.0,0.0,0.0,0.0,0.0,0.0,0.0,0.0,0.0,0.0,0.0,0.0,0.003236863503183107,0.045395952026707466,0.05595728113184011,0.05689343989585361,0.07205560194793265
1758362642.6154673,2025-09-20T19:04:02.615467,20250920_190339,-0.1143561058895222,2.246416597456965,0.0,-2.274294489820424,0.002475683709941647,0.002503556738722232,0.0,0.0,0.0,0.0,0.0037574566415554227,0.0,0.0,0.0,0.0,0.0,0.0,0.0,0.0,0.0,0.0,0.0,0.0,0.0,0.0030619481530030027,0.049756242924296916,0.06129809655735994,0.05533487284708444,0.07895023971779357
1758362642.6390247,2025-09-20T19:04:02.639025,20250920_190339,-0.12309510425385732,2.2329160543367514,0.0,-2.2836443571089107,0.002358553260465398,0.0023638455904327455,0.0,0.0,0.0,0.0,0.0034457255627163693,0.0,0.0,0.0,0.0,0.0,0.0,0.0,0.0,0.0,0.0,0.0,0.0,0.0,0.003202039437418079,0.04856493859221278,0.058700302918437905,0.05658656587404893,0.07618581772995396
1758362642.6618102,2025-09-20T19:04:02.661810,20250920_190339,-0.13273271915681886,2.2192384155167724,0.0,-2.2978470497006525,0.00232726673806933,0.002459855784646549,0.0,0.0,0.0,0.0,0.0035966476052677722,0.0,0.0,0.0,0.0,0.0,0.0,0.0,0.0,0.0,0.0,0.0,0.0,0.0,0.0032028939625872105,0.0482417530575883,0.05997205687041068,0.056594115971425954,0.07696696917078846
1758362642.6772752,2025-09-20T19:04:02.677275,20250920_190339,-0.1415320459634318,2.207956182490752,0.0,-2.300421629834946,0.0022262899519083696,0.0024808294291020923,0.0,0.0,0.0,0.0,0.00382808342458002,0.0,0.0,0.0,0.0,0.0,0.0,0.0,0.0,0.0,0.0,0.0,0.0,0.0,0.0028730758777706874,0.04718357714192905,0.0618715073727804,0.053601080938453914,0.07780985398063917
1758362642.722038,2025-09-20T19:04:02.722038,20250920_190339,-0.1539564640831448,2.1924198160120705,0.0,-2.286118267195108,0.002412024913512407,0.0026405395793843503,0.0,0.0,0.0,0.0,0.003915564587131048,0.0,0.0,0.0,0.0,0.0,0.0,0.0,0.0,0.0,0.0,0.0,0.0,0.0,0.002998930111223013,0.04911237026974372,0.06257447232802725,0.0547624881759678,0.0795461469880437
1758362642.7369745,2025-09-20T19:04:02.736974,20250920_190339,-0.16276101631856843,2.1811310462942184,0.0,-2.269835963156123,0.0024045043848771094,0.002633610111010899,0.0,0.0,0.0,0.0,0.003905610336842997,0.0,0.0,0.0,0.0,0.0,0.0,0.0,0.0,0.0,0.0,0.0,0.0,0.0,0.002862747704987616,0.04903574599082907,0.062494882485232314,0.05350465124629462,0.07943623053569515
1758362642.7631576,2025-09-20T19:04:02.763158,20250920_190339,-0.17374537633721981,2.167825519927991,0.0,-2.25222590372417,0.002386333269775212,0.0026772627205921993,0.0,0.0,0.0,0.0,0.003963175057442907,0.0,0.0,0.0,0.0,0.0,0.0,0.0,0.0,0.0,0.0,0.0,0.0,0.0,0.0027569696158387465,0.048850110232989366,0.06295375332291878,0.05250685303690125,0.07968380216341411
1758362642.7809088,2025-09-20T19:04:02.780909,20250920_190339,-0.1877162563140258,2.1496546391935025,0.0,-2.2323372915236037,0.002490987414332147,0.002856039906300947,0.0,0.0,0.0,0.0,0.004285895839663812,0.0,0.0,0.0,0.0,0.0,0.0,0.0,0.0,0.0,0.0,0.0,0.0,0.0,0.0032259861822636327,0.04990979276987781,0.06546675369730663,0.05679776564499375,0.08232182732420339
1758362642.828047,2025-09-20T19:04:02.828047,20250920_190339,-0.20178872181860621,2.1294868474604782,0.0,-2.2098747844083633,0.0022054217038781827,0.0025759296164453425,0.0,0.0,0.0,0.0,0.004051598466646161,0.0,0.0,0.0,0.0,0.0,0.0,0.0,0.0,0.0,0.0,0.0,0.0,0.0,0.0031683401377396586,0.04696191759157821,0.06365216780790864,0.056288010603854695,0.07910132850037567
1758362642.8386657,2025-09-20T19:04:02.838666,20250920_190339,-0.2097599999474798,2.1206889143260774,0.0,-2.196441963826775,0.002073331661310519,0.0023968835755536814,0.0,0.0,0.0,0.0,0.0038713549197797598,0.0,0.0,0.0,0.0,0.0,0.0,0.0,0.0,0.0,0.0,0.0,0.0,0.0,0.0033946699341643105,0.045533851817197706,0.06222021311261928,0.05826379608439799,0.07710179363082469
1758362642.8777092,2025-09-20T19:04:02.877709,20250920_190339,-0.22212117989639657,2.1051615374016848,0.0,-2.1732988234965047,0.0019446613270326966,0.0022188457316859984,0.0,0.0,0.0,0.0,0.0036759009240833512,0.0,0.0,0.0,0.0,0.0,0.0,0.0,0.0,0.0,0.0,0.0,0.0,0.0,0.0029972541030432787,0.044098314333233836,0.060629208506159396,0.05474718351699272,0.07497040916999219
1758362642.8840668,2025-09-20T19:04:02.884067,20250920_190339,-0.23297752267141103,2.0896660132005658,0.0,-2.1596382993584946,0.00188442982936866,0.00209077046554776,0.0,0.0,0.0,0.0,0.0035201246798683894,0.0,0.0,0.0,0.0,0.0,0.0,0.0,0.0,0.0,0.0,0.0,0.0,0.0,0.0024576254866105042,0.04341001991900787,0.05933063862683756,0.04957444388604379,0.07351567526206264
1758362642.925823,2025-09-20T19:04:02.925823,20250920_190339,-0.24844107821580969,2.0656199594638154,0.0,-2.1397253437868056,0.0019007491657981816,0.0021045696725769947,0.0,0.0,0.0,0.0,0.003571943457411575,0.0,0.0,0.0,0.0,0.0,0.0,0.0,0.0,0.0,0.0,0.0,0.0,0.0,0.0025919294279032157,0.043597582109541136,0.059765738156669454,0.05091099515726653,0.07397764948421758
1758362642.9412086,2025-09-20T19:04:02.941209,20250920_190339,-0.25743264706996816,2.0534997952979133,0.0,-2.1323631042799516,0.001693179479164825,0.0017843577321326463,0.0,0.0,0.0,0.0,0.0031930949264271486,0.0,0.0,0.0,0.0,0.0,0.0,0.0,0.0,0.0,0.0,0.0,0.0,0.0,0.002404523310932893,0.0411482621645778,0.05650747673031551,0.04903593897268506,0.06990189128766097
1758362642.9603806,2025-09-20T19:04:02.960381,20250920_190339,-0.2716658408370105,2.0304495184306255,0.0,-2.114285108049785,0.001778509180859497,0.0019705578232170873,0.0,0.0,0.0,0.0,0.0035493456641471095,0.0,0.0,0.0,0.0,0.0,0.0,0.0,0.0,0.0,0.0,0.0,0.0,0.0,0.0023089667091431222,0.042172374617271635,0.0595763851215153,0.04805170870159689,0.07299215605122654
1758362642.9721904,2025-09-20T19:04:02.972190,20250920_190339,-0.2820181037507841,2.014560345862156,0.0,-2.1011183861862244,0.0019314229833093015,0.0020554464393326083,0.0,0.0,0.0,0.0,0.0035880880965283826,0.0,0.0,0.0,0.0,0.0,0.0,0.0,0.0,0.0,0.0,0.0,0.0,0.0,0.0022058352704430783,0.04394795766937642,0.05990065188734078,0.046966320597243705,0.07429341208907883
1758362643.0107603,2025-09-20T19:04:03.010760,20250920_190339,-0.2933434913577416,1.9949055023734035,0.0,-2.0816370891630473,0.001955852987269908,0.002252336289066136,0.0,0.0,0.0,0.0,0.004106554306805079,0.0,0.0,0.0,0.0,0.0,0.0,0.0,0.0,0.0,0.0,0.0,0.0,0.0,0.002388681257009562,0.044225026707396205,0.0640824024737297,0.04887413689273256,0.07786146218813893
1758362643.0457067,2025-09-20T19:04:03.045707,20250920_190339,-0.2988383174433395,1.9841417417070997,0.0,-2.0722260556757712,0.0018882144678311573,0.0021146957326225323,0.0,0.0,0.0,0.0,0.003874688415541849,0.0,0.0,0.0,0.0,0.0,0.0,0.0,0.0,0.0,0.0,0.0,0.0,0.0,0.0025355949104742797,0.04345358981524032,0.06224699523303795,0.05035469104735208,0.07591378585851852
1758362643.0646398,2025-09-20T19:04:03.064640,20250920_190339,-0.3105132193650475,1.9675109807259457,0.0,-2.050069154569594,0.0019696850138835416,0.0022811449436985188,0.0,0.0,0.0,0.0,0.004197144401721554,0.0,0.0,0.0,0.0,0.0,0.0,0.0,0.0,0.0,0.0,0.0,0.0,0.0,0.0025976523987778543,0.04438113353536097,0.06478537181896507,0.05096716981330094,0.07852916283524927
1758362643.0953205,2025-09-20T19:04:03.095320,20250920_190339,-0.3166729571393154,1.957788748555746,0.0,-2.039705105176886,0.001951588536626307,0.002322973925788818,0.0,0.0,0.0,0.0,0.004281582014025548,0.0,0.0,0.0,0.0,0.0,0.0,0.0,0.0,0.0,0.0,0.0,0.0,0.0,0.002599179264147718,0.044176787305397244,0.06543379871309282,0.05098214652354016,0.07895043097191969
1758362643.114221,2025-09-20T19:04:03.114221,20250920_190339,-0.3254551007101921,1.9402307635464402,0.0,-2.024781639621079,0.0018621964740507982,0.0021784651255341743,0.0,0.0,0.0,0.0,0.003965433555484827,0.0,0.0,0.0,0.0,0.0,0.0,0.0,0.0,0.0,0.0,0.0,0.0,0.0,0.002562191928308075,0.04315317455356903,0.06297168852337395,0.05061809882154875,0.07633891556431507
1758362643.1313052,2025-09-20T19:04:03.131305,20250920_190339,-0.3324958168930862,1.9239199519931727,0.0,-2.010603777405049,0.0018347300438953016,0.0020931588133320522,0.0,0.0,0.0,0.0,0.0037515102544150294,0.0,0.0,0.0,0.0,0.0,0.0,0.0,0.0,0.0,0.0,0.0,0.0,0.0,0.002520072739939993,0.042833748889109645,0.06124957350394392,0.05020032609396071,0.07474115531827381
1758362643.1610177,2025-09-20T19:04:03.161018,20250920_190339,-0.3434360696978177,1.9030795525931405,0.0,-1.993179379302721,0.0018753829496987052,0.0020787981466123093,0.0,0.0,0.0,0.0,0.00366135249343866,0.0,0.0,0.0,0.0,0.0,0.0,0.0,0.0,0.0,0.0,0.0,0.0,0.0,0.0021564616071694013,0.04330569188569448,0.06050911083001187,0.04643771750602522,0.07440924299532528
1758362643.1777892,2025-09-20T19:04:03.177789,20250920_190339,-0.3467599486739681,1.8927421009197383,0.0,-1.9801509054350288,0.0018700636558497406,0.002128433967163189,0.0,0.0,0.0,0.0,0.003836308145859424,0.0,0.0,0.0,0.0,0.0,0.0,0.0,0.0,0.0,0.0,0.0,0.0,0.0,0.002077822268917584,0.04324423263106585,0.061937937856046066,0.04558313579513353,0.07554053085403335
1758362643.2162461,2025-09-20T19:04:03.216246,20250920_190339,-0.35794094945229366,1.8698085483326456,0.0,-1.9594636192299504,0.0015588921693283691,0.0018449534862886449,0.0,0.0,0.0,0.0,0.003861219264666075,0.0,0.0,0.0,0.0,0.0,0.0,0.0,0.0,0.0,0.0,0.0,0.0,0.0,0.002210722165870818,0.03948280852888215,0.06213870987288097,0.04701831734410344,0.07362140608542087
1758362643.2365959,2025-09-20T19:04:03.236596,20250920_190339,-0.3618863680504443,1.8585303264802775,0.0,-1.9502609659695525,0.0016300297103222885,0.001978536874589884,0.0,0.0,0.0,0.0,0.004016072381851785,0.0,0.0,0.0,0.0,0.0,0.0,0.0,0.0,0.0,0.0,0.0,0.0,0.0,0.002148742300723865,0.0403736264202547,0.06337248915619288,0.04635452837343796,0.07514054892116555
1758362643.2588468,2025-09-20T19:04:03.258847,20250920_190339,-0.36985842717267964,1.836915157805157,0.0,-1.930433731920769,0.0016191834036886812,0.0020118971831818507,0.0,0.0,0.0,0.0,0.004050025270227401,0.0,0.0,0.0,0.0,0.0,0.0,0.0,0.0,0.0,0.0,0.0,0.0,0.0,0.0022762891692542785,0.04023907806708152,0.06363980884813687,0.047710472322691155,0.07529414767374741
1758362643.2793264,2025-09-20T19:04:03.279326,20250920_190339,-0.3770119281972506,1.8223041665698787,0.0,-1.9192501981505954,0.001613798668040696,0.0019199172480970556,0.0,0.0,0.0,0.0,0.003749888412526089,0.0,0.0,0.0,0.0,0.0,0.0,0.0,0.0,0.0,0.0,0.0,0.0,0.0,0.0022009085283603027,0.04017211306417296,0.061236332454892246,0.046913841543411286,0.07323719738334329
1758362643.323414,2025-09-20T19:04:03.323414,20250920_190339,-0.3840880654052634,1.8002487309101576,0.0,-1.900050133140615,0.0014904633700930682,0.0017593196041112507,0.0,0.0,0.0,0.0,0.0033176724797676087,0.0,0.0,0.0,0.0,0.0,0.0,0.0,0.0,0.0,0.0,0.0,0.0,0.0,0.0020829238765551674,0.03860651978737618,0.057599240270750175,0.04563906086407966,0.06934072288244965
1758362643.3474143,2025-09-20T19:04:03.347414,20250920_190339,-0.39295955702327595,1.780204522503053,0.0,-1.8892366241777878,0.0013747885885396216,0.001632646806180197,0.0,0.0,0.0,0.0,0.0031809802796103725,0.0,0.0,0.0,0.0,0.0,0.0,0.0,0.0,0.0,0.0,0.0,0.0,0.0,0.0021132060780373846,0.037078141654344296,0.056400179783493355,0.04596962125183744,0.06749643596627895
1758362643.3625119,2025-09-20T19:04:03.362512,20250920_190339,-0.4010505333248808,1.7600899446033764,0.0,-1.872030799432992,0.0014506844099717938,0.0017743265544809446,0.0,0.0,0.0,0.0,0.003471332480622326,0.0,0.0,0.0,0.0,0.0,0.0,0.0,0.0,0.0,0.0,0.0,0.0,0.0,0.001957395871823299,0.03808785121231958,0.05891801490734668,0.04424246683700287,0.0701570872442273
1758362643.3747244,2025-09-20T19:04:03.374724,20250920_190339,-0.40740466244927515,1.745026814072494,0.0,-1.8615694316490634,0.0014483999681650245,0.0017146979610114916,0.0,0.0,0.0,0.0,0.0034733424061460234,0.0,0.0,0.0,0.0,0.0,0.0,0.0,0.0,0.0,0.0,0.0,0.0,0.0,0.001878931825925924,0.0380578502830234,0.05893506940817177,0.043346647228198906,0.07015513077680811
1758362643.418925,2025-09-20T19:04:03.418925,20250920_190339,-0.4141165030733339,1.723097187597975,0.0,-1.8357761330999853,0.001489476431468328,0.0018407047519874429,0.0,0.0,0.0,0.0,0.003958928403892304,0.0,0.0,0.0,0.0,0.0,0.0,0.0,0.0,0.0,0.0,0.0,0.0,0.0,0.002168526878257422,0.038593735650599155,0.06292001592412627,0.046567444403332055,0.07381331069231777
1758362643.4356065,2025-09-20T19:04:03.435606,20250920_190339,-0.41629414924283176,1.712316124412355,0.0,-1.8238503007996283,0.0014095571173252162,0.001568256000883965,0.0,0.0,0.0,0.0,0.003559844030355071,0.0,0.0,0.0,0.0,0.0,0.0,0.0,0.0,0.0,0.0,0.0,0.0,0.0,0.0020471734262488737,0.037544069003308846,0.059664428517795014,0.04524570063828025,0.07049397951371654
1758362643.4568002,2025-09-20T19:04:03.456800,20250920_190339,-0.42459131316554966,1.6862645411240824,0.0,-1.8038317892606708,0.0013000681774715797,0.001367976216441231,0.0,0.0,0.0,0.0,0.0033329139657815162,0.0,0.0,0.0,0.0,0.0,0.0,0.0,0.0,0.0,0.0,0.0,0.0,0.0,0.002337123525496805,0.03605645819366594,0.057731394975191065,0.04834380545113102,0.06806601312882293
1758362643.4789388,2025-09-20T19:04:03.478939,20250920_190339,-0.4268094646852317,1.6757689974157897,0.0,-1.7907522761025925,0.001254264120033275,0.001267421716212436,0.0,0.0,0.0,0.0,0.0033294485570428013,0.0,0.0,0.0,0.0,0.0,0.0,0.0,0.0,0.0,0.0,0.0,0.0,0.0,0.002375299015129731,0.035415591482188674,0.057701373961482075,0.04873703945799058,0.06770312161987863
1758362643.5171645,2025-09-20T19:04:03.517164,20250920_190339,-0.42807808457194196,1.6574950118669527,0.0,-1.7660474438715734,0.0011445953439695922,0.0012209932513636574,0.0,0.0,0.0,0.0,0.0035475057585104565,0.0,0.0,0.0,0.0,0.0,0.0,0.0,0.0,0.0,0.0,0.0,0.0,0.0,0.0023477421146813906,0.033831868762597084,0.05956094155157771,0.04845350466871711,0.06849891314816643
1758362643.5348966,2025-09-20T19:04:03.534897,20250920_190339,-0.4300591755320768,1.6471980208087973,0.0,-1.755450746295404,0.0010705251413821457,0.0010754520623572677,0.0,0.0,0.0,0.0,0.003204520238447464,0.0,0.0,0.0,0.0,0.0,0.0,0.0,0.0,0.0,0.0,0.0,0.0,0.0,0.0019900473438559446,0.03271888050319182,0.056608482036241387,0.044609946691920005,0.0653838311804196
1758362643.5589368,2025-09-20T19:04:03.558937,20250920_190339,-0.43432122217762686,1.6283525577717932,0.0,-1.736273690181965,0.001052039154681839,0.0010720625273704454,0.0,0.0,0.0,0.0,0.0032186737865951866,0.0,0.0,0.0,0.0,0.0,0.0,0.0,0.0,0.0,0.0,0.0,0.0,0.0,0.0020394017375470388,0.03243515307011575,0.056733356912800306,0.045159735800235135,0.06535069197244223
1758362643.5786362,2025-09-20T19:04:03.578636,20250920_190339,-0.4363079845064727,1.6129293960704965,0.0,-1.7221155701468092,0.0009225067219056678,0.001047831086375149,0.0,0.0,0.0,0.0,0.003127797429753157,0.0,0.0,0.0,0.0,0.0,0.0,0.0,0.0,0.0,0.0,0.0,0.0,0.0,0.002046729968163958,0.030372795753859535,0.05592671481280799,0.04524079981790727,0.06364199990304222
1758362643.623287,2025-09-20T19:04:03.623287,20250920_190339,-0.43816552661316627,1.597666993166705,0.0,-1.7035152447650943,0.0008542464540277566,0.0009526929218647874,0.0,0.0,0.0,0.0,0.0031868273116627014,0.0,0.0,0.0,0.0,0.0,0.0,0.0,0.0,0.0,0.0,0.0,0.0,0.0,0.0019743597188652084,0.029227494829830294,0.05645199121078637,0.04443376777705452,0.06356944050163142
1758362643.6412616,2025-09-20T19:04:03.641262,20250920_190339,-0.4385456716101431,1.584964164240881,0.0,-1.6875915800036907,0.0007957540489533211,0.0008492724554855776,0.0,0.0,0.0,0.0,0.003159492412939836,0.0,0.0,0.0,0.0,0.0,0.0,0.0,0.0,0.0,0.0,0.0,0.0,0.0,0.0019430908586427098,0.028209112870725323,0.05620936232461489,0.04408050429206442,0.06289075020933647
1758362643.657283,2025-09-20T19:04:03.657283,20250920_190339,-0.44186701367295217,1.5630007061453521,0.0,-1.6661942942456553,0.0007777186074568866,0.000906099003027653,0.0,0.0,0.0,0.0,0.003553024042909088,0.0,0.0,0.0,0.0,0.0,0.0,0.0,0.0,0.0,0.0,0.0,0.0,0.0,0.0019789830900152805,0.02788760670005382,0.05960724824137655,0.04448576277884061,0.06580837826877346
1758362643.6799235,2025-09-20T19:04:03.679924,20250920_190339,-0.4447442203398464,1.5470747128235,0.0,-1.653313447709247,0.0007911541999206856,0.0007661561668531876,0.0,0.0,0.0,0.0,0.003115118055437945,0.0,0.0,0.0,0.0,0.0,0.0,0.0,0.0,0.0,0.0,0.0,0.0,0.0,0.002006480287985048,0.028127463446259878,0.05581324265295778,0.04479375277854098,0.06250017804261546
1758362643.7170553,2025-09-20T19:04:03.717055,20250920_190339,-0.44472349508969233,1.5328329211999403,0.0,-1.633672170240813,0.0007309071878958474,0.0006072108724077581,0.0,0.0,0.0,0.0,0.0035689004083731862,0.0,0.0,0.0,0.0,0.0,0.0,0.0,0.0,0.0,0.0,0.0,0.0,0.0,0.002174033971152319,0.027035295224869423,0.05974027459238187,0.04662653719881328,0.06557291816191371
1758362643.7347543,2025-09-20T19:04:03.734754,20250920_190339,-0.44567980315606165,1.5161388409548564,0.0,-1.6164542382850469,0.000647389850932417,0.00048370689572651236,0.0,0.0,0.0,0.0,0.003322062768569434,0.0,0.0,0.0,0.0,0.0,0.0,0.0,0.0,0.0,0.0,0.0,0.0,0.0,0.0019004151903367853,0.025443856840746785,0.05763733831961217,0.04359375173504553,0.06300359211586154
1758362643.7587633,2025-09-20T19:04:03.758763,20250920_190339,-0.44659395997568285,1.4956096683891598,0.0,-1.5940236437512663,0.0006179270205672158,0.00038269453135738864,0.0,0.0,0.0,0.0,0.003330760106167917,0.0,0.0,0.0,0.0,0.0,0.0,0.0,0.0,0.0,0.0,0.0,0.0,0.0,0.0017055478400022355,0.024858137914317232,0.05771273781556301,0.041298278898789904,0.06283857992296717
1758362643.7808366,2025-09-20T19:04:03.780837,20250920_190339,-0.4457918728651543,1.4781205015185963,0.0,-1.574726726770406,0.0006299476880195694,0.00035853583665604457,0.0,0.0,0.0,0.0,0.003560801539295134,0.0,0.0,0.0,0.0,0.0,0.0,0.0,0.0,0.0,0.0,0.0,0.0,0.0,0.0017177700060145595,0.025098758694795435,0.05967245209722099,0.04144598902203396,0.06473599638002572
1758362643.8301942,2025-09-20T19:04:03.830194,20250920_190339,-0.44560925153657094,1.456737409070889,0.0,-1.5554399700434933,0.000587999960934637,0.0003775704272615359,0.0,0.0,0.0,0.0,0.003967219029869293,0.0,0.0,0.0,0.0,0.0,0.0,0.0,0.0,0.0,0.0,0.0,0.0,0.0,0.0018533847572449,0.02424871050045006,0.06298586373043791,0.043050955358097456,0.06749236246275522
1758362643.8359218,2025-09-20T19:04:03.835922,20250920_190339,-0.44599316741111883,1.4438892592044597,0.0,-1.5373750596290774,0.0006142683728540618,0.00033078696912670186,0.0,0.0,0.0,0.0,0.004007239461412024,0.0,0.0,0.0,0.0,0.0,0.0,0.0,0.0,0.0,0.0,0.0,0.0,0.0,0.0018465927665298203,0.02478443811858687,0.06330276029852114,0.04297199979672601,0.06798167278219981
1758362643.8653343,2025-09-20T19:04:03.865334,20250920_190339,-0.44728887279535784,1.4321839206108449,0.0,-1.5134887828668468,0.0006433716203712915,0.00029843686191908945,0.0,0.0,0.0,0.0,0.00403436681127046,0.0,0.0,0.0,0.0,0.0,0.0,0.0,0.0,0.0,0.0,0.0,0.0,0.0,0.0020617243344147286,0.025364771246184963,0.06351666561832776,0.045406214711366646,0.06839399411967216
1758362643.8752775,2025-09-20T19:04:03.875278,20250920_190339,-0.44495161205545847,1.4171827443243705,0.0,-1.4986379520579238,0.0006394644080237818,0.00037270469160574724,0.0,0.0,0.0,0.0,0.004024741136909879,0.0,0.0,0.0,0.0,0.0,0.0,0.0,0.0,0.0,0.0,0.0,0.0,0.0,0.0019721274679607124,0.02528763349987068,0.06344084754249331,0.04440864181621312,0.0682949891641668
1758362643.9132268,2025-09-20T19:04:03.913227,20250920_190339,-0.4436353766697315,1.3948934514817755,0.0,-1.4741855640160233,0.0006219469754058394,0.0004296965436070126,0.0,0.0,0.0,0.0,0.004826967239437335,0.0,0.0,0.0,0.0,0.0,0.0,0.0,0.0,0.0,0.0,0.0,0.0,0.0,0.002184635618329784,0.024938864757759912,0.06947637900349539,0.04674008577580687,0.073816761069849
1758362643.9488165,2025-09-20T19:04:03.948817,20250920_190339,-0.4418633728310391,1.380587230072991,0.0,-1.4605860568486468,0.0005981710050443603,0.00038818724777980147,0.0,0.0,0.0,0.0,0.00462017458059964,0.0,0.0,0.0,0.0,0.0,0.0,0.0,0.0,0.0,0.0,0.0,0.0,0.0,0.00222207774031043,0.024457534729493084,0.06797186609619923,0.047138919592099586,0.07223811726259205
1758362643.95527,2025-09-20T19:04:03.955270,20250920_190339,-0.440316960724234,1.3634732528823919,0.0,-1.4422377527106838,0.000581264411971923,0.00031254976849373866,0.0,0.0,0.0,0.0,0.0046970353498269396,0.0,0.0,0.0,0.0,0.0,0.0,0.0,0.0,0.0,0.0,0.0,0.0,0.0,0.002172278203703393,0.024109425791003877,0.06853492065966765,0.046607705411266416,0.0726519081772727
1758362643.9845035,2025-09-20T19:04:03.984504,20250920_190339,-0.43838681309790706,1.3550246243054564,0.0,-1.4282208606479712,0.0005635800484061327,0.0003223869331272576,0.0,0.0,0.0,0.0,0.004408838644496121,0.0,0.0,0.0,0.0,0.0,0.0,0.0,0.0,0.0,0.0,0.0,0.0,0.0,0.0019943876026814115,0.023739840951576163,0.06639908617214639,0.044658566957319755,0.0705153791232966
1758362644.0209723,2025-09-20T19:04:04.020972,20250920_190339,-0.43589605670754966,1.3330765131612774,0.0,-1.4080574696682548,0.0005438069381619013,0.0003401785990205254,0.0,0.0,0.0,0.0,0.004579806930723042,0.0,0.0,0.0,0.0,0.0,0.0,0.0,0.0,0.0,0.0,0.0,0.0,0.0,0.0022922282003858853,0.023319668483104586,0.06767427081781555,0.047877220056994595,0.07157942350204383
1758362644.0470116,2025-09-20T19:04:04.047012,20250920_190339,-0.43531524952112655,1.3175039685690269,0.0,-1.3958487367740637,0.0005248317719475943,0.00030032514283789076,0.0,0.0,0.0,0.0,0.004240476803127743,0.0,0.0,0.0,0.0,0.0,0.0,0.0,0.0,0.0,0.0,0.0,0.0,0.0,0.0019431772177003423,0.022909207143582997,0.06511894350438852,0.04408148384186202,0.06903121449804674
1758362644.0671096,2025-09-20T19:04:04.067110,20250920_190339,-0.43138018640417314,1.2949039732459262,0.0,-1.3727241419482277,0.0005776701236216444,0.00021357592950439733,0.0,0.0,0.0,0.0,0.005033330775302132,0.0,0.0,0.0,0.0,0.0,0.0,0.0,0.0,0.0,0.0,0.0,0.0,0.0,0.0020041018589452278,0.024034769056965045,0.07094597081795508,0.04476719623725868,0.07490661452050665
1758362644.2403579,2025-09-20T19:04:04.240358,20250920_190339,-0.42968939940497786,1.2825860986957203,0.0,-1.3587816576309109,0.000626853404981387,0.00024214816900477922,0.0,0.0,0.0,0.0,0.004234742940161911,0.0,0.0,0.0,0.0,0.0,0.0,0.0,0.0,0.0,0.0,0.0,0.0,0.0,0.002062709501593619,0.025037040659418735,0.06507490253670696,0.04541706178952596,0.06972514858459104
1758362644.2441401,2025-09-20T19:04:04.244140,20250920_190339,-0.4260381700374793,1.2605481013991784,0.0,-1.3348485949939306,0.0006928557878166677,-0.0001491043957977419,0.0,0.0,0.0,0.0,0.004363963963945303,0.0,0.0,0.0,0.0,0.0,0.0,0.0,0.0,0.0,0.0,0.0,0.0,0.0,0.002201188286102676,0.026322153935737624,0.06606030550902185,0.04691682306063227,0.07111131943482676
1758362644.2489762,2025-09-20T19:04:04.248976,20250920_190339,-0.42339461630263037,1.247266670113746,0.0,-1.3221023079230079,0.0006326193447721155,-0.00011589898690421215,0.0,0.0,0.0,0.0,0.004432590677280165,0.0,0.0,0.0,0.0,0.0,0.0,0.0,0.0,0.0,0.0,0.0,0.0,0.0,0.002101330871653036,0.025151925269690897,0.06657770405533796,0.04584027564983697,0.07117028889959827
1758362644.2562318,2025-09-20T19:04:04.256232,20250920_190339,-0.4187583261034737,1.226493966337451,0.0,-1.301497422417953,0.0005765233481631162,-0.0002349284829288511,0.0,0.0,0.0,0.0,0.004501342749868926,0.0,0.0,0.0,0.0,0.0,0.0,0.0,0.0,0.0,0.0,0.0,0.0,0.0,0.002052035063756732,0.02401090061124564,0.06709204684512857,0.045299393635640776,0.07125914746916386
1758362644.2601795,2025-09-20T19:04:04.260180,20250920_190339,-0.4143218226930088,1.2106654873163445,0.0,-1.2848154656466277,0.0005916845733282311,-0.00031216561289036914,0.0,0.0,0.0,0.0,0.004878161590964624,0.0,0.0,0.0,0.0,0.0,0.0,0.0,0.0,0.0,0.0,0.0,0.0,0.0,0.002159979143166636,0.024324567279362466,0.06984383717239928,0.046475575770146584,0.07395840834072118
1758362644.2652087,2025-09-20T19:04:04.265209,20250920_190339,-0.4109551647620028,1.1879314150716236,0.0,-1.265056363335261,0.0005749311334118574,-0.000577742677713519,0.0,0.0,0.0,0.0,0.0050799205344542134,0.0,0.0,0.0,0.0,0.0,0.0,0.0,0.0,0.0,0.0,0.0,0.0,0.0,0.0023346960964500574,0.02397772160593782,0.07127356125839521,0.048318693033339154,0.07519874778123682
1758362644.2690442,2025-09-20T19:04:04.269044,20250920_190339,-0.4066750856551109,1.171080880449616,0.0,-1.2456299270992837,0.000608188007282659,-0.0006655005063707971,0.0,0.0,0.0,0.0,0.004777244215843469,0.0,0.0,0.0,0.0,0.0,0.0,0.0,0.0,0.0,0.0,0.0,0.0,0.0,0.0019834590734004722,0.02466146806827726,0.06911761147380216,0.04453604240837383,0.0733855041757303
1758362644.27335,2025-09-20T19:04:04.273350,20250920_190339,-0.4016239782731768,1.1583138288341328,0.0,-1.2213240710099964,0.0006456463032954368,-0.0008724491904656768,0.0,0.0,0.0,0.0,0.005430275488322618,0.0,0.0,0.0,0.0,0.0,0.0,0.0,0.0,0.0,0.0,0.0,0.0,0.0,0.0019173101084090812,0.02540957109625105,0.07369040295942625,0.04378709979444952,0.07794819941228953
1758362644.280957,2025-09-20T19:04:04.280957,20250920_190339,-0.3952043968578529,1.1449767449703885,0.0,-1.2043785596056322,0.0006475346308996018,-0.0008079401688588025,0.0,0.0,0.0,0.0,0.004818959741528859,0.0,0.0,0.0,0.0,0.0,0.0,0.0,0.0,0.0,0.0,0.0,0.0,0.0,0.0015817279822360256,0.025446701768590794,0.06941872759946598,0.039770943944493264,0.07393574488992764
1758362644.3178189,2025-09-20T19:04:04.317819,20250920_190339,-0.38583853425925113,1.1250437186136455,0.0,-1.184516773821136,0.00073648756041036,-0.0008182797581021247,0.0,0.0,0.0,0.0,0.004474338904922862,0.0,0.0,0.0,0.0,0.0,0.0,0.0,0.0,0.0,0.0,0.0,0.0,0.0,0.001903505535759258,0.027138304302412854,0.06689049936218791,0.043629182157808755,0.07218605450731617
1758362644.3383737,2025-09-20T19:04:04.338374,20250920_190339,-0.3808438355097037,1.109676608978034,0.0,-1.164326130332372,0.0008432084243282728,-0.0010339647973661226,0.0,0.0,0.0,0.0,0.004883385056135677,0.0,0.0,0.0,0.0,0.0,0.0,0.0,0.0,0.0,0.0,0.0,0.0,0.0,0.0020256503547556428,0.029038051317680957,0.06988122105498498,0.045007225583850896,0.07567425903478639
1758362644.3650506,2025-09-20T19:04:04.365051,20250920_190339,-0.3715711735835092,1.0962328438027567,0.0,-1.142516614795628,0.0009594948112128292,-0.0010469582150940996,0.0,0.0,0.0,0.0,0.004531122265717759,0.0,0.0,0.0,0.0,0.0,0.0,0.0,0.0,0.0,0.0,0.0,0.0,0.0,0.002232167280026561,0.03097571324784676,0.06731361129606522,0.047245817592952724,0.07409869821346789
1758362644.3859706,2025-09-20T19:04:04.385971,20250920_190339,-0.36515319820968867,1.0817921925678202,0.0,-1.129300709308209,0.0009686158909199417,-0.0009735619297929544,0.0,0.0,0.0,0.0,0.004310962769058088,0.0,0.0,0.0,0.0,0.0,0.0,0.0,0.0,0.0,0.0,0.0,0.0,0.0,0.002159383534397803,0.03112259454030049,0.06565792236324637,0.04646916756729996,0.07266070918989181
1758362644.4179351,2025-09-20T19:04:04.417935,20250920_190339,-0.3571429624050342,1.0614158680292365,0.0,-1.106629071851341,0.0010522180534279892,-0.0011565015630036295,0.0,0.0,0.0,0.0,0.0045557693986568795,0.0,0.0,0.0,0.0,0.0,0.0,0.0,0.0,0.0,0.0,0.0,0.0,0.0,0.00235808437790847,0.03243791074388098,0.06749643989616697,0.04856011097504278,0.07488649712788593
1758362644.4390185,2025-09-20T19:04:04.439018,20250920_190339,-0.34963442971391157,1.0433729268147613,0.0,-1.0934997662367005,0.0010907315520973116,-0.0012209106311456962,0.0,0.0,0.0,0.0,0.004169432578714054,0.0,0.0,0.0,0.0,0.0,0.0,0.0,0.0,0.0,0.0,0.0,0.0,0.0,0.0023698023875176276,0.03302622521720143,0.06457114354503918,0.04868061613740758,0.0725269889821118
1758362644.4738176,2025-09-20T19:04:04.473818,20250920_190339,-0.3403884268055803,1.0245165081038246,0.0,-1.06918266011397,0.0011894319900067115,-0.0014224296436654198,0.0,0.0,0.0,0.0,0.004313123520204248,0.0,0.0,0.0,0.0,0.0,0.0,0.0,0.0,0.0,0.0,0.0,0.0,0.0,0.0021133394909546286,0.03448814274510461,0.06567437491293121,0.045971072327656536,0.07417921211640738
1758362644.5072072,2025-09-20T19:04:04.507207,20250920_190339,-0.33575281703865073,1.017895735036479,0.0,-1.0601901444126058,0.0012508410497757022,-0.0013979313258746277,0.0,0.0,0.0,0.0,0.004330201196204301,0.0,0.0,0.0,0.0,0.0,0.0,0.0,0.0,0.0,0.0,0.0,0.0,0.0,0.0019213375168582922,0.03536723129926489,0.06580426427067095,0.04383306419654337,0.07470637352984016
1758362644.5199783,2025-09-20T19:04:04.519978,20250920_190339,-0.3217763207662133,0.9963809325433857,0.0,-1.0372280934373905,0.0013495356379985876,-0.001475191929413085,0.0,0.0,0.0,0.0,0.0045784955236610496,0.0,0.0,0.0,0.0,0.0,0.0,0.0,0.0,0.0,0.0,0.0,0.0,0.0,0.0019788902907617407,0.036736026431809246,0.06766458101297199,0.044484719744668964,0.07699370858492034
1758362644.532196,2025-09-20T19:04:04.532196,20250920_190339,-0.3145822462667796,0.9843720943995894,0.0,-1.0191551265285057,0.0012649024312321759,-0.0013509484979422179,0.0,0.0,0.0,0.0,0.004301293333526655,0.0,0.0,0.0,0.0,0.0,0.0,0.0,0.0,0.0,0.0,0.0,0.0,0.0,0.001993594870540967,0.03556546683557206,0.06558424607729096,0.0446496905984909,0.07460694180006866
1758362644.57876,2025-09-20T19:04:04.578760,20250920_190339,-0.30426450656608006,0.9668122365382154,0.0,-0.9955396201114609,0.0013600405656794515,-0.001479909612889414,0.0,0.0,0.0,0.0,0.004207573867688627,0.0,0.0,0.0,0.0,0.0,0.0,0.0,0.0,0.0,0.0,0.0,0.0,0.0,0.0020698273467459572,0.03687872782078378,0.06486581432225011,0.04549535522167024,0.07461644881236361
1758362644.5960467,2025-09-20T19:04:04.596047,20250920_190339,-0.29486634685006863,0.9542181038243271,0.0,-0.9788596198459727,0.001343953510257098,-0.0014055831071715554,0.0,0.0,0.0,0.0,0.0039848443419110546,0.0,0.0,0.0,0.0,0.0,0.0,0.0,0.0,0.0,0.0,0.0,0.0,0.0,0.0019380271674075762,0.03665997149831268,0.06312562349720638,0.04402302996622991,0.07299861541267856
1758362644.630284,2025-09-20T19:04:04.630284,20250920_190339,-0.2813915529483889,0.9378396972459265,0.0,-0.9575309917316777,0.001470375013251075,-0.0014688506789211507,0.0,0.0,0.0,0.0,0.0037545853091681667,0.0,0.0,0.0,0.0,0.0,0.0,0.0,0.0,0.0,0.0,0.0,0.0,0.0,0.001846496061347679,0.038345469266278055,0.06127467102456093,0.0429708745704306,0.07228388701791874
1758362644.639052,2025-09-20T19:04:04.639052,20250920_190339,-0.2690136052869583,0.9207187655289725,0.0,-0.9426773682642912,0.001502802233546896,-0.0014735976979670458,0.0,0.0,0.0,0.0,0.0037051995317320995,0.0,0.0,0.0,0.0,0.0,0.0,0.0,0.0,0.0,0.0,0.0,0.0,0.0,0.0017176289734663023,0.03876599326145141,0.06087035018571932,0.04144428758545986,0.07216648644127685
1758362644.6654072,2025-09-20T19:04:04.665407,20250920_190339,-0.2550511049488012,0.8993959986792772,0.0,-0.9185138338339743,0.0015957005943677421,-0.0015611777873193744,0.0,0.0,0.0,0.0,0.0036734445448517454,0.0,0.0,0.0,0.0,0.0,0.0,0.0,0.0,0.0,0.0,0.0,0.0,0.0,0.001904979090025884,0.03994622127770964,0.060608947729289486,0.043646066146055866,0.07258887751728559
1758362644.673382,2025-09-20T19:04:04.673382,20250920_190339,-0.2472158463491746,0.8899259183526228,0.0,-0.9016083868975491,0.0017315525758447802,-0.0016159449336889146,0.0,0.0,0.0,0.0,0.0033804502541351852,0.0,0.0,0.0,0.0,0.0,0.0,0.0,0.0,0.0,0.0,0.0,0.0,0.0,0.0020015505886181537,0.04161192828798949,0.0581416395893269,0.044738692298927935,0.07149827151742877
1758362644.710956,2025-09-20T19:04:04.710956,20250920_190339,-0.2332061210381007,0.8720034502707364,0.0,-0.8807176264496376,0.0017704184087766323,-0.0016482876231978807,0.0,0.0,0.0,0.0,0.0036101590330384183,0.0,0.0,0.0,0.0,0.0,0.0,0.0,0.0,0.0,0.0,0.0,0.0,0.0,0.0018407823369178942,0.042076340249321026,0.060084598967109853,0.04290433937165207,0.07335241946803835
1758362644.73319,2025-09-20T19:04:04.733190,20250920_190339,-0.2247666129624298,0.860117010818083,0.0,-0.864376453904886,0.0016889253607024848,-0.0015755939098336805,0.0,0.0,0.0,0.0,0.003550779341673281,0.0,0.0,0.0,0.0,0.0,0.0,0.0,0.0,0.0,0.0,0.0,0.0,0.0,0.001822257284117402,0.041096537088938345,0.05958841617020275,0.04268790559534869,0.07238580456398731
1758362644.7547677,2025-09-20T19:04:04.754768,20250920_190339,-0.21451403402178246,0.849006311368606,0.0,-0.8415666257686614,0.0016088085948614953,-0.0016260595530237555,0.0,0.0,0.0,0.0,0.0035992189611495813,0.0,0.0,0.0,0.0,0.0,0.0,0.0,0.0,0.0,0.0,0.0,0.0,0.0,0.0018246333563252202,0.04010995630590359,0.05999349098985307,0.04271572727140696,0.0721666651301768
1758362644.7759411,2025-09-20T19:04:04.775941,20250920_190339,-0.20010859502411582,0.8352032192327323,0.0,-0.8272990280476945,0.001642029259823019,-0.001672006307505307,0.0,0.0,0.0,0.0,0.0034626542358004407,0.0,0.0,0.0,0.0,0.0,0.0,0.0,0.0,0.0,0.0,0.0,0.0,0.0,0.001968834807514072,0.04052196021693693,0.05884432203535393,0.04437155403537352,0.07144706778884252
1758362644.8194911,2025-09-20T19:04:04.819491,20250920_190339,-0.18565981746330407,0.8194645546797168,0.0,-0.8049664394572632,0.0018073978632065415,-0.0017812055629901214,0.0,0.0,0.0,0.0,0.0033164379732718388,0.0,0.0,0.0,0.0,0.0,0.0,0.0,0.0,0.0,0.0,0.0,0.0,0.0,0.001970103805461526,0.04251350212822441,0.05758852293011029,0.04438585141079898,0.07158097398386236
1758362644.836703,2025-09-20T19:04:04.836703,20250920_190339,-0.17464303710858278,0.812121174561084,0.0,-0.7912484693103345,0.0019003037438066344,-0.0017872174817068233,0.0,0.0,0.0,0.0,0.003129426519625257,0.0,0.0,0.0,0.0,0.0,0.0,0.0,0.0,0.0,0.0,0.0,0.0,0.0,0.0017985395846972295,0.04359247347658348,0.05594127742217957,0.04240919221934355,0.07092059125128534
1758362644.8742807,2025-09-20T19:04:04.874281,20250920_190339,-0.1594405760458348,0.7985745206539381,0.0,-0.7696404314298497,0.001799175884814049,-0.001650553702708865,0.0,0.0,0.0,0.0,0.002861352926334311,0.0,0.0,0.0,0.0,0.0,0.0,0.0,0.0,0.0,0.0,0.0,0.0,0.0,0.0020996898334921022,0.042416693468657465,0.05349161547695406,0.045822372630540446,0.0682680658225232
1758362644.8971314,2025-09-20T19:04:04.897131,20250920_190339,-0.14923658288191738,0.7876905051599846,0.0,-0.758030037982952,0.001706769794227392,-0.0015060810450744332,0.0,0.0,0.0,0.0,0.0026598951061226794,0.0,0.0,0.0,0.0,0.0,0.0,0.0,0.0,0.0,0.0,0.0,0.0,0.0,0.002020404698617432,0.041313070501082245,0.05157417092036167,0.0449489120960389,0.06608074530716244
1758362644.9201686,2025-09-20T19:04:04.920169,20250920_190339,-0.13240934401790835,0.7746073079402496,0.0,-0.7369736021561474,0.0018371511899055333,-0.0016166933742486215,0.0,0.0,0.0,0.0,0.0026204993860922386,0.0,0.0,0.0,0.0,0.0,0.0,0.0,0.0,0.0,0.0,0.0,0.0,0.0,0.002200072479922831,0.04286200170203829,0.05119081349316729,0.046904930230444127,0.06676563918661883
1758362644.9583225,2025-09-20T19:04:04.958323,20250920_190339,-0.1221807790860156,0.7635247701361366,0.0,-0.7181887207868927,0.0018047526852725522,-0.0015093335712953097,0.0,0.0,0.0,0.0,0.0024058413775560335,0.0,0.0,0.0,0.0,0.0,0.0,0.0,0.0,0.0,0.0,0.0,0.0,0.0,0.0020310935778103502,0.04248238088046093,0.04904937693341306,0.04506765556150386,0.0648890904762009
1758362644.976813,2025-09-20T19:04:04.976813,20250920_190339,-0.10684494220634037,0.7513698471888274,0.0,-0.6996780017617723,0.0018692090142127392,-0.0015670449674845483,0.0,0.0,0.0,0.0,0.00235102541731267,0.0,0.0,0.0,0.0,0.0,0.0,0.0,0.0,0.0,0.0,0.0,0.0,0.0,0.0021772942441051152,0.04323434993396731,0.048487373792696485,0.046661485661143656,0.06496333143801516
1758362644.990112,2025-09-20T19:04:04.990112,20250920_190339,-0.09580034417432871,0.7394194003783445,0.0,-0.6833286496706481,0.0019860057200827633,-0.001642722721613887,0.0,0.0,0.0,0.0,0.002314280634529979,0.0,0.0,0.0,0.0,0.0,0.0,0.0,0.0,0.0,0.0,0.0,0.0,0.0,0.0019565210198586517,0.044564624087753316,0.048106970747803054,0.044232578715904095,0.06557656864012285
1758362645.013871,2025-09-20T19:04:05.013871,20250920_190339,-0.08035631061644484,0.7262028810265952,0.0,-0.660498874842358,0.002130370756707915,-0.00175695666531231,0.0,0.0,0.0,0.0,0.00231392256990199,0.0,0.0,0.0,0.0,0.0,0.0,0.0,0.0,0.0,0.0,0.0,0.0,0.0,0.0019201529427574815,0.04615593956045002,0.04810324905764672,0.04381954977812394,0.06666553327327326
1758362645.0445974,2025-09-20T19:04:05.044597,20250920_190339,-0.07067831894673295,0.7195660100639292,0.0,-0.6475211416222947,0.0023639337305514482,-0.001968551172889483,0.0,0.0,0.0,0.0,0.0025513990798510396,0.0,0.0,0.0,0.0,0.0,0.0,0.0,0.0,0.0,0.0,0.0,0.0,0.0,0.0018565845815266184,0.048620301629581114,0.050511375746964564,0.04308810255194139,0.0701094345320406
1758362645.0543416,2025-09-20T19:04:05.054342,20250920_190339,-0.0531252241353493,0.7070701683726178,0.0,-0.6289389133732933,0.002772104716065115,-0.0022035404225548847,0.0,0.0,0.0,0.0,0.002657301875132665,0.0,0.0,0.0,0.0,0.0,0.0,0.0,0.0,0.0,0.0,0.0,0.0,0.0,0.0020527097740429706,0.052650780773556574,0.051549023997866976,0.045306840256665114,0.073684507131403
1758362645.105747,2025-09-20T19:04:05.105747,20250920_190339,-0.03400919147806786,0.694312553267598,0.0,-0.611659273467076,0.002927464805565718,-0.0022030678396656894,0.0,0.0,0.0,0.0,0.0025534167594575626,0.0,0.0,0.0,0.0,0.0,0.0,0.0,0.0,0.0,0.0,0.0,0.0,0.0,0.0023226573550605635,0.054106051468996684,0.05053134432664109,0.04819395558636543,0.07403297619995619
1758362645.141884,2025-09-20T19:04:05.141884,20250920_190339,-0.022619608910685547,0.6874328386415125,0.0,-0.5988890204772385,0.0030585472235924826,-0.002280587505856075,0.0,0.0,0.0,0.0,0.002556454716720783,0.0,0.0,0.0,0.0,0.0,0.0,0.0,0.0,0.0,0.0,0.0,0.0,0.0,0.0019479327828165764,0.055304133874354115,0.05056139551793229,0.04413539149952764,0.07493331662427112
1758362645.14835,2025-09-20T19:04:05.148350,20250920_190339,-0.014964273068333457,0.6839724046692516,0.0,-0.5891125314577889,0.003075765687567055,-0.002373446926036835,0.0,0.0,0.0,0.0,0.0026139393799486017,0.0,0.0,0.0,0.0,0.0,0.0,0.0,0.0,0.0,0.0,0.0,0.0,0.0,0.0017970389451782106,0.05545958607460982,0.05112669928666041,0.042391496142247805,0.07543013368353298
1758362645.2037606,2025-09-20T19:04:05.203761,20250920_190339,0.012674593245202771,0.6661726663898402,0.0,-0.5665995449966917,0.0036711363405130103,-0.002736125342144731,0.0,0.0,0.0,0.0,0.0027536603122077746,0.0,0.0,0.0,0.0,0.0,0.0,0.0,0.0,0.0,0.0,0.0,0.0,0.0,0.0021549112473269886,0.06058990295843863,0.05247533051070545,0.04642102161011742,0.08015482925389328
1758362645.2171502,2025-09-20T19:04:05.217150,20250920_190339,0.021848124924843303,0.6606688233051997,0.0,-0.5488081601897886,0.0035670659590418133,-0.0027171961337610117,0.0,0.0,0.0,0.0,0.0027249883554299587,0.0,0.0,0.0,0.0,0.0,0.0,0.0,0.0,0.0,0.0,0.0,0.0,0.0,0.0020926962227012587,0.05972491907940783,0.05220142100968094,0.045745996794268884,0.07932247042592516
1758362645.2333734,2025-09-20T19:04:05.233373,20250920_190339,0.0414053360553717,0.6486732758893731,0.0,-0.531561182293398,0.003434733881520585,-0.0026024033060426453,0.0,0.0,0.0,0.0,0.0026077573834394152,0.0,0.0,0.0,0.0,0.0,0.0,0.0,0.0,0.0,0.0,0.0,0.0,0.0,0.002198451958553441,0.05860660271266869,0.05106620588451246,0.046887652516984055,0.07773346296775926
1758362645.2535334,2025-09-20T19:04:05.253533,20250920_190339,0.054167706034094064,0.6405124254597743,0.0,-0.5171067565340287,0.0033158265699006185,-0.0023696679680395498,0.0,0.0,0.0,0.0,0.002318224666817796,0.0,0.0,0.0,0.0,0.0,0.0,0.0,0.0,0.0,0.0,0.0,0.0,0.0,0.0021680137337654498,0.05758321430678057,0.048147945613679057,0.04656193438599227,0.0750603173235926
1758362645.2652805,2025-09-20T19:04:05.265280,20250920_190339,0.0738189914510256,0.6310582908400381,0.0,-0.5001908036208891,0.0034997663846784194,-0.0023854156192184327,0.0,0.0,0.0,0.0,0.002264058343310017,0.0,0.0,0.0,0.0,0.0,0.0,0.0,0.0,0.0,0.0,0.0,0.0,0.0,0.0022178321338940958,0.05915882338821843,0.04758212209759057,0.04709386514073883,0.07591985727060105
1758362645.2989297,2025-09-20T19:04:05.298930,20250920_190339,0.09146176377189451,0.623207565467921,0.0,-0.48932768870201887,0.003821444417797737,-0.0024814750041784596,0.0,0.0,0.0,0.0,0.0022827949648776113,0.0,0.0,0.0,0.0,0.0,0.0,0.0,0.0,0.0,0.0,0.0,0.0,0.0,0.0022618978936439693,0.061817832522644604,0.047778603630470526,0.04755941435345866,0.07812963191181274
1758362645.315795,2025-09-20T19:04:05.315795,20250920_190339,0.1081349344387044,0.6147941247654981,0.0,-0.48071024567456894,0.0035758225514070266,-0.002367569725981463,0.0,0.0,0.0,0.0,0.0022667360575074234,0.0,0.0,0.0,0.0,0.0,0.0,0.0,0.0,0.0,0.0,0.0,0.0,0.0,0.0021479911067600055,0.059798181840312055,0.04761025160096745,0.046346424962018434,0.07643663132892795
1758362645.3428495,2025-09-20T19:04:05.342849,20250920_190339,0.120300483192629,0.6084369437405428,0.0,-0.4714701045453909,0.0033153667923910357,-0.0020407887657939864,0.0,0.0,0.0,0.0,0.001996181092977489,0.0,0.0,0.0,0.0,0.0,0.0,0.0,0.0,0.0,0.0,0.0,0.0,0.0,0.002119284965079206,0.057579221880736074,0.04467864247017236,0.04603569229499222,0.07288036694040806
1758362645.3586664,2025-09-20T19:04:05.358666,20250920_190339,0.13688905838899562,0.6019948376281101,0.0,-0.4615121243048711,0.003461736768837134,-0.0020538891472644625,0.0,0.0,0.0,0.0,0.0019808754607918864,0.0,0.0,0.0,0.0,0.0,0.0,0.0,0.0,0.0,0.0,0.0,0.0,0.0,0.0021066409839607643,0.058836525805294915,0.044507027094514935,0.04589815882974789,0.07377406203828701
1758362645.381514,2025-09-20T19:04:05.381514,20250920_190339,0.15017299747482546,0.5948332024093643,0.0,-0.4522556143992711,0.00359818810982492,-0.002139837513961301,0.0,0.0,0.0,0.0,0.0019805736272063665,0.0,0.0,0.0,0.0,0.0,0.0,0.0,0.0,0.0,0.0,0.0,0.0,0.0,0.0018384409018889223,0.0599848990148764,0.04450363611219162,0.04287704399662974,0.07469110882180881
1758362645.4293907,2025-09-20T19:04:05.429391,20250920_190339,0.17399473274141958,0.5846544440565702,0.0,-0.4416156893453296,0.0036711100676569868,-0.0021010710193458747,0.0,0.0,0.0,0.0,0.0019577614438310085,0.0,0.0,0.0,0.0,0.0,0.0,0.0,0.0,0.0,0.0,0.0,0.0,0.0,0.0017455776517329973,0.060589686149187034,0.044246598104611484,0.04178011071949184,0.07502580563704728
1758362645.4404104,2025-09-20T19:04:05.440410,20250920_190339,0.18676212673256054,0.5798067202175867,0.0,-0.4324574633861858,0.003677416948769039,-0.002123481710668698,0.0,0.0,0.0,0.0,0.0019863550100214173,0.0,0.0,0.0,0.0,0.0,0.0,0.0,0.0,0.0,0.0,0.0,0.0,0.0,0.0016764636886495785,0.06064170964582907,0.04456854283035757,0.040944641757494696,0.07525803584196479
1758362645.4542656,2025-09-20T19:04:05.454266,20250920_190339,0.21009212786534984,0.5675267282195388,0.0,-0.42336018420038407,0.0038048706798505575,-0.00203793674825292,0.0,0.0,0.0,0.0,0.0017952014566997455,0.0,0.0,0.0,0.0,0.0,0.0,0.0,0.0,0.0,0.0,0.0,0.0,0.0,0.001850565716226291,0.061683633808738585,0.042369817756272514,0.04301820215009329,0.0748336297165272
1758362645.4917312,2025-09-20T19:04:05.491731,20250920_190339,0.22764913257904734,0.5616818853156076,0.0,-0.40917027298419956,0.004077510459384484,-0.0019499316820868128,0.0,0.0,0.0,0.0,0.0016075982908972007,0.0,0.0,0.0,0.0,0.0,0.0,0.0,0.0,0.0,0.0,0.0,0.0,0.0,0.0017896459386767696,0.06385538708194073,0.04009486614140519,0.04230420710374761,0.07539966014699061
1758362645.5282347,2025-09-20T19:04:05.528235,20250920_190339,0.24055134718726687,0.5579950988127895,0.0,-0.39334825578614563,0.003809748129377053,-0.0017220476616519804,0.0,0.0,0.0,0.0,0.001469155191401031,0.0,0.0,0.0,0.0,0.0,0.0,0.0,0.0,0.0,0.0,0.0,0.0,0.0,0.0016899834079786473,0.06172315715658956,0.0383295602818638,0.04110940777946877,0.07265606183091734
1758362645.538681,2025-09-20T19:04:05.538681,20250920_190339,0.2575846173821316,0.5502965978985233,0.0,-0.3767543190716276,0.004040439929851226,-0.0017232418750585338,0.0,0.0,0.0,0.0,0.0013386033879667645,0.0,0.0,0.0,0.0,0.0,0.0,0.0,0.0,0.0,0.0,0.0,0.0,0.0,0.001728131806530219,0.06356445492451915,0.03658692919563986,0.04157080473758259,0.07334196150784346
1758362645.5529497,2025-09-20T19:04:05.552950,20250920_190339,0.280579528353328,0.5413554829708039,0.0,-0.3504548319048717,0.004318069955671187,-0.0017772223910177127,0.0,0.0,0.0,0.0,0.0013734373755240222,0.0,0.0,0.0,0.0,0.0,0.0,0.0,0.0,0.0,0.0,0.0,0.0,0.0,0.0018509042864838406,0.06571202291568254,0.037059916021545736,0.043022137167786544,0.07544207931383658
1758362645.5838287,2025-09-20T19:04:05.583829,20250920_190339,0.29959631434969897,0.534793090140313,0.0,-0.3313780418362204,0.004576603212308471,-0.0017075418333304295,0.0,0.0,0.0,0.0,0.0012781800735605887,0.0,0.0,0.0,0.0,0.0,0.0,0.0,0.0,0.0,0.0,0.0,0.0,0.0,0.0018564500878191603,0.0676505965406697,0.035751644347646286,0.043086541841033846,0.07651655563254961
1758362645.6216443,2025-09-20T19:04:05.621644,20250920_190339,0.3261206103348748,0.5256073576710037,0.0,-0.30925155003228094,0.004610433566568418,-0.0014206089056594986,0.0,0.0,0.0,0.0,0.001071193925263024,0.0,0.0,0.0,0.0,0.0,0.0,0.0,0.0,0.0,0.0,0.0,0.0,0.0,0.0020031266255708586,0.06790017353857365,0.03272909905975146,0.044756302635169255,0.07537657123955321
1758362645.6493628,2025-09-20T19:04:05.649363,20250920_190339,0.3490279037149299,0.517149897819405,0.0,-0.2882469518497248,0.004938260179616121,-0.0015495675071105874,0.0,0.0,0.0,0.0,0.0011217202838337804,0.0,0.0,0.0,0.0,0.0,0.0,0.0,0.0,0.0,0.0,0.0,0.0,0.0,0.0020944613427223706,0.0702727555999914,0.033492092855385736,0.04576528534514311,0.07784587634197396
1758362645.6640892,2025-09-20T19:04:05.664089,20250920_190339,0.3684857732904751,0.5115778470107056,0.0,-0.26973111712585607,0.005178751750575997,-0.0014245864867312179,0.0,0.0,0.0,0.0,0.0010442066564390663,0.0,0.0,0.0,0.0,0.0,0.0,0.0,0.0,0.0,0.0,0.0,0.0,0.0,0.002351081687913066,0.07196354459430133,0.03231418661267937,0.048487954049568495,0.0788857300594668
1758362645.6784647,2025-09-20T19:04:05.678465,20250920_190339,0.38023843108584787,0.5092796744788753,0.0,-0.25234775982929797,0.0044083785117967,-0.0011709389282194775,0.0,0.0,0.0,0.0,0.0009471374636839417,0.0,0.0,0.0,0.0,0.0,0.0,0.0,0.0,0.0,0.0,0.0,0.0,0.0,0.0022517020832293426,0.06639562117938727,0.03077559851057233,0.04745210304327241,0.07318139090971584
1758362645.7253306,2025-09-20T19:04:05.725331,20250920_190339,0.4004291919519248,0.5050981705931107,0.0,-0.22948470581989958,0.004709491356844926,-0.0012693347573960291,0.0,0.0,0.0,0.0,0.0009774743300614232,0.0,0.0,0.0,0.0,0.0,0.0,0.0,0.0,0.0,0.0,0.0,0.0,0.0,0.002399297622217238,0.06862573392572881,0.03126458587701784,0.04898262571787305,0.07541197310047225
1758362645.7340808,2025-09-20T19:04:05.734081,20250920_190339,0.4148077311277705,0.5010083292217177,0.0,-0.21709018430801374,0.005028198897128179,-0.0012371933736820757,0.0,0.0,0.0,0.0,0.000967530550325346,0.0,0.0,0.0,0.0,0.0,0.0,0.0,0.0,0.0,0.0,0.0,0.0,0.0,0.0024081578850895795,0.07090979408465505,0.03110515311528535,0.04907298528813567,0.07743209571911072
1758362645.759513,2025-09-20T19:04:05.759513,20250920_190339,0.4414364547464511,0.49439940996652604,0.0,-0.19653413974562098,0.005038678032589071,-0.0011141796346692233,0.0,0.0,0.0,0.0,0.0008964242465417117,0.0,0.0,0.0,0.0,0.0,0.0,0.0,0.0,0.0,0.0,0.0,0.0,0.0,0.002607062355428023,0.07098364623340414,0.029940344796640397,0.05105940026506405,0.07703961499858876
1758362645.8011732,2025-09-20T19:04:05.801173,20250920_190339,0.4696296720595553,0.4893377545209192,0.0,-0.16899014334102613,0.004989101746333853,-0.0009321066006704161,0.0,0.0,0.0,0.0,0.000772173797342313,0.0,0.0,0.0,0.0,0.0,0.0,0.0,0.0,0.0,0.0,0.0,0.0,0.0,0.002440618641400699,0.07063357378990429,0.02778801535450693,0.049402617758583386,0.07590306676067948
1758362645.8231049,2025-09-20T19:04:05.823105,20250920_190339,0.4908127441892337,0.48617376000654755,0.0,-0.15435145699060676,0.0048430441466964244,-0.0007554799674744285,0.0,0.0,0.0,0.0,0.000759920182918179,0.0,0.0,0.0,0.0,0.0,0.0,0.0,0.0,0.0,0.0,0.0,0.0,0.0,0.00270562300806897,0.0695919833507885,0.02756664983123954,0.05201560350576517,0.07485295137544414
1758362645.8409083,2025-09-20T19:04:05.840908,20250920_190339,0.506489593407317,0.48461656676378523,0.0,-0.14157012885821832,0.005191207086288192,-0.0007084199440358744,0.0,0.0,0.0,0.0,0.0008127110134616482,0.0,0.0,0.0,0.0,0.0,0.0,0.0,0.0,0.0,0.0,0.0,0.0,0.0,0.00252180558264738,0.07205003182711435,0.028508086808161085,0.05021758240544222,0.07748495402173147
1758362645.86683,2025-09-20T19:04:05.866830,20250920_190339,0.5282756307793967,0.4809100938494544,0.0,-0.12321151069998532,0.005218266780618332,-0.0006785125166659795,0.0,0.0,0.0,0.0,0.0008112884725837626,0.0,0.0,0.0,0.0,0.0,0.0,0.0,0.0,0.0,0.0,0.0,0.0,0.0,0.0024947643516304327,0.07223757180732428,0.028483126102725496,0.049947616075548915,0.07765021090249591
1758362645.88644,2025-09-20T19:04:05.886440,20250920_190339,0.5456924407562713,0.479780322781661,0.0,-0.10576271257864618,0.005738495194571427,-0.0007980127908531651,0.0,0.0,0.0,0.0,0.0007952002747710973,0.0,0.0,0.0,0.0,0.0,0.0,0.0,0.0,0.0,0.0,0.0,0.0,0.0,0.0022298762550276977,0.07575285601593795,0.028199295643173382,0.04722156557154472,0.0808312777911034
1758362645.9139254,2025-09-20T19:04:05.913925,20250920_190339,0.575129722608258,0.4778989956392628,0.0,-0.08296191724441776,0.006482735020646297,-0.0007057160969848625,0.0,0.0,0.0,0.0,0.0007475531308126328,0.0,0.0,0.0,0.0,0.0,0.0,0.0,0.0,0.0,0.0,0.0,0.0,0.0,0.002257065669506086,0.08051543343140058,0.02734141786397759,0.047508585218948435,0.08503110108342082
1758362645.9370832,2025-09-20T19:04:05.937083,20250920_190339,0.5950789657098305,0.4772874860961108,0.0,-0.06382850063124795,0.006019249350311422,-0.0006291775032946212,0.0,0.0,0.0,0.0,0.0006605233380189309,0.0,0.0,0.0,0.0,0.0,0.0,0.0,0.0,0.0,0.0,0.0,0.0,0.0,0.0024546779211821936,0.07758382144694487,0.025700648591405837,0.04954470628818172,0.08172987635088134
1758362645.9573941,2025-09-20T19:04:05.957394,20250920_190339,0.6171557360422965,0.4767156333071253,0.0,-0.0494664070809266,0.0063449878321543765,-0.0004909702090538399,0.0,0.0,0.0,0.0,0.0005872652220746582,0.0,0.0,0.0,0.0,0.0,0.0,0.0,0.0,0.0,0.0,0.0,0.0,0.0,0.002502221680773615,0.0796554319061442,0.02423355570432573,0.05002221187406265,0.0832601528597506
1758362645.998854,2025-09-20T19:04:05.998854,20250920_190339,0.6341066775362185,0.47766863591942077,0.0,-0.03787880305485342,0.007097265330192072,-0.00041789698703699376,0.0,0.0,0.0,0.0,0.0005152978795392879,0.0,0.0,0.0,0.0,0.0,0.0,0.0,0.0,0.0,0.0,0.0,0.0,0.0,0.0026355685640663926,0.08424526888907218,0.022700173557470612,0.05133778885057665,0.08725000406722833
1758362646.0148633,2025-09-20T19:04:06.014863,20250920_190339,0.6506152122723367,0.47774992757502693,0.0,-0.025290206342679804,0.007160169887896615,-0.0002933411969413907,0.0,0.0,0.0,0.0,0.0004837954425977752,0.0,0.0,0.0,0.0,0.0,0.0,0.0,0.0,0.0,0.0,0.0,0.0,0.0,0.002442876092946026,0.08461778706570276,0.021995350476811577,0.04942545996696466,0.08742977370721251
1758362646.0445867,2025-09-20T19:04:06.044587,20250920_190339,0.6688408017204158,0.47759546815908344,0.0,-0.014214869703610345,0.006945230935233033,-0.00018461554502468728,0.0,0.0,0.0,0.0,0.00046352403343216203,0.0,0.0,0.0,0.0,0.0,0.0,0.0,0.0,0.0,0.0,0.0,0.0,0.0,0.002299356214068618,0.08333805214446179,0.021529608297230166,0.04795160283106935,0.08607412484983623
1758362646.0686736,2025-09-20T19:04:06.068674,20250920_190339,0.694296534865769,0.4770987113794305,0.0,0.0032473120465990645,0.007112895142385126,-0.00016007347360066414,0.0,0.0,0.0,0.0,0.0004998852791173625,0.0,0.0,0.0,0.0,0.0,0.0,0.0,0.0,0.0,0.0,0.0,0.0,0.0,0.002255730961520344,0.08433798161199452,0.02235811439091773,0.047494536122804104,0.08725124882488783
1758362646.1041064,2025-09-20T19:04:06.104106,20250920_190339,0.7171560899729816,0.47991463982260896,0.0,0.025368336409919097,0.007237324300138847,-0.00019502284797313262,0.0,0.0,0.0,0.0,0.0004407332493175417,0.0,0.0,0.0,0.0,0.0,0.0,0.0,0.0,0.0,0.0,0.0,0.0,0.0,0.0019894881764814616,0.08507246499390297,0.020993647832559775,0.044603678956802,0.08762452595852595
1758362646.112423,2025-09-20T19:04:06.112423,20250920_190339,0.7265361104167097,0.47979765774610494,0.0,0.033718678379036124,0.007212641242196878,-0.00021294469474172133,0.0,0.0,0.0,0.0,0.0004694736947683882,0.0,0.0,0.0,0.0,0.0,0.0,0.0,0.0,0.0,0.0,0.0,0.0,0.0,0.0018901544306899958,0.08492727030934691,0.021667341663627965,0.043475906323962886,0.08764767502315886
1758362646.137968,2025-09-20T19:04:06.137968,20250920_190339,0.760997702036977,0.48042430409052056,0.0,0.05601016102214512,0.00805413642450318,-0.00021380314911845422,0.0,0.0,0.0,0.0,0.0005234765452153096,0.0,0.0,0.0,0.0,0.0,0.0,0.0,0.0,0.0,0.0,0.0,0.0,0.0,0.0020935777451831423,0.08974484065673737,0.022879609813441084,0.04575563074839142,0.092615403522948
1758362646.1525295,2025-09-20T19:04:06.152529,20250920_190339,0.7743764849487046,0.48194714554484797,0.0,0.06899313657619502,0.008062214493633806,-8.90435629371978e-05,0.0,0.0,0.0,0.0,0.00048132743794749054,0.0,0.0,0.0,0.0,0.0,0.0,0.0,0.0,0.0,0.0,0.0,0.0,0.0,0.0020945989592564243,0.08978983513535263,0.021939175872112665,0.045766788823954255,0.09243128221322745
1758362646.1808982,2025-09-20T19:04:06.180898,20250920_190339,0.7874973703687642,0.4834777917274468,0.0,0.07985874692569928,0.006820311260487998,-0.00012079352318327277,0.0,0.0,0.0,0.0,0.000515933172008047,0.0,0.0,0.0,0.0,0.0,0.0,0.0,0.0,0.0,0.0,0.0,0.0,0.0,0.001964126696518308,0.08258517579134889,0.02271416236641904,0.04431846902272582,0.085651879328454
1758362646.2162368,2025-09-20T19:04:06.216237,20250920_190339,0.8076908740947584,0.48545519174551294,0.0,0.09889178066835011,0.007710254148153376,5.958701721722293e-05,0.0,0.0,0.0,0.0,0.00048748600376970663,0.0,0.0,0.0,0.0,0.0,0.0,0.0,0.0,0.0,0.0,0.0,0.0,0.0,0.0019390463059857728,0.08780805286620001,0.022079085211342126,0.044034603506626156,0.09054137259796254
1758362646.2408943,2025-09-20T19:04:06.240894,20250920_190339,0.8214645484857118,0.48753805676316897,0.0,0.10028310837227945,0.008031130638545086,6.750481658807221e-05,0.0,0.0,0.0,0.0,0.0005337571080476771,0.0,0.0,0.0,0.0,0.0,0.0,0.0,0.0,0.0,0.0,0.0,0.0,0.0,0.0017797892410049017,0.08961657569080111,0.023103183937450637,0.04218754841188217,0.09254667874425729
1758362646.2568755,2025-09-20T19:04:06.256876,20250920_190339,0.8471952626778001,0.49194483890871193,0.0,0.07762402488477577,0.00805706852216515,0.0002362380712059992,0.0,0.0,0.0,0.0,0.0004905511587749095,0.0,0.0,0.0,0.0,0.0,0.0,0.0,0.0,0.0,0.0,0.0,0.0,0.0,0.002095273881832611,0.08976117491524467,0.02214838953005183,0.045774161727251884,0.09245333785721346
1758362646.297815,2025-09-20T19:04:06.297815,20250920_190339,0.8745965956318846,0.4956917870677886,0.0,0.05780598986887582,0.008888918666638185,0.00028768003106852737,0.0,0.0,0.0,0.0,0.0004926830820862646,0.0,0.0,0.0,0.0,0.0,0.0,0.0,0.0,0.0,0.0,0.0,0.0,0.0,0.0023194296731373983,0.09428106207843749,0.022196465531391808,0.0481604575677744,0.09685866893946277
1758362646.319701,2025-09-20T19:04:06.319701,20250920_190339,0.8985640631941277,0.49691491706808755,0.0,0.04418527399607685,0.008546042332987567,0.00033485088079335024,0.0,0.0,0.0,0.0,0.0004981495870818825,0.0,0.0,0.0,0.0,0.0,0.0,0.0,0.0,0.0,0.0,0.0,0.0,0.0,0.002302039160687141,0.09244480695521824,0.022319264931486487,0.047979570242835036,0.09510095646243233
1758362646.3394082,2025-09-20T19:04:06.339408,20250920_190339,0.9142743348441,0.498926329962752,0.0,0.028128149951482922,0.009096301234437016,0.00045290031664632147,0.0,0.0,0.0,0.0,0.0004666708173429447,0.0,0.0,0.0,0.0,0.0,0.0,0.0,0.0,0.0,0.0,0.0,0.0,0.0,0.0023845869309757186,0.09537453137204406,0.021602565063967398,0.048832232500426585,0.09779044969617412
1758362646.3646262,2025-09-20T19:04:06.364626,20250920_190339,0.9358730752812937,0.5026368906147596,0.0,0.023340929456662562,0.009182714668962822,0.0006145048650232989,0.0,0.0,0.0,0.0,0.00042576284907534426,0.0,0.0,0.0,0.0,0.0,0.0,0.0,0.0,0.0,0.0,0.0,0.0,0.0,0.0028566108607345304,0.0958264820859183,0.020634021640856738,0.05344727178008743,0.0980228418178037
1758362646.3876352,2025-09-20T19:04:06.387635,20250920_190339,0.9591792564392583,0.5044903395478634,0.0,0.012188431905567098,0.00889152693756926,0.0007515641849581738,0.0,0.0,0.0,0.0,0.00041188126040338826,0.0,0.0,0.0,0.0,0.0,0.0,0.0,0.0,0.0,0.0,0.0,0.0,0.0,0.002688886712621823,0.09429489348617591,0.020294857979384538,0.05185447630264742,0.09645417667458807
1758362646.4291482,2025-09-20T19:04:06.429148,20250920_190339,0.9880905559690802,0.5070795006279017,0.0,7.415942829294308e-05,0.008766377220635103,0.0007660152069537981,0.0,0.0,0.0,0.0,0.0004336555385602202,0.0,0.0,0.0,0.0,0.0,0.0,0.0,0.0,0.0,0.0,0.0,0.0,0.0,0.0031578509730182834,0.09362893367242363,0.020824397675808543,0.056194759302076236,0.09591680123521282
1758362646.4331806,2025-09-20T19:04:06.433181,20250920_190339,1.0058957040487662,0.5085833104666294,0.0,-0.0065731492520403655,0.008359862667730377,0.0008315043969358802,0.0,0.0,0.0,0.0,0.00043011059108488686,0.0,0.0,0.0,0.0,0.0,0.0,0.0,0.0,0.0,0.0,0.0,0.0,0.0,0.0034212053518852016,0.09143228460303493,0.020739107769739924,0.058491070702161044,0.09375485725451915
1758362646.459694,2025-09-20T19:04:06.459694,20250920_190339,1.0360121839571463,0.5115743219140397,0.0,-0.020437122642663133,0.008989766345123853,0.0008260041766325943,0.0,0.0,0.0,0.0,0.00041022241080498824,0.0,0.0,0.0,0.0,0.0,0.0,0.0,0.0,0.0,0.0,0.0,0.0,0.0,0.003894488115645801,0.09481437836701695,0.020253948030075228,0.062405833987262765,0.09695353916143981
1758362646.4816725,2025-09-20T19:04:06.481673,20250920_190339,1.066164193443444,0.5138893999416434,0.0,-0.0330465293305883,0.010326954180745853,0.0008562268776539386,0.0,0.0,0.0,0.0,0.0004452783789506231,0.0,0.0,0.0,0.0,0.0,0.0,0.0,0.0,0.0,0.0,0.0,0.0,0.0,0.004291733545150319,0.10162162260437418,0.02110162029206817,0.0655113237932979,0.10378936631320415
1758362646.5190063,2025-09-20T19:04:06.519006,20250920_190339,1.089751970596954,0.5160234741803438,0.0,-0.043323272010661815,0.01175139615838322,0.0011714162822393807,0.0,0.0,0.0,0.0,0.00047992634741718377,0.0,0.0,0.0,0.0,0.0,0.0,0.0,0.0,0.0,0.0,0.0,0.0,0.0,0.004147250305384756,0.10840385675050136,0.021907221353179043,0.06439914832810101,0.11059530960126837
1758362646.5388663,2025-09-20T19:04:06.538866,20250920_190339,1.1226552021594587,0.5194790272231828,0.0,-0.053930349197026446,0.01175600759988939,0.0013136033239393844,0.0,0.0,0.0,0.0,0.0005966086905322145,0.0,0.0,0.0,0.0,0.0,0.0,0.0,0.0,0.0,0.0,0.0,0.0,0.0,0.0038395748527494194,0.10842512439416148,0.024425574517955857,0.06196430305223661,0.1111423244782185
1758362646.5784388,2025-09-20T19:04:06.578439,20250920_190339,1.142542994474104,0.5227844924724085,0.0,-0.06002944868100029,0.010421713835112268,0.0010874983770327586,0.0,0.0,0.0,0.0,0.0005571819162691249,0.0,0.0,0.0,0.0,0.0,0.0,0.0,0.0,0.0,0.0,0.0,0.0,0.0,0.0030686485878335507,0.10208679559625852,0.023604701147634233,0.05539538417443777,0.10478022595595694
1758362646.5837355,2025-09-20T19:04:06.583735,20250920_190339,1.1596718117352474,0.5243579287888939,0.0,-0.07090432149545808,0.008747307717762534,0.0010507772378056312,0.0,0.0,0.0,0.0,0.0005728160724151117,0.0,0.0,0.0,0.0,0.0,0.0,0.0,0.0,0.0,0.0,0.0,0.0,0.0,0.0027916386332783776,0.09352704270831264,0.023933576256278788,0.05283595966080656,0.09654078822020072
1758362646.6116526,2025-09-20T19:04:06.611653,20250920_190339,1.1880009313800481,0.5256118839695616,0.0,-0.08711212412773116,0.009920292592334614,0.00111394374075244,0.0,0.0,0.0,0.0,0.0005865564085808566,0.0,0.0,0.0,0.0,0.0,0.0,0.0,0.0,0.0,0.0,0.0,0.0,0.0,0.0022557100059716565,0.0996006656219456,0.024218926660379822,0.04749431551219216,0.10250292191403848
1758362646.6429343,2025-09-20T19:04:06.642934,20250920_190339,1.2183950111494222,0.524230046655131,0.0,-0.1065072387041831,0.010010040365317576,0.0011103832008555702,0.0,0.0,0.0,0.0,0.0006451014252973344,0.0,0.0,0.0,0.0,0.0,0.0,0.0,0.0,0.0,0.0,0.0,0.0,0.0,0.0026822406743845896,0.10005018923179294,0.02539884692849922,0.05179035310156313,0.10322374625353853
1758362646.6625938,2025-09-20T19:04:06.662594,20250920_190339,1.2314563273345676,0.5256125308484315,0.0,-0.112516697820833,0.00985171347019693,0.0011342396563684498,0.0,0.0,0.0,0.0,0.0006445824847742226,0.0,0.0,0.0,0.0,0.0,0.0,0.0,0.0,0.0,0.0,0.0,0.0,0.0,0.0026578987592145477,0.09925579816915951,0.02538862904479528,0.05155481315274596,0.10245143217628122
1758362646.7004223,2025-09-20T19:04:06.700422,20250920_190339,1.254963012129072,0.5259816408244918,0.0,-0.12973276500681638,0.012019888040616529,0.0011936612291824605,0.0,0.0,0.0,0.0,0.0006677238168899795,0.0,0.0,0.0,0.0,0.0,0.0,0.0,0.0,0.0,0.0,0.0,0.0,0.0,0.0028008484436307306,0.10963524999112524,0.025840352491596927,0.05292304265280607,0.11263929979144272
1758362646.713846,2025-09-20T19:04:06.713846,20250920_190339,1.272882177861237,0.5260029435479401,0.0,-0.14160443599501105,0.012619266748503135,0.0012670991022561385,0.0,0.0,0.0,0.0,0.0006193601989721528,0.0,0.0,0.0,0.0,0.0,0.0,0.0,0.0,0.0,0.0,0.0,0.0,0.0,0.00269196014497725,0.11233550973981084,0.024886948366004073,0.05188410300831316,0.115059232343499
1758362646.7395132,2025-09-20T19:04:06.739513,20250920_190339,1.2968767271119597,0.5240223683136265,0.0,-0.1603302017346644,0.013071968307870874,0.0011701012231129597,0.0,0.0,0.0,0.0,0.0006231732213400737,0.0,0.0,0.0,0.0,0.0,0.0,0.0,0.0,0.0,0.0,0.0,0.0,0.0,0.0027610063771237067,0.11433270882766171,0.024963437690752325,0.05254527930388901,0.11702624290820819
1758362646.7582784,2025-09-20T19:04:06.758278,20250920_190339,1.3174469901101704,0.5259128434196193,0.0,-0.1671424793004095,0.012503387332384082,0.001201509569599951,0.0,0.0,0.0,0.0,0.0005984715463632571,0.0,0.0,0.0,0.0,0.0,0.0,0.0,0.0,0.0,0.0,0.0,0.0,0.0,0.0028749483366822897,0.1118185464598073,0.024463678103736917,0.05361854470873197,0.11446335168405361
1758362646.8053408,2025-09-20T19:04:06.805341,20250920_190339,1.337148853733006,0.5236415157983061,0.0,-0.1848405676154938,0.012448253854952003,0.0012770516697042404,0.0,0.0,0.0,0.0,0.0006412807445463979,0.0,0.0,0.0,0.0,0.0,0.0,0.0,0.0,0.0,0.0,0.0,0.0,0.0,0.0032006501192539684,0.11157174308467177,0.0253235215668437,0.05657428849975905,0.11440950397365772
1758362646.8165953,2025-09-20T19:04:06.816595,20250920_190339,1.3594415011713006,0.5240623179033076,0.0,-0.1928526262461271,0.013090396375144918,0.0011877637616057746,0.0,0.0,0.0,0.0,0.0006256276194681139,0.0,0.0,0.0,0.0,0.0,0.0,0.0,0.0,0.0,0.0,0.0,0.0,0.0,0.0031418587513926313,0.11441327010074014,0.02501254923969394,0.05605228587125267,0.11711543021571937
1758362646.8388672,2025-09-20T19:04:06.838867,20250920_190339,1.386127159195185,0.5213484149102274,0.0,-0.21308318539188748,0.013266476093659298,0.0008772058369819378,0.0,0.0,0.0,0.0,0.0005978551660137172,0.0,0.0,0.0,0.0,0.0,0.0,0.0,0.0,0.0,0.0,0.0,0.0,0.0,0.0029943684817818664,0.11518018967539209,0.024451076990875415,0.05472082310950619,0.11774689490459193
1758362646.8591247,2025-09-20T19:04:06.859125,20250920_190339,1.3999071706694781,0.5187647928293712,0.0,-0.22282839998248122,0.012690161969082419,0.0010552004882581044,0.0,0.0,0.0,0.0,0.0005683263757418609,0.0,0.0,0.0,0.0,0.0,0.0,0.0,0.0,0.0,0.0,0.0,0.0,0.0,0.0034510717831541925,0.11265061903550472,0.02383959680325699,0.058745823537969,0.1151455094427233
1758362646.9007428,2025-09-20T19:04:06.900743,20250920_190339,1.4223627285659135,0.5151476060200386,0.0,-0.24067525571361212,0.013431673192960172,0.0009800156895513694,0.0,0.0,0.0,0.0,0.0006044343922202731,0.0,0.0,0.0,0.0,0.0,0.0,0.0,0.0,0.0,0.0,0.0,0.0,0.0,0.003486954284080235,0.115895095638082,0.024585247450865187,0.059050438474919344,0.11847407980305416
1758362646.9163682,2025-09-20T19:04:06.916368,20250920_190339,1.4293046465885741,0.5131595592357919,0.0,-0.24910541200173383,0.01290659405615323,0.0012828164300925453,0.0,0.0,0.0,0.0,0.0006136150483620278,0.0,0.0,0.0,0.0,0.0,0.0,0.0,0.0,0.0,0.0,0.0,0.0,0.0,0.0029959588906160123,0.1136071919209045,0.024771254476954288,0.054735353206278044,0.11627643400326335
1758362646.9347322,2025-09-20T19:04:06.934732,20250920_190339,1.4335238126327172,0.5105393600493157,0.0,-0.2627942802517652,0.013005702454552613,0.0012349480058868696,0.0,0.0,0.0,0.0,0.0005933999135711765,0.0,0.0,0.0,0.0,0.0,0.0,0.0,0.0,0.0,0.0,0.0,0.0,0.0,0.00317200061452019,0.11404254668566734,0.024359801180863044,0.056320516816877574,0.11661518926848162
1758362646.9578142,2025-09-20T19:04:06.957814,20250920_190339,1.45930264344376,0.5039932758296739,0.0,-0.27697740298256696,0.013549450763310412,0.0008854690374281963,0.0,0.0,0.0,0.0,0.0006619101418992617,0.0,0.0,0.0,0.0,0.0,0.0,0.0,0.0,0.0,0.0,0.0,0.0,0.0,0.003319201713564738,0.11640210807073217,0.02572761438414494,0.05761251351542248,0.11921141264664921
1758362646.9921825,2025-09-20T19:04:06.992182,20250920_190339,1.4860373104631492,0.5004681722796009,0.0,-0.2925467646416506,0.014211302487001571,0.0008279921928643241,0.0,0.0,0.0,0.0,0.0006454241910051427,0.0,0.0,0.0,0.0,0.0,0.0,0.0,0.0,0.0,0.0,0.0,0.0,0.0,0.003398948747779822,0.11921116762703723,0.025405200078038013,0.0583005038381301,0.12188817283890474
1758362647.0265372,2025-09-20T19:04:07.026537,20250920_190339,1.4971912937202398,0.49731534877907924,0.0,-0.29305200312936297,0.013601348242788868,0.000876136590439614,0.0,0.0,0.0,0.0,0.0006580052841625983,0.0,0.0,0.0,0.0,0.0,0.0,0.0,0.0,0.0,0.0,0.0,0.0,0.0,0.0032482001817281093,0.11662481829691683,0.0256516136756072,0.056992983618407884,0.11941253504951424
1758362647.0405574,2025-09-20T19:04:07.040557,20250920_190339,1.5235587239541426,0.49168758507236227,0.0,-0.31104286455475333,0.013851637481829389,0.0006941686438305182,0.0,0.0,0.0,0.0,0.0007597185987561233,0.0,0.0,0.0,0.0,0.0,0.0,0.0,0.0,0.0,0.0,0.0,0.0,0.0,0.003729898807601274,0.11769297974743179,0.02756299328367881,0.06107289748817616,0.12087744239760169
1758362647.0566883,2025-09-20T19:04:07.056688,20250920_190339,1.5425363247952797,0.48725420255365065,0.0,-0.3184775156138427,0.012966437989780628,0.0004324941551802752,0.0,0.0,0.0,0.0,0.0008684521213991283,0.0,0.0,0.0,0.0,0.0,0.0,0.0,0.0,0.0,0.0,0.0,0.0,0.0,0.003448188085899469,0.11387026824321013,0.029469511726513697,0.058721274559562046,0.11762180967482075
1758362647.094214,2025-09-20T19:04:07.094214,20250920_190339,1.5602997448593223,0.48110138252547946,0.0,-0.3362342242562883,0.012551703864563153,0.0006653009566940976,0.0,0.0,0.0,0.0,0.0007702411521895846,0.0,0.0,0.0,0.0,0.0,0.0,0.0,0.0,0.0,0.0,0.0,0.0,0.0,0.003147172109782443,0.11203438697365713,0.027753218771695374,0.0560996622965098,0.11542073044627961
1758362647.1129217,2025-09-20T19:04:07.112922,20250920_190339,1.5718315452004785,0.47647939021016766,0.0,-0.35049155691092493,0.012589228766799004,0.0006968125570967778,0.0,0.0,0.0,0.0,0.0007391387106375568,0.0,0.0,0.0,0.0,0.0,0.0,0.0,0.0,0.0,0.0,0.0,0.0,0.0,0.0027280036932431305,0.11220173245899104,0.027187105595071294,0.052230294784187566,0.11544854904864141
1758362647.1717029,2025-09-20T19:04:07.171703,20250920_190339,1.5949029295399912,0.46998199834019044,0.0,-0.3706702156683544,0.01336107501773838,0.0005572947871480908,0.0,0.0,0.0,0.0,0.0008490005672418334,0.0,0.0,0.0,0.0,0.0,0.0,0.0,0.0,0.0,0.0,0.0,0.0,0.0,0.002880571869423721,0.11559011643621776,0.029137614302509968,0.05367095927430141,0.11920602159698232
1758362647.181549,2025-09-20T19:04:07.181549,20250920_190339,1.6181392118687978,0.46640089150478453,0.0,-0.3816089299419468,0.013468444513247604,0.0005857560775722181,0.0,0.0,0.0,0.0,0.0008606800785715765,0.0,0.0,0.0,0.0,0.0,0.0,0.0,0.0,0.0,0.0,0.0,0.0,0.0,0.0024224400529228207,0.116053627747036,0.029337349549193713,0.04921828982119168,0.11970432152524478
1758362647.1963882,2025-09-20T19:04:07.196388,20250920_190339,1.6327896594321314,0.457011570522825,0.0,-0.3976386471851938,0.012849127720584639,0.00045179938825946463,0.0,0.0,0.0,0.0,0.0008051386010856137,0.0,0.0,0.0,0.0,0.0,0.0,0.0,0.0,0.0,0.0,0.0,0.0,0.0,0.0025144549992585138,0.11335399296268588,0.028374964336287962,0.05014434164747319,0.11685147120028165
1758362647.2244697,2025-09-20T19:04:07.224470,20250920_190339,1.6441104799763802,0.4491689253700963,0.0,-0.40995938639772045,0.011680516564999549,0.0002763124303811245,0.0,0.0,0.0,0.0,0.0008246599508743237,0.0,0.0,0.0,0.0,0.0,0.0,0.0,0.0,0.0,0.0,0.0,0.0,0.0,0.0024799692020305124,0.10807643852847645,0.028716893127118115,0.04979928917194012,0.11182654656151138
1758362647.2362254,2025-09-20T19:04:07.236225,20250920_190339,1.6626291191044769,0.44095014229733626,0.0,-0.4307106105811731,0.011768751602136732,0.000328507259840162,0.0,0.0,0.0,0.0,0.0009382100340955067,0.0,0.0,0.0,0.0,0.0,0.0,0.0,0.0,0.0,0.0,0.0,0.0,0.0,0.002665366205883906,0.10848387715295177,0.030630214398458047,0.05162718475652053,0.11272515973034697
1758362647.252439,2025-09-20T19:04:07.252439,20250920_190339,1.6689704339450322,0.43213392094479436,0.0,-0.44432488468225656,0.011045063157466188,9.122750619275674e-05,0.0,0.0,0.0,0.0,0.0009290555425383959,0.0,0.0,0.0,0.0,0.0,0.0,0.0,0.0,0.0,0.0,0.0,0.0,0.0,0.0026311289733255147,0.10509549541948117,0.030480412440424685,0.051294531612302637,0.10942631630464668
1758362647.301808,2025-09-20T19:04:07.301808,20250920_190339,1.6888188926259993,0.4230616628481581,0.0,-0.4636919344001694,0.011037196108379084,0.00011231519849016923,0.0,0.0,0.0,0.0,0.000980988369210892,0.0,0.0,0.0,0.0,0.0,0.0,0.0,0.0,0.0,0.0,0.0,0.0,0.0,0.00260535988639746,0.10505806065399782,0.03132073385492256,0.05104272608704848,0.10962748048546028
1758362647.3153698,2025-09-20T19:04:07.315370,20250920_190339,1.7076749348368072,0.41718221819203083,0.0,-0.4674874529754849,0.011061946427384445,0.0002515939573939888,0.0,0.0,0.0,0.0,0.0010358359065193638,0.0,0.0,0.0,0.0,0.0,0.0,0.0,0.0,0.0,0.0,0.0,0.0,0.0,0.002288674376368281,0.105175788218508,0.032184404709724924,0.04784009172616918,0.10998991923764563
1758362647.3398485,2025-09-20T19:04:07.339849,20250920_190339,1.7261133187817272,0.404981266286713,0.0,-0.4713178409314697,0.012207110879685327,0.0004009218132113777,0.0,0.0,0.0,0.0,0.0010205848885060879,0.0,0.0,0.0,0.0,0.0,0.0,0.0,0.0,0.0,0.0,0.0,0.0,0.0,0.0021804424751901805,0.11048579492262943,0.03194659431779995,0.04669520826798164,0.11501172013404293
1758362647.3596122,2025-09-20T19:04:07.359612,20250920_190339,1.737460323199541,0.39613425355674076,0.0,-0.4730691546176092,0.012647098112917945,0.0005292345832163338,0.0,0.0,0.0,0.0,0.0011447488857193673,0.0,0.0,0.0,0.0,0.0,0.0,0.0,0.0,0.0,0.0,0.0,0.0,0.0,0.002006205544008225,0.11245931759048668,0.033834137874628446,0.044790685906873816,0.1174386946395323
1758362647.3960593,2025-09-20T19:04:07.396059,20250920_190339,1.7568877814021275,0.38505623826100016,0.0,-0.47330451680580243,0.012776611476325334,0.00040804529268848424,0.0,0.0,0.0,0.0,0.0012609185640192495,0.0,0.0,0.0,0.0,0.0,0.0,0.0,0.0,0.0,0.0,0.0,0.0,0.0,0.001984960848944,0.11303367408133443,0.035509415146116524,0.044552899444862175,0.11848008288461223
1758362647.4161325,2025-09-20T19:04:07.416132,20250920_190339,1.767038574268917,0.37807927143736125,0.0,-0.47229350821498495,0.01270619359765383,0.0004983762774569573,0.0,0.0,0.0,0.0,0.0014047296684512273,0.0,0.0,0.0,0.0,0.0,0.0,0.0,0.0,0.0,0.0,0.0,0.0,0.0,0.0022062435588000684,0.11272175299228553,0.03747972343082626,0.046970667003993764,0.11878940721337512
1758362647.4448392,2025-09-20T19:04:07.444839,20250920_190339,1.779751240093197,0.3656466901544487,0.0,-0.46534113650744174,0.012888083973186564,0.0005154116223096224,0.0,0.0,0.0,0.0,0.0014752287115198045,0.0,0.0,0.0,0.0,0.0,0.0,0.0,0.0,0.0,0.0,0.0,0.0,0.0,0.002193278616557999,0.11352569741334587,0.038408706194296684,0.046832452600285616,0.11984703869811039
1758362647.4560006,2025-09-20T19:04:07.456001,20250920_190339,1.793620815399601,0.35373771129924336,0.0,-0.4603474162119777,0.01219206589122223,0.0005852604755728324,0.0,0.0,0.0,0.0,0.001540659608726428,0.0,0.0,0.0,0.0,0.0,0.0,0.0,0.0,0.0,0.0,0.0,0.0,0.0,0.0025323871162764434,0.11041768830772644,0.039251237034346166,0.05032282897727872,0.11718671213046579
1758362647.4935408,2025-09-20T19:04:07.493541,20250920_190339,1.8103168264022012,0.33400312204317373,0.0,-0.457561875586261,0.012454914661429879,0.0006278326299635306,0.0,0.0,0.0,0.0,0.00147384618404405,0.0,0.0,0.0,0.0,0.0,0.0,0.0,0.0,0.0,0.0,0.0,0.0,0.0,0.002836966173097403,0.11160158897358889,0.038390704396299505,0.053263178398377645,0.11802017134996004
1758362647.5162044,2025-09-20T19:04:07.516204,20250920_190339,1.826478605455997,0.32393564005719444,0.0,-0.456716683023456,0.010767069412971064,0.0006986161567216287,0.0,0.0,0.0,0.0,0.0016634190125196437,0.0,0.0,0.0,0.0,0.0,0.0,0.0,0.0,0.0,0.0,0.0,0.0,0.0,0.002911280442370889,0.10376449013497374,0.04078503417332936,0.05395628269600204,0.11149210028289318
1758362647.539453,2025-09-20T19:04:07.539453,20250920_190339,1.8522904034020844,0.3112927816926157,0.0,-0.44544990427316755,0.010992967251826994,0.0004924491774718689,0.0,0.0,0.0,0.0,0.0017209976136905898,0.0,0.0,0.0,0.0,0.0,0.0,0.0,0.0,0.0,0.0,0.0,0.0,0.0,0.0029836213356135254,0.10484735214504463,0.041484908264218086,0.054622535052975395,0.11275621874432286
1758362647.5596344,2025-09-20T19:04:07.559634,20250920_190339,1.8672437275804987,0.2988542417813595,0.0,-0.43802541407303497,0.010856993949166357,0.0002113654312810933,0.0,0.0,0.0,0.0,0.001494996158633376,0.0,0.0,0.0,0.0,0.0,0.0,0.0,0.0,0.0,0.0,0.0,0.0,0.0,0.0026866481472144544,0.10419689990189898,0.03866518018364037,0.05183288673433551,0.11113950741207976
1758362647.5939267,2025-09-20T19:04:07.593927,20250920_190339,1.8836076186724657,0.28539858752308916,0.0,-0.4210763563225353,0.01140471277543881,3.052660113168299e-05,0.0,0.0,0.0,0.0,0.0014798552502438425,0.0,0.0,0.0,0.0,0.0,0.0,0.0,0.0,0.0,0.0,0.0,0.0,0.0,0.0026881908136961816,0.10679284983293034,0.038468886781967616,0.05184776575414009,0.11351021110755918
1758362647.6144357,2025-09-20T19:04:07.614436,20250920_190339,1.8959055859708718,0.2736605212899055,0.0,-0.4138141409985739,0.013070620501315197,-0.00016478745348931268,0.0,0.0,0.0,0.0,0.0014104506091551867,0.0,0.0,0.0,0.0,0.0,0.0,0.0,0.0,0.0,0.0,0.0,0.0,0.0,0.0030849918135915488,0.11432681444575983,0.037555966358958026,0.0555427026133186,0.12033732218422671
1758362647.6320581,2025-09-20T19:04:07.632058,20250920_190339,1.9150809608921366,0.25658587251668385,0.0,-0.4017570353181169,0.012230834791663191,-0.0002812879442568698,0.0,0.0,0.0,0.0,0.0012482151033808197,0.0,0.0,0.0,0.0,0.0,0.0,0.0,0.0,0.0,0.0,0.0,0.0,0.0,0.003328500172004186,0.11059310462982397,0.03533008779186403,0.057693155330629874,0.11609931048479147
1758362647.6546445,2025-09-20T19:04:07.654644,20250920_190339,1.9238827132280543,0.24914187000557003,0.0,-0.394818213926577,0.011433766185811163,-0.0004875422635463562,0.0,0.0,0.0,0.0,0.0013560435016529934,0.0,0.0,0.0,0.0,0.0,0.0,0.0,0.0,0.0,0.0,0.0,0.0,0.0,0.0033463584353637856,0.10692879025693297,0.03682449594567444,0.0578477176331425,0.11309204077858068
1758362647.7065291,2025-09-20T19:04:07.706529,20250920_190339,1.9428366973641296,0.23705613394574884,0.0,-0.3838027757528255,0.01262617537468815,-0.0005444918364682703,0.0,0.0,0.0,0.0,0.0012222798433543425,0.0,0.0,0.0,0.0,0.0,0.0,0.0,0.0,0.0,0.0,0.0,0.0,0.0,0.002974960675591037,0.11236625549820618,0.034961119023199795,0.05454320008572138,0.11767945962674409
1758362647.7170181,2025-09-20T19:04:07.717018,20250920_190339,1.958919897443379,0.22952882391549947,0.0,-0.3776818386979814,0.012039212256219647,-0.000824898316708507,0.0,0.0,0.0,0.0,0.0011824916334623944,0.0,0.0,0.0,0.0,0.0,0.0,0.0,0.0,0.0,0.0,0.0,0.0,0.0,0.002814751018212187,0.10972334417169231,0.03438737607701981,0.05305422714744026,0.11498566819252755
1758362647.746239,2025-09-20T19:04:07.746239,20250920_190339,1.9762288058126751,0.22148590718825908,0.0,-0.37134392702309427,0.011062614179578371,-0.001066384361960187,0.0,0.0,0.0,0.0,0.00128719063240981,0.0,0.0,0.0,0.0,0.0,0.0,0.0,0.0,0.0,0.0,0.0,0.0,0.0,0.0027107610118260986,0.105178962628362,0.03587743904475081,0.05206496914265962,0.11112967565861145
1758362647.7585554,2025-09-20T19:04:07.758555,20250920_190339,1.994764179471564,0.21530583755297353,0.0,-0.368868271172116,0.010041454531709005,-0.0008801765597873931,0.0,0.0,0.0,0.0,0.0012168988876081954,0.0,0.0,0.0,0.0,0.0,0.0,0.0,0.0,0.0,0.0,0.0,0.0,0.0,0.0027757286377930236,0.1002070582928618,0.03488407785234111,0.05268518423421355,0.1061053882671243
1758362647.79603,2025-09-20T19:04:07.796030,20250920_190339,2.0200574713683954,0.20540590444197682,0.0,-0.3700210017614975,0.00984875647455462,-0.0008837280601713109,0.0,0.0,0.0,0.0,0.0011388184988645109,0.0,0.0,0.0,0.0,0.0,0.0,0.0,0.0,0.0,0.0,0.0,0.0,0.0,0.0024373492099507093,0.09924090121796869,0.033746384974757085,0.04936951701151946,0.1048216340905785
1758362647.8181107,2025-09-20T19:04:07.818111,20250920_190339,2.036420216394641,0.20045749813947691,0.0,-0.36960316926892284,0.010115948686523341,-0.0008326865590376253,0.0,0.0,0.0,0.0,0.0010707840702546489,0.0,0.0,0.0,0.0,0.0,0.0,0.0,0.0,0.0,0.0,0.0,0.0,0.0,0.002098589907120225,0.1005780725930028,0.03272283713638915,0.04581036899131271,0.10576735203633487
1758362647.8355865,2025-09-20T19:04:07.835587,20250920_190339,2.0586942558838492,0.19585496506936617,0.0,-0.36503868555559094,0.009917682209442108,-0.0008643257510298372,0.0,0.0,0.0,0.0,0.0010513861696462002,0.0,0.0,0.0,0.0,0.0,0.0,0.0,0.0,0.0,0.0,0.0,0.0,0.0,0.0020279362771162815,0.09958756051556895,0.032425085499443174,0.04503261348307781,0.10473332029057567
1758362647.858654,2025-09-20T19:04:07.858654,20250920_190339,2.0724397219217017,0.19058116452159615,0.0,-0.36459760672041874,0.009971294719342915,-0.0007045561241224636,0.0,0.0,0.0,0.0,0.001035521120299474,0.0,0.0,0.0,0.0,0.0,0.0,0.0,0.0,0.0,0.0,0.0,0.0,0.0,0.001920854030992839,0.09985637044947566,0.032179513984823854,0.04382754876778804,0.10491337302576059
1758362647.8997765,2025-09-20T19:04:07.899776,20250920_190339,2.095373392051125,0.18476654165250245,0.0,-0.35960753373964977,0.009506957991412745,-0.0006329280781912741,0.0,0.0,0.0,0.0,0.0010530442727894568,0.0,0.0,0.0,0.0,0.0,0.0,0.0,0.0,0.0,0.0,0.0,0.0,0.0,0.0019041732551791594,0.09750363065759524,0.032450643642144554,0.04363683369791121,0.10276187164606435
1758362647.9151428,2025-09-20T19:04:07.915143,20250920_190339,2.1072752364439284,0.17796337462077005,0.0,-0.35944215477518904,0.009991408808846495,-0.000706392341853239,0.0,0.0,0.0,0.0,0.0010027398147000048,0.0,0.0,0.0,0.0,0.0,0.0,0.0,0.0,0.0,0.0,0.0,0.0,0.0,0.0018079503075880948,0.09995703481419652,0.03166606724397592,0.042519998913312484,0.10485298576362287
1758362647.951138,2025-09-20T19:04:07.951138,20250920_190339,2.1302135775265323,0.17262966405709657,0.0,-0.3586137362954836,0.009625817083011159,-0.0006634925371931027,0.0,0.0,0.0,0.0,0.001009945118310921,0.0,0.0,0.0,0.0,0.0,0.0,0.0,0.0,0.0,0.0,0.0,0.0,0.0,0.002088375274549946,0.09811124850398735,0.03177963370322133,0.04569874478090122,0.10312983177200513
1758362647.9599125,2025-09-20T19:04:07.959913,20250920_190339,2.146561994944152,0.16546817447064424,0.0,-0.36443800684591793,0.008946759596316163,-0.000730274461192918,0.0,0.0,0.0,0.0,0.0010428483217273753,0.0,0.0,0.0,0.0,0.0,0.0,0.0,0.0,0.0,0.0,0.0,0.0,0.0,0.00215267020551488,0.09458731202606491,0.032293162151256966,0.046396877109508995,0.09994802608377786
1758362647.9966397,2025-09-20T19:04:07.996640,20250920_190339,2.1650241547307747,0.15683587473017485,0.0,-0.37273113384716283,0.007966931682519746,-0.0006967766442706575,0.0,0.0,0.0,0.0,0.0010031547080679806,0.0,0.0,0.0,0.0,0.0,0.0,0.0,0.0,0.0,0.0,0.0,0.0,0.0,0.0021703704023343347,0.08925767016071921,0.03167261763839516,0.04658723432802526,0.0947105400184569
1758362648.0192158,2025-09-20T19:04:08.019216,20250920_190339,2.1836259166086327,0.14793856566029925,0.0,-0.3811685354859748,0.0074549720046820965,-0.0006937503988472797,0.0,0.0,0.0,0.0,0.0009430226278656405,0.0,0.0,0.0,0.0,0.0,0.0,0.0,0.0,0.0,0.0,0.0,0.0,0.0,0.002425336887016196,0.0863421797540582,0.030708673495702162,0.049247709459590054,0.09164057306972571
1758362648.035911,2025-09-20T19:04:08.035911,20250920_190339,2.200000003254463,0.1434364413009132,0.0,-0.38650391671852274,0.007811282466269408,-0.0007334132678265239,0.0,0.0,0.0,0.0,0.0010074117905170736,0.0,0.0,0.0,0.0,0.0,0.0,0.0,0.0,0.0,0.0,0.0,0.0,0.0,0.0023618131722682035,0.08838145996909877,0.03173975095234797,0.04859848940315124,0.09390790305819037
1758362648.058038,2025-09-20T19:04:08.058038,20250920_190339,2.2149852645818076,0.1376748045514915,0.0,-0.38749444976872877,0.007185515229511592,-0.00051075969331961,0.0,0.0,0.0,0.0,0.0010150992311058664,0.0,0.0,0.0,0.0,0.0,0.0,0.0,0.0,0.0,0.0,0.0,0.0,0.0,0.0021698910526382303,0.0847674184431235,0.03186062195102077,0.04658208939751662,0.09055724410900245
1758362648.0951016,2025-09-20T19:04:08.095102,20250920_190339,2.235984021886786,0.13097337781018664,0.0,-0.38723469901419205,0.007599700802038059,-0.0006819379139709321,0.0,0.0,0.0,0.0,0.0010379668293445344,0.0,0.0,0.0,0.0,0.0,0.0,0.0,0.0,0.0,0.0,0.0,0.0,0.0,0.001973465685642466,0.08717626283592374,0.03221749259865725,0.044423706347427455,0.09293905331658266
1758362648.1127415,2025-09-20T19:04:08.112741,20250920_190339,2.255706917046643,0.12500392365154384,0.0,-0.3862904114679276,0.007727997763754902,-0.0007871476163797887,0.0,0.0,0.0,0.0,0.001015508516237948,0.0,0.0,0.0,0.0,0.0,0.0,0.0,0.0,0.0,0.0,0.0,0.0,0.0,0.001967347450614944,0.08790903118425832,0.031867044359933164,0.04435479061629019,0.09350671783349498
1758362648.136464,2025-09-20T19:04:08.136464,20250920_190339,2.2726747962976166,0.11721934806254468,0.0,-0.3845538601663307,0.007931162434070235,-0.0010745135375714678,0.0,0.0,0.0,0.0,0.001107497646429534,0.0,0.0,0.0,0.0,0.0,0.0,0.0,0.0,0.0,0.0,0.0,0.0,0.0,0.0018706573039816974,0.0890570740259876,0.0332790872235032,0.04325109598590188,0.09507186797628292
1758362648.1538606,2025-09-20T19:04:08.153861,20250920_190339,2.294258385692861,0.11017519004291945,0.0,-0.3844633616566834,0.007528338377719907,-0.0010177623050035038,0.0,0.0,0.0,0.0,0.001199159621179949,0.0,0.0,0.0,0.0,0.0,0.0,0.0,0.0,0.0,0.0,0.0,0.0,0.0,0.001798032871396618,0.08676599782011331,0.03462888420350776,0.04240321770097899,0.093421078985954
1758362648.1939957,2025-09-20T19:04:08.193996,20250920_190339,2.3193030670068406,0.10179109757762018,0.0,-0.3832258714047351,0.00796792271861699,-0.0012079456048121242,0.0,0.0,0.0,0.0,0.0012533321867515853,0.0,0.0,0.0,0.0,0.0,0.0,0.0,0.0,0.0,0.0,0.0,0.0,0.0,0.00160039912547052,0.08926322153393854,0.035402431932730065,0.04000498875728526,0.09602736539845595
1758362648.2171018,2025-09-20T19:04:08.217102,20250920_190339,2.3257657452392064,0.09793551225222807,0.0,-0.3876905101287006,0.007507522738295226,-0.001289793889583055,0.0,0.0,0.0,0.0,0.0013076955246607673,0.0,0.0,0.0,0.0,0.0,0.0,0.0,0.0,0.0,0.0,0.0,0.0,0.0,0.0016118886401199934,0.08664596204264355,0.03616207301387418,0.04014833296813198,0.09388939377243839
1758362648.2428896,2025-09-20T19:04:08.242890,20250920_190339,2.3442081630363583,0.08517170505921101,0.0,-0.38812469824962825,0.007632168752444932,-0.001271002261662936,0.0,0.0,0.0,0.0,0.0012078296997116485,0.0,0.0,0.0,0.0,0.0,0.0,0.0,0.0,0.0,0.0,0.0,0.0,0.0,0.0017798811934550218,0.08736228449648585,0.03475384438751559,0.04218863820337203,0.09402126595699815
1758362648.2588987,2025-09-20T19:04:08.258899,20250920_190339,2.360958958295941,0.07969356535213126,0.0,-0.39030905124197235,0.007910242775844838,-0.001386150348961418,0.0,0.0,0.0,0.0,0.0012693045041473835,0.0,0.0,0.0,0.0,0.0,0.0,0.0,0.0,0.0,0.0,0.0,0.0,0.0,0.0016993922206702393,0.08893954562423195,0.035627299983964314,0.04122368519031552,0.09580995397135009
1758362648.3005872,2025-09-20T19:04:08.300587,20250920_190339,2.386871720075305,0.07198861829589868,0.0,-0.3919132865199406,0.009551674809143118,-0.0013710294061116065,0.0,0.0,0.0,0.0,0.0012439815213176311,0.0,0.0,0.0,0.0,0.0,0.0,0.0,0.0,0.0,0.0,0.0,0.0,0.0,0.0017176356825613723,0.09773267012183345,0.03527012221863756,0.04144436852651241,0.10390214786259594
1758362648.3153527,2025-09-20T19:04:08.315353,20250920_190339,2.3952490150999592,0.06398524193748957,0.0,-0.3952753445552858,0.00990435436871179,-0.001364105792894,0.0,0.0,0.0,0.0,0.0011755847361107864,0.0,0.0,0.0,0.0,0.0,0.0,0.0,0.0,0.0,0.0,0.0,0.0,0.0,0.0017375768503457738,0.09952062283120916,0.03428680119391114,0.04168425182662841,0.10526128967869705
1758362648.3399863,2025-09-20T19:04:08.339986,20250920_190339,2.4143744575804713,0.05869705744946896,0.0,-0.3938681847210051,0.008770573320690698,-0.001193855761333964,0.0,0.0,0.0,0.0,0.0011115077182586378,0.0,0.0,0.0,0.0,0.0,0.0,0.0,0.0,0.0,0.0,0.0,0.0,0.0,0.0017861635792984284,0.09365133912919077,0.03333928190976281,0.04226302851545814,0.09940865676061283
1758362648.385047,2025-09-20T19:04:08.385047,20250920_190339,2.4325946360370163,0.04882170795763854,0.0,-0.3941929762443533,0.008755254149721994,-0.0012386428573753247,0.0,0.0,0.0,0.0,0.0012000372806544343,0.0,0.0,0.0,0.0,0.0,0.0,0.0,0.0,0.0,0.0,0.0,0.0,0.0,0.0019321550971966987,0.0935695150661902,0.03464155424709513,0.04395628620796687,0.09977620673475429
1758362648.4005647,2025-09-20T19:04:08.400565,20250920_190339,2.4427157679187532,0.045140571327477105,0.0,-0.39252814434276817,0.008158185168534912,-0.0012039778156253105,0.0,0.0,0.0,0.0,0.0011648054317840537,0.0,0.0,0.0,0.0,0.0,0.0,0.0,0.0,0.0,0.0,0.0,0.0,0.0,0.0015605756839872198,0.09032267250549506,0.03412924598909348,0.03950412236700392,0.09655563474142234
1758362648.413889,2025-09-20T19:04:08.413889,20250920_190339,2.4632021199491776,0.03623351106355876,0.0,-0.3937317724466113,0.007978384969303361,-0.0011106496111591385,0.0,0.0,0.0,0.0,0.0011266530802176826,0.0,0.0,0.0,0.0,0.0,0.0,0.0,0.0,0.0,0.0,0.0,0.0,0.0,0.0017345321384673814,0.08932180567646045,0.033565653281556765,0.041647714684810516,0.09542032304242658
1758362648.4351776,2025-09-20T19:04:08.435178,20250920_190339,2.4888789680059564,0.027125306232398606,0.0,-0.3949428775536008,0.008297644501827238,-0.00102709385320679,0.0,0.0,0.0,0.0,0.0011840275817673245,0.0,0.0,0.0,0.0,0.0,0.0,0.0,0.0,0.0,0.0,0.0,0.0,0.0,0.0019161976961897126,0.09109140739843269,0.03440970185525188,0.04377439544059646,0.09737387782970627
1758362648.4566545,2025-09-20T19:04:08.456655,20250920_190339,2.5005314734518986,0.020209596525280458,0.0,-0.39698414618441236,0.008028525562414271,-0.0006272729967423211,0.0,0.0,0.0,0.0,0.001052811220667337,0.0,0.0,0.0,0.0,0.0,0.0,0.0,0.0,0.0,0.0,0.0,0.0,0.0,0.0015431077529279918,0.08960203994560767,0.03244705257288152,0.0392824102229992,0.09529604809792276
1758362648.4964304,2025-09-20T19:04:08.496430,20250920_190339,2.519966524217688,0.011139195965891791,0.0,-0.39686311656322126,0.008247077457608618,-0.0008253507683782101,0.0,0.0,0.0,0.0,0.0011013655404785677,0.0,0.0,0.0,0.0,0.0,0.0,0.0,0.0,0.0,0.0,0.0,0.0,0.0,0.0016847822604577076,0.09081342113150796,0.033186827815845366,0.04104609921122478,0.09668734662864209
1758362648.5149705,2025-09-20T19:04:08.514971,20250920_190339,2.538112483269309,0.0028290554650905156,0.0,-0.39505140094287355,0.008691341814338772,-0.0008265750853765748,0.0,0.0,0.0,0.0,0.0010086476676713539,0.0,0.0,0.0,0.0,0.0,0.0,0.0,0.0,0.0,0.0,0.0,0.0,0.0,0.0017649187982795445,0.09322736623083788,0.03175921390197424,0.04201093665082397,0.09848852462094315
1758362648.5386817,2025-09-20T19:04:08.538682,20250920_190339,2.546714287461708,-0.0029591108262521197,0.0,-0.39702055619253546,0.008216379027998417,-0.0009340601708105548,0.0,0.0,0.0,0.0,0.0009604795448192673,0.0,0.0,0.0,0.0,0.0,0.0,0.0,0.0,0.0,0.0,0.0,0.0,0.0,0.0016880567647231189,0.09064424431809455,0.030991604424735215,0.041085967978412276,0.09579592148321182
1758362648.5567787,2025-09-20T19:04:08.556779,20250920_190339,2.5634885073515954,-0.01177268182995392,0.0,-0.39671712137223836,0.007489980121391622,-0.0010549943775733522,0.0,0.0,0.0,0.0,0.0009859738328357244,0.0,0.0,0.0,0.0,0.0,0.0,0.0,0.0,0.0,0.0,0.0,0.0,0.0,0.0016321684176258875,0.08654467124781064,0.03140022026731221,0.04040010417840389,0.0920649442199763
1758362648.593406,2025-09-20T19:04:08.593406,20250920_190339,2.578174015854917,-0.022118809396612652,0.0,-0.3990081405530044,0.007100659657880965,-0.001000562241946248,0.0,0.0,0.0,0.0,0.0010211114956618576,0.0,0.0,0.0,0.0,0.0,0.0,0.0,0.0,0.0,0.0,0.0,0.0,0.0,0.0019074284978885193,0.08426541199021675,0.031954835246983476,0.043674117024715214,0.09012086968922804
1758362648.6220474,2025-09-20T19:04:08.622047,20250920_190339,2.5900124442241195,-0.02970826394746171,0.0,-0.4011763113940568,0.007315161525926597,-0.0010708019655151708,0.0,0.0,0.0,0.0,0.0010415460215855538,0.0,0.0,0.0,0.0,0.0,0.0,0.0,0.0,0.0,0.0,0.0,0.0,0.0,0.0019055620566961386,0.08552871755104596,0.0322729921387149,0.043652743976709395,0.09141502911180498
1758362648.641938,2025-09-20T19:04:08.641938,20250920_190339,2.6118670189101496,-0.04280583419421596,0.0,-0.39985431824234074,0.006822093636731116,-0.0010357991971272624,0.0,0.0,0.0,0.0,0.0010269614414338804,0.0,0.0,0.0,0.0,0.0,0.0,0.0,0.0,0.0,0.0,0.0,0.0,0.0,0.002155580040594653,0.08259596622554347,0.03204623911528279,0.04642822461170202,0.08859489307045297
1758362648.6651423,2025-09-20T19:04:08.665142,20250920_190339,2.6283326482759666,-0.05026637751864181,0.0,-0.3965760599994079,0.0061682853581105255,-0.0009668549266302664,0.0,0.0,0.0,0.0,0.001037232446545056,0.0,0.0,0.0,0.0,0.0,0.0,0.0,0.0,0.0,0.0,0.0,0.0,0.0,0.002244935714216193,0.07853843236346474,0.032206093313922074,0.04738075257123079,0.08488532149114818
1758362648.7036636,2025-09-20T19:04:08.703664,20250920_190339,2.6471131447695706,-0.06006124241021993,0.0,-0.39097165860790994,0.006031102569038234,-0.0010324785208097903,0.0,0.0,0.0,0.0,0.001076154080991186,0.0,0.0,0.0,0.0,0.0,0.0,0.0,0.0,0.0,0.0,0.0,0.0,0.0,0.0023471461874626986,0.07766017363512802,0.032804787470599256,0.04844735480356692,0.084304547030569
1758362648.7165115,2025-09-20T19:04:08.716511,20250920_190339,2.6639350748452166,-0.06550999093626157,0.0,-0.38067102045058504,0.0060940327275248824,-0.0008965648409529313,0.0,0.0,0.0,0.0,0.0010328840486047205,0.0,0.0,0.0,0.0,0.0,0.0,0.0,0.0,0.0,0.0,0.0,0.0,0.0,0.002543608882740902,0.0780642858644392,0.032138513478453236,0.0504342035006096,0.08442106831904939
1758362648.753218,2025-09-20T19:04:08.753218,20250920_190339,2.6888798806906196,-0.07624154007195554,0.0,-0.36151374522503477,0.006076691331766608,-0.0008928648672181523,0.0,0.0,0.0,0.0,0.0010111560338235011,0.0,0.0,0.0,0.0,0.0,0.0,0.0,0.0,0.0,0.0,0.0,0.0,0.0,0.002386486800731035,0.0779531354838701,0.03179867974969246,0.04885168165714498,0.08418935422955867
1758362648.7619503,2025-09-20T19:04:08.761950,20250920_190339,2.706269287602312,-0.08362162036521939,0.0,-0.34639372023627113,0.006916965844749445,-0.0011330994504180746,0.0,0.0,0.0,0.0,0.0010287657405103196,0.0,0.0,0.0,0.0,0.0,0.0,0.0,0.0,0.0,0.0,0.0,0.0,0.0,0.0026179787525190245,0.0831682983158213,0.03207437825602111,0.051166187590234086,0.08913883320562237
1758362648.7987714,2025-09-20T19:04:08.798771,20250920_190339,2.720723855968302,-0.09206452882616833,0.0,-0.33050855979336724,0.006903623200958501,-0.001220581383968189,0.0,0.0,0.0,0.0,0.0010274639266297078,0.0,0.0,0.0,0.0,0.0,0.0,0.0,0.0,0.0,0.0,0.0,0.0,0.0,0.002656653890446664,0.08308804487384754,0.032054078159100254,0.051542738484161514,0.08905665122599327
1758362648.8298104,2025-09-20T19:04:08.829810,20250920_190339,2.750135454748681,-0.10169300829897801,0.0,-0.3104268218730561,0.006379364764290428,-0.0012548081130706983,0.0,0.0,0.0,0.0,0.001035790154844389,0.0,0.0,0.0,0.0,0.0,0.0,0.0,0.0,0.0,0.0,0.0,0.0,0.0,0.002541229309931673,0.07987092565064229,0.032183693927894434,0.05041060711726921,0.08611129379549942
1758362648.8411908,2025-09-20T19:04:08.841191,20250920_190339,2.774886958323256,-0.10939006181649505,0.0,-0.29062506879417677,0.0067536199493178775,-0.0012421235265352491,0.0,0.0,0.0,0.0,0.0010531243348539247,0.0,0.0,0.0,0.0,0.0,0.0,0.0,0.0,0.0,0.0,0.0,0.0,0.0,0.0025865069002842236,0.08218041098289712,0.03245187721617849,0.05085771229896429,0.0883557824037103
1758362648.8717608,2025-09-20T19:04:08.871761,20250920_190339,2.784656451837866,-0.1149881609821707,0.0,-0.2779134297250578,0.007030917644590233,-0.0010142847131207674,0.0,0.0,0.0,0.0,0.001000020114908536,0.0,0.0,0.0,0.0,0.0,0.0,0.0,0.0,0.0,0.0,0.0,0.0,0.0,0.0025340916877905507,0.08385056734805217,0.031623094644713946,0.050339762492393136,0.08961549954945723
1758362648.898926,2025-09-20T19:04:08.898926,20250920_190339,2.812976096518786,-0.12111523320740483,0.0,-0.2555016304677264,0.0075873142202089496,-0.0010105572623843838,0.0,0.0,0.0,0.0,0.000938667639526128,0.0,0.0,0.0,0.0,0.0,0.0,0.0,0.0,0.0,0.0,0.0,0.0,0.0,0.0028562372011204586,0.08710519054688388,0.030637683325051325,0.053443776074679254,0.09233624347857712
1758362648.9203062,2025-09-20T19:04:08.920306,20250920_190339,2.841429824436076,-0.12887202543518048,0.0,-0.23372906355416187,0.00774105445369936,-0.0011127880862491714,0.0,0.0,0.0,0.0,0.0009214030968648978,0.0,0.0,0.0,0.0,0.0,0.0,0.0,0.0,0.0,0.0,0.0,0.0,0.0,0.002911220161167718,0.08798326234971832,0.030354622331119487,0.05395572408158117,0.0930723242997845
1758362648.940821,2025-09-20T19:04:08.940821,20250920_190339,2.860963620380171,-0.13315892664957407,0.0,-0.22173688078217615,0.008056629794107482,-0.0011802125777433945,0.0,0.0,0.0,0.0,0.000824877449619378,0.0,0.0,0.0,0.0,0.0,0.0,0.0,0.0,0.0,0.0,0.0,0.0,0.0,0.003287643588903755,0.08975873101881221,0.028720679825160442,0.05733797684697076,0.09424174894242392
1758362648.9720135,2025-09-20T19:04:08.972013,20250920_190339,2.8853014609158336,-0.1376534693395203,0.0,-0.1986367033334468,0.008640056423399992,-0.0012536070286262306,0.0,0.0,0.0,0.0,0.0009020924087249942,0.0,0.0,0.0,0.0,0.0,0.0,0.0,0.0,0.0,0.0,0.0,0.0,0.0,0.0036267580110344857,0.09295190381804987,0.03003485323295245,0.06022257061131221,0.09768392309958168
1758362648.9991863,2025-09-20T19:04:08.999186,20250920_190339,2.901775137852934,-0.13968087354394218,0.0,-0.1833248023132574,0.008070852700180795,-0.0009762184716685902,0.0,0.0,0.0,0.0,0.0008133824872583982,0.0,0.0,0.0,0.0,0.0,0.0,0.0,0.0,0.0,0.0,0.0,0.0,0.0,0.003519903235614614,0.08983792462084593,0.02851986127698377,0.05932877240946937,0.09425622094821749
1758362649.0238192,2025-09-20T19:04:09.023819,20250920_190339,2.9228046063517366,-0.14342489728034277,0.0,-0.16809260886957622,0.00830054584635249,-0.0010149748328658944,0.0,0.0,0.0,0.0,0.0007815919062481826,0.0,0.0,0.0,0.0,0.0,0.0,0.0,0.0,0.0,0.0,0.0,0.0,0.0,0.0034705490194115746,0.09110733146323895,0.02795696525462273,0.0589113657914292,0.09530025053797431
1758362649.0440679,2025-09-20T19:04:09.044068,20250920_190339,2.9444774345061844,-0.14880090079686742,0.0,-0.16211662873990615,0.007766507748100929,-0.000911119515474576,0.0,0.0,0.0,0.0,0.0007982653979649292,0.0,0.0,0.0,0.0,0.0,0.0,0.0,0.0,0.0,0.0,0.0,0.0,0.0,0.003764792416729081,0.08812779214357369,0.02825359088620293,0.06135790427262881,0.09254605959232332
1758362649.2310953,2025-09-20T19:04:09.231095,20250920_190339,2.973945248841567,-0.15117391069814223,0.0,-0.1595242963067989,0.009061479735898019,-0.0009214380293169332,0.0,0.0,0.0,0.0,0.0007116576231166457,0.0,0.0,0.0,0.0,0.0,0.0,0.0,0.0,0.0,0.0,0.0,0.0,0.0,0.0033431139517258765,0.09519180498287665,0.026676911798719238,0.05781966751656288,0.09885917943729183
1758362649.2394922,2025-09-20T19:04:09.239492,20250920_190339,2.987328495537975,-0.15208573892256078,0.0,-0.15643414412257287,0.008911455386611148,-0.0009909825608722454,0.0,0.0,0.0,0.0,0.0007385563888744728,0.0,0.0,0.0,0.0,0.0,0.0,0.0,0.0,0.0,0.0,0.0,0.0,0.0,0.003324475278192739,0.09440050522434267,0.027176393963778064,0.05765826287873005,0.09823447345756794
1758362649.2451975,2025-09-20T19:04:09.245198,20250920_190339,3.011935909621798,-0.1564906239350677,0.0,-0.15999119391147154,0.009396090430479644,-0.0010013695942293476,0.0,0.0,0.0,0.0,0.0007064780483812319,0.0,0.0,0.0,0.0,0.0,0.0,0.0,0.0,0.0,0.0,0.0,0.0,0.0,0.0036504862972886578,0.09693343298614593,0.026579654782958186,0.06041925435892649,0.10051153405883763
1758362649.2603161,2025-09-20T19:04:09.260316,20250920_190339,3.0257446177586296,-0.15835087826787644,0.0,-0.15618607213127347,0.008751591834426949,-0.000802887087492954,0.0,0.0,0.0,0.0,0.0006530240521418034,0.0,0.0,0.0,0.0,0.0,0.0,0.0,0.0,0.0,0.0,0.0,0.0,0.0,0.0035126546841248137,0.09354994299531641,0.025554335290549107,0.05926765293247923,0.0969773988441057
1758362649.2713587,2025-09-20T19:04:09.271359,20250920_190339,3.039353544703306,-0.1583189301175171,0.0,-0.1517725903971578,0.007481497201475673,-0.0005819212715164928,0.0,0.0,0.0,0.0,0.0006331375154903949,0.0,0.0,0.0,0.0,0.0,0.0,0.0,0.0,0.0,0.0,0.0,0.0,0.0,0.0032020108559485216,0.08649564845398683,0.025162223977430828,0.05658631332706277,0.09008126729218495
1758362649.2796674,2025-09-20T19:04:09.279667,20250920_190339,3.065344232387701,-0.1615960956169926,0.0,-0.14869580773387514,0.007848182900601347,-0.0005220483563202406,0.0,0.0,0.0,0.0,0.0006299852070809886,0.0,0.0,0.0,0.0,0.0,0.0,0.0,0.0,0.0,0.0,0.0,0.0,0.0,0.003430379933093986,0.08858997065470418,0.025099506112292103,0.05856944538830794,0.09207696838885572
1758362649.2835658,2025-09-20T19:04:09.283566,20250920_190339,3.093737706147416,-0.16726943613052364,0.0,-0.1431386438602607,0.00798092780744243,-0.00037776781436669505,0.0,0.0,0.0,0.0,0.0006144235923587988,0.0,0.0,0.0,0.0,0.0,0.0,0.0,0.0,0.0,0.0,0.0,0.0,0.0,0.003323787100004616,0.08933603868228336,0.024787569311225312,0.0576522948372796,0.09271111799456
1758362649.2872114,2025-09-20T19:04:09.287211,20250920_190339,3.10539527875326,-0.16813238402830527,0.0,-0.14064393740366152,0.009111669916473511,-0.00026412474883142164,0.0,0.0,0.0,0.0,0.0006069207154246467,0.0,0.0,0.0,0.0,0.0,0.0,0.0,0.0,0.0,0.0,0.0,0.0,0.0,0.003209602462553,0.09545506752642056,0.02463576090614306,0.05665335349785571,0.09858291247421207
1758362649.2913842,2025-09-20T19:04:09.291384,20250920_190339,3.1267716804541243,-0.17034961379389463,0.0,-0.13887210847886322,0.0078093252912624115,-0.00020865439034056126,0.0,0.0,0.0,0.0,0.0005768643354572868,0.0,0.0,0.0,0.0,0.0,0.0,0.0,0.0,0.0,0.0,0.0,0.0,0.0,0.0030096804303327332,0.08837038695888126,0.024018000238514588,0.054860554411459726,0.09157614114342065
1758362649.3046176,2025-09-20T19:04:09.304618,20250920_190339,3.1416324886564024,-0.17211491715852,0.0,-0.13576876658678386,0.008178786034450313,-0.0002525828663221523,0.0,0.0,0.0,0.0,0.000540616990713923,0.0,0.0,0.0,0.0,0.0,0.0,0.0,0.0,0.0,0.0,0.0,0.0,0.0,0.0026943816352398846,0.09043664099495466,0.023251171813780117,0.05190743333319309,0.09337774373566882
1758362649.327385,2025-09-20T19:04:09.327385,20250920_190339,3.1590301464839494,-0.17279450479888248,0.0,-0.13296054013972441,0.008439873504410597,-0.00033578519587171827,0.0,0.0,0.0,0.0,0.0005205764675175618,0.0,0.0,0.0,0.0,0.0,0.0,0.0,0.0,0.0,0.0,0.0,0.0,0.0,0.0027092380775016554,0.09186878416747768,0.02281614488728457,0.05205034176162204,0.09465965334781318
1758362649.340788,2025-09-20T19:04:09.340788,20250920_190339,3.1835334703155755,-0.17524380301953105,0.0,-0.1314862813818675,0.00870616855950012,-0.000274325126464691,0.0,0.0,0.0,0.0,0.0004933328178434932,0.0,0.0,0.0,0.0,0.0,0.0,0.0,0.0,0.0,0.0,0.0,0.0,0.0,0.0029704386250103145,0.0933068516214116,0.022211096727615526,0.05450173047720883,0.09591403118075902
1758362649.3612328,2025-09-20T19:04:09.361233,20250920_190339,3.1998159289396804,-0.17609658610941073,0.0,-0.12667472790743595,0.009771638580375995,-0.00019985769605185695,0.0,0.0,0.0,0.0,0.00043727829913888183,0.0,0.0,0.0,0.0,0.0,0.0,0.0,0.0,0.0,0.0,0.0,0.0,0.0,0.0031475243924960995,0.0988515987750122,0.020911200327548913,0.05610280200218256,0.1010391848715877
1758362649.3948607,2025-09-20T19:04:09.394861,20250920_190339,3.219174768604826,-0.17945437869606662,0.0,-0.12392232903178983,0.010131021286833648,-0.0003819387712227848,0.0,0.0,0.0,0.0,0.00046634933686044185,0.0,0.0,0.0,0.0,0.0,0.0,0.0,0.0,0.0,0.0,0.0,0.0,0.0,0.0032178211454985638,0.10065297455531877,0.021595122987851722,0.056725841954955274,0.1029435312377329
1758362649.4171376,2025-09-20T19:04:09.417138,20250920_190339,3.2333675460848923,-0.1824541022926332,0.0,-0.12467515216506805,0.00843905193370369,-0.000270808771045054,0.0,0.0,0.0,0.0,0.000449051692043042,0.0,0.0,0.0,0.0,0.0,0.0,0.0,0.0,0.0,0.0,0.0,0.0,0.0,0.003152513628284682,0.09186431262304035,0.021190839814482155,0.05614724951664758,0.09427673957953113
1758362649.4367979,2025-09-20T19:04:09.436798,20250920_190339,3.2486425289862577,-0.18399467157890767,0.0,-0.12073139166174147,0.007725140790203763,-0.0002858115730284659,0.0,0.0,0.0,0.0,0.00041159537441004177,0.0,0.0,0.0,0.0,0.0,0.0,0.0,0.0,0.0,0.0,0.0,0.0,0.0,0.002667887548346143,0.08789278008007122,0.02028781344576201,0.05165159773275308,0.09020385892307381
1758362649.479121,2025-09-20T19:04:09.479121,20250920_190339,3.272774933311473,-0.1858769868733934,0.0,-0.11656155454045887,0.007355255591702778,-0.0003501419751962682,0.0,0.0,0.0,0.0,0.00042279962509142173,0.0,0.0,0.0,0.0,0.0,0.0,0.0,0.0,0.0,0.0,0.0,0.0,0.0,0.0027878707455937556,0.08576278675336278,0.020562091943462896,0.05280029115065329,0.08819328328616755
1758362649.4958596,2025-09-20T19:04:09.495860,20250920_190339,3.2889405278057766,-0.18735510501071326,0.0,-0.11123210884271538,0.007656659773492235,-0.0003220632808372788,0.0,0.0,0.0,0.0,0.0004453037721203981,0.0,0.0,0.0,0.0,0.0,0.0,0.0,0.0,0.0,0.0,0.0,0.0,0.0,0.0026109734222193376,0.08750234153148266,0.021102221971166877,0.051097685096482964,0.09001090792572106
1758362649.515107,2025-09-20T19:04:09.515107,20250920_190339,3.3013640161703597,-0.18832712470211505,0.0,-0.10920925835032302,0.007882122490112711,-0.00032514625092509977,0.0,0.0,0.0,0.0,0.00038097077960321007,0.0,0.0,0.0,0.0,0.0,0.0,0.0,0.0,0.0,0.0,0.0,0.0,0.0,0.002214915418763194,0.08878131836210088,0.01951847277845298,0.047062887913548124,0.0909015581258975
1758362649.536746,2025-09-20T19:04:09.536746,20250920_190339,3.3157564248377867,-0.18957122253823513,0.0,-0.11159968726047796,0.007636750030201917,-0.00036928878148812996,0.0,0.0,0.0,0.0,0.0004170269270877972,0.0,0.0,0.0,0.0,0.0,0.0,0.0,0.0,0.0,0.0,0.0,0.0,0.0,0.0022814166892748604,0.0873885005604394,0.020421237158600287,0.04776417788756403,0.08974283791640264
1758362649.5735898,2025-09-20T19:04:09.573590,20250920_190339,3.3347255512389666,-0.1910887544592761,0.0,-0.10996556936832443,0.008565589470505989,-0.000542148660062656,0.0,0.0,0.0,0.0,0.000419576426593644,0.0,0.0,0.0,0.0,0.0,0.0,0.0,0.0,0.0,0.0,0.0,0.0,0.0,0.0024303640981259275,0.09255046985567382,0.020483564792136255,0.04929872308818888,0.09479011497566417
1758362649.5982327,2025-09-20T19:04:09.598233,20250920_190339,3.346769693472813,-0.19109976148416766,0.0,-0.10999204953718653,0.007650761933000545,-0.0004336511321124818,0.0,0.0,0.0,0.0,0.0003757697318441513,0.0,0.0,0.0,0.0,0.0,0.0,0.0,0.0,0.0,0.0,0.0,0.0,0.0,0.0022554483006432266,0.08746863399528167,0.01938478093361262,0.04749156030963003,0.08959091284747966
1758362649.6200643,2025-09-20T19:04:09.620064,20250920_190339,3.3679979111581178,-0.19359061805118283,0.0,-0.10271529062172176,0.007213206427087149,-0.0005079971067195545,0.0,0.0,0.0,0.0,0.00031288163636413596,0.0,0.0,0.0,0.0,0.0,0.0,0.0,0.0,0.0,0.0,0.0,0.0,0.0,0.00217321460124902,0.08493059770828855,0.017688460542515733,0.046617749851843124,0.08675302913127175
1758362649.636334,2025-09-20T19:04:09.636334,20250920_190339,3.385766110556947,-0.19396553036334613,0.0,-0.09200923437132151,0.00734515075965444,-0.0006308769898020954,0.0,0.0,0.0,0.0,0.00031953043255169276,0.0,0.0,0.0,0.0,0.0,0.0,0.0,0.0,0.0,0.0,0.0,0.0,0.0,0.002350706321212828,0.08570385498712668,0.017875414192451394,0.048484083173891496,0.08754816498480213
1758362649.6506062,2025-09-20T19:04:09.650606,20250920_190339,3.395314871768424,-0.1947148996864626,0.0,-0.08545618001684095,0.007651183481454276,-0.000575523015872212,0.0,0.0,0.0,0.0,0.00029371179069218663,0.0,0.0,0.0,0.0,0.0,0.0,0.0,0.0,0.0,0.0,0.0,0.0,0.0,0.002326634913793012,0.0874710436742027,0.017138021784680595,0.04823520409195976,0.08913414201161339
1758362649.6951683,2025-09-20T19:04:09.695168,20250920_190339,3.4115262488072142,-0.19586324649066386,0.0,-0.06746348772278324,0.008057211192456984,-0.0005343918523225702,0.0,0.0,0.0,0.0,0.0002884416558006729,0.0,0.0,0.0,0.0,0.0,0.0,0.0,0.0,0.0,0.0,0.0,0.0,0.0,0.0025412036938919714,0.08976196963334185,0.01698357017239523,0.050410353042723,0.09135454475973079
1758362649.7138238,2025-09-20T19:04:09.713824,20250920_190339,3.4427639659790312,-0.1984141330948347,0.0,-0.04394472077388537,0.0074638485284231545,-0.0003955961901524361,0.0,0.0,0.0,0.0,0.0002982363100305982,0.0,0.0,0.0,0.0,0.0,0.0,0.0,0.0,0.0,0.0,0.0,0.0,0.0,0.0027069345187191313,0.08639356763337855,0.017269519681525545,0.052028208874793404,0.08810269484217695
1758362649.7460418,2025-09-20T19:04:09.746042,20250920_190339,3.466562520654097,-0.19900317219089853,0.0,-0.02408967474142512,0.007648348517583635,-0.0003887526760478663,0.0,0.0,0.0,0.0,0.0002711378466868747,0.0,0.0,0.0,0.0,0.0,0.0,0.0,0.0,0.0,0.0,0.0,0.0,0.0,0.002540613885138895,0.08745483701650604,0.016466263895822716,0.05040450262763135,0.08899149602220714
1758362649.7764585,2025-09-20T19:04:09.776459,20250920_190339,3.4930078795485917,-0.2007197739122991,0.0,-0.006181432543455547,0.0072979989380090845,-0.00037365898503661696,0.0,0.0,0.0,0.0,0.00028999624816532254,0.0,0.0,0.0,0.0,0.0,0.0,0.0,0.0,0.0,0.0,0.0,0.0,0.0,0.0028226499059401094,0.08542832632101068,0.01702927620791097,0.05312861663868267,0.08710909933052004
1758362649.8059464,2025-09-20T19:04:09.805946,20250920_190339,3.510426579722301,-0.20194377283987744,0.0,0.004087033735011837,0.006769778913648093,-0.0003996926676639923,0.0,0.0,0.0,0.0,0.0002827355801264137,0.0,0.0,0.0,0.0,0.0,0.0,0.0,0.0,0.0,0.0,0.0,0.0,0.0,0.0027713030605536304,0.08227866621213602,0.016814742939647152,0.052643167273195395,0.08397925037635491
1758362649.8194277,2025-09-20T19:04:09.819428,20250920_190339,3.5339825658070576,-0.20160066039204394,0.0,0.014529901647824054,0.006839372308950323,-0.0003151907543920361,0.0,0.0,0.0,0.0,0.00030537386254731553,0.0,0.0,0.0,0.0,0.0,0.0,0.0,0.0,0.0,0.0,0.0,0.0,0.0,0.0030562064955234947,0.08270049763423629,0.017474949572096495,0.05528296749925328,0.08452660037821016
1758362649.8473759,2025-09-20T19:04:09.847376,20250920_190339,3.549442957467576,-0.20258181396391708,0.0,0.01352584393659829,0.0072277720656319,-0.00028910947735242827,0.0,0.0,0.0,0.0,0.0002863411066448608,0.0,0.0,0.0,0.0,0.0,0.0,0.0,0.0,0.0,0.0,0.0,0.0,0.0,0.002927300410205323,0.08501630470463827,0.016921616549398017,0.054104532251977956,0.08668398452007592
1758362649.8735762,2025-09-20T19:04:09.873576,20250920_190339,3.5729161818607476,-0.20360286498949837,0.0,0.010162937572167517,0.007771145890990865,-0.0002308861061246682,0.0,0.0,0.0,0.0,0.00027690931632472595,0.0,0.0,0.0,0.0,0.0,0.0,0.0,0.0,0.0,0.0,0.0,0.0,0.0,0.0029996696783171958,0.08815410308653174,0.016640592427096035,0.05476924025689233,0.08971095366406263
1758362649.8902786,2025-09-20T19:04:09.890279,20250920_190339,3.587093990384419,-0.20312640168833687,0.0,0.012402278672903175,0.007833190441591737,-0.00015162398359738503,0.0,0.0,0.0,0.0,0.00028964879546560944,0.0,0.0,0.0,0.0,0.0,0.0,0.0,0.0,0.0,0.0,0.0,0.0,0.0,0.0029731863814263615,0.0885053130698476,0.01701907152184306,0.054526932624404625,0.09012679533333773
1758362649.9122224,2025-09-20T19:04:09.912222,20250920_190339,3.6011757915913165,-0.20216780911628013,0.0,0.013121771888881441,0.009487886945924605,1.612998471098283e-05,0.0,0.0,0.0,0.0,0.00029350433357620576,0.0,0.0,0.0,0.0,0.0,0.0,0.0,0.0,0.0,0.0,0.0,0.0,0.0,0.003228322840610059,0.09740578497155394,0.017131968175787795,0.0568183319062612,0.0989009164745242
1758362649.933349,2025-09-20T19:04:09.933349,20250920_190339,3.607606484581717,-0.20098402084608272,0.0,0.014023716698478636,0.008368299728663941,7.910049086237428e-05,0.0,0.0,0.0,0.0,0.0003054537572107899,0.0,0.0,0.0,0.0,0.0,0.0,0.0,0.0,0.0,0.0,0.0,0.0,0.0,0.0033347366774278625,0.09147841127098755,0.017477235399535874,0.05774717895644654,0.09313298817215482
1758362649.9714727,2025-09-20T19:04:09.971473,20250920_190339,3.6311653829451025,-0.20038007534703348,0.0,0.015158932336528333,0.00925152277624858,9.875608606482816e-05,0.0,0.0,0.0,0.0,0.0002980319222536534,0.0,0.0,0.0,0.0,0.0,0.0,0.0,0.0,0.0,0.0,0.0,0.0,0.0,0.0034355488885823046,0.09618483651932137,0.017263601080123852,0.05861355550196818,0.09772182304123389
1758362649.998646,2025-09-20T19:04:09.998646,20250920_190339,3.642199767775307,-0.20055154124265404,0.0,0.018640815963968525,0.010180213113083933,5.239311978734667e-05,0.0,0.0,0.0,0.0,0.0003426829137326302,0.0,0.0,0.0,0.0,0.0,0.0,0.0,0.0,0.0,0.0,0.0,0.0,0.0,0.00331903211916063,0.10089704214239352,0.01851169667352591,0.05761104164273226,0.10258116799304132
1758362650.0117962,2025-09-20T19:04:10.011796,20250920_190339,3.666229831201896,-0.20033137629592881,0.0,0.0173012523489064,0.009784576352566646,0.00013750454033338553,0.0,0.0,0.0,0.0,0.0004056767171272376,0.0,0.0,0.0,0.0,0.0,0.0,0.0,0.0,0.0,0.0,0.0,0.0,0.0,0.0033345885851789377,0.09891701750743724,0.02014141795225047,0.05774589669560026,0.10094678335486418
1758362650.0393085,2025-09-20T19:04:10.039309,20250920_190339,3.679748259503942,-0.20083463526048195,0.0,0.024470336426168943,0.009716809689704344,0.00017141285083670113,0.0,0.0,0.0,0.0,0.0003985791141344246,0.0,0.0,0.0,0.0,0.0,0.0,0.0,0.0,0.0,0.0,0.0,0.0,0.0,0.002834295066455853,0.09857387934795071,0.019964446251635046,0.05323809788540396,0.10057528923069906
1758362650.077136,2025-09-20T19:04:10.077136,20250920_190339,3.7025158615295903,-0.1983901687665968,0.0,0.02821260164592734,0.009777235531223036,0.00016453034550875992,0.0,0.0,0.0,0.0,0.0004328732618320162,0.0,0.0,0.0,0.0,0.0,0.0,0.0,0.0,0.0,0.0,0.0,0.0,0.0,0.0026989572040116224,0.0988799045874491,0.02080560649998015,0.05195148894893795,0.1010450829731712
1758362650.0925796,2025-09-20T19:04:10.092580,20250920_190339,3.7182761528474164,-0.19764825142407627,0.0,0.031524022512766044,0.008958578410342687,0.00014115043918610395,0.0,0.0,0.0,0.0,0.0003834962061140679,0.0,0.0,0.0,0.0,0.0,0.0,0.0,0.0,0.0,0.0,0.0,0.0,0.0,0.002527075044182243,0.0946497670908,0.019583059161276818,0.05027002132665395,0.09665440815843193
1758362650.1248362,2025-09-20T19:04:10.124836,20250920_190339,3.7403772078315543,-0.19671679164441006,0.0,0.03533158249927595,0.009612214679311176,0.00018462882726107512,0.0,0.0,0.0,0.0,0.00038975959545040626,0.0,0.0,0.0,0.0,0.0,0.0,0.0,0.0,0.0,0.0,0.0,0.0,0.0,0.002546196576442581,0.09804190267080283,0.01974233004106674,0.05045985113377348,0.10000987088663589
1758362650.153054,2025-09-20T19:04:10.153054,20250920_190339,3.7684751125851497,-0.19505864006187762,0.0,0.04093377694939301,0.008788167047288159,0.00027959132032619047,0.0,0.0,0.0,0.0,0.00035950827905834964,0.0,0.0,0.0,0.0,0.0,0.0,0.0,0.0,0.0,0.0,0.0,0.0,0.0,0.0022540078620998222,0.09374522413055589,0.01896070354861205,0.047476392682045905,0.09564348031280809
1758362650.1730351,2025-09-20T19:04:10.173035,20250920_190339,3.7916274584092036,-0.19479730441122886,0.0,0.04124015522193473,0.008283142892392271,0.00043559110290907334,0.0,0.0,0.0,0.0,0.00036332237474522965,0.0,0.0,0.0,0.0,0.0,0.0,0.0,0.0,0.0,0.0,0.0,0.0,0.0,0.002175788086207183,0.09101177337241743,0.019061017148757558,0.046645343671230285,0.09298637140537047
1758362650.197608,2025-09-20T19:04:10.197608,20250920_190339,3.8039084453886023,-0.19455876101100064,0.0,0.04285073890160521,0.008793124495848001,0.0005266475163840184,0.0,0.0,0.0,0.0,0.00039133743758604716,0.0,0.0,0.0,0.0,0.0,0.0,0.0,0.0,0.0,0.0,0.0,0.0,0.0,0.0019023727526076733,0.09377166147535193,0.019782250569286782,0.04361619828237754,0.09583559846650956
1758362650.2280993,2025-09-20T19:04:10.228099,20250920_190339,3.8275833644964523,-0.1938036735119243,0.0,0.04534538307348242,0.008387303385675074,0.0005003509101361891,0.0,0.0,0.0,0.0,0.0003790507007716061,0.0,0.0,0.0,0.0,0.0,0.0,0.0,0.0,0.0,0.0,0.0,0.0,0.0,0.0019096478131071153,0.09158222199572946,0.01946922445223759,0.043699517309772604,0.09362881013046508
1758362650.253151,2025-09-20T19:04:10.253151,20250920_190339,3.846662851318991,-0.19190704794905775,0.0,0.05014831725241186,0.008768341139236569,0.0005901625058312677,0.0,0.0,0.0,0.0,0.0003838950841088991,0.0,0.0,0.0,0.0,0.0,0.0,0.0,0.0,0.0,0.0,0.0,0.0,0.0,0.001851151667100751,0.09363942086128346,0.019593240776066095,0.043025012110407955,0.09566732056112719
1758362650.278441,2025-09-20T19:04:10.278441,20250920_190339,3.8756369880778503,-0.19026317524158481,0.0,0.05071515187002514,0.008337723057964213,0.0004148169576330317,0.0,0.0,0.0,0.0,0.00030383901508285416,0.0,0.0,0.0,0.0,0.0,0.0,0.0,0.0,0.0,0.0,0.0,0.0,0.0,0.0022244957920610894,0.09131113326404515,0.017430978603705936,0.047164560764000434,0.09296000254435811
1758362650.2986648,2025-09-20T19:04:10.298665,20250920_190339,3.890757534333959,-0.18887221085455608,0.0,0.05321769847666674,0.007986619395723312,0.000286658004447581,0.0,0.0,0.0,0.0,0.0002300039681600846,0.0,0.0,0.0,0.0,0.0,0.0,0.0,0.0,0.0,0.0,0.0,0.0,0.0,0.0024072977887804057,0.08936788794485026,0.015165881713902579,0.0490642210656646,0.0906455920819286
1758362650.3192968,2025-09-20T19:04:10.319297,20250920_190339,3.9195769211985696,-0.18727768402837777,0.0,0.05624981618258475,0.0078113057296087226,0.0004143387368212455,0.0,0.0,0.0,0.0,0.00025001738361113174,0.0,0.0,0.0,0.0,0.0,0.0,0.0,0.0,0.0,0.0,0.0,0.0,0.0,0.002284104835503976,0.08838159157657619,0.015811938009337494,0.04779230937613264,0.08978487129366425
1758362650.330446,2025-09-20T19:04:10.330446,20250920_190339,3.934358686742557,-0.18578959775872386,0.0,0.06160421674112285,0.00793068120478973,0.00043653690890437,0.0,0.0,0.0,0.0,0.0002949621071535141,0.0,0.0,0.0,0.0,0.0,0.0,0.0,0.0,0.0,0.0,0.0,0.0,0.0,0.0020467457245811785,0.08905437218233438,0.017174460898482784,0.045240973957035656,0.09069533236028877
1758362650.380389,2025-09-20T19:04:10.380389,20250920_190339,3.960748252950082,-0.18211055431820433,0.0,0.06755807157999848,0.007829117267521217,0.0004933808735403202,0.0,0.0,0.0,0.0,0.00035073106214978826,0.0,0.0,0.0,0.0,0.0,0.0,0.0,0.0,0.0,0.0,0.0,0.0,0.0,0.002255933184858686,0.08848229917628281,0.0187278151995845,0.047496664986698654,0.09044251395041497
1758362650.4049785,2025-09-20T19:04:10.404979,20250920_190339,3.9761162541345247,-0.18054207198703023,0.0,0.06929680635055999,0.00735770348196472,0.000594531860084481,0.0,0.0,0.0,0.0,0.0004129112253493282,0.0,0.0,0.0,0.0,0.0,0.0,0.0,0.0,0.0,0.0,0.0,0.0,0.0,0.0025469313022684304,0.0857770568506796,0.02032021715802585,0.05046713090981526,0.0881510902219255
1758362650.4124608,2025-09-20T19:04:10.412461,20250920_190339,3.9991416660386423,-0.17859085596344096,0.0,0.06903106747507944,0.007722786949350615,0.0005927477128109842,0.0,0.0,0.0,0.0,0.00039860270402214756,0.0,0.0,0.0,0.0,0.0,0.0,0.0,0.0,0.0,0.0,0.0,0.0,0.0,0.002610479266611774,0.08787938864916287,0.019965037040339983,0.051092849466552306,0.09011875306157295
1758362650.4357579,2025-09-20T19:04:10.435758,20250920_190339,4.00211500994432,-0.1777667979478301,0.0,0.0713069954656215,0.008165278785271039,0.0006984783615418877,0.0,0.0,0.0,0.0,0.00042787454273306413,0.0,0.0,0.0,0.0,0.0,0.0,0.0,0.0,0.0,0.0,0.0,0.0,0.0,0.0026192159378065558,0.09036193216875699,0.020685128540404676,0.05117827603394389,0.09269926282341248
1758362650.47933,2025-09-20T19:04:10.479330,20250920_190339,4.026687874193156,-0.17683765118859193,0.0,0.07181167372214879,0.0073281812322322564,0.0006999598772042077,0.0,0.0,0.0,0.0,0.0004442223581212894,0.0,0.0,0.0,0.0,0.0,0.0,0.0,0.0,0.0,0.0,0.0,0.0,0.0,0.0028780690467799575,0.0856047967828454,0.02107658316998487,0.0536476378490233,0.08816123632500594
1758362650.4997044,2025-09-20T19:04:10.499704,20250920_190339,4.0425228184096635,-0.17545060777399518,0.0,0.07196246105292356,0.006967868984386544,0.0008105862715462841,0.0,0.0,0.0,0.0,0.00045408209157399125,0.0,0.0,0.0,0.0,0.0,0.0,0.0,0.0,0.0,0.0,0.0,0.0,0.0,0.002990016668770165,0.08347376225129992,0.021309202039822873,0.05468104487635697,0.08615074622985303
1758362650.5178237,2025-09-20T19:04:10.517824,20250920_190339,4.066003603214056,-0.1737494868948038,0.0,0.07041689862413135,0.00680049463486919,0.0008801087570927359,0.0,0.0,0.0,0.0,0.0004736849838893908,0.0,0.0,0.0,0.0,0.0,0.0,0.0,0.0,0.0,0.0,0.0,0.0,0.0,0.0027790838449018663,0.08246511162224417,0.021764305270083648,0.052717016654035595,0.08528880125056619
1758362650.5351772,2025-09-20T19:04:10.535177,20250920_190339,4.089920826057566,-0.172000134826869,0.0,0.07463441485026137,0.0061444605107595605,0.0007810461723088553,0.0,0.0,0.0,0.0,0.0005007320475484544,0.0,0.0,0.0,0.0,0.0,0.0,0.0,0.0,0.0,0.0,0.0,0.0,0.0,0.0027291789768939378,0.07838660925668083,0.022377042868718253,0.05224154454927551,0.08151805050605672
1758362650.5769098,2025-09-20T19:04:10.576910,20250920_190339,4.116807743041757,-0.17066108106439057,0.0,0.0700695472443796,0.005728750253533515,0.0008417081357367595,0.0,0.0,0.0,0.0,0.000569705783233157,0.0,0.0,0.0,0.0,0.0,0.0,0.0,0.0,0.0,0.0,0.0,0.0,0.0,0.0024689109949575065,0.07568850806782701,0.023868510285167715,0.04968813736655366,0.07936281268180125
1758362650.5976784,2025-09-20T19:04:10.597678,20250920_190339,4.136853206836094,-0.16810848806448644,0.0,0.07570105373869897,0.005878682029008888,0.000841731766241227,0.0,0.0,0.0,0.0,0.0005972414206631537,0.0,0.0,0.0,0.0,0.0,0.0,0.0,0.0,0.0,0.0,0.0,0.0,0.0,0.002296606991200382,0.0766725637305085,0.02443852329137654,0.04792292761508193,0.08047312252964987
1758362650.6155705,2025-09-20T19:04:10.615571,20250920_190339,4.162300288642037,-0.16690383771105594,0.0,0.07423871018500712,0.005931642257132079,0.0007118024011720638,0.0,0.0,0.0,0.0,0.0005906270090424891,0.0,0.0,0.0,0.0,0.0,0.0,0.0,0.0,0.0,0.0,0.0,0.0,0.0,0.0021052756497171726,0.07701715560271022,0.0243028189525925,0.04588328290038947,0.08076056752013676
1758362650.6405356,2025-09-20T19:04:10.640536,20250920_190339,4.177299236588146,-0.16487809464873035,0.0,0.07646342221931704,0.005495695007120845,0.0007635670292039309,0.0,0.0,0.0,0.0,0.0006030839268124958,0.0,0.0,0.0,0.0,0.0,0.0,0.0,0.0,0.0,0.0,0.0,0.0,0.0,0.0021170604534988644,0.07413295493315267,0.02455776713816824,0.046011525224652836,0.07809467929336378
1758362650.6802678,2025-09-20T19:04:10.680268,20250920_190339,4.20242457943199,-0.16239734585390792,0.0,0.07824224290300705,0.006108721442977521,0.0009286336912178833,0.0,0.0,0.0,0.0,0.000666637141191248,0.0,0.0,0.0,0.0,0.0,0.0,0.0,0.0,0.0,0.0,0.0,0.0,0.0,0.002328597662455607,0.07815831013384003,0.025819317210012505,0.048255545406259856,0.08231256638064913
1758362650.6958015,2025-09-20T19:04:10.695801,20250920_190339,4.224183430669722,-0.15842172320307152,0.0,0.08480017307915172,0.0063153960525861195,0.0010125203673171357,0.0,0.0,0.0,0.0,0.0008081283164488655,0.0,0.0,0.0,0.0,0.0,0.0,0.0,0.0,0.0,0.0,0.0,0.0,0.0,0.0020958456185938097,0.07946946616522675,0.028427597795959922,0.04578040649222995,0.08440097374459009
1758362650.724495,2025-09-20T19:04:10.724495,20250920_190339,4.246838208452696,-0.15664808012940046,0.0,0.08510469264375509,0.006767129910944548,0.0011119487145261264,0.0,0.0,0.0,0.0,0.0008102267037012179,0.0,0.0,0.0,0.0,0.0,0.0,0.0,0.0,0.0,0.0,0.0,0.0,0.0,0.002164749481583524,0.0822625668876467,0.028464481440932977,0.046526868383585884,0.08704801327224973
1758362650.7388132,2025-09-20T19:04:10.738813,20250920_190339,4.258567814137175,-0.15490869814646677,0.0,0.0871673488153845,0.00706313651512764,0.0011759321104639685,0.0,0.0,0.0,0.0,0.0008474153649159909,0.0,0.0,0.0,0.0,0.0,0.0,0.0,0.0,0.0,0.0,0.0,0.0,0.0,0.0019947629866902674,0.08404246852114494,0.029110399600761082,0.044662769581501185,0.08894128332806779
1758362650.7821019,2025-09-20T19:04:10.782102,20250920_190339,4.276539034685184,-0.15313933693946555,0.0,0.08667734540490851,0.007728868512907758,0.0012361140192546714,0.0,0.0,0.0,0.0,0.0008903694903878071,0.0,0.0,0.0,0.0,0.0,0.0,0.0,0.0,0.0,0.0,0.0,0.0,0.0,0.0020974816904641086,0.08791398360276799,0.029839059810721366,0.04579827169734802,0.09283985137480329
1758362650.8014503,2025-09-20T19:04:10.801450,20250920_190339,4.290327442855891,-0.15169956478926097,0.0,0.08799243156020359,0.0076260636267128906,0.0013459416986523812,0.0,0.0,0.0,0.0,0.0008917798446842997,0.0,0.0,0.0,0.0,0.0,0.0,0.0,0.0,0.0,0.0,0.0,0.0,0.0,0.0020018680494725723,0.08732733607933366,0.029862683146098908,0.044742240103425444,0.09229216365107706
1758362650.817395,2025-09-20T19:04:10.817395,20250920_190339,4.323842772750321,-0.14740846098587237,0.0,0.09164063893249791,0.008222002864116649,0.0017777892778671385,0.0,0.0,0.0,0.0,0.0010396434688484369,0.0,0.0,0.0,0.0,0.0,0.0,0.0,0.0,0.0,0.0,0.0,0.0,0.0,0.0023057073022141454,0.09067526048551859,0.03224350273851209,0.04801778110465065,0.09623744766443615
1758362650.844903,2025-09-20T19:04:10.844903,20250920_190339,4.341089381191672,-0.1442713010026649,0.0,0.0953012487162734,0.007463694948862561,0.001946215398900428,0.0,0.0,0.0,0.0,0.0012156996609771096,0.0,0.0,0.0,0.0,0.0,0.0,0.0,0.0,0.0,0.0,0.0,0.0,0.0,0.002394061612475124,0.08639267879202821,0.03486688487629931,0.04892914890405436,0.09316326856567277
1758362650.8804367,2025-09-20T19:04:10.880437,20250920_190339,4.362183568689037,-0.14142561650099167,0.0,0.09731627771567794,0.008280024589899527,0.002204754788808631,0.0,0.0,0.0,0.0,0.0013758835493546406,0.0,0.0,0.0,0.0,0.0,0.0,0.0,0.0,0.0,0.0,0.0,0.0,0.0,0.0026124666743232473,0.09099464044601488,0.037092904299267815,0.051112294747186295,0.09826448055759603
1758362650.8961885,2025-09-20T19:04:10.896188,20250920_190339,4.3788757094267226,-0.13963440804860494,0.0,0.0994784556069704,0.009551911128602599,0.0025309424675243005,0.0,0.0,0.0,0.0,0.0014875742062635355,0.0,0.0,0.0,0.0,0.0,0.0,0.0,0.0,0.0,0.0,0.0,0.0,0.0,0.0027265975432689458,0.09773387912388723,0.03856908355488286,0.052216831991886925,0.10506895514311607
1758362650.913067,2025-09-20T19:04:10.913067,20250920_190339,4.399441897665531,-0.13767814886069082,0.0,0.10043149175504701,0.01016184824101543,0.0027716213191675055,0.0,0.0,0.0,0.0,0.0014945013914370224,0.0,0.0,0.0,0.0,0.0,0.0,0.0,0.0,0.0,0.0,0.0,0.0,0.0,0.0023435423483549266,0.1008059930808453,0.038658781556549636,0.04841014716311991,0.10796457582212997
1758362650.93225,2025-09-20T19:04:10.932250,20250920_190339,4.427633694337729,-0.13299044564101217,0.0,0.10389110790068518,0.009578747699916153,0.0027627296821550133,0.0,0.0,0.0,0.0,0.001596973408077567,0.0,0.0,0.0,0.0,0.0,0.0,0.0,0.0,0.0,0.0,0.0,0.0,0.0,0.0026549848649873816,0.09787107693244289,0.03996214969289774,0.05152654524599317,0.10571528322808259
1758362650.959803,2025-09-20T19:04:10.959803,20250920_190339,4.441213735288131,-0.1336573214276231,0.0,0.10204122436354113,0.009183355851177155,0.0025665009501109246,0.0,0.0,0.0,0.0,0.0015268614797181413,0.0,0.0,0.0,0.0,0.0,0.0,0.0,0.0,0.0,0.0,0.0,0.0,0.0,0.0029429038796614754,0.09582982756520621,0.03907507491634714,0.05424853804169726,0.10349017987662064
1758362650.999207,2025-09-20T19:04:10.999207,20250920_190339,4.453223457591237,-0.13240789105468453,0.0,0.10129814763645642,0.009193975045121008,0.0026786105652678856,0.0,0.0,0.0,0.0,0.0015829515869525772,0.0,0.0,0.0,0.0,0.0,0.0,0.0,0.0,0.0,0.0,0.0,0.0,0.0,0.002726631583554827,0.09588521807411718,0.039786324119634085,0.05221715794214414,0.10381197730548043
1758362651.0182595,2025-09-20T19:04:11.018260,20250920_190339,4.476890710541497,-0.12810174947301078,0.0,0.10277226169431475,0.009817617576116298,0.0029602818512520133,0.0,0.0,0.0,0.0,0.0017599604580425861,0.0,0.0,0.0,0.0,0.0,0.0,0.0,0.0,0.0,0.0,0.0,0.0,0.0,0.002614226055662266,0.09908389160764881,0.041951882651945265,0.05112950279107226,0.10759915443050137
1758362651.0400727,2025-09-20T19:04:11.040073,20250920_190339,4.495234197683405,-0.12478562248243522,0.0,0.1034888355045409,0.009657243457282005,0.0028842246285357693,0.0,0.0,0.0,0.0,0.0017379890743983806,0.0,0.0,0.0,0.0,0.0,0.0,0.0,0.0,0.0,0.0,0.0,0.0,0.0,0.002384898530879785,0.09827127483289308,0.041689196135190475,0.04883542291083169,0.10674845446975045
1758362651.0804582,2025-09-20T19:04:11.080458,20250920_190339,4.5203466080183645,-0.12397969540284315,0.0,0.09940363370215832,0.00968335107833788,0.002627830909661764,0.0,0.0,0.0,0.0,0.0016661519043937056,0.0,0.0,0.0,0.0,0.0,0.0,0.0,0.0,0.0,0.0,0.0,0.0,0.0,0.002480853651114043,0.09840401962490089,0.04081852403497346,0.049808168517965434,0.10653404612015628
1758362651.0989375,2025-09-20T19:04:11.098938,20250920_190339,4.533475023109356,-0.12205442350497923,0.0,0.09967636469089931,0.009928683878259861,0.002670393189817203,0.0,0.0,0.0,0.0,0.0016745369313962448,0.0,0.0,0.0,0.0,0.0,0.0,0.0,0.0,0.0,0.0,0.0,0.0,0.0,0.002630929361554939,0.09964278136553527,0.04092110618490469,0.05129258583416261,0.10771824733839716
1758362651.1232412,2025-09-20T19:04:11.123241,20250920_190339,4.55544001353311,-0.12016341827773987,0.0,0.10620646678906022,0.009812811378988373,0.002588754881109397,0.0,0.0,0.0,0.0,0.0014800825893865977,0.0,0.0,0.0,0.0,0.0,0.0,0.0,0.0,0.0,0.0,0.0,0.0,0.0,0.002622417366202129,0.09905963546767357,0.03847184151280775,0.05120954370234253,0.10626802890980415
1758362651.1486473,2025-09-20T19:04:11.148647,20250920_190339,4.568467534396655,-0.11934802633626024,0.0,0.10576887098116122,0.009530885954523742,0.002593170310970499,0.0,0.0,0.0,0.0,0.0014562770711650254,0.0,0.0,0.0,0.0,0.0,0.0,0.0,0.0,0.0,0.0,0.0,0.0,0.0,0.0025670596968631397,0.09762625648115236,0.038161198502733445,0.050666159286679106,0.10481966907832121
1758362651.19085,2025-09-20T19:04:11.190850,20250920_190339,4.59293415469362,-0.11732148649540818,0.0,0.10353577145825084,0.009115245078142143,0.002487670821682105,0.0,0.0,0.0,0.0,0.0014553677289024596,0.0,0.0,0.0,0.0,0.0,0.0,0.0,0.0,0.0,0.0,0.0,0.0,0.0,0.002431307126786943,0.09547379262468912,0.03814928215448437,0.04930828659350214,0.10281348553105571
1758362651.2030163,2025-09-20T19:04:11.203016,20250920_190339,4.611302099390161,-0.1141040427103,0.0,0.10772977718419319,0.010171215164136833,0.002945657821510002,0.0,0.0,0.0,0.0,0.0015553914879730217,0.0,0.0,0.0,0.0,0.0,0.0,0.0,0.0,0.0,0.0,0.0,0.0,0.0,0.002383892756817107,0.10085244252935491,0.03943845189625249,0.048825124237600326,0.10828945771454326
1758362651.2234938,2025-09-20T19:04:11.223494,20250920_190339,4.623297230524963,-0.1159428055351211,0.0,0.10496547342628004,0.009370353224954362,0.002553030756771946,0.0,0.0,0.0,0.0,0.0013538588779000718,0.0,0.0,0.0,0.0,0.0,0.0,0.0,0.0,0.0,0.0,0.0,0.0,0.0,0.0025870750011616314,0.09680058483787359,0.036794821346217615,0.050863297191212756,0.10355777181290854
1758362651.2428644,2025-09-20T19:04:11.242864,20250920_190339,4.633284302143978,-0.11537521969751928,0.0,0.10447401234295361,0.008791299938522446,0.0024942080819423266,0.0,0.0,0.0,0.0,0.001400631007425798,0.0,0.0,0.0,0.0,0.0,0.0,0.0,0.0,0.0,0.0,0.0,0.0,0.0,0.0022555172296452623,0.09376193224610106,0.03742500510922875,0.047492286001468306,0.10095509370976903
1758362651.2798536,2025-09-20T19:04:11.279854,20250920_190339,4.6576325616176675,-0.11370937709741791,0.0,0.10713200210335731,0.008337578179438254,0.0022066380023326813,0.0,0.0,0.0,0.0,0.001293410771138461,0.0,0.0,0.0,0.0,0.0,0.0,0.0,0.0,0.0,0.0,0.0,0.0,0.0,0.0021856197595378746,0.091310339937152,0.03596402050853688,0.04675061239746357,0.09813760212363411
1758362651.2972555,2025-09-20T19:04:11.297256,20250920_190339,4.678962334783826,-0.10931518574734911,0.0,0.11157953334021363,0.008317735231926261,0.002193468262693735,0.0,0.0,0.0,0.0,0.0012625977533068055,0.0,0.0,0.0,0.0,0.0,0.0,0.0,0.0,0.0,0.0,0.0,0.0,0.0,0.002075085819818425,0.09120161858172399,0.0355330515619867,0.0455531098808679,0.0978791754421392
1758362651.319234,2025-09-20T19:04:11.319234,20250920_190339,4.708631080648285,-0.10464481353413543,0.0,0.11532436500382594,0.008092257762837356,0.0020576383525804437,0.0,0.0,0.0,0.0,0.0012379503803941982,0.0,0.0,0.0,0.0,0.0,0.0,0.0,0.0,0.0,0.0,0.0,0.0,0.0,0.0022229280291779663,0.08995697728824238,0.03518451904452011,0.04714793769803687,0.0965930025583197
1758362651.3436368,2025-09-20T19:04:11.343637,20250920_190339,4.7264864088455605,-0.10139260182185025,0.0,0.11939659368745842,0.007851609564955188,0.0020108470885277013,0.0,0.0,0.0,0.0,0.0011534012628532883,0.0,0.0,0.0,0.0,0.0,0.0,0.0,0.0,0.0,0.0,0.0,0.0,0.0,0.002264678057589257,0.08860930856831684,0.033961761774873936,0.0475886337016441,0.09489473551155762
1758362651.3760571,2025-09-20T19:04:11.376057,20250920_190339,4.742415100780792,-0.10111950588582347,0.0,0.12331430288105291,0.007385983115524407,0.0015966459073546316,0.0,0.0,0.0,0.0,0.0009757538016046328,0.0,0.0,0.0,0.0,0.0,0.0,0.0,0.0,0.0,0.0,0.0,0.0,0.0,0.0022156987060122247,0.08594174256741835,0.031237058145808686,0.047071208886241965,0.09144253341377327
1758362651.4016483,2025-09-20T19:04:11.401648,20250920_190339,4.762424859384494,-0.09813550439224905,0.0,0.12330285887716763,0.007796996182642711,0.0018468967724819534,0.0,0.0,0.0,0.0,0.0010496747201834693,0.0,0.0,0.0,0.0,0.0,0.0,0.0,0.0,0.0,0.0,0.0,0.0,0.0,0.002253434461496081,0.08830060125867044,0.03239868392671945,0.04747035350085441,0.09405674299499309
1758362651.4325123,2025-09-20T19:04:11.432512,20250920_190339,4.789837619287734,-0.09386530568107593,0.0,0.13396275430893886,0.007080245326433026,0.0016424482806810861,0.0,0.0,0.0,0.0,0.000914830735507934,0.0,0.0,0.0,0.0,0.0,0.0,0.0,0.0,0.0,0.0,0.0,0.0,0.0,0.002389458519390581,0.0841441936584636,0.030246168939353855,0.0488820879197133,0.08941518921268891
1758362651.451597,2025-09-20T19:04:11.451597,20250920_190339,4.8027498913252265,-0.091407134510656,0.0,0.133660057481852,0.007353647093770031,0.0017542512778737868,0.0,0.0,0.0,0.0,0.000999285994008513,0.0,0.0,0.0,0.0,0.0,0.0,0.0,0.0,0.0,0.0,0.0,0.0,0.0,0.0022893932453627737,0.08575340864228098,0.031611485159804074,0.047847604384783714,0.0913943821456141
1758362651.4753976,2025-09-20T19:04:11.475398,20250920_190339,4.826842787536651,-0.08854459708154908,0.0,0.14067023278303822,0.006719711213778416,0.0016659899747878378,0.0,0.0,0.0,0.0,0.0009675521478907116,0.0,0.0,0.0,0.0,0.0,0.0,0.0,0.0,0.0,0.0,0.0,0.0,0.0,0.002330137108706147,0.0819738446931606,0.031105500283562577,0.04827149374844481,0.08767704010554375
1758362651.497205,2025-09-20T19:04:11.497205,20250920_190339,4.83886927259432,-0.08713609245697347,0.0,0.14146715197123305,0.007360876391037846,0.0017656620416301502,0.0,0.0,0.0,0.0,0.0009348925468463438,0.0,0.0,0.0,0.0,0.0,0.0,0.0,0.0,0.0,0.0,0.0,0.0,0.0,0.001986965235594347,0.08579554994892127,0.030576012605412494,0.04457538822707377,0.09108111186126457
1758362651.5244246,2025-09-20T19:04:11.524425,20250920_190339,4.859689698348898,-0.08322522475044174,0.0,0.1400379670129567,0.008224271129513655,0.001861196843134177,0.0,0.0,0.0,0.0,0.0009269422880869755,0.0,0.0,0.0,0.0,0.0,0.0,0.0,0.0,0.0,0.0,0.0,0.0,0.0,0.0020481173413629825,0.09068776725398886,0.03044572692656517,0.04525613042851744,0.09566197477368231
1758362651.5409982,2025-09-20T19:04:11.540998,20250920_190339,4.872759488615581,-0.08174586251881505,0.0,0.14280743801472617,0.0072172452043575835,0.00142653675853483,0.0,0.0,0.0,0.0,0.0006959444552455808,0.0,0.0,0.0,0.0,0.0,0.0,0.0,0.0,0.0,0.0,0.0,0.0,0.0,0.0020346255048551117,0.084954371308118,0.026380759186300548,0.04510682326272946,0.08895611086149824
1758362651.5757008,2025-09-20T19:04:11.575701,20250920_190339,4.897705029300632,-0.07780131293974171,0.0,0.14178802353268327,0.007236343403401694,0.0015532021399166922,0.0,0.0,0.0,0.0,0.0007587712070053878,0.0,0.0,0.0,0.0,0.0,0.0,0.0,0.0,0.0,0.0,0.0,0.0,0.0,0.002193453156053453,0.08506669973263153,0.027545801985155337,0.04683431600924105,0.08941540477125338
1758362651.5910587,2025-09-20T19:04:11.591059,20250920_190339,4.909609027119184,-0.07574272692815452,0.0,0.14561840650265526,0.007070279124311312,0.0014656304037764154,0.0,0.0,0.0,0.0,0.0006793748209244279,0.0,0.0,0.0,0.0,0.0,0.0,0.0,0.0,0.0,0.0,0.0,0.0,0.0,0.0021574403469579524,0.08408495183034424,0.026064819602760112,0.04644825450927034,0.08803211882736743
1758362651.6174998,2025-09-20T19:04:11.617500,20250920_190339,4.926328066392833,-0.07295951506456617,0.0,0.14526173721782804,0.007520084898243751,0.0015979859542135408,0.0,0.0,0.0,0.0,0.0007186653779895207,0.0,0.0,0.0,0.0,0.0,0.0,0.0,0.0,0.0,0.0,0.0,0.0,0.0,0.002439299423541249,0.08671842306132965,0.026807934981820603,0.04938926425389681,0.09076756180615006
1758362651.6355672,2025-09-20T19:04:11.635567,20250920_190339,4.941545253131352,-0.07083125234640003,0.0,0.14539710752436852,0.0073517671762939555,0.001501135056314586,0.0,0.0,0.0,0.0,0.0006593442154883083,0.0,0.0,0.0,0.0,0.0,0.0,0.0,0.0,0.0,0.0,0.0,0.0,0.0,0.0023269669498574364,0.08574244675943156,0.02567769879658822,0.048238645812848396,0.089504812115228
1758362651.683786,2025-09-20T19:04:11.683786,20250920_190339,4.973085685397703,-0.06540588813781771,0.0,0.1470220256118002,0.0075728589397284374,0.0016769029407808788,0.0,0.0,0.0,0.0,0.0007688643709548061,0.0,0.0,0.0,0.0,0.0,0.0,0.0,0.0,0.0,0.0,0.0,0.0,0.0,0.0024516115551330977,0.08702217498849611,0.02772840368565789,0.04951375117210468,0.09133303515532178
1758362651.6983473,2025-09-20T19:04:11.698347,20250920_190339,4.9954517831959295,-0.062358455135692915,0.0,0.14803864311062578,0.007084425636445654,0.001482938771274487,0.0,0.0,0.0,0.0,0.0006970440817969302,0.0,0.0,0.0,0.0,0.0,0.0,0.0,0.0,0.0,0.0,0.0,0.0,0.0,0.002230353885997006,0.08416903015032105,0.02640159241024924,0.04722662264016988,0.0882126392204801
1758362651.7226958,2025-09-20T19:04:11.722696,20250920_190339,5.020918563937693,-0.0592856643059043,0.0,0.1459905030877467,0.006989229616596432,0.0014192003578584094,0.0,0.0,0.0,0.0,0.0006826201873584711,0.0,0.0,0.0,0.0,0.0,0.0,0.0,0.0,0.0,0.0,0.0,0.0,0.0,0.0022979254786681465,0.0836016125239007,0.026127001116823013,0.04793668197391374,0.08758909637594683
1758362651.7365746,2025-09-20T19:04:11.736575,20250920_190339,5.033726113443514,-0.0575076197358077,0.0,0.1437929957235476,0.007021233797720115,0.0015518834568673551,0.0,0.0,0.0,0.0,0.000737640177581649,0.0,0.0,0.0,0.0,0.0,0.0,0.0,0.0,0.0,0.0,0.0,0.0,0.0,0.002387345864841146,0.08379280277995309,0.02715953198384775,0.048860473440616045,0.08808447068185041
1758362651.7659955,2025-09-20T19:04:11.765996,20250920_190339,5.052491007345712,-0.05501170871244851,0.0,0.14626626973095125,0.007907413954675787,0.0017104005993970244,0.0,0.0,0.0,0.0,0.0007866951372840584,0.0,0.0,0.0,0.0,0.0,0.0,0.0,0.0,0.0,0.0,0.0,0.0,0.0,0.0023844737493060974,0.08892364114607423,0.028048086160807093,0.04883107360386517,0.09324220660173077
1758362651.8011026,2025-09-20T19:04:11.801103,20250920_190339,5.073279003086795,-0.05201101682285602,0.0,0.1625892889965912,0.0072048654318403755,0.0015985306326873243,0.0,0.0,0.0,0.0,0.0008350113349244389,0.0,0.0,0.0,0.0,0.0,0.0,0.0,0.0,0.0,0.0,0.0,0.0,0.0,0.00266287654336207,0.08488147873264447,0.028896562683551806,0.0516030671894808,0.08966535990428419
1758362651.8237655,2025-09-20T19:04:11.823766,20250920_190339,5.093701187811347,-0.04969963179207463,0.0,0.18572339368464677,0.006689585836706479,0.0014605047422723725,0.0,0.0,0.0,0.0,0.0008767859108842654,0.0,0.0,0.0,0.0,0.0,0.0,0.0,0.0,0.0,0.0,0.0,0.0,0.0,0.0028438931484940084,0.08178988835245149,0.02961057093141342,0.053328164683345405,0.08698489378961581
1758362651.8411224,2025-09-20T19:04:11.841122,20250920_190339,5.11220455368001,-0.046752894000786714,0.0,0.19852811544697485,0.0076330798753174245,0.0017462948751194314,0.0,0.0,0.0,0.0,0.0010157779975646056,0.0,0.0,0.0,0.0,0.0,0.0,0.0,0.0,0.0,0.0,0.0,0.0,0.0,0.003142657211361001,0.08736749896453157,0.031871272292844,0.05605940787558321,0.09299923587257064
1758362651.8838098,2025-09-20T19:04:11.883810,20250920_190339,5.135665643463281,-0.043439775210751555,0.0,0.2169423595695131,0.00855741313508314,0.001921056673764518,0.0,0.0,0.0,0.0,0.0011034004666925538,0.0,0.0,0.0,0.0,0.0,0.0,0.0,0.0,0.0,0.0,0.0,0.0,0.0,0.003448743671491988,0.09250628700300938,0.03321747231040546,0.058726005070087885,0.09828943789530843
1758362651.8977792,2025-09-20T19:04:11.897779,20250920_190339,5.148115725363894,-0.04295676833396432,0.0,0.224643269260719,0.007681832007296551,0.0018956455854717846,0.0,0.0,0.0,0.0,0.0011424167642052371,0.0,0.0,0.0,0.0,0.0,0.0,0.0,0.0,0.0,0.0,0.0,0.0,0.0,0.0034418261249159806,0.0876460609913335,0.03379965627347765,0.05866707871469297,0.09393747266933355
1758362651.9186113,2025-09-20T19:04:11.918611,20250920_190339,5.1759165264706635,-0.03853573665087676,0.0,0.24289071607941437,0.008332639671086786,0.002177371296892471,0.0,0.0,0.0,0.0,0.0012332583149857405,0.0,0.0,0.0,0.0,0.0,0.0,0.0,0.0,0.0,0.0,0.0,0.0,0.0,0.0034142066975342907,0.0912832934938633,0.03511777776263385,0.058431213384066316,0.09780540877718638
1758362651.9313157,2025-09-20T19:04:11.931316,20250920_190339,5.200229009735191,-0.03500428485993477,0.0,0.25681736119953086,0.007155197052276713,0.001961523395266042,0.0,0.0,0.0,0.0,0.0012023327562480474,0.0,0.0,0.0,0.0,0.0,0.0,0.0,0.0,0.0,0.0,0.0,0.0,0.0,0.0031956383246836808,0.08458839785855217,0.03467467023993231,0.05652997722168018,0.09141952640724388
1758362651.9729311,2025-09-20T19:04:11.972931,20250920_190339,5.226780791469216,-0.027896096830179736,0.0,0.2794238446484295,0.006557990720362334,0.0019828715713199074,0.0,0.0,0.0,0.0,0.0013639783829467143,0.0,0.0,0.0,0.0,0.0,0.0,0.0,0.0,0.0,0.0,0.0,0.0,0.0,0.00358230633793296,0.08098142206927669,0.03693207796681246,0.05985237119724631,0.08900544423409755
1758362652.0032392,2025-09-20T19:04:12.003239,20250920_190339,5.24397301793001,-0.02547488415283026,0.0,0.28958155634494825,0.006035298657289207,0.001733337655128679,0.0,0.0,0.0,0.0,0.001376192466074793,0.0,0.0,0.0,0.0,0.0,0.0,0.0,0.0,0.0,0.0,0.0,0.0,0.0,0.003429699351807491,0.07768718463999842,0.037097068160095795,0.058563635063130184,0.08609001755931986
1758362652.0170305,2025-09-20T19:04:12.017030,20250920_190339,5.263468606083103,-0.02024062669706245,0.0,0.3058476726734263,0.007047620606024985,0.002010970977719443,0.0,0.0,0.0,0.0,0.0014084011709983846,0.0,0.0,0.0,0.0,0.0,0.0,0.0,0.0,0.0,0.0,0.0,0.0,0.0,0.003806283791613347,0.08395010783807835,0.037528671319384393,0.06169508725671232,0.09195662986986511
1758362652.0384636,2025-09-20T19:04:12.038464,20250920_190339,5.277974422695323,-0.020180692607191845,0.0,0.3104869918587684,0.006313782493217995,0.0017461658716961814,0.0,0.0,0.0,0.0,0.0014225649259308206,0.0,0.0,0.0,0.0,0.0,0.0,0.0,0.0,0.0,0.0,0.0,0.0,0.0,0.003803535713349616,0.07945931344542309,0.03771690504178227,0.061672811784039945,0.08795650867985164
1758362652.0839097,2025-09-20T19:04:12.083910,20250920_190339,5.299497836308149,-0.014847653283507907,0.0,0.3337918949668284,0.005729762244659775,0.0013971887165011353,0.0,0.0,0.0,0.0,0.0013263800457224619,0.0,0.0,0.0,0.0,0.0,0.0,0.0,0.0,0.0,0.0,0.0,0.0,0.0,0.0036043554089466782,0.07569519300893403,0.036419500898865455,0.060036284103420975,0.08400084696229103
1758362652.09296,2025-09-20T19:04:12.092960,20250920_190339,5.312189487581706,-0.013598610345707805,0.0,0.34155277950553514,0.005544545366945852,0.001311921049371854,0.0,0.0,0.0,0.0,0.0011898984195299277,0.0,0.0,0.0,0.0,0.0,0.0,0.0,0.0,0.0,0.0,0.0,0.0,0.0,0.0030827976600744746,0.07446170402929181,0.034494904254540666,0.055522947148674257,0.08206365691629748
1758362652.139762,2025-09-20T19:04:12.139762,20250920_190339,5.3297392806624995,-0.009849443436308523,0.0,0.35738466229211663,0.00589833753969725,0.0013809190831405287,0.0,0.0,0.0,0.0,0.0012315881748024085,0.0,0.0,0.0,0.0,0.0,0.0,0.0,0.0,0.0,0.0,0.0,0.0,0.0,0.0030554941259596648,0.0768006350214453,0.0350939905796193,0.05527652418486228,0.08443888745417989
1758362652.1451068,2025-09-20T19:04:12.145107,20250920_190339,5.34679457412889,-0.003357107735225157,0.0,0.37286685462186175,0.006481936541804528,0.0015217184979485318,0.0,0.0,0.0,0.0,0.001322664380618208,0.0,0.0,0.0,0.0,0.0,0.0,0.0,0.0,0.0,0.0,0.0,0.0,0.0,0.0029244966784798977,0.08051047473344403,0.03636845309630598,0.0540786157226671,0.08834365241726616
1758362652.1736677,2025-09-20T19:04:12.173668,20250920_190339,5.369840956791373,0.004933405263177038,0.0,0.3978236271594539,0.00698878825635753,0.0016681464695631628,0.0,0.0,0.0,0.0,0.0014209506475084742,0.0,0.0,0.0,0.0,0.0,0.0,0.0,0.0,0.0,0.0,0.0,0.0,0.0,0.003262220132439587,0.08359897281879443,0.0376954990351431,0.057115848347368416,0.09170462858474486
1758362652.1952085,2025-09-20T19:04:12.195209,20250920_190339,5.384448418334671,0.010908707958165764,0.0,0.4140601960241883,0.007065142363406244,0.0015262529687794489,0.0,0.0,0.0,0.0,0.001217576146430697,0.0,0.0,0.0,0.0,0.0,0.0,0.0,0.0,0.0,0.0,0.0,0.0,0.0,0.0030664752857938924,0.0840544012137749,0.03489378377921628,0.05537576442627128,0.09100944187191207
1758362652.2173686,2025-09-20T19:04:12.217369,20250920_190339,5.408086765161298,0.020728206146565377,0.0,0.43410080253271904,0.006692676144905642,0.0014488007994979306,0.0,0.0,0.0,0.0,0.0011394007742640475,0.0,0.0,0.0,0.0,0.0,0.0,0.0,0.0,0.0,0.0,0.0,0.0,0.0,0.002895363434304326,0.08180877792086642,0.033755011098562056,0.053808581418806484,0.08849902213679928
1758362652.2429662,2025-09-20T19:04:12.242966,20250920_190339,5.429427565145823,0.027039213607203207,0.0,0.44409060723933286,0.006672427248780656,0.001497609452219057,0.0,0.0,0.0,0.0,0.0011675696368451162,0.0,0.0,0.0,0.0,0.0,0.0,0.0,0.0,0.0,0.0,0.0,0.0,0.0,0.00260309715012672,0.08168492669263196,0.03416971812650956,0.05102055615265988,0.08854375689807709
1758362652.2825267,2025-09-20T19:04:12.282527,20250920_190339,5.452115432823552,0.036334475417780066,0.0,0.46436753263401376,0.006956584765010362,0.0015992661715973772,0.0,0.0,0.0,0.0,0.001248026235344936,0.0,0.0,0.0,0.0,0.0,0.0,0.0,0.0,0.0,0.0,0.0,0.0,0.0,0.0027167713795869905,0.0834061434488513,0.035327414784341864,0.052122657065684884,0.0905793077935314
1758362652.2932796,2025-09-20T19:04:12.293280,20250920_190339,5.464664596596129,0.042808579272335785,0.0,0.474401365866286,0.006234825297736447,0.0014600777662906181,0.0,0.0,0.0,0.0,0.0011912518818570131,0.0,0.0,0.0,0.0,0.0,0.0,0.0,0.0,0.0,0.0,0.0,0.0,0.0,0.002629821613204277,0.07896090993483071,0.034514516972674165,0.0512817863690831,0.08617468990134783
1758362652.319242,2025-09-20T19:04:12.319242,20250920_190339,5.48181318439855,0.05025928970172192,0.0,0.49658892468403704,0.006228839057594996,0.0015205960360011417,0.0,0.0,0.0,0.0,0.0011984182125241924,0.0,0.0,0.0,0.0,0.0,0.0,0.0,0.0,0.0,0.0,0.0,0.0,0.0,0.0026802161913537376,0.07892299447939742,0.034618177487039846,0.05177080443023594,0.08618153671244896
1758362652.3574913,2025-09-20T19:04:12.357491,20250920_190339,5.5035388445977675,0.06146597901863455,0.0,0.5186758696470433,0.00604085023971879,0.0014921551186136844,0.0,0.0,0.0,0.0,0.001183895489681738,0.0,0.0,0.0,0.0,0.0,0.0,0.0,0.0,0.0,0.0,0.0,0.0,0.0,0.0024612917105958443,0.0777229067889177,0.0344077823999417,0.049611407061237886,0.08499850427743143
1758362652.3777356,2025-09-20T19:04:12.377736,20250920_190339,5.521028377925465,0.07107399304528221,0.0,0.5311111173544331,0.005467933701858318,0.0012978627601596565,0.0,0.0,0.0,0.0,0.0011174761878187977,0.0,0.0,0.0,0.0,0.0,0.0,0.0,0.0,0.0,0.0,0.0,0.0,0.0,0.0022199400173384606,0.07394547789999277,0.03342867313877112,0.047116239422713486,0.08115053844354402
1758362652.3994286,2025-09-20T19:04:12.399429,20250920_190339,5.539344869553392,0.08260961185494753,0.0,0.554706220809351,0.0048376931156229805,0.0011756197808953873,0.0,0.0,0.0,0.0,0.0010612125241376603,0.0,0.0,0.0,0.0,0.0,0.0,0.0,0.0,0.0,0.0,0.0,0.0,0.0,0.0023211350447645386,0.06955352698190782,0.03257625706151123,0.04817815941652959,0.0768043334699328
1758362652.4169154,2025-09-20T19:04:12.416915,20250920_190339,5.553425811468387,0.09171019510592299,0.0,0.571927434383724,0.004712162165292466,0.0013631469002856086,0.0,0.0,0.0,0.0,0.0012593206946388312,0.0,0.0,0.0,0.0,0.0,0.0,0.0,0.0,0.0,0.0,0.0,0.0,0.0,0.001964302039742125,0.06864519040174968,0.03548690877829219,0.04432044719700068,0.07727537033189358
1758362652.4577417,2025-09-20T19:04:12.457742,20250920_190339,5.567111749434607,0.10006141518745273,0.0,0.5900333788487513,0.004564460466882128,0.0014594104134069965,0.0,0.0,0.0,0.0,0.0014176250895834978,0.0,0.0,0.0,0.0,0.0,0.0,0.0,0.0,0.0,0.0,0.0,0.0,0.0,0.0023129464592182404,0.06756079089887956,0.03765136238681806,0.048093101992055375,0.07734394324357677
1758362652.4714959,2025-09-20T19:04:12.471496,20250920_190339,5.5848070346436,0.11313606111014045,0.0,0.6167839190191725,0.004374525198690402,0.0015187543757558986,0.0,0.0,0.0,0.0,0.0016205873178930664,0.0,0.0,0.0,0.0,0.0,0.0,0.0,0.0,0.0,0.0,0.0,0.0,0.0,0.00210264120316964,0.06614019351869482,0.04025651894902323,0.045854565783241694,0.07742811192702213
1758362652.4953241,2025-09-20T19:04:12.495324,20250920_190339,5.595167456187762,0.12058599784194005,0.0,0.6323510163681169,0.004708055898411625,0.0019303429962047266,0.0,0.0,0.0,0.0,0.0018741838004537957,0.0,0.0,0.0,0.0,0.0,0.0,0.0,0.0,0.0,0.0,0.0,0.0,0.0,0.0021778644630988516,0.0686152745269712,0.04329184450279054,0.04666759542872175,0.08113100331479588
1758362652.5155537,2025-09-20T19:04:12.515554,20250920_190339,5.61094750871767,0.13288154468992444,0.0,0.6544087832448443,0.004735154745465889,0.0019789962594074337,0.0,0.0,0.0,0.0,0.0019759085943675285,0.0,0.0,0.0,0.0,0.0,0.0,0.0,0.0,0.0,0.0,0.0,0.0,0.0,0.002244302695061721,0.06881246068457288,0.044451193396437945,0.04737407197045364,0.08192107994791949
1758362652.560312,2025-09-20T19:04:12.560312,20250920_190339,5.635182087925348,0.1465583288670657,0.0,0.6780351008901346,0.005046285664306807,0.0022696698509240333,0.0,0.0,0.0,0.0,0.002253322890830993,0.0,0.0,0.0,0.0,0.0,0.0,0.0,0.0,0.0,0.0,0.0,0.0,0.0,0.0020527573374839003,0.07103721323578795,0.04746917832479295,0.0453073651571563,0.0854377466646786
1758362652.575721,2025-09-20T19:04:12.575721,20250920_190339,5.648898792885956,0.15664141489112332,0.0,0.6947136965431143,0.004558971684708968,0.002110490755764009,0.0,0.0,0.0,0.0,0.0022268706070507262,0.0,0.0,0.0,0.0,0.0,0.0,0.0,0.0,0.0,0.0,0.0,0.0,0.0,0.0020446591064451278,0.06752015761762532,0.04718972988957159,0.04521790692242541,0.08237622406835418
1758362652.5937846,2025-09-20T19:04:12.593785,20250920_190339,5.671325087744545,0.17438605637154056,0.0,0.7188085171745675,0.004649224716279594,0.0023635379864068574,0.0,0.0,0.0,0.0,0.0022861342278796904,0.0,0.0,0.0,0.0,0.0,0.0,0.0,0.0,0.0,0.0,0.0,0.0,0.0,0.0021549012625201496,0.06818522359191612,0.047813536031961604,0.046420914063815565,0.08327880248994508
1758362652.616562,2025-09-20T19:04:12.616562,20250920_190339,5.680596813993274,0.18205849279551758,0.0,0.7358017841416821,0.004896416479980596,0.002592901990764377,0.0,0.0,0.0,0.0,0.0024610065657628016,0.0,0.0,0.0,0.0,0.0,0.0,0.0,0.0,0.0,0.0,0.0,0.0,0.0,0.0021195815271177632,0.06997439874683166,0.04960853319503412,0.04603891318349906,0.08577542215427096
1758362652.6338778,2025-09-20T19:04:12.633878,20250920_190339,5.690807711315506,0.19328667832663446,0.0,0.7513922365689821,0.004931323292866438,0.0027904882682483964,0.0,0.0,0.0,0.0,0.0028163560324550446,0.0,0.0,0.0,0.0,0.0,0.0,0.0,0.0,0.0,0.0,0.0,0.0,0.0,0.0022310898845420255,0.07022338138302966,0.05306935115916761,0.04723441419708754,0.08802090277497432
1758362652.6731546,2025-09-20T19:04:12.673155,20250920_190339,5.714100244583656,0.2154355225321299,0.0,0.755144384643987,0.005098152602517076,0.0031574760386839634,0.0,0.0,0.0,0.0,0.0031734855121351917,0.0,0.0,0.0,0.0,0.0,0.0,0.0,0.0,0.0,0.0,0.0,0.0,0.0,0.002350635864545879,0.0714013487443835,0.05633369783828496,0.048483356572600035,0.09094854652303283
1758362652.6943233,2025-09-20T19:04:12.694323,20250920_190339,5.72710987142125,0.22922261223907736,0.0,0.7570311367014696,0.004718122992203691,0.0028579026602979056,0.0,0.0,0.0,0.0,0.002897726958359001,0.0,0.0,0.0,0.0,0.0,0.0,0.0,0.0,0.0,0.0,0.0,0.0,0.0,0.002144934091427287,0.06868859433853404,0.05383053927241488,0.04631343316390275,0.08726883722476593
1758362652.7314622,2025-09-20T19:04:12.731462,20250920_190339,5.73411066345949,0.23854982702203464,0.0,0.7668133911798948,0.004573845997688628,0.0028270900484521433,0.0,0.0,0.0,0.0,0.002713458318819417,0.0,0.0,0.0,0.0,0.0,0.0,0.0,0.0,0.0,0.0,0.0,0.0,0.0,0.0020106133272278686,0.06763021512377902,0.05209086598262134,0.04483986314907605,0.08536570925440756
1758362652.7588615,2025-09-20T19:04:12.758862,20250920_190339,5.749029730443082,0.2555448634367518,0.0,0.7672164912529874,0.0046810096381373545,0.0029637994144027973,0.0,0.0,0.0,0.0,0.002855275322975025,0.0,0.0,0.0,0.0,0.0,0.0,0.0,0.0,0.0,0.0,0.0,0.0,0.0,0.002131158215559003,0.06841790436820873,0.053434776344390415,0.04616446918961598,0.086811778930698
1758362652.7841237,2025-09-20T19:04:12.784124,20250920_190339,5.756813400341452,0.26206993553388613,0.0,0.7683139500299319,0.00484078747339493,0.0032862232596662243,0.0,0.0,0.0,0.0,0.0031121679628670785,0.0,0.0,0.0,0.0,0.0,0.0,0.0,0.0,0.0,0.0,0.0,0.0,0.0,0.0021628117832467124,0.06957576786062034,0.055786808143745585,0.04650604028775953,0.0891793442242205
1758362652.7980251,2025-09-20T19:04:12.798025,20250920_190339,5.76204859310877,0.2687205662250969,0.0,0.7738872108194058,0.005284547340040844,0.0036109824970733872,0.0,0.0,0.0,0.0,0.00327493930028929,0.0,0.0,0.0,0.0,0.0,0.0,0.0,0.0,0.0,0.0,0.0,0.0,0.0,0.002184900587424056,0.07269489211795313,0.05722708537300576,0.04674292018502969,0.09251749369892234
1758362652.8225374,2025-09-20T19:04:12.822537,20250920_190339,5.7780817774358555,0.28705701773073683,0.0,0.7792583337782929,0.005073311634653543,0.003532316216854399,0.0,0.0,0.0,0.0,0.0032916665515104774,0.0,0.0,0.0,0.0,0.0,0.0,0.0,0.0,0.0,0.0,0.0,0.0,0.0,0.002180352984705451,0.07122718325648954,0.057373047256621096,0.04669425001759265,0.09146025468018346
1758362652.8355052,2025-09-20T19:04:12.835505,20250920_190339,5.7880760777855444,0.29861754765502063,0.0,0.7826333705576702,0.00566757894319561,0.00398900287249871,0.0,0.0,0.0,0.0,0.003562844558818581,0.0,0.0,0.0,0.0,0.0,0.0,0.0,0.0,0.0,0.0,0.0,0.0,0.0,0.002177067390240302,0.07528332446960356,0.05968956825793416,0.046659054750823034,0.09607509303671889
1758362652.8760037,2025-09-20T19:04:12.876004,20250920_190339,5.804653911470523,0.31211169978718256,0.0,0.7877596926959661,0.0051070598065904235,0.003584248362239621,0.0,0.0,0.0,0.0,0.00324025361439535,0.0,0.0,0.0,0.0,0.0,0.0,0.0,0.0,0.0,0.0,0.0,0.0,0.0,0.002424625949115752,0.07146369572440557,0.05692322561481693,0.04924049095120551,0.09136363292353131
1758362652.9050207,2025-09-20T19:04:12.905021,20250920_190339,5.817159863008952,0.3275888864040344,0.0,0.7940831446624205,0.004913222519317978,0.0036874383749516478,0.0,0.0,0.0,0.0,0.0034707625769717426,0.0,0.0,0.0,0.0,0.0,0.0,0.0,0.0,0.0,0.0,0.0,0.0,0.0,0.0024154710215409858,0.07009438293699416,0.058913178296300925,0.04914744165814723,0.09156410375408978
1758362652.9234262,2025-09-20T19:04:12.923426,20250920_190339,5.822394221386641,0.33351047062436395,0.0,0.7977993685106951,0.00425901039713212,0.0031898922746764076,0.0,0.0,0.0,0.0,0.003117294633586103,0.0,0.0,0.0,0.0,0.0,0.0,0.0,0.0,0.0,0.0,0.0,0.0,0.0,0.0021797760305177502,0.0652610940540543,0.055832738009040025,0.04668807160847137,0.08588541803308768
1758362652.9575095,2025-09-20T19:04:12.957510,20250920_190339,5.834149029011559,0.3476015050192487,0.0,0.7987793383602427,0.004195558767487432,0.003128289424662554,0.0,0.0,0.0,0.0,0.0031430318854600275,0.0,0.0,0.0,0.0,0.0,0.0,0.0,0.0,0.0,0.0,0.0,0.0,0.0,0.0023979242344163523,0.06477313306832883,0.05606274953532004,0.048968604579019324,0.0856655744914342
1758362652.9778,2025-09-20T19:04:12.977800,20250920_190339,5.845794107563487,0.3564718081727432,0.0,0.8036067353380644,0.004603584818115822,0.0034206379535328918,0.0,0.0,0.0,0.0,0.003352277373425352,0.0,0.0,0.0,0.0,0.0,0.0,0.0,0.0,0.0,0.0,0.0,0.0,0.0,0.00227241182282148,0.06784972231421306,0.05789885468146457,0.04766982088094605,0.0891956399805572
1758362652.9991548,2025-09-20T19:04:12.999155,20250920_190339,5.855966940567559,0.3639486323779693,0.0,0.8059904759716632,0.004020895732567189,0.002848704722417209,0.0,0.0,0.0,0.0,0.0028598822368171564,0.0,0.0,0.0,0.0,0.0,0.0,0.0,0.0,0.0,0.0,0.0,0.0,0.0,0.002253985146114474,0.0634105332935088,0.05347786679381627,0.04747615344690926,0.08295045490763957
1758362653.028515,2025-09-20T19:04:13.028515,20250920_190339,5.873820004644233,0.3839065611293884,0.0,0.8125891596019346,0.004144095111036296,0.002979051915763138,0.0,0.0,0.0,0.0,0.0031159820761037043,0.0,0.0,0.0,0.0,0.0,0.0,0.0,0.0,0.0,0.0,0.0,0.0,0.0,0.002585367700367953,0.06437464649251518,0.05582098240002324,0.050846511191702755,0.08520608656158314
1758362653.0555072,2025-09-20T19:04:13.055507,20250920_190339,5.883748130877031,0.39882764469242704,0.0,0.8188654455396899,0.004179491198816435,0.0031077337362766734,0.0,0.0,0.0,0.0,0.0032578223741416726,0.0,0.0,0.0,0.0,0.0,0.0,0.0,0.0,0.0,0.0,0.0,0.0,0.0,0.002861492813101448,0.06464898451496694,0.0570773367821386,0.05349292301885781,0.086239860696537
1758362653.0728676,2025-09-20T19:04:13.072868,20250920_190339,5.887887757556054,0.4057025930967284,0.0,0.8218594883051364,0.00403413475098977,0.0030209746981037346,0.0,0.0,0.0,0.0,0.003268390477929288,0.0,0.0,0.0,0.0,0.0,0.0,0.0,0.0,0.0,0.0,0.0,0.0,0.0,0.002915659979007345,0.06351483882518927,0.05716983888318462,0.05399685156569173,0.08545481395988794
1758362653.114564,2025-09-20T19:04:13.114564,20250920_190339,5.911742358089628,0.43167753050264435,0.0,0.8318842569559697,0.00333651901314103,0.0026066302418208996,0.0,0.0,0.0,0.0,0.0031389033003231663,0.0,0.0,0.0,0.0,0.0,0.0,0.0,0.0,0.0,0.0,0.0,0.0,0.0,0.002951598478063919,0.05776260912684805,0.05602591632738519,0.0543286156464889,0.08047000878255324
1758362653.1223512,2025-09-20T19:04:13.122351,20250920_190339,5.928570033333719,0.45091433743937087,0.0,0.8383697488664303,0.003359365265365902,0.002786288655259022,0.0,0.0,0.0,0.0,0.0034929268270852184,0.0,0.0,0.0,0.0,0.0,0.0,0.0,0.0,0.0,0.0,0.0,0.0,0.0,0.0030825429486945975,0.05796003161978004,0.05910098837655102,0.05552065335255519,0.08277857266497847
1758362653.168666,2025-09-20T19:04:13.168666,20250920_190339,5.942451321785923,0.4670875471272262,0.0,0.8405957096713025,0.0038144358553331586,0.0032663474772870664,0.0,0.0,0.0,0.0,0.004006889440478173,0.0,0.0,0.0,0.0,0.0,0.0,0.0,0.0,0.0,0.0,0.0,0.0,0.0,0.003125162051023481,0.061761119284977004,0.06329999558039616,0.055903148847122025,0.08843825696954531
1758362653.1767209,2025-09-20T19:04:13.176721,20250920_190339,5.948673749314918,0.47636318529956984,0.0,0.8467908880425697,0.003338791710524523,0.002949695534088723,0.0,0.0,0.0,0.0,0.003727101252305283,0.0,0.0,0.0,0.0,0.0,0.0,0.0,0.0,0.0,0.0,0.0,0.0,0.0,0.0027649840076751754,0.057782278516207056,0.0610499897813692,0.052583115233648677,0.0840588660572447
1758362653.2006578,2025-09-20T19:04:13.200658,20250920_190339,5.967796548826228,0.5012947226444038,0.0,0.8556231543690133,0.0031896714216390924,0.002939119729291418,0.0,0.0,0.0,0.0,0.003794523723167572,0.0,0.0,0.0,0.0,0.0,0.0,0.0,0.0,0.0,0.0,0.0,0.0,0.0,0.0030118741020404537,0.056477176112471245,0.061599705544487564,0.054880543929888795,0.08357149720333282
1758362653.2169251,2025-09-20T19:04:13.216925,20250920_190339,5.981621843959402,0.5178777972409644,0.0,0.8663409922939468,0.002769970197447417,0.0026858099216703827,0.0,0.0,0.0,0.0,0.0037544281076660707,0.0,0.0,0.0,0.0,0.0,0.0,0.0,0.0,0.0,0.0,0.0,0.0,0.0,0.0028788702300693277,0.052630506338505016,0.0612733882502516,0.053655104417653754,0.08077374762330572
1758362653.2719355,2025-09-20T19:04:13.271935,20250920_190339,5.998222026233443,0.5399322480001354,0.0,0.8719717215774982,0.002718681061595305,0.002696341020054921,0.0,0.0,0.0,0.0,0.0039044949908084246,0.0,0.0,0.0,0.0,0.0,0.0,0.0,0.0,0.0,0.0,0.0,0.0,0.0,0.0026318076908908613,0.05214097296364256,0.062485958349123724,0.05130114707188194,0.0813828977881946
1758362653.2825432,2025-09-20T19:04:13.282543,20250920_190339,6.010486597000724,0.5543032394888694,0.0,0.8763181670135367,0.0026040745104775015,0.0025852366999876875,0.0,0.0,0.0,0.0,0.0037266687505355884,0.0,0.0,0.0,0.0,0.0,0.0,0.0,0.0,0.0,0.0,0.0,0.0,0.0,0.002357035857050721,0.05103013335743403,0.06104644748497318,0.04854931366199445,0.07956596798263117
1758362653.3197885,2025-09-20T19:04:13.319788,20250920_190339,6.025125398909525,0.5706618115549312,0.0,0.8794730678389183,0.0027359427215389717,0.0027710969233947186,0.0,0.0,0.0,0.0,0.004035997832097345,0.0,0.0,0.0,0.0,0.0,0.0,0.0,0.0,0.0,0.0,0.0,0.0,0.0,0.002645200016566504,0.05230623979544861,0.0635295036349045,0.051431508013731274,0.08229180125405153
1758362653.3292882,2025-09-20T19:04:13.329288,20250920_190339,6.037554038744509,0.5860277365269849,0.0,0.8844324632367695,0.0030176029031635503,0.003185334022625131,0.0,0.0,0.0,0.0,0.004745365775362441,0.0,0.0,0.0,0.0,0.0,0.0,0.0,0.0,0.0,0.0,0.0,0.0,0.0,0.0025019551357638873,0.05493271250505977,0.06888661535713916,0.05001954753657701,0.08810771066442477
1758362653.3599277,2025-09-20T19:04:13.359928,20250920_190339,6.053140706503006,0.6028314975717703,0.0,0.8877149480920711,0.002876478596116158,0.002999203215906032,0.0,0.0,0.0,0.0,0.004624635380774931,0.0,0.0,0.0,0.0,0.0,0.0,0.0,0.0,0.0,0.0,0.0,0.0,0.0,0.0024401802896586037,0.053632812681381516,0.06800467175698248,0.0493981810359309,0.08660897168822113
1758362653.3757966,2025-09-20T19:04:13.375797,20250920_190339,6.0622305662635805,0.6169410110771675,0.0,0.8955960390336569,0.0028576247130320293,0.0030759534767497492,0.0,0.0,0.0,0.0,0.004836485282123113,0.0,0.0,0.0,0.0,0.0,0.0,0.0,0.0,0.0,0.0,0.0,0.0,0.0,0.002434458778793653,0.05345675554157799,0.0695448436774655,0.049340234887905156,0.08771607603601031
1758362653.397246,2025-09-20T19:04:13.397246,20250920_190339,6.07624696320806,0.6345787905509886,0.0,0.9149806915327515,0.0031107824316899233,0.0035682704202516483,0.0,0.0,0.0,0.0,0.0054986671510239464,0.0,0.0,0.0,0.0,0.0,0.0,0.0,0.0,0.0,0.0,0.0,0.0,0.0,0.00277238999337585,0.05577438867159302,0.07415299826051504,0.0526534898499221,0.09278711970264984
1758362653.4177701,2025-09-20T19:04:13.417770,20250920_190339,6.084087320869804,0.6457631095657036,0.0,0.9277840159939972,0.0030763039864963107,0.0036649497679804867,0.0,0.0,0.0,0.0,0.005664713931427043,0.0,0.0,0.0,0.0,0.0,0.0,0.0,0.0,0.0,0.0,0.0,0.0,0.0,0.002860572536925154,0.0554644389360995,0.07526429386785638,0.05348432047736191,0.09349341109363458
1758362653.4603415,2025-09-20T19:04:13.460341,20250920_190339,6.099148869014027,0.6631972031246843,0.0,0.9461267642818104,0.003006027411023269,0.003605756497308012,0.0,0.0,0.0,0.0,0.005679809057907,0.0,0.0,0.0,0.0,0.0,0.0,0.0,0.0,0.0,0.0,0.0,0.0,0.0,0.002606137595855999,0.054827250624331594,0.07536450794576317,0.05105034373886232,0.09319783510860254
1758362653.4736066,2025-09-20T19:04:13.473607,20250920_190339,6.105110466116596,0.6706077901987624,0.0,0.9562064849844185,0.003043067895061657,0.003591517322342905,0.0,0.0,0.0,0.0,0.005660795010742548,0.0,0.0,0.0,0.0,0.0,0.0,0.0,0.0,0.0,0.0,0.0,0.0,0.0,0.00258685152925297,0.05516400905537647,0.07523825496874943,0.05086110035432747,0.09329449558148759
1758362653.5223975,2025-09-20T19:04:13.522398,20250920_190339,6.120611676387298,0.6888500366414378,0.0,0.9775173907760784,0.003399135104102264,0.0037044435618360494,0.0,0.0,0.0,0.0,0.00544982363568541,0.0,0.0,0.0,0.0,0.0,0.0,0.0,0.0,0.0,0.0,0.0,0.0,0.0,0.0029213617446446007,0.058302102055605716,0.07382292080164134,0.0540496229833715,0.09406890421275074
1758362653.5327291,2025-09-20T19:04:13.532729,20250920_190339,6.127662846705004,0.70050357135076,0.0,0.9897213070338168,0.0035223925463708523,0.003957219952880389,0.0,0.0,0.0,0.0,0.005884548799781247,0.0,0.0,0.0,0.0,0.0,0.0,0.0,0.0,0.0,0.0,0.0,0.0,0.0,0.0032944785774048505,0.05934974765212445,0.07671081279572814,0.05739754853131665,0.09698938780171829
1758362653.5778222,2025-09-20T19:04:13.577822,20250920_190339,6.139717530947101,0.719532833579496,0.0,1.0086756160228885,0.0035075179739660787,0.00409830533599937,0.0,0.0,0.0,0.0,0.006337679757832937,0.0,0.0,0.0,0.0,0.0,0.0,0.0,0.0,0.0,0.0,0.0,0.0,0.0,0.0031292022895452595,0.05922430222439162,0.0796095456451859,0.055939273230399225,0.0992229697791747
1758362653.5876157,2025-09-20T19:04:13.587616,20250920_190339,6.14976647433319,0.7323341972838654,0.0,1.0224858917844466,0.0029713348811815227,0.0036463704808261128,0.0,0.0,0.0,0.0,0.00605354200311209,0.0,0.0,0.0,0.0,0.0,0.0,0.0,0.0,0.0,0.0,0.0,0.0,0.0,0.0029660446228129576,0.05450995212969392,0.07780451145731904,0.054461404892023835,0.09499935202038808
1758362653.5972798,2025-09-20T19:04:13.597280,20250920_190339,6.1622631005733925,0.7545874095822438,0.0,1.0411762078056264,0.002729610649050503,0.0035234063190119707,0.0,0.0,0.0,0.0,0.0061320651654301955,0.0,0.0,0.0,0.0,0.0,0.0,0.0,0.0,0.0,0.0,0.0,0.0,0.0,0.0030234604392838163,0.052245675888541274,0.0783075038896669,0.054986002212234125,0.09413647441072295
1758362653.617231,2025-09-20T19:04:13.617231,20250920_190339,6.172884164588411,0.7703430433826054,0.0,1.054740025354673,0.0025823280870172945,0.003256922861050379,0.0,0.0,0.0,0.0,0.005644551286495068,0.0,0.0,0.0,0.0,0.0,0.0,0.0,0.0,0.0,0.0,0.0,0.0,0.0,0.002928107854135823,0.050816612313467874,0.07513022884628442,0.054111993625589355,0.09070214646584922
1758362653.6425066,2025-09-20T19:04:13.642507,20250920_190339,6.184347793082029,0.7908832335064576,0.0,1.0769910368744584,0.0026791754268221672,0.003535493380526857,0.0,0.0,0.0,0.0,0.006367082642564189,0.0,0.0,0.0,0.0,0.0,0.0,0.0,0.0,0.0,0.0,0.0,0.0,0.0,0.0028696878253798826,0.051760751799236525,0.07979400129435915,0.053569467286691236,0.09511181876815497
1758362653.6747663,2025-09-20T19:04:13.674766,20250920_190339,6.193735256246128,0.8053561707747022,0.0,1.0923021208586519,0.002568970213566541,0.003218643090425305,0.0,0.0,0.0,0.0,0.005666914609662008,0.0,0.0,0.0,0.0,0.0,0.0,0.0,0.0,0.0,0.0,0.0,0.0,0.0,0.002469946663417974,0.05068500975206122,0.07527891211794979,0.04969855796115189,0.09075177586818094
1758362653.6968453,2025-09-20T19:04:13.696845,20250920_190339,6.209194631834045,0.8313809048776825,0.0,1.1156919488245762,0.0026596902625685916,0.003461395098512007,0.0,0.0,0.0,0.0,0.006292792037128076,0.0,0.0,0.0,0.0,0.0,0.0,0.0,0.0,0.0,0.0,0.0,0.0,0.0,0.00283229289353324,0.051572184969890425,0.07932712043890208,0.05321929061471263,0.09461755809413318
1758362653.715352,2025-09-20T19:04:13.715352,20250920_190339,6.214894241470483,0.8439578038665159,0.0,1.127870627364111,0.00250536457461326,0.0032322194707215695,0.0,0.0,0.0,0.0,0.006061237157688414,0.0,0.0,0.0,0.0,0.0,0.0,0.0,0.0,0.0,0.0,0.0,0.0,0.0,0.0026369456072036757,0.05005361699830753,0.07785394760504065,0.05135119869295824,0.09255593839566251
1758362653.756597,2025-09-20T19:04:13.756597,20250920_190339,6.224453148821726,0.8665684172811189,0.0,1.1531460337385364,0.002329785193395023,0.0032060585693242183,0.0,0.0,0.0,0.0,0.006656694055923056,0.0,0.0,0.0,0.0,0.0,0.0,0.0,0.0,0.0,0.0,0.0,0.0,0.0,0.003116056671282965,0.048267848443814265,0.08158856571801625,0.055821650560360224,0.09479704240807346
1758362653.784609,2025-09-20T19:04:13.784609,20250920_190339,6.235828192658626,0.8865758165925548,0.0,1.1754294629629007,0.0020178044294897014,0.0029673399150039765,0.0,0.0,0.0,0.0,0.00681906581916516,0.0,0.0,0.0,0.0,0.0,0.0,0.0,0.0,0.0,0.0,0.0,0.0,0.0,0.0031765972076003724,0.04491997806644279,0.08257763510276352,0.05636130949153304,0.09400462886823638
1758362653.7951841,2025-09-20T19:04:13.795184,20250920_190339,6.238869809011814,0.8977006057733999,0.0,1.19921200896384,0.0021047026788804982,0.0030143942322419627,0.0,0.0,0.0,0.0,0.00652775020898672,0.0,0.0,0.0,0.0,0.0,0.0,0.0,0.0,0.0,0.0,0.0,0.0,0.0,0.0030587114515462,0.04587703868909259,0.08079449367987103,0.055305618625472404,0.09291099444020184
1758362653.810973,2025-09-20T19:04:13.810973,20250920_190339,6.245789384369575,0.9190484675807215,0.0,1.211600404184676,0.0020633382187126913,0.002983711945113441,0.0,0.0,0.0,0.0,0.00686243669042203,0.0,0.0,0.0,0.0,0.0,0.0,0.0,0.0,0.0,0.0,0.0,0.0,0.0,0.00352090707144481,0.04542398285831716,0.08283982550936493,0.05933723174740131,0.09447631930348854
1758362653.8537178,2025-09-20T19:04:13.853718,20250920_190339,6.254179904292106,0.9417928329968768,0.0,1.2332698924068066,0.002269372673225375,0.0032864568118184953,0.0,0.0,0.0,0.0,0.007215487750256907,0.0,0.0,0.0,0.0,0.0,0.0,0.0,0.0,0.0,0.0,0.0,0.0,0.0,0.003145632684563596,0.047637933133432384,0.08494402716057738,0.05608594016831309,0.09739024809231303
1758362653.8894138,2025-09-20T19:04:13.889414,20250920_190339,6.261149653214565,0.9613238711193508,0.0,1.2520553122663518,0.00210662842458478,0.0032607895371846904,0.0,0.0,0.0,0.0,0.007503150989964431,0.0,0.0,0.0,0.0,0.0,0.0,0.0,0.0,0.0,0.0,0.0,0.0,0.0,0.0028064836913616127,0.045898022011681285,0.08662073071710046,0.05297625592056891,0.09802948237417766
1758362653.8989036,2025-09-20T19:04:13.898904,20250920_190339,6.267298985968209,0.9861198042526824,0.0,1.2744900404887505,0.002255579229794257,0.003509595836879153,0.0,0.0,0.0,0.0,0.008222187772491408,0.0,0.0,0.0,0.0,0.0,0.0,0.0,0.0,0.0,0.0,0.0,0.0,0.0,0.0028434831322516957,0.04749293873613484,0.09067628009844365,0.05332432026994527,0.10236096425046838
1758362653.9220831,2025-09-20T19:04:13.922083,20250920_190339,6.27321123409564,1.0022242400640897,0.0,1.2859880303549185,0.002455243249332792,0.0036552792988049166,0.0,0.0,0.0,0.0,0.008359945382717542,0.0,0.0,0.0,0.0,0.0,0.0,0.0,0.0,0.0,0.0,0.0,0.0,0.0,0.0027546859989801913,0.04955041119236844,0.09143273693113174,0.05248510263856013,0.10399609911939166
1758362653.9617858,2025-09-20T19:04:13.961786,20250920_190339,6.279952179408194,1.0269944561348894,0.0,1.3088339852464488,0.002548920221607958,0.0039452639548981355,0.0,0.0,0.0,0.0,0.009263481656664352,0.0,0.0,0.0,0.0,0.0,0.0,0.0,0.0,0.0,0.0,0.0,0.0,0.0,0.003058489774570877,0.050486832160554086,0.09624698258472497,0.055303614480166456,0.1086848741926507
1758362653.9911704,2025-09-20T19:04:13.991170,20250920_190339,6.285453575171642,1.0446570302735372,0.0,1.3232201806540829,0.002545613314242359,0.003991712402607238,0.0,0.0,0.0,0.0,0.00972229919248679,0.0,0.0,0.0,0.0,0.0,0.0,0.0,0.0,0.0,0.0,0.0,0.0,0.0,0.0029681812010081557,0.050454071334654044,0.09860172002803394,0.054481016886693254,0.11076060900306187
1758362654.0045621,2025-09-20T19:04:14.004562,20250920_190339,6.292464406272395,1.0682756757484195,0.0,1.3461375153580815,0.0023293397064064214,0.003427797751025918,0.0,0.0,0.0,0.0,0.008555084466418558,0.0,0.0,0.0,0.0,0.0,0.0,0.0,0.0,0.0,0.0,0.0,0.0,0.0,0.002729109285625926,0.04826323348478033,0.09249369960391117,0.05224087753499099,0.10432844373815311
1758362654.0114841,2025-09-20T19:04:14.011484,20250920_190339,6.302589684010771,1.097315717286594,0.0,1.3623555267288072,0.002093282431441486,0.0031054511027487097,0.0,0.0,0.0,0.0,0.008129127381557247,0.0,0.0,0.0,0.0,0.0,0.0,0.0,0.0,0.0,0.0,0.0,0.0,0.0,0.0026348457396196258,0.045752403559173656,0.09016167357340506,0.05133074848099944,0.1011059336191439
1758362654.0546117,2025-09-20T19:04:14.054612,20250920_190339,6.312330746390934,1.1302943384030033,0.0,1.3861707414392133,0.0019365530623959145,0.002910284962810048,0.0,0.0,0.0,0.0,0.00831194300262603,0.0,0.0,0.0,0.0,0.0,0.0,0.0,0.0,0.0,0.0,0.0,0.0,0.0,0.002798092173559563,0.04400628435116869,0.09116985797195272,0.05289699588407231,0.10123485597866945
1758362654.0727153,2025-09-20T19:04:14.072715,20250920_190339,6.317997834773303,1.1522500181522444,0.0,1.4044251706836584,0.0019513606379366255,0.0031985907977436973,0.0,0.0,0.0,0.0,0.009757162971587892,0.0,0.0,0.0,0.0,0.0,0.0,0.0,0.0,0.0,0.0,0.0,0.0,0.0,0.0026948080692276075,0.04417420783598304,0.09877835274789659,0.0519115408096081,0.10820593148956538
1758362654.271959,2025-09-20T19:04:14.271959,20250920_190339,6.321064796809776,1.169962180784539,0.0,1.4258263143562917,0.0019974073241557236,0.0032404342427875873,0.0,0.0,0.0,0.0,0.01083300268600859,0.0,0.0,0.0,0.0,0.0,0.0,0.0,0.0,0.0,0.0,0.0,0.0,0.0,0.0030886776966688504,0.04469236315250877,0.10408171158281646,0.055575873332488895,0.11327139978902138
1758362654.2773204,2025-09-20T19:04:14.277320,20250920_190339,6.3231960417849296,1.191152325106398,0.0,1.4438041698569708,0.002000103933383116,0.0031712742716815613,0.0,0.0,0.0,0.0,0.010589982752842833,0.0,0.0,0.0,0.0,0.0,0.0,0.0,0.0,0.0,0.0,0.0,0.0,0.0,0.00320054791175897,0.04472252154544862,0.10290764185833252,0.056573385189141456,0.11220555550517963
1758362654.2819362,2025-09-20T19:04:14.281936,20250920_190339,6.3280591380814535,1.2165935734590472,0.0,1.4666615071228677,0.001904229250247946,0.0027958007776576156,0.0,0.0,0.0,0.0,0.0100535910284275,0.0,0.0,0.0,0.0,0.0,0.0,0.0,0.0,0.0,0.0,0.0,0.0,0.0,0.003195273503472458,0.04363747529644613,0.10026759710109492,0.05652675033532759,0.109351818817409
1758362654.2873857,2025-09-20T19:04:14.287386,20250920_190339,6.329540418763257,1.2374706843764622,0.0,1.4853489300570328,0.0017932220365634206,0.0027615720682816836,0.0,0.0,0.0,0.0,0.010730089418288185,0.0,0.0,0.0,0.0,0.0,0.0,0.0,0.0,0.0,0.0,0.0,0.0,0.0,0.0032304659268761037,0.04234645246727783,0.10358614491469496,0.05683718788677096,0.11190760231035068
1758362654.2920618,2025-09-20T19:04:14.292062,20250920_190339,6.330124082399776,1.2672434292210402,0.0,1.5153599559724233,0.0017768578684205798,0.0028240119298785942,0.0,0.0,0.0,0.0,0.010949882370111703,0.0,0.0,0.0,0.0,0.0,0.0,0.0,0.0,0.0,0.0,0.0,0.0,0.0,0.003635613199808029,0.04215279194099223,0.10464168562342496,0.06029604630328616,0.11281285493476478
1758362654.2973604,2025-09-20T19:04:14.297360,20250920_190339,6.331207732755712,1.2811979209252529,0.0,1.5299788088582256,0.0018822360003359806,0.002970033475654528,0.0,0.0,0.0,0.0,0.011555304298245677,0.0,0.0,0.0,0.0,0.0,0.0,0.0,0.0,0.0,0.0,0.0,0.0,0.0,0.003983182648422454,0.04338474386620233,0.10749560129719576,0.06311246032617057,0.11592040501387862
1758362654.3012848,2025-09-20T19:04:14.301285,20250920_190339,6.331665174800761,1.3047538916597627,0.0,1.5508106726843607,0.0018785798176782643,0.0029768231413297226,0.0,0.0,0.0,0.0,0.01210084173925953,0.0,0.0,0.0,0.0,0.0,0.0,0.0,0.0,0.0,0.0,0.0,0.0,0.0,0.004182596810107672,0.04334258665190928,0.11000382602100497,0.06467299908081944,0.11823460388963035
1758362654.3118167,2025-09-20T19:04:14.311817,20250920_190339,6.334004105510429,1.3261367061791636,0.0,1.5686796833517218,0.001623106869607004,0.0025650437021095414,0.0,0.0,0.0,0.0,0.011482948574236167,0.0,0.0,0.0,0.0,0.0,0.0,0.0,0.0,0.0,0.0,0.0,0.0,0.0,0.0038205554126132467,0.040287800505947255,0.10715852077290058,0.061810641580663496,0.11448168169555849
1758362654.3242407,2025-09-20T19:04:14.324241,20250920_190339,6.333680394973645,1.3570508461670348,0.0,1.5961933437358378,0.00154390646953346,0.002552207597255239,0.0,0.0,0.0,0.0,0.011575563098981525,0.0,0.0,0.0,0.0,0.0,0.0,0.0,0.0,0.0,0.0,0.0,0.0,0.0,0.003636255029950763,0.03929257524690205,0.1075897908678213,0.06030136839202543,0.11454025304893903
1758362654.3332014,2025-09-20T19:04:14.333201,20250920_190339,6.333138811509405,1.3718629170413277,0.0,1.614684222156406,0.0015033727073839101,0.0027043271921968343,0.0,0.0,0.0,0.0,0.01225345944801572,0.0,0.0,0.0,0.0,0.0,0.0,0.0,0.0,0.0,0.0,0.0,0.0,0.0,0.003347698514801927,0.0387733504792133,0.11069534519579276,0.057859299294080006,0.11728952278613648
1758362654.3517196,2025-09-20T19:04:14.351720,20250920_190339,6.332616847090757,1.3902421168515267,0.0,1.6355163441460892,0.001342518386962459,0.0022672544028563024,0.0,0.0,0.0,0.0,0.01155709176404821,0.0,0.0,0.0,0.0,0.0,0.0,0.0,0.0,0.0,0.0,0.0,0.0,0.0,0.002888664926738611,0.03664039283308053,0.10750391511032614,0.05374630151683566,0.11357645068855898
1758362654.3766232,2025-09-20T19:04:14.376623,20250920_190339,6.330854695462926,1.4129688755198169,0.0,1.6564278010842144,0.0012665343679490217,0.001988189521100792,0.0,0.0,0.0,0.0,0.010775911949824789,0.0,0.0,0.0,0.0,0.0,0.0,0.0,0.0,0.0,0.0,0.0,0.0,0.0,0.0026637923654968675,0.03558840215504233,0.10380709007493076,0.05161194014466873,0.10973808052710696
1758362654.4136376,2025-09-20T19:04:14.413638,20250920_190339,6.330238447022339,1.438417493887663,0.0,1.6829184416070886,0.0012337689104330138,0.0018755598025766676,0.0,0.0,0.0,0.0,0.011004269453063488,0.0,0.0,0.0,0.0,0.0,0.0,0.0,0.0,0.0,0.0,0.0,0.0,0.0,0.002968335269927791,0.0351250467676986,0.10490123666126862,0.054482430837177145,0.11062566774260169
1758362654.421651,2025-09-20T19:04:14.421651,20250920_190339,6.329325123467634,1.4561983940725753,0.0,1.7005931956722833,0.0012760242679539697,0.0018130799781211563,0.0,0.0,0.0,0.0,0.012062533800719843,0.0,0.0,0.0,0.0,0.0,0.0,0.0,0.0,0.0,0.0,0.0,0.0,0.0,0.0029546665891275062,0.035721481883510514,0.10982956706060461,0.05435684491513011,0.11549267538971385
1758362654.4600568,2025-09-20T19:04:14.460057,20250920_190339,6.32339236673601,1.470242079036566,0.0,1.7198220425109023,0.0012658053771929271,0.0015433262575080021,0.0,0.0,0.0,0.0,0.011082100352860474,0.0,0.0,0.0,0.0,0.0,0.0,0.0,0.0,0.0,0.0,0.0,0.0,0.0,0.003046110062804259,0.03557815870998564,0.10527155528850363,0.055191576013049845,0.1111211308890141
1758362654.4862933,2025-09-20T19:04:14.486293,20250920_190339,6.321570081138476,1.4869609833775665,0.0,1.7305199681379968,0.0012470368719870789,0.0012696088721995836,0.0,0.0,0.0,0.0,0.010551888523899633,0.0,0.0,0.0,0.0,0.0,0.0,0.0,0.0,0.0,0.0,0.0,0.0,0.0,0.002564691566379502,0.035313409237668895,0.10272238570000033,0.05064278395170927,0.10862285853303029
1758362654.4962368,2025-09-20T19:04:14.496237,20250920_190339,6.31942342411608,1.508339152002429,0.0,1.750752769810537,0.001277532395906705,0.001312422068003366,0.0,0.0,0.0,0.0,0.010548300463194304,0.0,0.0,0.0,0.0,0.0,0.0,0.0,0.0,0.0,0.0,0.0,0.0,0.0,0.0027086517908502883,0.03574258518779391,0.10270491937192835,0.05204470953757248,0.10874664527745675
1758362654.5277681,2025-09-20T19:04:14.527768,20250920_190339,6.318032118659021,1.5315413553049675,0.0,1.7635903236696548,0.0013001636933970713,0.0012311169007985592,0.0,0.0,0.0,0.0,0.011029444327615566,0.0,0.0,0.0,0.0,0.0,0.0,0.0,0.0,0.0,0.0,0.0,0.0,0.0,0.0028162469357820713,0.036057782702172234,0.1050211613324456,0.05306832328029661,0.11103876809931132
1758362654.555339,2025-09-20T19:04:14.555339,20250920_190339,6.31352390578879,1.5610457735469143,0.0,1.7801915707560176,0.0013355317474433193,0.0009815876113919467,0.0,0.0,0.0,0.0,0.011367995092444644,0.0,0.0,0.0,0.0,0.0,0.0,0.0,0.0,0.0,0.0,0.0,0.0,0.0,0.0029772535357974338,0.036544927793653106,0.10662080046803553,0.05456421479135784,0.11270992343129314
1758362654.5809133,2025-09-20T19:04:14.580913,20250920_190339,6.308849963682813,1.575140100316221,0.0,1.793056620474776,0.0013615259032502287,0.0008061467058572216,0.0,0.0,0.0,0.0,0.01005581811858996,0.0,0.0,0.0,0.0,0.0,0.0,0.0,0.0,0.0,0.0,0.0,0.0,0.0,0.0029072420502303984,0.03689886046004983,0.10027870221831732,0.05391884689262557,0.10685197247519668
1758362654.602394,2025-09-20T19:04:14.602394,20250920_190339,6.300723866182798,1.599789728409635,0.0,1.8070711587766035,0.001428653207818641,0.0006489413168427764,0.0,0.0,0.0,0.0,0.00973651668032556,0.0,0.0,0.0,0.0,0.0,0.0,0.0,0.0,0.0,0.0,0.0,0.0,0.0,0.002876388255391181,0.03779752912319324,0.09867378922654972,0.053631970459709764,0.10566536749637603
1758362654.6162503,2025-09-20T19:04:14.616250,20250920_190339,6.294845899100822,1.612446780792612,0.0,1.8156109358875772,0.0013080953368161897,0.00046366257544833654,0.0,0.0,0.0,0.0,0.009369180843832368,0.0,0.0,0.0,0.0,0.0,0.0,0.0,0.0,0.0,0.0,0.0,0.0,0.0,0.0031839669652753803,0.03616760065052961,0.09679452899741993,0.05642665119671183,0.10333090622194581
1758362654.6516154,2025-09-20T19:04:14.651615,20250920_190339,6.2888939737040825,1.6407929316629803,0.0,1.8328547942143865,0.001286687751465861,0.0005089429694813232,0.0,0.0,0.0,0.0,0.010883611096633189,0.0,0.0,0.0,0.0,0.0,0.0,0.0,0.0,0.0,0.0,0.0,0.0,0.0,0.0029919392189469455,0.03587043004294569,0.10432454695148784,0.054698621728037584,0.11031907744401713
1758362654.6785939,2025-09-20T19:04:14.678594,20250920_190339,6.283439801262294,1.6514519668443641,0.0,1.844214199402465,0.0013914261301647619,0.0003536239955703157,0.0,0.0,0.0,0.0,0.011172511846586132,0.0,0.0,0.0,0.0,0.0,0.0,0.0,0.0,0.0,0.0,0.0,0.0,0.0,0.0029612450012488343,0.037301824756501685,0.1057001033423626,0.054417322621099565,0.11208897348424106
1758362654.6988559,2025-09-20T19:04:14.698856,20250920_190339,6.2759513697342175,1.6683488854266193,0.0,1.8618500525693547,0.0013381545311925611,0.00038170868673490877,0.0,0.0,0.0,0.0,0.011860681844035638,0.0,0.0,0.0,0.0,0.0,0.0,0.0,0.0,0.0,0.0,0.0,0.0,0.0,0.0029122603886219778,0.03658079456753996,0.10890675756827782,0.05396536286009738,0.1148861887923357
1758362654.7278848,2025-09-20T19:04:14.727885,20250920_190339,6.272336837257697,1.690186738333139,0.0,1.8770098369598056,0.0014166013993054621,0.0006114943783952641,0.0,0.0,0.0,0.0,0.012090717745609431,0.0,0.0,0.0,0.0,0.0,0.0,0.0,0.0,0.0,0.0,0.0,0.0,0.0,0.0026105547955501645,0.03763776559926827,0.10995779983979959,0.051093588595343,0.11622099270318978
1758362654.768515,2025-09-20T19:04:14.768515,20250920_190339,6.263113217978092,1.713610524979431,0.0,1.8957287288932299,0.0014427152181440024,0.0006399964459762353,0.0,0.0,0.0,0.0,0.01182224561405914,0.0,0.0,0.0,0.0,0.0,0.0,0.0,0.0,0.0,0.0,0.0,0.0,0.0,0.0022467463928442263,0.03798309121364403,0.10873015043702984,0.047399856464384216,0.11517361170078476
1758362654.7786484,2025-09-20T19:04:14.778648,20250920_190339,6.2579595260832095,1.731371595458341,0.0,1.9056312417988177,0.0013013783872026976,0.0005865454415747098,0.0,0.0,0.0,0.0,0.01104904908201932,0.0,0.0,0.0,0.0,0.0,0.0,0.0,0.0,0.0,0.0,0.0,0.0,0.0,0.002286383125303086,0.03607462248177654,0.10511445705524679,0.04781613875359538,0.11113247711277752
1758362654.802399,2025-09-20T19:04:14.802399,20250920_190339,6.246844270438113,1.7583551340991892,0.0,1.9126146121794283,0.0014339728843875761,0.0003511020716728918,0.0,0.0,0.0,0.0,0.011266917514798297,0.0,0.0,0.0,0.0,0.0,0.0,0.0,0.0,0.0,0.0,0.0,0.0,0.0,0.0022311408366863347,0.0378678344295997,0.10614573714849927,0.04723495354804887,0.112698227134174
1758362654.8248525,2025-09-20T19:04:14.824852,20250920_190339,6.241598895214945,1.7708975494257946,0.0,1.9162420118478014,0.0014636363764791043,0.00034163252678871207,0.0,0.0,0.0,0.0,0.01195158136087072,0.0,0.0,0.0,0.0,0.0,0.0,0.0,0.0,0.0,0.0,0.0,0.0,0.0,0.002110529576058651,0.03825750091784753,0.10932328828237248,0.04594050038972857,0.1158240809907414
1758362654.8803146,2025-09-20T19:04:14.880315,20250920_190339,6.23422272487941,1.8022256808995596,0.0,1.919449209700895,0.00138110513420529,0.0004765380890481178,0.0,0.0,0.0,0.0,0.01179340380702093,0.0,0.0,0.0,0.0,0.0,0.0,0.0,0.0,0.0,0.0,0.0,0.0,0.0,0.0023629233017222356,0.037163222871614485,0.10859743922865277,0.04860990950127592,0.1147802637269414
1758362654.888805,2025-09-20T19:04:14.888805,20250920_190339,6.226983176767047,1.819231835359883,0.0,1.922455487798215,0.0014906800138635857,0.0004755459611164225,0.0,0.0,0.0,0.0,0.011795792033685115,0.0,0.0,0.0,0.0,0.0,0.0,0.0,0.0,0.0,0.0,0.0,0.0,0.0,0.002523878773398866,0.03860932547796692,0.10860843445002379,0.05023822024513673,0.11526695991284189
1758362654.8969371,2025-09-20T19:04:14.896937,20250920_190339,6.217427292109599,1.8316223576390134,0.0,1.9242079142021973,0.001543109412267823,0.00024221006263399876,0.0,0.0,0.0,0.0,0.009431318083735457,0.0,0.0,0.0,0.0,0.0,0.0,0.0,0.0,0.0,0.0,0.0,0.0,0.0,0.002761784856359095,0.039282431343640414,0.0971149735300147,0.05255268648089358,0.10475890175065448
1758362654.9146252,2025-09-20T19:04:14.914625,20250920_190339,6.210231139123174,1.837030639418195,0.0,1.924995938751261,0.001397036308778864,3.327641526906178e-05,0.0,0.0,0.0,0.0,0.008809165629070873,0.0,0.0,0.0,0.0,0.0,0.0,0.0,0.0,0.0,0.0,0.0,0.0,0.0,0.0025759973112128498,0.03737694889606245,0.09385715544949609,0.050754283673527,0.1010257488853695
1758362654.9761431,2025-09-20T19:04:14.976143,20250920_190339,6.2040971323409,1.8584413358799565,0.0,1.9289285749577167,0.0013370388662946055,-3.425412048714115e-05,0.0,0.0,0.0,0.0,0.009012792781012,0.0,0.0,0.0,0.0,0.0,0.0,0.0,0.0,0.0,0.0,0.0,0.0,0.0,0.0025670513613716517,0.03656554206209181,0.09493572973866056,0.0506660770276489,0.10173412233516642
1758362655.0014331,2025-09-20T19:04:15.001433,20250920_190339,6.195668684605948,1.8785247105267744,0.0,1.9385193671725272,0.0013872721971756163,5.505105302163096e-07,0.0,0.0,0.0,0.0,0.00913247141636418,0.0,0.0,0.0,0.0,0.0,0.0,0.0,0.0,0.0,0.0,0.0,0.0,0.0,0.0027299918872378827,0.03724610311395833,0.0955639650514993,0.05224932427541894,0.10256580138398859
1758362655.0139058,2025-09-20T19:04:15.013906,20250920_190339,6.1893774884002974,1.8947723723066225,0.0,1.941043807318319,0.0015571403247755362,6.07884357458501e-05,0.0,0.0,0.0,0.0,0.00901765125519733,0.0,0.0,0.0,0.0,0.0,0.0,0.0,0.0,0.0,0.0,0.0,0.0,0.0,0.0027202535045544973,0.039460617389690394,0.09496131451911,0.05215604954896889,0.10283380562817301
1758362655.0452797,2025-09-20T19:04:15.045280,20250920_190339,6.181114847383348,1.916581254742687,0.0,1.951069273249329,0.0016189113950100906,0.00012211663957186012,0.0,0.0,0.0,0.0,0.008590767077774258,0.0,0.0,0.0,0.0,0.0,0.0,0.0,0.0,0.0,0.0,0.0,0.0,0.0,0.002440846962749918,0.040235698018178966,0.09268639100630825,0.049404928526918426,0.10104295360283343
1758362655.0548007,2025-09-20T19:04:15.054801,20250920_190339,6.173564342863453,1.9290002119388392,0.0,1.957111894592945,0.0017906102976109504,6.789184344842542e-05,0.0,0.0,0.0,0.0,0.008323479776503984,0.0,0.0,0.0,0.0,0.0,0.0,0.0,0.0,0.0,0.0,0.0,0.0,0.0,0.0021804540390613506,0.04231560347686123,0.09123310680067837,0.04669533209070635,0.1005688325184047
1758362655.0825863,2025-09-20T19:04:15.082586,20250920_190339,6.1669494389169905,1.9432804398861747,0.0,1.961646795172958,0.0018673192626034677,7.824979732821387e-05,0.0,0.0,0.0,0.0,0.008374358509896105,0.0,0.0,0.0,0.0,0.0,0.0,0.0,0.0,0.0,0.0,0.0,0.0,0.0,0.0023369835558569776,0.04321248965985954,0.09151152118665772,0.048342357781318214,0.10120117475849563
1758362655.104181,2025-09-20T19:04:15.104181,20250920_190339,6.157660810621962,1.9609904303172097,0.0,1.9659861034483224,0.001937793416878761,-6.72581337314203e-05,0.0,0.0,0.0,0.0,0.007952856731759472,0.0,0.0,0.0,0.0,0.0,0.0,0.0,0.0,0.0,0.0,0.0,0.0,0.0,0.002198604258500259,0.0440203750197424,0.08917879081799367,0.04688927658324725,0.09945174784104216
1758362655.1155052,2025-09-20T19:04:15.115505,20250920_190339,6.150164659313782,1.9806782397823859,0.0,1.966375489126105,0.002486157163591443,-0.0003812964473119778,0.0,0.0,0.0,0.0,0.007625857937204844,0.0,0.0,0.0,0.0,0.0,0.0,0.0,0.0,0.0,0.0,0.0,0.0,0.0,0.0021688147715456844,0.04986137947942719,0.08732615837883197,0.04657053544405179,0.10055851580446226
1758362655.1589994,2025-09-20T19:04:15.158999,20250920_190339,6.138169068660412,1.9989120365478106,0.0,1.9697661822518657,0.0024596059060269745,-0.0005532503153823828,0.0,0.0,0.0,0.0,0.007497039631992467,0.0,0.0,0.0,0.0,0.0,0.0,0.0,0.0,0.0,0.0,0.0,0.0,0.0,0.002533661258661118,0.0495944140607284,0.08658544699886042,0.050335487070864014,0.09978299222823217
1758362655.1768715,2025-09-20T19:04:15.176872,20250920_190339,6.129671136482313,2.004966947803032,0.0,1.9698965237069745,0.0020476441745458595,-0.000600638893406029,0.0,0.0,0.0,0.0,0.007567365696070651,0.0,0.0,0.0,0.0,0.0,0.0,0.0,0.0,0.0,0.0,0.0,0.0,0.0,0.0023875763580658163,0.0452509024721702,0.08699060694161555,0.04886283207168631,0.09805615671958855
1758362655.2035968,2025-09-20T19:04:15.203597,20250920_190339,6.118996463805601,2.0235056853729962,0.0,1.9721633893398256,0.0019974056089851603,-0.0006983861508647067,0.0,0.0,0.0,0.0,0.006600104971735565,0.0,0.0,0.0,0.0,0.0,0.0,0.0,0.0,0.0,0.0,0.0,0.0,0.0,0.0023038858502765712,0.04469234396387328,0.08124103010016284,0.04799881092565285,0.09272276193427764
1758362655.219055,2025-09-20T19:04:15.219055,20250920_190339,6.109453664308205,2.0370815918662255,0.0,1.973384917745422,0.0019779855650721174,-0.0007864391796614037,0.0,0.0,0.0,0.0,0.006370779666212687,0.0,0.0,0.0,0.0,0.0,0.0,0.0,0.0,0.0,0.0,0.0,0.0,0.0,0.001949918257296872,0.04447454963315668,0.07981716398252124,0.044157878768084774,0.09137157780888325
1758362655.2511635,2025-09-20T19:04:15.251163,20250920_190339,6.100773565170929,2.0591429328513917,0.0,1.9780908865436138,0.001977374572220235,-0.000566033712176458,0.0,0.0,0.0,0.0,0.0062765748363391724,0.0,0.0,0.0,0.0,0.0,0.0,0.0,0.0,0.0,0.0,0.0,0.0,0.0,0.0019625974431652497,0.04446768008588074,0.07922483724400557,0.044301212660211114,0.09085124880021962
1758362655.2883766,2025-09-20T19:04:15.288377,20250920_190339,6.092694415813547,2.073514254824449,0.0,1.9790374449960761,0.0020692222796775167,-0.0008186468797806482,0.0,0.0,0.0,0.0,0.00654114542142924,0.0,0.0,0.0,0.0,0.0,0.0,0.0,0.0,0.0,0.0,0.0,0.0,0.0,0.0017458938365140363,0.04548870496812936,0.08087734801184594,0.041783894463226334,0.09279206701602652
1758362655.2997482,2025-09-20T19:04:15.299748,20250920_190339,6.084691161985021,2.088698632097552,0.0,1.9833306335959378,0.0021616251277226913,-0.0009474770107919415,0.0,0.0,0.0,0.0,0.006319719025839609,0.0,0.0,0.0,0.0,0.0,0.0,0.0,0.0,0.0,0.0,0.0,0.0,0.0,0.0016681483981876679,0.0464932804577467,0.07949666046973047,0.040842972445546466,0.09209421346405158
1758362655.3386228,2025-09-20T19:04:15.338623,20250920_190339,6.073142998828856,2.1105448413740944,0.0,1.985475863171281,0.0020090071966308272,-0.0010071072063934689,0.0,0.0,0.0,0.0,0.006279521778271928,0.0,0.0,0.0,0.0,0.0,0.0,0.0,0.0,0.0,0.0,0.0,0.0,0.0,0.001801291114711376,0.0448219499423087,0.0792434336602846,0.04244162007642234,0.09104135859543593
1758362655.365637,2025-09-20T19:04:15.365637,20250920_190339,6.067645427169778,2.1165862655561525,0.0,1.9864352083298988,0.0020500970447153858,-0.0011420029007970709,0.0,0.0,0.0,0.0,0.006036481476159073,0.0,0.0,0.0,0.0,0.0,0.0,0.0,0.0,0.0,0.0,0.0,0.0,0.0,0.0016447305080076011,0.04527799735760611,0.07769479696967534,0.0405552771906148,0.08992540531392927
1758362655.3778083,2025-09-20T19:04:15.377808,20250920_190339,6.05915502734315,2.1348609173008626,0.0,1.990856487240202,0.0022116450842378736,-0.001070743598181868,0.0,0.0,0.0,0.0,0.005771071508892456,0.0,0.0,0.0,0.0,0.0,0.0,0.0,0.0,0.0,0.0,0.0,0.0,0.0,0.0016091674622773346,0.04702813077550365,0.07596756879677312,0.04011442960179459,0.08934604967837319
1758362655.3986535,2025-09-20T19:04:15.398654,20250920_190339,6.048262266006336,2.1547041680231347,0.0,1.9931471947758095,0.0022575488888347847,-0.0014657871301738512,0.0,0.0,0.0,0.0,0.006298915855088712,0.0,0.0,0.0,0.0,0.0,0.0,0.0,0.0,0.0,0.0,0.0,0.0,0.0,0.0017023386277660896,0.04751367054685193,0.0793657095670965,0.041259406536765526,0.09250116077068167
1758362655.4320903,2025-09-20T19:04:15.432090,20250920_190339,6.042856145993848,2.1684649328912085,0.0,1.996427172840024,0.0022412634071271036,-0.0011313476183237308,0.0,0.0,0.0,0.0,0.006103543916200317,0.0,0.0,0.0,0.0,0.0,0.0,0.0,0.0,0.0,0.0,0.0,0.0,0.0,0.0016186136210801626,0.04734198355716735,0.07812518106347222,0.040231997478128806,0.0913499169311468
1758362655.4767067,2025-09-20T19:04:15.476707,20250920_190339,6.0270275464610785,2.1929657209478672,0.0,2.0005524672998765,0.0019791289649159945,-0.0010244953281348052,0.0,0.0,0.0,0.0,0.004748944569985358,0.0,0.0,0.0,0.0,0.0,0.0,0.0,0.0,0.0,0.0,0.0,0.0,0.0,0.0017483685885781627,0.04448740231701548,0.06891258644097868,0.04181349768409912,0.08202483486665092
1758362655.4879923,2025-09-20T19:04:15.487992,20250920_190339,6.0210587173777474,2.2087456557987735,0.0,2.0041580303224613,0.002145011519464382,-0.0009989444436697018,0.0,0.0,0.0,0.0,0.004407065728237017,0.0,0.0,0.0,0.0,0.0,0.0,0.0,0.0,0.0,0.0,0.0,0.0,0.0,0.0016698828661300003,0.046314269069741155,0.0663857343729586,0.04086420029965104,0.08094490254303478
1758362655.5157282,2025-09-20T19:04:15.515728,20250920_190339,6.010832679783734,2.2337435319003007,0.0,2.006267300889758,0.0023964537305354613,-0.0010577005789887022,0.0,0.0,0.0,0.0,0.004671908456018974,0.0,0.0,0.0,0.0,0.0,0.0,0.0,0.0,0.0,0.0,0.0,0.0,0.0,0.0016640768457290259,0.04895358751445558,0.06835136030847502,0.04079309801582893,0.08407355224179858
1758362655.5286717,2025-09-20T19:04:15.528672,20250920_190339,5.999159290376111,2.2509796625214475,0.0,2.009342667851213,0.0023981631789211882,-0.0014537279969655255,0.0,0.0,0.0,0.0,0.005115936431836229,0.0,0.0,0.0,0.0,0.0,0.0,0.0,0.0,0.0,0.0,0.0,0.0,0.0,0.0015482427697367982,0.048971044290694765,0.07152577459794636,0.039347716194676384,0.08668390629613675
1758362655.5573506,2025-09-20T19:04:15.557351,20250920_190339,5.990562685086554,2.27402181861705,0.0,2.010106860553237,0.002516808606350624,-0.001487516471154011,0.0,0.0,0.0,0.0,0.005559379158551356,0.0,0.0,0.0,0.0,0.0,0.0,0.0,0.0,0.0,0.0,0.0,0.0,0.0,0.0016795935263262294,0.050167804480070924,0.07456124434685459,0.04098284429277975,0.08986761243574895
1758362655.6048868,2025-09-20T19:04:15.604887,20250920_190339,5.980020285495155,2.2920648254410185,0.0,2.010800284412349,0.002536427242746945,-0.001379135010264661,0.0,0.0,0.0,0.0,0.005103667845062489,0.0,0.0,0.0,0.0,0.0,0.0,0.0,0.0,0.0,0.0,0.0,0.0,0.0,0.0014331922365036832,0.05036295506368689,0.07143995972187056,0.03785752549366748,0.08740763746841253
1758362655.6154573,2025-09-20T19:04:15.615457,20250920_190339,5.971251907308271,2.31128467832081,0.0,2.0111544577728027,0.0025298451904157224,-0.0015390184317054727,0.0,0.0,0.0,0.0,0.00532959058718915,0.0,0.0,0.0,0.0,0.0,0.0,0.0,0.0,0.0,0.0,0.0,0.0,0.0,0.0016178476402723466,0.05029756644625784,0.07300404500566493,0.0402224768042987,0.08865345891506361
1758362655.6397655,2025-09-20T19:04:15.639766,20250920_190339,5.963636857156939,2.3306158468375244,0.0,2.0110285494168205,0.00251715779647141,-0.0014696537380996912,0.0,0.0,0.0,0.0,0.005501022129035294,0.0,0.0,0.0,0.0,0.0,0.0,0.0,0.0,0.0,0.0,0.0,0.0,0.0,0.0018484232865939398,0.05017128458063846,0.07416887574336889,0.04299329350717319,0.08954429030098292
1758362655.6680524,2025-09-20T19:04:15.668052,20250920_190339,5.949007515282613,2.3515857423942874,0.0,2.011710837416955,0.0027245903522792074,-0.0018774577796316658,0.0,0.0,0.0,0.0,0.005659647226702868,0.0,0.0,0.0,0.0,0.0,0.0,0.0,0.0,0.0,0.0,0.0,0.0,0.0,0.001601551772263159,0.05219760868353269,0.07523062691951242,0.040019392452449336,0.0915654824646388
1758362655.6864018,2025-09-20T19:04:15.686402,20250920_190339,5.93825005887651,2.3646183853531975,0.0,2.014567416249656,0.0023418853843355848,-0.0019155816131238479,0.0,0.0,0.0,0.0,0.005098956146380214,0.0,0.0,0.0,0.0,0.0,0.0,0.0,0.0,0.0,0.0,0.0,0.0,0.0,0.0014965200811339649,0.04839303032809151,0.07140697547425051,0.0386848818162078,0.08626031260502016
1758362655.6996,2025-09-20T19:04:15.699600,20250920_190339,5.928586056801753,2.38751924721894,0.0,2.018645485417263,0.0023947623667148546,-0.0016423187799280052,0.0,0.0,0.0,0.0,0.004837353570260766,0.0,0.0,0.0,0.0,0.0,0.0,0.0,0.0,0.0,0.0,0.0,0.0,0.0,0.0014616024450951255,0.04893630928783713,0.06955108604659431,0.038230909550978846,0.0850418481512227
1758362655.7249,2025-09-20T19:04:15.724900,20250920_190339,5.9205224709861355,2.4068264109170827,0.0,2.0213177117738517,0.0023726852557736256,-0.001393679730298432,0.0,0.0,0.0,0.0,0.004740405187611057,0.0,0.0,0.0,0.0,0.0,0.0,0.0,0.0,0.0,0.0,0.0,0.0,0.0,0.0013793621267076575,0.04871021715999248,0.06885060048838396,0.03713976476376308,0.0843391394512932
1758362655.755064,2025-09-20T19:04:15.755064,20250920_190339,5.9125486823749585,2.4236596653650784,0.0,2.021489885883767,0.0026032897246763154,-0.00165708210120842,0.0,0.0,0.0,0.0,0.004923759240934498,0.0,0.0,0.0,0.0,0.0,0.0,0.0,0.0,0.0,0.0,0.0,0.0,0.0,0.0014837993485559103,0.05102244334286937,0.0701695036389349,0.0385201161544966,0.08675856710210705
1758362655.777458,2025-09-20T19:04:15.777458,20250920_190339,5.9044415431904005,2.440501014815923,0.0,2.021119622937065,0.0025297330698908793,-0.0014824199082416553,0.0,0.0,0.0,0.0,0.0049533378061258244,0.0,0.0,0.0,0.0,0.0,0.0,0.0,0.0,0.0,0.0,0.0,0.0,0.0,0.0014639764259803346,0.05029645186184488,0.0703799531551835,0.038261944879740946,0.08650474481793877
1758362655.8018327,2025-09-20T19:04:15.801833,20250920_190339,5.895132941580968,2.4586468783728606,0.0,2.0202692227349957,0.0025931534835330035,-0.0017995672311304238,0.0,0.0,0.0,0.0,0.005458280256583715,0.0,0.0,0.0,0.0,0.0,0.0,0.0,0.0,0.0,0.0,0.0,0.0,0.0,0.0015764497449448495,0.05092301526356235,0.07388017499020773,0.039704530534245705,0.08972978179019894
1758362655.8450034,2025-09-20T19:04:15.845003,20250920_190339,5.883807515006609,2.4835408046586736,0.0,2.0179434318579257,0.002760442674731238,-0.0023130393381891007,0.0,0.0,0.0,0.0,0.00583697284659232,0.0,0.0,0.0,0.0,0.0,0.0,0.0,0.0,0.0,0.0,0.0,0.0,0.0,0.001693569828434915,0.05253991506208625,0.07640008407451081,0.04115300509604268,0.09272224933274407
1758362655.8603225,2025-09-20T19:04:15.860322,20250920_190339,5.877388522359846,2.5024600387130462,0.0,2.0189421484706407,0.0027626195633882046,-0.002116821262586448,0.0,0.0,0.0,0.0,0.00589304833077171,0.0,0.0,0.0,0.0,0.0,0.0,0.0,0.0,0.0,0.0,0.0,0.0,0.0,0.0016324852131623163,0.052560627501849755,0.0767661926291236,0.04040402471490082,0.09303584198662317
1758362655.876239,2025-09-20T19:04:15.876239,20250920_190339,5.865277295590405,2.5191406023080636,0.0,2.022035475426178,0.0024299665948090345,-0.0022419900176431275,0.0,0.0,0.0,0.0,0.005646253854606229,0.0,0.0,0.0,0.0,0.0,0.0,0.0,0.0,0.0,0.0,0.0,0.0,0.0,0.0016334977369232204,0.04929469134510363,0.07514155877146966,0.04041655275902709,0.08986779428368799
1758362655.9260352,2025-09-20T19:04:15.926035,20250920_190339,5.85253390668637,2.5501441131935354,0.0,2.024246042949281,0.0024523575816865198,-0.0019397713807519984,0.0,0.0,0.0,0.0,0.00500790861701128,0.0,0.0,0.0,0.0,0.0,0.0,0.0,0.0,0.0,0.0,0.0,0.0,0.0,0.0016422733457187111,0.04952128412800419,0.07076657838988176,0.04052497187807428,0.08637283252677198
1758362655.9304028,2025-09-20T19:04:15.930403,20250920_190339,5.845729450266814,2.5663025344532637,0.0,2.0234698480038142,0.002675192448079157,-0.0022757697420593163,0.0,0.0,0.0,0.0,0.005567938453675153,0.0,0.0,0.0,0.0,0.0,0.0,0.0,0.0,0.0,0.0,0.0,0.0,0.0,0.001358200635277297,0.051722262596285914,0.07461862001990624,0.036853773691133684,0.09079168960733305
1758362655.9587243,2025-09-20T19:04:15.958724,20250920_190339,5.8340362336528635,2.5944941107705906,0.0,2.02448619069467,0.0028584488892235845,-0.001948058633957005,0.0,0.0,0.0,0.0,0.004594985508719915,0.0,0.0,0.0,0.0,0.0,0.0,0.0,0.0,0.0,0.0,0.0,0.0,0.0,0.0012797197111058345,0.053464463798148995,0.0677863224310031,0.03577317026915331,0.08633327514894532
1758362655.9762926,2025-09-20T19:04:15.976293,20250920_190339,5.82255268156748,2.611370539225631,0.0,2.0262684288941677,0.0025913516509444463,-0.002136615198464743,0.0,0.0,0.0,0.0,0.00466471939659742,0.0,0.0,0.0,0.0,0.0,0.0,0.0,0.0,0.0,0.0,0.0,0.0,0.0,0.001424766104870333,0.05090532045812546,0.06829875106176847,0.037746074032544534,0.08518257478816818
1758362656.0081468,2025-09-20T19:04:16.008147,20250920_190339,5.807415389104912,2.635607034422806,0.0,2.029214430662836,0.0024107438698183267,-0.0022862780551390007,0.0,0.0,0.0,0.0,0.004729531632177436,0.0,0.0,0.0,0.0,0.0,0.0,0.0,0.0,0.0,0.0,0.0,0.0,0.0,0.0015293645900196985,0.04909932657194319,0.0687715902984469,0.03910709130093542,0.08450015089924848
1758362656.046928,2025-09-20T19:04:16.046928,20250920_190339,5.795978084163699,2.653613501973805,0.0,2.0241715186086715,0.0020478865390449615,-0.0019572784887358294,0.0,0.0,0.0,0.0,0.004185585008127014,0.0,0.0,0.0,0.0,0.0,0.0,0.0,0.0,0.0,0.0,0.0,0.0,0.0,0.0014780295737374148,0.045253580400283926,0.06469609731758952,0.03844515019787821,0.07895233718625419
1758362656.0544384,2025-09-20T19:04:16.054438,20250920_190339,5.7880183417689315,2.6705629647896854,0.0,2.0049105889378644,0.0019865592490974546,-0.001872115941977091,0.0,0.0,0.0,0.0,0.003998707777204853,0.0,0.0,0.0,0.0,0.0,0.0,0.0,0.0,0.0,0.0,0.0,0.0,0.0,0.0016571534504978304,0.044570834063291376,0.063235336459964,0.040708149681578876,0.07736450753609377
1758362656.0856445,2025-09-20T19:04:16.085644,20250920_190339,5.779528648344172,2.684365916289528,0.0,1.9910470113649514,0.0018062887062031499,-0.0019342817525998094,0.0,0.0,0.0,0.0,0.00421226387687329,0.0,0.0,0.0,0.0,0.0,0.0,0.0,0.0,0.0,0.0,0.0,0.0,0.0,0.0017530347021753748,0.04250045536465639,0.06490195587864275,0.041869257244132894,0.07757933090119068
1758362656.0933635,2025-09-20T19:04:16.093364,20250920_190339,5.765332783071207,2.710227530931049,0.0,1.9710264567511504,0.001904439041696415,-0.0024141161086286334,0.0,0.0,0.0,0.0,0.00487883559242735,0.0,0.0,0.0,0.0,0.0,0.0,0.0,0.0,0.0,0.0,0.0,0.0,0.0,0.001789507958592482,0.0436398790293513,0.06984866206612228,0.04230257626424757,0.08236063765005565
1758362656.116451,2025-09-20T19:04:16.116451,20250920_190339,5.7602307526292735,2.7217267375574723,0.0,1.957835962390042,0.001977513129576403,-0.0025988368876312513,0.0,0.0,0.0,0.0,0.005136751405275244,0.0,0.0,0.0,0.0,0.0,0.0,0.0,0.0,0.0,0.0,0.0,0.0,0.0,0.0019049653025607649,0.04446923801434429,0.07167113369603724,0.04364590819951814,0.08434609970147788
1758362656.1556678,2025-09-20T19:04:16.155668,20250920_190339,5.750888898084016,2.743845381196193,0.0,1.935256290027862,0.0019234818497558114,-0.0026232656360350337,0.0,0.0,0.0,0.0,0.0052925747940004144,0.0,0.0,0.0,0.0,0.0,0.0,0.0,0.0,0.0,0.0,0.0,0.0,0.0,0.0022698883857972954,0.04385751759682496,0.07275008449479914,0.047643345661249434,0.08494737573201555
1758362656.189556,2025-09-20T19:04:16.189556,20250920_190339,5.741461922827652,2.7601408005538746,0.0,1.9232530324034351,0.0018425418072978957,-0.002612016328978205,0.0,0.0,0.0,0.0,0.005336235590977166,0.0,0.0,0.0,0.0,0.0,0.0,0.0,0.0,0.0,0.0,0.0,0.0,0.0,0.0019924363756773154,0.04292483904801386,0.07304954203126236,0.044636715556560784,0.08472766607357399
1758362656.1993902,2025-09-20T19:04:16.199390,20250920_190339,5.730506902797146,2.787590539780768,0.0,1.9000827577350259,0.0019605804134238554,-0.002808399577878865,0.0,0.0,0.0,0.0,0.005840512012013806,0.0,0.0,0.0,0.0,0.0,0.0,0.0,0.0,0.0,0.0,0.0,0.0,0.0,0.002032339906763702,0.044278441858582325,0.07642324261645671,0.04508148075167565,0.08832379308791975
1758362656.2437968,2025-09-20T19:04:16.243797,20250920_190339,5.7198442384677515,2.816014593939513,0.0,1.8757832097118572,0.0017963370380373591,-0.0026762686887786564,0.0,0.0,0.0,0.0,0.005646548024039436,0.0,0.0,0.0,0.0,0.0,0.0,0.0,0.0,0.0,0.0,0.0,0.0,0.0,0.0026032197994432177,0.04238321646639574,0.07514351618096823,0.0510217580983174,0.08627215693418587
1758362656.2580423,2025-09-20T19:04:16.258042,20250920_190339,5.712677670993497,2.83076977708708,0.0,1.8730520646972233,0.0016234297010787383,-0.002471065560872625,0.0,0.0,0.0,0.0,0.005242507700481855,0.0,0.0,0.0,0.0,0.0,0.0,0.0,0.0,0.0,0.0,0.0,0.0,0.0,0.0026318245341236234,0.040291806872846225,0.07240516349323338,0.05130131123201066,0.08286095221249025
1758362656.2893841,2025-09-20T19:04:16.289384,20250920_190339,5.7071217769224045,2.84936599993225,0.0,1.8780776775298598,0.0017133674677415026,-0.002606095038393824,0.0,0.0,0.0,0.0,0.005565349455246704,0.0,0.0,0.0,0.0,0.0,0.0,0.0,0.0,0.0,0.0,0.0,0.0,0.0,0.002753084679984456,0.041392843194705806,0.07460126979647667,0.05246984543511116,0.08531539675221704
1758362656.3100853,2025-09-20T19:04:16.310085,20250920_190339,5.698402877018478,2.878584041805349,0.0,1.8949139677284446,0.0015482220049024605,-0.0022489454498347394,0.0,0.0,0.0,0.0,0.005107473820851521,0.0,0.0,0.0,0.0,0.0,0.0,0.0,0.0,0.0,0.0,0.0,0.0,0.0,0.002754402807356333,0.039347452330518944,0.07146659234111782,0.05248240474060171,0.0815824480250132
1758362656.32271,2025-09-20T19:04:16.322710,20250920_190339,5.69286095576809,2.9028906259294063,0.0,1.9155367960074274,0.001631897639332723,-0.0023061517603279067,0.0,0.0,0.0,0.0,0.00523068309254,0.0,0.0,0.0,0.0,0.0,0.0,0.0,0.0,0.0,0.0,0.0,0.0,0.0,0.0025204379128877905,0.04039675283154233,0.07232346156358944,0.050203963119337405,0.08284069490215978
1758362656.3559723,2025-09-20T19:04:16.355972,20250920_190339,5.682118203591499,2.9373033432835265,0.0,1.9353481799497412,0.0016304893450528235,-0.0022485660595019073,0.0,0.0,0.0,0.0,0.005002810753797859,0.0,0.0,0.0,0.0,0.0,0.0,0.0,0.0,0.0,0.0,0.0,0.0,0.0,0.002968210208503671,0.040379318283656346,0.07073055035695579,0.05448128310258186,0.08144507412269132
1758362656.3841374,2025-09-20T19:04:16.384137,20250920_190339,5.670518906674565,2.970555586773786,0.0,1.9556801184253085,0.00185709852309347,-0.0024942868702162377,0.0,0.0,0.0,0.0,0.005507301600213145,0.0,0.0,0.0,0.0,0.0,0.0,0.0,0.0,0.0,0.0,0.0,0.0,0.0,0.0034662870128731016,0.04309406598469759,0.07421119592226731,0.058875181637707934,0.08581608312727058
1758362656.3982246,2025-09-20T19:04:16.398225,20250920_190339,5.666621334024773,2.9893187365779,0.0,1.9660761870810086,0.0016809167848376844,-0.002268559802845218,0.0,0.0,0.0,0.0,0.005365016389696087,0.0,0.0,0.0,0.0,0.0,0.0,0.0,0.0,0.0,0.0,0.0,0.0,0.0,0.003673362223049644,0.04099898516838782,0.07324627218975781,0.06060826860296905,0.08394005703199023
1758362656.433265,2025-09-20T19:04:16.433265,20250920_190339,5.659185272160555,3.011697249129547,0.0,1.9780834610267108,0.0016243737711851404,-0.002158324516216803,0.0,0.0,0.0,0.0,0.0055799077100061045,0.0,0.0,0.0,0.0,0.0,0.0,0.0,0.0,0.0,0.0,0.0,0.0,0.0,0.004008595897883785,0.0403035205805292,0.07469877984282008,0.06331347327294393,0.08487803886277795
1758362656.474113,2025-09-20T19:04:16.474113,20250920_190339,5.65020337109225,3.041521050552,0.0,1.9934671861446478,0.0017710725265117978,-0.0021869649955452066,0.0,0.0,0.0,0.0,0.005953477864789042,0.0,0.0,0.0,0.0,0.0,0.0,0.0,0.0,0.0,0.0,0.0,0.0,0.0,0.004529802656736438,0.04208411251899935,0.0771587834584569,0.0673038086347009,0.08788942138449223
1758362656.4835937,2025-09-20T19:04:16.483594,20250920_190339,5.645990097976769,3.058470524497268,0.0,2.0018279032590476,0.0018484734825887506,-0.0022336042021846043,0.0,0.0,0.0,0.0,0.00593644552952928,0.0,0.0,0.0,0.0,0.0,0.0,0.0,0.0,0.0,0.0,0.0,0.0,0.0,0.004744667492885689,0.04299387726861525,0.07704833242536324,0.06888154682413636,0.08823218807282313
1758362656.5025694,2025-09-20T19:04:16.502569,20250920_190339,5.639004768566069,3.087719304602893,0.0,2.018501891893266,0.0019186769239884125,-0.0023965180062852083,0.0,0.0,0.0,0.0,0.006677858877495907,0.0,0.0,0.0,0.0,0.0,0.0,0.0,0.0,0.0,0.0,0.0,0.0,0.0,0.004522022934592263,0.04380270452824132,0.08171816736501074,0.06724598824162124,0.09271750536702505
1758362656.5428486,2025-09-20T19:04:16.542849,20250920_190339,5.62667493268428,3.121945353192667,0.0,2.0404874870527965,0.0021711678146650354,-0.002992201365292289,0.0,0.0,0.0,0.0,0.008664705587609203,0.0,0.0,0.0,0.0,0.0,0.0,0.0,0.0,0.0,0.0,0.0,0.0,0.0,0.004386397681913377,0.04659579181283472,0.09308440034511262,0.06622988511173318,0.10409550135464182
1758362656.5641315,2025-09-20T19:04:16.564131,20250920_190339,5.616659132190352,3.147181363303026,0.0,2.054454746328539,0.0025182680042658756,-0.003190484467113292,0.0,0.0,0.0,0.0,0.008815440105361401,0.0,0.0,0.0,0.0,0.0,0.0,0.0,0.0,0.0,0.0,0.0,0.0,0.0,0.005070005106948608,0.05018234753641838,0.09389057516791235,0.07120396833708503,0.10645988967506625
1758362656.5806644,2025-09-20T19:04:16.580664,20250920_190339,5.60740476506887,3.1754368762678715,0.0,2.0707520349894346,0.0026156831881058106,-0.00328589083086735,0.0,0.0,0.0,0.0,0.00942120816672409,0.0,0.0,0.0,0.0,0.0,0.0,0.0,0.0,0.0,0.0,0.0,0.0,0.0,0.005783305992333711,0.0511437502350562,0.09706290829520868,0.07604805054920022,0.10971276751057692
1758362656.601947,2025-09-20T19:04:16.601947,20250920_190339,5.60026773576026,3.199614998874335,0.0,2.073461315991223,0.0024913349928744714,-0.003116917789166779,0.0,0.0,0.0,0.0,0.008659487876145082,0.0,0.0,0.0,0.0,0.0,0.0,0.0,0.0,0.0,0.0,0.0,0.0,0.0,0.005148254100994898,0.04991327471599586,0.09305636934753624,0.07175133518614757,0.10559745673556516
1758362656.623631,2025-09-20T19:04:16.623631,20250920_190339,5.594707835141361,3.2164566398787953,0.0,2.084960139021623,0.0025750463084159027,-0.0031766833192946055,0.0,0.0,0.0,0.0,0.00864206550892041,0.0,0.0,0.0,0.0,0.0,0.0,0.0,0.0,0.0,0.0,0.0,0.0,0.0,0.005144633325576602,0.05074491411378979,0.09296271031397703,0.0717260993333431,0.1059108673240679
1758362656.663899,2025-09-20T19:04:16.663899,20250920_190339,5.591184788920576,3.231494815102897,0.0,2.094081829569882,0.0027681054541292874,-0.003505873730741087,0.0,0.0,0.0,0.0,0.009079878436480055,0.0,0.0,0.0,0.0,0.0,0.0,0.0,0.0,0.0,0.0,0.0,0.0,0.0,0.00537086206205368,0.0526127879334415,0.09528839612712586,0.07328616555703867,0.10884844459435028
1758362656.698651,2025-09-20T19:04:16.698651,20250920_190339,5.583814601008758,3.2501948276283037,0.0,2.1090398912362347,0.0029181176056140108,-0.003574416119161948,0.0,0.0,0.0,0.0,0.009105953491663692,0.0,0.0,0.0,0.0,0.0,0.0,0.0,0.0,0.0,0.0,0.0,0.0,0.0,0.005807766877336542,0.054019603900935916,0.09542511981477253,0.07620870604685885,0.10965432548366573
1758362656.7058089,2025-09-20T19:04:16.705809,20250920_190339,5.571632517001525,3.280266349487733,0.0,2.1275173688750666,0.0030354201945370154,-0.003816892323715803,0.0,0.0,0.0,0.0,0.009535959156249614,0.0,0.0,0.0,0.0,0.0,0.0,0.0,0.0,0.0,0.0,0.0,0.0,0.0,0.005144624993079415,0.05509464760334724,0.09765223579749525,0.07172604124778821,0.11212216262089592
1758362656.742449,2025-09-20T19:04:16.742449,20250920_190339,5.555204586550108,3.311043779992534,0.0,2.148478259852635,0.0029669808797882884,-0.0037705339104498093,0.0,0.0,0.0,0.0,0.009439677346416183,0.0,0.0,0.0,0.0,0.0,0.0,0.0,0.0,0.0,0.0,0.0,0.0,0.0,0.0050662232396037985,0.05446999981446932,0.09715800196801179,0.07117740680583831,0.11138517956265309
1758362656.75763,2025-09-20T19:04:16.757630,20250920_190339,5.5477986234195695,3.3235720059381504,0.0,2.1598020616019804,0.0027159879125921247,-0.003474323709899018,0.0,0.0,0.0,0.0,0.008276256816981497,0.0,0.0,0.0,0.0,0.0,0.0,0.0,0.0,0.0,0.0,0.0,0.0,0.0,0.005255512109241223,0.05211514091501744,0.09097393482191203,0.07249491091960333,0.10484390649710465
1758362656.772708,2025-09-20T19:04:16.772708,20250920_190339,5.542126187726777,3.3415965565524686,0.0,2.166692586562922,0.002561616580276457,-0.0035853526328533647,0.0,0.0,0.0,0.0,0.008567214199279615,0.0,0.0,0.0,0.0,0.0,0.0,0.0,0.0,0.0,0.0,0.0,0.0,0.0,0.004788443009174755,0.050612415278036844,0.09255924696798054,0.0691985766412486,0.10549327362233135
1758362656.801748,2025-09-20T19:04:16.801748,20250920_190339,5.527614930240226,3.365102276226135,0.0,2.1788546950204815,0.0027392070435390604,-0.00351115141571134,0.0,0.0,0.0,0.0,0.007775291957243377,0.0,0.0,0.0,0.0,0.0,0.0,0.0,0.0,0.0,0.0,0.0,0.0,0.0,0.005327946719011135,0.052337434437876876,0.08817761596484323,0.07299278539014069,0.10254023113287017
1758362656.8163157,2025-09-20T19:04:16.816316,20250920_190339,5.520156282099387,3.3808329639983388,0.0,2.1868472344642513,0.002445182991902779,-0.0030869869725035737,0.0,0.0,0.0,0.0,0.00654243823804659,0.0,0.0,0.0,0.0,0.0,0.0,0.0,0.0,0.0,0.0,0.0,0.0,0.0,0.004910303076583813,0.04944879161215953,0.08088534006880721,0.07007355475915156,0.09480306550924061
1758362656.8646762,2025-09-20T19:04:16.864676,20250920_190339,5.506567824359663,3.403637010261176,0.0,2.2072940290063414,0.002539168533444182,-0.0031068372344751046,0.0,0.0,0.0,0.0,0.00618078030206006,0.0,0.0,0.0,0.0,0.0,0.0,0.0,0.0,0.0,0.0,0.0,0.0,0.0,0.005099316017657943,0.050390163062290064,0.0786179388057208,0.07140949529059804,0.09338066628325288
1758362656.8775132,2025-09-20T19:04:16.877513,20250920_190339,5.4951346890964246,3.417526983185081,0.0,2.226691926176256,0.0031160727513306124,-0.0037701476743319806,0.0,0.0,0.0,0.0,0.0067704452383530135,0.0,0.0,0.0,0.0,0.0,0.0,0.0,0.0,0.0,0.0,0.0,0.0,0.0,0.0052561151798025734,0.05582179459073859,0.08228271530736582,0.07249907019957272,0.09943097097828034
1758362656.8963408,2025-09-20T19:04:16.896341,20250920_190339,5.484379873964954,3.4322131153133153,0.0,2.2400229406005128,0.002684138217036521,-0.0031366693497899643,0.0,0.0,0.0,0.0,0.005489990049793377,0.0,0.0,0.0,0.0,0.0,0.0,0.0,0.0,0.0,0.0,0.0,0.0,0.0,0.004826892595187676,0.05180866932315982,0.07409446706599203,0.0694758418098527,0.09041088577616026
1758362656.9475238,2025-09-20T19:04:16.947524,20250920_190339,5.469534838585859,3.4527743383575205,0.0,2.262558527423175,0.0026863406490779474,-0.0030994054135474207,0.0,0.0,0.0,0.0,0.005312137636569181,0.0,0.0,0.0,0.0,0.0,0.0,0.0,0.0,0.0,0.0,0.0,0.0,0.0,0.00478344701211712,0.0518299204039322,0.07288441285054838,0.06916246823326305,0.08943421205359349
1758362656.962384,2025-09-20T19:04:16.962384,20250920_190339,5.461004511804458,3.4671589474636972,0.0,2.2765785931417315,0.0023580811669596637,-0.0026575068199334627,0.0,0.0,0.0,0.0,0.004432734490660035,0.0,0.0,0.0,0.0,0.0,0.0,0.0,0.0,0.0,0.0,0.0,0.0,0.0,0.004691363471176055,0.04856007791344309,0.06657878408817658,0.06849352868100793,0.08240640544047349
1758362656.9766388,2025-09-20T19:04:16.976639,20250920_190339,5.446634102035804,3.4871049703846975,0.0,2.2935682597988265,0.002385764391882646,-0.0026082279098393756,0.0,0.0,0.0,0.0,0.004210952428573392,0.0,0.0,0.0,0.0,0.0,0.0,0.0,0.0,0.0,0.0,0.0,0.0,0.0,0.005274111268797564,0.04884428719801985,0.06489185178875227,0.07262307669603074,0.08122017495952615
1758362656.9990256,2025-09-20T19:04:16.999026,20250920_190339,5.4280799093174865,3.5091619597691874,0.0,2.3149243867171094,0.0026841742028804647,-0.0028652004445477173,0.0,0.0,0.0,0.0,0.004431438229349908,0.0,0.0,0.0,0.0,0.0,0.0,0.0,0.0,0.0,0.0,0.0,0.0,0.0,0.005385985320856387,0.05180901661757792,0.06656904858378185,0.07338927251892055,0.08435408959991432
1758362657.04065,2025-09-20T19:04:17.040650,20250920_190339,5.40859654662665,3.527873052582178,0.0,2.338789486256057,0.0031850157007983233,-0.0032493667691943966,0.0,0.0,0.0,0.0,0.0047118228298760724,0.0,0.0,0.0,0.0,0.0,0.0,0.0,0.0,0.0,0.0,0.0,0.0,0.0,0.0047876925509433114,0.05643594334108648,0.06864271869525618,0.06919315393117524,0.08886415773907046
1758362657.0737581,2025-09-20T19:04:17.073758,20250920_190339,5.39582765166749,3.5411351463196836,0.0,2.3519485904122597,0.002862037105157224,-0.002893941333538392,0.0,0.0,0.0,0.0,0.004140899055716706,0.0,0.0,0.0,0.0,0.0,0.0,0.0,0.0,0.0,0.0,0.0,0.0,0.0,0.004041096949604228,0.05349801029157275,0.06434981783747881,0.06356962285246176,0.08368354773116356
1758362657.0926244,2025-09-20T19:04:17.092624,20250920_190339,5.378685461451327,3.5557460034184616,0.0,2.3744407195992374,0.0032676793513159597,-0.0033426483031849465,0.0,0.0,0.0,0.0,0.004635350031986003,0.0,0.0,0.0,0.0,0.0,0.0,0.0,0.0,0.0,0.0,0.0,0.0,0.0,0.0044698711678524275,0.05716361912366955,0.06808340496762778,0.06685709511975844,0.08889898415224981
1758362657.1120076,2025-09-20T19:04:17.112008,20250920_190339,5.364786545067014,3.5701151642151516,0.0,2.3751168446886353,0.003175099214994176,-0.003205187220443611,0.0,0.0,0.0,0.0,0.00447625146315186,0.0,0.0,0.0,0.0,0.0,0.0,0.0,0.0,0.0,0.0,0.0,0.0,0.0,0.004040708094514675,0.05634801873175468,0.06690479402219142,0.06356656428119012,0.08747199939492659
1758362657.1296043,2025-09-20T19:04:17.129604,20250920_190339,5.351714092680382,3.583114361727657,0.0,2.3819636343943236,0.003563587124785213,-0.003421034228998617,0.0,0.0,0.0,0.0,0.004563157047981617,0.0,0.0,0.0,0.0,0.0,0.0,0.0,0.0,0.0,0.0,0.0,0.0,0.0,0.0036963457752793925,0.059695788166211634,0.06755114394280541,0.06079758034066317,0.09014845629719252
1758362657.1601458,2025-09-20T19:04:17.160146,20250920_190339,5.330412752368879,3.6000415771938874,0.0,2.3863378865020146,0.0043799209297051,-0.0039238344713759185,0.0,0.0,0.0,0.0,0.004872563125353465,0.0,0.0,0.0,0.0,0.0,0.0,0.0,0.0,0.0,0.0,0.0,0.0,0.0,0.004104129473817123,0.06618097105441337,0.06980374721570086,0.06406348003205198,0.09618983342879103
1758362657.177997,2025-09-20T19:04:17.177997,20250920_190339,5.315678621738419,3.6119529627774782,0.0,2.3906567881476732,0.004611469160271658,-0.00392355565684176,0.0,0.0,0.0,0.0,0.004778868254260213,0.0,0.0,0.0,0.0,0.0,0.0,0.0,0.0,0.0,0.0,0.0,0.0,0.0,0.004242682107865229,0.06790779896500591,0.06912935884456194,0.06513587420051434,0.09690375335626517
1758362657.20696,2025-09-20T19:04:17.206960,20250920_190339,5.291714278083067,3.6346580923961636,0.0,2.394963175730358,0.004510510647442923,-0.0034119257023205837,0.0,0.0,0.0,0.0,0.004161973717204333,0.0,0.0,0.0,0.0,0.0,0.0,0.0,0.0,0.0,0.0,0.0,0.0,0.0,0.004265901301489432,0.06716033537321656,0.06451336076507201,0.06531386760473944,0.09312617443365348
1758362657.2434673,2025-09-20T19:04:17.243467,20250920_190339,5.270309516204717,3.6536482353964916,0.0,2.3982180753634874,0.004462767355201983,-0.00306137327322935,0.0,0.0,0.0,0.0,0.0036736441590126396,0.0,0.0,0.0,0.0,0.0,0.0,0.0,0.0,0.0,0.0,0.0,0.0,0.0,0.004078638794415424,0.06680394715285903,0.06061059444530007,0.06386422155178456,0.09020205936792475
1758362657.2646089,2025-09-20T19:04:17.264609,20250920_190339,5.254014565750951,3.666480349597051,0.0,2.4048816823185875,0.004755147111892507,-0.0030304150253451035,0.0,0.0,0.0,0.0,0.003426747187526194,0.0,0.0,0.0,0.0,0.0,0.0,0.0,0.0,0.0,0.0,0.0,0.0,0.0,0.0038127892218631928,0.06895757472455442,0.058538424880809646,0.06174778718191602,0.09045382412821859
1758362657.2765036,2025-09-20T19:04:17.276504,20250920_190339,5.229375118294118,3.68501581753036,0.0,2.417338089769595,0.004817625543100176,-0.0029329595355779008,0.0,0.0,0.0,0.0,0.0032191255395187077,0.0,0.0,0.0,0.0,0.0,0.0,0.0,0.0,0.0,0.0,0.0,0.0,0.0,0.003509408663714312,0.06940911714681419,0.056737338142696714,0.05924026218471954,0.08964792849039449
1758362657.2953875,2025-09-20T19:04:17.295388,20250920_190339,5.214994128807954,3.696832210706696,0.0,2.4231551486189473,0.004832866266165952,-0.003051858507902002,0.0,0.0,0.0,0.0,0.003310790070848012,0.0,0.0,0.0,0.0,0.0,0.0,0.0,0.0,0.0,0.0,0.0,0.0,0.0,0.00319915778102524,0.06951881951073358,0.05753946533335196,0.05656109777068723,0.09024220928708453
1758362657.3448632,2025-09-20T19:04:17.344863,20250920_190339,5.191275911330525,3.713347372560376,0.0,2.4327092450422834,0.004918402026810015,-0.002933533064601941,0.0,0.0,0.0,0.0,0.0031871136731276392,0.0,0.0,0.0,0.0,0.0,0.0,0.0,0.0,0.0,0.0,0.0,0.0,0.0,0.002981204028976486,0.07013131987072548,0.05645452748121836,0.05460040319426667,0.09003063756265227
1758362657.3635564,2025-09-20T19:04:17.363556,20250920_190339,5.17568026329499,3.7235605184439065,0.0,2.4385983076675397,0.004798980860112198,-0.0027716110116766256,0.0,0.0,0.0,0.0,0.002969236530443419,0.0,0.0,0.0,0.0,0.0,0.0,0.0,0.0,0.0,0.0,0.0,0.0,0.0,0.0029396509011113173,0.06927467690370125,0.054490701320898956,0.05421854757471208,0.08813749140153478
1758362657.381177,2025-09-20T19:04:17.381177,20250920_190339,5.162691910273598,3.7362405613836946,0.0,2.441104458105275,0.004535613797553314,-0.002534526656924301,0.0,0.0,0.0,0.0,0.0026844847495270615,0.0,0.0,0.0,0.0,0.0,0.0,0.0,0.0,0.0,0.0,0.0,0.0,0.0,0.003080862793162275,0.0673469657635243,0.051812013563719575,0.05550552038457324,0.08497116303240985
1758362657.4083548,2025-09-20T19:04:17.408355,20250920_190339,5.145614965838281,3.7501675017785696,0.0,2.446088693400927,0.004898216539583624,-0.0031195481511956894,0.0,0.0,0.0,0.0,0.0032951076152635487,0.0,0.0,0.0,0.0,0.0,0.0,0.0,0.0,0.0,0.0,0.0,0.0,0.0,0.00323347036270311,0.06998725983765634,0.05740302792765856,0.05686361193859488,0.09051698268748894
1758362657.433828,2025-09-20T19:04:17.433828,20250920_190339,5.123571961125649,3.769071055594458,0.0,2.451728322310161,0.005182102497589736,-0.0032829894185951,0.0,0.0,0.0,0.0,0.003464871192297281,0.0,0.0,0.0,0.0,0.0,0.0,0.0,0.0,0.0,0.0,0.0,0.0,0.0,0.003669435825538679,0.07198682169390266,0.05886315649281205,0.06057586834324935,0.09298910522145601
1758362657.4671907,2025-09-20T19:04:17.467191,20250920_190339,5.112882766530959,3.778035636928537,0.0,2.4577429094130934,0.004946806099648382,-0.0030811768644264377,0.0,0.0,0.0,0.0,0.003393932098364363,0.0,0.0,0.0,0.0,0.0,0.0,0.0,0.0,0.0,0.0,0.0,0.0,0.0,0.003407980339806261,0.0703335346733575,0.05825746388544873,0.05837790969027806,0.09132764202590991
1758362657.4808412,2025-09-20T19:04:17.480841,20250920_190339,5.093206837422055,3.795300373717895,0.0,2.459839400163913,0.005506595488612701,-0.003467508997123506,0.0,0.0,0.0,0.0,0.003687915009044594,0.0,0.0,0.0,0.0,0.0,0.0,0.0,0.0,0.0,0.0,0.0,0.0,0.0,0.002873804060593514,0.07420643832318528,0.06072820604171174,0.05360787312133838,0.09588801018718292
1758362657.4928486,2025-09-20T19:04:17.492849,20250920_190339,5.0762349438257806,3.8062547924479704,0.0,2.4663186076423247,0.00485549362822894,-0.003160361918053575,0.0,0.0,0.0,0.0,0.0035368962842292242,0.0,0.0,0.0,0.0,0.0,0.0,0.0,0.0,0.0,0.0,0.0,0.0,0.0,0.0027344534389433612,0.06968137217527322,0.05947181083697742,0.052292001672754516,0.0916099880605721
1758362657.5219939,2025-09-20T19:04:17.521994,20250920_190339,5.063852021465877,3.816841704262076,0.0,2.4749216481955054,0.004763434272855289,-0.003124060729438312,0.0,0.0,0.0,0.0,0.0035441628378776735,0.0,0.0,0.0,0.0,0.0,0.0,0.0,0.0,0.0,0.0,0.0,0.0,0.0,0.002558775231686046,0.06901763740418307,0.0595328719102117,0.050584337810097364,0.09114602081678039
1758362657.5598018,2025-09-20T19:04:17.559802,20250920_190339,5.040214098702712,3.832371935635261,0.0,2.480087804432135,0.005087689612130755,-0.003062474502267628,0.0,0.0,0.0,0.0,0.003421855259766143,0.0,0.0,0.0,0.0,0.0,0.0,0.0,0.0,0.0,0.0,0.0,0.0,0.0,0.0025082742211125,0.0713280422563998,0.058496626054552435,0.05008267386145133,0.09224719438496165
1758362657.582644,2025-09-20T19:04:17.582644,20250920_190339,5.020090947313741,3.8498118719767476,0.0,2.505015853243213,0.0043242650045219625,-0.002492247685754683,0.0,0.0,0.0,0.0,0.0031796074400271875,0.0,0.0,0.0,0.0,0.0,0.0,0.0,0.0,0.0,0.0,0.0,0.0,0.0,0.0027234349203616903,0.06575914388525722,0.056388007945193344,0.05218653964732372,0.0866248950622692
1758362657.600277,2025-09-20T19:04:17.600277,20250920_190339,5.000620555259333,3.861878960365257,0.0,2.5250520989417167,0.003866453286596454,-0.001978686065073643,0.0,0.0,0.0,0.0,0.002639415710961677,0.0,0.0,0.0,0.0,0.0,0.0,0.0,0.0,0.0,0.0,0.0,0.0,0.0,0.002846592742678708,0.06218081124106097,0.05137524414503231,0.05335346982791942,0.08065896724827396
1758362657.6474829,2025-09-20T19:04:17.647483,20250920_190339,4.973135540580205,3.8831240041485526,0.0,2.5503631660770028,0.004277889872806744,-0.002121214237184008,0.0,0.0,0.0,0.0,0.0026886132522632006,0.0,0.0,0.0,0.0,0.0,0.0,0.0,0.0,0.0,0.0,0.0,0.0,0.0,0.0031465319737166864,0.06540557982929854,0.051851839429891015,0.0560939566594895,0.08346558048123756
1758362657.6637712,2025-09-20T19:04:17.663771,20250920_190339,4.955648199694011,3.893762663311481,0.0,2.563295343451732,0.004278096654467523,-0.00194983286631936,0.0,0.0,0.0,0.0,0.002685319242485661,0.0,0.0,0.0,0.0,0.0,0.0,0.0,0.0,0.0,0.0,0.0,0.0,0.0,0.003027977842147647,0.0654071605748753,0.051820066021625845,0.0550270646332116,0.08344708441253765
1758362657.6748788,2025-09-20T19:04:17.674879,20250920_190339,4.937385935300802,3.908304071083436,0.0,2.5855743748767326,0.004401007259682602,-0.0018558588731308156,0.0,0.0,0.0,0.0,0.0024792727903736518,0.0,0.0,0.0,0.0,0.0,0.0,0.0,0.0,0.0,0.0,0.0,0.0,0.0,0.00308809447474778,0.0663400878781646,0.04979229649628195,0.05557062600644139,0.08294745354775065
1758362657.6999495,2025-09-20T19:04:17.699950,20250920_190339,4.915821126882564,3.9234001484400025,0.0,2.613035567270875,0.004907421993562053,-0.0020752565851825367,0.0,0.0,0.0,0.0,0.0025817859990259484,0.0,0.0,0.0,0.0,0.0,0.0,0.0,0.0,0.0,0.0,0.0,0.0,0.0,0.0032403427174134813,0.07005299417984968,0.05081127826601047,0.056924008269037776,0.08654021026429276
1758362657.7335258,2025-09-20T19:04:17.733526,20250920_190339,4.893499450538216,3.936909098097829,0.0,2.634506264922502,0.005130699861016011,-0.0022838541376063058,0.0,0.0,0.0,0.0,0.002649518949913876,0.0,0.0,0.0,0.0,0.0,0.0,0.0,0.0,0.0,0.0,0.0,0.0,0.0,0.0033732964094723918,0.07162890380995657,0.05147347812139642,0.05808008616963642,0.08820554864026348
1758362657.7626357,2025-09-20T19:04:17.762636,20250920_190339,4.882463745535162,3.9443307171291813,0.0,2.654317004453671,0.004660712971218869,-0.002042566340767195,0.0,0.0,0.0,0.0,0.002456100539311724,0.0,0.0,0.0,0.0,0.0,0.0,0.0,0.0,0.0,0.0,0.0,0.0,0.0,0.003629601828065359,0.06826941461019619,0.049559061122177485,0.06024617687509606,0.08436120856490022
1758362657.7808146,2025-09-20T19:04:17.780815,20250920_190339,4.853328622624019,3.9602111184968405,0.0,2.678973014616981,0.005112825665870265,-0.002086421420016497,0.0,0.0,0.0,0.0,0.002338382106208759,0.0,0.0,0.0,0.0,0.0,0.0,0.0,0.0,0.0,0.0,0.0,0.0,0.0,0.0038006619796411246,0.07150402552213592,0.04835682067928742,0.06164950915977454,0.08632037866042423
1758362657.792784,2025-09-20T19:04:17.792784,20250920_190339,4.838945979938586,3.969839976782987,0.0,2.6932711885357556,0.005094609883233218,-0.0020344518236217876,0.0,0.0,0.0,0.0,0.00212253002361157,0.0,0.0,0.0,0.0,0.0,0.0,0.0,0.0,0.0,0.0,0.0,0.0,0.0,0.0037718417799627543,0.07137653594307598,0.04607092384152471,0.06141532202930108,0.08495375157604747
1758362657.8374856,2025-09-20T19:04:17.837486,20250920_190339,4.81373955082927,3.9839213298032745,0.0,2.713945335762103,0.0052631362686718,-0.0019765647026991533,0.0,0.0,0.0,0.0,0.0020576070581205617,0.0,0.0,0.0,0.0,0.0,0.0,0.0,0.0,0.0,0.0,0.0,0.0,0.0,0.0041174798323622905,0.07254747596348063,0.045360853807226355,0.06416759176065664,0.08556134247890435
1758362657.867949,2025-09-20T19:04:17.867949,20250920_190339,4.791528781129643,3.9951998528334833,0.0,2.7259663145454267,0.00503823113460508,-0.001638993379935037,0.0,0.0,0.0,0.0,0.0018478308499558286,0.0,0.0,0.0,0.0,0.0,0.0,0.0,0.0,0.0,0.0,0.0,0.0,0.0,0.0034494093800447813,0.07098049826963093,0.04298640308232161,0.0587316727162166,0.08298229922435814
1758362657.8758392,2025-09-20T19:04:17.875839,20250920_190339,4.768817794337908,4.008075578936312,0.0,2.7457906094322695,0.005416172791640652,-0.0017918810344586384,0.0,0.0,0.0,0.0,0.0018583517635221655,0.0,0.0,0.0,0.0,0.0,0.0,0.0,0.0,0.0,0.0,0.0,0.0,0.0,0.0037217986077763988,0.0735946519228174,0.04310860428640859,0.06100654561419126,0.08529082339362669
1758362657.8993275,2025-09-20T19:04:17.899328,20250920_190339,4.751360129112987,4.0162983596279975,0.0,2.7564602124327404,0.005682930125991311,-0.001678514356438797,0.0,0.0,0.0,0.0,0.0016584862776484078,0.0,0.0,0.0,0.0,0.0,0.0,0.0,0.0,0.0,0.0,0.0,0.0,0.0,0.0036617683725589786,0.07538521158683122,0.0407245169111729,0.06051254723244576,0.08568206582266628
1758362657.9364333,2025-09-20T19:04:17.936433,20250920_190339,4.726101507347522,4.028645954824647,0.0,2.7795267369767327,0.0062627899782180755,-0.002094740011868031,0.0,0.0,0.0,0.0,0.0017943188864289962,0.0,0.0,0.0,0.0,0.0,0.0,0.0,0.0,0.0,0.0,0.0,0.0,0.0,0.0036768355906437616,0.07913779108755864,0.04235940139365754,0.060636916071348496,0.08976139963618589
1758362657.9542024,2025-09-20T19:04:17.954202,20250920_190339,4.711987482426165,4.035571875769654,0.0,2.7896094004645495,0.006168954724754181,-0.0019621143809561963,0.0,0.0,0.0,0.0,0.001755700177825312,0.0,0.0,0.0,0.0,0.0,0.0,0.0,0.0,0.0,0.0,0.0,0.0,0.0,0.0036712303377039353,0.07854269364335667,0.041901076093882265,0.06059067863709677,0.08902053079250591
1758362657.9852536,2025-09-20T19:04:17.985254,20250920_190339,4.687757624559597,4.0447581053048625,0.0,2.8135253274472185,0.006757695378796016,-0.002295735081006652,0.0,0.0,0.0,0.0,0.0019173946187030545,0.0,0.0,0.0,0.0,0.0,0.0,0.0,0.0,0.0,0.0,0.0,0.0,0.0,0.0036511485569426473,0.08220520286938057,0.04378806479742002,0.060424734645198465,0.09314016318162144
1758362658.0038211,2025-09-20T19:04:18.003821,20250920_190339,4.67205705591695,4.048653428064858,0.0,2.8257870752578604,0.006416750309861415,-0.0019320959148404519,0.0,0.0,0.0,0.0,0.0017055851249094575,0.0,0.0,0.0,0.0,0.0,0.0,0.0,0.0,0.0,0.0,0.0,0.0,0.0,0.003407179533369424,0.08010462102688842,0.04129873030626314,0.058371050473410395,0.09012400032605561
1758362658.0450017,2025-09-20T19:04:18.045002,20250920_190339,4.643348316782526,4.056963156286223,0.0,2.842137732906819,0.0061710325474407905,-0.001751809456025336,0.0,0.0,0.0,0.0,0.0017972867368374495,0.0,0.0,0.0,0.0,0.0,0.0,0.0,0.0,0.0,0.0,0.0,0.0,0.0,0.003216114662596112,0.0785559198752124,0.04239441869913361,0.05671079846551371,0.08926544283359737
1758362658.064961,2025-09-20T19:04:18.064961,20250920_190339,4.63168705928009,4.062470847592245,0.0,2.8412587487919296,0.005989412309254494,-0.001480598346133899,0.0,0.0,0.0,0.0,0.001620522805114235,0.0,0.0,0.0,0.0,0.0,0.0,0.0,0.0,0.0,0.0,0.0,0.0,0.0,0.0031622452362052977,0.0773912934977475,0.04025571766984455,0.056233844223966205,0.08723494204943756
1758362658.093188,2025-09-20T19:04:18.093188,20250920_190339,4.604409473631444,4.07110397107149,0.0,2.83796850925706,0.006752029351220574,-0.001715400816392305,0.0,0.0,0.0,0.0,0.0017104503242611965,0.0,0.0,0.0,0.0,0.0,0.0,0.0,0.0,0.0,0.0,0.0,0.0,0.0,0.0029074036618328344,0.08217073293588523,0.04135759089044231,0.05392034552775821,0.0919917369956768
1758362658.1042132,2025-09-20T19:04:18.104213,20250920_190339,4.587278424606345,4.074591583724844,0.0,2.8421364247155942,0.006567091580792931,-0.0015307777794589205,0.0,0.0,0.0,0.0,0.001549272207755152,0.0,0.0,0.0,0.0,0.0,0.0,0.0,0.0,0.0,0.0,0.0,0.0,0.0,0.0026595177496226427,0.08103759362661832,0.03936079531405777,0.051570512404111736,0.09009086406816222
1758362658.1480384,2025-09-20T19:04:18.148038,20250920_190339,4.558828577338355,4.082539667878261,0.0,2.8413809888019395,0.007155750721605818,-0.0015515463579016521,0.0,0.0,0.0,0.0,0.00158749049800276,0.0,0.0,0.0,0.0,0.0,0.0,0.0,0.0,0.0,0.0,0.0,0.0,0.0,0.0027491794425426167,0.08459167052142792,0.039843324384428065,0.05243261811642269,0.09350530048937643
1758362658.1705575,2025-09-20T19:04:18.170557,20250920_190339,4.5432645839949695,4.084917598267719,0.0,2.8455375031615793,0.00688317044225234,-0.0014667525485941514,0.0,0.0,0.0,0.0,0.0015534849436680724,0.0,0.0,0.0,0.0,0.0,0.0,0.0,0.0,0.0,0.0,0.0,0.0,0.0,0.002803020469269566,0.0829648747498141,0.03941427334948689,0.05294355928032763,0.09185126774258705
1758362658.1905673,2025-09-20T19:04:18.190567,20250920_190339,4.518595167410061,4.089609469384472,0.0,2.8481938436109515,0.007802674550091065,-0.0017810484685256529,0.0,0.0,0.0,0.0,0.0016230109795731132,0.0,0.0,0.0,0.0,0.0,0.0,0.0,0.0,0.0,0.0,0.0,0.0,0.0,0.002798442088784843,0.08833274902374014,0.04028661042546411,0.05290030329577367,0.09708596978793681
1758362658.1991038,2025-09-20T19:04:18.199104,20250920_190339,4.500237731979361,4.0960154113068645,0.0,2.85133583877073,0.007414386867744456,-0.0017654591901808071,0.0,0.0,0.0,0.0,0.0016467498348784922,0.0,0.0,0.0,0.0,0.0,0.0,0.0,0.0,0.0,0.0,0.0,0.0,0.0,0.0025745710112704064,0.08610683403623928,0.04058016553537568,0.05074023069784376,0.09519000316536894
1758362658.2381992,2025-09-20T19:04:18.238199,20250920_190339,4.477161119017211,4.102330968277535,0.0,2.861908153162826,0.00739054705743837,-0.0017787565086061705,0.0,0.0,0.0,0.0,0.0016410771340180383,0.0,0.0,0.0,0.0,0.0,0.0,0.0,0.0,0.0,0.0,0.0,0.0,0.0,0.0031250429987918766,0.08596829099987023,0.040510210244061165,0.055902084029058136,0.0950348577704855
1758362658.2556472,2025-09-20T19:04:18.255647,20250920_190339,4.460648812975878,4.106162575354184,0.0,2.8691684732501335,0.007698571715320054,-0.001858817635513765,0.0,0.0,0.0,0.0,0.0016679186864244097,0.0,0.0,0.0,0.0,0.0,0.0,0.0,0.0,0.0,0.0,0.0,0.0,0.0,0.003524553087767031,0.08774150508921108,0.04084016021545961,0.05936794663593336,0.09678063030247563
1758362658.300496,2025-09-20T19:04:18.300496,20250920_190339,4.434315642784091,4.111457612760276,0.0,2.87333216588596,0.008091178786281414,-0.0020637463138997265,0.0,0.0,0.0,0.0,0.001672908735589392,0.0,0.0,0.0,0.0,0.0,0.0,0.0,0.0,0.0,0.0,0.0,0.0,0.0,0.003546819050989917,0.08995097990728847,0.04090120701873469,0.05955517652555416,0.09881339748167152
1758362658.3090718,2025-09-20T19:04:18.309072,20250920_190339,4.41617635934072,4.114228474625969,0.0,2.8777455401998413,0.006844489560334638,-0.0018556036066872882,0.0,0.0,0.0,0.0,0.0014721301654135675,0.0,0.0,0.0,0.0,0.0,0.0,0.0,0.0,0.0,0.0,0.0,0.0,0.0,0.004012903134909984,0.08273143030514242,0.03836834848431148,0.06334747930983509,0.09119550277150845
1758362658.3541815,2025-09-20T19:04:18.354182,20250920_190339,4.387793484747855,4.118719551295348,0.0,2.878252992522295,0.0064837705359404385,-0.0017892050949749189,0.0,0.0,0.0,0.0,0.0014714645893340469,0.0,0.0,0.0,0.0,0.0,0.0,0.0,0.0,0.0,0.0,0.0,0.0,0.0,0.0037199222705372975,0.08052186371377924,0.03835967399931922,0.060991165512205923,0.08919212479403373
1758362658.3728743,2025-09-20T19:04:18.372874,20250920_190339,4.377463412903852,4.11832969271095,0.0,2.8726568659930796,0.006575346454982053,-0.0017917621677226768,0.0,0.0,0.0,0.0,0.0014756677734669105,0.0,0.0,0.0,0.0,0.0,0.0,0.0,0.0,0.0,0.0,0.0,0.0,0.0,0.0033799089617184918,0.0810885100059315,0.038414421425643136,0.058136984456699264,0.08972744412078705
1758362658.383522,2025-09-20T19:04:18.383522,20250920_190339,4.354430478155404,4.122952419802086,0.0,2.851337295696997,0.007574823594299059,-0.0021556850827996986,0.0,0.0,0.0,0.0,0.00155039777485932,0.0,0.0,0.0,0.0,0.0,0.0,0.0,0.0,0.0,0.0,0.0,0.0,0.0,0.0032827371577337193,0.08703346249747311,0.03937509079175971,0.05729517569336636,0.09552602456481887
1758362658.4041045,2025-09-20T19:04:18.404104,20250920_190339,4.340036699102752,4.120273469752468,0.0,2.849699801073176,0.007200420611042088,-0.0022063882063560265,0.0,0.0,0.0,0.0,0.0014788624322191462,0.0,0.0,0.0,0.0,0.0,0.0,0.0,0.0,0.0,0.0,0.0,0.0,0.0,0.003422503121314929,0.08485529218052394,0.03845598044802845,0.058502163390039934,0.0931626697946191
1758362658.4374144,2025-09-20T19:04:18.437414,20250920_190339,4.315737832609806,4.125725602995031,0.0,2.829186122321642,0.006585413770365564,-0.0020178170670486595,0.0,0.0,0.0,0.0,0.001397403633804574,0.0,0.0,0.0,0.0,0.0,0.0,0.0,0.0,0.0,0.0,0.0,0.0,0.0,0.003635678970004845,0.08115056235396995,0.03738186236404727,0.06029659169476203,0.08934661383717984
1758362658.455556,2025-09-20T19:04:18.455556,20250920_190339,4.295828793418223,4.12802147368872,0.0,2.818117066416004,0.007313369181840508,-0.0023507187221616607,0.0,0.0,0.0,0.0,0.0014623822959755786,0.0,0.0,0.0,0.0,0.0,0.0,0.0,0.0,0.0,0.0,0.0,0.0,0.0,0.0037972899710289375,0.08551823888411471,0.038241107410423913,0.06162215487167694,0.09367898098194753
1758362658.494881,2025-09-20T19:04:18.494881,20250920_190339,4.271348076495856,4.133822771160639,0.0,2.79957155544512,0.007390290633511041,-0.0025483471362092174,0.0,0.0,0.0,0.0,0.0014758434502468794,0.0,0.0,0.0,0.0,0.0,0.0,0.0,0.0,0.0,0.0,0.0,0.0,0.0,0.00411724908937924,0.08596679960025871,0.03841670795691478,0.06416579376411734,0.09416015125177912
1758362658.5048974,2025-09-20T19:04:18.504897,20250920_190339,4.255885775269756,4.138181404625601,0.0,2.7896971267446715,0.007148819563746032,-0.002455832112046525,0.0,0.0,0.0,0.0,0.0013974060255929179,0.0,0.0,0.0,0.0,0.0,0.0,0.0,0.0,0.0,0.0,0.0,0.0,0.0,0.004156368866547547,0.08455069227242337,0.037381894355328196,0.06446990667394786,0.09244579811618779
1758362658.537779,2025-09-20T19:04:18.537779,20250920_190339,4.229417334596734,4.147629114310495,0.0,2.773324096846353,0.007813542397256972,-0.0025187124652039303,0.0,0.0,0.0,0.0,0.0013272676293126476,0.0,0.0,0.0,0.0,0.0,0.0,0.0,0.0,0.0,0.0,0.0,0.0,0.0,0.0047612260205726915,0.08839424414099015,0.03643168441497933,0.06900163781079904,0.09560758352018744
1758362658.5726976,2025-09-20T19:04:18.572698,20250920_190339,4.220070900642299,4.1485123438655105,0.0,2.7722719586708275,0.0075303625714824435,-0.002227766558239493,0.0,0.0,0.0,0.0,0.001173632128706196,0.0,0.0,0.0,0.0,0.0,0.0,0.0,0.0,0.0,0.0,0.0,0.0,0.0,0.004092337901615118,0.08677766170785223,0.0342583147382675,0.06397138345866156,0.0932952019140783
1758362658.584251,2025-09-20T19:04:18.584251,20250920_190339,4.197278004656962,4.155232261347097,0.0,2.7512500140093006,0.007286076325804152,-0.0020205982719840652,0.0,0.0,0.0,0.0,0.001065294746165597,0.0,0.0,0.0,0.0,0.0,0.0,0.0,0.0,0.0,0.0,0.0,0.0,0.0,0.00435588374027506,0.08535851642223025,0.03263885332185549,0.06599911923863121,0.09138583627657926
1758362658.5995965,2025-09-20T19:04:18.599597,20250920_190339,4.17887136848051,4.160101615531258,0.0,2.741783548502271,0.007403135847283259,-0.0021342546473101117,0.0,0.0,0.0,0.0,0.0011234194362625825,0.0,0.0,0.0,0.0,0.0,0.0,0.0,0.0,0.0,0.0,0.0,0.0,0.0,0.0038992507630943862,0.0860414774819869,0.03351744972790416,0.062443980999727956,0.09233934851159521
1758362658.6410186,2025-09-20T19:04:18.641019,20250920_190339,4.15436540540665,4.167874577335127,0.0,2.7292767701797818,0.00678528840385007,-0.0020548244601429864,0.0,0.0,0.0,0.0,0.001065618564776071,0.0,0.0,0.0,0.0,0.0,0.0,0.0,0.0,0.0,0.0,0.0,0.0,0.0,0.0029034248697762015,0.0823728620593583,0.03264381357586872,0.053883437805843475,0.08860534390558021
1758362658.6565745,2025-09-20T19:04:18.656574,20250920_190339,4.1378377781961735,4.174490452811122,0.0,2.711708952591454,0.006186434078907158,-0.0019976343115006103,0.0,0.0,0.0,0.0,0.001129440903411839,0.0,0.0,0.0,0.0,0.0,0.0,0.0,0.0,0.0,0.0,0.0,0.0,0.0,0.002647352565277557,0.07865388788170079,0.03360715553884082,0.05145243012023394,0.0855328883080596
1758362658.6733785,2025-09-20T19:04:18.673378,20250920_190339,4.121747436328566,4.181440017555298,0.0,2.6910142847603735,0.005622879026977723,-0.0018286296328866095,0.0,0.0,0.0,0.0,0.0010498116298273687,0.0,0.0,0.0,0.0,0.0,0.0,0.0,0.0,0.0,0.0,0.0,0.0,0.0,0.003073272698553124,0.07498585884670338,0.03240079674679881,0.05543710579163674,0.0816865390184031
1758362658.7019794,2025-09-20T19:04:18.701979,20250920_190339,4.110994194355751,4.187511935707422,0.0,2.6764479318378527,0.0063994192223065845,-0.002098567455288901,0.0,0.0,0.0,0.0,0.0011688881017039444,0.0,0.0,0.0,0.0,0.0,0.0,0.0,0.0,0.0,0.0,0.0,0.0,0.0,0.0026575479277544632,0.07999637005706312,0.034189005567637445,0.05155141053118201,0.08699601901242682
1758362658.7310247,2025-09-20T19:04:18.731025,20250920_190339,4.087971593478063,4.198075260005263,0.0,2.6529907328465026,0.0058336124882979856,-0.0019775973469909427,0.0,0.0,0.0,0.0,0.0011781799333988128,0.0,0.0,0.0,0.0,0.0,0.0,0.0,0.0,0.0,0.0,0.0,0.0,0.0,0.0027021190796202034,0.07637808905895713,0.034324625757592944,0.051981911080877005,0.08373644619696252
1758362658.7582037,2025-09-20T19:04:18.758204,20250920_190339,4.074333177787617,4.204760327807798,0.0,2.6379532704750317,0.005221095558620814,-0.0016554299648218525,0.0,0.0,0.0,0.0,0.0010548816388318831,0.0,0.0,0.0,0.0,0.0,0.0,0.0,0.0,0.0,0.0,0.0,0.0,0.0,0.0026593862302943007,0.07225714884093347,0.032478941467232014,0.05156923724755196,0.0792210653642874
1758362658.7731438,2025-09-20T19:04:18.773144,20250920_190339,4.048335813996808,4.216363265152707,0.0,2.6133460665191395,0.005403888894322188,-0.0017379991400983763,0.0,0.0,0.0,0.0,0.0011195449299155136,0.0,0.0,0.0,0.0,0.0,0.0,0.0,0.0,0.0,0.0,0.0,0.0,0.0,0.002738809886513976,0.07351114809552486,0.03345960146079917,0.052333640103799164,0.08076777714062522
1758362658.7997105,2025-09-20T19:04:18.799711,20250920_190339,4.035291144843572,4.223778056849978,0.0,2.5955618750416867,0.005077930904557084,-0.001665603215002123,0.0,0.0,0.0,0.0,0.0010742475062807887,0.0,0.0,0.0,0.0,0.0,0.0,0.0,0.0,0.0,0.0,0.0,0.0,0.0,0.0025662277334340925,0.07125960219196487,0.032775715190988416,0.05065794837371617,0.07843582351730537
1758362658.832301,2025-09-20T19:04:18.832301,20250920_190339,4.014527569723557,4.237790421519007,0.0,2.5714767582588554,0.00511029865483712,-0.0017455623347575923,0.0,0.0,0.0,0.0,0.0012021129168283324,0.0,0.0,0.0,0.0,0.0,0.0,0.0,0.0,0.0,0.0,0.0,0.0,0.0,0.002547488300567888,0.07148635292723445,0.03467150006602444,0.050472649034579986,0.07945068641406097
1758362658.859605,2025-09-20T19:04:18.859605,20250920_190339,4.000968767452973,4.2452120744171715,0.0,2.5566008198710417,0.00568325527627503,-0.001974724535762541,0.0,0.0,0.0,0.0,0.0012673774283407297,0.0,0.0,0.0,0.0,0.0,0.0,0.0,0.0,0.0,0.0,0.0,0.0,0.0,0.0025699044353503066,0.0753873681479532,0.0356002447792249,0.050694224871777126,0.08337045462641883
1758362658.8924787,2025-09-20T19:04:18.892479,20250920_190339,3.977719810906616,4.2580934061363145,0.0,2.53064209225812,0.005895894717737849,-0.0022663379343498915,0.0,0.0,0.0,0.0,0.0014736843159390924,0.0,0.0,0.0,0.0,0.0,0.0,0.0,0.0,0.0,0.0,0.0,0.0,0.0,0.0028174184765987673,0.07678472971716348,0.03838859617046568,0.0530793601751073,0.085846252298379
1758362658.916275,2025-09-20T19:04:18.916275,20250920_190339,3.9672990159076575,4.267099087569952,0.0,2.5137182341584476,0.0053092465156155825,-0.0020247443156535976,0.0,0.0,0.0,0.0,0.0013950852396070392,0.0,0.0,0.0,0.0,0.0,0.0,0.0,0.0,0.0,0.0,0.0,0.0,0.0,0.0030943834073858547,0.07286457654866034,0.03735083987820139,0.05562718227077347,0.08187998384967245
1758362658.937477,2025-09-20T19:04:18.937477,20250920_190339,3.950023735615041,4.2790278549885326,0.0,2.4913299735099197,0.005454865173693843,-0.0021824237989593394,0.0,0.0,0.0,0.0,0.0014670614854162293,0.0,0.0,0.0,0.0,0.0,0.0,0.0,0.0,0.0,0.0,0.0,0.0,0.0,0.0033581313893535567,0.07385705906474914,0.03830223864758076,0.057949386445013865,0.08319811692045723
1758362658.9680924,2025-09-20T19:04:18.968092,20250920_190339,3.930396961760065,4.290988192692507,0.0,2.4735065657500654,0.005500876827514238,-0.0023662394528921396,0.0,0.0,0.0,0.0,0.001665808367128691,0.0,0.0,0.0,0.0,0.0,0.0,0.0,0.0,0.0,0.0,0.0,0.0,0.0,0.0032666468014194267,0.07416789620526011,0.040814315713101096,0.05715458687996464,0.08465627675868416
1758362658.9769886,2025-09-20T19:04:18.976989,20250920_190339,3.9101573892986643,4.307807260545977,0.0,2.4465648312880535,0.0053788093852829445,-0.002351904261770123,0.0,0.0,0.0,0.0,0.0017769474753907073,0.0,0.0,0.0,0.0,0.0,0.0,0.0,0.0,0.0,0.0,0.0,0.0,0.0,0.0035498204534389452,0.07334036668358664,0.04215385481057109,0.05958036969874344,0.08459170680789962
1758362659.005636,2025-09-20T19:04:19.005636,20250920_190339,3.891747724753796,4.3224083259609785,0.0,2.4264724448485118,0.005527915313210929,-0.0026102171534831946,0.0,0.0,0.0,0.0,0.0019420970506845588,0.0,0.0,0.0,0.0,0.0,0.0,0.0,0.0,0.0,0.0,0.0,0.0,0.0,0.003180347405455613,0.07434995166919027,0.04406923020299491,0.05639456893580811,0.08642923327147758
1758362659.046858,2025-09-20T19:04:19.046858,20250920_190339,3.8786817294131155,4.334256332769901,0.0,2.4011507880009417,0.00507441778812877,-0.002462007726420534,0.0,0.0,0.0,0.0,0.0018801537608970085,0.0,0.0,0.0,0.0,0.0,0.0,0.0,0.0,0.0,0.0,0.0,0.0,0.0,0.0027862984183102154,0.07123494780042146,0.04336073985643013,0.05278539966989182,0.08339407382437783
1758362659.0559487,2025-09-20T19:04:19.055949,20250920_190339,3.8638486743142897,4.3485917074216,0.0,2.3816482637066354,0.004908594639570463,-0.0024823502229455842,0.0,0.0,0.0,0.0,0.0018916014016193805,0.0,0.0,0.0,0.0,0.0,0.0,0.0,0.0,0.0,0.0,0.0,0.0,0.0,0.0025308883130724744,0.07006136338646618,0.043492544207247526,0.05030793489174918,0.08246330117809887
1758362659.2270272,2025-09-20T19:04:19.227027,20250920_190339,3.8444760559318527,4.365936304521414,0.0,2.3579989693803496,0.005013769342951508,-0.0027612489165949844,0.0,0.0,0.0,0.0,0.002220065655971363,0.0,0.0,0.0,0.0,0.0,0.0,0.0,0.0,0.0,0.0,0.0,0.0,0.0,0.002608037618367338,0.07080797513664339,0.04711757268760099,0.05106894965012829,0.08505195470371549
1758362659.2330194,2025-09-20T19:04:19.233019,20250920_190339,3.8277015955511344,4.37935006396496,0.0,2.3388236818874413,0.004939152483298048,-0.0026241365201113737,0.0,0.0,0.0,0.0,0.0021210401464178503,0.0,0.0,0.0,0.0,0.0,0.0,0.0,0.0,0.0,0.0,0.0,0.0,0.0,0.00250398542723461,0.07027910417256361,0.046054751616069436,0.05003983840136387,0.0840249524231695
1758362659.2385278,2025-09-20T19:04:19.238528,20250920_190339,3.8065342878948365,4.399976041487679,0.0,2.317638166211796,0.004953431133824756,-0.0029098740093702166,0.0,0.0,0.0,0.0,0.0025586588456314296,0.0,0.0,0.0,0.0,0.0,0.0,0.0,0.0,0.0,0.0,0.0,0.0,0.0,0.0026107570587834404,0.07038061617963255,0.050583187381099556,0.051095567897650775,0.08667231380006066
1758362659.2454588,2025-09-20T19:04:19.245459,20250920_190339,3.789868532491661,4.417447412895606,0.0,2.2856604039757777,0.004523515531347192,-0.0027312980275286257,0.0,0.0,0.0,0.0,0.0025490051290918965,0.0,0.0,0.0,0.0,0.0,0.0,0.0,0.0,0.0,0.0,0.0,0.0,0.0,0.002597075755390931,0.06725708536167169,0.05048767304097007,0.05096151249120194,0.08409827977098633
1758362659.2523508,2025-09-20T19:04:19.252351,20250920_190339,3.7787434694802657,4.431511459432613,0.0,2.268883643532966,0.0039004582402229733,-0.002336849028834471,0.0,0.0,0.0,0.0,0.0022412020489705245,0.0,0.0,0.0,0.0,0.0,0.0,0.0,0.0,0.0,0.0,0.0,0.0,0.0,0.002749300544388227,0.06245364873426511,0.047341335521619204,0.05243377293680312,0.07836874561452095
1758362659.2567422,2025-09-20T19:04:19.256742,20250920_190339,3.765402293265938,4.4442184876360145,0.0,2.2534402400852103,0.003935848686358555,-0.002283611861696679,0.0,0.0,0.0,0.0,0.0021302689772342304,0.0,0.0,0.0,0.0,0.0,0.0,0.0,0.0,0.0,0.0,0.0,0.0,0.0,0.0028746245920491546,0.06273634262816533,0.04615483698632496,0.053615525662341075,0.0778852852828619
1758362659.261006,2025-09-20T19:04:19.261006,20250920_190339,3.751453920572707,4.463656952212314,0.0,2.223608021559325,0.004134859952932001,-0.0026033701183996085,0.0,0.0,0.0,0.0,0.002662889259071038,0.0,0.0,0.0,0.0,0.0,0.0,0.0,0.0,0.0,0.0,0.0,0.0,0.0,0.0030552732738125294,0.06430287670806027,0.05160319039624428,0.055274526445846,0.08244846397600769
1758362659.2649934,2025-09-20T19:04:19.264993,20250920_190339,3.7400505737994907,4.479468963573489,0.0,2.200738999370743,0.004249515172057981,-0.0026750808208585255,0.0,0.0,0.0,0.0,0.002829463776805504,0.0,0.0,0.0,0.0,0.0,0.0,0.0,0.0,0.0,0.0,0.0,0.0,0.0,0.0031484581597129553,0.06518830548540115,0.05319270416895069,0.056111123315372644,0.08413666827765101
1758362659.27742,2025-09-20T19:04:19.277420,20250920_190339,3.7249232014624547,4.501892373750702,0.0,2.1665132865224903,0.004360940223799635,-0.0029530039102002538,0.0,0.0,0.0,0.0,0.00335712210750762,0.0,0.0,0.0,0.0,0.0,0.0,0.0,0.0,0.0,0.0,0.0,0.0,0.0,0.0029858042536320926,0.06603741533251915,0.05794067748574934,0.05464251324410411,0.08785250327285646
1758362659.3116093,2025-09-20T19:04:19.311609,20250920_190339,3.708717680509061,4.52428292260007,0.0,2.1380230881878726,0.004004962322556511,-0.002483761397427136,0.0,0.0,0.0,0.0,0.002813703745362265,0.0,0.0,0.0,0.0,0.0,0.0,0.0,0.0,0.0,0.0,0.0,0.0,0.0,0.0033120406507619236,0.06328477164813437,0.053044356395023445,0.05755033145657741,0.08257521461018903
1758362659.3544972,2025-09-20T19:04:19.354497,20250920_190339,3.6967926367886315,4.540644934905216,0.0,2.117615589192764,0.0034305621653694094,-0.0019859304406626348,0.0,0.0,0.0,0.0,0.0025654005986974725,0.0,0.0,0.0,0.0,0.0,0.0,0.0,0.0,0.0,0.0,0.0,0.0,0.0,0.0034486717662056262,0.05857100106169784,0.05064978379714441,0.05872539285697139,0.07743360229297666
1758362659.3615155,2025-09-20T19:04:19.361516,20250920_190339,3.6901935789423086,4.553538179169264,0.0,2.097491189274284,0.003661512785705974,-0.002237041728666691,0.0,0.0,0.0,0.0,0.002849219373485283,0.0,0.0,0.0,0.0,0.0,0.0,0.0,0.0,0.0,0.0,0.0,0.0,0.0,0.0035424361975974292,0.06051043534553337,0.053378079522265344,0.059518368573050026,0.08068910805797308
1758362659.3756456,2025-09-20T19:04:19.375646,20250920_190339,3.6791374240831334,4.575851539029649,0.0,2.072115945835517,0.004171071783803747,-0.0027012041160268015,0.0,0.0,0.0,0.0,0.003398889026753268,0.0,0.0,0.0,0.0,0.0,0.0,0.0,0.0,0.0,0.0,0.0,0.0,0.0,0.0037793488697805953,0.06458383531351902,0.05829999165311491,0.0614764090507944,0.08700552172452627
1758362659.4123392,2025-09-20T19:04:19.412339,20250920_190339,3.666603224481045,4.597939982373596,0.0,2.0524172092926047,0.004001689087768132,-0.0026200363855572216,0.0,0.0,0.0,0.0,0.0035672845097862536,0.0,0.0,0.0,0.0,0.0,0.0,0.0,0.0,0.0,0.0,0.0,0.0,0.0,0.0033766006294471767,0.0632589052052605,0.059726748695925626,0.058108524585014004,0.08699984826167449
1758362659.4411137,2025-09-20T19:04:19.441114,20250920_190339,3.645606488459708,4.630529050478108,0.0,2.0461473290000676,0.00399090579682535,-0.0027944678215183743,0.0,0.0,0.0,0.0,0.004096763487901833,0.0,0.0,0.0,0.0,0.0,0.0,0.0,0.0,0.0,0.0,0.0,0.0,0.0,0.003391293223515135,0.06317361630321118,0.06400596447130402,0.05823481109710183,0.08993146993531899
1758362659.4700623,2025-09-20T19:04:19.470062,20250920_190339,3.630444573964402,4.654333572764982,0.0,2.0482234090938913,0.0038762339013021724,-0.0027894270094010833,0.0,0.0,0.0,0.0,0.004265238445213921,0.0,0.0,0.0,0.0,0.0,0.0,0.0,0.0,0.0,0.0,0.0,0.0,0.0,0.0032273515698719017,0.06225940813485278,0.06530879301605505,0.056809784103373444,0.09023010776074743
1758362659.4863079,2025-09-20T19:04:19.486308,20250920_190339,3.6251225206468103,4.673261941125754,0.0,2.0439167609682203,0.0032770326088737657,-0.002460189721836614,0.0,0.0,0.0,0.0,0.0043288605192104,0.0,0.0,0.0,0.0,0.0,0.0,0.0,0.0,0.0,0.0,0.0,0.0,0.0,0.002896950878499139,0.05724537194283714,0.06579407662708248,0.053823330243484,0.08721177172884499
1758362659.527376,2025-09-20T19:04:19.527376,20250920_190339,3.6110578863302236,4.70195023793427,0.0,2.040466140259767,0.003089483913857978,-0.002366408902335893,0.0,0.0,0.0,0.0,0.004235473689918638,0.0,0.0,0.0,0.0,0.0,0.0,0.0,0.0,0.0,0.0,0.0,0.0,0.0,0.0033000786816842534,0.055583126161254895,0.0650805169764242,0.05744631129745628,0.08558596616137844
1758362659.5351677,2025-09-20T19:04:19.535168,20250920_190339,3.605627579290732,4.722743607274819,0.0,2.0483923819005714,0.0028533486505862944,-0.0022031582828175114,0.0,0.0,0.0,0.0,0.004319380640975578,0.0,0.0,0.0,0.0,0.0,0.0,0.0,0.0,0.0,0.0,0.0,0.0,0.0,0.0030930784617861965,0.05341674503923179,0.06572199510799696,0.05561545164597871,0.084691967101738
1758362659.5677872,2025-09-20T19:04:19.567787,20250920_190339,3.594039364100882,4.748050625548988,0.0,2.0678191862142636,0.0029607129225436672,-0.0024047698886404674,0.0,0.0,0.0,0.0,0.0050806366502887165,0.0,0.0,0.0,0.0,0.0,0.0,0.0,0.0,0.0,0.0,0.0,0.0,0.0,0.0031335520735213153,0.05441243352896163,0.07127858479437367,0.055978139246685536,0.08967357232112694
1758362659.5810401,2025-09-20T19:04:19.581040,20250920_190339,3.588099442310916,4.759767588127056,0.0,2.0788163251226366,0.003147909770835251,-0.00267376336870336,0.0,0.0,0.0,0.0,0.0051377529080082794,0.0,0.0,0.0,0.0,0.0,0.0,0.0,0.0,0.0,0.0,0.0,0.0,0.0,0.003355717745463987,0.05610623647006856,0.0716781201483987,0.0579285572534306,0.0910256155092814
1758362659.605985,2025-09-20T19:04:19.605985,20250920_190339,3.5825605959192917,4.776584822623929,0.0,2.0904271074840555,0.0031458148254020634,-0.002848357740285914,0.0,0.0,0.0,0.0,0.005248416675517311,0.0,0.0,0.0,0.0,0.0,0.0,0.0,0.0,0.0,0.0,0.0,0.0,0.0,0.003792197535926715,0.056087563910389826,0.07244595693009591,0.06158082116963621,0.0916200387520076
1758362659.6406565,2025-09-20T19:04:19.640656,20250920_190339,3.5663264118957825,4.810670600083475,0.0,2.115111046407739,0.0031533563320677487,-0.003012572598333263,0.0,0.0,0.0,0.0,0.0054364845750741455,0.0,0.0,0.0,0.0,0.0,0.0,0.0,0.0,0.0,0.0,0.0,0.0,0.0,0.0041962719641461714,0.05615475342362166,0.07373252047145917,0.06477863817761355,0.09268139461155024
1758362659.6576505,2025-09-20T19:04:19.657650,20250920_190339,3.554289123067804,4.842654144804483,0.0,2.137413739565123,0.003059282793479533,-0.0031336601195956094,0.0,0.0,0.0,0.0,0.006391164011078988,0.0,0.0,0.0,0.0,0.0,0.0,0.0,0.0,0.0,0.0,0.0,0.0,0.0,0.004480665221298515,0.05531078369974098,0.07994475599486803,0.06693777126031696,0.09721340856362626
1758362659.6808364,2025-09-20T19:04:19.680836,20250920_190339,3.5476800980088306,4.8596384452258645,0.0,2.151065313113463,0.0030016509232089587,-0.0033149915576528373,0.0,0.0,0.0,0.0,0.006911942329091404,0.0,0.0,0.0,0.0,0.0,0.0,0.0,0.0,0.0,0.0,0.0,0.0,0.0,0.004131640215362884,0.05478732447573032,0.0831380919259722,0.06427783611294707,0.09956702894181568
1758362659.7172,2025-09-20T19:04:19.717200,20250920_190339,3.5310290454678896,4.891574941353526,0.0,2.1694099519028636,0.002795659110429924,-0.002953335266040117,0.0,0.0,0.0,0.0,0.006358579122534044,0.0,0.0,0.0,0.0,0.0,0.0,0.0,0.0,0.0,0.0,0.0,0.0,0.0,0.004048279315959501,0.05287399276042924,0.07974069928545927,0.06362608989997343,0.09567778338237132
1758362659.755989,2025-09-20T19:04:19.755989,20250920_190339,3.5167057706189677,4.917584674438028,0.0,2.1807919155415023,0.002614486904210251,-0.0027789756893012284,0.0,0.0,0.0,0.0,0.0060058435432718904,0.0,0.0,0.0,0.0,0.0,0.0,0.0,0.0,0.0,0.0,0.0,0.0,0.0,0.004292212082126353,0.05113205358882284,0.07749737765416254,0.06551497601408668,0.09284573467576279
1758362659.7665818,2025-09-20T19:04:19.766582,20250920_190339,3.5009908667110623,4.942837951705217,0.0,2.2013514595136274,0.002575280142539454,-0.002886771096798893,0.0,0.0,0.0,0.0,0.006884717226124119,0.0,0.0,0.0,0.0,0.0,0.0,0.0,0.0,0.0,0.0,0.0,0.0,0.0,0.00449133406243553,0.050747218076850814,0.08297419614629671,0.06701741611279512,0.09726251779932274
1758362659.7924826,2025-09-20T19:04:19.792483,20250920_190339,3.4939586607939392,4.955941176637733,0.0,2.211286612047335,0.0025611627640387733,-0.0028845671390777625,0.0,0.0,0.0,0.0,0.006748305565333808,0.0,0.0,0.0,0.0,0.0,0.0,0.0,0.0,0.0,0.0,0.0,0.0,0.0,0.004532809398978268,0.05060793182929701,0.0821480709775574,0.06732614201763136,0.09648558612234566
1758362659.8134856,2025-09-20T19:04:19.813486,20250920_190339,3.4745499153606008,4.989249969523592,0.0,2.224417702640789,0.0026506624431849443,-0.0028149000600142934,0.0,0.0,0.0,0.0,0.006636462665641823,0.0,0.0,0.0,0.0,0.0,0.0,0.0,0.0,0.0,0.0,0.0,0.0,0.0,0.00454957947246666,0.05148458451988269,0.08146448714404224,0.06745057058666487,0.09636973128958473
1758362659.8382096,2025-09-20T19:04:19.838210,20250920_190339,3.463822840997233,5.007929642993464,0.0,2.234961458035787,0.0023832608867136586,-0.0025501837678096394,0.0,0.0,0.0,0.0,0.006628623916399691,0.0,0.0,0.0,0.0,0.0,0.0,0.0,0.0,0.0,0.0,0.0,0.0,0.0,0.004114218154917556,0.04881865306123939,0.08141636147851174,0.06414217142346801,0.09493094755196195
1758362659.868189,2025-09-20T19:04:19.868189,20250920_190339,3.445846553337358,5.035101976222005,0.0,2.2524120245494776,0.0022143595846206665,-0.002188195706066511,0.0,0.0,0.0,0.0,0.006394650869845428,0.0,0.0,0.0,0.0,0.0,0.0,0.0,0.0,0.0,0.0,0.0,0.0,0.0,0.004462118840507493,0.04705698231528098,0.07996656094797017,0.06679909311141502,0.09278475335132436
1758362659.882459,2025-09-20T19:04:19.882459,20250920_190339,3.4384045628169413,5.046646665365197,0.0,2.2568229804477378,0.002185374633490462,-0.002047838433030561,0.0,0.0,0.0,0.0,0.006233631397402963,0.0,0.0,0.0,0.0,0.0,0.0,0.0,0.0,0.0,0.0,0.0,0.0,0.0,0.0048864397295144395,0.04674799068933832,0.07895334950084741,0.06990307382021509,0.0917551417136578
1758362659.9237683,2025-09-20T19:04:19.923768,20250920_190339,3.422263135296418,5.072251198079526,0.0,2.2714203067705965,0.0020777237551809886,-0.0017177263731275642,0.0,0.0,0.0,0.0,0.005809472892156895,0.0,0.0,0.0,0.0,0.0,0.0,0.0,0.0,0.0,0.0,0.0,0.0,0.0,0.005190978813013594,0.04558205518820963,0.07621989826913242,0.07204844767941634,0.08880989048151047
1758362659.944549,2025-09-20T19:04:19.944549,20250920_190339,3.414505297812899,5.084979055235113,0.0,2.2796255117994333,0.0020441780717061733,-0.0016399713513889044,0.0,0.0,0.0,0.0,0.006155699149224115,0.0,0.0,0.0,0.0,0.0,0.0,0.0,0.0,0.0,0.0,0.0,0.0,0.0,0.00522363915777249,0.04521258753606316,0.07845826374082028,0.0722747477184977,0.09055317344483454
1758362659.966599,2025-09-20T19:04:19.966599,20250920_190339,3.3972878112478413,5.111418113022371,0.0,2.302621760505987,0.0025859792928561594,-0.002055263279440599,0.0,0.0,0.0,0.0,0.006306311240844842,0.0,0.0,0.0,0.0,0.0,0.0,0.0,0.0,0.0,0.0,0.0,0.0,0.0,0.005284366188577136,0.050852524940814485,0.07941228646025023,0.07269364613621425,0.09429894237848588
1758362659.9865255,2025-09-20T19:04:19.986526,20250920_190339,3.387254871287674,5.1254087914024575,0.0,2.315099945757193,0.0027756013212412484,-0.0022991448107773046,0.0,0.0,0.0,0.0,0.006251596191869777,0.0,0.0,0.0,0.0,0.0,0.0,0.0,0.0,0.0,0.0,0.0,0.0,0.0,0.0050714512628598695,0.05268397594374639,0.07906703606351877,0.0712141226363133,0.09501156515451697
1758362660.0172274,2025-09-20T19:04:20.017227,20250920_190339,3.369557138506611,5.1461804241921865,0.0,2.332286060967877,0.0032918583230427127,-0.0026924656440944846,0.0,0.0,0.0,0.0,0.006009702382727442,0.0,0.0,0.0,0.0,0.0,0.0,0.0,0.0,0.0,0.0,0.0,0.0,0.0,0.005548308415465604,0.057374718500770985,0.07752227023718695,0.07448696809150983,0.09644459915293419
1758362660.0455358,2025-09-20T19:04:20.045536,20250920_190339,3.3592369075108155,5.158205600631738,0.0,2.340640075372223,0.003105186903301339,-0.0022980747430470967,0.0,0.0,0.0,0.0,0.005344843521619611,0.0,0.0,0.0,0.0,0.0,0.0,0.0,0.0,0.0,0.0,0.0,0.0,0.0,0.005033418785775102,0.055724203927031014,0.07310843673352352,0.07094659107931192,0.09192404704385546
1758362660.0549648,2025-09-20T19:04:20.054965,20250920_190339,3.3435008739442225,5.1784521117826925,0.0,2.359855920127427,0.003496715788795285,-0.002626452936278113,0.0,0.0,0.0,0.0,0.005470174555473104,0.0,0.0,0.0,0.0,0.0,0.0,0.0,0.0,0.0,0.0,0.0,0.0,0.0,0.004650377867399043,0.05913303466587255,0.07396062841453623,0.0681936790868409,0.09469366580858715
1758362660.081485,2025-09-20T19:04:20.081485,20250920_190339,3.3321267800408885,5.1930754131007,0.0,2.371923877650439,0.0034383452573260543,-0.002697462618467839,0.0,0.0,0.0,0.0,0.00513289976868342,0.0,0.0,0.0,0.0,0.0,0.0,0.0,0.0,0.0,0.0,0.0,0.0,0.0,0.004246692076076838,0.05863740493342159,0.07164425844883468,0.06516664849504566,0.09258101871339218
1758362660.1157672,2025-09-20T19:04:20.115767,20250920_190339,3.3151036661329045,5.207478490590769,0.0,2.3929958424987947,0.0033975328538929012,-0.0022449037111813273,0.0,0.0,0.0,0.0,0.0039368829659220395,0.0,0.0,0.0,0.0,0.0,0.0,0.0,0.0,0.0,0.0,0.0,0.0,0.0,0.004673592052206775,0.0582883595059331,0.0627445851522029,0.06836367494661749,0.08564120398391735
1758362660.1346147,2025-09-20T19:04:20.134615,20250920_190339,3.307703827161207,5.214902099768879,0.0,2.4073551705501806,0.0035711218296797967,-0.002287490738211665,0.0,0.0,0.0,0.0,0.0039822381566603825,0.0,0.0,0.0,0.0,0.0,0.0,0.0,0.0,0.0,0.0,0.0,0.0,0.0,0.0040900323443226845,0.05975886402601539,0.06310497727327363,0.06395336069607824,0.08691006838301406
1758362660.1523206,2025-09-20T19:04:20.152321,20250920_190339,3.2902249684929012,5.2327977868317905,0.0,2.427683060100347,0.0037990983618195746,-0.00268640675958801,0.0,0.0,0.0,0.0,0.003764186649687665,0.0,0.0,0.0,0.0,0.0,0.0,0.0,0.0,0.0,0.0,0.0,0.0,0.0,0.0033382977176531943,0.06163682634447992,0.06135296773333516,0.05777800375275347,0.08696714903633003
1758362660.1742635,2025-09-20T19:04:20.174263,20250920_190339,3.279794803806778,5.245084668866319,0.0,2.435963598932838,0.0037401238551581593,-0.0027555508102616944,0.0,0.0,0.0,0.0,0.0037927627532653566,0.0,0.0,0.0,0.0,0.0,0.0,0.0,0.0,0.0,0.0,0.0,0.0,0.0,0.0033180467539559205,0.06115655202149774,0.06158541023055182,0.05760248912986244,0.08679220361543723
1758362660.2125099,2025-09-20T19:04:20.212510,20250920_190339,3.2615951092738453,5.263870908835564,0.0,2.452490131138535,0.0035838800084009815,-0.0026092242580263605,0.0,0.0,0.0,0.0,0.0035843662005737645,0.0,0.0,0.0,0.0,0.0,0.0,0.0,0.0,0.0,0.0,0.0,0.0,0.0,0.0034425994934684455,0.059865516020501996,0.059869576585890136,0.05867366950744129,0.08466549597666541
1758362660.2443125,2025-09-20T19:04:20.244313,20250920_190339,3.2503502291373114,5.2758363212886605,0.0,2.4688508861987213,0.003641575002860507,-0.002467678002604012,0.0,0.0,0.0,0.0,0.003419947648955172,0.0,0.0,0.0,0.0,0.0,0.0,0.0,0.0,0.0,0.0,0.0,0.0,0.0,0.0035683650333094663,0.06034546381345086,0.05848031847515173,0.05973579356892705,0.08403286649767268
1758362660.2556531,2025-09-20T19:04:20.255653,20250920_190339,3.230310796489036,5.291165236539918,0.0,2.49131534860418,0.0037361647676787866,-0.0027006123461100766,0.0,0.0,0.0,0.0,0.0034657700825047634,0.0,0.0,0.0,0.0,0.0,0.0,0.0,0.0,0.0,0.0,0.0,0.0,0.0,0.0037936928547576015,0.06112417498566984,0.058870791420744153,0.06159296108125994,0.08486421419057358
1758362660.2831442,2025-09-20T19:04:20.283144,20250920_190339,3.2121120481646677,5.3049074012573705,0.0,2.5060661299741027,0.003980067972715333,-0.002723530900235548,0.0,0.0,0.0,0.0,0.0035189744726931535,0.0,0.0,0.0,0.0,0.0,0.0,0.0,0.0,0.0,0.0,0.0,0.0,0.0,0.003236247226196667,0.06308777990003558,0.059320944637565855,0.056888023574357606,0.08659701175796129
1758362660.320645,2025-09-20T19:04:20.320645,20250920_190339,3.185180783063857,5.325906155960161,0.0,2.5334597875418643,0.004528788771020335,-0.0029934508466837417,0.0,0.0,0.0,0.0,0.003601809229569132,0.0,0.0,0.0,0.0,0.0,0.0,0.0,0.0,0.0,0.0,0.0,0.0,0.0,0.0035557398453699997,0.06729627605611127,0.06001507501927438,0.05963002469704335,0.09016982866008712
1758362660.3365517,2025-09-20T19:04:20.336552,20250920_190339,3.173522262054815,5.33775547761869,0.0,2.5516560227280323,0.00421318698582436,-0.0026419677832822085,0.0,0.0,0.0,0.0,0.003404771279133505,0.0,0.0,0.0,0.0,0.0,0.0,0.0,0.0,0.0,0.0,0.0,0.0,0.0,0.0037004079827052407,0.06490906705402844,0.05835041798593653,0.06083097880771968,0.087280915811865
1758362660.3670704,2025-09-20T19:04:20.367070,20250920_190339,3.1596487600074807,5.3452925532230955,0.0,2.5746650799937756,0.0040921789306054635,-0.0024415301391229,0.0,0.0,0.0,0.0,0.003218493871969138,0.0,0.0,0.0,0.0,0.0,0.0,0.0,0.0,0.0,0.0,0.0,0.0,0.0,0.0035262157090698524,0.06397014093001097,0.056731771274737566,0.05938194766989251,0.08550247249392617
1758362660.381901,2025-09-20T19:04:20.381901,20250920_190339,3.145754843857374,5.355743082566505,0.0,2.591288176449298,0.0038706216468380626,-0.0023493011090881736,0.0,0.0,0.0,0.0,0.0032106552519771134,0.0,0.0,0.0,0.0,0.0,0.0,0.0,0.0,0.0,0.0,0.0,0.0,0.0,0.003330691071748359,0.06221432027144605,0.05666264423742606,0.05771213972595678,0.08415032322466252
1758362660.420855,2025-09-20T19:04:20.420855,20250920_190339,3.11984134165531,5.372364463460236,0.0,2.614854031916327,0.004225884255147903,-0.0024221660046069692,0.0,0.0,0.0,0.0,0.0029739477660311237,0.0,0.0,0.0,0.0,0.0,0.0,0.0,0.0,0.0,0.0,0.0,0.0,0.0,0.0036662734032848043,0.06500680160681575,0.054533913907137854,0.060549759729373036,0.08485182391191734
1758362660.4460647,2025-09-20T19:04:20.446065,20250920_190339,3.1062391618557816,5.381245239333873,0.0,2.625555603386058,0.004305215046874909,-0.00240282479001303,0.0,0.0,0.0,0.0,0.003062967369266798,0.0,0.0,0.0,0.0,0.0,0.0,0.0,0.0,0.0,0.0,0.0,0.0,0.0,0.0030947875073140995,0.06561413755338791,0.05534408161011255,0.055630814368604196,0.08583811750115275
1758362660.4588819,2025-09-20T19:04:20.458882,20250920_190339,3.0853128776555816,5.394661728243083,0.0,2.6544346487413635,0.004564898931402329,-0.002663124726564802,0.0,0.0,0.0,0.0,0.0031951469287280496,0.0,0.0,0.0,0.0,0.0,0.0,0.0,0.0,0.0,0.0,0.0,0.0,0.0,0.0029247736060663654,0.06756403578385714,0.056525630723841105,0.054081176078801814,0.08809112248195262
1758362660.478835,2025-09-20T19:04:20.478835,20250920_190339,3.0725026505991404,5.397442231970719,0.0,2.6739566220463153,0.004877704722461373,-0.0026267129918360376,0.0,0.0,0.0,0.0,0.0031612442664377713,0.0,0.0,0.0,0.0,0.0,0.0,0.0,0.0,0.0,0.0,0.0,0.0,0.0,0.0028138886881552425,0.06984056645289594,0.056224943454287,0.053046099650730615,0.0896601861971028
1758362660.5219367,2025-09-20T19:04:20.521937,20250920_190339,3.0538953404934275,5.405242308692679,0.0,2.6980262368253634,0.005161255495336586,-0.0026251805726685467,0.0,0.0,0.0,0.0,0.0030919988658100043,0.0,0.0,0.0,0.0,0.0,0.0,0.0,0.0,0.0,0.0,0.0,0.0,0.0,0.002779995711272846,0.07184187842294065,0.05560574489933576,0.05272566463566719,0.09084742352508733
1758362660.5361001,2025-09-20T19:04:20.536100,20250920_190339,3.040058484861125,5.409942655467007,0.0,2.716523849670549,0.0049993027548186865,-0.0023455344784408857,0.0,0.0,0.0,0.0,0.0027391285394135845,0.0,0.0,0.0,0.0,0.0,0.0,0.0,0.0,0.0,0.0,0.0,0.0,0.0,0.00289463638489708,0.07070574767880393,0.052336684451860196,0.053801825107491284,0.08796835393613019
1758362660.5684803,2025-09-20T19:04:20.568480,20250920_190339,3.020404580584376,5.419017796650604,0.0,2.7394288885623923,0.005334871098894303,-0.002278783650728119,0.0,0.0,0.0,0.0,0.0025588510848265655,0.0,0.0,0.0,0.0,0.0,0.0,0.0,0.0,0.0,0.0,0.0,0.0,0.0,0.0028469701246672066,0.07304020193629193,0.0505850875735781,0.053357006331570055,0.08884662167871589
1758362660.5822608,2025-09-20T19:04:20.582261,20250920_190339,3.002140831811582,5.4290468416971045,0.0,2.7576250645858122,0.005184871890633349,-0.0019215032099375285,0.0,0.0,0.0,0.0,0.0021717082546296148,0.0,0.0,0.0,0.0,0.0,0.0,0.0,0.0,0.0,0.0,0.0,0.0,0.0,0.0026914766961352986,0.07200605454149914,0.04660159068776102,0.05187944386879353,0.08577050859860261
1758362660.620131,2025-09-20T19:04:20.620131,20250920_190339,2.9810617608054173,5.438229192489801,0.0,2.777788226956259,0.004744826788777516,-0.001743413583751762,0.0,0.0,0.0,0.0,0.002079187798711023,0.0,0.0,0.0,0.0,0.0,0.0,0.0,0.0,0.0,0.0,0.0,0.0,0.0,0.0026762074743444174,0.0688827031175281,0.045598111788878085,0.05173207394203733,0.08260759400617197
1758362660.6441376,2025-09-20T19:04:20.644138,20250920_190339,2.9618725491257343,5.447774635714481,0.0,2.796834396653787,0.0037362420555117908,-0.0011362772888366653,0.0,0.0,0.0,0.0,0.0017363312448094026,0.0,0.0,0.0,0.0,0.0,0.0,0.0,0.0,0.0,0.0,0.0,0.0,0.0,0.002424049878355269,0.061124807202246376,0.04166930818731459,0.049234641040178904,0.07397684300050383
1758362660.6549444,2025-09-20T19:04:20.654944,20250920_190339,2.9329733206640776,5.457104715270469,0.0,2.8249761332142467,0.004019991190475384,-0.001308684503640748,0.0,0.0,0.0,0.0,0.0016734509979461436,0.0,0.0,0.0,0.0,0.0,0.0,0.0,0.0,0.0,0.0,0.0,0.0,0.0,0.0028588552577603955,0.06340340046460745,0.04090783541017715,0.05346826402418911,0.07545490168585159
1758362660.6878073,2025-09-20T19:04:20.687807,20250920_190339,2.9178349773293064,5.459728210507548,0.0,2.8482427759836173,0.004135934359946925,-0.001410523071229596,0.0,0.0,0.0,0.0,0.0016094701070142317,0.0,0.0,0.0,0.0,0.0,0.0,0.0,0.0,0.0,0.0,0.0,0.0,0.0,0.0022753033565446642,0.06431123043409234,0.040118201692177474,0.0477001400055038,0.07579844633606388
1758362660.729441,2025-09-20T19:04:20.729441,20250920_190339,2.8902639721487917,5.466857943156559,0.0,2.879728056804686,0.00505314407366317,-0.001532632316456597,0.0,0.0,0.0,0.0,0.001547404268517252,0.0,0.0,0.0,0.0,0.0,0.0,0.0,0.0,0.0,0.0,0.0,0.0,0.0,0.00228687638174702,0.07108547020076023,0.0393370597340123,0.04782129632022766,0.0812437587890936
1758362660.7618098,2025-09-20T19:04:20.761810,20250920_190339,2.878195660447551,5.472264237554453,0.0,2.895284798083318,0.004466145121757845,-0.0012836497983885903,0.0,0.0,0.0,0.0,0.0014074042191274377,0.0,0.0,0.0,0.0,0.0,0.0,0.0,0.0,0.0,0.0,0.0,0.0,0.0,0.0022861099235326724,0.06682922356093811,0.03751538643180206,0.047813281873687274,0.07663908494290157
1758362660.7810297,2025-09-20T19:04:20.781030,20250920_190339,2.848197808853585,5.477905763167307,0.0,2.9240265951748126,0.004546829460378299,-0.0012715408164494905,0.0,0.0,0.0,0.0,0.0014973633820615426,0.0,0.0,0.0,0.0,0.0,0.0,0.0,0.0,0.0,0.0,0.0,0.0,0.0,0.002785234592425924,0.06743018211734489,0.03869577989990049,0.05277532181262303,0.07774440714572234
1758362660.7974353,2025-09-20T19:04:20.797435,20250920_190339,2.827589385444695,5.481196654700329,0.0,2.9442376378618045,0.004983749369431327,-0.00114921282383169,0.0,0.0,0.0,0.0,0.0012961804460609612,0.0,0.0,0.0,0.0,0.0,0.0,0.0,0.0,0.0,0.0,0.0,0.0,0.0,0.002800480120592522,0.07059567528844332,0.03600250610806088,0.05291956273999741,0.07924600819910292
1758362660.8206227,2025-09-20T19:04:20.820623,20250920_190339,2.8055552766506247,5.483164236522214,0.0,2.9736261150998335,0.006435056147772758,-0.0012947142393379418,0.0,0.0,0.0,0.0,0.0012797975069364317,0.0,0.0,0.0,0.0,0.0,0.0,0.0,0.0,0.0,0.0,0.0,0.0,0.0,0.0027764951532033002,0.08021880170990313,0.03577425760147136,0.052692458219400815,0.08783423964895005
1758362660.8344407,2025-09-20T19:04:20.834441,20250920_190339,2.786479341545396,5.486900150297947,0.0,2.9893266885506304,0.006696406933392339,-0.001401773875209707,0.0,0.0,0.0,0.0,0.001194660862380689,0.0,0.0,0.0,0.0,0.0,0.0,0.0,0.0,0.0,0.0,0.0,0.0,0.0,0.0028425827944861238,0.0818315766278051,0.03456386642695937,0.053315877508356965,0.08883168238738377
1758362660.8574295,2025-09-20T19:04:20.857430,20250920_190339,2.7679795640900604,5.490706613622954,0.0,3.0157665865081404,0.007066566228059966,-0.0014591954523769214,0.0,0.0,0.0,0.0,0.001144355328014338,0.0,0.0,0.0,0.0,0.0,0.0,0.0,0.0,0.0,0.0,0.0,0.0,0.0,0.002827354692134234,0.08406287068652822,0.033828321389249245,0.053172875530050415,0.09061413552020625
1758362660.8909063,2025-09-20T19:04:20.890906,20250920_190339,2.7534522576106712,5.490791201727611,0.0,3.0339814746803984,0.007323066413831217,-0.00140296437005366,0.0,0.0,0.0,0.0,0.001090737287334443,0.0,0.0,0.0,0.0,0.0,0.0,0.0,0.0,0.0,0.0,0.0,0.0,0.0,0.0026202657403515666,0.08557491696654586,0.033026312045616645,0.05118853133614566,0.09172678835087196
1758362660.9169147,2025-09-20T19:04:20.916915,20250920_190339,2.7287810425353527,5.4944584793885,0.0,3.04832789647875,0.006512101101030457,-0.001164851440181353,0.0,0.0,0.0,0.0,0.001009404143709837,0.0,0.0,0.0,0.0,0.0,0.0,0.0,0.0,0.0,0.0,0.0,0.0,0.0,0.002917272506015059,0.08069759042889978,0.031771121222107304,0.05401178117795283,0.08672661209075501
1758362660.9336607,2025-09-20T19:04:20.933661,20250920_190339,2.7170235537345313,5.4971190504693475,0.0,3.0494574896942335,0.006047223409732525,-0.001095139851917319,0.0,0.0,0.0,0.0,0.0010146659299055808,0.0,0.0,0.0,0.0,0.0,0.0,0.0,0.0,0.0,0.0,0.0,0.0,0.0,0.003134029136757634,0.07776389528394603,0.03185382127634895,0.055982400241126086,0.08403504828128622
1758362660.9649644,2025-09-20T19:04:20.964964,20250920_190339,2.6943267061047087,5.499226203388887,0.0,3.060039901395816,0.006871732084485988,-0.0010829459913630033,0.0,0.0,0.0,0.0,0.0009715997269300945,0.0,0.0,0.0,0.0,0.0,0.0,0.0,0.0,0.0,0.0,0.0,0.0,0.0,0.0037019497887985676,0.08289591114455518,0.03117049449287089,0.06084365035727695,0.088562586973372
1758362660.977069,2025-09-20T19:04:20.977069,20250920_190339,2.6817188342688953,5.498528794567554,0.0,3.0673806990760566,0.006973723266340831,-0.0009962480441672679,0.0,0.0,0.0,0.0,0.0009166392250297025,0.0,0.0,0.0,0.0,0.0,0.0,0.0,0.0,0.0,0.0,0.0,0.0,0.0,0.0036190241901314316,0.08350882148815675,0.030276050353863902,0.0601583260250103,0.08882771240649245
1758362661.017963,2025-09-20T19:04:21.017963,20250920_190339,2.6625636244183726,5.498318970052563,0.0,3.070164209588093,0.005804942034994013,-0.0007733635792251033,0.0,0.0,0.0,0.0,0.0008271689478949464,0.0,0.0,0.0,0.0,0.0,0.0,0.0,0.0,0.0,0.0,0.0,0.0,0.0,0.0033698578388669867,0.07619017019927185,0.028760544986055923,0.0580504766463376,0.08143777368573481
1758362661.039875,2025-09-20T19:04:21.039875,20250920_190339,2.642761803400429,5.502037970028032,0.0,3.0763347937179915,0.0055967999664976315,-0.0006993778775908131,0.0,0.0,0.0,0.0,0.0007833247880896995,0.0,0.0,0.0,0.0,0.0,0.0,0.0,0.0,0.0,0.0,0.0,0.0,0.0,0.003133750613313565,0.07481176355692754,0.027987940047272137,0.055979912587584175,0.07987568312438606
1758362661.0573552,2025-09-20T19:04:21.057355,20250920_190339,2.6233982328413163,5.503200330848622,0.0,3.0804973502767994,0.006031781054692323,-0.0008432958196582753,0.0,0.0,0.0,0.0,0.0007855280975307375,0.0,0.0,0.0,0.0,0.0,0.0,0.0,0.0,0.0,0.0,0.0,0.0,0.0,0.0034344220259627453,0.07766454181086967,0.028027274172326096,0.05860394206845428,0.08256699796058387
1758362661.0786507,2025-09-20T19:04:21.078651,20250920_190339,2.607487659328814,5.505165124368583,0.0,3.0825017552938623,0.006564258074351669,-0.0009308097477504885,0.0,0.0,0.0,0.0,0.0007405279256784574,0.0,0.0,0.0,0.0,0.0,0.0,0.0,0.0,0.0,0.0,0.0,0.0,0.0,0.0032974046457150416,0.08102010907393095,0.0272126427543974,0.05742303236258985,0.08546804081076227
1758362661.1207738,2025-09-20T19:04:21.120774,20250920_190339,2.5777627754702537,5.505231445880146,0.0,3.0845564146524334,0.0074023438060493735,-0.0008738156264004453,0.0,0.0,0.0,0.0,0.0007512646064823368,0.0,0.0,0.0,0.0,0.0,0.0,0.0,0.0,0.0,0.0,0.0,0.0,0.0,0.0036019215002439297,0.08603687468783007,0.027409206600745247,0.06001601036593427,0.09029733336334861
1758362661.1363792,2025-09-20T19:04:21.136379,20250920_190339,2.563918616099258,5.504607097652704,0.0,3.087421155397021,0.007409608387749329,-0.0009548610373100073,0.0,0.0,0.0,0.0,0.0007428873205609611,0.0,0.0,0.0,0.0,0.0,0.0,0.0,0.0,0.0,0.0,0.0,0.0,0.0,0.0035141638706886803,0.08607908217301884,0.027255959358660653,0.059280383523461454,0.09029117181823641
1758362661.159859,2025-09-20T19:04:21.159859,20250920_190339,2.5339144849136552,5.503899583393416,0.0,3.090923531960134,0.008664855952106323,-0.0007826329628669829,0.0,0.0,0.0,0.0,0.0007206471031513949,0.0,0.0,0.0,0.0,0.0,0.0,0.0,0.0,0.0,0.0,0.0,0.0,0.0,0.0035016326054496216,0.0930852080198907,0.026844871077198247,0.05917459425673844,0.0968788060168875
1758362661.1829317,2025-09-20T19:04:21.182932,20250920_190339,2.521823588528277,5.5044897302908975,0.0,3.0939837943513817,0.007540060224375679,-0.000511752694661639,0.0,0.0,0.0,0.0,0.0007141543630310672,0.0,0.0,0.0,0.0,0.0,0.0,0.0,0.0,0.0,0.0,0.0,0.0,0.0,0.003107418077277964,0.08683352016574981,0.026723666721299066,0.0557442201244036,0.09085270820072865
1758362661.2230542,2025-09-20T19:04:21.223054,20250920_190339,2.4939567185400646,5.505252423710644,0.0,3.0999264732533782,0.008384143926940093,-0.0003977593591849354,0.0,0.0,0.0,0.0,0.000645150715712377,0.0,0.0,0.0,0.0,0.0,0.0,0.0,0.0,0.0,0.0,0.0,0.0,0.0,0.0032091217104991596,0.09156497106940019,0.025399817237775096,0.056649110412248835,0.0950226006940058
1758362661.237844,2025-09-20T19:04:21.237844,20250920_190339,2.4805444776313563,5.506254747548024,0.0,3.1012291334906235,0.008161858615813615,-0.00041411512251443344,0.0,0.0,0.0,0.0,0.0006342263861057456,0.0,0.0,0.0,0.0,0.0,0.0,0.0,0.0,0.0,0.0,0.0,0.0,0.0,0.0032876888150974305,0.09034300535079412,0.025183851693212966,0.05733837122815254,0.09378744586520821
1758362661.270776,2025-09-20T19:04:21.270776,20250920_190339,2.462061111351228,5.5060250140974505,0.0,3.1006755435188946,0.008822410090362278,-0.00038345751764695766,0.0,0.0,0.0,0.0,0.0005877657194530821,0.0,0.0,0.0,0.0,0.0,0.0,0.0,0.0,0.0,0.0,0.0,0.0,0.0,0.0035359157615716414,0.09392768543066671,0.024243880041220345,0.05946356667381836,0.09700606068599714
1758362661.2788599,2025-09-20T19:04:21.278860,20250920_190339,2.4516284902447603,5.504395825764817,0.0,3.1033019036268925,0.00951613817907279,-0.00019418493283284804,0.0,0.0,0.0,0.0,0.0005479743564386373,0.0,0.0,0.0,0.0,0.0,0.0,0.0,0.0,0.0,0.0,0.0,0.0,0.0,0.004021718003314239,0.09755069543100546,0.023408852095705958,0.06341701666993046,0.10032005051589352
1758362661.3167126,2025-09-20T19:04:21.316713,20250920_190339,2.432551804394092,5.503624079431298,0.0,3.113206755069259,0.010003911639398979,-0.00017611596704581549,0.0,0.0,0.0,0.0,0.0005674523670880557,0.0,0.0,0.0,0.0,0.0,0.0,0.0,0.0,0.0,0.0,0.0,0.0,0.0,0.004200600509971082,0.10001955628475352,0.023821258721739614,0.06481203985349544,0.1028171386807036
1758362661.3441553,2025-09-20T19:04:21.344155,20250920_190339,2.426192830248885,5.503179544209736,0.0,3.1136133817721063,0.010207062061925693,-0.00019940544630584872,0.0,0.0,0.0,0.0,0.0005597152003745937,0.0,0.0,0.0,0.0,0.0,0.0,0.0,0.0,0.0,0.0,0.0,0.0,0.0,0.004412414104088466,0.1010300057503992,0.02365830087674501,0.06642600472773043,0.1037630823669974
1758362661.364371,2025-09-20T19:04:21.364371,20250920_190339,2.395018460606601,5.502812902102293,0.0,3.131760018989433,0.01113527582645106,-3.014449395763256e-05,0.0,0.0,0.0,0.0,0.0005764713137752219,0.0,0.0,0.0,0.0,0.0,0.0,0.0,0.0,0.0,0.0,0.0,0.0,0.0,0.004082061502459764,0.10552381639445695,0.02400981702919083,0.06389101268926455,0.10822082581567322
1758362661.398654,2025-09-20T19:04:21.398654,20250920_190339,2.3741494953024675,5.504967769614016,0.0,-3.133082437328008,0.010594756712231871,6.0211698778682904e-05,0.0,0.0,0.0,0.0,0.0006282028226575252,0.0,0.0,0.0,0.0,0.0,0.0,0.0,0.0,0.0,0.0,0.0,0.0,0.0,0.00446622122446406,0.10293083460378562,0.025063974598166294,0.06682979294045478,0.10593847051420648
1758362661.417098,2025-09-20T19:04:21.417098,20250920_190339,2.3477543866780817,5.505069333847991,0.0,-3.1045626234929316,0.009308725670493536,0.0002885864752681183,0.0,0.0,0.0,0.0,0.0006566004516554468,0.0,0.0,0.0,0.0,0.0,0.0,0.0,0.0,0.0,0.0,0.0,0.0,0.0,0.004645304317007372,0.09648173749727736,0.025624216117872696,0.0681564693701733,0.09982648006490553
1758362661.4484797,2025-09-20T19:04:21.448480,20250920_190339,2.332848383146424,5.5041743972481445,0.0,-3.0853206151741883,0.008784361455636804,0.0003444023111234442,0.0,0.0,0.0,0.0,0.0007366494858149284,0.0,0.0,0.0,0.0,0.0,0.0,0.0,0.0,0.0,0.0,0.0,0.0,0.0,0.004413760284208337,0.09372492440987511,0.02714128747526411,0.06643613688504425,0.09757566777353734
1758362661.4627814,2025-09-20T19:04:21.462781,20250920_190339,2.305073428617634,5.505419313297151,0.0,-3.0638581749669695,0.00783610783414619,0.00060348007076817,0.0,0.0,0.0,0.0,0.0007557188080038242,0.0,0.0,0.0,0.0,0.0,0.0,0.0,0.0,0.0,0.0,0.0,0.0,0.0,0.004563105741025556,0.08852179298989707,0.027490340267152462,0.06755076417795401,0.09269210668740901
1758362661.4808254,2025-09-20T19:04:21.480825,20250920_190339,2.287265041213713,5.504194635791013,0.0,-3.0500785949731144,0.008234411773215293,0.00053547382073259,0.0,0.0,0.0,0.0,0.0007890408242108054,0.0,0.0,0.0,0.0,0.0,0.0,0.0,0.0,0.0,0.0,0.0,0.0,0.0,0.004067270300823892,0.09074365968603698,0.02808987049117182,0.06377515425950683,0.09499185542680014
1758362661.521564,2025-09-20T19:04:21.521564,20250920_190339,2.259522914062912,5.5038027405680525,0.0,-3.025800031123545,0.0077687148902174435,0.0005903181809792559,0.0,0.0,0.0,0.0,0.0007585309710704697,0.0,0.0,0.0,0.0,0.0,0.0,0.0,0.0,0.0,0.0,0.0,0.0,0.0,0.004250843739601126,0.08814031364941609,0.027541440976653158,0.06519849491821975,0.09234308778294081
1758362661.5342896,2025-09-20T19:04:21.534290,20250920_190339,2.243368536909738,5.501399267296602,0.0,-3.0115465937871546,0.007608611090501436,0.0007570575870654506,0.0,0.0,0.0,0.0,0.0007326651366348978,0.0,0.0,0.0,0.0,0.0,0.0,0.0,0.0,0.0,0.0,0.0,0.0,0.0,0.004049588144887296,0.08722735288028312,0.027067787804600837,0.06363637438515253,0.09133058757687007
1758362661.5826805,2025-09-20T19:04:21.582680,20250920_190339,2.212262600817509,5.499596126738563,0.0,-2.9857948490381334,0.007671759708949168,0.000881545407323002,0.0,0.0,0.0,0.0,0.0007566041151678501,0.0,0.0,0.0,0.0,0.0,0.0,0.0,0.0,0.0,0.0,0.0,0.0,0.0,0.004367348217523695,0.08758858206952072,0.027506437704069388,0.0660859154247234,0.09180612084233282
1758362661.6005292,2025-09-20T19:04:21.600529,20250920_190339,2.1809077538935493,5.49686617321289,0.0,-2.965773210423136,0.008442152819876123,0.0010488619608948412,0.0,0.0,0.0,0.0,0.0008004994004946735,0.0,0.0,0.0,0.0,0.0,0.0,0.0,0.0,0.0,0.0,0.0,0.0,0.0,0.004343673289261894,0.0918811886072232,0.02829309810704147,0.06590654966892057,0.09613871343205502
1758362661.6178012,2025-09-20T19:04:21.617801,20250920_190339,2.1634143244368462,5.4955472880250404,0.0,-2.9511714298093326,0.008916263342142312,0.0010060445423431907,0.0,0.0,0.0,0.0,0.0007731073185439797,0.0,0.0,0.0,0.0,0.0,0.0,0.0,0.0,0.0,0.0,0.0,0.0,0.0,0.004307005520783947,0.09442596752028709,0.02780480747180206,0.06562778009946663,0.09843460093222449
1758362661.6494758,2025-09-20T19:04:21.649476,20250920_190339,2.1538753381048887,5.493389189163211,0.0,-2.9392810405304104,0.008366178943031743,0.0010145550788672412,0.0,0.0,0.0,0.0,0.0007812507091071985,0.0,0.0,0.0,0.0,0.0,0.0,0.0,0.0,0.0,0.0,0.0,0.0,0.0,0.0037871296574073254,0.09146681880896342,0.027950862403639684,0.061539659224010376,0.0956421959813708
1758362661.6611745,2025-09-20T19:04:21.661175,20250920_190339,2.124716560447066,5.487521938858022,0.0,-2.9144420740648274,0.00892708554287901,0.0013465258728053708,0.0,0.0,0.0,0.0,0.0008852565264821654,0.0,0.0,0.0,0.0,0.0,0.0,0.0,0.0,0.0,0.0,0.0,0.0,0.0,0.003970364219975216,0.0944832553571214,0.029753260770580516,0.06301082621244714,0.09905726661563591
1758362661.680517,2025-09-20T19:04:21.680517,20250920_190339,2.108617055865046,5.484777093196223,0.0,-2.899408754526926,0.0085094508681623,0.0012079391528975409,0.0,0.0,0.0,0.0,0.0008963161375335586,0.0,0.0,0.0,0.0,0.0,0.0,0.0,0.0,0.0,0.0,0.0,0.0,0.0,0.003864134894755162,0.09224668486272176,0.029938539335337633,0.062162166104111606,0.09698333364911653
1758362661.7235384,2025-09-20T19:04:21.723538,20250920_190339,2.0831700983015455,5.478031094983188,0.0,-2.875825222809489,0.009378194039745135,0.0014819588019539382,0.0,0.0,0.0,0.0,0.0009564037777285544,0.0,0.0,0.0,0.0,0.0,0.0,0.0,0.0,0.0,0.0,0.0,0.0,0.0,0.003657893088112563,0.09684107620088252,0.030925778530678162,0.06048051825267838,0.1016592239665132
1758362661.7468395,2025-09-20T19:04:21.746840,20250920_190339,2.0518531443140917,5.471961398898623,0.0,-2.8533815272434357,0.009557903910448534,0.0014940733087472978,0.0,0.0,0.0,0.0,0.0009592923485354734,0.0,0.0,0.0,0.0,0.0,0.0,0.0,0.0,0.0,0.0,0.0,0.0,0.0,0.0039062192093322822,0.0977645329884439,0.030972444988012708,0.06249975367417285,0.10255338248436278
1758362661.7582304,2025-09-20T19:04:21.758230,20250920_190339,2.036833840876196,5.467150658714715,0.0,-2.838416615355208,0.009505182334102996,0.001598455184104814,0.0,0.0,0.0,0.0,0.0010067881041660564,0.0,0.0,0.0,0.0,0.0,0.0,0.0,0.0,0.0,0.0,0.0,0.0,0.0,0.003620214845031235,0.09749452463653022,0.03172992442736126,0.06016822122209726,0.10252790077958805
1758362661.7855144,2025-09-20T19:04:21.785514,20250920_190339,2.018968680214051,5.459280144498134,0.0,-2.822939700770119,0.010408880069324129,0.0019046901642479864,0.0,0.0,0.0,0.0,0.00102268040745515,0.0,0.0,0.0,0.0,0.0,0.0,0.0,0.0,0.0,0.0,0.0,0.0,0.0,0.0034387424881223206,0.10202391910392448,0.03197937471957746,0.05864079201479394,0.10691847584388434
1758362661.8248339,2025-09-20T19:04:21.824834,20250920_190339,1.9949749761335496,5.45239483275904,0.0,-2.798535624326464,0.010595285019141297,0.002127362647358116,0.0,0.0,0.0,0.0,0.0011773249546075566,0.0,0.0,0.0,0.0,0.0,0.0,0.0,0.0,0.0,0.0,0.0,0.0,0.0,0.0032816925623564636,0.10293340089174795,0.034312169191229466,0.05728605905764913,0.10850165885252103
1758362661.8385422,2025-09-20T19:04:21.838542,20250920_190339,1.985761677468517,5.447965997085537,0.0,-2.780713753854805,0.009727842092810647,0.0019602711501523996,0.0,0.0,0.0,0.0,0.0012117058537302464,0.0,0.0,0.0,0.0,0.0,0.0,0.0,0.0,0.0,0.0,0.0,0.0,0.0,0.002898416199181312,0.09862982354648439,0.03480956554928898,0.05383694084159418,0.10459229391566519
1758362661.857016,2025-09-20T19:04:21.857016,20250920_190339,1.9674919709188445,5.440498074525563,0.0,-2.758198234213099,0.008928986714730351,0.002046092493551699,0.0,0.0,0.0,0.0,0.001321830215152535,0.0,0.0,0.0,0.0,0.0,0.0,0.0,0.0,0.0,0.0,0.0,0.0,0.0,0.002982324215523971,0.09449331571455385,0.03635698303149665,0.0546106602736496,0.10124631810531623
1758362661.8987718,2025-09-20T19:04:21.898772,20250920_190339,1.955908634983413,5.4348852778243195,0.0,-2.730306096223649,0.0078543894143263,0.0019051188777172285,0.0,0.0,0.0,0.0,0.0013529748567584936,0.0,0.0,0.0,0.0,0.0,0.0,0.0,0.0,0.0,0.0,0.0,0.0,0.0,0.0026143432025424796,0.08862499316968267,0.036782806537273546,0.05113064836810188,0.09595501170384377
1758362661.932907,2025-09-20T19:04:21.932907,20250920_190339,1.9365735157618358,5.426340452373222,0.0,-2.7096929274218455,0.007645125151763015,0.00214780152388889,0.0,0.0,0.0,0.0,0.0015319259774639895,0.0,0.0,0.0,0.0,0.0,0.0,0.0,0.0,0.0,0.0,0.0,0.0,0.0,0.002728165349837835,0.08743640632918885,0.03913982597641422,0.0522318422979492,0.09579692651242526
1758362661.941786,2025-09-20T19:04:21.941786,20250920_190339,1.9030700055293546,5.413458284239413,0.0,-2.6819718429025787,0.007884179781763466,0.002207086187064796,0.0,0.0,0.0,0.0,0.0016021203819610156,0.0,0.0,0.0,0.0,0.0,0.0,0.0,0.0,0.0,0.0,0.0,0.0,0.0,0.0027621088585000845,0.08879290389306718,0.04002649599903813,0.05255576903157335,0.09739763941556531
1758362661.9643414,2025-09-20T19:04:21.964341,20250920_190339,1.889216596711991,5.405903835300768,0.0,-2.6657031504901707,0.007787058760946272,0.002370442964265604,0.0,0.0,0.0,0.0,0.0016398324768459992,0.0,0.0,0.0,0.0,0.0,0.0,0.0,0.0,0.0,0.0,0.0,0.0,0.0,0.002550182071913669,0.08824431290993359,0.04049484506509439,0.05049932744021121,0.09709217907634102
1758362661.9932175,2025-09-20T19:04:21.993217,20250920_190339,1.8640304373079852,5.391821987933512,0.0,-2.6391633696027137,0.008219530744728965,0.002559201803286886,0.0,0.0,0.0,0.0,0.0017624867917858074,0.0,0.0,0.0,0.0,0.0,0.0,0.0,0.0,0.0,0.0,0.0,0.0,0.0,0.002628227899907829,0.0906616277414484,0.04198198175153011,0.051266245229271756,0.09991004722506527
1758362662.034971,2025-09-20T19:04:22.034971,20250920_190339,1.8460723034261315,5.382889971575918,0.0,-2.616960471030467,0.007215902430318818,0.002547253917582042,0.0,0.0,0.0,0.0,0.0018846109760299753,0.0,0.0,0.0,0.0,0.0,0.0,0.0,0.0,0.0,0.0,0.0,0.0,0.0,0.002818646357175393,0.08494646802733365,0.04341210633026201,0.05309092537501483,0.09539661108419309
1758362662.0434918,2025-09-20T19:04:22.043492,20250920_190339,1.8318982152924443,5.37222926472739,0.0,-2.597604622301021,0.006634078763630269,0.0023994843856451225,0.0,0.0,0.0,0.0,0.0019634436190060145,0.0,0.0,0.0,0.0,0.0,0.0,0.0,0.0,0.0,0.0,0.0,0.0,0.0,0.0026387529820255957,0.08144985428857604,0.044310761886995516,0.05136879385410559,0.09272282557513163
1758362662.0719628,2025-09-20T19:04:22.071963,20250920_190339,1.8063637834415038,5.35504763128342,0.0,-2.564443091486301,0.0060306465680294505,0.002116424020983981,0.0,0.0,0.0,0.0,0.0018643437499715624,0.0,0.0,0.0,0.0,0.0,0.0,0.0,0.0,0.0,0.0,0.0,0.0,0.0,0.002640951738280315,0.07765723770537715,0.043178047083808256,0.05139019107067335,0.08885375804095745
1758362662.083338,2025-09-20T19:04:22.083338,20250920_190339,1.7915197977916528,5.345665531558691,0.0,-2.5479032281678844,0.005605782438370759,0.0020238941308946155,0.0,0.0,0.0,0.0,0.0019316584690002516,0.0,0.0,0.0,0.0,0.0,0.0,0.0,0.0,0.0,0.0,0.0,0.0,0.0,0.0026147503093370203,0.07487177330857576,0.043950636730316565,0.05113462925784268,0.08681843644855056
1758362662.1179636,2025-09-20T19:04:22.117964,20250920_190339,1.7649307266438248,5.3307750237308404,0.0,-2.518078971519583,0.0053997302093498145,0.002048491857922132,0.0,0.0,0.0,0.0,0.002067149108745719,0.0,0.0,0.0,0.0,0.0,0.0,0.0,0.0,0.0,0.0,0.0,0.0,0.0,0.002647675996204818,0.07348285656770438,0.045465911502418146,0.051455573033489944,0.08641110645105485
1758362662.1377766,2025-09-20T19:04:22.137777,20250920_190339,1.7473690745242165,5.314968842654072,0.0,-2.493584925033104,0.0053554420388729025,0.002364025001930079,0.0,0.0,0.0,0.0,0.0023113075217066326,0.0,0.0,0.0,0.0,0.0,0.0,0.0,0.0,0.0,0.0,0.0,0.0,0.0,0.0024081689380476452,0.07318088574807566,0.048076059756459164,0.049073097905549486,0.08755997693341139
1758362662.1572537,2025-09-20T19:04:22.157254,20250920_190339,1.731319241587582,5.301532606417384,0.0,-2.4770354870637825,0.005551110135273699,0.0026501523173893286,0.0,0.0,0.0,0.0,0.002399461763000549,0.0,0.0,0.0,0.0,0.0,0.0,0.0,0.0,0.0,0.0,0.0,0.0,0.0,0.002159344622061471,0.07450577249632205,0.04898430118926419,0.04646874887557735,0.0891659794892326
1758362662.1732078,2025-09-20T19:04:22.173208,20250920_190339,1.7194300184198,5.292431949667609,0.0,-2.4597838306517223,0.004935408585692397,0.002509595157275235,0.0,0.0,0.0,0.0,0.00236984537755885,0.0,0.0,0.0,0.0,0.0,0.0,0.0,0.0,0.0,0.0,0.0,0.0,0.0,0.0023289403583709603,0.07025246320017824,0.04868105768734744,0.048259096120534216,0.0854707784172535
1758362662.2206576,2025-09-20T19:04:22.220658,20250920_190339,1.6913449887710483,5.27159590305959,0.0,-2.429102590346915,0.004704025651039495,0.002504644104181283,0.0,0.0,0.0,0.0,0.0024827248220201294,0.0,0.0,0.0,0.0,0.0,0.0,0.0,0.0,0.0,0.0,0.0,0.0,0.0,0.0025282578367027617,0.06858589979754946,0.04982694875285993,0.05028178434286876,0.0847747042050848
1758362662.2429168,2025-09-20T19:04:22.242917,20250920_190339,1.6821968559337772,5.26381912044766,0.0,-2.413331992828458,0.0044016057566474516,0.002425465453502663,0.0,0.0,0.0,0.0,0.0026508633353431173,0.0,0.0,0.0,0.0,0.0,0.0,0.0,0.0,0.0,0.0,0.0,0.0,0.0,0.0026897885188308574,0.0663445985491468,0.05148653547621084,0.051863171122009666,0.08397898006043279
1758362662.2587283,2025-09-20T19:04:22.258728,20250920_190339,1.6611086657506016,5.246694280519887,0.0,-2.3807638574299412,0.004598061376226798,0.0026983738111203454,0.0,0.0,0.0,0.0,0.003070880277111778,0.0,0.0,0.0,0.0,0.0,0.0,0.0,0.0,0.0,0.0,0.0,0.0,0.0,0.002851603244165202,0.06780900660109096,0.055415523791729863,0.05340040490637877,0.0875724937028664
1758362662.2987661,2025-09-20T19:04:22.298766,20250920_190339,1.6419523316771834,5.227810586989042,0.0,-2.355214015136147,0.004133098160822931,0.0024997976306363424,0.0,0.0,0.0,0.0,0.0030573105749026673,0.0,0.0,0.0,0.0,0.0,0.0,0.0,0.0,0.0,0.0,0.0,0.0,0.0,0.003113946754571249,0.06428917607827099,0.055292952307709774,0.055802748629178195,0.0847962778412213
1758362662.3155487,2025-09-20T19:04:22.315549,20250920_190339,1.6280401928410342,5.215192754889393,0.0,-2.3381935626168766,0.0038778092826532553,0.0026055287302096876,0.0,0.0,0.0,0.0,0.0030632508839405002,0.0,0.0,0.0,0.0,0.0,0.0,0.0,0.0,0.0,0.0,0.0,0.0,0.0,0.003133290282437382,0.062272058602982246,0.05534664293288709,0.05597580086463598,0.0833130251917055
1758362662.336103,2025-09-20T19:04:22.336103,20250920_190339,1.609932649020005,5.195038644572352,0.0,-2.305027240199131,0.003704397183239369,0.002513030059586511,0.0,0.0,0.0,0.0,0.0030129759079398433,0.0,0.0,0.0,0.0,0.0,0.0,0.0,0.0,0.0,0.0,0.0,0.0,0.0,0.0030463149364327495,0.06086375919411624,0.05489058123157235,0.05519343200447631,0.08195958205834881
1758362662.35212,2025-09-20T19:04:22.352120,20250920_190339,1.5979208566807213,5.180964295851309,0.0,-2.28177601511053,0.003748195347609535,0.002626419692660579,0.0,0.0,0.0,0.0,0.0032960082762168268,0.0,0.0,0.0,0.0,0.0,0.0,0.0,0.0,0.0,0.0,0.0,0.0,0.0,0.0029219662877241442,0.0612225068713258,0.057410872456502754,0.05405521517600447,0.08392975410321635
1758362662.3776543,2025-09-20T19:04:22.377654,20250920_190339,1.5861843772246715,5.171932276932324,0.0,-2.264761078001812,0.0032952268121267036,0.002327539283273405,0.0,0.0,0.0,0.0,0.0029279835938095244,0.0,0.0,0.0,0.0,0.0,0.0,0.0,0.0,0.0,0.0,0.0,0.0,0.0,0.002766888714423337,0.057404066163702236,0.05411084543610019,0.05260122350690464,0.07888732728351384
1758362662.4159997,2025-09-20T19:04:22.416000,20250920_190339,1.569396087864277,5.152195199546694,0.0,-2.235113886233633,0.0032365572183369012,0.002353252853766507,0.0,0.0,0.0,0.0,0.0031511015916113666,0.0,0.0,0.0,0.0,0.0,0.0,0.0,0.0,0.0,0.0,0.0,0.0,0.0,0.0025644608569619786,0.05689074809085306,0.056134673701833934,0.05064050608911781,0.07992283034245139
1758362662.43718,2025-09-20T19:04:22.437180,20250920_190339,1.5466224948814737,5.125141751323527,0.0,-2.2006187303749702,0.0035073705873819826,0.002750384144620415,0.0,0.0,0.0,0.0,0.0036535396279154505,0.0,0.0,0.0,0.0,0.0,0.0,0.0,0.0,0.0,0.0,0.0,0.0,0.0,0.0027482598574795677,0.05922305790299909,0.06044451693839112,0.05242384817503926,0.08462216149034148
1758362662.4605918,2025-09-20T19:04:22.460592,20250920_190339,1.5353647283687424,5.110831338755144,0.0,-2.181597905593541,0.003397144529316781,0.002771495697303213,0.0,0.0,0.0,0.0,0.003761067798476683,0.0,0.0,0.0,0.0,0.0,0.0,0.0,0.0,0.0,0.0,0.0,0.0,0.0,0.0027627167175275536,0.05828502834619523,0.06132754518547667,0.05256155170395518,0.08460621920280721
1758362662.4984126,2025-09-20T19:04:22.498413,20250920_190339,1.5168946411476314,5.083766841000179,0.0,-2.1531654956554607,0.0033727695786421705,0.002946799545435638,0.0,0.0,0.0,0.0,0.004050353743950533,0.0,0.0,0.0,0.0,0.0,0.0,0.0,0.0,0.0,0.0,0.0,0.0,0.0,0.002690519888515809,0.058075550609892376,0.0636423895210616,0.05187022159694143,0.08615754942309294
1758362662.5221143,2025-09-20T19:04:22.522114,20250920_190339,1.504433443047659,5.0660534970751145,0.0,-2.131560669951094,0.0035719175003533065,0.003231505877553028,0.0,0.0,0.0,0.0,0.004248496219119322,0.0,0.0,0.0,0.0,0.0,0.0,0.0,0.0,0.0,0.0,0.0,0.0,0.0,0.0025009683682206667,0.0597655209995973,0.0651804895587577,0.05000968274465123,0.08843310307499465
1758362662.5459592,2025-09-20T19:04:22.545959,20250920_190339,1.4888587064348087,5.044881653765168,0.0,-2.1147390738740883,0.003210461420398187,0.0031649100135349327,0.0,0.0,0.0,0.0,0.004342391425994146,0.0,0.0,0.0,0.0,0.0,0.0,0.0,0.0,0.0,0.0,0.0,0.0,0.0,0.0025392095136745002,0.0566609338115618,0.06589682409641717,0.050390569689918174,0.08690715072071074
1758362662.5529826,2025-09-20T19:04:22.552983,20250920_190339,1.4749296193298707,5.018691368495117,0.0,-2.0848627032316758,0.0033777374301527277,0.003253819043085147,0.0,0.0,0.0,0.0,0.0045066631752079984,0.0,0.0,0.0,0.0,0.0,0.0,0.0,0.0,0.0,0.0,0.0,0.0,0.0,0.0022994539731539167,0.05811830546525533,0.06713168532971595,0.04795262217182619,0.08879414735983857
1758362662.600569,2025-09-20T19:04:22.600569,20250920_190339,1.4591421465856125,4.9925705874960205,0.0,-2.056671269068147,0.0031762730756925645,0.0032053335148499755,0.0,0.0,0.0,0.0,0.004494956957885792,0.0,0.0,0.0,0.0,0.0,0.0,0.0,0.0,0.0,0.0,0.0,0.0,0.0,0.0020083408690497345,0.056358433935770114,0.06704444017132064,0.044814516275976185,0.08758555836197174
1758362662.6232662,2025-09-20T19:04:22.623266,20250920_190339,1.4478024349028122,4.975030624004766,0.0,-2.0472615919022608,0.0027229965153007,0.0027285506870291117,0.0,0.0,0.0,0.0,0.003961174247047964,0.0,0.0,0.0,0.0,0.0,0.0,0.0,0.0,0.0,0.0,0.0,0.0,0.0,0.0020384320611008663,0.05218233911296714,0.06293786020391831,0.045148998450695074,0.08175677808199554
1758362662.637936,2025-09-20T19:04:22.637936,20250920_190339,1.4379255716130073,4.952084487407054,0.0,-2.045674193701789,0.0028291210171844574,0.002902364424577207,0.0,0.0,0.0,0.0,0.004348205737075637,0.0,0.0,0.0,0.0,0.0,0.0,0.0,0.0,0.0,0.0,0.0,0.0,0.0,0.0022928707809656075,0.05318948220451537,0.06594092611630228,0.04788393029989923,0.0847191050133327
1758362662.6675649,2025-09-20T19:04:22.667565,20250920_190339,1.4333632398002532,4.940215734369964,0.0,-2.040615049895415,0.002612550798062183,0.002794337174974016,0.0,0.0,0.0,0.0,0.004442455045209547,0.0,0.0,0.0,0.0,0.0,0.0,0.0,0.0,0.0,0.0,0.0,0.0,0.0,0.0025393355468188296,0.05111311767112414,0.06665174450237253,0.05039182023720546,0.0839940821919719
1758362662.7032988,2025-09-20T19:04:22.703299,20250920_190339,1.4244599101283137,4.920568769088806,0.0,-2.033881960125719,0.002322385939885439,0.0024480285227993065,0.0,0.0,0.0,0.0,0.004083634674476385,0.0,0.0,0.0,0.0,0.0,0.0,0.0,0.0,0.0,0.0,0.0,0.0,0.0,0.002395720812350807,0.048191139640865924,0.06390332287507736,0.04894610109447745,0.08003761999436156
1758362662.7205343,2025-09-20T19:04:22.720534,20250920_190339,1.4188464787747759,4.904637263248677,0.0,-2.0320872224654756,0.0025411779451552366,0.002788017411157955,0.0,0.0,0.0,0.0,0.004788310748345291,0.0,0.0,0.0,0.0,0.0,0.0,0.0,0.0,0.0,0.0,0.0,0.0,0.0,0.002381648959408175,0.050410097650721096,0.06919762097316129,0.04880214093057983,0.08561243305443741
1758362662.7406392,2025-09-20T19:04:22.740639,20250920_190339,1.4104250849902564,4.885314335260709,0.0,-2.0297615153018618,0.002468645531465645,0.0027377998869069537,0.0,0.0,0.0,0.0,0.004898247920513135,0.0,0.0,0.0,0.0,0.0,0.0,0.0,0.0,0.0,0.0,0.0,0.0,0.0,0.002506936015756558,0.04968546599827403,0.06998748402759693,0.05006931211587151,0.08583060906214507
1758362662.755583,2025-09-20T19:04:22.755583,20250920_190339,1.3982397205830321,4.858345749632134,0.0,-2.022830227951376,0.00297068021455052,0.0034117712694103288,0.0,0.0,0.0,0.0,0.005924138064108156,0.0,0.0,0.0,0.0,0.0,0.0,0.0,0.0,0.0,0.0,0.0,0.0,0.0,0.0030710009861416475,0.054503946779572945,0.07696842251279518,0.055416612907517614,0.09431234425386041
1758362662.7969804,2025-09-20T19:04:22.796980,20250920_190339,1.3868681200163608,4.832557229618813,0.0,-2.011922401958927,0.0030369465461777675,0.0035673470498860807,0.0,0.0,0.0,0.0,0.0061975361352454295,0.0,0.0,0.0,0.0,0.0,0.0,0.0,0.0,0.0,0.0,0.0,0.0,0.0,0.0034282516925132345,0.05510849794884422,0.07872443162859565,0.05855127404688334,0.09609621574975363
1758362662.812968,2025-09-20T19:04:22.812968,20250920_190339,1.380316574047689,4.8166242204638845,0.0,-2.004051067791889,0.0027860764619666314,0.0032878951764760264,0.0,0.0,0.0,0.0,0.005909630358280828,0.0,0.0,0.0,0.0,0.0,0.0,0.0,0.0,0.0,0.0,0.0,0.0,0.0,0.0033128149712224626,0.05278329718733599,0.07687412021142634,0.05755705839619032,0.09325077383189621
1758362662.8392408,2025-09-20T19:04:22.839241,20250920_190339,1.3689914723835759,4.785814756827785,0.0,-1.9987131701025356,0.0024761527090232955,0.002943622489907651,0.0,0.0,0.0,0.0,0.005428146017764473,0.0,0.0,0.0,0.0,0.0,0.0,0.0,0.0,0.0,0.0,0.0,0.0,0.0,0.0032527290967189187,0.049760955668307814,0.07367595277812479,0.05703270199384664,0.08890612311189691
1758362662.862904,2025-09-20T19:04:22.862904,20250920_190339,1.3619711579220533,4.771527315359395,0.0,-1.9918313566932209,0.0023218209215754185,0.0025906871286755957,0.0,0.0,0.0,0.0,0.004874068295568664,0.0,0.0,0.0,0.0,0.0,0.0,0.0,0.0,0.0,0.0,0.0,0.0,0.0,0.0033193930404644936,0.048185277020843395,0.06981452782600957,0.05761417395454432,0.08482858726363467
1758362662.8831344,2025-09-20T19:04:22.883134,20250920_190339,1.3538993208348105,4.7523432397362635,0.0,-1.9842110354666136,0.002094150204890219,0.0022841156101342823,0.0,0.0,0.0,0.0,0.004555385196961735,0.0,0.0,0.0,0.0,0.0,0.0,0.0,0.0,0.0,0.0,0.0,0.0,0.0,0.0032316478732977456,0.04576188594114341,0.06749359374756789,0.05684758458631066,0.081544683467728
1758362662.9128437,2025-09-20T19:04:22.912844,20250920_190339,1.3453600290753303,4.729506366714846,0.0,-1.9765352322987149,0.0018833248223397395,0.002080337856877494,0.0,0.0,0.0,0.0,0.0046888445167014335,0.0,0.0,0.0,0.0,0.0,0.0,0.0,0.0,0.0,0.0,0.0,0.0,0.0,0.003582399095569003,0.0433972904953724,0.0684751379458372,0.059853146079124384,0.08106891721887725
1758362662.937674,2025-09-20T19:04:22.937674,20250920_190339,1.3338087353840826,4.705005277849267,0.0,-1.9708816920133738,0.001894205836176842,0.0023249899209513967,0.0,0.0,0.0,0.0,0.005497267088206563,0.0,0.0,0.0,0.0,0.0,0.0,0.0,0.0,0.0,0.0,0.0,0.0,0.0,0.0037550668815141443,0.0435224750695183,0.07414355729398585,0.0612786005185672,0.08597367576405818
1758362662.9564707,2025-09-20T19:04:22.956471,20250920_190339,1.3247500953367373,4.68904192145458,0.0,-1.9652094870498087,0.0017294309189215913,0.001960127910644301,0.0,0.0,0.0,0.0,0.004833197561605859,0.0,0.0,0.0,0.0,0.0,0.0,0.0,0.0,0.0,0.0,0.0,0.0,0.0,0.0034333450192003873,0.041586427099735215,0.06952120224511267,0.05859475248860078,0.08101005172524858
1758362662.9958487,2025-09-20T19:04:22.995849,20250920_190339,1.313715288744013,4.662328200075335,0.0,-1.955996360951767,0.0018346798764163955,0.0020982701556158316,0.0,0.0,0.0,0.0,0.0050889961909003235,0.0,0.0,0.0,0.0,0.0,0.0,0.0,0.0,0.0,0.0,0.0,0.0,0.0,0.003216041442362195,0.042833163278193635,0.07133720061020284,0.05671015290371024,0.08320862976468678
1758362663.0233798,2025-09-20T19:04:23.023380,20250920_190339,1.3083717832764168,4.640354071974838,0.0,-1.9462580319191163,0.0017628809493130508,0.0019868403698687026,0.0,0.0,0.0,0.0,0.004549890108825863,0.0,0.0,0.0,0.0,0.0,0.0,0.0,0.0,0.0,0.0,0.0,0.0,0.0,0.0022537650413049087,0.041986675854526166,0.06745287324366445,0.04747383533384372,0.07945294870638166
1758362663.0480368,2025-09-20T19:04:23.048037,20250920_190339,1.3012621895908745,4.616942415512812,0.0,-1.9405592626687544,0.0019294259516087105,0.0022679082758735847,0.0,0.0,0.0,0.0,0.005087223328471352,0.0,0.0,0.0,0.0,0.0,0.0,0.0,0.0,0.0,0.0,0.0,0.0,0.0,0.0022413615052232446,0.043925231377975806,0.07132477359565435,0.04734301960398433,0.08376544203954314
1758362663.0537233,2025-09-20T19:04:23.053723,20250920_190339,1.2979532568819925,4.601391654555553,0.0,-1.9376874520657215,0.0019508662483595698,0.002254231780889278,0.0,0.0,0.0,0.0,0.00507948464350592,0.0,0.0,0.0,0.0,0.0,0.0,0.0,0.0,0.0,0.0,0.0,0.0,0.0,0.002003706817319659,0.04416861157382661,0.07127050332013883,0.044762783842380256,0.08384718773975362
1758362663.0956266,2025-09-20T19:04:23.095627,20250920_190339,1.2947244025877491,4.584119748360021,0.0,-1.9291698205925278,0.001867042153584368,0.002324378862713856,0.0,0.0,0.0,0.0,0.005665037426313795,0.0,0.0,0.0,0.0,0.0,0.0,0.0,0.0,0.0,0.0,0.0,0.0,0.0,0.0020999252842584374,0.04320928318757866,0.07526644289664415,0.045824941726732585,0.08678755429148907
1758362663.1177983,2025-09-20T19:04:23.117798,20250920_190339,1.2913041547651514,4.569706812846262,0.0,-1.9257578489560874,0.001784151849805538,0.002313301644054,0.0,0.0,0.0,0.0,0.005750027045773634,0.0,0.0,0.0,0.0,0.0,0.0,0.0,0.0,0.0,0.0,0.0,0.0,0.0,0.0016781261436065566,0.04223922169980809,0.07582893277485601,0.040964937978795433,0.08679964801529538
1758362663.1357288,2025-09-20T19:04:23.135729,20250920_190339,1.2828854573883237,4.544598125127768,0.0,-1.9252527153128935,0.001584031227569174,0.001931113979599856,0.0,0.0,0.0,0.0,0.005057954055129734,0.0,0.0,0.0,0.0,0.0,0.0,0.0,0.0,0.0,0.0,0.0,0.0,0.0,0.0016948102636100896,0.03979988979343001,0.07111929453481478,0.04116807335314697,0.08149837595129678
1758362663.1560555,2025-09-20T19:04:23.156055,20250920_190339,1.2750609523829042,4.525646475479234,0.0,-1.9196404844781614,0.001519670289248039,0.0018375600166618555,0.0,0.0,0.0,0.0,0.005023671395266161,0.0,0.0,0.0,0.0,0.0,0.0,0.0,0.0,0.0,0.0,0.0,0.0,0.0,0.0017046117830079282,0.038982948698732874,0.07087786251902749,0.04128694446199583,0.0808909246115669
1758362663.2027829,2025-09-20T19:04:23.202783,20250920_190339,1.2631977115412905,4.500350859695678,0.0,-1.9170137430069552,0.0016186425324962652,0.0018834276296580208,0.0,0.0,0.0,0.0,0.0051976237729881684,0.0,0.0,0.0,0.0,0.0,0.0,0.0,0.0,0.0,0.0,0.0,0.0,0.0,0.0016736887642388263,0.04023235678525763,0.07209454745671248,0.04091074142861293,0.08256068256430801
1758362663.2180731,2025-09-20T19:04:23.218073,20250920_190339,1.257395555929453,4.486049257029582,0.0,-1.9087857261986874,0.0015852717241254075,0.0018338655307506674,0.0,0.0,0.0,0.0,0.004970542553513462,0.0,0.0,0.0,0.0,0.0,0.0,0.0,0.0,0.0,0.0,0.0,0.0,0.0,0.001531506533428725,0.039815470914274106,0.07050207481708225,0.039134467332886044,0.08096798304045168
1758362663.2373111,2025-09-20T19:04:23.237311,20250920_190339,1.2479070263602106,4.461011633360597,0.0,-1.9094061687085173,0.0014704264171226528,0.0016331299948259797,0.0,0.0,0.0,0.0,0.004954225748170397,0.0,0.0,0.0,0.0,0.0,0.0,0.0,0.0,0.0,0.0,0.0,0.0,0.0,0.0017825005939346474,0.038346139533500016,0.07038626107537178,0.04221967069903136,0.08015392794675162
1758362663.283104,2025-09-20T19:04:23.283104,20250920_190339,1.245250669250012,4.44329683164077,0.0,-1.911264586211678,0.0014980729218593961,0.0017648660825469668,0.0,0.0,0.0,0.0,0.005199134307486458,0.0,0.0,0.0,0.0,0.0,0.0,0.0,0.0,0.0,0.0,0.0,0.0,0.0,0.0018132766802073227,0.03870494699465943,0.0721050227618469,0.042582586584275536,0.08183646637866188
1758362663.2897272,2025-09-20T19:04:23.289727,20250920_190339,1.235625351053556,4.42360891143041,0.0,-1.9236329096471405,0.001466495594449882,0.0017039394744508213,0.0,0.0,0.0,0.0,0.005368465093231002,0.0,0.0,0.0,0.0,0.0,0.0,0.0,0.0,0.0,0.0,0.0,0.0,0.0,0.0017680216309426307,0.038294850756333834,0.07326981024426774,0.042047849302225083,0.082673821054073
1758362663.3232863,2025-09-20T19:04:23.323286,20250920_190339,1.229836574507162,4.4028713160664,0.0,-1.9336315811651703,0.001340170504883382,0.0015433020569816005,0.0,0.0,0.0,0.0,0.005498648995962265,0.0,0.0,0.0,0.0,0.0,0.0,0.0,0.0,0.0,0.0,0.0,0.0,0.0,0.001806176894956481,0.036608339280598104,0.07415287584417926,0.04249913993196193,0.08269715533708308
1758362663.3364089,2025-09-20T19:04:23.336409,20250920_190339,1.2241581780064295,4.381239412202695,0.0,-1.9448069940299335,0.0014088108193646021,0.0016494181671897362,0.0,0.0,0.0,0.0,0.005690806614808864,0.0,0.0,0.0,0.0,0.0,0.0,0.0,0.0,0.0,0.0,0.0,0.0,0.0,0.001977086479880817,0.037534128727927094,0.07543743510226779,0.044464440622601076,0.08425922759065303
1758362663.3557374,2025-09-20T19:04:23.355737,20250920_190339,1.2173916935885343,4.357518065568667,0.0,-1.9497214633953697,0.001485496931226596,0.0017587369903396624,0.0,0.0,0.0,0.0,0.006112204121853886,0.0,0.0,0.0,0.0,0.0,0.0,0.0,0.0,0.0,0.0,0.0,0.0,0.0,0.0021159911869934097,0.03854214487060361,0.07818058660469289,0.04599990420635036,0.08716479250867566
1758362663.4033768,2025-09-20T19:04:23.403377,20250920_190339,1.2099948543063075,4.337022761560721,0.0,-1.9579736360281685,0.0015151901709612372,0.0017306568174805018,0.0,0.0,0.0,0.0,0.005854884064397551,0.0,0.0,0.0,0.0,0.0,0.0,0.0,0.0,0.0,0.0,0.0,0.0,0.0,0.002423389269548145,0.03892544374777553,0.07651721417039142,0.049227931802465,0.0858491364858074
1758362663.4160397,2025-09-20T19:04:23.416040,20250920_190339,1.200465480906895,4.31445243669232,0.0,-1.969720034432384,0.001687382785026024,0.0020784242171575625,0.0,0.0,0.0,0.0,0.0065243222976349114,0.0,0.0,0.0,0.0,0.0,0.0,0.0,0.0,0.0,0.0,0.0,0.0,0.0,0.002242920113695218,0.04107776509288236,0.08077327712576055,0.047359477548799225,0.09061845884068508
1758362663.4425018,2025-09-20T19:04:23.442502,20250920_190339,1.1874307900780203,4.28423906868496,0.0,-1.9840954232801564,0.0017692074955771042,0.00240476082742326,0.0,0.0,0.0,0.0,0.007302587925365512,0.0,0.0,0.0,0.0,0.0,0.0,0.0,0.0,0.0,0.0,0.0,0.0,0.0,0.0025721979676141724,0.04206194830933423,0.08545518079885801,0.05071684106501678,0.09524597325316497
1758362663.4557517,2025-09-20T19:04:23.455752,20250920_190339,1.181384109646486,4.266913608254047,0.0,-1.9936539377679647,0.00181028352314863,0.002338362544231819,0.0,0.0,0.0,0.0,0.0071983771625818765,0.0,0.0,0.0,0.0,0.0,0.0,0.0,0.0,0.0,0.0,0.0,0.0,0.0,0.002726296890952509,0.04254742675119883,0.0848432505422905,0.05221395302936284,0.09491396465078522
1758362663.4939601,2025-09-20T19:04:23.493960,20250920_190339,1.1702956964918663,4.239116442887546,0.0,-2.0185034347545034,0.0022613180223904554,0.0029846759629456937,0.0,0.0,0.0,0.0,0.0073581457510691764,0.0,0.0,0.0,0.0,0.0,0.0,0.0,0.0,0.0,0.0,0.0,0.0,0.0,0.0027328887495771457,0.0475533176801625,0.08577963482709154,0.05227703845453705,0.09807886507020577
1758362663.516966,2025-09-20T19:04:23.516966,20250920_190339,1.1624493124467234,4.218722321302407,0.0,-2.0309795609375776,0.0021889380007198674,0.0028300647368680793,0.0,0.0,0.0,0.0,0.006763266906651674,0.0,0.0,0.0,0.0,0.0,0.0,0.0,0.0,0.0,0.0,0.0,0.0,0.0,0.0027133931704944303,0.04678608768341148,0.08223908381452018,0.05209024064538798,0.09461609222205038
1758362663.5437753,2025-09-20T19:04:23.543775,20250920_190339,1.152149683467076,4.196163046847513,0.0,-2.050450394800858,0.0021465515320356486,0.0026068383160929576,0.0,0.0,0.0,0.0,0.005896243013099961,0.0,0.0,0.0,0.0,0.0,0.0,0.0,0.0,0.0,0.0,0.0,0.0,0.0,0.002880878108333617,0.04633089176818906,0.07678699768255014,0.05367381212783025,0.08968162880509926
1758362663.5530932,2025-09-20T19:04:23.553093,20250920_190339,1.1437038682780474,4.180906334061411,0.0,-2.064311815237372,0.0020614041989637654,0.0024215889458970062,0.0,0.0,0.0,0.0,0.0056535891200339,0.0,0.0,0.0,0.0,0.0,0.0,0.0,0.0,0.0,0.0,0.0,0.0,0.0,0.0029915937361661383,0.04540268933624709,0.07519035257287932,0.05469546357940609,0.08783503469002368
1758362663.5993183,2025-09-20T19:04:23.599318,20250920_190339,1.1279900193876238,4.152364711773207,0.0,-2.0895149566375846,0.00201374029900461,0.0025951284775719346,0.0,0.0,0.0,0.0,0.006223922622859875,0.0,0.0,0.0,0.0,0.0,0.0,0.0,0.0,0.0,0.0,0.0,0.0,0.0,0.003360906821132531,0.04487471781532013,0.07889184129464767,0.05797332853245992,0.09076157183447454
1758362663.620453,2025-09-20T19:04:23.620453,20250920_190339,1.1220858249894607,4.138355779851677,0.0,-2.1051863070543533,0.0022756734714064414,0.0029625107763846933,0.0,0.0,0.0,0.0,0.006641786332865999,0.0,0.0,0.0,0.0,0.0,0.0,0.0,0.0,0.0,0.0,0.0,0.0,0.0,0.003167872272939713,0.04770401944707009,0.08149715536671202,0.05628385446057966,0.094432302758497
1758362663.6371224,2025-09-20T19:04:23.637122,20250920_190339,1.1133286082909968,4.116195973764767,0.0,-2.1245635027448744,0.002553577571013982,0.003227491044528644,0.0,0.0,0.0,0.0,0.0071385273140427835,0.0,0.0,0.0,0.0,0.0,0.0,0.0,0.0,0.0,0.0,0.0,0.0,0.0,0.003296566971100814,0.05053293550758735,0.08448980597706911,0.05741573800884923,0.0984484884853839
1758362663.6581016,2025-09-20T19:04:23.658102,20250920_190339,1.1051572271408567,4.102647750375914,0.0,-2.141533780598731,0.002299484535973443,0.002654580355281951,0.0,0.0,0.0,0.0,0.005779413765236261,0.0,0.0,0.0,0.0,0.0,0.0,0.0,0.0,0.0,0.0,0.0,0.0,0.0,0.003679776375765044,0.04795294084801727,0.07602245566433816,0.060661160356236546,0.08988269188898218
1758362663.6936557,2025-09-20T19:04:23.693656,20250920_190339,1.100291676828401,4.088761218151093,0.0,-2.1622650656153173,0.0023410259973629674,0.0029107214848666935,0.0,0.0,0.0,0.0,0.006020657343709973,0.0,0.0,0.0,0.0,0.0,0.0,0.0,0.0,0.0,0.0,0.0,0.0,0.0,0.0033870921389003972,0.04838415027013462,0.07759289493059254,0.058198729701776114,0.09144224046398328
1758362663.7155895,2025-09-20T19:04:23.715590,20250920_190339,1.090828273376011,4.075152808876073,0.0,-2.1784767192469774,0.00230013998938922,0.0027907286069101464,0.0,0.0,0.0,0.0,0.005663311549683097,0.0,0.0,0.0,0.0,0.0,0.0,0.0,0.0,0.0,0.0,0.0,0.0,0.0,0.003070769882449415,0.04795977470119329,0.07525497690972403,0.055414527720169325,0.08923817310474434
1758362663.7487843,2025-09-20T19:04:23.748784,20250920_190339,1.074620307792052,4.054864661597688,0.0,-2.206578823581944,0.0023696199008852435,0.0027451173631175695,0.0,0.0,0.0,0.0,0.0053145830789555915,0.0,0.0,0.0,0.0,0.0,0.0,0.0,0.0,0.0,0.0,0.0,0.0,0.0,0.0031982177810948188,0.048678741775905046,0.07290118708879569,0.056552787562549195,0.08765958578410483
1758362663.762597,2025-09-20T19:04:23.762597,20250920_190339,1.068317028939144,4.04409684707598,0.0,-2.217727261634326,0.002341513682686593,0.002740324951599257,0.0,0.0,0.0,0.0,0.005342217638627762,0.0,0.0,0.0,0.0,0.0,0.0,0.0,0.0,0.0,0.0,0.0,0.0,0.0,0.003110523211085138,0.048389189729593454,0.0730904757039367,0.05577206479130155,0.08765689545788372
1758362663.794365,2025-09-20T19:04:23.794365,20250920_190339,1.056639090447718,4.026491180682544,0.0,-2.2485328827137185,0.002594814543635772,0.002939979135466717,0.0,0.0,0.0,0.0,0.005325804716072559,0.0,0.0,0.0,0.0,0.0,0.0,0.0,0.0,0.0,0.0,0.0,0.0,0.0,0.003066315663226781,0.05093932217487559,0.07297811121201041,0.05537432314012317,0.08899786098389292
1758362663.8185968,2025-09-20T19:04:23.818597,20250920_190339,1.0472557924484864,4.010904615714812,0.0,-2.263839854294075,0.002154523563186118,0.002357142871574938,0.0,0.0,0.0,0.0,0.004356924728842614,0.0,0.0,0.0,0.0,0.0,0.0,0.0,0.0,0.0,0.0,0.0,0.0,0.0,0.002635787201782845,0.046416845683287425,0.06600700514977645,0.05133991820974051,0.08069354554131782
1758362663.8371189,2025-09-20T19:04:23.837119,20250920_190339,1.029401274026552,3.9881975930483233,0.0,-2.289409336663654,0.002154871596896732,0.0023966331669173888,0.0,0.0,0.0,0.0,0.004252472307386278,0.0,0.0,0.0,0.0,0.0,0.0,0.0,0.0,0.0,0.0,0.0,0.0,0.0,0.002945768822164154,0.046420594534072185,0.06521098302729593,0.05427493732989615,0.08004588624209873
1758362663.8655345,2025-09-20T19:04:23.865535,20250920_190339,1.0195451733016332,3.9770973410688177,0.0,-2.30633861639057,0.0021253661764381857,0.0022802017232538305,0.0,0.0,0.0,0.0,0.0037956422010602593,0.0,0.0,0.0,0.0,0.0,0.0,0.0,0.0,0.0,0.0,0.0,0.0,0.0,0.002594079549324608,0.046101693856497136,0.061608783473302405,0.050932107253918016,0.07694808884890153
1758362663.9231963,2025-09-20T19:04:23.923196,20250920_190339,1.0008720525815304,3.957165556296326,0.0,-2.3314620759881537,0.0022511755993480753,0.0024157063848037593,0.0,0.0,0.0,0.0,0.003957142314052677,0.0,0.0,0.0,0.0,0.0,0.0,0.0,0.0,0.0,0.0,0.0,0.0,0.0,0.002848798371457132,0.04744655518947688,0.06290582098703329,0.05337413579119696,0.0787928798394928
1758362663.9308677,2025-09-20T19:04:23.930868,20250920_190339,0.9891166323591605,3.9450912472179103,0.0,-2.3448218454537573,0.0022032826159203403,0.0023410197427267817,0.0,0.0,0.0,0.0,0.0037693464095648957,0.0,0.0,0.0,0.0,0.0,0.0,0.0,0.0,0.0,0.0,0.0,0.0,0.0,0.0027966928617583495,0.04693913735807615,0.06139500313189092,0.05288376746940737,0.077282786087752
1758362663.9502492,2025-09-20T19:04:23.950249,20250920_190339,0.9649414136465919,3.921459732009124,0.0,-2.3752553775228193,0.0026594750829354833,0.0028005694627662664,0.0,0.0,0.0,0.0,0.004185014355781311,0.0,0.0,0.0,0.0,0.0,0.0,0.0,0.0,0.0,0.0,0.0,0.0,0.0,0.0033530572893423383,0.051570098729161684,0.06469168691401787,0.05790558944819005,0.08273142957012646
1758362663.9592607,2025-09-20T19:04:23.959261,20250920_190339,0.9549480526475985,3.9106797676186535,0.0,-2.3938089693779223,0.002764897685946459,0.0027901796035295686,0.0,0.0,0.0,0.0,0.004132211231082548,0.0,0.0,0.0,0.0,0.0,0.0,0.0,0.0,0.0,0.0,0.0,0.0,0.0,0.0032428117376708783,0.052582294415006836,0.06428227773720023,0.05694569112471003,0.08304883453143101
1758362663.9988298,2025-09-20T19:04:23.998830,20250920_190339,0.9361460222359465,3.8933756466126073,0.0,-2.4192343882159117,0.0032193502670868355,0.003170082828623925,0.0,0.0,0.0,0.0,0.00446946647101486,0.0,0.0,0.0,0.0,0.0,0.0,0.0,0.0,0.0,0.0,0.0,0.0,0.0,0.0035198478027315123,0.05673931852857272,0.0668540684701751,0.059328305240681806,0.08768589817126637
1758362664.0185547,2025-09-20T19:04:24.018555,20250920_190339,0.9220568914338128,3.8806153324204735,0.0,-2.434604744651935,0.003461728257680942,0.003408841281747787,0.0,0.0,0.0,0.0,0.004424666915735254,0.0,0.0,0.0,0.0,0.0,0.0,0.0,0.0,0.0,0.0,0.0,0.0,0.0,0.0030462219385932834,0.05883645347640306,0.06651816981648889,0.055192589526070285,0.08880537806583673
1758362664.0390477,2025-09-20T19:04:24.039048,20250920_190339,0.9021776318645154,3.8628225833280516,0.0,-2.460710086345569,0.003283843085414157,0.0031133040394265383,0.0,0.0,0.0,0.0,0.00405375907020121,0.0,0.0,0.0,0.0,0.0,0.0,0.0,0.0,0.0,0.0,0.0,0.0,0.0,0.003234936142264163,0.05730482602202154,0.06366913750162798,0.056876499033117034,0.08565980478389713
1758362664.0569565,2025-09-20T19:04:24.056957,20250920_190339,0.889928451699879,3.854164374233221,0.0,-2.477887050056814,0.0030792654989510427,0.0028399760448838095,0.0,0.0,0.0,0.0,0.00380880065220945,0.0,0.0,0.0,0.0,0.0,0.0,0.0,0.0,0.0,0.0,0.0,0.0,0.0,0.0030409122934444005,0.055491129912365655,0.06171548146299638,0.05514446747811062,0.08299437421392182
1758362664.2277217,2025-09-20T19:04:24.227722,20250920_190339,0.870539459944466,3.8390397013731947,0.0,-2.5066533347567526,0.0030712827896447635,0.0027617631834076857,0.0,0.0,0.0,0.0,0.003693351726005671,0.0,0.0,0.0,0.0,0.0,0.0,0.0,0.0,0.0,0.0,0.0,0.0,0.0,0.003101798473192709,0.055419155439656094,0.06077295225678666,0.05569379205255025,0.08224739823028103
1758362664.2314646,2025-09-20T19:04:24.231465,20250920_190339,0.8588317763078859,3.833677866420662,0.0,-2.523276596657753,0.0028101021653035405,0.002422471703493011,0.0,0.0,0.0,0.0,0.0033446509806756407,0.0,0.0,0.0,0.0,0.0,0.0,0.0,0.0,0.0,0.0,0.0,0.0,0.0,0.0027488828405644343,0.05301039676613957,0.057832957564658935,0.05242978962922162,0.07845223480551194
1758362664.2350128,2025-09-20T19:04:24.235013,20250920_190339,0.8388362881900929,3.8167604059351294,0.0,-2.55144780202008,0.0031934595350903015,0.0027997476776729065,0.0,0.0,0.0,0.0,0.003648732869266879,0.0,0.0,0.0,0.0,0.0,0.0,0.0,0.0,0.0,0.0,0.0,0.0,0.0,0.002813624357264891,0.056510702836633536,0.060404742109100004,0.05304360807170729,0.08271754592803864
1758362664.2384517,2025-09-20T19:04:24.238452,20250920_190339,0.823625519399263,3.8073181468469133,0.0,-2.5682544456920233,0.0033306203989682493,0.0029628091187728534,0.0,0.0,0.0,0.0,0.003847179026427992,0.0,0.0,0.0,0.0,0.0,0.0,0.0,0.0,0.0,0.0,0.0,0.0,0.0,0.002427223899994318,0.05771152743575801,0.062025632011515945,0.04926686411772438,0.08472189460461942
1758362664.2415583,2025-09-20T19:04:24.241558,20250920_190339,0.802561018409008,3.793274832499338,0.0,-2.5948823395136094,0.003477442180016277,0.0030386901204410184,0.0,0.0,0.0,0.0,0.003690305469524799,0.0,0.0,0.0,0.0,0.0,0.0,0.0,0.0,0.0,0.0,0.0,0.0,0.0,0.002515849821286697,0.058969841275149086,0.06074788448600329,0.05015824778923898,0.08466255163613412
1758362664.2462332,2025-09-20T19:04:24.246233,20250920_190339,0.7864463363589766,3.7828716213049103,0.0,-2.6133888234603964,0.003681975943991693,0.003158556713468947,0.0,0.0,0.0,0.0,0.0037880660420814777,0.0,0.0,0.0,0.0,0.0,0.0,0.0,0.0,0.0,0.0,0.0,0.0,0.0,0.002400689984462749,0.06067928760286901,0.06154726673119999,0.0489968364740291,0.08642940463796549
1758362664.249978,2025-09-20T19:04:24.249978,20250920_190339,0.7676380755908202,3.7714531707419483,0.0,-2.6362191445720655,0.0036217635502953675,0.003019071187796825,0.0,0.0,0.0,0.0,0.0036384244969330875,0.0,0.0,0.0,0.0,0.0,0.0,0.0,0.0,0.0,0.0,0.0,0.0,0.0,0.001971420714650395,0.060181089640312824,0.06031935424830978,0.04440068371827618,0.08520673709999964
1758362664.261563,2025-09-20T19:04:24.261563,20250920_190339,0.7481661046968904,3.7620163185209075,0.0,-2.6636810865257674,0.003439514245791503,0.0026414082978423866,0.0,0.0,0.0,0.0,0.0031547697762524542,0.0,0.0,0.0,0.0,0.0,0.0,0.0,0.0,0.0,0.0,0.0,0.0,0.0,0.002035438918961702,0.058647372028007384,0.05616733727223015,0.045115838892363536,0.08120519701376235
1758362664.2977178,2025-09-20T19:04:24.297718,20250920_190339,0.726292826634724,3.752094970167702,0.0,-2.6972128178978445,0.0035576607433772263,0.0025133762397304632,0.0,0.0,0.0,0.0,0.002995785234545998,0.0,0.0,0.0,0.0,0.0,0.0,0.0,0.0,0.0,0.0,0.0,0.0,0.0,0.002191602533981546,0.059646129324351184,0.054733766858731714,0.04681455472373465,0.08095335680454038
1758362664.3158689,2025-09-20T19:04:24.315869,20250920_190339,0.7137966625793052,3.7469105181076436,0.0,-2.716042963789012,0.003281095257786727,0.0022531731970225947,0.0,0.0,0.0,0.0,0.002732610811042638,0.0,0.0,0.0,0.0,0.0,0.0,0.0,0.0,0.0,0.0,0.0,0.0,0.0,0.002260320777997828,0.057280845470250585,0.05227438006368548,0.04754283098425911,0.07754808875033198
1758362664.3372881,2025-09-20T19:04:24.337288,20250920_190339,0.6881337149904931,3.736673176204805,0.0,-2.7452159874330966,0.003445085392250352,0.0020721718136969846,0.0,0.0,0.0,0.0,0.0023926798936335456,0.0,0.0,0.0,0.0,0.0,0.0,0.0,0.0,0.0,0.0,0.0,0.0,0.0,0.0023082444722568084,0.05869484979323443,0.048915027278266396,0.048044192908787725,0.07640527001381447
1758362664.3577387,2025-09-20T19:04:24.357739,20250920_190339,0.676245103757898,3.734337949991494,0.0,-2.763026209921775,0.003296899381477848,0.0019388002412520826,0.0,0.0,0.0,0.0,0.0023095089254068237,0.0,0.0,0.0,0.0,0.0,0.0,0.0,0.0,0.0,0.0,0.0,0.0,0.0,0.002447247424365621,0.05741863270296366,0.04805735037855108,0.04946966165606574,0.0748759527945032
1758362664.3947155,2025-09-20T19:04:24.394716,20250920_190339,0.6606779120381252,3.728797206095096,0.0,-2.7809034162015136,0.003452316936439782,0.002053764025967284,0.0,0.0,0.0,0.0,0.002450954109923289,0.0,0.0,0.0,0.0,0.0,0.0,0.0,0.0,0.0,0.0,0.0,0.0,0.0,0.002416837678070939,0.05875642038483779,0.04950711171057436,0.04916134333061841,0.07683274722644681
1758362664.411456,2025-09-20T19:04:24.411456,20250920_190339,0.6384288380822323,3.7201964306981927,0.0,-2.8114549020845545,0.003873280996935944,0.002178600522927264,0.0,0.0,0.0,0.0,0.0026347113573420766,0.0,0.0,0.0,0.0,0.0,0.0,0.0,0.0,0.0,0.0,0.0,0.0,0.0,0.0024522730339488277,0.062235689093444964,0.05132943948010807,0.04952043047014866,0.08067212873277871
1758362664.4323936,2025-09-20T19:04:24.432394,20250920_190339,0.6105521616578818,3.7134203204965566,0.0,-2.8412107611742607,0.004006832424015278,0.001919798921271055,0.0,0.0,0.0,0.0,0.002413316127950774,0.0,0.0,0.0,0.0,0.0,0.0,0.0,0.0,0.0,0.0,0.0,0.0,0.0,0.002890311664555484,0.06329954521175707,0.04912551402225501,0.053761618879601125,0.0801258294931544
1758362664.4546428,2025-09-20T19:04:24.454643,20250920_190339,0.5920004459331702,3.7068870321862595,0.0,-2.860453656992013,0.004074773924542425,0.0019083911714559549,0.0,0.0,0.0,0.0,0.0023575790030675938,0.0,0.0,0.0,0.0,0.0,0.0,0.0,0.0,0.0,0.0,0.0,0.0,0.0,0.0031019028139238126,0.0638339558898117,0.04855490709565403,0.055694728780413434,0.0802019508965338
1758362664.4955645,2025-09-20T19:04:24.495564,20250920_190339,0.5624361660209951,3.6990868218861594,0.0,-2.8847947803642926,0.004006715758162556,0.0018706807223706342,0.0,0.0,0.0,0.0,0.0024168855512142033,0.0,0.0,0.0,0.0,0.0,0.0,0.0,0.0,0.0,0.0,0.0,0.0,0.0,0.0032861139921304666,0.06329862366720589,0.04916183022644909,0.05732463686871873,0.08014737244212539
1758362664.5315094,2025-09-20T19:04:24.531509,20250920_190339,0.5452056361372678,3.694851917427651,0.0,-2.898654987811892,0.004067877972016686,0.0018507412625309659,0.0,0.0,0.0,0.0,0.0024904134526118897,0.0,0.0,0.0,0.0,0.0,0.0,0.0,0.0,0.0,0.0,0.0,0.0,0.0,0.0036705336294777387,0.06377991825031361,0.04990404244760027,0.06058492906224896,0.08098327867299876
1758362664.545318,2025-09-20T19:04:24.545318,20250920_190339,0.5161875292005816,3.6886822943345017,0.0,-2.898515715072478,0.004762501356950827,0.002026388567747926,0.0,0.0,0.0,0.0,0.002493175196811798,0.0,0.0,0.0,0.0,0.0,0.0,0.0,0.0,0.0,0.0,0.0,0.0,0.0,0.003573097931541746,0.06901087854063899,0.049931705326493686,0.05977539570376549,0.08518025917877114
1758362664.5652754,2025-09-20T19:04:24.565275,20250920_190339,0.49436500389348964,3.686427096119068,0.0,-2.9034254427922788,0.004417816881890002,0.0017028970359173833,0.0,0.0,0.0,0.0,0.0022113907862144847,0.0,0.0,0.0,0.0,0.0,0.0,0.0,0.0,0.0,0.0,0.0,0.0,0.0,0.003716377713045267,0.06646665992728988,0.0470254270178856,0.06096210062854845,0.08141994637743559
1758362664.598838,2025-09-20T19:04:24.598838,20250920_190339,0.46866075368607824,3.6838566634652996,0.0,-2.913432363315127,0.004946821702824556,0.0018297320260012065,0.0,0.0,0.0,0.0,0.002200443546328456,0.0,0.0,0.0,0.0,0.0,0.0,0.0,0.0,0.0,0.0,0.0,0.0,0.0,0.0036053964451711407,0.07033364559600587,0.04690888557969008,0.06004495353625599,0.08454150015911129
1758362664.6167722,2025-09-20T19:04:24.616772,20250920_190339,0.4383938252989799,3.679560012394831,0.0,-2.9198737119662206,0.0049408710498385034,0.0017768947724629601,0.0,0.0,0.0,0.0,0.0022092136554049606,0.0,0.0,0.0,0.0,0.0,0.0,0.0,0.0,0.0,0.0,0.0,0.0,0.0,0.003553801282174856,0.07029132983404499,0.04700227287488298,0.05961376755561467,0.08455817349756004
1758362664.6343014,2025-09-20T19:04:24.634301,20250920_190339,0.4061802027820226,3.6722038585919745,0.0,-2.925563424693947,0.005506496640768056,0.0018031155355961353,0.0,0.0,0.0,0.0,0.0022231854176927497,0.0,0.0,0.0,0.0,0.0,0.0,0.0,0.0,0.0,0.0,0.0,0.0,0.0,0.003447109810362222,0.07420577228739053,0.04715066720304973,0.058712092539460914,0.08791861042157574
1758362664.656885,2025-09-20T19:04:24.656885,20250920_190339,0.38660158338437656,3.6718012230166464,0.0,-2.932326488763169,0.00605678827725454,0.001928622088956187,0.0,0.0,0.0,0.0,0.0023388661489872,0.0,0.0,0.0,0.0,0.0,0.0,0.0,0.0,0.0,0.0,0.0,0.0,0.0,0.0033573263117024654,0.07782537039587116,0.04836182532728888,0.05794243964230765,0.09162780378379556
1758362664.7007327,2025-09-20T19:04:24.700733,20250920_190339,0.35705336205172167,3.6693775121440293,0.0,-2.9451549336895657,0.006399718402772132,0.0018918166731576311,0.0,0.0,0.0,0.0,0.002215310280167778,0.0,0.0,0.0,0.0,0.0,0.0,0.0,0.0,0.0,0.0,0.0,0.0,0.0,0.0034923245994762124,0.07999823999796578,0.04706708276670414,0.05909589325389889,0.09281717881372989
1758362664.718639,2025-09-20T19:04:24.718639,20250920_190339,0.33591292363898456,3.6672777659110136,0.0,-2.954419872853551,0.006579242346728295,0.0018885981666890606,0.0,0.0,0.0,0.0,0.0021356046201402596,0.0,0.0,0.0,0.0,0.0,0.0,0.0,0.0,0.0,0.0,0.0,0.0,0.0,0.0032252908329709444,0.08111252891340705,0.046212602395236946,0.05679164404180376,0.09335334470102588
1758362664.738684,2025-09-20T19:04:24.738684,20250920_190339,0.3025860913762514,3.6627210200834326,0.0,-2.960421636803793,0.006254700443591245,0.0017540594582965087,0.0,0.0,0.0,0.0,0.001968971530774131,0.0,0.0,0.0,0.0,0.0,0.0,0.0,0.0,0.0,0.0,0.0,0.0,0.0,0.003582855285997723,0.07908666413240126,0.04437309467204345,0.05985695687217755,0.09068446379819078
1758362664.7585058,2025-09-20T19:04:24.758506,20250920_190339,0.2729557428450577,3.655151798392608,0.0,-2.96496988598603,0.006757088101559351,0.001995563975761736,0.0,0.0,0.0,0.0,0.002195316393055065,0.0,0.0,0.0,0.0,0.0,0.0,0.0,0.0,0.0,0.0,0.0,0.0,0.0,0.0035931059868798557,0.08220150911971964,0.04685420357934884,0.0599425223600063,0.094617146937616
1758362664.7957203,2025-09-20T19:04:24.795720,20250920_190339,0.24012219737586557,3.652061586684417,0.0,-2.97057602692799,0.007246496486895777,0.0019956502463171506,0.0,0.0,0.0,0.0,0.0019716229297633125,0.0,0.0,0.0,0.0,0.0,0.0,0.0,0.0,0.0,0.0,0.0,0.0,0.0,0.0034867638610799052,0.08512635600620866,0.04440296082203655,0.05904882607706867,0.09601103799386344
1758362664.823902,2025-09-20T19:04:24.823902,20250920_190339,0.2179522093582494,3.650450670638585,0.0,-2.9783258027857724,0.0068538890797090355,0.0019386463534891288,0.0,0.0,0.0,0.0,0.0018803354813953417,0.0,0.0,0.0,0.0,0.0,0.0,0.0,0.0,0.0,0.0,0.0,0.0,0.0,0.003054062110698553,0.08278821824214504,0.04336283525549663,0.05526356947120366,0.09345707336047057
1758362664.8485966,2025-09-20T19:04:24.848597,20250920_190339,0.18563322968208376,3.6478077910097477,0.0,-2.9825690623593912,0.006746750707352157,0.0020216749408359103,0.0,0.0,0.0,0.0,0.0019347268944114244,0.0,0.0,0.0,0.0,0.0,0.0,0.0,0.0,0.0,0.0,0.0,0.0,0.0,0.0032621028560916787,0.08213860668012428,0.04398553051187884,0.057114821684845336,0.0931744471502975
1758362664.8813653,2025-09-20T19:04:24.881365,20250920_190339,0.15950081020380155,3.6446513989520164,0.0,-2.9864657786304725,0.007597253594979539,0.002356447794125017,0.0,0.0,0.0,0.0,0.002042839166892506,0.0,0.0,0.0,0.0,0.0,0.0,0.0,0.0,0.0,0.0,0.0,0.0,0.0,0.0036122840402708287,0.08716222573442889,0.04519777834022936,0.06010227982590036,0.09818397405825476
1758362664.8987582,2025-09-20T19:04:24.898758,20250920_190339,0.13284319635023525,3.6443054728140822,0.0,-2.992027064482812,0.007709225491613951,0.0022418479693151992,0.0,0.0,0.0,0.0,0.0019831640747318057,0.0,0.0,0.0,0.0,0.0,0.0,0.0,0.0,0.0,0.0,0.0,0.0,0.0,0.003434278391536339,0.08780219525509571,0.044532730375891005,0.05860271658836593,0.09844993431356751
1758362664.9218104,2025-09-20T19:04:24.921810,20250920_190339,0.11062300179097664,3.64484092424025,0.0,-2.9971803673471302,0.00729790742544236,0.0022466178293124115,0.0,0.0,0.0,0.0,0.001791615511745716,0.0,0.0,0.0,0.0,0.0,0.0,0.0,0.0,0.0,0.0,0.0,0.0,0.0,0.003350584402341882,0.08542779070912673,0.0423274793927741,0.05788423276110587,0.09533898959600987
1758362664.950915,2025-09-20T19:04:24.950915,20250920_190339,0.07888148684415393,3.643451380307493,0.0,-3.0053167244271837,0.0071443448618956655,0.002030848813037981,0.0,0.0,0.0,0.0,0.0015020999841375915,0.0,0.0,0.0,0.0,0.0,0.0,0.0,0.0,0.0,0.0,0.0,0.0,0.0,0.0036532996702071377,0.0845242264791324,0.03875693465868517,0.060442531963900537,0.09298626159833105
1758362664.957075,2025-09-20T19:04:24.957075,20250920_190339,0.06159631677056185,3.6451029976405867,0.0,-3.011849813812982,0.007961504537163294,0.0021621543684296886,0.0,0.0,0.0,0.0,0.0013115476351241134,0.0,0.0,0.0,0.0,0.0,0.0,0.0,0.0,0.0,0.0,0.0,0.0,0.0,0.00296012393500985,0.0892272634185499,0.03621529559625482,0.054407021008412604,0.09629668827268884
1758362664.9966657,2025-09-20T19:04:24.996666,20250920_190339,0.028727247956286887,3.64130699067205,0.0,-3.0126943551047645,0.007852772308468486,0.0021994039240981794,0.0,0.0,0.0,0.0,0.001328202229624758,0.0,0.0,0.0,0.0,0.0,0.0,0.0,0.0,0.0,0.0,0.0,0.0,0.0,0.003067920032784227,0.0886158693940791,0.03644450890909024,0.05538880782959882,0.0958174020629512
1758362665.0284452,2025-09-20T19:04:25.028445,20250920_190339,0.009646938353407785,3.6417109216105588,0.0,-3.017394707580463,0.0075366440360220685,0.002101490475706626,0.0,0.0,0.0,0.0,0.0012044155363764395,0.0,0.0,0.0,0.0,0.0,0.0,0.0,0.0,0.0,0.0,0.0,0.0,0.0,0.0031374690732436316,0.08681384702927332,0.03470469040888334,0.056013115189602086,0.09349363386027151
1758362665.0536387,2025-09-20T19:04:25.053639,20250920_190339,-0.016780892855447503,3.6388400935623704,0.0,-3.020213581474607,0.0077759351091284575,0.0020592469089639933,0.0,0.0,0.0,0.0,0.0012249221619897558,0.0,0.0,0.0,0.0,0.0,0.0,0.0,0.0,0.0,0.0,0.0,0.0,0.0,0.003225978411754386,0.08818126280071327,0.03499888801076051,0.056797697239891566,0.09487284791297357
1758362665.0689795,2025-09-20T19:04:25.068980,20250920_190339,-0.04472167047787279,3.6368477706294104,0.0,-3.0266881484026764,0.007695157255477444,0.0019506842002716546,0.0,0.0,0.0,0.0,0.0010901762717753988,0.0,0.0,0.0,0.0,0.0,0.0,0.0,0.0,0.0,0.0,0.0,0.0,0.0,0.002934200424879517,0.08772204543601024,0.03301781748958278,0.054168260308777846,0.09373011003542481
1758362665.09894,2025-09-20T19:04:25.098940,20250920_190339,-0.08424128757311415,3.6293372622332956,0.0,-3.0304190325465106,0.00785084969239054,0.002181834984679513,0.0,0.0,0.0,0.0,0.001274804128868251,0.0,0.0,0.0,0.0,0.0,0.0,0.0,0.0,0.0,0.0,0.0,0.0,0.0,0.003209832880261023,0.08860502069516457,0.03570439929291978,0.05665538703654775,0.09552828806829311
1758362665.1159616,2025-09-20T19:04:25.115962,20250920_190339,-0.10506454925531492,3.6276387248108692,0.0,-3.0321098691243447,0.008068719997331828,0.002238649926920052,0.0,0.0,0.0,0.0,0.0013405127083269742,0.0,0.0,0.0,0.0,0.0,0.0,0.0,0.0,0.0,0.0,0.0,0.0,0.0,0.0029611404494543007,0.08982605411199931,0.03661301282777715,0.0544163619645259,0.09700119950628859
1758362665.14359,2025-09-20T19:04:25.143590,20250920_190339,-0.13191096990166462,3.6255551182780565,0.0,-3.034898843166107,0.008362179818187427,0.0020942312484073518,0.0,0.0,0.0,0.0,0.0011920874256276621,0.0,0.0,0.0,0.0,0.0,0.0,0.0,0.0,0.0,0.0,0.0,0.0,0.0,0.003046388541020178,0.09144495512704584,0.034526619087707704,0.055194098788006116,0.09774593210878439
1758362665.160375,2025-09-20T19:04:25.160375,20250920_190339,-0.15611093612465987,3.622514797091714,0.0,-3.037354345352171,0.008509018527057441,0.0021628501205962747,0.0,0.0,0.0,0.0,0.0012677111320673125,0.0,0.0,0.0,0.0,0.0,0.0,0.0,0.0,0.0,0.0,0.0,0.0,0.0,0.0032445971832226464,0.09224434143652087,0.035604931288619454,0.056961365707140894,0.09887734654168645
1758362665.1930268,2025-09-20T19:04:25.193027,20250920_190339,-0.1927716455677996,3.616496352278201,0.0,-3.0359235176386505,0.007852381456889148,0.0019477874134159502,0.0,0.0,0.0,0.0,0.0013169253700666815,0.0,0.0,0.0,0.0,0.0,0.0,0.0,0.0,0.0,0.0,0.0,0.0,0.0,0.0032098726581177204,0.08861366405295037,0.03628946637891885,0.05665573808642616,0.09575649757043034
1758362665.2186255,2025-09-20T19:04:25.218626,20250920_190339,-0.22250051585240538,3.6141884480292243,0.0,-3.0327631058568683,0.008725303999165494,0.0019484700226901927,0.0,0.0,0.0,0.0,0.001192310179367573,0.0,0.0,0.0,0.0,0.0,0.0,0.0,0.0,0.0,0.0,0.0,0.0,0.0,0.003106057731467056,0.09340933571739761,0.034529844763154856,0.05573201711285045,0.09958721895169614
1758362665.2362654,2025-09-20T19:04:25.236265,20250920_190339,-0.24020177458830333,3.6133483086640217,0.0,-3.0367577617992754,0.008784933478625186,0.0017836601651583207,0.0,0.0,0.0,0.0,0.001106067810340556,0.0,0.0,0.0,0.0,0.0,0.0,0.0,0.0,0.0,0.0,0.0,0.0,0.0,0.0028230812371661984,0.0937279759656912,0.03325759778367277,0.05313267579527873,0.09945351320574725
1758362665.2551718,2025-09-20T19:04:25.255172,20250920_190339,-0.257935258012139,3.611862890700096,0.0,-3.0404586164785687,0.007827971769623136,0.0014812515421674024,0.0,0.0,0.0,0.0,0.0009674823093462231,0.0,0.0,0.0,0.0,0.0,0.0,0.0,0.0,0.0,0.0,0.0,0.0,0.0,0.0030519050095020673,0.08847582590528973,0.031104377655664855,0.05524404953931299,0.09378408222597989
1758362665.3052197,2025-09-20T19:04:25.305220,20250920_190339,-0.2803713505742101,3.611857418481248,0.0,-3.0442988977102283,0.007912773846614355,0.001373000708442352,0.0,0.0,0.0,0.0,0.0008725207565178551,0.0,0.0,0.0,0.0,0.0,0.0,0.0,0.0,0.0,0.0,0.0,0.0,0.0,0.0033899383963502433,0.08895377365021877,0.029538462324871534,0.05822317748414495,0.0937299023958321
1758362665.3209321,2025-09-20T19:04:25.320932,20250920_190339,-0.2937499543109237,3.6115876943717136,0.0,-3.0481255417713555,0.007292353350190321,0.001399511273092214,0.0,0.0,0.0,0.0,0.0008975897658147996,0.0,0.0,0.0,0.0,0.0,0.0,0.0,0.0,0.0,0.0,0.0,0.0,0.0,0.002929254195441724,0.08539527709534246,0.029959802499596015,0.0541225848924617,0.09049830449243301
1758362665.3423865,2025-09-20T19:04:25.342386,20250920_190339,-0.3171248614039973,3.6092529946388883,0.0,-3.0483797257497454,0.007948101464415288,0.0011744691420620525,0.0,0.0,0.0,0.0,0.000720874068939516,0.0,0.0,0.0,0.0,0.0,0.0,0.0,0.0,0.0,0.0,0.0,0.0,0.0,0.003158929499365488,0.08915212540604564,0.026849098102906848,0.056204354807839293,0.09310733340266385
1758362665.386982,2025-09-20T19:04:25.386982,20250920_190339,-0.3414510168317208,3.6068367212728027,0.0,-3.048726569538235,0.008350513611598403,0.0011957780721943258,0.0,0.0,0.0,0.0,0.0008056610718443282,0.0,0.0,0.0,0.0,0.0,0.0,0.0,0.0,0.0,0.0,0.0,0.0,0.0,0.003184099065310949,0.09138114472689868,0.028384169387958638,0.05642782173104814,0.09568790249264915
1758362665.3944144,2025-09-20T19:04:25.394414,20250920_190339,-0.3683105281659588,3.6063866115198624,0.0,-3.0539685629989486,0.008211850015308761,0.0011821773098635395,0.0,0.0,0.0,0.0,0.0008035406215421219,0.0,0.0,0.0,0.0,0.0,0.0,0.0,0.0,0.0,0.0,0.0,0.0,0.0,0.0033626633511067705,0.09061925852327837,0.02834679208556273,0.057988476019867695,0.09494941093472294
1758362665.424411,2025-09-20T19:04:25.424411,20250920_190339,-0.38872109353962986,3.6040621260770505,0.0,-3.0534544655317886,0.008386597684776937,0.0012350544335134866,0.0,0.0,0.0,0.0,0.0008050382795944108,0.0,0.0,0.0,0.0,0.0,0.0,0.0,0.0,0.0,0.0,0.0,0.0,0.0,0.0037539852760907974,0.09157836908777606,0.028373196499414916,0.061269774571894725,0.0958730200023518
1758362665.4338236,2025-09-20T19:04:25.433824,20250920_190339,-0.42121434538613667,3.602591562633999,0.0,-3.0568236593069904,0.008123740560013974,0.0012962289234521773,0.0,0.0,0.0,0.0,0.0009137778119424175,0.0,0.0,0.0,0.0,0.0,0.0,0.0,0.0,0.0,0.0,0.0,0.0,0.0,0.003542997836491371,0.09013179549977895,0.03022875802844731,0.05952308658404209,0.09506586333672246
1758362665.461028,2025-09-20T19:04:25.461028,20250920_190339,-0.43771348791021375,3.601529271109595,0.0,-3.057819988756467,0.008304891407365246,0.0013361176834946762,0.0,0.0,0.0,0.0,0.0009439712669441376,0.0,0.0,0.0,0.0,0.0,0.0,0.0,0.0,0.0,0.0,0.0,0.0,0.0,0.0033101947424941376,0.09113117692296772,0.030724115397259815,0.05753429188313816,0.09617100745187909
1758362665.4929376,2025-09-20T19:04:25.492938,20250920_190339,-0.48291543290816,3.598703681078516,0.0,-3.0609819439870014,0.008429256438832187,0.0013020354882299805,0.0,0.0,0.0,0.0,0.0010226696376375,0.0,0.0,0.0,0.0,0.0,0.0,0.0,0.0,0.0,0.0,0.0,0.0,0.0,0.0035379610093534916,0.09181098212540909,0.03197920633220124,0.05948076167428836,0.09722101663976615
1758362665.520854,2025-09-20T19:04:25.520854,20250920_190339,-0.49942600134221216,3.598922723292281,0.0,-3.0640353421070214,0.007423215167308112,0.001095130241067133,0.0,0.0,0.0,0.0,0.0009480005212081714,0.0,0.0,0.0,0.0,0.0,0.0,0.0,0.0,0.0,0.0,0.0,0.0,0.0,0.00338432212380464,0.08615808242589962,0.030789617100707364,0.0581749269342441,0.09149434785010647
1758362665.5416403,2025-09-20T19:04:25.541640,20250920_190339,-0.5237427396987098,3.5981238714761026,0.0,-3.0673341805773813,0.00848645394995795,0.0012459111776800726,0.0,0.0,0.0,0.0,0.0009847072908497376,0.0,0.0,0.0,0.0,0.0,0.0,0.0,0.0,0.0,0.0,0.0,0.0,0.0,0.0034619633479066017,0.0921219515097132,0.03138004606194417,0.0588384512704626,0.09731989129056653
1758362665.557963,2025-09-20T19:04:25.557963,20250920_190339,-0.5429352314918422,3.597113383847807,0.0,-3.0731800393385416,0.009035244373024078,0.0013117536685017055,0.0,0.0,0.0,0.0,0.0009927250580599055,0.0,0.0,0.0,0.0,0.0,0.0,0.0,0.0,0.0,0.0,0.0,0.0,0.0,0.0033034386804025964,0.09505390246078316,0.031507539701790516,0.05747554854372942,0.10013974950579807
1758362665.603638,2025-09-20T19:04:25.603638,20250920_190339,-0.5689245489125154,3.597043789841562,0.0,-3.072632962274491,0.010402690787142272,0.0013303346822536425,0.0,0.0,0.0,0.0,0.0009997953661058383,0.0,0.0,0.0,0.0,0.0,0.0,0.0,0.0,0.0,0.0,0.0,0.0,0.0,0.003238191783916504,0.10199358208800333,0.03161954089018116,0.05690511210705505,0.10678242436491181
1758362665.6255705,2025-09-20T19:04:25.625571,20250920_190339,-0.5945555251809146,3.595380140731508,0.0,-3.0716242054379808,0.010299356806542283,0.0012365298146885463,0.0,0.0,0.0,0.0,0.0009914530485411845,0.0,0.0,0.0,0.0,0.0,0.0,0.0,0.0,0.0,0.0,0.0,0.0,0.0,0.003290013664278793,0.10148574681472411,0.03148734743577465,0.05735864071156841,0.10625822252928696
1758362665.654711,2025-09-20T19:04:25.654711,20250920_190339,-0.6178923626047704,3.5939329484145963,0.0,-3.0625728552590163,0.008255360232877292,0.0010627451431560182,0.0,0.0,0.0,0.0,0.0010219643530930893,0.0,0.0,0.0,0.0,0.0,0.0,0.0,0.0,0.0,0.0,0.0,0.0,0.0,0.0030617339129822736,0.09085901294245548,0.03196817719378271,0.0553329369632796,0.09631886931422307
1758362665.6615527,2025-09-20T19:04:25.661553,20250920_190339,-0.6463629754079617,3.592668187145172,0.0,-3.050327368865144,0.007875157486002581,0.001135741738411186,0.0,0.0,0.0,0.0,0.0010195317639495516,0.0,0.0,0.0,0.0,0.0,0.0,0.0,0.0,0.0,0.0,0.0,0.0,0.0,0.003096778844932581,0.08874208407515896,0.031930107484152814,0.055648709283617544,0.09431166020144133
1758362665.699156,2025-09-20T19:04:25.699156,20250920_190339,-0.6782020323328045,3.5941158024415247,0.0,-3.0278766593401976,0.008223500802825969,0.0012437997010510428,0.0,0.0,0.0,0.0,0.001107494792779848,0.0,0.0,0.0,0.0,0.0,0.0,0.0,0.0,0.0,0.0,0.0,0.0,0.0,0.003335351887133474,0.0906835200178399,0.03327904434895702,0.05775250546195788,0.09659707860802942
1758362665.7163637,2025-09-20T19:04:25.716364,20250920_190339,-0.7048726083249005,3.5915998260918363,0.0,-3.0086513360850087,0.008614270031707167,0.0013238914417054524,0.0,0.0,0.0,0.0,0.0012067890150531634,0.0,0.0,0.0,0.0,0.0,0.0,0.0,0.0,0.0,0.0,0.0,0.0,0.0,0.003350614649767362,0.09281309191976726,0.034738868937447626,0.05788449403568595,0.09910125653471973
1758362665.743126,2025-09-20T19:04:25.743126,20250920_190339,-0.7343639856030242,3.593462636405012,0.0,-2.984144121071455,0.007969912733913108,0.0010353167610450303,0.0,0.0,0.0,0.0,0.0012330233567277144,0.0,0.0,0.0,0.0,0.0,0.0,0.0,0.0,0.0,0.0,0.0,0.0,0.0,0.003196895998776588,0.08927436773180254,0.03511443231390356,0.056541100084598526,0.09593193467579408
1758362665.7811904,2025-09-20T19:04:25.781190,20250920_190339,-0.7602804864545422,3.5954130393132218,0.0,-2.9665638640941596,0.007738811449566892,0.0010700321123999108,0.0,0.0,0.0,0.0,0.0012282148468795184,0.0,0.0,0.0,0.0,0.0,0.0,0.0,0.0,0.0,0.0,0.0,0.0,0.0,0.0028087390688917454,0.08797051466012287,0.03504589629157055,0.05299753832860301,0.09469438365841139
1758362665.8028808,2025-09-20T19:04:25.802881,20250920_190339,-0.787857660798126,3.59406247022075,0.0,-2.9559614402538217,0.007777133565714121,0.0009723118417198727,0.0,0.0,0.0,0.0,0.0013209725114788702,0.0,0.0,0.0,0.0,0.0,0.0,0.0,0.0,0.0,0.0,0.0,0.0,0.0,0.002953372988399658,0.08818805795409104,0.03634518553369717,0.05434494446036041,0.09538399277233571
1758362665.8165975,2025-09-20T19:04:25.816597,20250920_190339,-0.8085332830300637,3.592262548703654,0.0,-2.9429871877355005,0.008108372350093967,0.001141667499982485,0.0,0.0,0.0,0.0,0.0013540878444455277,0.0,0.0,0.0,0.0,0.0,0.0,0.0,0.0,0.0,0.0,0.0,0.0,0.0,0.0029909088086051065,0.09004650104303868,0.036797932611024875,0.05468920193790641,0.09727517768958067
1758362665.841575,2025-09-20T19:04:25.841575,20250920_190339,-0.843903512085441,3.587521924546631,0.0,-2.912697034506594,0.008315457914738355,0.0014171131175892543,0.0,0.0,0.0,0.0,0.0015005224697284087,0.0,0.0,0.0,0.0,0.0,0.0,0.0,0.0,0.0,0.0,0.0,0.0,0.0,0.0036444710663678602,0.09118913265701321,0.03873657793001866,0.06036945474631902,0.09907562961933052
1758362665.8545053,2025-09-20T19:04:25.854505,20250920_190339,-0.8688525470604455,3.5832616283787013,0.0,-2.896451133678186,0.008987595509473378,0.0015696579128631214,0.0,0.0,0.0,0.0,0.0016081875526330921,0.0,0.0,0.0,0.0,0.0,0.0,0.0,0.0,0.0,0.0,0.0,0.0,0.0,0.003540168487640676,0.09480292985701116,0.0401022138121213,0.0594993150182477,0.1029358201118856
1758362665.895507,2025-09-20T19:04:25.895507,20250920_190339,-0.9021175191269398,3.5804012385686828,0.0,-2.873974250696542,0.00924832253204559,0.0017378187058652262,0.0,0.0,0.0,0.0,0.0015719854113924094,0.0,0.0,0.0,0.0,0.0,0.0,0.0,0.0,0.0,0.0,0.0,0.0,0.0,0.003769709220502072,0.09616819917231262,0.03964827122829455,0.06139795778771532,0.10402070920464827
1758362665.9399571,2025-09-20T19:04:25.939957,20250920_190339,-0.93542085806302,3.5734860955875334,0.0,-2.8446115663667872,0.00978333867477806,0.0018687920612491277,0.0,0.0,0.0,0.0,0.0015559633395032153,0.0,0.0,0.0,0.0,0.0,0.0,0.0,0.0,0.0,0.0,0.0,0.0,0.0,0.004486708406325914,0.09891076116772159,0.0394457011536519,0.06698289637158066,0.10648615879202929
1758362665.9529295,2025-09-20T19:04:25.952929,20250920_190339,-0.9469743663198529,3.569093163689249,0.0,-2.8303757283888165,0.008623742019127295,0.001691115391948922,0.0,0.0,0.0,0.0,0.0014675904661412193,0.0,0.0,0.0,0.0,0.0,0.0,0.0,0.0,0.0,0.0,0.0,0.0,0.0,0.0040178588284793945,0.09286410511670963,0.038309143375194636,0.06338658240100498,0.10045562445810843
1758362665.959536,2025-09-20T19:04:25.959536,20250920_190339,-0.9766260754976333,3.562443954589347,0.0,-2.811540177604515,0.008579334504424404,0.00169431962205429,0.0,0.0,0.0,0.0,0.0014510606251464397,0.0,0.0,0.0,0.0,0.0,0.0,0.0,0.0,0.0,0.0,0.0,0.0,0.0,0.004195900424577738,0.09262469705442715,0.03809278967398476,0.06477577035109454,0.10015186034003984
1758362665.9936182,2025-09-20T19:04:25.993618,20250920_190339,-1.0013196194878573,3.555976857831495,0.0,-2.7917765849413927,0.00813398388949015,0.001697935893294584,0.0,0.0,0.0,0.0,0.001418571397259765,0.0,0.0,0.0,0.0,0.0,0.0,0.0,0.0,0.0,0.0,0.0,0.0,0.0,0.003951852785700416,0.09018860177145531,0.037663927002634295,0.0628637636934062,0.09773717453840128
1758362666.039533,2025-09-20T19:04:26.039533,20250920_190339,-1.0222076282004204,3.5500668443927186,0.0,-2.7747891139663983,0.008266768036709986,0.001717643674087923,0.0,0.0,0.0,0.0,0.0013269176524102894,0.0,0.0,0.0,0.0,0.0,0.0,0.0,0.0,0.0,0.0,0.0,0.0,0.0,0.003999454623163934,0.09092176877244518,0.036426880904220846,0.06324124147393008,0.0979473618282814
1758362666.0515943,2025-09-20T19:04:26.051594,20250920_190339,-1.053787891502866,3.542051944918029,0.0,-2.7520128826312824,0.009043074984904543,0.001806957716901287,0.0,0.0,0.0,0.0,0.0013883532331262763,0.0,0.0,0.0,0.0,0.0,0.0,0.0,0.0,0.0,0.0,0.0,0.0,0.0,0.004198176991429098,0.09509508391554498,0.03726061235576082,0.0647933406410651,0.10213436355130832
1758362666.0640242,2025-09-20T19:04:26.064024,20250920_190339,-1.075294720440237,3.5345495466807617,0.0,-2.7382638475442276,0.00803409826478437,0.001908221374415219,0.0,0.0,0.0,0.0,0.0015983030654359476,0.0,0.0,0.0,0.0,0.0,0.0,0.0,0.0,0.0,0.0,0.0,0.0,0.0,0.004385208637219412,0.08963313151276357,0.03997878269077171,0.06622090785559658,0.09814479777461624
1758362666.107169,2025-09-20T19:04:26.107169,20250920_190339,-1.1064409683845573,3.522878783733378,0.0,-2.7120092217676715,0.007407579593703232,0.0020180929940697063,0.0,0.0,0.0,0.0,0.0017254805185054499,0.0,0.0,0.0,0.0,0.0,0.0,0.0,0.0,0.0,0.0,0.0,0.0,0.0,0.0038884324430808618,0.08606729688855827,0.041538903674813686,0.062357296630633864,0.09556704511602669
1758362666.1216152,2025-09-20T19:04:26.121615,20250920_190339,-1.1325591344663704,3.5112933966890525,0.0,-2.6814004701699674,0.008010426332646817,0.002385463691150214,0.0,0.0,0.0,0.0,0.00189841561097304,0.0,0.0,0.0,0.0,0.0,0.0,0.0,0.0,0.0,0.0,0.0,0.0,0.0,0.003841296905778052,0.0895009850931643,0.04357081145644456,0.06197819701942008,0.09954316623264431
1758362666.145825,2025-09-20T19:04:26.145825,20250920_190339,-1.146342917435935,3.5048916201359273,0.0,-2.664669971794251,0.007839512862595939,0.002317201204179122,0.0,0.0,0.0,0.0,0.0018962876735899856,0.0,0.0,0.0,0.0,0.0,0.0,0.0,0.0,0.0,0.0,0.0,0.0,0.0,0.003651034186449499,0.08854102361389289,0.043546385310264106,0.06042378824974067,0.09867016031296354
1758362666.157307,2025-09-20T19:04:26.157307,20250920_190339,-1.1625194730525723,3.4965853190886915,0.0,-2.6460715655914635,0.008503471606463284,0.002478932346438633,0.0,0.0,0.0,0.0,0.0020766020450364614,0.0,0.0,0.0,0.0,0.0,0.0,0.0,0.0,0.0,0.0,0.0,0.0,0.0,0.0034439318499474487,0.09221427008041264,0.045569749231660926,0.058685022364717974,0.10285948498558481
1758362666.1933663,2025-09-20T19:04:26.193366,20250920_190339,-1.1885106706859188,3.4835428355483478,0.0,-2.619883420988867,0.009007526940574459,0.0025435236311621735,0.0,0.0,0.0,0.0,0.0022338899758175533,0.0,0.0,0.0,0.0,0.0,0.0,0.0,0.0,0.0,0.0,0.0,0.0,0.0,0.0036353398064176,0.09490799197419814,0.04726404527563794,0.06029377916848139,0.10602554841354046
1758362666.213395,2025-09-20T19:04:26.213395,20250920_190339,-1.2092535161203122,3.4768532056414263,0.0,-2.5978376687028595,0.008753221049042532,0.002302359318100331,0.0,0.0,0.0,0.0,0.0020992828946375898,0.0,0.0,0.0,0.0,0.0,0.0,0.0,0.0,0.0,0.0,0.0,0.0,0.0,0.003470406606794295,0.09355865031648614,0.045817932020526524,0.05891015707663913,0.10417535190091812
1758362666.238679,2025-09-20T19:04:26.238679,20250920_190339,-1.2342431934426714,3.464524355010783,0.0,-2.568172476852397,0.008005093800927976,0.0023689238772659762,0.0,0.0,0.0,0.0,0.0022810654956198443,0.0,0.0,0.0,0.0,0.0,0.0,0.0,0.0,0.0,0.0,0.0,0.0,0.0,0.003644520524621402,0.08947118978156028,0.04776050141717363,0.060369864374714324,0.10142070447668869
1758362666.27488,2025-09-20T19:04:26.274880,20250920_190339,-1.2568828644500991,3.4510769876216267,0.0,-2.5424413470982588,0.007304833295125762,0.002277569455614554,0.0,0.0,0.0,0.0,0.0024622075425330178,0.0,0.0,0.0,0.0,0.0,0.0,0.0,0.0,0.0,0.0,0.0,0.0,0.0,0.003934142500925811,0.08546831749324285,0.04962063625683389,0.06272274309152791,0.0988283402555096
1758362666.3009968,2025-09-20T19:04:26.300997,20250920_190339,-1.2713288115689683,3.444759080725419,0.0,-2.5233247467645525,0.006465222825916405,0.0021933445274775446,0.0,0.0,0.0,0.0,0.00229449760679163,0.0,0.0,0.0,0.0,0.0,0.0,0.0,0.0,0.0,0.0,0.0,0.0,0.0,0.003752262549519866,0.08040660934224503,0.047900914467175155,0.061255714423389646,0.09359337814561473
1758362666.3217235,2025-09-20T19:04:26.321723,20250920_190339,-1.2966151226895553,3.426474704625235,0.0,-2.4939268785395896,0.005881606912587701,0.0024182810705002237,0.0,0.0,0.0,0.0,0.0027033546318812455,0.0,0.0,0.0,0.0,0.0,0.0,0.0,0.0,0.0,0.0,0.0,0.0,0.0,0.004108057396034512,0.07669163521915347,0.051993794167008486,0.06409412918539818,0.09265506755957251
1758362666.3598835,2025-09-20T19:04:26.359884,20250920_190339,-1.3155179051628245,3.4168746124684155,0.0,-2.4738427906227574,0.005226962009265767,0.002286895116860004,0.0,0.0,0.0,0.0,0.002638005168227739,0.0,0.0,0.0,0.0,0.0,0.0,0.0,0.0,0.0,0.0,0.0,0.0,0.0,0.0035710868408413013,0.07229773170207877,0.051361514465869666,0.05975857127510079,0.08868465017968728
1758362666.371954,2025-09-20T19:04:26.371954,20250920_190339,-1.3300403703079469,3.4052770440169478,0.0,-2.461799768868352,0.004879597869120987,0.002285132857758504,0.0,0.0,0.0,0.0,0.002674979908277036,0.0,0.0,0.0,0.0,0.0,0.0,0.0,0.0,0.0,0.0,0.0,0.0,0.0,0.0032864332124920917,0.06985411848360115,0.05172020792956111,0.057327421121938595,0.08691707414195454
1758362666.396836,2025-09-20T19:04:26.396836,20250920_190339,-1.347102279456515,3.391072560108451,0.0,-2.432255301713866,0.004912585358046438,0.002602161648465948,0.0,0.0,0.0,0.0,0.002912815292227861,0.0,0.0,0.0,0.0,0.0,0.0,0.0,0.0,0.0,0.0,0.0,0.0,0.0,0.0034767508559901774,0.07008983776587328,0.05397050390933793,0.058963979309322206,0.0884612946450271
1758362666.4191005,2025-09-20T19:04:26.419101,20250920_190339,-1.3691236872845123,3.372666182128735,0.0,-2.4040415081324054,0.00475729787739322,0.0026982587983712856,0.0,0.0,0.0,0.0,0.0031799227107086507,0.0,0.0,0.0,0.0,0.0,0.0,0.0,0.0,0.0,0.0,0.0,0.0,0.0,0.0037474563333998465,0.06897316780743959,0.056390803423152704,0.06121647109561157,0.08909108029484136
1758362666.4455664,2025-09-20T19:04:26.445566,20250920_190339,-1.3798067668497722,3.360630228554302,0.0,-2.383925662582118,0.004509312708296215,0.00281621840927911,0.0,0.0,0.0,0.0,0.003490605697366073,0.0,0.0,0.0,0.0,0.0,0.0,0.0,0.0,0.0,0.0,0.0,0.0,0.0,0.0033678185242203896,0.0671514162791539,0.05908134813429762,0.05803290897603178,0.08944226297261428
1758362666.4745538,2025-09-20T19:04:26.474554,20250920_190339,-1.3975583369747833,3.3370792959683535,0.0,-2.3553937543875425,0.0046603254647970644,0.003039150891376159,0.0,0.0,0.0,0.0,0.0042502739710341885,0.0,0.0,0.0,0.0,0.0,0.0,0.0,0.0,0.0,0.0,0.0,0.0,0.0,0.00323387371852039,0.06826657648364289,0.06519412528007557,0.05686715852335502,0.09439597150213166
1758362666.5000474,2025-09-20T19:04:26.500047,20250920_190339,-1.4063039427926607,3.3266782280280323,0.0,-2.336797644483772,0.004705031294829882,0.003059469750959717,0.0,0.0,0.0,0.0,0.004100676135622433,0.0,0.0,0.0,0.0,0.0,0.0,0.0,0.0,0.0,0.0,0.0,0.0,0.0,0.0031213429113378147,0.06859323067788746,0.0640365218888599,0.05586897986662916,0.09383873097209017
1758362666.519701,2025-09-20T19:04:26.519701,20250920_190339,-1.4196635318186424,3.3140375126336887,0.0,-2.3184062144014996,0.004881744993679707,0.003106751623845643,0.0,0.0,0.0,0.0,0.0038582974132602443,0.0,0.0,0.0,0.0,0.0,0.0,0.0,0.0,0.0,0.0,0.0,0.0,0.0,0.0030636520496386665,0.06986948542589752,0.062115194705162476,0.05535026693376163,0.09348819394415506
1758362666.5388503,2025-09-20T19:04:26.538850,20250920_190339,-1.4417327229286676,3.2909588690500082,0.0,-2.2853119971041735,0.004681186047218154,0.003052599341901036,0.0,0.0,0.0,0.0,0.0038302187657675937,0.0,0.0,0.0,0.0,0.0,0.0,0.0,0.0,0.0,0.0,0.0,0.0,0.0,0.00350889338164879,0.06841919355866564,0.06188876122340464,0.05923591293842605,0.09225727512226745
1758362666.5869741,2025-09-20T19:04:26.586974,20250920_190339,-1.4560473615545615,3.272223152435004,0.0,-2.256784054919854,0.004556387121092363,0.0028902942929390136,0.0,0.0,0.0,0.0,0.0036652559914362153,0.0,0.0,0.0,0.0,0.0,0.0,0.0,0.0,0.0,0.0,0.0,0.0,0.0,0.0029316822935746964,0.0675010157041534,0.06054135769402777,0.05414501171460485,0.0906732767276477
1758362666.597114,2025-09-20T19:04:26.597114,20250920_190339,-1.4681376893773557,3.2575804871648697,0.0,-2.239752522847611,0.004503685237551296,0.0029350341746779956,0.0,0.0,0.0,0.0,0.0038202465521406256,0.0,0.0,0.0,0.0,0.0,0.0,0.0,0.0,0.0,0.0,0.0,0.0,0.0,0.003094520309028284,0.06710950184252075,0.06180814308924533,0.055628412785448805,0.09123558401025293
1758362666.6283677,2025-09-20T19:04:26.628368,20250920_190339,-1.4862656289645586,3.2327541966301405,0.0,-2.208760162835644,0.004736709368777363,0.0033066490275484536,0.0,0.0,0.0,0.0,0.0043172935488192295,0.0,0.0,0.0,0.0,0.0,0.0,0.0,0.0,0.0,0.0,0.0,0.0,0.0,0.0032326693883968083,0.06882375584620011,0.06570611500324174,0.05685656855981381,0.09515252449408051
1758362666.6493342,2025-09-20T19:04:26.649334,20250920_190339,-1.50028878885861,3.2116602283164886,0.0,-2.186057851078683,0.004677185372854398,0.003116257877415242,0.0,0.0,0.0,0.0,0.004305541062018612,0.0,0.0,0.0,0.0,0.0,0.0,0.0,0.0,0.0,0.0,0.0,0.0,0.0,0.0030529137023898654,0.06838995081775098,0.06561662184247687,0.05525317821075875,0.09477724639845267
1758362666.6655133,2025-09-20T19:04:26.665513,20250920_190339,-1.5116079862215028,3.199441721482884,0.0,-2.1664432518149574,0.004740452823197031,0.003303107197256153,0.0,0.0,0.0,0.0,0.004653872553900018,0.0,0.0,0.0,0.0,0.0,0.0,0.0,0.0,0.0,0.0,0.0,0.0,0.0,0.002710596227144903,0.0688509464219413,0.06821929751837098,0.0520633866276955,0.09692432809721742
1758362666.6958187,2025-09-20T19:04:26.695819,20250920_190339,-1.5278151304667396,3.17307337257797,0.0,-2.128710570020918,0.003998875877032033,0.0027387659193832707,0.0,0.0,0.0,0.0,0.0040978396922255605,0.0,0.0,0.0,0.0,0.0,0.0,0.0,0.0,0.0,0.0,0.0,0.0,0.0,0.0033090724506545026,0.06323666560652952,0.06401437098203465,0.0575245378134801,0.0899817513124611
1758362666.7185504,2025-09-20T19:04:26.718550,20250920_190339,-1.5378531667718003,3.1489787969350176,0.0,-2.0977751399331748,0.004390915421237646,0.003216191323877195,0.0,0.0,0.0,0.0,0.004967386390543184,0.0,0.0,0.0,0.0,0.0,0.0,0.0,0.0,0.0,0.0,0.0,0.0,0.0,0.003163037910702442,0.06626398283560721,0.07047968778693038,0.05624089180216155,0.09673831615125844
1758362666.7422013,2025-09-20T19:04:26.742201,20250920_190339,-1.5476901163577805,3.132451481637427,0.0,-2.076910183605186,0.004292379057992817,0.0032639207095400244,0.0,0.0,0.0,0.0,0.00539736496183453,0.0,0.0,0.0,0.0,0.0,0.0,0.0,0.0,0.0,0.0,0.0,0.0,0.0,0.0030125111296688124,0.06551625033526276,0.07346676093196522,0.05488634738866135,0.0984364973971918
1758362666.7755089,2025-09-20T19:04:26.775509,20250920_190339,-1.5618898733278976,3.1042541807792308,0.0,-2.04822639408635,0.004452718472369363,0.0035925445226518346,0.0,0.0,0.0,0.0,0.00604590566606719,0.0,0.0,0.0,0.0,0.0,0.0,0.0,0.0,0.0,0.0,0.0,0.0,0.0,0.0034956758755101615,0.06672869302158826,0.07775542210075893,0.05912424101424188,0.10246279392265542
1758362666.8003542,2025-09-20T19:04:26.800354,20250920_190339,-1.569092020511509,3.084286974752293,0.0,-2.029026909449725,0.004680884215405025,0.0038961726485676265,0.0,0.0,0.0,0.0,0.006873482397076965,0.0,0.0,0.0,0.0,0.0,0.0,0.0,0.0,0.0,0.0,0.0,0.0,0.0,0.0033551215376007144,0.06841698776915735,0.08290646776384196,0.057923410963104674,0.10749123970111234
1758362666.8184774,2025-09-20T19:04:26.818477,20250920_190339,-1.5819700788936673,3.0523662040093837,0.0,-1.9903736219532824,0.004371721352713831,0.004038777794681152,0.0,0.0,0.0,0.0,0.007750725354286018,0.0,0.0,0.0,0.0,0.0,0.0,0.0,0.0,0.0,0.0,0.0,0.0,0.0,0.0037392259559550865,0.06611899388764042,0.08803820394741148,0.06114921059143026,0.11010198321102055
1758362666.8356445,2025-09-20T19:04:26.835644,20250920_190339,-1.5922579935943417,3.0322315922760548,0.0,-1.9716072866117966,0.0040134834650929745,0.003754738434574808,0.0,0.0,0.0,0.0,0.007809248243646281,0.0,0.0,0.0,0.0,0.0,0.0,0.0,0.0,0.0,0.0,0.0,0.0,0.0,0.0038200757269188086,0.06335205967522267,0.08836995102208828,0.061806761174800356,0.10873238574012462
1758362666.882931,2025-09-20T19:04:26.882931,20250920_190339,-1.6077712727226863,3.00006051824592,0.0,-1.937627119337127,0.0037479204132969835,0.003591175555148018,0.0,0.0,0.0,0.0,0.007915901876657276,0.0,0.0,0.0,0.0,0.0,0.0,0.0,0.0,0.0,0.0,0.0,0.0,0.0,0.003935149474994672,0.061220261460540853,0.08897135424763004,0.06273076976249113,0.107999177265173
1758362666.898221,2025-09-20T19:04:26.898221,20250920_190339,-1.618884689971013,2.9757515673954504,0.0,-1.913230885549755,0.0036388611549256983,0.0036730817302633332,0.0,0.0,0.0,0.0,0.008286546852085694,0.0,0.0,0.0,0.0,0.0,0.0,0.0,0.0,0.0,0.0,0.0,0.0,0.0,0.00455744444333694,0.06032297369100514,0.09103047210734268,0.0675088471486289,0.10920351645900142
1758362666.924316,2025-09-20T19:04:26.924316,20250920_190339,-1.6252470087269204,2.960368458796908,0.0,-1.8891976763055456,0.0032753247459757005,0.0035030272087341096,0.0,0.0,0.0,0.0,0.00847548052289435,0.0,0.0,0.0,0.0,0.0,0.0,0.0,0.0,0.0,0.0,0.0,0.0,0.0,0.0039429813724973515,0.057230452959728534,0.09206237300273304,0.06279316342164448,0.10840113130807284
1758362666.964065,2025-09-20T19:04:26.964065,20250920_190339,-1.6343387646745542,2.9280595574892874,0.0,-1.8559135326547584,0.002928741171072941,0.0034589871665209274,0.0,0.0,0.0,0.0,0.009188013468685393,0.0,0.0,0.0,0.0,0.0,0.0,0.0,0.0,0.0,0.0,0.0,0.0,0.0,0.003631907756537846,0.05411784521830984,0.09585412598675862,0.06026531138671604,0.11007613110823951
1758362666.9907699,2025-09-20T19:04:26.990770,20250920_190339,-1.6432056109502784,2.898383518486201,0.0,-1.8262788249851232,0.002864804261234281,0.0036254140423853808,0.0,0.0,0.0,0.0,0.009917589572472454,0.0,0.0,0.0,0.0,0.0,0.0,0.0,0.0,0.0,0.0,0.0,0.0,0.0,0.004284893092208638,0.053523866276963594,0.09958709541136569,0.06545909480132335,0.11305924921786246
1758362666.998712,2025-09-20T19:04:26.998712,20250920_190339,-1.6460223645904735,2.8853103546596013,0.0,-1.8078891246823257,0.0025748149906785283,0.0033159965718833366,0.0,0.0,0.0,0.0,0.009853957735707589,0.0,0.0,0.0,0.0,0.0,0.0,0.0,0.0,0.0,0.0,0.0,0.0,0.0,0.004048831685286614,0.05074263484170415,0.09926710298838981,0.06363043049741698,0.11148440575428528
1758362667.0233386,2025-09-20T19:04:27.023339,20250920_190339,-1.6459424977825587,2.866396445331602,0.0,-1.7772565595282674,0.002252366331889381,0.0030719855342441703,0.0,0.0,0.0,0.0,0.010212888701330617,0.0,0.0,0.0,0.0,0.0,0.0,0.0,0.0,0.0,0.0,0.0,0.0,0.0,0.003926004380664031,0.047459101675962866,0.10105883781901817,0.06265783574832465,0.11164790653308282
1758362667.0408258,2025-09-20T19:04:27.040826,20250920_190339,-1.6519161434376517,2.840728381444329,0.0,-1.7495655916235582,0.002080170929496668,0.002907833146591266,0.0,0.0,0.0,0.0,0.009904634975962385,0.0,0.0,0.0,0.0,0.0,0.0,0.0,0.0,0.0,0.0,0.0,0.0,0.0,0.004101437223771829,0.0456088909040405,0.0995220326157097,0.06404246422313736,0.10947513829842397
1758362667.080535,2025-09-20T19:04:27.080535,20250920_190339,-1.6573675385698146,2.809364164598338,0.0,-1.7209376514944277,0.002122535441101829,0.0026204697200234526,0.0,0.0,0.0,0.0,0.010206300891727053,0.0,0.0,0.0,0.0,0.0,0.0,0.0,0.0,0.0,0.0,0.0,0.0,0.0,0.004184126496213796,0.04607098263659924,0.10102623863000668,0.06468482431153227,0.11103529318567534
1758362667.0951967,2025-09-20T19:04:27.095197,20250920_190339,-1.664427959389363,2.782545586201691,0.0,-1.7004954164599797,0.001981803819735555,0.002442669766741439,0.0,0.0,0.0,0.0,0.009904034139602572,0.0,0.0,0.0,0.0,0.0,0.0,0.0,0.0,0.0,0.0,0.0,0.0,0.0,0.003985457457091206,0.04451745522528837,0.09951901396016026,0.06313047962031657,0.10902219021528657
1758362667.1205828,2025-09-20T19:04:27.120583,20250920_190339,-1.6669219619380344,2.7613353490429455,0.0,-1.6773085181584728,0.0017935516072462969,0.0024878450246881624,0.0,0.0,0.0,0.0,0.011225210282546607,0.0,0.0,0.0,0.0,0.0,0.0,0.0,0.0,0.0,0.0,0.0,0.0,0.0,0.004203761197908539,0.04235034364968361,0.10594909288213188,0.0648364187622091,0.11409978917505897
1758362667.13807,2025-09-20T19:04:27.138070,20250920_190339,-1.67092698374611,2.7281158838957804,0.0,-1.651097700814112,0.0016666246334939125,0.0026767202898935203,0.0,0.0,0.0,0.0,0.011339354648603975,0.0,0.0,0.0,0.0,0.0,0.0,0.0,0.0,0.0,0.0,0.0,0.0,0.0,0.0036709335307191994,0.04082431424401287,0.10648640593335834,0.06058822930833348,0.11404376038213528
1758362667.1807945,2025-09-20T19:04:27.180794,20250920_190339,-1.6735077244699024,2.6981096420641593,0.0,-1.6159591314126467,0.001576913649844178,0.002398490635137495,0.0,0.0,0.0,0.0,0.012059344732487038,0.0,0.0,0.0,0.0,0.0,0.0,0.0,0.0,0.0,0.0,0.0,0.0,0.0,0.0033420418000142177,0.039710372068820735,0.10981504784175544,0.05781039525910732,0.11677439095251671
1758362667.2063272,2025-09-20T19:04:27.206327,20250920_190339,-1.6729093901602936,2.677823035308396,0.0,-1.5948099079096607,0.0013972124298762532,0.001998485131149593,0.0,0.0,0.0,0.0,0.011583552326631292,0.0,0.0,0.0,0.0,0.0,0.0,0.0,0.0,0.0,0.0,0.0,0.0,0.0,0.0033001220997377827,0.03737930483404223,0.10762691265028135,0.05744668919735743,0.1139331591614467
1758362667.2139177,2025-09-20T19:04:27.213918,20250920_190339,-1.6770743537930106,2.641465668960363,0.0,-1.561297254975826,0.0014588480161719483,0.001772720581315101,0.0,0.0,0.0,0.0,0.011052234019461867,0.0,0.0,0.0,0.0,0.0,0.0,0.0,0.0,0.0,0.0,0.0,0.0,0.0,0.0035369483100092494,0.03819486897702293,0.10512960581806567,0.05947224823402298,0.1118529482652729
1758362667.2460864,2025-09-20T19:04:27.246086,20250920_190339,-1.6759717940848595,2.630532212824125,0.0,-1.5445121039150553,0.001542367652581392,0.0019672374387429145,0.0,0.0,0.0,0.0,0.012559359387310936,0.0,0.0,0.0,0.0,0.0,0.0,0.0,0.0,0.0,0.0,0.0,0.0,0.0,0.00342706774036331,0.03927298884196862,0.11206854771661376,0.05854116278622513,0.11875069279752572
1758362667.2814264,2025-09-20T19:04:27.281426,20250920_190339,-1.672558560080697,2.604169115949748,0.0,-1.5180279429765748,0.0016985412259089405,0.0019028779828656277,0.0,0.0,0.0,0.0,0.01199396316906015,0.0,0.0,0.0,0.0,0.0,0.0,0.0,0.0,0.0,0.0,0.0,0.0,0.0,0.0038040210625352733,0.041213362225241225,0.10951695379739225,0.06167674653007625,0.11701497508852912
1758362667.303512,2025-09-20T19:04:27.303512,20250920_190339,-1.6693175148567956,2.578475577391392,0.0,-1.4940489333432403,0.0016225500923276702,0.0017135790162846204,0.0,0.0,0.0,0.0,0.01279377722662179,0.0,0.0,0.0,0.0,0.0,0.0,0.0,0.0,0.0,0.0,0.0,0.0,0.0,0.0035915669401675077,0.04028088991479297,0.11310958061376494,0.05992968329774076,0.12006801122259608
1758362667.3307607,2025-09-20T19:04:27.330761,20250920_190339,-1.6642516256563957,2.5516827542364746,0.0,-1.4632698407436735,0.0015857249477766184,0.001524456246634638,0.0,0.0,0.0,0.0,0.013823755123496621,0.0,0.0,0.0,0.0,0.0,0.0,0.0,0.0,0.0,0.0,0.0,0.0,0.0,0.003860962401604251,0.039821162059596134,0.11757446629050297,0.06213664298627865,0.12413492687907476
1758362667.3483,2025-09-20T19:04:27.348300,20250920_190339,-1.663480589626922,2.5351246520270374,0.0,-1.4540077826659445,0.0017213365764746653,0.0012778784610316609,0.0,0.0,0.0,0.0,0.01288939475953126,0.0,0.0,0.0,0.0,0.0,0.0,0.0,0.0,0.0,0.0,0.0,0.0,0.0,0.003932651074081686,0.04148899343771388,0.11353147034867142,0.06271085292101906,0.12087485816333322
1758362667.3715596,2025-09-20T19:04:27.371560,20250920_190339,-1.6599148367566274,2.501808794281044,0.0,-1.4530822224079463,0.0015180378659986407,0.0007969229885577827,0.0,0.0,0.0,0.0,0.014059384668882728,0.0,0.0,0.0,0.0,0.0,0.0,0.0,0.0,0.0,0.0,0.0,0.0,0.0,0.003996159257463808,0.03896200541551526,0.11857227613941941,0.06321518217535886,0.12480954504716925
1758362667.3924289,2025-09-20T19:04:27.392429,20250920_190339,-1.6536699282819862,2.486957121572153,0.0,-1.4448817083025898,0.0015598831338555954,0.0007558952329755327,0.0,0.0,0.0,0.0,0.013133817431512686,0.0,0.0,0.0,0.0,0.0,0.0,0.0,0.0,0.0,0.0,0.0,0.0,0.0,0.0040025749702524765,0.039495355851740285,0.11460286833894118,0.06326590685552905,0.12121757531549739
1758362667.420309,2025-09-20T19:04:27.420309,20250920_190339,-1.6498454927760182,2.458827105686684,0.0,-1.4390034313325641,0.001414277355128832,0.00041936772368287136,0.0,0.0,0.0,0.0,0.01422681428980399,0.0,0.0,0.0,0.0,0.0,0.0,0.0,0.0,0.0,0.0,0.0,0.0,0.0,0.004438409391320823,0.03760687909317698,0.11927621007478394,0.06662138839232355,0.12506435001603303
1758362667.438525,2025-09-20T19:04:27.438525,20250920_190339,-1.644424619914796,2.440488772008469,0.0,-1.4309447390416379,0.0013367282261248852,-2.2379856773924085e-05,0.0,0.0,0.0,0.0,0.013393755796284912,0.0,0.0,0.0,0.0,0.0,0.0,0.0,0.0,0.0,0.0,0.0,0.0,0.0,0.004443610295355001,0.03656129409806066,0.11573139503300266,0.06666041025492568,0.1213692054122865
1758362667.4791687,2025-09-20T19:04:27.479169,20250920_190339,-1.6385574762943473,2.4132188256527534,0.0,-1.4211889289543451,0.0012109939910538267,-0.0001645707172461583,0.0,0.0,0.0,0.0,0.012438054123717467,0.0,0.0,0.0,0.0,0.0,0.0,0.0,0.0,0.0,0.0,0.0,0.0,0.0,0.004471160815619335,0.034799338945644166,0.11152602442352846,0.06686673923274063,0.11682914069174391
1758362667.5007765,2025-09-20T19:04:27.500777,20250920_190339,-1.6368608578299721,2.3953806875656576,0.0,-1.4090685239983933,0.0012713268395306023,-0.0003906604056584409,0.0,0.0,0.0,0.0,0.013089757296996555,0.0,0.0,0.0,0.0,0.0,0.0,0.0,0.0,0.0,0.0,0.0,0.0,0.0,0.004435082296161653,0.03565567051018116,0.11441047721689021,0.06659641353828037,0.11983774086875619
1758362667.5125117,2025-09-20T19:04:27.512512,20250920_190339,-1.6308206306416566,2.362187830480694,0.0,-1.3957897933752867,0.0012982284268258288,-0.0009224520661328006,0.0,0.0,0.0,0.0,0.012526163981451292,0.0,0.0,0.0,0.0,0.0,0.0,0.0,0.0,0.0,0.0,0.0,0.0,0.0,0.004347510133005818,0.0360309370794853,0.11192034659279469,0.06593565145659681,0.11757717639183686
1758362667.5498009,2025-09-20T19:04:27.549801,20250920_190339,-1.6268890129541862,2.346166861230946,0.0,-1.386812709993988,0.0013054740102720935,-0.0011479695138218126,0.0,0.0,0.0,0.0,0.012642560896748313,0.0,0.0,0.0,0.0,0.0,0.0,0.0,0.0,0.0,0.0,0.0,0.0,0.0,0.0041904950603573,0.036131343875810844,0.11243914308081644,0.06473403324648712,0.11810179891525957
1758362667.5802777,2025-09-20T19:04:27.580278,20250920_190339,-1.617441191230777,2.3250253262002967,0.0,-1.380459034416705,0.001328932160021677,-0.001384724916362666,0.0,0.0,0.0,0.0,0.01242357971625427,0.0,0.0,0.0,0.0,0.0,0.0,0.0,0.0,0.0,0.0,0.0,0.0,0.0,0.004451715614556324,0.036454521804869106,0.11146111302267832,0.06672117815623706,0.11727110418289727
1758362667.6091037,2025-09-20T19:04:27.609104,20250920_190339,-1.6100439887874933,2.3116392617066013,0.0,-1.381130380180202,0.001211367548894793,-0.0013543819719533,0.0,0.0,0.0,0.0,0.011728189905112395,0.0,0.0,0.0,0.0,0.0,0.0,0.0,0.0,0.0,0.0,0.0,0.0,0.0,0.004145781690090729,0.03480470584410667,0.10829676775006905,0.0643877448750205,0.11375217560120415
1758362667.6265476,2025-09-20T19:04:27.626548,20250920_190339,-1.6033054611417645,2.278819794683139,0.0,-1.3993255596423955,0.0012332563686441142,-0.0015021596766822461,0.0,0.0,0.0,0.0,0.012828745895584335,0.0,0.0,0.0,0.0,0.0,0.0,0.0,0.0,0.0,0.0,0.0,0.0,0.0,0.004452833612823736,0.03511775005099436,0.11326405385462916,0.06672955576671956,0.11858331359946242
1758362667.647889,2025-09-20T19:04:27.647889,20250920_190339,-1.5978438528467351,2.2587771991394057,0.0,-1.4105101591231295,0.001242658374992254,-0.0015947261663942216,0.0,0.0,0.0,0.0,0.012476028435569058,0.0,0.0,0.0,0.0,0.0,0.0,0.0,0.0,0.0,0.0,0.0,0.0,0.0,0.004145443980791599,0.03525135990273644,0.11169614333346098,0.06438512235595735,0.1171267980035368
1758362667.699084,2025-09-20T19:04:27.699084,20250920_190339,-1.590610074292841,2.2324383077915546,0.0,-1.4334868044061977,0.0012833325311744077,-0.0019293812538633112,0.0,0.0,0.0,0.0,0.012143576405459914,0.0,0.0,0.0,0.0,0.0,0.0,0.0,0.0,0.0,0.0,0.0,0.0,0.0,0.004753717421377126,0.035823630904396164,0.11019789655642213,0.06894720749513446,0.11587453963936306
1758362667.7169979,2025-09-20T19:04:27.716998,20250920_190339,-1.5828414262575605,2.2067932397661507,0.0,-1.446543608174157,0.0014730587398311993,-0.002524973682209663,0.0,0.0,0.0,0.0,0.012515091231433809,0.0,0.0,0.0,0.0,0.0,0.0,0.0,0.0,0.0,0.0,0.0,0.0,0.0,0.005270234271822955,0.03838044736361471,0.11187086855582112,0.07259637919223627,0.11827150955012372
1758362667.728342,2025-09-20T19:04:27.728342,20250920_190339,-1.5778944034468634,2.1842600640345577,0.0,-1.4669331412562963,0.0015392422066736581,-0.0027274397734088247,0.0,0.0,0.0,0.0,0.013012509960473616,0.0,0.0,0.0,0.0,0.0,0.0,0.0,0.0,0.0,0.0,0.0,0.0,0.0,0.005775818066784136,0.039233177371628444,0.11407238912407164,0.07599880306152286,0.12063064356599974
1758362667.743886,2025-09-20T19:04:27.743886,20250920_190339,-1.570087059813308,2.1647123937100856,0.0,-1.4705209763605553,0.0016333817246459625,-0.0035156963732971384,0.0,0.0,0.0,0.0,0.014436583398003244,0.0,0.0,0.0,0.0,0.0,0.0,0.0,0.0,0.0,0.0,0.0,0.0,0.0,0.006482062765617564,0.04041511752606891,0.12015233413464445,0.08051125862646519,0.12676736615805034
1758362667.7837965,2025-09-20T19:04:27.783797,20250920_190339,-1.5634954582981064,2.1307743571472684,0.0,-1.4945443728215615,0.001837841469784532,-0.004008112016239909,0.0,0.0,0.0,0.0,0.014507744797831578,0.0,0.0,0.0,0.0,0.0,0.0,0.0,0.0,0.0,0.0,0.0,0.0,0.0,0.006443545936850246,0.042870053298130296,0.12044810001752447,0.08027170072229843,0.1278498583011186
1758362667.7978714,2025-09-20T19:04:27.797871,20250920_190339,-1.5564520453220954,2.099957161695617,0.0,-1.500320848632005,0.002018049243870789,-0.004553428438971627,0.0,0.0,0.0,0.0,0.016078594458000185,0.0,0.0,0.0,0.0,0.0,0.0,0.0,0.0,0.0,0.0,0.0,0.0,0.0,0.006603127428630819,0.04492270298936596,0.12680139769734475,0.08125962975937571,0.13452376630867488
1758362667.8163898,2025-09-20T19:04:27.816390,20250920_190339,-1.5474208435316525,2.0446860026794824,0.0,-1.5209185229524413,0.0021849425804453012,-0.004817011436478595,0.0,0.0,0.0,0.0,0.016587280648899843,0.0,0.0,0.0,0.0,0.0,0.0,0.0,0.0,0.0,0.0,0.0,0.0,0.0,0.008255543470695327,0.046743369374118736,0.12879161715305792,0.09086002130032397,0.1370117631057463
1758362667.83202,2025-09-20T19:04:27.832020,20250920_190339,-1.539670192531919,2.0147886236904937,0.0,-1.5236747111934006,0.002274513301801475,-0.0048577523439088405,0.0,0.0,0.0,0.0,0.016310791128406013,0.0,0.0,0.0,0.0,0.0,0.0,0.0,0.0,0.0,0.0,0.0,0.0,0.0,0.008913883634027165,0.04769185781453135,0.12771370767621623,0.09441336575944724,0.13632792975105096
1758362667.8790598,2025-09-20T19:04:27.879060,20250920_190339,-1.5355529482467702,1.9847795569533861,0.0,-1.512612438744579,0.00231454232166946,-0.004644483426777552,0.0,0.0,0.0,0.0,0.015962535466226516,0.0,0.0,0.0,0.0,0.0,0.0,0.0,0.0,0.0,0.0,0.0,0.0,0.0,0.007690062088221542,0.04810969051729038,0.1263429280420021,0.08769299908328795,0.13519274310367393
1758362667.8960626,2025-09-20T19:04:27.896063,20250920_190339,-1.5315863425711203,1.9668548859146597,0.0,-1.5063474025942856,0.002429613083195857,-0.004602228383555019,0.0,0.0,0.0,0.0,0.015843321077469868,0.0,0.0,0.0,0.0,0.0,0.0,0.0,0.0,0.0,0.0,0.0,0.0,0.0,0.007491461537502549,0.0492911055180938,0.12587025493527002,0.08655322950359824,0.13517741734722455
1758362667.9164834,2025-09-20T19:04:27.916483,20250920_190339,-1.5289028841463819,1.9435296265222655,0.0,-1.5062805100919041,0.00248714500803451,-0.0046636933406900795,0.0,0.0,0.0,0.0,0.01604277769449205,0.0,0.0,0.0,0.0,0.0,0.0,0.0,0.0,0.0,0.0,0.0,0.0,0.0,0.006608941112131679,0.04987128440329675,0.12666008721966068,0.081295394163087,0.13612465868653834
1758362667.9371603,2025-09-20T19:04:27.937160,20250920_190339,-1.5240708395961036,1.9130678100491267,0.0,-1.5095129415161925,0.002403090430158306,-0.00438107544513968,0.0,0.0,0.0,0.0,0.015104432264633615,0.0,0.0,0.0,0.0,0.0,0.0,0.0,0.0,0.0,0.0,0.0,0.0,0.0,0.006160585514839103,0.04902132627906253,0.12290009058024984,0.07848939746767779,0.1323159956119891
1758362667.9787595,2025-09-20T19:04:27.978760,20250920_190339,-1.523515953227429,1.881223238329076,0.0,-1.5171550738956836,0.0024903897449790645,-0.004848866230668176,0.0,0.0,0.0,0.0,0.016434280483366197,0.0,0.0,0.0,0.0,0.0,0.0,0.0,0.0,0.0,0.0,0.0,0.0,0.0,0.004994225242350991,0.04990380491484657,0.12819625768081608,0.07066983261867112,0.1375669663412887
1758362667.9965959,2025-09-20T19:04:27.996596,20250920_190339,-1.5227413169846011,1.8544965437170395,0.0,-1.5278896270393876,0.0024288399869771566,-0.0045047634586591724,0.0,0.0,0.0,0.0,0.014984732279429706,0.0,0.0,0.0,0.0,0.0,0.0,0.0,0.0,0.0,0.0,0.0,0.0,0.0,0.004268813797901033,0.049283262746871344,0.12241214106219082,0.06533615995680365,0.13196049509761193
1758362668.0201583,2025-09-20T19:04:28.020158,20250920_190339,-1.524036366945382,1.8202643240889897,0.0,-1.5355337815982573,0.0024817131521911347,-0.004360506869326066,0.0,0.0,0.0,0.0,0.014014859563560834,0.0,0.0,0.0,0.0,0.0,0.0,0.0,0.0,0.0,0.0,0.0,0.0,0.0,0.004464732016232582,0.04981679588443173,0.11838437212555057,0.06681865021259097,0.12843898440797472
1758362668.0509758,2025-09-20T19:04:28.050976,20250920_190339,-1.5227692078175599,1.79298244367134,0.0,-1.5334930960862918,0.002503084014118167,-0.0041113857070109545,0.0,0.0,0.0,0.0,0.012897334408219406,0.0,0.0,0.0,0.0,0.0,0.0,0.0,0.0,0.0,0.0,0.0,0.0,0.0,0.004363178222418025,0.050030830635900574,0.11356643169625172,0.06605435808800222,0.12409842232009871
1758362668.077691,2025-09-20T19:04:28.077691,20250920_190339,-1.5235515606987486,1.7612225200667875,0.0,-1.5166430214219762,0.0023861251198764614,-0.00395074446309392,0.0,0.0,0.0,0.0,0.014413508519715757,0.0,0.0,0.0,0.0,0.0,0.0,0.0,0.0,0.0,0.0,0.0,0.0,0.0,0.004102016993438744,0.04884797969083738,0.12005627230476447,0.0640469905103959,0.12961340069449692
1758362668.108097,2025-09-20T19:04:28.108097,20250920_190339,-1.5279438432926624,1.7428925861161466,0.0,-1.504642865007844,0.0022728903957021677,-0.003611129298703014,0.0,0.0,0.0,0.0,0.014222630694294107,0.0,0.0,0.0,0.0,0.0,0.0,0.0,0.0,0.0,0.0,0.0,0.0,0.0,0.003728983714014984,0.047674840279776164,0.11925867135891674,0.06106540521453193,0.12843489046982628
1758362668.1275074,2025-09-20T19:04:28.127507,20250920_190339,-1.5317673484167966,1.7103926536286145,0.0,-1.4872630377691005,0.0022289338434318567,-0.003467620193994336,0.0,0.0,0.0,0.0,0.015619684602546643,0.0,0.0,0.0,0.0,0.0,0.0,0.0,0.0,0.0,0.0,0.0,0.0,0.0,0.0035410346229213818,0.04721158590252881,0.12497873660165813,0.05950659310464162,0.1335987217228462
1758362668.1404986,2025-09-20T19:04:28.140499,20250920_190339,-1.5277235326220735,1.6789294961215508,0.0,-1.470609314806057,0.002007750855822021,-0.0031361695789733843,0.0,0.0,0.0,0.0,0.014398981812378597,0.0,0.0,0.0,0.0,0.0,0.0,0.0,0.0,0.0,0.0,0.0,0.0,0.0,0.0036650380848251085,0.04480793295636411,0.11999575747658163,0.060539558016433424,0.12808876870436617
1758362668.1809514,2025-09-20T19:04:28.180951,20250920_190339,-1.5298505067604422,1.6422277826882827,0.0,-1.4490559269615437,0.0019889962873885204,-0.0033712346398653698,0.0,0.0,0.0,0.0,0.016101022042241203,0.0,0.0,0.0,0.0,0.0,0.0,0.0,0.0,0.0,0.0,0.0,0.0,0.0,0.0037548970257276597,0.04459816461905714,0.12688980275121087,0.06127721457220179,0.13449913876910038
1758362668.196968,2025-09-20T19:04:28.196968,20250920_190339,-1.5293546290468714,1.6105632327479489,0.0,-1.4386675423698192,0.001985672340240045,-0.0033152616969783764,0.0,0.0,0.0,0.0,0.014194318161195589,0.0,0.0,0.0,0.0,0.0,0.0,0.0,0.0,0.0,0.0,0.0,0.0,0.0,0.0038986315413008653,0.04456088352176205,0.11913991002680667,0.06243902258444526,0.1272005915923178
1758362668.2192078,2025-09-20T19:04:28.219208,20250920_190339,-1.5302672050373114,1.5827716847454407,0.0,-1.4214330992385602,0.0019473794456100926,-0.0029047455204511256,0.0,0.0,0.0,0.0,0.013116281898471877,0.0,0.0,0.0,0.0,0.0,0.0,0.0,0.0,0.0,0.0,0.0,0.0,0.0,0.004180765116912014,0.04412912242057497,0.11452633713898248,0.06465883634053442,0.12273410831583033
1758362668.2406502,2025-09-20T19:04:28.240650,20250920_190339,-1.5314893245910248,1.5601240368066152,0.0,-1.4093271910801948,0.0018106986155689054,-0.0026797414705634617,0.0,0.0,0.0,0.0,0.012687126668395207,0.0,0.0,0.0,0.0,0.0,0.0,0.0,0.0,0.0,0.0,0.0,0.0,0.0,0.004467883645304659,0.042552304468370515,0.11263714604159325,0.06684222950578968,0.12040691543247885
1758362668.2734363,2025-09-20T19:04:28.273436,20250920_190339,-1.5338591686292506,1.5248028086455065,0.0,-1.3891124251510756,0.0016828889262824349,-0.0025080802748393143,0.0,0.0,0.0,0.0,0.011424933530398099,0.0,0.0,0.0,0.0,0.0,0.0,0.0,0.0,0.0,0.0,0.0,0.0,0.0,0.00472527334910364,0.04102302921875023,0.10688748070002445,0.06874062371773797,0.11448939888339241
1758362668.2911448,2025-09-20T19:04:28.291145,20250920_190339,-1.529709527280244,1.5003420711657933,0.0,-1.3798191406704778,0.001751051959018322,-0.0025321065286361857,0.0,0.0,0.0,0.0,0.011110194447248888,0.0,0.0,0.0,0.0,0.0,0.0,0.0,0.0,0.0,0.0,0.0,0.0,0.0,0.004807352858890006,0.0418455727529009,0.10540490713078252,0.06933507668482099,0.11340743540997304
1758362668.3155866,2025-09-20T19:04:28.315587,20250920_190339,-1.52765646052434,1.467228408248726,0.0,-1.3638865468540733,0.0015701001637477385,-0.0023383202282260206,0.0,0.0,0.0,0.0,0.01042188051295268,0.0,0.0,0.0,0.0,0.0,0.0,0.0,0.0,0.0,0.0,0.0,0.0,0.0,0.004840658675292014,0.03962448944463182,0.10208761194656617,0.0695748422584774,0.10950790234818863
1758362668.3356712,2025-09-20T19:04:28.335671,20250920_190339,-1.525279578291609,1.437876548786214,0.0,-1.3488605127955653,0.0016549360208147645,-0.0023304014465090842,0.0,0.0,0.0,0.0,0.01033811936080757,0.0,0.0,0.0,0.0,0.0,0.0,0.0,0.0,0.0,0.0,0.0,0.0,0.0,0.004533107071127547,0.04068090486720723,0.10167654282482055,0.06732835265419426,0.10951280921254067
1758362668.364518,2025-09-20T19:04:28.364518,20250920_190339,-1.523593082228061,1.410123199822513,0.0,-1.3328008040456734,0.0015474713271640156,-0.0019965106694946316,0.0,0.0,0.0,0.0,0.009302640343108242,0.0,0.0,0.0,0.0,0.0,0.0,0.0,0.0,0.0,0.0,0.0,0.0,0.0,0.0048599303260941805,0.03933791208445125,0.09645019617972916,0.06971320051535564,0.10416386931307928
1758362668.3995948,2025-09-20T19:04:28.399595,20250920_190339,-1.5199081596645263,1.3902017024172075,0.0,-1.3234185435137373,0.0013349605538034218,-0.0016738425396039423,0.0,0.0,0.0,0.0,0.009178242689362489,0.0,0.0,0.0,0.0,0.0,0.0,0.0,0.0,0.0,0.0,0.0,0.0,0.0,0.0041975544036987975,0.03653711200688174,0.09580314550870701,0.06478853605151762,0.10253391264925917
1758362668.4220023,2025-09-20T19:04:28.422002,20250920_190339,-1.512887450472473,1.3547833724364982,0.0,-1.3215473670596138,0.0013724295276167006,-0.0016243786535538977,0.0,0.0,0.0,0.0,0.008507068945173883,0.0,0.0,0.0,0.0,0.0,0.0,0.0,0.0,0.0,0.0,0.0,0.0,0.0,0.003518194638802398,0.03704631597901066,0.09223377334346614,0.059314371267024296,0.09939566626765266
1758362668.4466267,2025-09-20T19:04:28.446627,20250920_190339,-1.5082889341919652,1.3324992072543955,0.0,-1.3206091001885578,0.0013935105714925333,-0.0015386687671769864,0.0,0.0,0.0,0.0,0.008036958678381338,0.0,0.0,0.0,0.0,0.0,0.0,0.0,0.0,0.0,0.0,0.0,0.0,0.0,0.0033655147072515976,0.037329754506191616,0.08964908632206654,0.05801305635158001,0.09711060317943593
1758362668.4731467,2025-09-20T19:04:28.473147,20250920_190339,-1.5010471232810203,1.3049641789159683,0.0,-1.315188322945884,0.001457994560566019,-0.0015074840709446236,0.0,0.0,0.0,0.0,0.007465542395910199,0.0,0.0,0.0,0.0,0.0,0.0,0.0,0.0,0.0,0.0,0.0,0.0,0.0,0.0030224264185080684,0.03818369495695799,0.08640337028096878,0.05497659882630125,0.09446447457365238
1758362668.505538,2025-09-20T19:04:28.505538,20250920_190339,-1.4953772478979246,1.286036061545278,0.0,-1.3100024438146711,0.0014709766101320132,-0.00179740216361892,0.0,0.0,0.0,0.0,0.007370665800648037,0.0,0.0,0.0,0.0,0.0,0.0,0.0,0.0,0.0,0.0,0.0,0.0,0.0,0.002765894181796011,0.03835331289643716,0.0858525817937238,0.05259176914495282,0.09403000803349987
1758362668.5179882,2025-09-20T19:04:28.517988,20250920_190339,-1.485115735444283,1.2568511592475307,0.0,-1.3032677918239355,0.0013857482627344859,-0.0016129110491955952,0.0,0.0,0.0,0.0,0.006691209785500216,0.0,0.0,0.0,0.0,0.0,0.0,0.0,0.0,0.0,0.0,0.0,0.0,0.0,0.002869726339620297,0.03722563985661611,0.08179981531458501,0.05356982676488974,0.08987189798949781
1758362668.5471919,2025-09-20T19:04:28.547192,20250920_190339,-1.4785558916820118,1.236438065354114,0.0,-1.2955775616233716,0.001469286954501828,-0.001966180406755143,0.0,0.0,0.0,0.0,0.006739040041398956,0.0,0.0,0.0,0.0,0.0,0.0,0.0,0.0,0.0,0.0,0.0,0.0,0.0,0.0025328660037402203,0.038331279061646614,0.08209165634459421,0.05032758690559503,0.09059981785798901
1758362668.5764863,2025-09-20T19:04:28.576486,20250920_190339,-1.471031716725961,1.2148085946625418,0.0,-1.2905432284164418,0.0015843965997190766,-0.0022852187780414467,0.0,0.0,0.0,0.0,0.0073857748690252505,0.0,0.0,0.0,0.0,0.0,0.0,0.0,0.0,0.0,0.0,0.0,0.0,0.0,0.0025688041621970974,0.03980447964386768,0.08594053100269541,0.05068337165379882,0.09471098916569463
1758362668.5982718,2025-09-20T19:04:28.598272,20250920_190339,-1.4621290902561033,1.193889025802547,0.0,-1.2801930756650926,0.0015111033655013835,-0.0021214391038849897,0.0,0.0,0.0,0.0,0.0064965746656534965,0.0,0.0,0.0,0.0,0.0,0.0,0.0,0.0,0.0,0.0,0.0,0.0,0.0,0.0026390106811061925,0.03887291300509114,0.08060133166178768,0.051371302116125034,0.08948563030540088
1758362668.615847,2025-09-20T19:04:28.615847,20250920_190339,-1.452834364562436,1.1697744871650184,0.0,-1.2760899634849767,0.0013844249447877953,-0.002181797034010502,0.0,0.0,0.0,0.0,0.007198805235525463,0.0,0.0,0.0,0.0,0.0,0.0,0.0,0.0,0.0,0.0,0.0,0.0,0.0,0.002692810421495774,0.03720786133047417,0.0848457732331167,0.05189229635982372,0.09264572402606208
1758362668.6371207,2025-09-20T19:04:28.637121,20250920_190339,-1.4490815302905187,1.1609993006127106,0.0,-1.2696484759125655,0.0013264278071988584,-0.002186403215004962,0.0,0.0,0.0,0.0,0.007268783200635868,0.0,0.0,0.0,0.0,0.0,0.0,0.0,0.0,0.0,0.0,0.0,0.0,0.0,0.0025577131665368057,0.03642015660590792,0.08525715923390756,0.05057383875618703,0.09271036084405414
1758362668.6757886,2025-09-20T19:04:28.675789,20250920_190339,-1.439354093824127,1.1318534188631169,0.0,-1.2648469469251844,0.0014316427006788386,-0.002428132773594162,0.0,0.0,0.0,0.0,0.007455488972077049,0.0,0.0,0.0,0.0,0.0,0.0,0.0,0.0,0.0,0.0,0.0,0.0,0.0,0.0026624616504683177,0.03783705459835422,0.08634517341506154,0.051599046991861366,0.09427158465177027
1758362668.7007236,2025-09-20T19:04:28.700724,20250920_190339,-1.427780653587784,1.1024932718014884,0.0,-1.2586752365146385,0.0014669803570204803,-0.0025066542955453327,0.0,0.0,0.0,0.0,0.0074647825734196135,0.0,0.0,0.0,0.0,0.0,0.0,0.0,0.0,0.0,0.0,0.0,0.0,0.0,0.0026056151032823743,0.0383011795774031,0.0863989732197068,0.05104522605770665,0.09450800458395095
1758362668.711836,2025-09-20T19:04:28.711836,20250920_190339,-1.422649539606415,1.0814902457706361,0.0,-1.2555713728986182,0.00139457471495286,-0.0023863475079416484,0.0,0.0,0.0,0.0,0.006985918920281023,0.0,0.0,0.0,0.0,0.0,0.0,0.0,0.0,0.0,0.0,0.0,0.0,0.0,0.002424539595116442,0.03734400507381151,0.0835818097451893,0.04923961408374808,0.09154503610373356
1758362668.7340143,2025-09-20T19:04:28.734014,20250920_190339,-1.4147053933952687,1.0612579075923732,0.0,-1.2532737945612098,0.001295689447628909,-0.00215923986612957,0.0,0.0,0.0,0.0,0.006398987573125788,0.0,0.0,0.0,0.0,0.0,0.0,0.0,0.0,0.0,0.0,0.0,0.0,0.0,0.0023977436239294545,0.03599568651420485,0.07999367208177025,0.0489667603985546,0.08771930814110823
1758362668.771156,2025-09-20T19:04:28.771156,20250920_190339,-1.4058924231255976,1.0328357034156819,0.0,-1.252516436763781,0.0012889842927781732,-0.0021174472288654827,0.0,0.0,0.0,0.0,0.006186108770322655,0.0,0.0,0.0,0.0,0.0,0.0,0.0,0.0,0.0,0.0,0.0,0.0,0.0,0.0023736525411150317,0.03590242739395448,0.07865181987927969,0.048720145126169644,0.08645862052508603
1758362668.7918887,2025-09-20T19:04:28.791889,20250920_190339,-1.3980797724207898,1.0128492129205033,0.0,-1.252474631432093,0.0013389229949890534,-0.0022729390598376213,0.0,0.0,0.0,0.0,0.006964793334807685,0.0,0.0,0.0,0.0,0.0,0.0,0.0,0.0,0.0,0.0,0.0,0.0,0.0,0.0024574583662896076,0.03659129671095373,0.08345533736560944,0.049572758308264506,0.09112472951837355
1758362668.814617,2025-09-20T19:04:28.814617,20250920_190339,-1.388333047762482,0.9807641053775482,0.0,-1.2532961237658313,0.0013165479951970586,-0.0022232503481327253,0.0,0.0,0.0,0.0,0.006739618098571151,0.0,0.0,0.0,0.0,0.0,0.0,0.0,0.0,0.0,0.0,0.0,0.0,0.0,0.002668727250632091,0.0362842664966106,0.08209517707253668,0.051659725615145216,0.08975614794412809
1758362668.8577065,2025-09-20T19:04:28.857707,20250920_190339,-1.378565504873835,0.9543879859982877,0.0,-1.2444120986338023,0.0014680712529022409,-0.0026057955445234287,0.0,0.0,0.0,0.0,0.007424785178818452,0.0,0.0,0.0,0.0,0.0,0.0,0.0,0.0,0.0,0.0,0.0,0.0,0.0,0.002545292749900482,0.03831541795285862,0.08616719317012973,0.05045089444103526,0.09430194288412458
1758362668.8728645,2025-09-20T19:04:28.872864,20250920_190339,-1.3714000513569657,0.9360111680381971,0.0,-1.2414180412680287,0.0013898676180212066,-0.002506012951008004,0.0,0.0,0.0,0.0,0.007422422173113723,0.0,0.0,0.0,0.0,0.0,0.0,0.0,0.0,0.0,0.0,0.0,0.0,0.0,0.002371337956369826,0.03728092834172999,0.08615348033082426,0.04869638545487567,0.09387379714880467
1758362668.9033413,2025-09-20T19:04:28.903341,20250920_190339,-1.361181999215632,0.9097108334145169,0.0,-1.2375107821210636,0.0014701725601144022,-0.0027006608205446185,0.0,0.0,0.0,0.0,0.007863260686088717,0.0,0.0,0.0,0.0,0.0,0.0,0.0,0.0,0.0,0.0,0.0,0.0,0.0,0.002527129973989004,0.03834282931806679,0.0886750285372873,0.05027056767124282,0.09660969540477353
1758362668.916285,2025-09-20T19:04:28.916285,20250920_190339,-1.3540065588134693,0.8945787310382926,0.0,-1.2345824124616194,0.0015025497252372805,-0.0028351121016661086,0.0,0.0,0.0,0.0,0.008292040567879902,0.0,0.0,0.0,0.0,0.0,0.0,0.0,0.0,0.0,0.0,0.0,0.0,0.0,0.0020315585492953966,0.03876273629708409,0.09106064225492758,0.045072813860412536,0.09896762244854214
1758362668.9383469,2025-09-20T19:04:28.938347,20250920_190339,-1.348885214071954,0.8768504685475694,0.0,-1.2315785848791805,0.0014411963043802184,-0.00275710746616752,0.0,0.0,0.0,0.0,0.008064155136168495,0.0,0.0,0.0,0.0,0.0,0.0,0.0,0.0,0.0,0.0,0.0,0.0,0.0,0.0020918659103762696,0.03796309134383313,0.08980064106769224,0.045736920648162024,0.09749539189391832
1758362668.981604,2025-09-20T19:04:28.981604,20250920_190339,-1.3382818660384648,0.8474126751360115,0.0,-1.2274964244771227,0.001486516722486925,-0.002659281405324583,0.0,0.0,0.0,0.0,0.007314144395734923,0.0,0.0,0.0,0.0,0.0,0.0,0.0,0.0,0.0,0.0,0.0,0.0,0.0,0.0025083793608105674,0.03855537216117781,0.0855227712117359,0.05008372351184132,0.09381183890225075
1758362668.9926198,2025-09-20T19:04:28.992620,20250920_190339,-1.3284028275562834,0.8228374221027049,0.0,-1.2225730930646586,0.0015087694629914302,-0.002678309777223472,0.0,0.0,0.0,0.0,0.007149264981641538,0.0,0.0,0.0,0.0,0.0,0.0,0.0,0.0,0.0,0.0,0.0,0.0,0.0,0.002464920591006501,0.038842881754466034,0.0845533262600682,0.04964796663516544,0.09304855960536396
1758362669.017549,2025-09-20T19:04:29.017549,20250920_190339,-1.322924413992791,0.8094137824565875,0.0,-1.2094994705948807,0.0013935407581082617,-0.002376484865486463,0.0,0.0,0.0,0.0,0.006120347071157431,0.0,0.0,0.0,0.0,0.0,0.0,0.0,0.0,0.0,0.0,0.0,0.0,0.0,0.0026122242371630056,0.037330158827793135,0.0782326470928693,0.051109923079212374,0.08668268471422474
1758362669.0603256,2025-09-20T19:04:29.060326,20250920_190339,-1.3114531038594495,0.7785437919501564,0.0,-1.1831556993073555,0.001426630837984071,-0.0025215945535955343,0.0,0.0,0.0,0.0,0.006502595586964139,0.0,0.0,0.0,0.0,0.0,0.0,0.0,0.0,0.0,0.0,0.0,0.0,0.0,0.0027191959389817693,0.037770766976380966,0.08063867302333377,0.05214591008872862,0.08904620387724684
1758362669.2211807,2025-09-20T19:04:29.221181,20250920_190339,-1.3043999163280036,0.7618728888062127,0.0,-1.1664657991879017,0.0016563383586470984,-0.0029081774066451833,0.0,0.0,0.0,0.0,0.00698060274869268,0.0,0.0,0.0,0.0,0.0,0.0,0.0,0.0,0.0,0.0,0.0,0.0,0.0,0.0029740875695508408,0.04069813704148015,0.08355000148828652,0.05453519569553997,0.09293514462968129
1758362669.2325435,2025-09-20T19:04:29.232543,20250920_190339,-1.294471028147259,0.7415554150416577,0.0,-1.1474965227742326,0.0016254524106364162,-0.002797665846371349,0.0,0.0,0.0,0.0,0.006536728082754891,0.0,0.0,0.0,0.0,0.0,0.0,0.0,0.0,0.0,0.0,0.0,0.0,0.0,0.0030185065074142354,0.0403168998143014,0.08085003452537848,0.05494093653564922,0.09034478675270259
1758362669.2368643,2025-09-20T19:04:29.236864,20250920_190339,-1.2814624481940602,0.7140202795458824,0.0,-1.1175514064459047,0.0017789499993189444,-0.003215500026977119,0.0,0.0,0.0,0.0,0.007652204475844338,0.0,0.0,0.0,0.0,0.0,0.0,0.0,0.0,0.0,0.0,0.0,0.0,0.0,0.0028282632109094393,0.0421776006823402,0.08747687966453958,0.05318141790991887,0.09711413118163227
1758362669.2405646,2025-09-20T19:04:29.240565,20250920_190339,-1.27443287822234,0.6939985916301297,0.0,-1.1088776913642935,0.0016272754605484664,-0.002928143866521793,0.0,0.0,0.0,0.0,0.007100531144304725,0.0,0.0,0.0,0.0,0.0,0.0,0.0,0.0,0.0,0.0,0.0,0.0,0.0,0.003009233737333515,0.04033950248265918,0.08426464943441422,0.05485648309300839,0.09342273066472201
1758362669.2441278,2025-09-20T19:04:29.244128,20250920_190339,-1.2636032188435178,0.6698284560082959,0.0,-1.087146284814846,0.001661718787730106,-0.002931874880097846,0.0,0.0,0.0,0.0,0.007092717274562421,0.0,0.0,0.0,0.0,0.0,0.0,0.0,0.0,0.0,0.0,0.0,0.0,0.0,0.0031171477682131543,0.04076418511058581,0.0842182716194201,0.055831422767229875,0.09356514341512295
1758362669.2476044,2025-09-20T19:04:29.247604,20250920_190339,-1.2520391969714368,0.6476396253958003,0.0,-1.0660843201447656,0.001957455795529006,-0.003282220141908653,0.0,0.0,0.0,0.0,0.007410040828258903,0.0,0.0,0.0,0.0,0.0,0.0,0.0,0.0,0.0,0.0,0.0,0.0,0.0,0.0036817775384777817,0.04424314405112961,0.0860815940155554,0.06067765271067909,0.09678582863099282
1758362669.2520254,2025-09-20T19:04:29.252025,20250920_190339,-1.2356598826115293,0.6185284329928245,0.0,-1.0451814966452355,0.0021206817573222576,-0.0034085133720680367,0.0,0.0,0.0,0.0,0.007471059939717245,0.0,0.0,0.0,0.0,0.0,0.0,0.0,0.0,0.0,0.0,0.0,0.0,0.0,0.003963168376499987,0.046050860549204264,0.08643529336860752,0.06295370026058823,0.09793743766833755
1758362669.2664707,2025-09-20T19:04:29.266471,20250920_190339,-1.2180264887123302,0.586063466067316,0.0,-1.021320360022194,0.0021290949952397606,-0.0032964397344540106,0.0,0.0,0.0,0.0,0.007058438106644819,0.0,0.0,0.0,0.0,0.0,0.0,0.0,0.0,0.0,0.0,0.0,0.0,0.0,0.0039673344209128075,0.046142117368406066,0.08401451128611544,0.06298677973124843,0.09585162023609502
1758362669.2892866,2025-09-20T19:04:29.289287,20250920_190339,-1.2053754241875174,0.5589291249088253,0.0,-1.0068376493888063,0.0021555354353775136,-0.0032455435418025542,0.0,0.0,0.0,0.0,0.006846219956574196,0.0,0.0,0.0,0.0,0.0,0.0,0.0,0.0,0.0,0.0,0.0,0.0,0.0,0.004296523592945006,0.04642774424175176,0.08274188755747718,0.06554787252798526,0.0948775810818958
1758362669.2963293,2025-09-20T19:04:29.296329,20250920_190339,-1.1864250411049646,0.528606836220411,0.0,-0.9786937843125904,0.0024663089575044732,-0.0035804255378639144,0.0,0.0,0.0,0.0,0.00709778807892816,0.0,0.0,0.0,0.0,0.0,0.0,0.0,0.0,0.0,0.0,0.0,0.0,0.0,0.004211391578452543,0.04966194677521687,0.08424837137255628,0.06489523540640363,0.0977962015439896
1758362669.3184268,2025-09-20T19:04:29.318427,20250920_190339,-1.1771110611523352,0.5105249041729552,0.0,-0.9652452096148152,0.0023365076994256093,-0.0033865878947334587,0.0,0.0,0.0,0.0,0.006691422512189683,0.0,0.0,0.0,0.0,0.0,0.0,0.0,0.0,0.0,0.0,0.0,0.0,0.0,0.00411576036965265,0.04833743579696392,0.08180111559257418,0.06415419214402633,0.09501542091479304
1758362669.3409042,2025-09-20T19:04:29.340904,20250920_190339,-1.166289745535991,0.4937062900130305,0.0,-0.9497567835833538,0.002054744864442275,-0.002716622952077752,0.0,0.0,0.0,0.0,0.005344384544482405,0.0,0.0,0.0,0.0,0.0,0.0,0.0,0.0,0.0,0.0,0.0,0.0,0.0,0.0036109798609033667,0.045329293668027466,0.0731052976499132,0.06009142918006999,0.08601819231374651
1758362669.3815718,2025-09-20T19:04:29.381572,20250920_190339,-1.1466868712340428,0.46436140415208443,0.0,-0.9232617398407886,0.0022251517035992924,-0.002966535177869574,0.0,0.0,0.0,0.0,0.005762934033511257,0.0,0.0,0.0,0.0,0.0,0.0,0.0,0.0,0.0,0.0,0.0,0.0,0.0,0.003324984410909571,0.04717151368781049,0.07591399102610306,0.05766267779863827,0.08937609152961741
1758362669.4053888,2025-09-20T19:04:29.405389,20250920_190339,-1.1316321190637777,0.43982821558214086,0.0,-0.9003890288649969,0.0023067855732328856,-0.0030572445440321156,0.0,0.0,0.0,0.0,0.005876681852187757,0.0,0.0,0.0,0.0,0.0,0.0,0.0,0.0,0.0,0.0,0.0,0.0,0.0,0.0028110348022018197,0.048029007622819836,0.07665951899267147,0.053019192772069054,0.09046251945098945
1758362669.4170418,2025-09-20T19:04:29.417042,20250920_190339,-1.116151808312262,0.41857330143173394,0.0,-0.8787713521838838,0.0025868139723588092,-0.003497165902537623,0.0,0.0,0.0,0.0,0.006508398065018772,0.0,0.0,0.0,0.0,0.0,0.0,0.0,0.0,0.0,0.0,0.0,0.0,0.0,0.0029004398800442496,0.05086073114258985,0.0806746432593214,0.05385573210016042,0.09536882109671684
1758362669.465466,2025-09-20T19:04:29.465466,20250920_190339,-1.097042064661347,0.39776560075882567,0.0,-0.8470976629267132,0.0030222330599876824,-0.0037827596274215293,0.0,0.0,0.0,0.0,0.0064024169668239796,0.0,0.0,0.0,0.0,0.0,0.0,0.0,0.0,0.0,0.0,0.0,0.0,0.0,0.003509704632998655,0.05497484024522202,0.08001510461671583,0.05924276017370102,0.0970806367243832
1758362669.4845653,2025-09-20T19:04:29.484565,20250920_190339,-1.0846621587013932,0.38288780707725034,0.0,-0.8294518458827883,0.0030220376129498285,-0.003570718084621706,0.0,0.0,0.0,0.0,0.005908241467501002,0.0,0.0,0.0,0.0,0.0,0.0,0.0,0.0,0.0,0.0,0.0,0.0,0.0,0.003585327966763749,0.05497306261206327,0.07686508614124492,0.059877608225143306,0.09450015386469394
1758362669.5008318,2025-09-20T19:04:29.500832,20250920_190339,-1.0660665915591583,0.3614971654441276,0.0,-0.8106549603010542,0.002783623096302853,-0.003179993626934124,0.0,0.0,0.0,0.0,0.005237058326542407,0.0,0.0,0.0,0.0,0.0,0.0,0.0,0.0,0.0,0.0,0.0,0.0,0.0,0.003634562580340197,0.0527600520877572,0.07236752259503158,0.06028733349834107,0.08955825714497385
1758362669.5430322,2025-09-20T19:04:29.543032,20250920_190339,-1.0458447763663898,0.33734774138301105,0.0,-0.7775361167855134,0.0030873827756443557,-0.0033901826235467358,0.0,0.0,0.0,0.0,0.005247152403883288,0.0,0.0,0.0,0.0,0.0,0.0,0.0,0.0,0.0,0.0,0.0,0.0,0.0,0.0034442746442383456,0.05556422208259876,0.07243723078557937,0.05868794292048705,0.09129367546291278
1758362669.550607,2025-09-20T19:04:29.550607,20250920_190339,-1.0254488163758306,0.3131744185342618,0.0,-0.7543092381066101,0.0032610713561233035,-0.0033104802784002393,0.0,0.0,0.0,0.0,0.0047145509671595864,0.0,0.0,0.0,0.0,0.0,0.0,0.0,0.0,0.0,0.0,0.0,0.0,0.0,0.003470325337118673,0.057105790915837104,0.06866258782743034,0.058909467296171275,0.08930633977094174
1758362669.5789962,2025-09-20T19:04:29.578996,20250920_190339,-1.0011481567681104,0.2912980648869288,0.0,-0.7263162604199467,0.003573818064112331,-0.003590759840103548,0.0,0.0,0.0,0.0,0.004918908298536182,0.0,0.0,0.0,0.0,0.0,0.0,0.0,0.0,0.0,0.0,0.0,0.0,0.0,0.0036184880456581556,0.05978141905401988,0.07013492923313021,0.06015386974799008,0.09215598929341769
1758362669.593017,2025-09-20T19:04:29.593017,20250920_190339,-0.9820508529564898,0.2766551182927813,0.0,-0.7063279657154791,0.004270546034103981,-0.004165028746373683,0.0,0.0,0.0,0.0,0.005374249691321017,0.0,0.0,0.0,0.0,0.0,0.0,0.0,0.0,0.0,0.0,0.0,0.0,0.0,0.003856399569227415,0.0653494149484445,0.07330927425176856,0.06209991601626701,0.09820792088943232
1758362669.6182115,2025-09-20T19:04:29.618212,20250920_190339,-0.9641578235682337,0.26144777425032156,0.0,-0.6853321555272609,0.004166939925258739,-0.003911528022715116,0.0,0.0,0.0,0.0,0.004884213751044957,0.0,0.0,0.0,0.0,0.0,0.0,0.0,0.0,0.0,0.0,0.0,0.0,0.0,0.0032573436259458895,0.06455183905404042,0.06988715011391548,0.057073142772637725,0.09513755134700333
1758362669.6590586,2025-09-20T19:04:29.659059,20250920_190339,-0.9454396147267461,0.24527457721412418,0.0,-0.6573781367473925,0.004722840527948476,-0.004278556005093029,0.0,0.0,0.0,0.0,0.004984035511335221,0.0,0.0,0.0,0.0,0.0,0.0,0.0,0.0,0.0,0.0,0.0,0.0,0.0,0.0032236480935178575,0.06872292578134662,0.07059770188423431,0.05677717933745791,0.09852347963446935
1758362669.6917026,2025-09-20T19:04:29.691703,20250920_190339,-0.9294106117896475,0.2357576762493261,0.0,-0.6316502999359815,0.004624823258692501,-0.004147430256585246,0.0,0.0,0.0,0.0,0.004859495359003414,0.0,0.0,0.0,0.0,0.0,0.0,0.0,0.0,0.0,0.0,0.0,0.0,0.0,0.0033353232442731055,0.06800605310332677,0.06971008075596681,0.057752257482050914,0.09738746643021326
1758362669.7050726,2025-09-20T19:04:29.705073,20250920_190339,-0.904982219659761,0.21785614126249664,0.0,-0.5994530201677006,0.005039876945783853,-0.004266056750153335,0.0,0.0,0.0,0.0,0.004766133543304155,0.0,0.0,0.0,0.0,0.0,0.0,0.0,0.0,0.0,0.0,0.0,0.0,0.0,0.003332811908396719,0.07099209072695248,0.06903718956695844,0.0577305110699422,0.0990253022670873
1758362669.7149165,2025-09-20T19:04:29.714916,20250920_190339,-0.892621014529078,0.2109658101752543,0.0,-0.5788015184063948,0.004916540537066846,-0.004058460195130851,0.0,0.0,0.0,0.0,0.004500411759321979,0.0,0.0,0.0,0.0,0.0,0.0,0.0,0.0,0.0,0.0,0.0,0.0,0.0,0.0031929144820319376,0.07011804715668318,0.06708510832757132,0.05650588006598904,0.09704098256092024
1758362669.75352,2025-09-20T19:04:29.753520,20250920_190339,-0.8709699030214202,0.1987141503599543,0.0,-0.5469741472030668,0.005142164854169185,-0.0039779215047202636,0.0,0.0,0.0,0.0,0.004175429327285249,0.0,0.0,0.0,0.0,0.0,0.0,0.0,0.0,0.0,0.0,0.0,0.0,0.0,0.0035834605584642385,0.0717088896453514,0.06461756206547295,0.059862012649628135,0.096527686087746
1758362669.7757666,2025-09-20T19:04:29.775767,20250920_190339,-0.8496707633155789,0.18350956287425227,0.0,-0.5230332863482113,0.004522595714055984,-0.003373383401355682,0.0,0.0,0.0,0.0,0.003631150828973307,0.0,0.0,0.0,0.0,0.0,0.0,0.0,0.0,0.0,0.0,0.0,0.0,0.0,0.0036881813460313845,0.06725024694420076,0.060259031098859425,0.060730398862772046,0.09029809822487565
1758362669.798555,2025-09-20T19:04:29.798555,20250920_190339,-0.8270247972940276,0.1715460725400508,0.0,-0.4918570478728722,0.005007752176454144,-0.003497237144085208,0.0,0.0,0.0,0.0,0.00354075676918442,0.0,0.0,0.0,0.0,0.0,0.0,0.0,0.0,0.0,0.0,0.0,0.0,0.0,0.003653590373599036,0.0707654730532775,0.05950425841218778,0.060444936707709736,0.09245814699440263
1758362669.8208575,2025-09-20T19:04:29.820858,20250920_190339,-0.8053489910330744,0.1596890760494602,0.0,-0.470394090510026,0.004781047567328832,-0.003125817957639968,0.0,0.0,0.0,0.0,0.003114007775430948,0.0,0.0,0.0,0.0,0.0,0.0,0.0,0.0,0.0,0.0,0.0,0.0,0.0,0.0032797886205406064,0.06914511962046803,0.05580329538146424,0.057269438800643106,0.08885412394908736
1758362669.872375,2025-09-20T19:04:29.872375,20250920_190339,-0.782977162475857,0.15048554724831956,0.0,-0.43791285807777286,0.005401176802023431,-0.0033631722917897722,0.0,0.0,0.0,0.0,0.0032300779352878394,0.0,0.0,0.0,0.0,0.0,0.0,0.0,0.0,0.0,0.0,0.0,0.0,0.0,0.003325345649450123,0.0734926989708735,0.05683377460003725,0.057665810056307394,0.0929045463758974
1758362669.9191175,2025-09-20T19:04:29.919117,20250920_190339,-0.7623046078461285,0.14178819372611348,0.0,-0.41946691943826886,0.005666575120937109,-0.003318690339100993,0.0,0.0,0.0,0.0,0.0031433597170424034,0.0,0.0,0.0,0.0,0.0,0.0,0.0,0.0,0.0,0.0,0.0,0.0,0.0,0.003416685122665977,0.07527665721149625,0.056065673250594285,0.05845241759470669,0.09386125312385038
1758362669.9307182,2025-09-20T19:04:29.930718,20250920_190339,-0.7380422862993276,0.1339946130565767,0.0,-0.3883886371589814,0.00566244339223049,-0.003343240813420895,0.0,0.0,0.0,0.0,0.0030911580619068712,0.0,0.0,0.0,0.0,0.0,0.0,0.0,0.0,0.0,0.0,0.0,0.0,0.0,0.003302589530607763,0.07524920858208736,0.055598183980296256,0.05746816101640771,0.09356068327100525
1758362669.9394062,2025-09-20T19:04:29.939406,20250920_190339,-0.7222506786551584,0.1307048737674403,0.0,-0.36290820164707827,0.005948459766740263,-0.003417921258415568,0.0,0.0,0.0,0.0,0.003116997891441759,0.0,0.0,0.0,0.0,0.0,0.0,0.0,0.0,0.0,0.0,0.0,0.0,0.0,0.002787628467691587,0.07712625860717129,0.055830080525123366,0.05279799681514051,0.09521269693786655
1758362669.9723735,2025-09-20T19:04:29.972373,20250920_190339,-0.6939319226669529,0.11831022795448072,0.0,-0.33226669303099,0.005476739464761868,-0.002841409962340816,0.0,0.0,0.0,0.0,0.0027122403406464797,0.0,0.0,0.0,0.0,0.0,0.0,0.0,0.0,0.0,0.0,0.0,0.0,0.0,0.0028278754410263687,0.07400499621486288,0.05207917377077405,0.05317777205775331,0.09049298207821614
1758362669.9856887,2025-09-20T19:04:29.985689,20250920_190339,-0.6713987771705361,0.10882009174643198,0.0,-0.3103735395280763,0.005550552952967046,-0.0027580472285601027,0.0,0.0,0.0,0.0,0.002660109889560302,0.0,0.0,0.0,0.0,0.0,0.0,0.0,0.0,0.0,0.0,0.0,0.0,0.0,0.002560851055266127,0.07450203321364489,0.05157625315550076,0.050604852092127756,0.09061270795273335
1758362669.9998183,2025-09-20T19:04:29.999818,20250920_190339,-0.645385418593883,0.09992362931166782,0.0,-0.2809806691627907,0.006266159031273402,-0.0027823289302541256,0.0,0.0,0.0,0.0,0.002626863379691042,0.0,0.0,0.0,0.0,0.0,0.0,0.0,0.0,0.0,0.0,0.0,0.0,0.0,0.0029231529049797084,0.07915907421940584,0.051252935327559944,0.054066190035730356,0.09430282292150349
1758362670.0176032,2025-09-20T19:04:30.017603,20250920_190339,-0.6232112737046025,0.0921507630795543,0.0,-0.2618529398485369,0.005998812826203869,-0.002479006654571988,0.0,0.0,0.0,0.0,0.002511475257042144,0.0,0.0,0.0,0.0,0.0,0.0,0.0,0.0,0.0,0.0,0.0,0.0,0.0,0.0027845186115005188,0.07745200337114508,0.0501146211902489,0.052768538083791165,0.09225122266531763
1758362670.0617867,2025-09-20T19:04:30.061787,20250920_190339,-0.5975593917188492,0.08229300672010069,0.0,-0.23784025079520807,0.007048555605754967,-0.0025513939279375904,0.0,0.0,0.0,0.0,0.0022845692794341,0.0,0.0,0.0,0.0,0.0,0.0,0.0,0.0,0.0,0.0,0.0,0.0,0.0,0.002871154514940183,0.08395567643557503,0.04779716811103039,0.05358315514170645,0.09660809948026648
1758362670.0900576,2025-09-20T19:04:30.090058,20250920_190339,-0.5773828290634672,0.07937878396394227,0.0,-0.2150564173493015,0.007215850939286705,-0.0024587088845323076,0.0,0.0,0.0,0.0,0.0022158848270526707,0.0,0.0,0.0,0.0,0.0,0.0,0.0,0.0,0.0,0.0,0.0,0.0,0.0,0.0027564649960237528,0.0849461649474931,0.04707318586045214,0.05250204754125074,0.09711712396039833
1758362670.1018617,2025-09-20T19:04:30.101862,20250920_190339,-0.5577463678253742,0.07747874424347151,0.0,-0.2014654817206253,0.00683637415226034,-0.002061224715132767,0.0,0.0,0.0,0.0,0.0020077921970868265,0.0,0.0,0.0,0.0,0.0,0.0,0.0,0.0,0.0,0.0,0.0,0.0,0.0,0.002905572751327098,0.08268236905326516,0.04480839427034656,0.05390336493510491,0.09404342799657596
1758362670.1354232,2025-09-20T19:04:30.135423,20250920_190339,-0.5285853118270207,0.07163070132439191,0.0,-0.1952370834364412,0.006716526210382189,-0.0018006226714327126,0.0,0.0,0.0,0.0,0.0018094148180062637,0.0,0.0,0.0,0.0,0.0,0.0,0.0,0.0,0.0,0.0,0.0,0.0,0.0,0.003241198687547843,0.08195441544164773,0.042537216857785415,0.05693152630614994,0.09233602237690582
1758362670.1741097,2025-09-20T19:04:30.174110,20250920_190339,-0.5014187924310942,0.06889895316486974,0.0,-0.18536124041242608,0.007224154927317403,-0.0019015546662223058,0.0,0.0,0.0,0.0,0.0017844425096981435,0.0,0.0,0.0,0.0,0.0,0.0,0.0,0.0,0.0,0.0,0.0,0.0,0.0,0.0031715878233237343,0.08499502883885271,0.04224266219946541,0.05631685203670154,0.09491363146047857
1758362670.192229,2025-09-20T19:04:30.192229,20250920_190339,-0.49083018796552635,0.0681637902747983,0.0,-0.17986217066492616,0.007115862209278341,-0.0013806467185607347,0.0,0.0,0.0,0.0,0.0014482017507188119,0.0,0.0,0.0,0.0,0.0,0.0,0.0,0.0,0.0,0.0,0.0,0.0,0.0,0.0030787486524627306,0.08435557011412075,0.03805524603413847,0.055486472697971446,0.09254222798267368
1758362670.206366,2025-09-20T19:04:30.206366,20250920_190339,-0.45994575585336406,0.06255521536244192,0.0,-0.17162287984027136,0.007859243268606693,-0.001383903584990617,0.0,0.0,0.0,0.0,0.0014273986797038122,0.0,0.0,0.0,0.0,0.0,0.0,0.0,0.0,0.0,0.0,0.0,0.0,0.0,0.003107773461252781,0.08865237316962639,0.03778093010638849,0.05574740766396928,0.0963672244505906
1758362670.219424,2025-09-20T19:04:30.219424,20250920_190339,-0.42940339661528987,0.05795793902903955,0.0,-0.16150454973020253,0.007523987635232163,-0.0011255495236361076,0.0,0.0,0.0,0.0,0.0012727178448834755,0.0,0.0,0.0,0.0,0.0,0.0,0.0,0.0,0.0,0.0,0.0,0.0,0.0,0.00299778716106474,0.08674092249470353,0.035675171266350995,0.05475205166078016,0.0937907537026739
1758362670.2603676,2025-09-20T19:04:30.260368,20250920_190339,-0.3990427858841985,0.054649777718133626,0.0,-0.1536279728407687,0.007130901373465837,-0.0008990982190997147,0.0,0.0,0.0,0.0,0.0012270252528478963,0.0,0.0,0.0,0.0,0.0,0.0,0.0,0.0,0.0,0.0,0.0,0.0,0.0,0.0033962526950511718,0.08444466456482515,0.035028920235255556,0.05827737721492939,0.09142169669347498
1758362670.2806635,2025-09-20T19:04:30.280663,20250920_190339,-0.380298482255899,0.055790528940801054,0.0,-0.1441955594520651,0.006449000830906525,-0.0006870368752577335,0.0,0.0,0.0,0.0,0.001192161408990781,0.0,0.0,0.0,0.0,0.0,0.0,0.0,0.0,0.0,0.0,0.0,0.0,0.0,0.0033302240517943905,0.08030567122505437,0.03452769046708426,0.057708093468718843,0.08741374171088494
1758362670.3091345,2025-09-20T19:04:30.309134,20250920_190339,-0.3575874460022565,0.05492463634500463,0.0,-0.13362915082014196,0.006317862640486537,-0.000582262599817996,0.0,0.0,0.0,0.0,0.0012386685015126125,0.0,0.0,0.0,0.0,0.0,0.0,0.0,0.0,0.0,0.0,0.0,0.0,0.0,0.0034834481540678072,0.07948498374212916,0.035194722637245095,0.05902074342184964,0.08692831035973925
1758362670.3346672,2025-09-20T19:04:30.334667,20250920_190339,-0.3368982863181762,0.05310376151148298,0.0,-0.12204665439894936,0.004987073988851492,-0.00034608170054005347,0.0,0.0,0.0,0.0,0.0011258268616665952,0.0,0.0,0.0,0.0,0.0,0.0,0.0,0.0,0.0,0.0,0.0,0.0,0.0,0.003481186512997111,0.07061921826848193,0.03355334352440298,0.05900158059744765,0.07818504237076353
1758362670.3528078,2025-09-20T19:04:30.352808,20250920_190339,-0.3210215322436936,0.05556411731866033,0.0,-0.11324068380376376,0.00473079242215476,-0.0003078733067282718,0.0,0.0,0.0,0.0,0.0011521757578066031,0.0,0.0,0.0,0.0,0.0,0.0,0.0,0.0,0.0,0.0,0.0,0.0,0.0,0.0030667340716785062,0.06878075619062908,0.033943714555225143,0.05537810101184859,0.07670050964603406
1758362670.3756514,2025-09-20T19:04:30.375651,20250920_190339,-0.3034846718528518,0.05024091925721358,0.0,-0.10558874569702194,0.004617057398998468,-0.0003227467772889697,0.0,0.0,0.0,0.0,0.000987019407270028,0.0,0.0,0.0,0.0,0.0,0.0,0.0,0.0,0.0,0.0,0.0,0.0,0.0,0.0029442738761148806,0.06794893228740587,0.03141686501339731,0.05426116360819108,0.07486038208737981
1758362670.421302,2025-09-20T19:04:30.421302,20250920_190339,-0.28352695922297977,0.04807448199922879,0.0,-0.10285008830220582,0.0047851418233384145,-0.00040429922321581156,0.0,0.0,0.0,0.0,0.000921448414596957,0.0,0.0,0.0,0.0,0.0,0.0,0.0,0.0,0.0,0.0,0.0,0.0,0.0,0.002774546713586312,0.06917471953928266,0.03035536879362458,0.052673966184314545,0.07554197666155799
1758362670.4519825,2025-09-20T19:04:30.451982,20250920_190339,-0.2696143130750075,0.04635955317034207,0.0,-0.09447307678126976,0.004859931338283455,-0.0003948398108867116,0.0,0.0,0.0,0.0,0.0009194498806501214,0.0,0.0,0.0,0.0,0.0,0.0,0.0,0.0,0.0,0.0,0.0,0.0,0.0,0.0022657461658906505,0.06971320777502248,0.030322431971234125,0.04759985468350351,0.07602224160687171
1758362670.4788966,2025-09-20T19:04:30.478897,20250920_190339,-0.26231927496883095,0.046425740456759186,0.0,-0.09332738699796062,0.004944109888380851,-0.0004335909278191237,0.0,0.0,0.0,0.0,0.0009135744895908007,0.0,0.0,0.0,0.0,0.0,0.0,0.0,0.0,0.0,0.0,0.0,0.0,0.0,0.0023098541108855465,0.07031436473709231,0.030225394779734488,0.048060941635443916,0.07653551056843909
1758362670.4994106,2025-09-20T19:04:30.499411,20250920_190339,-0.2520721516931571,0.04058879925954365,0.0,-0.09056273284455821,0.00480506529231108,-0.00035931090569649095,0.0,0.0,0.0,0.0,0.0008377093969732137,0.0,0.0,0.0,0.0,0.0,0.0,0.0,0.0,0.0,0.0,0.0,0.0,0.0,0.001956308099132531,0.06931857826233224,0.02894320985953724,0.04423017181893522,0.07511840446444729
1758362670.5176766,2025-09-20T19:04:30.517677,20250920_190339,-0.24510620851954132,0.040691903361939806,0.0,-0.08590055398371138,0.005115086367339852,-0.0004692749044174445,0.0,0.0,0.0,0.0,0.0008947798421788019,0.0,0.0,0.0,0.0,0.0,0.0,0.0,0.0,0.0,0.0,0.0,0.0,0.0,0.0018928648812474472,0.07151983198623897,0.029912870844818654,0.04350706702648947,0.07752332687339117
