[1.577s] DEBUG:colcon:Command line arguments: ['/usr/bin/colcon', 'build', '--packages-select', 'real_pure_pursuit']
[1.578s] DEBUG:colcon:Parsed command line arguments: Namespace(allow_overriding=[], ament_cmake_args=None, base_paths=['.'], build_base='build', catkin_cmake_args=None, catkin_skip_building_tests=False, cmake_args=None, cmake_clean_cache=False, cmake_clean_first=False, cmake_force_configure=False, cmake_target=None, cmake_target_skip_unavailable=False, continue_on_error=False, event_handlers=None, executor='parallel', ignore_user_meta=False, install_base='install', log_base=None, log_level=None, main=<bound method BuildVerb.main of <colcon_core.verb.build.BuildVerb object at 0xffff986ee1f0>>, merge_install=False, metas=['./colcon.meta'], mixin=None, mixin_files=None, mixin_verb=('build',), packages_above=None, packages_above_and_dependencies=None, packages_above_depth=None, packages_end=None, packages_ignore=None, packages_ignore_regex=None, packages_select=['real_pure_pursuit'], packages_select_build_failed=False, packages_select_by_dep=None, packages_select_regex=None, packages_select_test_failures=False, packages_skip=None, packages_skip_build_finished=False, packages_skip_by_dep=None, packages_skip_regex=None, packages_skip_test_passed=False, packages_skip_up_to=None, packages_start=None, packages_up_to=None, packages_up_to_regex=None, parallel_workers=6, paths=None, symlink_install=False, test_result_base=None, verb_extension=<colcon_core.verb.build.BuildVerb object at 0xffff986ee1f0>, verb_name='build', verb_parser=<colcon_mixin.mixin.mixin_argument.MixinArgumentDecorator object at 0xffff985aaa60>)
[2.820s] Level 1:colcon.colcon_core.package_discovery:discover_packages(colcon_meta) check parameters
[2.821s] Level 1:colcon.colcon_core.package_discovery:discover_packages(recursive) check parameters
[2.822s] Level 1:colcon.colcon_core.package_discovery:discover_packages(ignore) check parameters
[2.822s] Level 1:colcon.colcon_core.package_discovery:discover_packages(path) check parameters
[2.822s] Level 1:colcon.colcon_core.package_discovery:discover_packages(colcon_meta) discover
[2.823s] Level 1:colcon.colcon_core.package_discovery:discover_packages(recursive) discover
[2.823s] INFO:colcon.colcon_core.package_discovery:Crawling recursively for packages in '/home/f1/f1tenth_ws'
[2.825s] Level 1:colcon.colcon_core.package_identification:_identify(.) by extensions ['ignore', 'ignore_ament_install']
[2.825s] Level 1:colcon.colcon_core.package_identification:_identify(.) by extension 'ignore'
[2.826s] Level 1:colcon.colcon_core.package_identification:_identify(.) by extension 'ignore_ament_install'
[2.826s] Level 1:colcon.colcon_core.package_identification:_identify(.) by extensions ['colcon_pkg']
[2.826s] Level 1:colcon.colcon_core.package_identification:_identify(.) by extension 'colcon_pkg'
[2.827s] Level 1:colcon.colcon_core.package_identification:_identify(.) by extensions ['colcon_meta']
[2.827s] Level 1:colcon.colcon_core.package_identification:_identify(.) by extension 'colcon_meta'
[2.827s] Level 1:colcon.colcon_core.package_identification:_identify(.) by extensions ['ros']
[2.828s] Level 1:colcon.colcon_core.package_identification:_identify(.) by extension 'ros'
[2.975s] Level 1:colcon.colcon_core.package_identification:_identify(.) by extensions ['cmake', 'python']
[2.975s] Level 1:colcon.colcon_core.package_identification:_identify(.) by extension 'cmake'
[2.976s] Level 1:colcon.colcon_core.package_identification:_identify(.) by extension 'python'
[2.976s] Level 1:colcon.colcon_core.package_identification:_identify(.) by extensions ['python_setup_py']
[2.976s] Level 1:colcon.colcon_core.package_identification:_identify(.) by extension 'python_setup_py'
[2.977s] Level 1:colcon.colcon_core.package_identification:_identify(bags) by extensions ['ignore', 'ignore_ament_install']
[2.979s] Level 1:colcon.colcon_core.package_identification:_identify(bags) by extension 'ignore'
[2.979s] Level 1:colcon.colcon_core.package_identification:_identify(bags) by extension 'ignore_ament_install'
[2.980s] Level 1:colcon.colcon_core.package_identification:_identify(bags) by extensions ['colcon_pkg']
[2.980s] Level 1:colcon.colcon_core.package_identification:_identify(bags) by extension 'colcon_pkg'
[2.980s] Level 1:colcon.colcon_core.package_identification:_identify(bags) by extensions ['colcon_meta']
[2.981s] Level 1:colcon.colcon_core.package_identification:_identify(bags) by extension 'colcon_meta'
[2.981s] Level 1:colcon.colcon_core.package_identification:_identify(bags) by extensions ['ros']
[2.981s] Level 1:colcon.colcon_core.package_identification:_identify(bags) by extension 'ros'
[2.982s] Level 1:colcon.colcon_core.package_identification:_identify(bags) by extensions ['cmake', 'python']
[2.982s] Level 1:colcon.colcon_core.package_identification:_identify(bags) by extension 'cmake'
[2.982s] Level 1:colcon.colcon_core.package_identification:_identify(bags) by extension 'python'
[2.983s] Level 1:colcon.colcon_core.package_identification:_identify(bags) by extensions ['python_setup_py']
[2.983s] Level 1:colcon.colcon_core.package_identification:_identify(bags) by extension 'python_setup_py'
[2.984s] Level 1:colcon.colcon_core.package_identification:_identify(bags/maps) by extensions ['ignore', 'ignore_ament_install']
[2.984s] Level 1:colcon.colcon_core.package_identification:_identify(bags/maps) by extension 'ignore'
[2.985s] Level 1:colcon.colcon_core.package_identification:_identify(bags/maps) by extension 'ignore_ament_install'
[2.985s] Level 1:colcon.colcon_core.package_identification:_identify(bags/maps) by extensions ['colcon_pkg']
[2.985s] Level 1:colcon.colcon_core.package_identification:_identify(bags/maps) by extension 'colcon_pkg'
[2.986s] Level 1:colcon.colcon_core.package_identification:_identify(bags/maps) by extensions ['colcon_meta']
[2.986s] Level 1:colcon.colcon_core.package_identification:_identify(bags/maps) by extension 'colcon_meta'
[2.986s] Level 1:colcon.colcon_core.package_identification:_identify(bags/maps) by extensions ['ros']
[2.986s] Level 1:colcon.colcon_core.package_identification:_identify(bags/maps) by extension 'ros'
[2.987s] Level 1:colcon.colcon_core.package_identification:_identify(bags/maps) by extensions ['cmake', 'python']
[2.987s] Level 1:colcon.colcon_core.package_identification:_identify(bags/maps) by extension 'cmake'
[2.988s] Level 1:colcon.colcon_core.package_identification:_identify(bags/maps) by extension 'python'
[2.988s] Level 1:colcon.colcon_core.package_identification:_identify(bags/maps) by extensions ['python_setup_py']
[2.988s] Level 1:colcon.colcon_core.package_identification:_identify(bags/maps) by extension 'python_setup_py'
[2.989s] Level 1:colcon.colcon_core.package_identification:_identify(bags/maps/my_carto_map) by extensions ['ignore', 'ignore_ament_install']
[2.989s] Level 1:colcon.colcon_core.package_identification:_identify(bags/maps/my_carto_map) by extension 'ignore'
[2.990s] Level 1:colcon.colcon_core.package_identification:_identify(bags/maps/my_carto_map) by extension 'ignore_ament_install'
[2.990s] Level 1:colcon.colcon_core.package_identification:_identify(bags/maps/my_carto_map) by extensions ['colcon_pkg']
[2.990s] Level 1:colcon.colcon_core.package_identification:_identify(bags/maps/my_carto_map) by extension 'colcon_pkg'
[2.991s] Level 1:colcon.colcon_core.package_identification:_identify(bags/maps/my_carto_map) by extensions ['colcon_meta']
[2.991s] Level 1:colcon.colcon_core.package_identification:_identify(bags/maps/my_carto_map) by extension 'colcon_meta'
[2.991s] Level 1:colcon.colcon_core.package_identification:_identify(bags/maps/my_carto_map) by extensions ['ros']
[2.992s] Level 1:colcon.colcon_core.package_identification:_identify(bags/maps/my_carto_map) by extension 'ros'
[2.992s] Level 1:colcon.colcon_core.package_identification:_identify(bags/maps/my_carto_map) by extensions ['cmake', 'python']
[2.992s] Level 1:colcon.colcon_core.package_identification:_identify(bags/maps/my_carto_map) by extension 'cmake'
[2.993s] Level 1:colcon.colcon_core.package_identification:_identify(bags/maps/my_carto_map) by extension 'python'
[2.993s] Level 1:colcon.colcon_core.package_identification:_identify(bags/maps/my_carto_map) by extensions ['python_setup_py']
[2.993s] Level 1:colcon.colcon_core.package_identification:_identify(bags/maps/my_carto_map) by extension 'python_setup_py'
[2.994s] Level 1:colcon.colcon_core.package_identification:_identify(bags/maps/with_jg) by extensions ['ignore', 'ignore_ament_install']
[2.994s] Level 1:colcon.colcon_core.package_identification:_identify(bags/maps/with_jg) by extension 'ignore'
[2.995s] Level 1:colcon.colcon_core.package_identification:_identify(bags/maps/with_jg) by extension 'ignore_ament_install'
[2.995s] Level 1:colcon.colcon_core.package_identification:_identify(bags/maps/with_jg) by extensions ['colcon_pkg']
[2.995s] Level 1:colcon.colcon_core.package_identification:_identify(bags/maps/with_jg) by extension 'colcon_pkg'
[2.996s] Level 1:colcon.colcon_core.package_identification:_identify(bags/maps/with_jg) by extensions ['colcon_meta']
[2.996s] Level 1:colcon.colcon_core.package_identification:_identify(bags/maps/with_jg) by extension 'colcon_meta'
[2.996s] Level 1:colcon.colcon_core.package_identification:_identify(bags/maps/with_jg) by extensions ['ros']
[2.997s] Level 1:colcon.colcon_core.package_identification:_identify(bags/maps/with_jg) by extension 'ros'
[2.997s] Level 1:colcon.colcon_core.package_identification:_identify(bags/maps/with_jg) by extensions ['cmake', 'python']
[2.997s] Level 1:colcon.colcon_core.package_identification:_identify(bags/maps/with_jg) by extension 'cmake'
[2.998s] Level 1:colcon.colcon_core.package_identification:_identify(bags/maps/with_jg) by extension 'python'
[2.998s] Level 1:colcon.colcon_core.package_identification:_identify(bags/maps/with_jg) by extensions ['python_setup_py']
[2.998s] Level 1:colcon.colcon_core.package_identification:_identify(bags/maps/with_jg) by extension 'python_setup_py'
[2.999s] Level 1:colcon.colcon_core.package_identification:_identify(build) by extensions ['ignore', 'ignore_ament_install']
[3.000s] Level 1:colcon.colcon_core.package_identification:_identify(build) by extension 'ignore'
[3.000s] Level 1:colcon.colcon_core.package_identification:_identify(build) ignored
[3.002s] Level 1:colcon.colcon_core.package_identification:_identify(config) by extensions ['ignore', 'ignore_ament_install']
[3.003s] Level 1:colcon.colcon_core.package_identification:_identify(config) by extension 'ignore'
[3.003s] Level 1:colcon.colcon_core.package_identification:_identify(config) by extension 'ignore_ament_install'
[3.003s] Level 1:colcon.colcon_core.package_identification:_identify(config) by extensions ['colcon_pkg']
[3.004s] Level 1:colcon.colcon_core.package_identification:_identify(config) by extension 'colcon_pkg'
[3.004s] Level 1:colcon.colcon_core.package_identification:_identify(config) by extensions ['colcon_meta']
[3.004s] Level 1:colcon.colcon_core.package_identification:_identify(config) by extension 'colcon_meta'
[3.004s] Level 1:colcon.colcon_core.package_identification:_identify(config) by extensions ['ros']
[3.005s] Level 1:colcon.colcon_core.package_identification:_identify(config) by extension 'ros'
[3.005s] Level 1:colcon.colcon_core.package_identification:_identify(config) by extensions ['cmake', 'python']
[3.006s] Level 1:colcon.colcon_core.package_identification:_identify(config) by extension 'cmake'
[3.006s] Level 1:colcon.colcon_core.package_identification:_identify(config) by extension 'python'
[3.006s] Level 1:colcon.colcon_core.package_identification:_identify(config) by extensions ['python_setup_py']
[3.006s] Level 1:colcon.colcon_core.package_identification:_identify(config) by extension 'python_setup_py'
[3.007s] Level 1:colcon.colcon_core.package_identification:_identify(install) by extensions ['ignore', 'ignore_ament_install']
[3.008s] Level 1:colcon.colcon_core.package_identification:_identify(install) by extension 'ignore'
[3.008s] Level 1:colcon.colcon_core.package_identification:_identify(install) ignored
[3.009s] Level 1:colcon.colcon_core.package_identification:_identify(joon_path_generate) by extensions ['ignore', 'ignore_ament_install']
[3.009s] Level 1:colcon.colcon_core.package_identification:_identify(joon_path_generate) by extension 'ignore'
[3.010s] Level 1:colcon.colcon_core.package_identification:_identify(joon_path_generate) by extension 'ignore_ament_install'
[3.010s] Level 1:colcon.colcon_core.package_identification:_identify(joon_path_generate) by extensions ['colcon_pkg']
[3.010s] Level 1:colcon.colcon_core.package_identification:_identify(joon_path_generate) by extension 'colcon_pkg'
[3.011s] Level 1:colcon.colcon_core.package_identification:_identify(joon_path_generate) by extensions ['colcon_meta']
[3.011s] Level 1:colcon.colcon_core.package_identification:_identify(joon_path_generate) by extension 'colcon_meta'
[3.011s] Level 1:colcon.colcon_core.package_identification:_identify(joon_path_generate) by extensions ['ros']
[3.012s] Level 1:colcon.colcon_core.package_identification:_identify(joon_path_generate) by extension 'ros'
[3.012s] Level 1:colcon.colcon_core.package_identification:_identify(joon_path_generate) by extensions ['cmake', 'python']
[3.012s] Level 1:colcon.colcon_core.package_identification:_identify(joon_path_generate) by extension 'cmake'
[3.013s] Level 1:colcon.colcon_core.package_identification:_identify(joon_path_generate) by extension 'python'
[3.013s] Level 1:colcon.colcon_core.package_identification:_identify(joon_path_generate) by extensions ['python_setup_py']
[3.013s] Level 1:colcon.colcon_core.package_identification:_identify(joon_path_generate) by extension 'python_setup_py'
[3.014s] Level 1:colcon.colcon_core.package_identification:_identify(joon_path_generate/etc) by extensions ['ignore', 'ignore_ament_install']
[3.014s] Level 1:colcon.colcon_core.package_identification:_identify(joon_path_generate/etc) by extension 'ignore'
[3.015s] Level 1:colcon.colcon_core.package_identification:_identify(joon_path_generate/etc) by extension 'ignore_ament_install'
[3.015s] Level 1:colcon.colcon_core.package_identification:_identify(joon_path_generate/etc) by extensions ['colcon_pkg']
[3.015s] Level 1:colcon.colcon_core.package_identification:_identify(joon_path_generate/etc) by extension 'colcon_pkg'
[3.016s] Level 1:colcon.colcon_core.package_identification:_identify(joon_path_generate/etc) by extensions ['colcon_meta']
[3.016s] Level 1:colcon.colcon_core.package_identification:_identify(joon_path_generate/etc) by extension 'colcon_meta'
[3.016s] Level 1:colcon.colcon_core.package_identification:_identify(joon_path_generate/etc) by extensions ['ros']
[3.016s] Level 1:colcon.colcon_core.package_identification:_identify(joon_path_generate/etc) by extension 'ros'
[3.017s] Level 1:colcon.colcon_core.package_identification:_identify(joon_path_generate/etc) by extensions ['cmake', 'python']
[3.017s] Level 1:colcon.colcon_core.package_identification:_identify(joon_path_generate/etc) by extension 'cmake'
[3.017s] Level 1:colcon.colcon_core.package_identification:_identify(joon_path_generate/etc) by extension 'python'
[3.018s] Level 1:colcon.colcon_core.package_identification:_identify(joon_path_generate/etc) by extensions ['python_setup_py']
[3.018s] Level 1:colcon.colcon_core.package_identification:_identify(joon_path_generate/etc) by extension 'python_setup_py'
[3.018s] Level 1:colcon.colcon_core.package_identification:_identify(joon_path_generate/etc/centerline) by extensions ['ignore', 'ignore_ament_install']
[3.019s] Level 1:colcon.colcon_core.package_identification:_identify(joon_path_generate/etc/centerline) by extension 'ignore'
[3.019s] Level 1:colcon.colcon_core.package_identification:_identify(joon_path_generate/etc/centerline) by extension 'ignore_ament_install'
[3.020s] Level 1:colcon.colcon_core.package_identification:_identify(joon_path_generate/etc/centerline) by extensions ['colcon_pkg']
[3.020s] Level 1:colcon.colcon_core.package_identification:_identify(joon_path_generate/etc/centerline) by extension 'colcon_pkg'
[3.020s] Level 1:colcon.colcon_core.package_identification:_identify(joon_path_generate/etc/centerline) by extensions ['colcon_meta']
[3.020s] Level 1:colcon.colcon_core.package_identification:_identify(joon_path_generate/etc/centerline) by extension 'colcon_meta'
[3.021s] Level 1:colcon.colcon_core.package_identification:_identify(joon_path_generate/etc/centerline) by extensions ['ros']
[3.021s] Level 1:colcon.colcon_core.package_identification:_identify(joon_path_generate/etc/centerline) by extension 'ros'
[3.022s] Level 1:colcon.colcon_core.package_identification:_identify(joon_path_generate/etc/centerline) by extensions ['cmake', 'python']
[3.022s] Level 1:colcon.colcon_core.package_identification:_identify(joon_path_generate/etc/centerline) by extension 'cmake'
[3.022s] Level 1:colcon.colcon_core.package_identification:_identify(joon_path_generate/etc/centerline) by extension 'python'
[3.022s] Level 1:colcon.colcon_core.package_identification:_identify(joon_path_generate/etc/centerline) by extensions ['python_setup_py']
[3.024s] Level 1:colcon.colcon_core.package_identification:_identify(joon_path_generate/etc/centerline) by extension 'python_setup_py'
[3.024s] Level 1:colcon.colcon_core.package_identification:_identify(joon_path_generate/etc/centerline_with_boundary) by extensions ['ignore', 'ignore_ament_install']
[3.025s] Level 1:colcon.colcon_core.package_identification:_identify(joon_path_generate/etc/centerline_with_boundary) by extension 'ignore'
[3.025s] Level 1:colcon.colcon_core.package_identification:_identify(joon_path_generate/etc/centerline_with_boundary) by extension 'ignore_ament_install'
[3.026s] Level 1:colcon.colcon_core.package_identification:_identify(joon_path_generate/etc/centerline_with_boundary) by extensions ['colcon_pkg']
[3.026s] Level 1:colcon.colcon_core.package_identification:_identify(joon_path_generate/etc/centerline_with_boundary) by extension 'colcon_pkg'
[3.026s] Level 1:colcon.colcon_core.package_identification:_identify(joon_path_generate/etc/centerline_with_boundary) by extensions ['colcon_meta']
[3.026s] Level 1:colcon.colcon_core.package_identification:_identify(joon_path_generate/etc/centerline_with_boundary) by extension 'colcon_meta'
[3.027s] Level 1:colcon.colcon_core.package_identification:_identify(joon_path_generate/etc/centerline_with_boundary) by extensions ['ros']
[3.027s] Level 1:colcon.colcon_core.package_identification:_identify(joon_path_generate/etc/centerline_with_boundary) by extension 'ros'
[3.027s] Level 1:colcon.colcon_core.package_identification:_identify(joon_path_generate/etc/centerline_with_boundary) by extensions ['cmake', 'python']
[3.028s] Level 1:colcon.colcon_core.package_identification:_identify(joon_path_generate/etc/centerline_with_boundary) by extension 'cmake'
[3.028s] Level 1:colcon.colcon_core.package_identification:_identify(joon_path_generate/etc/centerline_with_boundary) by extension 'python'
[3.028s] Level 1:colcon.colcon_core.package_identification:_identify(joon_path_generate/etc/centerline_with_boundary) by extensions ['python_setup_py']
[3.028s] Level 1:colcon.colcon_core.package_identification:_identify(joon_path_generate/etc/centerline_with_boundary) by extension 'python_setup_py'
[3.029s] Level 1:colcon.colcon_core.package_identification:_identify(joon_path_generate/etc/edt_results) by extensions ['ignore', 'ignore_ament_install']
[3.030s] Level 1:colcon.colcon_core.package_identification:_identify(joon_path_generate/etc/edt_results) by extension 'ignore'
[3.030s] Level 1:colcon.colcon_core.package_identification:_identify(joon_path_generate/etc/edt_results) by extension 'ignore_ament_install'
[3.030s] Level 1:colcon.colcon_core.package_identification:_identify(joon_path_generate/etc/edt_results) by extensions ['colcon_pkg']
[3.030s] Level 1:colcon.colcon_core.package_identification:_identify(joon_path_generate/etc/edt_results) by extension 'colcon_pkg'
[3.031s] Level 1:colcon.colcon_core.package_identification:_identify(joon_path_generate/etc/edt_results) by extensions ['colcon_meta']
[3.031s] Level 1:colcon.colcon_core.package_identification:_identify(joon_path_generate/etc/edt_results) by extension 'colcon_meta'
[3.031s] Level 1:colcon.colcon_core.package_identification:_identify(joon_path_generate/etc/edt_results) by extensions ['ros']
[3.032s] Level 1:colcon.colcon_core.package_identification:_identify(joon_path_generate/etc/edt_results) by extension 'ros'
[3.032s] Level 1:colcon.colcon_core.package_identification:_identify(joon_path_generate/etc/edt_results) by extensions ['cmake', 'python']
[3.032s] Level 1:colcon.colcon_core.package_identification:_identify(joon_path_generate/etc/edt_results) by extension 'cmake'
[3.033s] Level 1:colcon.colcon_core.package_identification:_identify(joon_path_generate/etc/edt_results) by extension 'python'
[3.033s] Level 1:colcon.colcon_core.package_identification:_identify(joon_path_generate/etc/edt_results) by extensions ['python_setup_py']
[3.033s] Level 1:colcon.colcon_core.package_identification:_identify(joon_path_generate/etc/edt_results) by extension 'python_setup_py'
[3.034s] Level 1:colcon.colcon_core.package_identification:_identify(joon_path_generate/etc/global_path) by extensions ['ignore', 'ignore_ament_install']
[3.034s] Level 1:colcon.colcon_core.package_identification:_identify(joon_path_generate/etc/global_path) by extension 'ignore'
[3.035s] Level 1:colcon.colcon_core.package_identification:_identify(joon_path_generate/etc/global_path) by extension 'ignore_ament_install'
[3.035s] Level 1:colcon.colcon_core.package_identification:_identify(joon_path_generate/etc/global_path) by extensions ['colcon_pkg']
[3.035s] Level 1:colcon.colcon_core.package_identification:_identify(joon_path_generate/etc/global_path) by extension 'colcon_pkg'
[3.036s] Level 1:colcon.colcon_core.package_identification:_identify(joon_path_generate/etc/global_path) by extensions ['colcon_meta']
[3.036s] Level 1:colcon.colcon_core.package_identification:_identify(joon_path_generate/etc/global_path) by extension 'colcon_meta'
[3.036s] Level 1:colcon.colcon_core.package_identification:_identify(joon_path_generate/etc/global_path) by extensions ['ros']
[3.036s] Level 1:colcon.colcon_core.package_identification:_identify(joon_path_generate/etc/global_path) by extension 'ros'
[3.037s] Level 1:colcon.colcon_core.package_identification:_identify(joon_path_generate/etc/global_path) by extensions ['cmake', 'python']
[3.037s] Level 1:colcon.colcon_core.package_identification:_identify(joon_path_generate/etc/global_path) by extension 'cmake'
[3.037s] Level 1:colcon.colcon_core.package_identification:_identify(joon_path_generate/etc/global_path) by extension 'python'
[3.038s] Level 1:colcon.colcon_core.package_identification:_identify(joon_path_generate/etc/global_path) by extensions ['python_setup_py']
[3.038s] Level 1:colcon.colcon_core.package_identification:_identify(joon_path_generate/etc/global_path) by extension 'python_setup_py'
[3.039s] Level 1:colcon.colcon_core.package_identification:_identify(joon_path_generate/final_centerline) by extensions ['ignore', 'ignore_ament_install']
[3.039s] Level 1:colcon.colcon_core.package_identification:_identify(joon_path_generate/final_centerline) by extension 'ignore'
[3.039s] Level 1:colcon.colcon_core.package_identification:_identify(joon_path_generate/final_centerline) by extension 'ignore_ament_install'
[3.040s] Level 1:colcon.colcon_core.package_identification:_identify(joon_path_generate/final_centerline) by extensions ['colcon_pkg']
[3.040s] Level 1:colcon.colcon_core.package_identification:_identify(joon_path_generate/final_centerline) by extension 'colcon_pkg'
[3.040s] Level 1:colcon.colcon_core.package_identification:_identify(joon_path_generate/final_centerline) by extensions ['colcon_meta']
[3.040s] Level 1:colcon.colcon_core.package_identification:_identify(joon_path_generate/final_centerline) by extension 'colcon_meta'
[3.041s] Level 1:colcon.colcon_core.package_identification:_identify(joon_path_generate/final_centerline) by extensions ['ros']
[3.041s] Level 1:colcon.colcon_core.package_identification:_identify(joon_path_generate/final_centerline) by extension 'ros'
[3.042s] Level 1:colcon.colcon_core.package_identification:_identify(joon_path_generate/final_centerline) by extensions ['cmake', 'python']
[3.042s] Level 1:colcon.colcon_core.package_identification:_identify(joon_path_generate/final_centerline) by extension 'cmake'
[3.042s] Level 1:colcon.colcon_core.package_identification:_identify(joon_path_generate/final_centerline) by extension 'python'
[3.043s] Level 1:colcon.colcon_core.package_identification:_identify(joon_path_generate/final_centerline) by extensions ['python_setup_py']
[3.044s] Level 1:colcon.colcon_core.package_identification:_identify(joon_path_generate/final_centerline) by extension 'python_setup_py'
[3.045s] Level 1:colcon.colcon_core.package_identification:_identify(joon_path_generate/final_centerline/output) by extensions ['ignore', 'ignore_ament_install']
[3.045s] Level 1:colcon.colcon_core.package_identification:_identify(joon_path_generate/final_centerline/output) by extension 'ignore'
[3.045s] Level 1:colcon.colcon_core.package_identification:_identify(joon_path_generate/final_centerline/output) by extension 'ignore_ament_install'
[3.046s] Level 1:colcon.colcon_core.package_identification:_identify(joon_path_generate/final_centerline/output) by extensions ['colcon_pkg']
[3.046s] Level 1:colcon.colcon_core.package_identification:_identify(joon_path_generate/final_centerline/output) by extension 'colcon_pkg'
[3.046s] Level 1:colcon.colcon_core.package_identification:_identify(joon_path_generate/final_centerline/output) by extensions ['colcon_meta']
[3.046s] Level 1:colcon.colcon_core.package_identification:_identify(joon_path_generate/final_centerline/output) by extension 'colcon_meta'
[3.047s] Level 1:colcon.colcon_core.package_identification:_identify(joon_path_generate/final_centerline/output) by extensions ['ros']
[3.047s] Level 1:colcon.colcon_core.package_identification:_identify(joon_path_generate/final_centerline/output) by extension 'ros'
[3.048s] Level 1:colcon.colcon_core.package_identification:_identify(joon_path_generate/final_centerline/output) by extensions ['cmake', 'python']
[3.048s] Level 1:colcon.colcon_core.package_identification:_identify(joon_path_generate/final_centerline/output) by extension 'cmake'
[3.048s] Level 1:colcon.colcon_core.package_identification:_identify(joon_path_generate/final_centerline/output) by extension 'python'
[3.048s] Level 1:colcon.colcon_core.package_identification:_identify(joon_path_generate/final_centerline/output) by extensions ['python_setup_py']
[3.049s] Level 1:colcon.colcon_core.package_identification:_identify(joon_path_generate/final_centerline/output) by extension 'python_setup_py'
[3.049s] Level 1:colcon.colcon_core.package_identification:_identify(joon_path_generate/final_centerline/src) by extensions ['ignore', 'ignore_ament_install']
[3.050s] Level 1:colcon.colcon_core.package_identification:_identify(joon_path_generate/final_centerline/src) by extension 'ignore'
[3.050s] Level 1:colcon.colcon_core.package_identification:_identify(joon_path_generate/final_centerline/src) by extension 'ignore_ament_install'
[3.050s] Level 1:colcon.colcon_core.package_identification:_identify(joon_path_generate/final_centerline/src) by extensions ['colcon_pkg']
[3.051s] Level 1:colcon.colcon_core.package_identification:_identify(joon_path_generate/final_centerline/src) by extension 'colcon_pkg'
[3.051s] Level 1:colcon.colcon_core.package_identification:_identify(joon_path_generate/final_centerline/src) by extensions ['colcon_meta']
[3.051s] Level 1:colcon.colcon_core.package_identification:_identify(joon_path_generate/final_centerline/src) by extension 'colcon_meta'
[3.052s] Level 1:colcon.colcon_core.package_identification:_identify(joon_path_generate/final_centerline/src) by extensions ['ros']
[3.052s] Level 1:colcon.colcon_core.package_identification:_identify(joon_path_generate/final_centerline/src) by extension 'ros'
[3.052s] Level 1:colcon.colcon_core.package_identification:_identify(joon_path_generate/final_centerline/src) by extensions ['cmake', 'python']
[3.053s] Level 1:colcon.colcon_core.package_identification:_identify(joon_path_generate/final_centerline/src) by extension 'cmake'
[3.053s] Level 1:colcon.colcon_core.package_identification:_identify(joon_path_generate/final_centerline/src) by extension 'python'
[3.053s] Level 1:colcon.colcon_core.package_identification:_identify(joon_path_generate/final_centerline/src) by extensions ['python_setup_py']
[3.053s] Level 1:colcon.colcon_core.package_identification:_identify(joon_path_generate/final_centerline/src) by extension 'python_setup_py'
[3.054s] Level 1:colcon.colcon_core.package_identification:_identify(joon_path_generate/final_centerline/src/__pycache__) by extensions ['ignore', 'ignore_ament_install']
[3.055s] Level 1:colcon.colcon_core.package_identification:_identify(joon_path_generate/final_centerline/src/__pycache__) by extension 'ignore'
[3.055s] Level 1:colcon.colcon_core.package_identification:_identify(joon_path_generate/final_centerline/src/__pycache__) by extension 'ignore_ament_install'
[3.055s] Level 1:colcon.colcon_core.package_identification:_identify(joon_path_generate/final_centerline/src/__pycache__) by extensions ['colcon_pkg']
[3.056s] Level 1:colcon.colcon_core.package_identification:_identify(joon_path_generate/final_centerline/src/__pycache__) by extension 'colcon_pkg'
[3.056s] Level 1:colcon.colcon_core.package_identification:_identify(joon_path_generate/final_centerline/src/__pycache__) by extensions ['colcon_meta']
[3.056s] Level 1:colcon.colcon_core.package_identification:_identify(joon_path_generate/final_centerline/src/__pycache__) by extension 'colcon_meta'
[3.057s] Level 1:colcon.colcon_core.package_identification:_identify(joon_path_generate/final_centerline/src/__pycache__) by extensions ['ros']
[3.057s] Level 1:colcon.colcon_core.package_identification:_identify(joon_path_generate/final_centerline/src/__pycache__) by extension 'ros'
[3.057s] Level 1:colcon.colcon_core.package_identification:_identify(joon_path_generate/final_centerline/src/__pycache__) by extensions ['cmake', 'python']
[3.058s] Level 1:colcon.colcon_core.package_identification:_identify(joon_path_generate/final_centerline/src/__pycache__) by extension 'cmake'
[3.058s] Level 1:colcon.colcon_core.package_identification:_identify(joon_path_generate/final_centerline/src/__pycache__) by extension 'python'
[3.058s] Level 1:colcon.colcon_core.package_identification:_identify(joon_path_generate/final_centerline/src/__pycache__) by extensions ['python_setup_py']
[3.058s] Level 1:colcon.colcon_core.package_identification:_identify(joon_path_generate/final_centerline/src/__pycache__) by extension 'python_setup_py'
[3.059s] Level 1:colcon.colcon_core.package_identification:_identify(joon_path_generate/final_steven_gong) by extensions ['ignore', 'ignore_ament_install']
[3.060s] Level 1:colcon.colcon_core.package_identification:_identify(joon_path_generate/final_steven_gong) by extension 'ignore'
[3.060s] Level 1:colcon.colcon_core.package_identification:_identify(joon_path_generate/final_steven_gong) by extension 'ignore_ament_install'
[3.060s] Level 1:colcon.colcon_core.package_identification:_identify(joon_path_generate/final_steven_gong) by extensions ['colcon_pkg']
[3.060s] Level 1:colcon.colcon_core.package_identification:_identify(joon_path_generate/final_steven_gong) by extension 'colcon_pkg'
[3.061s] Level 1:colcon.colcon_core.package_identification:_identify(joon_path_generate/final_steven_gong) by extensions ['colcon_meta']
[3.061s] Level 1:colcon.colcon_core.package_identification:_identify(joon_path_generate/final_steven_gong) by extension 'colcon_meta'
[3.061s] Level 1:colcon.colcon_core.package_identification:_identify(joon_path_generate/final_steven_gong) by extensions ['ros']
[3.062s] Level 1:colcon.colcon_core.package_identification:_identify(joon_path_generate/final_steven_gong) by extension 'ros'
[3.062s] Level 1:colcon.colcon_core.package_identification:_identify(joon_path_generate/final_steven_gong) by extensions ['cmake', 'python']
[3.062s] Level 1:colcon.colcon_core.package_identification:_identify(joon_path_generate/final_steven_gong) by extension 'cmake'
[3.063s] Level 1:colcon.colcon_core.package_identification:_identify(joon_path_generate/final_steven_gong) by extension 'python'
[3.063s] Level 1:colcon.colcon_core.package_identification:_identify(joon_path_generate/final_steven_gong) by extensions ['python_setup_py']
[3.063s] Level 1:colcon.colcon_core.package_identification:_identify(joon_path_generate/final_steven_gong) by extension 'python_setup_py'
[3.064s] Level 1:colcon.colcon_core.package_identification:_identify(joon_path_generate/final_steven_gong/Raceline-Optimization) by extensions ['ignore', 'ignore_ament_install']
[3.065s] Level 1:colcon.colcon_core.package_identification:_identify(joon_path_generate/final_steven_gong/Raceline-Optimization) by extension 'ignore'
[3.072s] Level 1:colcon.colcon_core.package_identification:_identify(joon_path_generate/final_steven_gong/Raceline-Optimization) by extension 'ignore_ament_install'
[3.074s] Level 1:colcon.colcon_core.package_identification:_identify(joon_path_generate/final_steven_gong/Raceline-Optimization) by extensions ['colcon_pkg']
[3.074s] Level 1:colcon.colcon_core.package_identification:_identify(joon_path_generate/final_steven_gong/Raceline-Optimization) by extension 'colcon_pkg'
[3.076s] Level 1:colcon.colcon_core.package_identification:_identify(joon_path_generate/final_steven_gong/Raceline-Optimization) by extensions ['colcon_meta']
[3.076s] Level 1:colcon.colcon_core.package_identification:_identify(joon_path_generate/final_steven_gong/Raceline-Optimization) by extension 'colcon_meta'
[3.078s] Level 1:colcon.colcon_core.package_identification:_identify(joon_path_generate/final_steven_gong/Raceline-Optimization) by extensions ['ros']
[3.078s] Level 1:colcon.colcon_core.package_identification:_identify(joon_path_generate/final_steven_gong/Raceline-Optimization) by extension 'ros'
[3.079s] Level 1:colcon.colcon_core.package_identification:_identify(joon_path_generate/final_steven_gong/Raceline-Optimization) by extensions ['cmake', 'python']
[3.079s] Level 1:colcon.colcon_core.package_identification:_identify(joon_path_generate/final_steven_gong/Raceline-Optimization) by extension 'cmake'
[3.079s] Level 1:colcon.colcon_core.package_identification:_identify(joon_path_generate/final_steven_gong/Raceline-Optimization) by extension 'python'
[3.080s] Level 1:colcon.colcon_core.package_identification:_identify(joon_path_generate/final_steven_gong/Raceline-Optimization) by extensions ['python_setup_py']
[3.087s] Level 1:colcon.colcon_core.package_identification:_identify(joon_path_generate/final_steven_gong/Raceline-Optimization) by extension 'python_setup_py'
[3.089s] Level 1:colcon.colcon_core.package_identification:_identify(joon_path_generate/final_steven_gong/Raceline-Optimization/frictionmap) by extensions ['ignore', 'ignore_ament_install']
[3.091s] Level 1:colcon.colcon_core.package_identification:_identify(joon_path_generate/final_steven_gong/Raceline-Optimization/frictionmap) by extension 'ignore'
[3.092s] Level 1:colcon.colcon_core.package_identification:_identify(joon_path_generate/final_steven_gong/Raceline-Optimization/frictionmap) by extension 'ignore_ament_install'
[3.094s] Level 1:colcon.colcon_core.package_identification:_identify(joon_path_generate/final_steven_gong/Raceline-Optimization/frictionmap) by extensions ['colcon_pkg']
[3.095s] Level 1:colcon.colcon_core.package_identification:_identify(joon_path_generate/final_steven_gong/Raceline-Optimization/frictionmap) by extension 'colcon_pkg'
[3.096s] Level 1:colcon.colcon_core.package_identification:_identify(joon_path_generate/final_steven_gong/Raceline-Optimization/frictionmap) by extensions ['colcon_meta']
[3.097s] Level 1:colcon.colcon_core.package_identification:_identify(joon_path_generate/final_steven_gong/Raceline-Optimization/frictionmap) by extension 'colcon_meta'
[3.097s] Level 1:colcon.colcon_core.package_identification:_identify(joon_path_generate/final_steven_gong/Raceline-Optimization/frictionmap) by extensions ['ros']
[3.098s] Level 1:colcon.colcon_core.package_identification:_identify(joon_path_generate/final_steven_gong/Raceline-Optimization/frictionmap) by extension 'ros'
[3.099s] Level 1:colcon.colcon_core.package_identification:_identify(joon_path_generate/final_steven_gong/Raceline-Optimization/frictionmap) by extensions ['cmake', 'python']
[3.100s] Level 1:colcon.colcon_core.package_identification:_identify(joon_path_generate/final_steven_gong/Raceline-Optimization/frictionmap) by extension 'cmake'
[3.103s] Level 1:colcon.colcon_core.package_identification:_identify(joon_path_generate/final_steven_gong/Raceline-Optimization/frictionmap) by extension 'python'
[3.104s] Level 1:colcon.colcon_core.package_identification:_identify(joon_path_generate/final_steven_gong/Raceline-Optimization/frictionmap) by extensions ['python_setup_py']
[3.105s] Level 1:colcon.colcon_core.package_identification:_identify(joon_path_generate/final_steven_gong/Raceline-Optimization/frictionmap) by extension 'python_setup_py'
[3.106s] Level 1:colcon.colcon_core.package_identification:_identify(joon_path_generate/final_steven_gong/Raceline-Optimization/frictionmap/src) by extensions ['ignore', 'ignore_ament_install']
[3.108s] Level 1:colcon.colcon_core.package_identification:_identify(joon_path_generate/final_steven_gong/Raceline-Optimization/frictionmap/src) by extension 'ignore'
[3.109s] Level 1:colcon.colcon_core.package_identification:_identify(joon_path_generate/final_steven_gong/Raceline-Optimization/frictionmap/src) by extension 'ignore_ament_install'
[3.109s] Level 1:colcon.colcon_core.package_identification:_identify(joon_path_generate/final_steven_gong/Raceline-Optimization/frictionmap/src) by extensions ['colcon_pkg']
[3.110s] Level 1:colcon.colcon_core.package_identification:_identify(joon_path_generate/final_steven_gong/Raceline-Optimization/frictionmap/src) by extension 'colcon_pkg'
[3.111s] Level 1:colcon.colcon_core.package_identification:_identify(joon_path_generate/final_steven_gong/Raceline-Optimization/frictionmap/src) by extensions ['colcon_meta']
[3.113s] Level 1:colcon.colcon_core.package_identification:_identify(joon_path_generate/final_steven_gong/Raceline-Optimization/frictionmap/src) by extension 'colcon_meta'
[3.115s] Level 1:colcon.colcon_core.package_identification:_identify(joon_path_generate/final_steven_gong/Raceline-Optimization/frictionmap/src) by extensions ['ros']
[3.117s] Level 1:colcon.colcon_core.package_identification:_identify(joon_path_generate/final_steven_gong/Raceline-Optimization/frictionmap/src) by extension 'ros'
[3.120s] Level 1:colcon.colcon_core.package_identification:_identify(joon_path_generate/final_steven_gong/Raceline-Optimization/frictionmap/src) by extensions ['cmake', 'python']
[3.122s] Level 1:colcon.colcon_core.package_identification:_identify(joon_path_generate/final_steven_gong/Raceline-Optimization/frictionmap/src) by extension 'cmake'
[3.124s] Level 1:colcon.colcon_core.package_identification:_identify(joon_path_generate/final_steven_gong/Raceline-Optimization/frictionmap/src) by extension 'python'
[3.124s] Level 1:colcon.colcon_core.package_identification:_identify(joon_path_generate/final_steven_gong/Raceline-Optimization/frictionmap/src) by extensions ['python_setup_py']
[3.125s] Level 1:colcon.colcon_core.package_identification:_identify(joon_path_generate/final_steven_gong/Raceline-Optimization/frictionmap/src) by extension 'python_setup_py'
[3.126s] Level 1:colcon.colcon_core.package_identification:_identify(joon_path_generate/final_steven_gong/Raceline-Optimization/helper_funcs_glob) by extensions ['ignore', 'ignore_ament_install']
[3.126s] Level 1:colcon.colcon_core.package_identification:_identify(joon_path_generate/final_steven_gong/Raceline-Optimization/helper_funcs_glob) by extension 'ignore'
[3.127s] Level 1:colcon.colcon_core.package_identification:_identify(joon_path_generate/final_steven_gong/Raceline-Optimization/helper_funcs_glob) by extension 'ignore_ament_install'
[3.127s] Level 1:colcon.colcon_core.package_identification:_identify(joon_path_generate/final_steven_gong/Raceline-Optimization/helper_funcs_glob) by extensions ['colcon_pkg']
[3.127s] Level 1:colcon.colcon_core.package_identification:_identify(joon_path_generate/final_steven_gong/Raceline-Optimization/helper_funcs_glob) by extension 'colcon_pkg'
[3.128s] Level 1:colcon.colcon_core.package_identification:_identify(joon_path_generate/final_steven_gong/Raceline-Optimization/helper_funcs_glob) by extensions ['colcon_meta']
[3.128s] Level 1:colcon.colcon_core.package_identification:_identify(joon_path_generate/final_steven_gong/Raceline-Optimization/helper_funcs_glob) by extension 'colcon_meta'
[3.128s] Level 1:colcon.colcon_core.package_identification:_identify(joon_path_generate/final_steven_gong/Raceline-Optimization/helper_funcs_glob) by extensions ['ros']
[3.129s] Level 1:colcon.colcon_core.package_identification:_identify(joon_path_generate/final_steven_gong/Raceline-Optimization/helper_funcs_glob) by extension 'ros'
[3.129s] Level 1:colcon.colcon_core.package_identification:_identify(joon_path_generate/final_steven_gong/Raceline-Optimization/helper_funcs_glob) by extensions ['cmake', 'python']
[3.129s] Level 1:colcon.colcon_core.package_identification:_identify(joon_path_generate/final_steven_gong/Raceline-Optimization/helper_funcs_glob) by extension 'cmake'
[3.130s] Level 1:colcon.colcon_core.package_identification:_identify(joon_path_generate/final_steven_gong/Raceline-Optimization/helper_funcs_glob) by extension 'python'
[3.130s] Level 1:colcon.colcon_core.package_identification:_identify(joon_path_generate/final_steven_gong/Raceline-Optimization/helper_funcs_glob) by extensions ['python_setup_py']
[3.130s] Level 1:colcon.colcon_core.package_identification:_identify(joon_path_generate/final_steven_gong/Raceline-Optimization/helper_funcs_glob) by extension 'python_setup_py'
[3.131s] Level 1:colcon.colcon_core.package_identification:_identify(joon_path_generate/final_steven_gong/Raceline-Optimization/helper_funcs_glob/__pycache__) by extensions ['ignore', 'ignore_ament_install']
[3.132s] Level 1:colcon.colcon_core.package_identification:_identify(joon_path_generate/final_steven_gong/Raceline-Optimization/helper_funcs_glob/__pycache__) by extension 'ignore'
[3.132s] Level 1:colcon.colcon_core.package_identification:_identify(joon_path_generate/final_steven_gong/Raceline-Optimization/helper_funcs_glob/__pycache__) by extension 'ignore_ament_install'
[3.133s] Level 1:colcon.colcon_core.package_identification:_identify(joon_path_generate/final_steven_gong/Raceline-Optimization/helper_funcs_glob/__pycache__) by extensions ['colcon_pkg']
[3.133s] Level 1:colcon.colcon_core.package_identification:_identify(joon_path_generate/final_steven_gong/Raceline-Optimization/helper_funcs_glob/__pycache__) by extension 'colcon_pkg'
[3.133s] Level 1:colcon.colcon_core.package_identification:_identify(joon_path_generate/final_steven_gong/Raceline-Optimization/helper_funcs_glob/__pycache__) by extensions ['colcon_meta']
[3.133s] Level 1:colcon.colcon_core.package_identification:_identify(joon_path_generate/final_steven_gong/Raceline-Optimization/helper_funcs_glob/__pycache__) by extension 'colcon_meta'
[3.134s] Level 1:colcon.colcon_core.package_identification:_identify(joon_path_generate/final_steven_gong/Raceline-Optimization/helper_funcs_glob/__pycache__) by extensions ['ros']
[3.134s] Level 1:colcon.colcon_core.package_identification:_identify(joon_path_generate/final_steven_gong/Raceline-Optimization/helper_funcs_glob/__pycache__) by extension 'ros'
[3.134s] Level 1:colcon.colcon_core.package_identification:_identify(joon_path_generate/final_steven_gong/Raceline-Optimization/helper_funcs_glob/__pycache__) by extensions ['cmake', 'python']
[3.143s] Level 1:colcon.colcon_core.package_identification:_identify(joon_path_generate/final_steven_gong/Raceline-Optimization/helper_funcs_glob/__pycache__) by extension 'cmake'
[3.144s] Level 1:colcon.colcon_core.package_identification:_identify(joon_path_generate/final_steven_gong/Raceline-Optimization/helper_funcs_glob/__pycache__) by extension 'python'
[3.144s] Level 1:colcon.colcon_core.package_identification:_identify(joon_path_generate/final_steven_gong/Raceline-Optimization/helper_funcs_glob/__pycache__) by extensions ['python_setup_py']
[3.145s] Level 1:colcon.colcon_core.package_identification:_identify(joon_path_generate/final_steven_gong/Raceline-Optimization/helper_funcs_glob/__pycache__) by extension 'python_setup_py'
[3.146s] Level 1:colcon.colcon_core.package_identification:_identify(joon_path_generate/final_steven_gong/Raceline-Optimization/helper_funcs_glob/src) by extensions ['ignore', 'ignore_ament_install']
[3.146s] Level 1:colcon.colcon_core.package_identification:_identify(joon_path_generate/final_steven_gong/Raceline-Optimization/helper_funcs_glob/src) by extension 'ignore'
[3.147s] Level 1:colcon.colcon_core.package_identification:_identify(joon_path_generate/final_steven_gong/Raceline-Optimization/helper_funcs_glob/src) by extension 'ignore_ament_install'
[3.147s] Level 1:colcon.colcon_core.package_identification:_identify(joon_path_generate/final_steven_gong/Raceline-Optimization/helper_funcs_glob/src) by extensions ['colcon_pkg']
[3.147s] Level 1:colcon.colcon_core.package_identification:_identify(joon_path_generate/final_steven_gong/Raceline-Optimization/helper_funcs_glob/src) by extension 'colcon_pkg'
[3.148s] Level 1:colcon.colcon_core.package_identification:_identify(joon_path_generate/final_steven_gong/Raceline-Optimization/helper_funcs_glob/src) by extensions ['colcon_meta']
[3.148s] Level 1:colcon.colcon_core.package_identification:_identify(joon_path_generate/final_steven_gong/Raceline-Optimization/helper_funcs_glob/src) by extension 'colcon_meta'
[3.148s] Level 1:colcon.colcon_core.package_identification:_identify(joon_path_generate/final_steven_gong/Raceline-Optimization/helper_funcs_glob/src) by extensions ['ros']
[3.148s] Level 1:colcon.colcon_core.package_identification:_identify(joon_path_generate/final_steven_gong/Raceline-Optimization/helper_funcs_glob/src) by extension 'ros'
[3.149s] Level 1:colcon.colcon_core.package_identification:_identify(joon_path_generate/final_steven_gong/Raceline-Optimization/helper_funcs_glob/src) by extensions ['cmake', 'python']
[3.149s] Level 1:colcon.colcon_core.package_identification:_identify(joon_path_generate/final_steven_gong/Raceline-Optimization/helper_funcs_glob/src) by extension 'cmake'
[3.150s] Level 1:colcon.colcon_core.package_identification:_identify(joon_path_generate/final_steven_gong/Raceline-Optimization/helper_funcs_glob/src) by extension 'python'
[3.150s] Level 1:colcon.colcon_core.package_identification:_identify(joon_path_generate/final_steven_gong/Raceline-Optimization/helper_funcs_glob/src) by extensions ['python_setup_py']
[3.150s] Level 1:colcon.colcon_core.package_identification:_identify(joon_path_generate/final_steven_gong/Raceline-Optimization/helper_funcs_glob/src) by extension 'python_setup_py'
[3.151s] Level 1:colcon.colcon_core.package_identification:_identify(joon_path_generate/final_steven_gong/Raceline-Optimization/helper_funcs_glob/src/__pycache__) by extensions ['ignore', 'ignore_ament_install']
[3.152s] Level 1:colcon.colcon_core.package_identification:_identify(joon_path_generate/final_steven_gong/Raceline-Optimization/helper_funcs_glob/src/__pycache__) by extension 'ignore'
[3.152s] Level 1:colcon.colcon_core.package_identification:_identify(joon_path_generate/final_steven_gong/Raceline-Optimization/helper_funcs_glob/src/__pycache__) by extension 'ignore_ament_install'
[3.152s] Level 1:colcon.colcon_core.package_identification:_identify(joon_path_generate/final_steven_gong/Raceline-Optimization/helper_funcs_glob/src/__pycache__) by extensions ['colcon_pkg']
[3.153s] Level 1:colcon.colcon_core.package_identification:_identify(joon_path_generate/final_steven_gong/Raceline-Optimization/helper_funcs_glob/src/__pycache__) by extension 'colcon_pkg'
[3.153s] Level 1:colcon.colcon_core.package_identification:_identify(joon_path_generate/final_steven_gong/Raceline-Optimization/helper_funcs_glob/src/__pycache__) by extensions ['colcon_meta']
[3.153s] Level 1:colcon.colcon_core.package_identification:_identify(joon_path_generate/final_steven_gong/Raceline-Optimization/helper_funcs_glob/src/__pycache__) by extension 'colcon_meta'
[3.154s] Level 1:colcon.colcon_core.package_identification:_identify(joon_path_generate/final_steven_gong/Raceline-Optimization/helper_funcs_glob/src/__pycache__) by extensions ['ros']
[3.154s] Level 1:colcon.colcon_core.package_identification:_identify(joon_path_generate/final_steven_gong/Raceline-Optimization/helper_funcs_glob/src/__pycache__) by extension 'ros'
[3.154s] Level 1:colcon.colcon_core.package_identification:_identify(joon_path_generate/final_steven_gong/Raceline-Optimization/helper_funcs_glob/src/__pycache__) by extensions ['cmake', 'python']
[3.155s] Level 1:colcon.colcon_core.package_identification:_identify(joon_path_generate/final_steven_gong/Raceline-Optimization/helper_funcs_glob/src/__pycache__) by extension 'cmake'
[3.155s] Level 1:colcon.colcon_core.package_identification:_identify(joon_path_generate/final_steven_gong/Raceline-Optimization/helper_funcs_glob/src/__pycache__) by extension 'python'
[3.155s] Level 1:colcon.colcon_core.package_identification:_identify(joon_path_generate/final_steven_gong/Raceline-Optimization/helper_funcs_glob/src/__pycache__) by extensions ['python_setup_py']
[3.155s] Level 1:colcon.colcon_core.package_identification:_identify(joon_path_generate/final_steven_gong/Raceline-Optimization/helper_funcs_glob/src/__pycache__) by extension 'python_setup_py'
[3.156s] Level 1:colcon.colcon_core.package_identification:_identify(joon_path_generate/final_steven_gong/Raceline-Optimization/inputs) by extensions ['ignore', 'ignore_ament_install']
[3.157s] Level 1:colcon.colcon_core.package_identification:_identify(joon_path_generate/final_steven_gong/Raceline-Optimization/inputs) by extension 'ignore'
[3.157s] Level 1:colcon.colcon_core.package_identification:_identify(joon_path_generate/final_steven_gong/Raceline-Optimization/inputs) by extension 'ignore_ament_install'
[3.157s] Level 1:colcon.colcon_core.package_identification:_identify(joon_path_generate/final_steven_gong/Raceline-Optimization/inputs) by extensions ['colcon_pkg']
[3.158s] Level 1:colcon.colcon_core.package_identification:_identify(joon_path_generate/final_steven_gong/Raceline-Optimization/inputs) by extension 'colcon_pkg'
[3.158s] Level 1:colcon.colcon_core.package_identification:_identify(joon_path_generate/final_steven_gong/Raceline-Optimization/inputs) by extensions ['colcon_meta']
[3.158s] Level 1:colcon.colcon_core.package_identification:_identify(joon_path_generate/final_steven_gong/Raceline-Optimization/inputs) by extension 'colcon_meta'
[3.158s] Level 1:colcon.colcon_core.package_identification:_identify(joon_path_generate/final_steven_gong/Raceline-Optimization/inputs) by extensions ['ros']
[3.159s] Level 1:colcon.colcon_core.package_identification:_identify(joon_path_generate/final_steven_gong/Raceline-Optimization/inputs) by extension 'ros'
[3.159s] Level 1:colcon.colcon_core.package_identification:_identify(joon_path_generate/final_steven_gong/Raceline-Optimization/inputs) by extensions ['cmake', 'python']
[3.159s] Level 1:colcon.colcon_core.package_identification:_identify(joon_path_generate/final_steven_gong/Raceline-Optimization/inputs) by extension 'cmake'
[3.160s] Level 1:colcon.colcon_core.package_identification:_identify(joon_path_generate/final_steven_gong/Raceline-Optimization/inputs) by extension 'python'
[3.160s] Level 1:colcon.colcon_core.package_identification:_identify(joon_path_generate/final_steven_gong/Raceline-Optimization/inputs) by extensions ['python_setup_py']
[3.160s] Level 1:colcon.colcon_core.package_identification:_identify(joon_path_generate/final_steven_gong/Raceline-Optimization/inputs) by extension 'python_setup_py'
[3.161s] Level 1:colcon.colcon_core.package_identification:_identify(joon_path_generate/final_steven_gong/Raceline-Optimization/inputs/frictionmaps) by extensions ['ignore', 'ignore_ament_install']
[3.162s] Level 1:colcon.colcon_core.package_identification:_identify(joon_path_generate/final_steven_gong/Raceline-Optimization/inputs/frictionmaps) by extension 'ignore'
[3.162s] Level 1:colcon.colcon_core.package_identification:_identify(joon_path_generate/final_steven_gong/Raceline-Optimization/inputs/frictionmaps) by extension 'ignore_ament_install'
[3.162s] Level 1:colcon.colcon_core.package_identification:_identify(joon_path_generate/final_steven_gong/Raceline-Optimization/inputs/frictionmaps) by extensions ['colcon_pkg']
[3.163s] Level 1:colcon.colcon_core.package_identification:_identify(joon_path_generate/final_steven_gong/Raceline-Optimization/inputs/frictionmaps) by extension 'colcon_pkg'
[3.163s] Level 1:colcon.colcon_core.package_identification:_identify(joon_path_generate/final_steven_gong/Raceline-Optimization/inputs/frictionmaps) by extensions ['colcon_meta']
[3.163s] Level 1:colcon.colcon_core.package_identification:_identify(joon_path_generate/final_steven_gong/Raceline-Optimization/inputs/frictionmaps) by extension 'colcon_meta'
[3.164s] Level 1:colcon.colcon_core.package_identification:_identify(joon_path_generate/final_steven_gong/Raceline-Optimization/inputs/frictionmaps) by extensions ['ros']
[3.164s] Level 1:colcon.colcon_core.package_identification:_identify(joon_path_generate/final_steven_gong/Raceline-Optimization/inputs/frictionmaps) by extension 'ros'
[3.164s] Level 1:colcon.colcon_core.package_identification:_identify(joon_path_generate/final_steven_gong/Raceline-Optimization/inputs/frictionmaps) by extensions ['cmake', 'python']
[3.165s] Level 1:colcon.colcon_core.package_identification:_identify(joon_path_generate/final_steven_gong/Raceline-Optimization/inputs/frictionmaps) by extension 'cmake'
[3.166s] Level 1:colcon.colcon_core.package_identification:_identify(joon_path_generate/final_steven_gong/Raceline-Optimization/inputs/frictionmaps) by extension 'python'
[3.166s] Level 1:colcon.colcon_core.package_identification:_identify(joon_path_generate/final_steven_gong/Raceline-Optimization/inputs/frictionmaps) by extensions ['python_setup_py']
[3.167s] Level 1:colcon.colcon_core.package_identification:_identify(joon_path_generate/final_steven_gong/Raceline-Optimization/inputs/frictionmaps) by extension 'python_setup_py'
[3.168s] Level 1:colcon.colcon_core.package_identification:_identify(joon_path_generate/final_steven_gong/Raceline-Optimization/inputs/tracks) by extensions ['ignore', 'ignore_ament_install']
[3.168s] Level 1:colcon.colcon_core.package_identification:_identify(joon_path_generate/final_steven_gong/Raceline-Optimization/inputs/tracks) by extension 'ignore'
[3.168s] Level 1:colcon.colcon_core.package_identification:_identify(joon_path_generate/final_steven_gong/Raceline-Optimization/inputs/tracks) by extension 'ignore_ament_install'
[3.169s] Level 1:colcon.colcon_core.package_identification:_identify(joon_path_generate/final_steven_gong/Raceline-Optimization/inputs/tracks) by extensions ['colcon_pkg']
[3.169s] Level 1:colcon.colcon_core.package_identification:_identify(joon_path_generate/final_steven_gong/Raceline-Optimization/inputs/tracks) by extension 'colcon_pkg'
[3.169s] Level 1:colcon.colcon_core.package_identification:_identify(joon_path_generate/final_steven_gong/Raceline-Optimization/inputs/tracks) by extensions ['colcon_meta']
[3.169s] Level 1:colcon.colcon_core.package_identification:_identify(joon_path_generate/final_steven_gong/Raceline-Optimization/inputs/tracks) by extension 'colcon_meta'
[3.170s] Level 1:colcon.colcon_core.package_identification:_identify(joon_path_generate/final_steven_gong/Raceline-Optimization/inputs/tracks) by extensions ['ros']
[3.170s] Level 1:colcon.colcon_core.package_identification:_identify(joon_path_generate/final_steven_gong/Raceline-Optimization/inputs/tracks) by extension 'ros'
[3.171s] Level 1:colcon.colcon_core.package_identification:_identify(joon_path_generate/final_steven_gong/Raceline-Optimization/inputs/tracks) by extensions ['cmake', 'python']
[3.171s] Level 1:colcon.colcon_core.package_identification:_identify(joon_path_generate/final_steven_gong/Raceline-Optimization/inputs/tracks) by extension 'cmake'
[3.171s] Level 1:colcon.colcon_core.package_identification:_identify(joon_path_generate/final_steven_gong/Raceline-Optimization/inputs/tracks) by extension 'python'
[3.172s] Level 1:colcon.colcon_core.package_identification:_identify(joon_path_generate/final_steven_gong/Raceline-Optimization/inputs/tracks) by extensions ['python_setup_py']
[3.172s] Level 1:colcon.colcon_core.package_identification:_identify(joon_path_generate/final_steven_gong/Raceline-Optimization/inputs/tracks) by extension 'python_setup_py'
[3.173s] Level 1:colcon.colcon_core.package_identification:_identify(joon_path_generate/final_steven_gong/Raceline-Optimization/inputs/veh_dyn_info) by extensions ['ignore', 'ignore_ament_install']
[3.173s] Level 1:colcon.colcon_core.package_identification:_identify(joon_path_generate/final_steven_gong/Raceline-Optimization/inputs/veh_dyn_info) by extension 'ignore'
[3.173s] Level 1:colcon.colcon_core.package_identification:_identify(joon_path_generate/final_steven_gong/Raceline-Optimization/inputs/veh_dyn_info) by extension 'ignore_ament_install'
[3.174s] Level 1:colcon.colcon_core.package_identification:_identify(joon_path_generate/final_steven_gong/Raceline-Optimization/inputs/veh_dyn_info) by extensions ['colcon_pkg']
[3.174s] Level 1:colcon.colcon_core.package_identification:_identify(joon_path_generate/final_steven_gong/Raceline-Optimization/inputs/veh_dyn_info) by extension 'colcon_pkg'
[3.174s] Level 1:colcon.colcon_core.package_identification:_identify(joon_path_generate/final_steven_gong/Raceline-Optimization/inputs/veh_dyn_info) by extensions ['colcon_meta']
[3.174s] Level 1:colcon.colcon_core.package_identification:_identify(joon_path_generate/final_steven_gong/Raceline-Optimization/inputs/veh_dyn_info) by extension 'colcon_meta'
[3.175s] Level 1:colcon.colcon_core.package_identification:_identify(joon_path_generate/final_steven_gong/Raceline-Optimization/inputs/veh_dyn_info) by extensions ['ros']
[3.175s] Level 1:colcon.colcon_core.package_identification:_identify(joon_path_generate/final_steven_gong/Raceline-Optimization/inputs/veh_dyn_info) by extension 'ros'
[3.176s] Level 1:colcon.colcon_core.package_identification:_identify(joon_path_generate/final_steven_gong/Raceline-Optimization/inputs/veh_dyn_info) by extensions ['cmake', 'python']
[3.176s] Level 1:colcon.colcon_core.package_identification:_identify(joon_path_generate/final_steven_gong/Raceline-Optimization/inputs/veh_dyn_info) by extension 'cmake'
[3.176s] Level 1:colcon.colcon_core.package_identification:_identify(joon_path_generate/final_steven_gong/Raceline-Optimization/inputs/veh_dyn_info) by extension 'python'
[3.176s] Level 1:colcon.colcon_core.package_identification:_identify(joon_path_generate/final_steven_gong/Raceline-Optimization/inputs/veh_dyn_info) by extensions ['python_setup_py']
[3.177s] Level 1:colcon.colcon_core.package_identification:_identify(joon_path_generate/final_steven_gong/Raceline-Optimization/inputs/veh_dyn_info) by extension 'python_setup_py'
[3.177s] Level 1:colcon.colcon_core.package_identification:_identify(joon_path_generate/final_steven_gong/Raceline-Optimization/maps) by extensions ['ignore', 'ignore_ament_install']
[3.178s] Level 1:colcon.colcon_core.package_identification:_identify(joon_path_generate/final_steven_gong/Raceline-Optimization/maps) by extension 'ignore'
[3.178s] Level 1:colcon.colcon_core.package_identification:_identify(joon_path_generate/final_steven_gong/Raceline-Optimization/maps) by extension 'ignore_ament_install'
[3.179s] Level 1:colcon.colcon_core.package_identification:_identify(joon_path_generate/final_steven_gong/Raceline-Optimization/maps) by extensions ['colcon_pkg']
[3.179s] Level 1:colcon.colcon_core.package_identification:_identify(joon_path_generate/final_steven_gong/Raceline-Optimization/maps) by extension 'colcon_pkg'
[3.179s] Level 1:colcon.colcon_core.package_identification:_identify(joon_path_generate/final_steven_gong/Raceline-Optimization/maps) by extensions ['colcon_meta']
[3.179s] Level 1:colcon.colcon_core.package_identification:_identify(joon_path_generate/final_steven_gong/Raceline-Optimization/maps) by extension 'colcon_meta'
[3.180s] Level 1:colcon.colcon_core.package_identification:_identify(joon_path_generate/final_steven_gong/Raceline-Optimization/maps) by extensions ['ros']
[3.180s] Level 1:colcon.colcon_core.package_identification:_identify(joon_path_generate/final_steven_gong/Raceline-Optimization/maps) by extension 'ros'
[3.180s] Level 1:colcon.colcon_core.package_identification:_identify(joon_path_generate/final_steven_gong/Raceline-Optimization/maps) by extensions ['cmake', 'python']
[3.181s] Level 1:colcon.colcon_core.package_identification:_identify(joon_path_generate/final_steven_gong/Raceline-Optimization/maps) by extension 'cmake'
[3.181s] Level 1:colcon.colcon_core.package_identification:_identify(joon_path_generate/final_steven_gong/Raceline-Optimization/maps) by extension 'python'
[3.181s] Level 1:colcon.colcon_core.package_identification:_identify(joon_path_generate/final_steven_gong/Raceline-Optimization/maps) by extensions ['python_setup_py']
[3.181s] Level 1:colcon.colcon_core.package_identification:_identify(joon_path_generate/final_steven_gong/Raceline-Optimization/maps) by extension 'python_setup_py'
[3.182s] Level 1:colcon.colcon_core.package_identification:_identify(joon_path_generate/final_steven_gong/Raceline-Optimization/opt_mintime_traj) by extensions ['ignore', 'ignore_ament_install']
[3.183s] Level 1:colcon.colcon_core.package_identification:_identify(joon_path_generate/final_steven_gong/Raceline-Optimization/opt_mintime_traj) by extension 'ignore'
[3.183s] Level 1:colcon.colcon_core.package_identification:_identify(joon_path_generate/final_steven_gong/Raceline-Optimization/opt_mintime_traj) by extension 'ignore_ament_install'
[3.183s] Level 1:colcon.colcon_core.package_identification:_identify(joon_path_generate/final_steven_gong/Raceline-Optimization/opt_mintime_traj) by extensions ['colcon_pkg']
[3.184s] Level 1:colcon.colcon_core.package_identification:_identify(joon_path_generate/final_steven_gong/Raceline-Optimization/opt_mintime_traj) by extension 'colcon_pkg'
[3.184s] Level 1:colcon.colcon_core.package_identification:_identify(joon_path_generate/final_steven_gong/Raceline-Optimization/opt_mintime_traj) by extensions ['colcon_meta']
[3.184s] Level 1:colcon.colcon_core.package_identification:_identify(joon_path_generate/final_steven_gong/Raceline-Optimization/opt_mintime_traj) by extension 'colcon_meta'
[3.184s] Level 1:colcon.colcon_core.package_identification:_identify(joon_path_generate/final_steven_gong/Raceline-Optimization/opt_mintime_traj) by extensions ['ros']
[3.185s] Level 1:colcon.colcon_core.package_identification:_identify(joon_path_generate/final_steven_gong/Raceline-Optimization/opt_mintime_traj) by extension 'ros'
[3.185s] Level 1:colcon.colcon_core.package_identification:_identify(joon_path_generate/final_steven_gong/Raceline-Optimization/opt_mintime_traj) by extensions ['cmake', 'python']
[3.185s] Level 1:colcon.colcon_core.package_identification:_identify(joon_path_generate/final_steven_gong/Raceline-Optimization/opt_mintime_traj) by extension 'cmake'
[3.186s] Level 1:colcon.colcon_core.package_identification:_identify(joon_path_generate/final_steven_gong/Raceline-Optimization/opt_mintime_traj) by extension 'python'
[3.186s] Level 1:colcon.colcon_core.package_identification:_identify(joon_path_generate/final_steven_gong/Raceline-Optimization/opt_mintime_traj) by extensions ['python_setup_py']
[3.186s] Level 1:colcon.colcon_core.package_identification:_identify(joon_path_generate/final_steven_gong/Raceline-Optimization/opt_mintime_traj) by extension 'python_setup_py'
[3.187s] Level 1:colcon.colcon_core.package_identification:_identify(joon_path_generate/final_steven_gong/Raceline-Optimization/opt_mintime_traj/__pycache__) by extensions ['ignore', 'ignore_ament_install']
[3.187s] Level 1:colcon.colcon_core.package_identification:_identify(joon_path_generate/final_steven_gong/Raceline-Optimization/opt_mintime_traj/__pycache__) by extension 'ignore'
[3.188s] Level 1:colcon.colcon_core.package_identification:_identify(joon_path_generate/final_steven_gong/Raceline-Optimization/opt_mintime_traj/__pycache__) by extension 'ignore_ament_install'
[3.188s] Level 1:colcon.colcon_core.package_identification:_identify(joon_path_generate/final_steven_gong/Raceline-Optimization/opt_mintime_traj/__pycache__) by extensions ['colcon_pkg']
[3.189s] Level 1:colcon.colcon_core.package_identification:_identify(joon_path_generate/final_steven_gong/Raceline-Optimization/opt_mintime_traj/__pycache__) by extension 'colcon_pkg'
[3.190s] Level 1:colcon.colcon_core.package_identification:_identify(joon_path_generate/final_steven_gong/Raceline-Optimization/opt_mintime_traj/__pycache__) by extensions ['colcon_meta']
[3.190s] Level 1:colcon.colcon_core.package_identification:_identify(joon_path_generate/final_steven_gong/Raceline-Optimization/opt_mintime_traj/__pycache__) by extension 'colcon_meta'
[3.190s] Level 1:colcon.colcon_core.package_identification:_identify(joon_path_generate/final_steven_gong/Raceline-Optimization/opt_mintime_traj/__pycache__) by extensions ['ros']
[3.190s] Level 1:colcon.colcon_core.package_identification:_identify(joon_path_generate/final_steven_gong/Raceline-Optimization/opt_mintime_traj/__pycache__) by extension 'ros'
[3.191s] Level 1:colcon.colcon_core.package_identification:_identify(joon_path_generate/final_steven_gong/Raceline-Optimization/opt_mintime_traj/__pycache__) by extensions ['cmake', 'python']
[3.191s] Level 1:colcon.colcon_core.package_identification:_identify(joon_path_generate/final_steven_gong/Raceline-Optimization/opt_mintime_traj/__pycache__) by extension 'cmake'
[3.191s] Level 1:colcon.colcon_core.package_identification:_identify(joon_path_generate/final_steven_gong/Raceline-Optimization/opt_mintime_traj/__pycache__) by extension 'python'
[3.192s] Level 1:colcon.colcon_core.package_identification:_identify(joon_path_generate/final_steven_gong/Raceline-Optimization/opt_mintime_traj/__pycache__) by extensions ['python_setup_py']
[3.192s] Level 1:colcon.colcon_core.package_identification:_identify(joon_path_generate/final_steven_gong/Raceline-Optimization/opt_mintime_traj/__pycache__) by extension 'python_setup_py'
[3.193s] Level 1:colcon.colcon_core.package_identification:_identify(joon_path_generate/final_steven_gong/Raceline-Optimization/opt_mintime_traj/powertrain_src) by extensions ['ignore', 'ignore_ament_install']
[3.193s] Level 1:colcon.colcon_core.package_identification:_identify(joon_path_generate/final_steven_gong/Raceline-Optimization/opt_mintime_traj/powertrain_src) by extension 'ignore'
[3.194s] Level 1:colcon.colcon_core.package_identification:_identify(joon_path_generate/final_steven_gong/Raceline-Optimization/opt_mintime_traj/powertrain_src) by extension 'ignore_ament_install'
[3.194s] Level 1:colcon.colcon_core.package_identification:_identify(joon_path_generate/final_steven_gong/Raceline-Optimization/opt_mintime_traj/powertrain_src) by extensions ['colcon_pkg']
[3.194s] Level 1:colcon.colcon_core.package_identification:_identify(joon_path_generate/final_steven_gong/Raceline-Optimization/opt_mintime_traj/powertrain_src) by extension 'colcon_pkg'
[3.194s] Level 1:colcon.colcon_core.package_identification:_identify(joon_path_generate/final_steven_gong/Raceline-Optimization/opt_mintime_traj/powertrain_src) by extensions ['colcon_meta']
[3.195s] Level 1:colcon.colcon_core.package_identification:_identify(joon_path_generate/final_steven_gong/Raceline-Optimization/opt_mintime_traj/powertrain_src) by extension 'colcon_meta'
[3.195s] Level 1:colcon.colcon_core.package_identification:_identify(joon_path_generate/final_steven_gong/Raceline-Optimization/opt_mintime_traj/powertrain_src) by extensions ['ros']
[3.195s] Level 1:colcon.colcon_core.package_identification:_identify(joon_path_generate/final_steven_gong/Raceline-Optimization/opt_mintime_traj/powertrain_src) by extension 'ros'
[3.196s] Level 1:colcon.colcon_core.package_identification:_identify(joon_path_generate/final_steven_gong/Raceline-Optimization/opt_mintime_traj/powertrain_src) by extensions ['cmake', 'python']
[3.196s] Level 1:colcon.colcon_core.package_identification:_identify(joon_path_generate/final_steven_gong/Raceline-Optimization/opt_mintime_traj/powertrain_src) by extension 'cmake'
[3.196s] Level 1:colcon.colcon_core.package_identification:_identify(joon_path_generate/final_steven_gong/Raceline-Optimization/opt_mintime_traj/powertrain_src) by extension 'python'
[3.197s] Level 1:colcon.colcon_core.package_identification:_identify(joon_path_generate/final_steven_gong/Raceline-Optimization/opt_mintime_traj/powertrain_src) by extensions ['python_setup_py']
[3.197s] Level 1:colcon.colcon_core.package_identification:_identify(joon_path_generate/final_steven_gong/Raceline-Optimization/opt_mintime_traj/powertrain_src) by extension 'python_setup_py'
[3.198s] Level 1:colcon.colcon_core.package_identification:_identify(joon_path_generate/final_steven_gong/Raceline-Optimization/opt_mintime_traj/powertrain_src/__pycache__) by extensions ['ignore', 'ignore_ament_install']
[3.198s] Level 1:colcon.colcon_core.package_identification:_identify(joon_path_generate/final_steven_gong/Raceline-Optimization/opt_mintime_traj/powertrain_src/__pycache__) by extension 'ignore'
[3.198s] Level 1:colcon.colcon_core.package_identification:_identify(joon_path_generate/final_steven_gong/Raceline-Optimization/opt_mintime_traj/powertrain_src/__pycache__) by extension 'ignore_ament_install'
[3.199s] Level 1:colcon.colcon_core.package_identification:_identify(joon_path_generate/final_steven_gong/Raceline-Optimization/opt_mintime_traj/powertrain_src/__pycache__) by extensions ['colcon_pkg']
[3.199s] Level 1:colcon.colcon_core.package_identification:_identify(joon_path_generate/final_steven_gong/Raceline-Optimization/opt_mintime_traj/powertrain_src/__pycache__) by extension 'colcon_pkg'
[3.199s] Level 1:colcon.colcon_core.package_identification:_identify(joon_path_generate/final_steven_gong/Raceline-Optimization/opt_mintime_traj/powertrain_src/__pycache__) by extensions ['colcon_meta']
[3.199s] Level 1:colcon.colcon_core.package_identification:_identify(joon_path_generate/final_steven_gong/Raceline-Optimization/opt_mintime_traj/powertrain_src/__pycache__) by extension 'colcon_meta'
[3.200s] Level 1:colcon.colcon_core.package_identification:_identify(joon_path_generate/final_steven_gong/Raceline-Optimization/opt_mintime_traj/powertrain_src/__pycache__) by extensions ['ros']
[3.200s] Level 1:colcon.colcon_core.package_identification:_identify(joon_path_generate/final_steven_gong/Raceline-Optimization/opt_mintime_traj/powertrain_src/__pycache__) by extension 'ros'
[3.201s] Level 1:colcon.colcon_core.package_identification:_identify(joon_path_generate/final_steven_gong/Raceline-Optimization/opt_mintime_traj/powertrain_src/__pycache__) by extensions ['cmake', 'python']
[3.201s] Level 1:colcon.colcon_core.package_identification:_identify(joon_path_generate/final_steven_gong/Raceline-Optimization/opt_mintime_traj/powertrain_src/__pycache__) by extension 'cmake'
[3.201s] Level 1:colcon.colcon_core.package_identification:_identify(joon_path_generate/final_steven_gong/Raceline-Optimization/opt_mintime_traj/powertrain_src/__pycache__) by extension 'python'
[3.201s] Level 1:colcon.colcon_core.package_identification:_identify(joon_path_generate/final_steven_gong/Raceline-Optimization/opt_mintime_traj/powertrain_src/__pycache__) by extensions ['python_setup_py']
[3.202s] Level 1:colcon.colcon_core.package_identification:_identify(joon_path_generate/final_steven_gong/Raceline-Optimization/opt_mintime_traj/powertrain_src/__pycache__) by extension 'python_setup_py'
[3.202s] Level 1:colcon.colcon_core.package_identification:_identify(joon_path_generate/final_steven_gong/Raceline-Optimization/opt_mintime_traj/powertrain_src/src) by extensions ['ignore', 'ignore_ament_install']
[3.203s] Level 1:colcon.colcon_core.package_identification:_identify(joon_path_generate/final_steven_gong/Raceline-Optimization/opt_mintime_traj/powertrain_src/src) by extension 'ignore'
[3.203s] Level 1:colcon.colcon_core.package_identification:_identify(joon_path_generate/final_steven_gong/Raceline-Optimization/opt_mintime_traj/powertrain_src/src) by extension 'ignore_ament_install'
[3.204s] Level 1:colcon.colcon_core.package_identification:_identify(joon_path_generate/final_steven_gong/Raceline-Optimization/opt_mintime_traj/powertrain_src/src) by extensions ['colcon_pkg']
[3.204s] Level 1:colcon.colcon_core.package_identification:_identify(joon_path_generate/final_steven_gong/Raceline-Optimization/opt_mintime_traj/powertrain_src/src) by extension 'colcon_pkg'
[3.204s] Level 1:colcon.colcon_core.package_identification:_identify(joon_path_generate/final_steven_gong/Raceline-Optimization/opt_mintime_traj/powertrain_src/src) by extensions ['colcon_meta']
[3.204s] Level 1:colcon.colcon_core.package_identification:_identify(joon_path_generate/final_steven_gong/Raceline-Optimization/opt_mintime_traj/powertrain_src/src) by extension 'colcon_meta'
[3.205s] Level 1:colcon.colcon_core.package_identification:_identify(joon_path_generate/final_steven_gong/Raceline-Optimization/opt_mintime_traj/powertrain_src/src) by extensions ['ros']
[3.205s] Level 1:colcon.colcon_core.package_identification:_identify(joon_path_generate/final_steven_gong/Raceline-Optimization/opt_mintime_traj/powertrain_src/src) by extension 'ros'
[3.205s] Level 1:colcon.colcon_core.package_identification:_identify(joon_path_generate/final_steven_gong/Raceline-Optimization/opt_mintime_traj/powertrain_src/src) by extensions ['cmake', 'python']
[3.206s] Level 1:colcon.colcon_core.package_identification:_identify(joon_path_generate/final_steven_gong/Raceline-Optimization/opt_mintime_traj/powertrain_src/src) by extension 'cmake'
[3.206s] Level 1:colcon.colcon_core.package_identification:_identify(joon_path_generate/final_steven_gong/Raceline-Optimization/opt_mintime_traj/powertrain_src/src) by extension 'python'
[3.206s] Level 1:colcon.colcon_core.package_identification:_identify(joon_path_generate/final_steven_gong/Raceline-Optimization/opt_mintime_traj/powertrain_src/src) by extensions ['python_setup_py']
[3.206s] Level 1:colcon.colcon_core.package_identification:_identify(joon_path_generate/final_steven_gong/Raceline-Optimization/opt_mintime_traj/powertrain_src/src) by extension 'python_setup_py'
[3.207s] Level 1:colcon.colcon_core.package_identification:_identify(joon_path_generate/final_steven_gong/Raceline-Optimization/opt_mintime_traj/powertrain_src/src/__pycache__) by extensions ['ignore', 'ignore_ament_install']
[3.208s] Level 1:colcon.colcon_core.package_identification:_identify(joon_path_generate/final_steven_gong/Raceline-Optimization/opt_mintime_traj/powertrain_src/src/__pycache__) by extension 'ignore'
[3.208s] Level 1:colcon.colcon_core.package_identification:_identify(joon_path_generate/final_steven_gong/Raceline-Optimization/opt_mintime_traj/powertrain_src/src/__pycache__) by extension 'ignore_ament_install'
[3.209s] Level 1:colcon.colcon_core.package_identification:_identify(joon_path_generate/final_steven_gong/Raceline-Optimization/opt_mintime_traj/powertrain_src/src/__pycache__) by extensions ['colcon_pkg']
[3.209s] Level 1:colcon.colcon_core.package_identification:_identify(joon_path_generate/final_steven_gong/Raceline-Optimization/opt_mintime_traj/powertrain_src/src/__pycache__) by extension 'colcon_pkg'
[3.209s] Level 1:colcon.colcon_core.package_identification:_identify(joon_path_generate/final_steven_gong/Raceline-Optimization/opt_mintime_traj/powertrain_src/src/__pycache__) by extensions ['colcon_meta']
[3.209s] Level 1:colcon.colcon_core.package_identification:_identify(joon_path_generate/final_steven_gong/Raceline-Optimization/opt_mintime_traj/powertrain_src/src/__pycache__) by extension 'colcon_meta'
[3.210s] Level 1:colcon.colcon_core.package_identification:_identify(joon_path_generate/final_steven_gong/Raceline-Optimization/opt_mintime_traj/powertrain_src/src/__pycache__) by extensions ['ros']
[3.210s] Level 1:colcon.colcon_core.package_identification:_identify(joon_path_generate/final_steven_gong/Raceline-Optimization/opt_mintime_traj/powertrain_src/src/__pycache__) by extension 'ros'
[3.210s] Level 1:colcon.colcon_core.package_identification:_identify(joon_path_generate/final_steven_gong/Raceline-Optimization/opt_mintime_traj/powertrain_src/src/__pycache__) by extensions ['cmake', 'python']
[3.211s] Level 1:colcon.colcon_core.package_identification:_identify(joon_path_generate/final_steven_gong/Raceline-Optimization/opt_mintime_traj/powertrain_src/src/__pycache__) by extension 'cmake'
[3.211s] Level 1:colcon.colcon_core.package_identification:_identify(joon_path_generate/final_steven_gong/Raceline-Optimization/opt_mintime_traj/powertrain_src/src/__pycache__) by extension 'python'
[3.211s] Level 1:colcon.colcon_core.package_identification:_identify(joon_path_generate/final_steven_gong/Raceline-Optimization/opt_mintime_traj/powertrain_src/src/__pycache__) by extensions ['python_setup_py']
[3.211s] Level 1:colcon.colcon_core.package_identification:_identify(joon_path_generate/final_steven_gong/Raceline-Optimization/opt_mintime_traj/powertrain_src/src/__pycache__) by extension 'python_setup_py'
[3.212s] Level 1:colcon.colcon_core.package_identification:_identify(joon_path_generate/final_steven_gong/Raceline-Optimization/opt_mintime_traj/src) by extensions ['ignore', 'ignore_ament_install']
[3.213s] Level 1:colcon.colcon_core.package_identification:_identify(joon_path_generate/final_steven_gong/Raceline-Optimization/opt_mintime_traj/src) by extension 'ignore'
[3.213s] Level 1:colcon.colcon_core.package_identification:_identify(joon_path_generate/final_steven_gong/Raceline-Optimization/opt_mintime_traj/src) by extension 'ignore_ament_install'
[3.215s] Level 1:colcon.colcon_core.package_identification:_identify(joon_path_generate/final_steven_gong/Raceline-Optimization/opt_mintime_traj/src) by extensions ['colcon_pkg']
[3.215s] Level 1:colcon.colcon_core.package_identification:_identify(joon_path_generate/final_steven_gong/Raceline-Optimization/opt_mintime_traj/src) by extension 'colcon_pkg'
[3.215s] Level 1:colcon.colcon_core.package_identification:_identify(joon_path_generate/final_steven_gong/Raceline-Optimization/opt_mintime_traj/src) by extensions ['colcon_meta']
[3.215s] Level 1:colcon.colcon_core.package_identification:_identify(joon_path_generate/final_steven_gong/Raceline-Optimization/opt_mintime_traj/src) by extension 'colcon_meta'
[3.216s] Level 1:colcon.colcon_core.package_identification:_identify(joon_path_generate/final_steven_gong/Raceline-Optimization/opt_mintime_traj/src) by extensions ['ros']
[3.216s] Level 1:colcon.colcon_core.package_identification:_identify(joon_path_generate/final_steven_gong/Raceline-Optimization/opt_mintime_traj/src) by extension 'ros'
[3.217s] Level 1:colcon.colcon_core.package_identification:_identify(joon_path_generate/final_steven_gong/Raceline-Optimization/opt_mintime_traj/src) by extensions ['cmake', 'python']
[3.217s] Level 1:colcon.colcon_core.package_identification:_identify(joon_path_generate/final_steven_gong/Raceline-Optimization/opt_mintime_traj/src) by extension 'cmake'
[3.217s] Level 1:colcon.colcon_core.package_identification:_identify(joon_path_generate/final_steven_gong/Raceline-Optimization/opt_mintime_traj/src) by extension 'python'
[3.217s] Level 1:colcon.colcon_core.package_identification:_identify(joon_path_generate/final_steven_gong/Raceline-Optimization/opt_mintime_traj/src) by extensions ['python_setup_py']
[3.218s] Level 1:colcon.colcon_core.package_identification:_identify(joon_path_generate/final_steven_gong/Raceline-Optimization/opt_mintime_traj/src) by extension 'python_setup_py'
[3.219s] Level 1:colcon.colcon_core.package_identification:_identify(joon_path_generate/final_steven_gong/Raceline-Optimization/opt_mintime_traj/src/__pycache__) by extensions ['ignore', 'ignore_ament_install']
[3.219s] Level 1:colcon.colcon_core.package_identification:_identify(joon_path_generate/final_steven_gong/Raceline-Optimization/opt_mintime_traj/src/__pycache__) by extension 'ignore'
[3.220s] Level 1:colcon.colcon_core.package_identification:_identify(joon_path_generate/final_steven_gong/Raceline-Optimization/opt_mintime_traj/src/__pycache__) by extension 'ignore_ament_install'
[3.220s] Level 1:colcon.colcon_core.package_identification:_identify(joon_path_generate/final_steven_gong/Raceline-Optimization/opt_mintime_traj/src/__pycache__) by extensions ['colcon_pkg']
[3.220s] Level 1:colcon.colcon_core.package_identification:_identify(joon_path_generate/final_steven_gong/Raceline-Optimization/opt_mintime_traj/src/__pycache__) by extension 'colcon_pkg'
[3.220s] Level 1:colcon.colcon_core.package_identification:_identify(joon_path_generate/final_steven_gong/Raceline-Optimization/opt_mintime_traj/src/__pycache__) by extensions ['colcon_meta']
[3.221s] Level 1:colcon.colcon_core.package_identification:_identify(joon_path_generate/final_steven_gong/Raceline-Optimization/opt_mintime_traj/src/__pycache__) by extension 'colcon_meta'
[3.221s] Level 1:colcon.colcon_core.package_identification:_identify(joon_path_generate/final_steven_gong/Raceline-Optimization/opt_mintime_traj/src/__pycache__) by extensions ['ros']
[3.221s] Level 1:colcon.colcon_core.package_identification:_identify(joon_path_generate/final_steven_gong/Raceline-Optimization/opt_mintime_traj/src/__pycache__) by extension 'ros'
[3.222s] Level 1:colcon.colcon_core.package_identification:_identify(joon_path_generate/final_steven_gong/Raceline-Optimization/opt_mintime_traj/src/__pycache__) by extensions ['cmake', 'python']
[3.222s] Level 1:colcon.colcon_core.package_identification:_identify(joon_path_generate/final_steven_gong/Raceline-Optimization/opt_mintime_traj/src/__pycache__) by extension 'cmake'
[3.222s] Level 1:colcon.colcon_core.package_identification:_identify(joon_path_generate/final_steven_gong/Raceline-Optimization/opt_mintime_traj/src/__pycache__) by extension 'python'
[3.223s] Level 1:colcon.colcon_core.package_identification:_identify(joon_path_generate/final_steven_gong/Raceline-Optimization/opt_mintime_traj/src/__pycache__) by extensions ['python_setup_py']
[3.223s] Level 1:colcon.colcon_core.package_identification:_identify(joon_path_generate/final_steven_gong/Raceline-Optimization/opt_mintime_traj/src/__pycache__) by extension 'python_setup_py'
[3.224s] Level 1:colcon.colcon_core.package_identification:_identify(joon_path_generate/final_steven_gong/Raceline-Optimization/outputs) by extensions ['ignore', 'ignore_ament_install']
[3.224s] Level 1:colcon.colcon_core.package_identification:_identify(joon_path_generate/final_steven_gong/Raceline-Optimization/outputs) by extension 'ignore'
[3.224s] Level 1:colcon.colcon_core.package_identification:_identify(joon_path_generate/final_steven_gong/Raceline-Optimization/outputs) by extension 'ignore_ament_install'
[3.225s] Level 1:colcon.colcon_core.package_identification:_identify(joon_path_generate/final_steven_gong/Raceline-Optimization/outputs) by extensions ['colcon_pkg']
[3.225s] Level 1:colcon.colcon_core.package_identification:_identify(joon_path_generate/final_steven_gong/Raceline-Optimization/outputs) by extension 'colcon_pkg'
[3.225s] Level 1:colcon.colcon_core.package_identification:_identify(joon_path_generate/final_steven_gong/Raceline-Optimization/outputs) by extensions ['colcon_meta']
[3.226s] Level 1:colcon.colcon_core.package_identification:_identify(joon_path_generate/final_steven_gong/Raceline-Optimization/outputs) by extension 'colcon_meta'
[3.226s] Level 1:colcon.colcon_core.package_identification:_identify(joon_path_generate/final_steven_gong/Raceline-Optimization/outputs) by extensions ['ros']
[3.226s] Level 1:colcon.colcon_core.package_identification:_identify(joon_path_generate/final_steven_gong/Raceline-Optimization/outputs) by extension 'ros'
[3.227s] Level 1:colcon.colcon_core.package_identification:_identify(joon_path_generate/final_steven_gong/Raceline-Optimization/outputs) by extensions ['cmake', 'python']
[3.227s] Level 1:colcon.colcon_core.package_identification:_identify(joon_path_generate/final_steven_gong/Raceline-Optimization/outputs) by extension 'cmake'
[3.228s] Level 1:colcon.colcon_core.package_identification:_identify(joon_path_generate/final_steven_gong/Raceline-Optimization/outputs) by extension 'python'
[3.228s] Level 1:colcon.colcon_core.package_identification:_identify(joon_path_generate/final_steven_gong/Raceline-Optimization/outputs) by extensions ['python_setup_py']
[3.228s] Level 1:colcon.colcon_core.package_identification:_identify(joon_path_generate/final_steven_gong/Raceline-Optimization/outputs) by extension 'python_setup_py'
[3.229s] Level 1:colcon.colcon_core.package_identification:_identify(joon_path_generate/final_steven_gong/Raceline-Optimization/outputs/e7_floor5_square) by extensions ['ignore', 'ignore_ament_install']
[3.230s] Level 1:colcon.colcon_core.package_identification:_identify(joon_path_generate/final_steven_gong/Raceline-Optimization/outputs/e7_floor5_square) by extension 'ignore'
[3.230s] Level 1:colcon.colcon_core.package_identification:_identify(joon_path_generate/final_steven_gong/Raceline-Optimization/outputs/e7_floor5_square) by extension 'ignore_ament_install'
[3.230s] Level 1:colcon.colcon_core.package_identification:_identify(joon_path_generate/final_steven_gong/Raceline-Optimization/outputs/e7_floor5_square) by extensions ['colcon_pkg']
[3.230s] Level 1:colcon.colcon_core.package_identification:_identify(joon_path_generate/final_steven_gong/Raceline-Optimization/outputs/e7_floor5_square) by extension 'colcon_pkg'
[3.231s] Level 1:colcon.colcon_core.package_identification:_identify(joon_path_generate/final_steven_gong/Raceline-Optimization/outputs/e7_floor5_square) by extensions ['colcon_meta']
[3.231s] Level 1:colcon.colcon_core.package_identification:_identify(joon_path_generate/final_steven_gong/Raceline-Optimization/outputs/e7_floor5_square) by extension 'colcon_meta'
[3.231s] Level 1:colcon.colcon_core.package_identification:_identify(joon_path_generate/final_steven_gong/Raceline-Optimization/outputs/e7_floor5_square) by extensions ['ros']
[3.232s] Level 1:colcon.colcon_core.package_identification:_identify(joon_path_generate/final_steven_gong/Raceline-Optimization/outputs/e7_floor5_square) by extension 'ros'
[3.232s] Level 1:colcon.colcon_core.package_identification:_identify(joon_path_generate/final_steven_gong/Raceline-Optimization/outputs/e7_floor5_square) by extensions ['cmake', 'python']
[3.233s] Level 1:colcon.colcon_core.package_identification:_identify(joon_path_generate/final_steven_gong/Raceline-Optimization/outputs/e7_floor5_square) by extension 'cmake'
[3.233s] Level 1:colcon.colcon_core.package_identification:_identify(joon_path_generate/final_steven_gong/Raceline-Optimization/outputs/e7_floor5_square) by extension 'python'
[3.233s] Level 1:colcon.colcon_core.package_identification:_identify(joon_path_generate/final_steven_gong/Raceline-Optimization/outputs/e7_floor5_square) by extensions ['python_setup_py']
[3.233s] Level 1:colcon.colcon_core.package_identification:_identify(joon_path_generate/final_steven_gong/Raceline-Optimization/outputs/e7_floor5_square) by extension 'python_setup_py'
[3.234s] Level 1:colcon.colcon_core.package_identification:_identify(joon_path_generate/final_steven_gong/Raceline-Optimization/outputs/e7_floor5_square/mintime-2025-08-29 18:03:12.609310) by extensions ['ignore', 'ignore_ament_install']
[3.235s] Level 1:colcon.colcon_core.package_identification:_identify(joon_path_generate/final_steven_gong/Raceline-Optimization/outputs/e7_floor5_square/mintime-2025-08-29 18:03:12.609310) by extension 'ignore'
[3.235s] Level 1:colcon.colcon_core.package_identification:_identify(joon_path_generate/final_steven_gong/Raceline-Optimization/outputs/e7_floor5_square/mintime-2025-08-29 18:03:12.609310) by extension 'ignore_ament_install'
[3.236s] Level 1:colcon.colcon_core.package_identification:_identify(joon_path_generate/final_steven_gong/Raceline-Optimization/outputs/e7_floor5_square/mintime-2025-08-29 18:03:12.609310) by extensions ['colcon_pkg']
[3.236s] Level 1:colcon.colcon_core.package_identification:_identify(joon_path_generate/final_steven_gong/Raceline-Optimization/outputs/e7_floor5_square/mintime-2025-08-29 18:03:12.609310) by extension 'colcon_pkg'
[3.236s] Level 1:colcon.colcon_core.package_identification:_identify(joon_path_generate/final_steven_gong/Raceline-Optimization/outputs/e7_floor5_square/mintime-2025-08-29 18:03:12.609310) by extensions ['colcon_meta']
[3.236s] Level 1:colcon.colcon_core.package_identification:_identify(joon_path_generate/final_steven_gong/Raceline-Optimization/outputs/e7_floor5_square/mintime-2025-08-29 18:03:12.609310) by extension 'colcon_meta'
[3.237s] Level 1:colcon.colcon_core.package_identification:_identify(joon_path_generate/final_steven_gong/Raceline-Optimization/outputs/e7_floor5_square/mintime-2025-08-29 18:03:12.609310) by extensions ['ros']
[3.237s] Level 1:colcon.colcon_core.package_identification:_identify(joon_path_generate/final_steven_gong/Raceline-Optimization/outputs/e7_floor5_square/mintime-2025-08-29 18:03:12.609310) by extension 'ros'
[3.239s] Level 1:colcon.colcon_core.package_identification:_identify(joon_path_generate/final_steven_gong/Raceline-Optimization/outputs/e7_floor5_square/mintime-2025-08-29 18:03:12.609310) by extensions ['cmake', 'python']
[3.239s] Level 1:colcon.colcon_core.package_identification:_identify(joon_path_generate/final_steven_gong/Raceline-Optimization/outputs/e7_floor5_square/mintime-2025-08-29 18:03:12.609310) by extension 'cmake'
[3.240s] Level 1:colcon.colcon_core.package_identification:_identify(joon_path_generate/final_steven_gong/Raceline-Optimization/outputs/e7_floor5_square/mintime-2025-08-29 18:03:12.609310) by extension 'python'
[3.240s] Level 1:colcon.colcon_core.package_identification:_identify(joon_path_generate/final_steven_gong/Raceline-Optimization/outputs/e7_floor5_square/mintime-2025-08-29 18:03:12.609310) by extensions ['python_setup_py']
[3.240s] Level 1:colcon.colcon_core.package_identification:_identify(joon_path_generate/final_steven_gong/Raceline-Optimization/outputs/e7_floor5_square/mintime-2025-08-29 18:03:12.609310) by extension 'python_setup_py'
[3.241s] Level 1:colcon.colcon_core.package_identification:_identify(joon_path_generate/final_steven_gong/Raceline-Optimization/outputs/e7_floor5_square/mintime-2025-08-29 18:09:37.018979) by extensions ['ignore', 'ignore_ament_install']
[3.242s] Level 1:colcon.colcon_core.package_identification:_identify(joon_path_generate/final_steven_gong/Raceline-Optimization/outputs/e7_floor5_square/mintime-2025-08-29 18:09:37.018979) by extension 'ignore'
[3.242s] Level 1:colcon.colcon_core.package_identification:_identify(joon_path_generate/final_steven_gong/Raceline-Optimization/outputs/e7_floor5_square/mintime-2025-08-29 18:09:37.018979) by extension 'ignore_ament_install'
[3.242s] Level 1:colcon.colcon_core.package_identification:_identify(joon_path_generate/final_steven_gong/Raceline-Optimization/outputs/e7_floor5_square/mintime-2025-08-29 18:09:37.018979) by extensions ['colcon_pkg']
[3.243s] Level 1:colcon.colcon_core.package_identification:_identify(joon_path_generate/final_steven_gong/Raceline-Optimization/outputs/e7_floor5_square/mintime-2025-08-29 18:09:37.018979) by extension 'colcon_pkg'
[3.243s] Level 1:colcon.colcon_core.package_identification:_identify(joon_path_generate/final_steven_gong/Raceline-Optimization/outputs/e7_floor5_square/mintime-2025-08-29 18:09:37.018979) by extensions ['colcon_meta']
[3.243s] Level 1:colcon.colcon_core.package_identification:_identify(joon_path_generate/final_steven_gong/Raceline-Optimization/outputs/e7_floor5_square/mintime-2025-08-29 18:09:37.018979) by extension 'colcon_meta'
[3.244s] Level 1:colcon.colcon_core.package_identification:_identify(joon_path_generate/final_steven_gong/Raceline-Optimization/outputs/e7_floor5_square/mintime-2025-08-29 18:09:37.018979) by extensions ['ros']
[3.244s] Level 1:colcon.colcon_core.package_identification:_identify(joon_path_generate/final_steven_gong/Raceline-Optimization/outputs/e7_floor5_square/mintime-2025-08-29 18:09:37.018979) by extension 'ros'
[3.245s] Level 1:colcon.colcon_core.package_identification:_identify(joon_path_generate/final_steven_gong/Raceline-Optimization/outputs/e7_floor5_square/mintime-2025-08-29 18:09:37.018979) by extensions ['cmake', 'python']
[3.245s] Level 1:colcon.colcon_core.package_identification:_identify(joon_path_generate/final_steven_gong/Raceline-Optimization/outputs/e7_floor5_square/mintime-2025-08-29 18:09:37.018979) by extension 'cmake'
[3.245s] Level 1:colcon.colcon_core.package_identification:_identify(joon_path_generate/final_steven_gong/Raceline-Optimization/outputs/e7_floor5_square/mintime-2025-08-29 18:09:37.018979) by extension 'python'
[3.245s] Level 1:colcon.colcon_core.package_identification:_identify(joon_path_generate/final_steven_gong/Raceline-Optimization/outputs/e7_floor5_square/mintime-2025-08-29 18:09:37.018979) by extensions ['python_setup_py']
[3.246s] Level 1:colcon.colcon_core.package_identification:_identify(joon_path_generate/final_steven_gong/Raceline-Optimization/outputs/e7_floor5_square/mintime-2025-08-29 18:09:37.018979) by extension 'python_setup_py'
[3.247s] Level 1:colcon.colcon_core.package_identification:_identify(joon_path_generate/final_steven_gong/Raceline-Optimization/outputs/e7_floor5_square/mintime-2025-08-29 18:09:53.220174) by extensions ['ignore', 'ignore_ament_install']
[3.247s] Level 1:colcon.colcon_core.package_identification:_identify(joon_path_generate/final_steven_gong/Raceline-Optimization/outputs/e7_floor5_square/mintime-2025-08-29 18:09:53.220174) by extension 'ignore'
[3.248s] Level 1:colcon.colcon_core.package_identification:_identify(joon_path_generate/final_steven_gong/Raceline-Optimization/outputs/e7_floor5_square/mintime-2025-08-29 18:09:53.220174) by extension 'ignore_ament_install'
[3.248s] Level 1:colcon.colcon_core.package_identification:_identify(joon_path_generate/final_steven_gong/Raceline-Optimization/outputs/e7_floor5_square/mintime-2025-08-29 18:09:53.220174) by extensions ['colcon_pkg']
[3.248s] Level 1:colcon.colcon_core.package_identification:_identify(joon_path_generate/final_steven_gong/Raceline-Optimization/outputs/e7_floor5_square/mintime-2025-08-29 18:09:53.220174) by extension 'colcon_pkg'
[3.248s] Level 1:colcon.colcon_core.package_identification:_identify(joon_path_generate/final_steven_gong/Raceline-Optimization/outputs/e7_floor5_square/mintime-2025-08-29 18:09:53.220174) by extensions ['colcon_meta']
[3.249s] Level 1:colcon.colcon_core.package_identification:_identify(joon_path_generate/final_steven_gong/Raceline-Optimization/outputs/e7_floor5_square/mintime-2025-08-29 18:09:53.220174) by extension 'colcon_meta'
[3.249s] Level 1:colcon.colcon_core.package_identification:_identify(joon_path_generate/final_steven_gong/Raceline-Optimization/outputs/e7_floor5_square/mintime-2025-08-29 18:09:53.220174) by extensions ['ros']
[3.249s] Level 1:colcon.colcon_core.package_identification:_identify(joon_path_generate/final_steven_gong/Raceline-Optimization/outputs/e7_floor5_square/mintime-2025-08-29 18:09:53.220174) by extension 'ros'
[3.250s] Level 1:colcon.colcon_core.package_identification:_identify(joon_path_generate/final_steven_gong/Raceline-Optimization/outputs/e7_floor5_square/mintime-2025-08-29 18:09:53.220174) by extensions ['cmake', 'python']
[3.250s] Level 1:colcon.colcon_core.package_identification:_identify(joon_path_generate/final_steven_gong/Raceline-Optimization/outputs/e7_floor5_square/mintime-2025-08-29 18:09:53.220174) by extension 'cmake'
[3.250s] Level 1:colcon.colcon_core.package_identification:_identify(joon_path_generate/final_steven_gong/Raceline-Optimization/outputs/e7_floor5_square/mintime-2025-08-29 18:09:53.220174) by extension 'python'
[3.251s] Level 1:colcon.colcon_core.package_identification:_identify(joon_path_generate/final_steven_gong/Raceline-Optimization/outputs/e7_floor5_square/mintime-2025-08-29 18:09:53.220174) by extensions ['python_setup_py']
[3.251s] Level 1:colcon.colcon_core.package_identification:_identify(joon_path_generate/final_steven_gong/Raceline-Optimization/outputs/e7_floor5_square/mintime-2025-08-29 18:09:53.220174) by extension 'python_setup_py'
[3.252s] Level 1:colcon.colcon_core.package_identification:_identify(joon_path_generate/final_steven_gong/Raceline-Optimization/outputs/e7_floor5_square/mintime-2025-08-29 18:13:03.765429) by extensions ['ignore', 'ignore_ament_install']
[3.252s] Level 1:colcon.colcon_core.package_identification:_identify(joon_path_generate/final_steven_gong/Raceline-Optimization/outputs/e7_floor5_square/mintime-2025-08-29 18:13:03.765429) by extension 'ignore'
[3.253s] Level 1:colcon.colcon_core.package_identification:_identify(joon_path_generate/final_steven_gong/Raceline-Optimization/outputs/e7_floor5_square/mintime-2025-08-29 18:13:03.765429) by extension 'ignore_ament_install'
[3.253s] Level 1:colcon.colcon_core.package_identification:_identify(joon_path_generate/final_steven_gong/Raceline-Optimization/outputs/e7_floor5_square/mintime-2025-08-29 18:13:03.765429) by extensions ['colcon_pkg']
[3.253s] Level 1:colcon.colcon_core.package_identification:_identify(joon_path_generate/final_steven_gong/Raceline-Optimization/outputs/e7_floor5_square/mintime-2025-08-29 18:13:03.765429) by extension 'colcon_pkg'
[3.254s] Level 1:colcon.colcon_core.package_identification:_identify(joon_path_generate/final_steven_gong/Raceline-Optimization/outputs/e7_floor5_square/mintime-2025-08-29 18:13:03.765429) by extensions ['colcon_meta']
[3.254s] Level 1:colcon.colcon_core.package_identification:_identify(joon_path_generate/final_steven_gong/Raceline-Optimization/outputs/e7_floor5_square/mintime-2025-08-29 18:13:03.765429) by extension 'colcon_meta'
[3.254s] Level 1:colcon.colcon_core.package_identification:_identify(joon_path_generate/final_steven_gong/Raceline-Optimization/outputs/e7_floor5_square/mintime-2025-08-29 18:13:03.765429) by extensions ['ros']
[3.255s] Level 1:colcon.colcon_core.package_identification:_identify(joon_path_generate/final_steven_gong/Raceline-Optimization/outputs/e7_floor5_square/mintime-2025-08-29 18:13:03.765429) by extension 'ros'
[3.255s] Level 1:colcon.colcon_core.package_identification:_identify(joon_path_generate/final_steven_gong/Raceline-Optimization/outputs/e7_floor5_square/mintime-2025-08-29 18:13:03.765429) by extensions ['cmake', 'python']
[3.256s] Level 1:colcon.colcon_core.package_identification:_identify(joon_path_generate/final_steven_gong/Raceline-Optimization/outputs/e7_floor5_square/mintime-2025-08-29 18:13:03.765429) by extension 'cmake'
[3.256s] Level 1:colcon.colcon_core.package_identification:_identify(joon_path_generate/final_steven_gong/Raceline-Optimization/outputs/e7_floor5_square/mintime-2025-08-29 18:13:03.765429) by extension 'python'
[3.256s] Level 1:colcon.colcon_core.package_identification:_identify(joon_path_generate/final_steven_gong/Raceline-Optimization/outputs/e7_floor5_square/mintime-2025-08-29 18:13:03.765429) by extensions ['python_setup_py']
[3.256s] Level 1:colcon.colcon_core.package_identification:_identify(joon_path_generate/final_steven_gong/Raceline-Optimization/outputs/e7_floor5_square/mintime-2025-08-29 18:13:03.765429) by extension 'python_setup_py'
[3.257s] Level 1:colcon.colcon_core.package_identification:_identify(joon_path_generate/final_steven_gong/Raceline-Optimization/outputs/f1tenth_korea_3rd) by extensions ['ignore', 'ignore_ament_install']
[3.258s] Level 1:colcon.colcon_core.package_identification:_identify(joon_path_generate/final_steven_gong/Raceline-Optimization/outputs/f1tenth_korea_3rd) by extension 'ignore'
[3.258s] Level 1:colcon.colcon_core.package_identification:_identify(joon_path_generate/final_steven_gong/Raceline-Optimization/outputs/f1tenth_korea_3rd) by extension 'ignore_ament_install'
[3.258s] Level 1:colcon.colcon_core.package_identification:_identify(joon_path_generate/final_steven_gong/Raceline-Optimization/outputs/f1tenth_korea_3rd) by extensions ['colcon_pkg']
[3.259s] Level 1:colcon.colcon_core.package_identification:_identify(joon_path_generate/final_steven_gong/Raceline-Optimization/outputs/f1tenth_korea_3rd) by extension 'colcon_pkg'
[3.259s] Level 1:colcon.colcon_core.package_identification:_identify(joon_path_generate/final_steven_gong/Raceline-Optimization/outputs/f1tenth_korea_3rd) by extensions ['colcon_meta']
[3.259s] Level 1:colcon.colcon_core.package_identification:_identify(joon_path_generate/final_steven_gong/Raceline-Optimization/outputs/f1tenth_korea_3rd) by extension 'colcon_meta'
[3.260s] Level 1:colcon.colcon_core.package_identification:_identify(joon_path_generate/final_steven_gong/Raceline-Optimization/outputs/f1tenth_korea_3rd) by extensions ['ros']
[3.261s] Level 1:colcon.colcon_core.package_identification:_identify(joon_path_generate/final_steven_gong/Raceline-Optimization/outputs/f1tenth_korea_3rd) by extension 'ros'
[3.261s] Level 1:colcon.colcon_core.package_identification:_identify(joon_path_generate/final_steven_gong/Raceline-Optimization/outputs/f1tenth_korea_3rd) by extensions ['cmake', 'python']
[3.262s] Level 1:colcon.colcon_core.package_identification:_identify(joon_path_generate/final_steven_gong/Raceline-Optimization/outputs/f1tenth_korea_3rd) by extension 'cmake'
[3.262s] Level 1:colcon.colcon_core.package_identification:_identify(joon_path_generate/final_steven_gong/Raceline-Optimization/outputs/f1tenth_korea_3rd) by extension 'python'
[3.262s] Level 1:colcon.colcon_core.package_identification:_identify(joon_path_generate/final_steven_gong/Raceline-Optimization/outputs/f1tenth_korea_3rd) by extensions ['python_setup_py']
[3.263s] Level 1:colcon.colcon_core.package_identification:_identify(joon_path_generate/final_steven_gong/Raceline-Optimization/outputs/f1tenth_korea_3rd) by extension 'python_setup_py'
[3.264s] Level 1:colcon.colcon_core.package_identification:_identify(joon_path_generate/final_steven_gong/Raceline-Optimization/outputs/f1tenth_korea_3rd/mintime-2025-08-29 18:18:37.534407) by extensions ['ignore', 'ignore_ament_install']
[3.264s] Level 1:colcon.colcon_core.package_identification:_identify(joon_path_generate/final_steven_gong/Raceline-Optimization/outputs/f1tenth_korea_3rd/mintime-2025-08-29 18:18:37.534407) by extension 'ignore'
[3.264s] Level 1:colcon.colcon_core.package_identification:_identify(joon_path_generate/final_steven_gong/Raceline-Optimization/outputs/f1tenth_korea_3rd/mintime-2025-08-29 18:18:37.534407) by extension 'ignore_ament_install'
[3.265s] Level 1:colcon.colcon_core.package_identification:_identify(joon_path_generate/final_steven_gong/Raceline-Optimization/outputs/f1tenth_korea_3rd/mintime-2025-08-29 18:18:37.534407) by extensions ['colcon_pkg']
[3.265s] Level 1:colcon.colcon_core.package_identification:_identify(joon_path_generate/final_steven_gong/Raceline-Optimization/outputs/f1tenth_korea_3rd/mintime-2025-08-29 18:18:37.534407) by extension 'colcon_pkg'
[3.265s] Level 1:colcon.colcon_core.package_identification:_identify(joon_path_generate/final_steven_gong/Raceline-Optimization/outputs/f1tenth_korea_3rd/mintime-2025-08-29 18:18:37.534407) by extensions ['colcon_meta']
[3.266s] Level 1:colcon.colcon_core.package_identification:_identify(joon_path_generate/final_steven_gong/Raceline-Optimization/outputs/f1tenth_korea_3rd/mintime-2025-08-29 18:18:37.534407) by extension 'colcon_meta'
[3.266s] Level 1:colcon.colcon_core.package_identification:_identify(joon_path_generate/final_steven_gong/Raceline-Optimization/outputs/f1tenth_korea_3rd/mintime-2025-08-29 18:18:37.534407) by extensions ['ros']
[3.266s] Level 1:colcon.colcon_core.package_identification:_identify(joon_path_generate/final_steven_gong/Raceline-Optimization/outputs/f1tenth_korea_3rd/mintime-2025-08-29 18:18:37.534407) by extension 'ros'
[3.267s] Level 1:colcon.colcon_core.package_identification:_identify(joon_path_generate/final_steven_gong/Raceline-Optimization/outputs/f1tenth_korea_3rd/mintime-2025-08-29 18:18:37.534407) by extensions ['cmake', 'python']
[3.267s] Level 1:colcon.colcon_core.package_identification:_identify(joon_path_generate/final_steven_gong/Raceline-Optimization/outputs/f1tenth_korea_3rd/mintime-2025-08-29 18:18:37.534407) by extension 'cmake'
[3.267s] Level 1:colcon.colcon_core.package_identification:_identify(joon_path_generate/final_steven_gong/Raceline-Optimization/outputs/f1tenth_korea_3rd/mintime-2025-08-29 18:18:37.534407) by extension 'python'
[3.268s] Level 1:colcon.colcon_core.package_identification:_identify(joon_path_generate/final_steven_gong/Raceline-Optimization/outputs/f1tenth_korea_3rd/mintime-2025-08-29 18:18:37.534407) by extensions ['python_setup_py']
[3.268s] Level 1:colcon.colcon_core.package_identification:_identify(joon_path_generate/final_steven_gong/Raceline-Optimization/outputs/f1tenth_korea_3rd/mintime-2025-08-29 18:18:37.534407) by extension 'python_setup_py'
[3.269s] Level 1:colcon.colcon_core.package_identification:_identify(joon_path_generate/final_steven_gong/Raceline-Optimization/outputs/f1tenth_korea_3rd_centerline) by extensions ['ignore', 'ignore_ament_install']
[3.269s] Level 1:colcon.colcon_core.package_identification:_identify(joon_path_generate/final_steven_gong/Raceline-Optimization/outputs/f1tenth_korea_3rd_centerline) by extension 'ignore'
[3.270s] Level 1:colcon.colcon_core.package_identification:_identify(joon_path_generate/final_steven_gong/Raceline-Optimization/outputs/f1tenth_korea_3rd_centerline) by extension 'ignore_ament_install'
[3.270s] Level 1:colcon.colcon_core.package_identification:_identify(joon_path_generate/final_steven_gong/Raceline-Optimization/outputs/f1tenth_korea_3rd_centerline) by extensions ['colcon_pkg']
[3.270s] Level 1:colcon.colcon_core.package_identification:_identify(joon_path_generate/final_steven_gong/Raceline-Optimization/outputs/f1tenth_korea_3rd_centerline) by extension 'colcon_pkg'
[3.270s] Level 1:colcon.colcon_core.package_identification:_identify(joon_path_generate/final_steven_gong/Raceline-Optimization/outputs/f1tenth_korea_3rd_centerline) by extensions ['colcon_meta']
[3.271s] Level 1:colcon.colcon_core.package_identification:_identify(joon_path_generate/final_steven_gong/Raceline-Optimization/outputs/f1tenth_korea_3rd_centerline) by extension 'colcon_meta'
[3.271s] Level 1:colcon.colcon_core.package_identification:_identify(joon_path_generate/final_steven_gong/Raceline-Optimization/outputs/f1tenth_korea_3rd_centerline) by extensions ['ros']
[3.271s] Level 1:colcon.colcon_core.package_identification:_identify(joon_path_generate/final_steven_gong/Raceline-Optimization/outputs/f1tenth_korea_3rd_centerline) by extension 'ros'
[3.272s] Level 1:colcon.colcon_core.package_identification:_identify(joon_path_generate/final_steven_gong/Raceline-Optimization/outputs/f1tenth_korea_3rd_centerline) by extensions ['cmake', 'python']
[3.272s] Level 1:colcon.colcon_core.package_identification:_identify(joon_path_generate/final_steven_gong/Raceline-Optimization/outputs/f1tenth_korea_3rd_centerline) by extension 'cmake'
[3.272s] Level 1:colcon.colcon_core.package_identification:_identify(joon_path_generate/final_steven_gong/Raceline-Optimization/outputs/f1tenth_korea_3rd_centerline) by extension 'python'
[3.273s] Level 1:colcon.colcon_core.package_identification:_identify(joon_path_generate/final_steven_gong/Raceline-Optimization/outputs/f1tenth_korea_3rd_centerline) by extensions ['python_setup_py']
[3.273s] Level 1:colcon.colcon_core.package_identification:_identify(joon_path_generate/final_steven_gong/Raceline-Optimization/outputs/f1tenth_korea_3rd_centerline) by extension 'python_setup_py'
[3.274s] Level 1:colcon.colcon_core.package_identification:_identify(joon_path_generate/final_steven_gong/Raceline-Optimization/outputs/f1tenth_korea_3rd_centerline/mintime-2025-08-29 18:19:28.126033) by extensions ['ignore', 'ignore_ament_install']
[3.274s] Level 1:colcon.colcon_core.package_identification:_identify(joon_path_generate/final_steven_gong/Raceline-Optimization/outputs/f1tenth_korea_3rd_centerline/mintime-2025-08-29 18:19:28.126033) by extension 'ignore'
[3.275s] Level 1:colcon.colcon_core.package_identification:_identify(joon_path_generate/final_steven_gong/Raceline-Optimization/outputs/f1tenth_korea_3rd_centerline/mintime-2025-08-29 18:19:28.126033) by extension 'ignore_ament_install'
[3.275s] Level 1:colcon.colcon_core.package_identification:_identify(joon_path_generate/final_steven_gong/Raceline-Optimization/outputs/f1tenth_korea_3rd_centerline/mintime-2025-08-29 18:19:28.126033) by extensions ['colcon_pkg']
[3.275s] Level 1:colcon.colcon_core.package_identification:_identify(joon_path_generate/final_steven_gong/Raceline-Optimization/outputs/f1tenth_korea_3rd_centerline/mintime-2025-08-29 18:19:28.126033) by extension 'colcon_pkg'
[3.276s] Level 1:colcon.colcon_core.package_identification:_identify(joon_path_generate/final_steven_gong/Raceline-Optimization/outputs/f1tenth_korea_3rd_centerline/mintime-2025-08-29 18:19:28.126033) by extensions ['colcon_meta']
[3.276s] Level 1:colcon.colcon_core.package_identification:_identify(joon_path_generate/final_steven_gong/Raceline-Optimization/outputs/f1tenth_korea_3rd_centerline/mintime-2025-08-29 18:19:28.126033) by extension 'colcon_meta'
[3.276s] Level 1:colcon.colcon_core.package_identification:_identify(joon_path_generate/final_steven_gong/Raceline-Optimization/outputs/f1tenth_korea_3rd_centerline/mintime-2025-08-29 18:19:28.126033) by extensions ['ros']
[3.277s] Level 1:colcon.colcon_core.package_identification:_identify(joon_path_generate/final_steven_gong/Raceline-Optimization/outputs/f1tenth_korea_3rd_centerline/mintime-2025-08-29 18:19:28.126033) by extension 'ros'
[3.277s] Level 1:colcon.colcon_core.package_identification:_identify(joon_path_generate/final_steven_gong/Raceline-Optimization/outputs/f1tenth_korea_3rd_centerline/mintime-2025-08-29 18:19:28.126033) by extensions ['cmake', 'python']
[3.278s] Level 1:colcon.colcon_core.package_identification:_identify(joon_path_generate/final_steven_gong/Raceline-Optimization/outputs/f1tenth_korea_3rd_centerline/mintime-2025-08-29 18:19:28.126033) by extension 'cmake'
[3.278s] Level 1:colcon.colcon_core.package_identification:_identify(joon_path_generate/final_steven_gong/Raceline-Optimization/outputs/f1tenth_korea_3rd_centerline/mintime-2025-08-29 18:19:28.126033) by extension 'python'
[3.278s] Level 1:colcon.colcon_core.package_identification:_identify(joon_path_generate/final_steven_gong/Raceline-Optimization/outputs/f1tenth_korea_3rd_centerline/mintime-2025-08-29 18:19:28.126033) by extensions ['python_setup_py']
[3.278s] Level 1:colcon.colcon_core.package_identification:_identify(joon_path_generate/final_steven_gong/Raceline-Optimization/outputs/f1tenth_korea_3rd_centerline/mintime-2025-08-29 18:19:28.126033) by extension 'python_setup_py'
[3.279s] Level 1:colcon.colcon_core.package_identification:_identify(joon_path_generate/final_steven_gong/Raceline-Optimization/outputs/f1tenth_korea_3rd_centerline_with_widths) by extensions ['ignore', 'ignore_ament_install']
[3.280s] Level 1:colcon.colcon_core.package_identification:_identify(joon_path_generate/final_steven_gong/Raceline-Optimization/outputs/f1tenth_korea_3rd_centerline_with_widths) by extension 'ignore'
[3.280s] Level 1:colcon.colcon_core.package_identification:_identify(joon_path_generate/final_steven_gong/Raceline-Optimization/outputs/f1tenth_korea_3rd_centerline_with_widths) by extension 'ignore_ament_install'
[3.280s] Level 1:colcon.colcon_core.package_identification:_identify(joon_path_generate/final_steven_gong/Raceline-Optimization/outputs/f1tenth_korea_3rd_centerline_with_widths) by extensions ['colcon_pkg']
[3.281s] Level 1:colcon.colcon_core.package_identification:_identify(joon_path_generate/final_steven_gong/Raceline-Optimization/outputs/f1tenth_korea_3rd_centerline_with_widths) by extension 'colcon_pkg'
[3.281s] Level 1:colcon.colcon_core.package_identification:_identify(joon_path_generate/final_steven_gong/Raceline-Optimization/outputs/f1tenth_korea_3rd_centerline_with_widths) by extensions ['colcon_meta']
[3.281s] Level 1:colcon.colcon_core.package_identification:_identify(joon_path_generate/final_steven_gong/Raceline-Optimization/outputs/f1tenth_korea_3rd_centerline_with_widths) by extension 'colcon_meta'
[3.282s] Level 1:colcon.colcon_core.package_identification:_identify(joon_path_generate/final_steven_gong/Raceline-Optimization/outputs/f1tenth_korea_3rd_centerline_with_widths) by extensions ['ros']
[3.283s] Level 1:colcon.colcon_core.package_identification:_identify(joon_path_generate/final_steven_gong/Raceline-Optimization/outputs/f1tenth_korea_3rd_centerline_with_widths) by extension 'ros'
[3.284s] Level 1:colcon.colcon_core.package_identification:_identify(joon_path_generate/final_steven_gong/Raceline-Optimization/outputs/f1tenth_korea_3rd_centerline_with_widths) by extensions ['cmake', 'python']
[3.284s] Level 1:colcon.colcon_core.package_identification:_identify(joon_path_generate/final_steven_gong/Raceline-Optimization/outputs/f1tenth_korea_3rd_centerline_with_widths) by extension 'cmake'
[3.284s] Level 1:colcon.colcon_core.package_identification:_identify(joon_path_generate/final_steven_gong/Raceline-Optimization/outputs/f1tenth_korea_3rd_centerline_with_widths) by extension 'python'
[3.285s] Level 1:colcon.colcon_core.package_identification:_identify(joon_path_generate/final_steven_gong/Raceline-Optimization/outputs/f1tenth_korea_3rd_centerline_with_widths) by extensions ['python_setup_py']
[3.285s] Level 1:colcon.colcon_core.package_identification:_identify(joon_path_generate/final_steven_gong/Raceline-Optimization/outputs/f1tenth_korea_3rd_centerline_with_widths) by extension 'python_setup_py'
[3.286s] Level 1:colcon.colcon_core.package_identification:_identify(joon_path_generate/final_steven_gong/Raceline-Optimization/outputs/f1tenth_korea_3rd_centerline_with_widths/mintime-2025-08-29 18:30:01.666133) by extensions ['ignore', 'ignore_ament_install']
[3.286s] Level 1:colcon.colcon_core.package_identification:_identify(joon_path_generate/final_steven_gong/Raceline-Optimization/outputs/f1tenth_korea_3rd_centerline_with_widths/mintime-2025-08-29 18:30:01.666133) by extension 'ignore'
[3.287s] Level 1:colcon.colcon_core.package_identification:_identify(joon_path_generate/final_steven_gong/Raceline-Optimization/outputs/f1tenth_korea_3rd_centerline_with_widths/mintime-2025-08-29 18:30:01.666133) by extension 'ignore_ament_install'
[3.287s] Level 1:colcon.colcon_core.package_identification:_identify(joon_path_generate/final_steven_gong/Raceline-Optimization/outputs/f1tenth_korea_3rd_centerline_with_widths/mintime-2025-08-29 18:30:01.666133) by extensions ['colcon_pkg']
[3.287s] Level 1:colcon.colcon_core.package_identification:_identify(joon_path_generate/final_steven_gong/Raceline-Optimization/outputs/f1tenth_korea_3rd_centerline_with_widths/mintime-2025-08-29 18:30:01.666133) by extension 'colcon_pkg'
[3.288s] Level 1:colcon.colcon_core.package_identification:_identify(joon_path_generate/final_steven_gong/Raceline-Optimization/outputs/f1tenth_korea_3rd_centerline_with_widths/mintime-2025-08-29 18:30:01.666133) by extensions ['colcon_meta']
[3.288s] Level 1:colcon.colcon_core.package_identification:_identify(joon_path_generate/final_steven_gong/Raceline-Optimization/outputs/f1tenth_korea_3rd_centerline_with_widths/mintime-2025-08-29 18:30:01.666133) by extension 'colcon_meta'
[3.288s] Level 1:colcon.colcon_core.package_identification:_identify(joon_path_generate/final_steven_gong/Raceline-Optimization/outputs/f1tenth_korea_3rd_centerline_with_widths/mintime-2025-08-29 18:30:01.666133) by extensions ['ros']
[3.289s] Level 1:colcon.colcon_core.package_identification:_identify(joon_path_generate/final_steven_gong/Raceline-Optimization/outputs/f1tenth_korea_3rd_centerline_with_widths/mintime-2025-08-29 18:30:01.666133) by extension 'ros'
[3.289s] Level 1:colcon.colcon_core.package_identification:_identify(joon_path_generate/final_steven_gong/Raceline-Optimization/outputs/f1tenth_korea_3rd_centerline_with_widths/mintime-2025-08-29 18:30:01.666133) by extensions ['cmake', 'python']
[3.289s] Level 1:colcon.colcon_core.package_identification:_identify(joon_path_generate/final_steven_gong/Raceline-Optimization/outputs/f1tenth_korea_3rd_centerline_with_widths/mintime-2025-08-29 18:30:01.666133) by extension 'cmake'
[3.290s] Level 1:colcon.colcon_core.package_identification:_identify(joon_path_generate/final_steven_gong/Raceline-Optimization/outputs/f1tenth_korea_3rd_centerline_with_widths/mintime-2025-08-29 18:30:01.666133) by extension 'python'
[3.290s] Level 1:colcon.colcon_core.package_identification:_identify(joon_path_generate/final_steven_gong/Raceline-Optimization/outputs/f1tenth_korea_3rd_centerline_with_widths/mintime-2025-08-29 18:30:01.666133) by extensions ['python_setup_py']
[3.290s] Level 1:colcon.colcon_core.package_identification:_identify(joon_path_generate/final_steven_gong/Raceline-Optimization/outputs/f1tenth_korea_3rd_centerline_with_widths/mintime-2025-08-29 18:30:01.666133) by extension 'python_setup_py'
[3.291s] Level 1:colcon.colcon_core.package_identification:_identify(joon_path_generate/final_steven_gong/Raceline-Optimization/outputs/f1tenth_korea_3rd_centerline_with_widths_fixed) by extensions ['ignore', 'ignore_ament_install']
[3.292s] Level 1:colcon.colcon_core.package_identification:_identify(joon_path_generate/final_steven_gong/Raceline-Optimization/outputs/f1tenth_korea_3rd_centerline_with_widths_fixed) by extension 'ignore'
[3.292s] Level 1:colcon.colcon_core.package_identification:_identify(joon_path_generate/final_steven_gong/Raceline-Optimization/outputs/f1tenth_korea_3rd_centerline_with_widths_fixed) by extension 'ignore_ament_install'
[3.292s] Level 1:colcon.colcon_core.package_identification:_identify(joon_path_generate/final_steven_gong/Raceline-Optimization/outputs/f1tenth_korea_3rd_centerline_with_widths_fixed) by extensions ['colcon_pkg']
[3.293s] Level 1:colcon.colcon_core.package_identification:_identify(joon_path_generate/final_steven_gong/Raceline-Optimization/outputs/f1tenth_korea_3rd_centerline_with_widths_fixed) by extension 'colcon_pkg'
[3.293s] Level 1:colcon.colcon_core.package_identification:_identify(joon_path_generate/final_steven_gong/Raceline-Optimization/outputs/f1tenth_korea_3rd_centerline_with_widths_fixed) by extensions ['colcon_meta']
[3.293s] Level 1:colcon.colcon_core.package_identification:_identify(joon_path_generate/final_steven_gong/Raceline-Optimization/outputs/f1tenth_korea_3rd_centerline_with_widths_fixed) by extension 'colcon_meta'
[3.294s] Level 1:colcon.colcon_core.package_identification:_identify(joon_path_generate/final_steven_gong/Raceline-Optimization/outputs/f1tenth_korea_3rd_centerline_with_widths_fixed) by extensions ['ros']
[3.294s] Level 1:colcon.colcon_core.package_identification:_identify(joon_path_generate/final_steven_gong/Raceline-Optimization/outputs/f1tenth_korea_3rd_centerline_with_widths_fixed) by extension 'ros'
[3.295s] Level 1:colcon.colcon_core.package_identification:_identify(joon_path_generate/final_steven_gong/Raceline-Optimization/outputs/f1tenth_korea_3rd_centerline_with_widths_fixed) by extensions ['cmake', 'python']
[3.295s] Level 1:colcon.colcon_core.package_identification:_identify(joon_path_generate/final_steven_gong/Raceline-Optimization/outputs/f1tenth_korea_3rd_centerline_with_widths_fixed) by extension 'cmake'
[3.295s] Level 1:colcon.colcon_core.package_identification:_identify(joon_path_generate/final_steven_gong/Raceline-Optimization/outputs/f1tenth_korea_3rd_centerline_with_widths_fixed) by extension 'python'
[3.295s] Level 1:colcon.colcon_core.package_identification:_identify(joon_path_generate/final_steven_gong/Raceline-Optimization/outputs/f1tenth_korea_3rd_centerline_with_widths_fixed) by extensions ['python_setup_py']
[3.296s] Level 1:colcon.colcon_core.package_identification:_identify(joon_path_generate/final_steven_gong/Raceline-Optimization/outputs/f1tenth_korea_3rd_centerline_with_widths_fixed) by extension 'python_setup_py'
[3.296s] Level 1:colcon.colcon_core.package_identification:_identify(joon_path_generate/final_steven_gong/Raceline-Optimization/outputs/f1tenth_korea_3rd_centerline_with_widths_fixed/mintime-2025-08-29 18:24:42.547684) by extensions ['ignore', 'ignore_ament_install']
[3.297s] Level 1:colcon.colcon_core.package_identification:_identify(joon_path_generate/final_steven_gong/Raceline-Optimization/outputs/f1tenth_korea_3rd_centerline_with_widths_fixed/mintime-2025-08-29 18:24:42.547684) by extension 'ignore'
[3.297s] Level 1:colcon.colcon_core.package_identification:_identify(joon_path_generate/final_steven_gong/Raceline-Optimization/outputs/f1tenth_korea_3rd_centerline_with_widths_fixed/mintime-2025-08-29 18:24:42.547684) by extension 'ignore_ament_install'
[3.298s] Level 1:colcon.colcon_core.package_identification:_identify(joon_path_generate/final_steven_gong/Raceline-Optimization/outputs/f1tenth_korea_3rd_centerline_with_widths_fixed/mintime-2025-08-29 18:24:42.547684) by extensions ['colcon_pkg']
[3.298s] Level 1:colcon.colcon_core.package_identification:_identify(joon_path_generate/final_steven_gong/Raceline-Optimization/outputs/f1tenth_korea_3rd_centerline_with_widths_fixed/mintime-2025-08-29 18:24:42.547684) by extension 'colcon_pkg'
[3.298s] Level 1:colcon.colcon_core.package_identification:_identify(joon_path_generate/final_steven_gong/Raceline-Optimization/outputs/f1tenth_korea_3rd_centerline_with_widths_fixed/mintime-2025-08-29 18:24:42.547684) by extensions ['colcon_meta']
[3.299s] Level 1:colcon.colcon_core.package_identification:_identify(joon_path_generate/final_steven_gong/Raceline-Optimization/outputs/f1tenth_korea_3rd_centerline_with_widths_fixed/mintime-2025-08-29 18:24:42.547684) by extension 'colcon_meta'
[3.299s] Level 1:colcon.colcon_core.package_identification:_identify(joon_path_generate/final_steven_gong/Raceline-Optimization/outputs/f1tenth_korea_3rd_centerline_with_widths_fixed/mintime-2025-08-29 18:24:42.547684) by extensions ['ros']
[3.299s] Level 1:colcon.colcon_core.package_identification:_identify(joon_path_generate/final_steven_gong/Raceline-Optimization/outputs/f1tenth_korea_3rd_centerline_with_widths_fixed/mintime-2025-08-29 18:24:42.547684) by extension 'ros'
[3.300s] Level 1:colcon.colcon_core.package_identification:_identify(joon_path_generate/final_steven_gong/Raceline-Optimization/outputs/f1tenth_korea_3rd_centerline_with_widths_fixed/mintime-2025-08-29 18:24:42.547684) by extensions ['cmake', 'python']
[3.300s] Level 1:colcon.colcon_core.package_identification:_identify(joon_path_generate/final_steven_gong/Raceline-Optimization/outputs/f1tenth_korea_3rd_centerline_with_widths_fixed/mintime-2025-08-29 18:24:42.547684) by extension 'cmake'
[3.301s] Level 1:colcon.colcon_core.package_identification:_identify(joon_path_generate/final_steven_gong/Raceline-Optimization/outputs/f1tenth_korea_3rd_centerline_with_widths_fixed/mintime-2025-08-29 18:24:42.547684) by extension 'python'
[3.301s] Level 1:colcon.colcon_core.package_identification:_identify(joon_path_generate/final_steven_gong/Raceline-Optimization/outputs/f1tenth_korea_3rd_centerline_with_widths_fixed/mintime-2025-08-29 18:24:42.547684) by extensions ['python_setup_py']
[3.301s] Level 1:colcon.colcon_core.package_identification:_identify(joon_path_generate/final_steven_gong/Raceline-Optimization/outputs/f1tenth_korea_3rd_centerline_with_widths_fixed/mintime-2025-08-29 18:24:42.547684) by extension 'python_setup_py'
[3.302s] Level 1:colcon.colcon_core.package_identification:_identify(joon_path_generate/final_steven_gong/Raceline-Optimization/params) by extensions ['ignore', 'ignore_ament_install']
[3.302s] Level 1:colcon.colcon_core.package_identification:_identify(joon_path_generate/final_steven_gong/Raceline-Optimization/params) by extension 'ignore'
[3.303s] Level 1:colcon.colcon_core.package_identification:_identify(joon_path_generate/final_steven_gong/Raceline-Optimization/params) by extension 'ignore_ament_install'
[3.303s] Level 1:colcon.colcon_core.package_identification:_identify(joon_path_generate/final_steven_gong/Raceline-Optimization/params) by extensions ['colcon_pkg']
[3.303s] Level 1:colcon.colcon_core.package_identification:_identify(joon_path_generate/final_steven_gong/Raceline-Optimization/params) by extension 'colcon_pkg'
[3.304s] Level 1:colcon.colcon_core.package_identification:_identify(joon_path_generate/final_steven_gong/Raceline-Optimization/params) by extensions ['colcon_meta']
[3.304s] Level 1:colcon.colcon_core.package_identification:_identify(joon_path_generate/final_steven_gong/Raceline-Optimization/params) by extension 'colcon_meta'
[3.305s] Level 1:colcon.colcon_core.package_identification:_identify(joon_path_generate/final_steven_gong/Raceline-Optimization/params) by extensions ['ros']
[3.305s] Level 1:colcon.colcon_core.package_identification:_identify(joon_path_generate/final_steven_gong/Raceline-Optimization/params) by extension 'ros'
[3.305s] Level 1:colcon.colcon_core.package_identification:_identify(joon_path_generate/final_steven_gong/Raceline-Optimization/params) by extensions ['cmake', 'python']
[3.306s] Level 1:colcon.colcon_core.package_identification:_identify(joon_path_generate/final_steven_gong/Raceline-Optimization/params) by extension 'cmake'
[3.307s] Level 1:colcon.colcon_core.package_identification:_identify(joon_path_generate/final_steven_gong/Raceline-Optimization/params) by extension 'python'
[3.307s] Level 1:colcon.colcon_core.package_identification:_identify(joon_path_generate/final_steven_gong/Raceline-Optimization/params) by extensions ['python_setup_py']
[3.308s] Level 1:colcon.colcon_core.package_identification:_identify(joon_path_generate/final_steven_gong/Raceline-Optimization/params) by extension 'python_setup_py'
[3.309s] Level 1:colcon.colcon_core.package_identification:_identify(joon_path_generate/global_racetrajectory_optimization) by extensions ['ignore', 'ignore_ament_install']
[3.309s] Level 1:colcon.colcon_core.package_identification:_identify(joon_path_generate/global_racetrajectory_optimization) by extension 'ignore'
[3.309s] Level 1:colcon.colcon_core.package_identification:_identify(joon_path_generate/global_racetrajectory_optimization) by extension 'ignore_ament_install'
[3.310s] Level 1:colcon.colcon_core.package_identification:_identify(joon_path_generate/global_racetrajectory_optimization) by extensions ['colcon_pkg']
[3.310s] Level 1:colcon.colcon_core.package_identification:_identify(joon_path_generate/global_racetrajectory_optimization) by extension 'colcon_pkg'
[3.310s] Level 1:colcon.colcon_core.package_identification:_identify(joon_path_generate/global_racetrajectory_optimization) by extensions ['colcon_meta']
[3.311s] Level 1:colcon.colcon_core.package_identification:_identify(joon_path_generate/global_racetrajectory_optimization) by extension 'colcon_meta'
[3.311s] Level 1:colcon.colcon_core.package_identification:_identify(joon_path_generate/global_racetrajectory_optimization) by extensions ['ros']
[3.311s] Level 1:colcon.colcon_core.package_identification:_identify(joon_path_generate/global_racetrajectory_optimization) by extension 'ros'
[3.312s] Level 1:colcon.colcon_core.package_identification:_identify(joon_path_generate/global_racetrajectory_optimization) by extensions ['cmake', 'python']
[3.312s] Level 1:colcon.colcon_core.package_identification:_identify(joon_path_generate/global_racetrajectory_optimization) by extension 'cmake'
[3.312s] Level 1:colcon.colcon_core.package_identification:_identify(joon_path_generate/global_racetrajectory_optimization) by extension 'python'
[3.313s] Level 1:colcon.colcon_core.package_identification:_identify(joon_path_generate/global_racetrajectory_optimization) by extensions ['python_setup_py']
[3.313s] Level 1:colcon.colcon_core.package_identification:_identify(joon_path_generate/global_racetrajectory_optimization) by extension 'python_setup_py'
[3.314s] Level 1:colcon.colcon_core.package_identification:_identify(joon_path_generate/global_racetrajectory_optimization/frictionmap) by extensions ['ignore', 'ignore_ament_install']
[3.314s] Level 1:colcon.colcon_core.package_identification:_identify(joon_path_generate/global_racetrajectory_optimization/frictionmap) by extension 'ignore'
[3.314s] Level 1:colcon.colcon_core.package_identification:_identify(joon_path_generate/global_racetrajectory_optimization/frictionmap) by extension 'ignore_ament_install'
[3.315s] Level 1:colcon.colcon_core.package_identification:_identify(joon_path_generate/global_racetrajectory_optimization/frictionmap) by extensions ['colcon_pkg']
[3.315s] Level 1:colcon.colcon_core.package_identification:_identify(joon_path_generate/global_racetrajectory_optimization/frictionmap) by extension 'colcon_pkg'
[3.315s] Level 1:colcon.colcon_core.package_identification:_identify(joon_path_generate/global_racetrajectory_optimization/frictionmap) by extensions ['colcon_meta']
[3.316s] Level 1:colcon.colcon_core.package_identification:_identify(joon_path_generate/global_racetrajectory_optimization/frictionmap) by extension 'colcon_meta'
[3.316s] Level 1:colcon.colcon_core.package_identification:_identify(joon_path_generate/global_racetrajectory_optimization/frictionmap) by extensions ['ros']
[3.316s] Level 1:colcon.colcon_core.package_identification:_identify(joon_path_generate/global_racetrajectory_optimization/frictionmap) by extension 'ros'
[3.317s] Level 1:colcon.colcon_core.package_identification:_identify(joon_path_generate/global_racetrajectory_optimization/frictionmap) by extensions ['cmake', 'python']
[3.317s] Level 1:colcon.colcon_core.package_identification:_identify(joon_path_generate/global_racetrajectory_optimization/frictionmap) by extension 'cmake'
[3.317s] Level 1:colcon.colcon_core.package_identification:_identify(joon_path_generate/global_racetrajectory_optimization/frictionmap) by extension 'python'
[3.318s] Level 1:colcon.colcon_core.package_identification:_identify(joon_path_generate/global_racetrajectory_optimization/frictionmap) by extensions ['python_setup_py']
[3.318s] Level 1:colcon.colcon_core.package_identification:_identify(joon_path_generate/global_racetrajectory_optimization/frictionmap) by extension 'python_setup_py'
[3.319s] Level 1:colcon.colcon_core.package_identification:_identify(joon_path_generate/global_racetrajectory_optimization/frictionmap/src) by extensions ['ignore', 'ignore_ament_install']
[3.319s] Level 1:colcon.colcon_core.package_identification:_identify(joon_path_generate/global_racetrajectory_optimization/frictionmap/src) by extension 'ignore'
[3.320s] Level 1:colcon.colcon_core.package_identification:_identify(joon_path_generate/global_racetrajectory_optimization/frictionmap/src) by extension 'ignore_ament_install'
[3.320s] Level 1:colcon.colcon_core.package_identification:_identify(joon_path_generate/global_racetrajectory_optimization/frictionmap/src) by extensions ['colcon_pkg']
[3.320s] Level 1:colcon.colcon_core.package_identification:_identify(joon_path_generate/global_racetrajectory_optimization/frictionmap/src) by extension 'colcon_pkg'
[3.320s] Level 1:colcon.colcon_core.package_identification:_identify(joon_path_generate/global_racetrajectory_optimization/frictionmap/src) by extensions ['colcon_meta']
[3.321s] Level 1:colcon.colcon_core.package_identification:_identify(joon_path_generate/global_racetrajectory_optimization/frictionmap/src) by extension 'colcon_meta'
[3.321s] Level 1:colcon.colcon_core.package_identification:_identify(joon_path_generate/global_racetrajectory_optimization/frictionmap/src) by extensions ['ros']
[3.321s] Level 1:colcon.colcon_core.package_identification:_identify(joon_path_generate/global_racetrajectory_optimization/frictionmap/src) by extension 'ros'
[3.322s] Level 1:colcon.colcon_core.package_identification:_identify(joon_path_generate/global_racetrajectory_optimization/frictionmap/src) by extensions ['cmake', 'python']
[3.322s] Level 1:colcon.colcon_core.package_identification:_identify(joon_path_generate/global_racetrajectory_optimization/frictionmap/src) by extension 'cmake'
[3.322s] Level 1:colcon.colcon_core.package_identification:_identify(joon_path_generate/global_racetrajectory_optimization/frictionmap/src) by extension 'python'
[3.323s] Level 1:colcon.colcon_core.package_identification:_identify(joon_path_generate/global_racetrajectory_optimization/frictionmap/src) by extensions ['python_setup_py']
[3.323s] Level 1:colcon.colcon_core.package_identification:_identify(joon_path_generate/global_racetrajectory_optimization/frictionmap/src) by extension 'python_setup_py'
[3.324s] Level 1:colcon.colcon_core.package_identification:_identify(joon_path_generate/global_racetrajectory_optimization/helper_funcs_glob) by extensions ['ignore', 'ignore_ament_install']
[3.324s] Level 1:colcon.colcon_core.package_identification:_identify(joon_path_generate/global_racetrajectory_optimization/helper_funcs_glob) by extension 'ignore'
[3.324s] Level 1:colcon.colcon_core.package_identification:_identify(joon_path_generate/global_racetrajectory_optimization/helper_funcs_glob) by extension 'ignore_ament_install'
[3.325s] Level 1:colcon.colcon_core.package_identification:_identify(joon_path_generate/global_racetrajectory_optimization/helper_funcs_glob) by extensions ['colcon_pkg']
[3.325s] Level 1:colcon.colcon_core.package_identification:_identify(joon_path_generate/global_racetrajectory_optimization/helper_funcs_glob) by extension 'colcon_pkg'
[3.325s] Level 1:colcon.colcon_core.package_identification:_identify(joon_path_generate/global_racetrajectory_optimization/helper_funcs_glob) by extensions ['colcon_meta']
[3.325s] Level 1:colcon.colcon_core.package_identification:_identify(joon_path_generate/global_racetrajectory_optimization/helper_funcs_glob) by extension 'colcon_meta'
[3.326s] Level 1:colcon.colcon_core.package_identification:_identify(joon_path_generate/global_racetrajectory_optimization/helper_funcs_glob) by extensions ['ros']
[3.326s] Level 1:colcon.colcon_core.package_identification:_identify(joon_path_generate/global_racetrajectory_optimization/helper_funcs_glob) by extension 'ros'
[3.327s] Level 1:colcon.colcon_core.package_identification:_identify(joon_path_generate/global_racetrajectory_optimization/helper_funcs_glob) by extensions ['cmake', 'python']
[3.327s] Level 1:colcon.colcon_core.package_identification:_identify(joon_path_generate/global_racetrajectory_optimization/helper_funcs_glob) by extension 'cmake'
[3.327s] Level 1:colcon.colcon_core.package_identification:_identify(joon_path_generate/global_racetrajectory_optimization/helper_funcs_glob) by extension 'python'
[3.327s] Level 1:colcon.colcon_core.package_identification:_identify(joon_path_generate/global_racetrajectory_optimization/helper_funcs_glob) by extensions ['python_setup_py']
[3.328s] Level 1:colcon.colcon_core.package_identification:_identify(joon_path_generate/global_racetrajectory_optimization/helper_funcs_glob) by extension 'python_setup_py'
[3.330s] Level 1:colcon.colcon_core.package_identification:_identify(joon_path_generate/global_racetrajectory_optimization/helper_funcs_glob/src) by extensions ['ignore', 'ignore_ament_install']
[3.330s] Level 1:colcon.colcon_core.package_identification:_identify(joon_path_generate/global_racetrajectory_optimization/helper_funcs_glob/src) by extension 'ignore'
[3.331s] Level 1:colcon.colcon_core.package_identification:_identify(joon_path_generate/global_racetrajectory_optimization/helper_funcs_glob/src) by extension 'ignore_ament_install'
[3.331s] Level 1:colcon.colcon_core.package_identification:_identify(joon_path_generate/global_racetrajectory_optimization/helper_funcs_glob/src) by extensions ['colcon_pkg']
[3.332s] Level 1:colcon.colcon_core.package_identification:_identify(joon_path_generate/global_racetrajectory_optimization/helper_funcs_glob/src) by extension 'colcon_pkg'
[3.332s] Level 1:colcon.colcon_core.package_identification:_identify(joon_path_generate/global_racetrajectory_optimization/helper_funcs_glob/src) by extensions ['colcon_meta']
[3.332s] Level 1:colcon.colcon_core.package_identification:_identify(joon_path_generate/global_racetrajectory_optimization/helper_funcs_glob/src) by extension 'colcon_meta'
[3.333s] Level 1:colcon.colcon_core.package_identification:_identify(joon_path_generate/global_racetrajectory_optimization/helper_funcs_glob/src) by extensions ['ros']
[3.333s] Level 1:colcon.colcon_core.package_identification:_identify(joon_path_generate/global_racetrajectory_optimization/helper_funcs_glob/src) by extension 'ros'
[3.333s] Level 1:colcon.colcon_core.package_identification:_identify(joon_path_generate/global_racetrajectory_optimization/helper_funcs_glob/src) by extensions ['cmake', 'python']
[3.333s] Level 1:colcon.colcon_core.package_identification:_identify(joon_path_generate/global_racetrajectory_optimization/helper_funcs_glob/src) by extension 'cmake'
[3.334s] Level 1:colcon.colcon_core.package_identification:_identify(joon_path_generate/global_racetrajectory_optimization/helper_funcs_glob/src) by extension 'python'
[3.334s] Level 1:colcon.colcon_core.package_identification:_identify(joon_path_generate/global_racetrajectory_optimization/helper_funcs_glob/src) by extensions ['python_setup_py']
[3.334s] Level 1:colcon.colcon_core.package_identification:_identify(joon_path_generate/global_racetrajectory_optimization/helper_funcs_glob/src) by extension 'python_setup_py'
[3.335s] Level 1:colcon.colcon_core.package_identification:_identify(joon_path_generate/global_racetrajectory_optimization/inputs) by extensions ['ignore', 'ignore_ament_install']
[3.336s] Level 1:colcon.colcon_core.package_identification:_identify(joon_path_generate/global_racetrajectory_optimization/inputs) by extension 'ignore'
[3.336s] Level 1:colcon.colcon_core.package_identification:_identify(joon_path_generate/global_racetrajectory_optimization/inputs) by extension 'ignore_ament_install'
[3.336s] Level 1:colcon.colcon_core.package_identification:_identify(joon_path_generate/global_racetrajectory_optimization/inputs) by extensions ['colcon_pkg']
[3.337s] Level 1:colcon.colcon_core.package_identification:_identify(joon_path_generate/global_racetrajectory_optimization/inputs) by extension 'colcon_pkg'
[3.337s] Level 1:colcon.colcon_core.package_identification:_identify(joon_path_generate/global_racetrajectory_optimization/inputs) by extensions ['colcon_meta']
[3.337s] Level 1:colcon.colcon_core.package_identification:_identify(joon_path_generate/global_racetrajectory_optimization/inputs) by extension 'colcon_meta'
[3.337s] Level 1:colcon.colcon_core.package_identification:_identify(joon_path_generate/global_racetrajectory_optimization/inputs) by extensions ['ros']
[3.338s] Level 1:colcon.colcon_core.package_identification:_identify(joon_path_generate/global_racetrajectory_optimization/inputs) by extension 'ros'
[3.338s] Level 1:colcon.colcon_core.package_identification:_identify(joon_path_generate/global_racetrajectory_optimization/inputs) by extensions ['cmake', 'python']
[3.338s] Level 1:colcon.colcon_core.package_identification:_identify(joon_path_generate/global_racetrajectory_optimization/inputs) by extension 'cmake'
[3.339s] Level 1:colcon.colcon_core.package_identification:_identify(joon_path_generate/global_racetrajectory_optimization/inputs) by extension 'python'
[3.339s] Level 1:colcon.colcon_core.package_identification:_identify(joon_path_generate/global_racetrajectory_optimization/inputs) by extensions ['python_setup_py']
[3.339s] Level 1:colcon.colcon_core.package_identification:_identify(joon_path_generate/global_racetrajectory_optimization/inputs) by extension 'python_setup_py'
[3.340s] Level 1:colcon.colcon_core.package_identification:_identify(joon_path_generate/global_racetrajectory_optimization/inputs/frictionmaps) by extensions ['ignore', 'ignore_ament_install']
[3.340s] Level 1:colcon.colcon_core.package_identification:_identify(joon_path_generate/global_racetrajectory_optimization/inputs/frictionmaps) by extension 'ignore'
[3.341s] Level 1:colcon.colcon_core.package_identification:_identify(joon_path_generate/global_racetrajectory_optimization/inputs/frictionmaps) by extension 'ignore_ament_install'
[3.341s] Level 1:colcon.colcon_core.package_identification:_identify(joon_path_generate/global_racetrajectory_optimization/inputs/frictionmaps) by extensions ['colcon_pkg']
[3.341s] Level 1:colcon.colcon_core.package_identification:_identify(joon_path_generate/global_racetrajectory_optimization/inputs/frictionmaps) by extension 'colcon_pkg'
[3.342s] Level 1:colcon.colcon_core.package_identification:_identify(joon_path_generate/global_racetrajectory_optimization/inputs/frictionmaps) by extensions ['colcon_meta']
[3.342s] Level 1:colcon.colcon_core.package_identification:_identify(joon_path_generate/global_racetrajectory_optimization/inputs/frictionmaps) by extension 'colcon_meta'
[3.342s] Level 1:colcon.colcon_core.package_identification:_identify(joon_path_generate/global_racetrajectory_optimization/inputs/frictionmaps) by extensions ['ros']
[3.342s] Level 1:colcon.colcon_core.package_identification:_identify(joon_path_generate/global_racetrajectory_optimization/inputs/frictionmaps) by extension 'ros'
[3.343s] Level 1:colcon.colcon_core.package_identification:_identify(joon_path_generate/global_racetrajectory_optimization/inputs/frictionmaps) by extensions ['cmake', 'python']
[3.343s] Level 1:colcon.colcon_core.package_identification:_identify(joon_path_generate/global_racetrajectory_optimization/inputs/frictionmaps) by extension 'cmake'
[3.344s] Level 1:colcon.colcon_core.package_identification:_identify(joon_path_generate/global_racetrajectory_optimization/inputs/frictionmaps) by extension 'python'
[3.344s] Level 1:colcon.colcon_core.package_identification:_identify(joon_path_generate/global_racetrajectory_optimization/inputs/frictionmaps) by extensions ['python_setup_py']
[3.344s] Level 1:colcon.colcon_core.package_identification:_identify(joon_path_generate/global_racetrajectory_optimization/inputs/frictionmaps) by extension 'python_setup_py'
[3.345s] Level 1:colcon.colcon_core.package_identification:_identify(joon_path_generate/global_racetrajectory_optimization/inputs/tracks) by extensions ['ignore', 'ignore_ament_install']
[3.345s] Level 1:colcon.colcon_core.package_identification:_identify(joon_path_generate/global_racetrajectory_optimization/inputs/tracks) by extension 'ignore'
[3.346s] Level 1:colcon.colcon_core.package_identification:_identify(joon_path_generate/global_racetrajectory_optimization/inputs/tracks) by extension 'ignore_ament_install'
[3.346s] Level 1:colcon.colcon_core.package_identification:_identify(joon_path_generate/global_racetrajectory_optimization/inputs/tracks) by extensions ['colcon_pkg']
[3.346s] Level 1:colcon.colcon_core.package_identification:_identify(joon_path_generate/global_racetrajectory_optimization/inputs/tracks) by extension 'colcon_pkg'
[3.347s] Level 1:colcon.colcon_core.package_identification:_identify(joon_path_generate/global_racetrajectory_optimization/inputs/tracks) by extensions ['colcon_meta']
[3.347s] Level 1:colcon.colcon_core.package_identification:_identify(joon_path_generate/global_racetrajectory_optimization/inputs/tracks) by extension 'colcon_meta'
[3.347s] Level 1:colcon.colcon_core.package_identification:_identify(joon_path_generate/global_racetrajectory_optimization/inputs/tracks) by extensions ['ros']
[3.347s] Level 1:colcon.colcon_core.package_identification:_identify(joon_path_generate/global_racetrajectory_optimization/inputs/tracks) by extension 'ros'
[3.348s] Level 1:colcon.colcon_core.package_identification:_identify(joon_path_generate/global_racetrajectory_optimization/inputs/tracks) by extensions ['cmake', 'python']
[3.348s] Level 1:colcon.colcon_core.package_identification:_identify(joon_path_generate/global_racetrajectory_optimization/inputs/tracks) by extension 'cmake'
[3.349s] Level 1:colcon.colcon_core.package_identification:_identify(joon_path_generate/global_racetrajectory_optimization/inputs/tracks) by extension 'python'
[3.349s] Level 1:colcon.colcon_core.package_identification:_identify(joon_path_generate/global_racetrajectory_optimization/inputs/tracks) by extensions ['python_setup_py']
[3.349s] Level 1:colcon.colcon_core.package_identification:_identify(joon_path_generate/global_racetrajectory_optimization/inputs/tracks) by extension 'python_setup_py'
[3.350s] Level 1:colcon.colcon_core.package_identification:_identify(joon_path_generate/global_racetrajectory_optimization/inputs/veh_dyn_info) by extensions ['ignore', 'ignore_ament_install']
[3.351s] Level 1:colcon.colcon_core.package_identification:_identify(joon_path_generate/global_racetrajectory_optimization/inputs/veh_dyn_info) by extension 'ignore'
[3.352s] Level 1:colcon.colcon_core.package_identification:_identify(joon_path_generate/global_racetrajectory_optimization/inputs/veh_dyn_info) by extension 'ignore_ament_install'
[3.352s] Level 1:colcon.colcon_core.package_identification:_identify(joon_path_generate/global_racetrajectory_optimization/inputs/veh_dyn_info) by extensions ['colcon_pkg']
[3.352s] Level 1:colcon.colcon_core.package_identification:_identify(joon_path_generate/global_racetrajectory_optimization/inputs/veh_dyn_info) by extension 'colcon_pkg'
[3.353s] Level 1:colcon.colcon_core.package_identification:_identify(joon_path_generate/global_racetrajectory_optimization/inputs/veh_dyn_info) by extensions ['colcon_meta']
[3.353s] Level 1:colcon.colcon_core.package_identification:_identify(joon_path_generate/global_racetrajectory_optimization/inputs/veh_dyn_info) by extension 'colcon_meta'
[3.354s] Level 1:colcon.colcon_core.package_identification:_identify(joon_path_generate/global_racetrajectory_optimization/inputs/veh_dyn_info) by extensions ['ros']
[3.354s] Level 1:colcon.colcon_core.package_identification:_identify(joon_path_generate/global_racetrajectory_optimization/inputs/veh_dyn_info) by extension 'ros'
[3.354s] Level 1:colcon.colcon_core.package_identification:_identify(joon_path_generate/global_racetrajectory_optimization/inputs/veh_dyn_info) by extensions ['cmake', 'python']
[3.355s] Level 1:colcon.colcon_core.package_identification:_identify(joon_path_generate/global_racetrajectory_optimization/inputs/veh_dyn_info) by extension 'cmake'
[3.355s] Level 1:colcon.colcon_core.package_identification:_identify(joon_path_generate/global_racetrajectory_optimization/inputs/veh_dyn_info) by extension 'python'
[3.355s] Level 1:colcon.colcon_core.package_identification:_identify(joon_path_generate/global_racetrajectory_optimization/inputs/veh_dyn_info) by extensions ['python_setup_py']
[3.360s] Level 1:colcon.colcon_core.package_identification:_identify(joon_path_generate/global_racetrajectory_optimization/inputs/veh_dyn_info) by extension 'python_setup_py'
[3.362s] Level 1:colcon.colcon_core.package_identification:_identify(joon_path_generate/global_racetrajectory_optimization/opt_mintime_traj) by extensions ['ignore', 'ignore_ament_install']
[3.365s] Level 1:colcon.colcon_core.package_identification:_identify(joon_path_generate/global_racetrajectory_optimization/opt_mintime_traj) by extension 'ignore'
[3.366s] Level 1:colcon.colcon_core.package_identification:_identify(joon_path_generate/global_racetrajectory_optimization/opt_mintime_traj) by extension 'ignore_ament_install'
[3.367s] Level 1:colcon.colcon_core.package_identification:_identify(joon_path_generate/global_racetrajectory_optimization/opt_mintime_traj) by extensions ['colcon_pkg']
[3.367s] Level 1:colcon.colcon_core.package_identification:_identify(joon_path_generate/global_racetrajectory_optimization/opt_mintime_traj) by extension 'colcon_pkg'
[3.372s] Level 1:colcon.colcon_core.package_identification:_identify(joon_path_generate/global_racetrajectory_optimization/opt_mintime_traj) by extensions ['colcon_meta']
[3.372s] Level 1:colcon.colcon_core.package_identification:_identify(joon_path_generate/global_racetrajectory_optimization/opt_mintime_traj) by extension 'colcon_meta'
[3.373s] Level 1:colcon.colcon_core.package_identification:_identify(joon_path_generate/global_racetrajectory_optimization/opt_mintime_traj) by extensions ['ros']
[3.374s] Level 1:colcon.colcon_core.package_identification:_identify(joon_path_generate/global_racetrajectory_optimization/opt_mintime_traj) by extension 'ros'
[3.374s] Level 1:colcon.colcon_core.package_identification:_identify(joon_path_generate/global_racetrajectory_optimization/opt_mintime_traj) by extensions ['cmake', 'python']
[3.375s] Level 1:colcon.colcon_core.package_identification:_identify(joon_path_generate/global_racetrajectory_optimization/opt_mintime_traj) by extension 'cmake'
[3.375s] Level 1:colcon.colcon_core.package_identification:_identify(joon_path_generate/global_racetrajectory_optimization/opt_mintime_traj) by extension 'python'
[3.376s] Level 1:colcon.colcon_core.package_identification:_identify(joon_path_generate/global_racetrajectory_optimization/opt_mintime_traj) by extensions ['python_setup_py']
[3.376s] Level 1:colcon.colcon_core.package_identification:_identify(joon_path_generate/global_racetrajectory_optimization/opt_mintime_traj) by extension 'python_setup_py'
[3.377s] Level 1:colcon.colcon_core.package_identification:_identify(joon_path_generate/global_racetrajectory_optimization/opt_mintime_traj/powertrain_src) by extensions ['ignore', 'ignore_ament_install']
[3.377s] Level 1:colcon.colcon_core.package_identification:_identify(joon_path_generate/global_racetrajectory_optimization/opt_mintime_traj/powertrain_src) by extension 'ignore'
[3.378s] Level 1:colcon.colcon_core.package_identification:_identify(joon_path_generate/global_racetrajectory_optimization/opt_mintime_traj/powertrain_src) by extension 'ignore_ament_install'
[3.378s] Level 1:colcon.colcon_core.package_identification:_identify(joon_path_generate/global_racetrajectory_optimization/opt_mintime_traj/powertrain_src) by extensions ['colcon_pkg']
[3.378s] Level 1:colcon.colcon_core.package_identification:_identify(joon_path_generate/global_racetrajectory_optimization/opt_mintime_traj/powertrain_src) by extension 'colcon_pkg'
[3.379s] Level 1:colcon.colcon_core.package_identification:_identify(joon_path_generate/global_racetrajectory_optimization/opt_mintime_traj/powertrain_src) by extensions ['colcon_meta']
[3.379s] Level 1:colcon.colcon_core.package_identification:_identify(joon_path_generate/global_racetrajectory_optimization/opt_mintime_traj/powertrain_src) by extension 'colcon_meta'
[3.380s] Level 1:colcon.colcon_core.package_identification:_identify(joon_path_generate/global_racetrajectory_optimization/opt_mintime_traj/powertrain_src) by extensions ['ros']
[3.380s] Level 1:colcon.colcon_core.package_identification:_identify(joon_path_generate/global_racetrajectory_optimization/opt_mintime_traj/powertrain_src) by extension 'ros'
[3.380s] Level 1:colcon.colcon_core.package_identification:_identify(joon_path_generate/global_racetrajectory_optimization/opt_mintime_traj/powertrain_src) by extensions ['cmake', 'python']
[3.381s] Level 1:colcon.colcon_core.package_identification:_identify(joon_path_generate/global_racetrajectory_optimization/opt_mintime_traj/powertrain_src) by extension 'cmake'
[3.381s] Level 1:colcon.colcon_core.package_identification:_identify(joon_path_generate/global_racetrajectory_optimization/opt_mintime_traj/powertrain_src) by extension 'python'
[3.381s] Level 1:colcon.colcon_core.package_identification:_identify(joon_path_generate/global_racetrajectory_optimization/opt_mintime_traj/powertrain_src) by extensions ['python_setup_py']
[3.381s] Level 1:colcon.colcon_core.package_identification:_identify(joon_path_generate/global_racetrajectory_optimization/opt_mintime_traj/powertrain_src) by extension 'python_setup_py'
[3.382s] Level 1:colcon.colcon_core.package_identification:_identify(joon_path_generate/global_racetrajectory_optimization/opt_mintime_traj/powertrain_src/src) by extensions ['ignore', 'ignore_ament_install']
[3.383s] Level 1:colcon.colcon_core.package_identification:_identify(joon_path_generate/global_racetrajectory_optimization/opt_mintime_traj/powertrain_src/src) by extension 'ignore'
[3.383s] Level 1:colcon.colcon_core.package_identification:_identify(joon_path_generate/global_racetrajectory_optimization/opt_mintime_traj/powertrain_src/src) by extension 'ignore_ament_install'
[3.384s] Level 1:colcon.colcon_core.package_identification:_identify(joon_path_generate/global_racetrajectory_optimization/opt_mintime_traj/powertrain_src/src) by extensions ['colcon_pkg']
[3.384s] Level 1:colcon.colcon_core.package_identification:_identify(joon_path_generate/global_racetrajectory_optimization/opt_mintime_traj/powertrain_src/src) by extension 'colcon_pkg'
[3.384s] Level 1:colcon.colcon_core.package_identification:_identify(joon_path_generate/global_racetrajectory_optimization/opt_mintime_traj/powertrain_src/src) by extensions ['colcon_meta']
[3.384s] Level 1:colcon.colcon_core.package_identification:_identify(joon_path_generate/global_racetrajectory_optimization/opt_mintime_traj/powertrain_src/src) by extension 'colcon_meta'
[3.385s] Level 1:colcon.colcon_core.package_identification:_identify(joon_path_generate/global_racetrajectory_optimization/opt_mintime_traj/powertrain_src/src) by extensions ['ros']
[3.385s] Level 1:colcon.colcon_core.package_identification:_identify(joon_path_generate/global_racetrajectory_optimization/opt_mintime_traj/powertrain_src/src) by extension 'ros'
[3.385s] Level 1:colcon.colcon_core.package_identification:_identify(joon_path_generate/global_racetrajectory_optimization/opt_mintime_traj/powertrain_src/src) by extensions ['cmake', 'python']
[3.386s] Level 1:colcon.colcon_core.package_identification:_identify(joon_path_generate/global_racetrajectory_optimization/opt_mintime_traj/powertrain_src/src) by extension 'cmake'
[3.386s] Level 1:colcon.colcon_core.package_identification:_identify(joon_path_generate/global_racetrajectory_optimization/opt_mintime_traj/powertrain_src/src) by extension 'python'
[3.386s] Level 1:colcon.colcon_core.package_identification:_identify(joon_path_generate/global_racetrajectory_optimization/opt_mintime_traj/powertrain_src/src) by extensions ['python_setup_py']
[3.387s] Level 1:colcon.colcon_core.package_identification:_identify(joon_path_generate/global_racetrajectory_optimization/opt_mintime_traj/powertrain_src/src) by extension 'python_setup_py'
[3.388s] Level 1:colcon.colcon_core.package_identification:_identify(joon_path_generate/global_racetrajectory_optimization/opt_mintime_traj/src) by extensions ['ignore', 'ignore_ament_install']
[3.389s] Level 1:colcon.colcon_core.package_identification:_identify(joon_path_generate/global_racetrajectory_optimization/opt_mintime_traj/src) by extension 'ignore'
[3.389s] Level 1:colcon.colcon_core.package_identification:_identify(joon_path_generate/global_racetrajectory_optimization/opt_mintime_traj/src) by extension 'ignore_ament_install'
[3.389s] Level 1:colcon.colcon_core.package_identification:_identify(joon_path_generate/global_racetrajectory_optimization/opt_mintime_traj/src) by extensions ['colcon_pkg']
[3.390s] Level 1:colcon.colcon_core.package_identification:_identify(joon_path_generate/global_racetrajectory_optimization/opt_mintime_traj/src) by extension 'colcon_pkg'
[3.390s] Level 1:colcon.colcon_core.package_identification:_identify(joon_path_generate/global_racetrajectory_optimization/opt_mintime_traj/src) by extensions ['colcon_meta']
[3.390s] Level 1:colcon.colcon_core.package_identification:_identify(joon_path_generate/global_racetrajectory_optimization/opt_mintime_traj/src) by extension 'colcon_meta'
[3.391s] Level 1:colcon.colcon_core.package_identification:_identify(joon_path_generate/global_racetrajectory_optimization/opt_mintime_traj/src) by extensions ['ros']
[3.391s] Level 1:colcon.colcon_core.package_identification:_identify(joon_path_generate/global_racetrajectory_optimization/opt_mintime_traj/src) by extension 'ros'
[3.393s] Level 1:colcon.colcon_core.package_identification:_identify(joon_path_generate/global_racetrajectory_optimization/opt_mintime_traj/src) by extensions ['cmake', 'python']
[3.394s] Level 1:colcon.colcon_core.package_identification:_identify(joon_path_generate/global_racetrajectory_optimization/opt_mintime_traj/src) by extension 'cmake'
[3.394s] Level 1:colcon.colcon_core.package_identification:_identify(joon_path_generate/global_racetrajectory_optimization/opt_mintime_traj/src) by extension 'python'
[3.394s] Level 1:colcon.colcon_core.package_identification:_identify(joon_path_generate/global_racetrajectory_optimization/opt_mintime_traj/src) by extensions ['python_setup_py']
[3.395s] Level 1:colcon.colcon_core.package_identification:_identify(joon_path_generate/global_racetrajectory_optimization/opt_mintime_traj/src) by extension 'python_setup_py'
[3.397s] Level 1:colcon.colcon_core.package_identification:_identify(joon_path_generate/global_racetrajectory_optimization/params) by extensions ['ignore', 'ignore_ament_install']
[3.398s] Level 1:colcon.colcon_core.package_identification:_identify(joon_path_generate/global_racetrajectory_optimization/params) by extension 'ignore'
[3.398s] Level 1:colcon.colcon_core.package_identification:_identify(joon_path_generate/global_racetrajectory_optimization/params) by extension 'ignore_ament_install'
[3.399s] Level 1:colcon.colcon_core.package_identification:_identify(joon_path_generate/global_racetrajectory_optimization/params) by extensions ['colcon_pkg']
[3.399s] Level 1:colcon.colcon_core.package_identification:_identify(joon_path_generate/global_racetrajectory_optimization/params) by extension 'colcon_pkg'
[3.400s] Level 1:colcon.colcon_core.package_identification:_identify(joon_path_generate/global_racetrajectory_optimization/params) by extensions ['colcon_meta']
[3.400s] Level 1:colcon.colcon_core.package_identification:_identify(joon_path_generate/global_racetrajectory_optimization/params) by extension 'colcon_meta'
[3.402s] Level 1:colcon.colcon_core.package_identification:_identify(joon_path_generate/global_racetrajectory_optimization/params) by extensions ['ros']
[3.402s] Level 1:colcon.colcon_core.package_identification:_identify(joon_path_generate/global_racetrajectory_optimization/params) by extension 'ros'
[3.403s] Level 1:colcon.colcon_core.package_identification:_identify(joon_path_generate/global_racetrajectory_optimization/params) by extensions ['cmake', 'python']
[3.403s] Level 1:colcon.colcon_core.package_identification:_identify(joon_path_generate/global_racetrajectory_optimization/params) by extension 'cmake'
[3.404s] Level 1:colcon.colcon_core.package_identification:_identify(joon_path_generate/global_racetrajectory_optimization/params) by extension 'python'
[3.405s] Level 1:colcon.colcon_core.package_identification:_identify(joon_path_generate/global_racetrajectory_optimization/params) by extensions ['python_setup_py']
[3.405s] Level 1:colcon.colcon_core.package_identification:_identify(joon_path_generate/global_racetrajectory_optimization/params) by extension 'python_setup_py'
[3.406s] Level 1:colcon.colcon_core.package_identification:_identify(joon_path_generate/maps) by extensions ['ignore', 'ignore_ament_install']
[3.407s] Level 1:colcon.colcon_core.package_identification:_identify(joon_path_generate/maps) by extension 'ignore'
[3.407s] Level 1:colcon.colcon_core.package_identification:_identify(joon_path_generate/maps) by extension 'ignore_ament_install'
[3.408s] Level 1:colcon.colcon_core.package_identification:_identify(joon_path_generate/maps) by extensions ['colcon_pkg']
[3.408s] Level 1:colcon.colcon_core.package_identification:_identify(joon_path_generate/maps) by extension 'colcon_pkg'
[3.408s] Level 1:colcon.colcon_core.package_identification:_identify(joon_path_generate/maps) by extensions ['colcon_meta']
[3.408s] Level 1:colcon.colcon_core.package_identification:_identify(joon_path_generate/maps) by extension 'colcon_meta'
[3.409s] Level 1:colcon.colcon_core.package_identification:_identify(joon_path_generate/maps) by extensions ['ros']
[3.409s] Level 1:colcon.colcon_core.package_identification:_identify(joon_path_generate/maps) by extension 'ros'
[3.410s] Level 1:colcon.colcon_core.package_identification:_identify(joon_path_generate/maps) by extensions ['cmake', 'python']
[3.410s] Level 1:colcon.colcon_core.package_identification:_identify(joon_path_generate/maps) by extension 'cmake'
[3.410s] Level 1:colcon.colcon_core.package_identification:_identify(joon_path_generate/maps) by extension 'python'
[3.411s] Level 1:colcon.colcon_core.package_identification:_identify(joon_path_generate/maps) by extensions ['python_setup_py']
[3.411s] Level 1:colcon.colcon_core.package_identification:_identify(joon_path_generate/maps) by extension 'python_setup_py'
[3.412s] Level 1:colcon.colcon_core.package_identification:_identify(joon_path_generate/raceline) by extensions ['ignore', 'ignore_ament_install']
[3.413s] Level 1:colcon.colcon_core.package_identification:_identify(joon_path_generate/raceline) by extension 'ignore'
[3.413s] Level 1:colcon.colcon_core.package_identification:_identify(joon_path_generate/raceline) by extension 'ignore_ament_install'
[3.414s] Level 1:colcon.colcon_core.package_identification:_identify(joon_path_generate/raceline) by extensions ['colcon_pkg']
[3.414s] Level 1:colcon.colcon_core.package_identification:_identify(joon_path_generate/raceline) by extension 'colcon_pkg'
[3.414s] Level 1:colcon.colcon_core.package_identification:_identify(joon_path_generate/raceline) by extensions ['colcon_meta']
[3.415s] Level 1:colcon.colcon_core.package_identification:_identify(joon_path_generate/raceline) by extension 'colcon_meta'
[3.415s] Level 1:colcon.colcon_core.package_identification:_identify(joon_path_generate/raceline) by extensions ['ros']
[3.415s] Level 1:colcon.colcon_core.package_identification:_identify(joon_path_generate/raceline) by extension 'ros'
[3.416s] Level 1:colcon.colcon_core.package_identification:_identify(joon_path_generate/raceline) by extensions ['cmake', 'python']
[3.416s] Level 1:colcon.colcon_core.package_identification:_identify(joon_path_generate/raceline) by extension 'cmake'
[3.417s] Level 1:colcon.colcon_core.package_identification:_identify(joon_path_generate/raceline) by extension 'python'
[3.417s] Level 1:colcon.colcon_core.package_identification:_identify(joon_path_generate/raceline) by extensions ['python_setup_py']
[3.417s] Level 1:colcon.colcon_core.package_identification:_identify(joon_path_generate/raceline) by extension 'python_setup_py'
[3.418s] Level 1:colcon.colcon_core.package_identification:_identify(joon_path_generate/src) by extensions ['ignore', 'ignore_ament_install']
[3.419s] Level 1:colcon.colcon_core.package_identification:_identify(joon_path_generate/src) by extension 'ignore'
[3.419s] Level 1:colcon.colcon_core.package_identification:_identify(joon_path_generate/src) by extension 'ignore_ament_install'
[3.420s] Level 1:colcon.colcon_core.package_identification:_identify(joon_path_generate/src) by extensions ['colcon_pkg']
[3.420s] Level 1:colcon.colcon_core.package_identification:_identify(joon_path_generate/src) by extension 'colcon_pkg'
[3.420s] Level 1:colcon.colcon_core.package_identification:_identify(joon_path_generate/src) by extensions ['colcon_meta']
[3.421s] Level 1:colcon.colcon_core.package_identification:_identify(joon_path_generate/src) by extension 'colcon_meta'
[3.421s] Level 1:colcon.colcon_core.package_identification:_identify(joon_path_generate/src) by extensions ['ros']
[3.421s] Level 1:colcon.colcon_core.package_identification:_identify(joon_path_generate/src) by extension 'ros'
[3.422s] Level 1:colcon.colcon_core.package_identification:_identify(joon_path_generate/src) by extensions ['cmake', 'python']
[3.422s] Level 1:colcon.colcon_core.package_identification:_identify(joon_path_generate/src) by extension 'cmake'
[3.423s] Level 1:colcon.colcon_core.package_identification:_identify(joon_path_generate/src) by extension 'python'
[3.424s] Level 1:colcon.colcon_core.package_identification:_identify(joon_path_generate/src) by extensions ['python_setup_py']
[3.424s] Level 1:colcon.colcon_core.package_identification:_identify(joon_path_generate/src) by extension 'python_setup_py'
[3.425s] Level 1:colcon.colcon_core.package_identification:_identify(joon_path_generate/src/__pycache__) by extensions ['ignore', 'ignore_ament_install']
[3.426s] Level 1:colcon.colcon_core.package_identification:_identify(joon_path_generate/src/__pycache__) by extension 'ignore'
[3.426s] Level 1:colcon.colcon_core.package_identification:_identify(joon_path_generate/src/__pycache__) by extension 'ignore_ament_install'
[3.427s] Level 1:colcon.colcon_core.package_identification:_identify(joon_path_generate/src/__pycache__) by extensions ['colcon_pkg']
[3.427s] Level 1:colcon.colcon_core.package_identification:_identify(joon_path_generate/src/__pycache__) by extension 'colcon_pkg'
[3.427s] Level 1:colcon.colcon_core.package_identification:_identify(joon_path_generate/src/__pycache__) by extensions ['colcon_meta']
[3.427s] Level 1:colcon.colcon_core.package_identification:_identify(joon_path_generate/src/__pycache__) by extension 'colcon_meta'
[3.428s] Level 1:colcon.colcon_core.package_identification:_identify(joon_path_generate/src/__pycache__) by extensions ['ros']
[3.428s] Level 1:colcon.colcon_core.package_identification:_identify(joon_path_generate/src/__pycache__) by extension 'ros'
[3.429s] Level 1:colcon.colcon_core.package_identification:_identify(joon_path_generate/src/__pycache__) by extensions ['cmake', 'python']
[3.429s] Level 1:colcon.colcon_core.package_identification:_identify(joon_path_generate/src/__pycache__) by extension 'cmake'
[3.429s] Level 1:colcon.colcon_core.package_identification:_identify(joon_path_generate/src/__pycache__) by extension 'python'
[3.429s] Level 1:colcon.colcon_core.package_identification:_identify(joon_path_generate/src/__pycache__) by extensions ['python_setup_py']
[3.430s] Level 1:colcon.colcon_core.package_identification:_identify(joon_path_generate/src/__pycache__) by extension 'python_setup_py'
[3.430s] Level 1:colcon.colcon_core.package_identification:_identify(joon_path_generate/src/outputs) by extensions ['ignore', 'ignore_ament_install']
[3.431s] Level 1:colcon.colcon_core.package_identification:_identify(joon_path_generate/src/outputs) by extension 'ignore'
[3.431s] Level 1:colcon.colcon_core.package_identification:_identify(joon_path_generate/src/outputs) by extension 'ignore_ament_install'
[3.432s] Level 1:colcon.colcon_core.package_identification:_identify(joon_path_generate/src/outputs) by extensions ['colcon_pkg']
[3.432s] Level 1:colcon.colcon_core.package_identification:_identify(joon_path_generate/src/outputs) by extension 'colcon_pkg'
[3.432s] Level 1:colcon.colcon_core.package_identification:_identify(joon_path_generate/src/outputs) by extensions ['colcon_meta']
[3.433s] Level 1:colcon.colcon_core.package_identification:_identify(joon_path_generate/src/outputs) by extension 'colcon_meta'
[3.433s] Level 1:colcon.colcon_core.package_identification:_identify(joon_path_generate/src/outputs) by extensions ['ros']
[3.433s] Level 1:colcon.colcon_core.package_identification:_identify(joon_path_generate/src/outputs) by extension 'ros'
[3.434s] Level 1:colcon.colcon_core.package_identification:_identify(joon_path_generate/src/outputs) by extensions ['cmake', 'python']
[3.434s] Level 1:colcon.colcon_core.package_identification:_identify(joon_path_generate/src/outputs) by extension 'cmake'
[3.434s] Level 1:colcon.colcon_core.package_identification:_identify(joon_path_generate/src/outputs) by extension 'python'
[3.435s] Level 1:colcon.colcon_core.package_identification:_identify(joon_path_generate/src/outputs) by extensions ['python_setup_py']
[3.435s] Level 1:colcon.colcon_core.package_identification:_identify(joon_path_generate/src/outputs) by extension 'python_setup_py'
[3.436s] Level 1:colcon.colcon_core.package_identification:_identify(joon_path_generate/src/outputs/gap_map_path) by extensions ['ignore', 'ignore_ament_install']
[3.437s] Level 1:colcon.colcon_core.package_identification:_identify(joon_path_generate/src/outputs/gap_map_path) by extension 'ignore'
[3.438s] Level 1:colcon.colcon_core.package_identification:_identify(joon_path_generate/src/outputs/gap_map_path) by extension 'ignore_ament_install'
[3.438s] Level 1:colcon.colcon_core.package_identification:_identify(joon_path_generate/src/outputs/gap_map_path) by extensions ['colcon_pkg']
[3.438s] Level 1:colcon.colcon_core.package_identification:_identify(joon_path_generate/src/outputs/gap_map_path) by extension 'colcon_pkg'
[3.438s] Level 1:colcon.colcon_core.package_identification:_identify(joon_path_generate/src/outputs/gap_map_path) by extensions ['colcon_meta']
[3.439s] Level 1:colcon.colcon_core.package_identification:_identify(joon_path_generate/src/outputs/gap_map_path) by extension 'colcon_meta'
[3.441s] Level 1:colcon.colcon_core.package_identification:_identify(joon_path_generate/src/outputs/gap_map_path) by extensions ['ros']
[3.442s] Level 1:colcon.colcon_core.package_identification:_identify(joon_path_generate/src/outputs/gap_map_path) by extension 'ros'
[3.445s] Level 1:colcon.colcon_core.package_identification:_identify(joon_path_generate/src/outputs/gap_map_path) by extensions ['cmake', 'python']
[3.445s] Level 1:colcon.colcon_core.package_identification:_identify(joon_path_generate/src/outputs/gap_map_path) by extension 'cmake'
[3.446s] Level 1:colcon.colcon_core.package_identification:_identify(joon_path_generate/src/outputs/gap_map_path) by extension 'python'
[3.446s] Level 1:colcon.colcon_core.package_identification:_identify(joon_path_generate/src/outputs/gap_map_path) by extensions ['python_setup_py']
[3.446s] Level 1:colcon.colcon_core.package_identification:_identify(joon_path_generate/src/outputs/gap_map_path) by extension 'python_setup_py'
[3.447s] Level 1:colcon.colcon_core.package_identification:_identify(joon_path_generate/src/params) by extensions ['ignore', 'ignore_ament_install']
[3.449s] Level 1:colcon.colcon_core.package_identification:_identify(joon_path_generate/src/params) by extension 'ignore'
[3.450s] Level 1:colcon.colcon_core.package_identification:_identify(joon_path_generate/src/params) by extension 'ignore_ament_install'
[3.452s] Level 1:colcon.colcon_core.package_identification:_identify(joon_path_generate/src/params) by extensions ['colcon_pkg']
[3.452s] Level 1:colcon.colcon_core.package_identification:_identify(joon_path_generate/src/params) by extension 'colcon_pkg'
[3.453s] Level 1:colcon.colcon_core.package_identification:_identify(joon_path_generate/src/params) by extensions ['colcon_meta']
[3.453s] Level 1:colcon.colcon_core.package_identification:_identify(joon_path_generate/src/params) by extension 'colcon_meta'
[3.454s] Level 1:colcon.colcon_core.package_identification:_identify(joon_path_generate/src/params) by extensions ['ros']
[3.454s] Level 1:colcon.colcon_core.package_identification:_identify(joon_path_generate/src/params) by extension 'ros'
[3.456s] Level 1:colcon.colcon_core.package_identification:_identify(joon_path_generate/src/params) by extensions ['cmake', 'python']
[3.457s] Level 1:colcon.colcon_core.package_identification:_identify(joon_path_generate/src/params) by extension 'cmake'
[3.459s] Level 1:colcon.colcon_core.package_identification:_identify(joon_path_generate/src/params) by extension 'python'
[3.460s] Level 1:colcon.colcon_core.package_identification:_identify(joon_path_generate/src/params) by extensions ['python_setup_py']
[3.460s] Level 1:colcon.colcon_core.package_identification:_identify(joon_path_generate/src/params) by extension 'python_setup_py'
[3.461s] Level 1:colcon.colcon_core.package_identification:_identify(joon_path_generate/src/temp) by extensions ['ignore', 'ignore_ament_install']
[3.461s] Level 1:colcon.colcon_core.package_identification:_identify(joon_path_generate/src/temp) by extension 'ignore'
[3.462s] Level 1:colcon.colcon_core.package_identification:_identify(joon_path_generate/src/temp) by extension 'ignore_ament_install'
[3.462s] Level 1:colcon.colcon_core.package_identification:_identify(joon_path_generate/src/temp) by extensions ['colcon_pkg']
[3.462s] Level 1:colcon.colcon_core.package_identification:_identify(joon_path_generate/src/temp) by extension 'colcon_pkg'
[3.463s] Level 1:colcon.colcon_core.package_identification:_identify(joon_path_generate/src/temp) by extensions ['colcon_meta']
[3.464s] Level 1:colcon.colcon_core.package_identification:_identify(joon_path_generate/src/temp) by extension 'colcon_meta'
[3.464s] Level 1:colcon.colcon_core.package_identification:_identify(joon_path_generate/src/temp) by extensions ['ros']
[3.465s] Level 1:colcon.colcon_core.package_identification:_identify(joon_path_generate/src/temp) by extension 'ros'
[3.465s] Level 1:colcon.colcon_core.package_identification:_identify(joon_path_generate/src/temp) by extensions ['cmake', 'python']
[3.466s] Level 1:colcon.colcon_core.package_identification:_identify(joon_path_generate/src/temp) by extension 'cmake'
[3.466s] Level 1:colcon.colcon_core.package_identification:_identify(joon_path_generate/src/temp) by extension 'python'
[3.466s] Level 1:colcon.colcon_core.package_identification:_identify(joon_path_generate/src/temp) by extensions ['python_setup_py']
[3.466s] Level 1:colcon.colcon_core.package_identification:_identify(joon_path_generate/src/temp) by extension 'python_setup_py'
[3.467s] Level 1:colcon.colcon_core.package_identification:_identify(launch) by extensions ['ignore', 'ignore_ament_install']
[3.468s] Level 1:colcon.colcon_core.package_identification:_identify(launch) by extension 'ignore'
[3.468s] Level 1:colcon.colcon_core.package_identification:_identify(launch) by extension 'ignore_ament_install'
[3.468s] Level 1:colcon.colcon_core.package_identification:_identify(launch) by extensions ['colcon_pkg']
[3.469s] Level 1:colcon.colcon_core.package_identification:_identify(launch) by extension 'colcon_pkg'
[3.469s] Level 1:colcon.colcon_core.package_identification:_identify(launch) by extensions ['colcon_meta']
[3.469s] Level 1:colcon.colcon_core.package_identification:_identify(launch) by extension 'colcon_meta'
[3.469s] Level 1:colcon.colcon_core.package_identification:_identify(launch) by extensions ['ros']
[3.470s] Level 1:colcon.colcon_core.package_identification:_identify(launch) by extension 'ros'
[3.472s] Level 1:colcon.colcon_core.package_identification:_identify(launch) by extensions ['cmake', 'python']
[3.472s] Level 1:colcon.colcon_core.package_identification:_identify(launch) by extension 'cmake'
[3.473s] Level 1:colcon.colcon_core.package_identification:_identify(launch) by extension 'python'
[3.473s] Level 1:colcon.colcon_core.package_identification:_identify(launch) by extensions ['python_setup_py']
[3.473s] Level 1:colcon.colcon_core.package_identification:_identify(launch) by extension 'python_setup_py'
[3.474s] Level 1:colcon.colcon_core.package_identification:_identify(launch/__pycache__) by extensions ['ignore', 'ignore_ament_install']
[3.474s] Level 1:colcon.colcon_core.package_identification:_identify(launch/__pycache__) by extension 'ignore'
[3.475s] Level 1:colcon.colcon_core.package_identification:_identify(launch/__pycache__) by extension 'ignore_ament_install'
[3.478s] Level 1:colcon.colcon_core.package_identification:_identify(launch/__pycache__) by extensions ['colcon_pkg']
[3.478s] Level 1:colcon.colcon_core.package_identification:_identify(launch/__pycache__) by extension 'colcon_pkg'
[3.478s] Level 1:colcon.colcon_core.package_identification:_identify(launch/__pycache__) by extensions ['colcon_meta']
[3.479s] Level 1:colcon.colcon_core.package_identification:_identify(launch/__pycache__) by extension 'colcon_meta'
[3.479s] Level 1:colcon.colcon_core.package_identification:_identify(launch/__pycache__) by extensions ['ros']
[3.479s] Level 1:colcon.colcon_core.package_identification:_identify(launch/__pycache__) by extension 'ros'
[3.480s] Level 1:colcon.colcon_core.package_identification:_identify(launch/__pycache__) by extensions ['cmake', 'python']
[3.480s] Level 1:colcon.colcon_core.package_identification:_identify(launch/__pycache__) by extension 'cmake'
[3.480s] Level 1:colcon.colcon_core.package_identification:_identify(launch/__pycache__) by extension 'python'
[3.483s] Level 1:colcon.colcon_core.package_identification:_identify(launch/__pycache__) by extensions ['python_setup_py']
[3.483s] Level 1:colcon.colcon_core.package_identification:_identify(launch/__pycache__) by extension 'python_setup_py'
[3.484s] Level 1:colcon.colcon_core.package_identification:_identify(localization_logs) by extensions ['ignore', 'ignore_ament_install']
[3.485s] Level 1:colcon.colcon_core.package_identification:_identify(localization_logs) by extension 'ignore'
[3.487s] Level 1:colcon.colcon_core.package_identification:_identify(localization_logs) by extension 'ignore_ament_install'
[3.488s] Level 1:colcon.colcon_core.package_identification:_identify(localization_logs) by extensions ['colcon_pkg']
[3.488s] Level 1:colcon.colcon_core.package_identification:_identify(localization_logs) by extension 'colcon_pkg'
[3.489s] Level 1:colcon.colcon_core.package_identification:_identify(localization_logs) by extensions ['colcon_meta']
[3.489s] Level 1:colcon.colcon_core.package_identification:_identify(localization_logs) by extension 'colcon_meta'
[3.489s] Level 1:colcon.colcon_core.package_identification:_identify(localization_logs) by extensions ['ros']
[3.489s] Level 1:colcon.colcon_core.package_identification:_identify(localization_logs) by extension 'ros'
[3.490s] Level 1:colcon.colcon_core.package_identification:_identify(localization_logs) by extensions ['cmake', 'python']
[3.490s] Level 1:colcon.colcon_core.package_identification:_identify(localization_logs) by extension 'cmake'
[3.490s] Level 1:colcon.colcon_core.package_identification:_identify(localization_logs) by extension 'python'
[3.491s] Level 1:colcon.colcon_core.package_identification:_identify(localization_logs) by extensions ['python_setup_py']
[3.491s] Level 1:colcon.colcon_core.package_identification:_identify(localization_logs) by extension 'python_setup_py'
[3.493s] Level 1:colcon.colcon_core.package_identification:_identify(log) by extensions ['ignore', 'ignore_ament_install']
[3.493s] Level 1:colcon.colcon_core.package_identification:_identify(log) by extension 'ignore'
[3.496s] Level 1:colcon.colcon_core.package_identification:_identify(log) ignored
[3.497s] Level 1:colcon.colcon_core.package_identification:_identify(map_topic_data) by extensions ['ignore', 'ignore_ament_install']
[3.498s] Level 1:colcon.colcon_core.package_identification:_identify(map_topic_data) by extension 'ignore'
[3.499s] Level 1:colcon.colcon_core.package_identification:_identify(map_topic_data) by extension 'ignore_ament_install'
[3.499s] Level 1:colcon.colcon_core.package_identification:_identify(map_topic_data) by extensions ['colcon_pkg']
[3.499s] Level 1:colcon.colcon_core.package_identification:_identify(map_topic_data) by extension 'colcon_pkg'
[3.500s] Level 1:colcon.colcon_core.package_identification:_identify(map_topic_data) by extensions ['colcon_meta']
[3.500s] Level 1:colcon.colcon_core.package_identification:_identify(map_topic_data) by extension 'colcon_meta'
[3.501s] Level 1:colcon.colcon_core.package_identification:_identify(map_topic_data) by extensions ['ros']
[3.501s] Level 1:colcon.colcon_core.package_identification:_identify(map_topic_data) by extension 'ros'
[3.502s] Level 1:colcon.colcon_core.package_identification:_identify(map_topic_data) by extensions ['cmake', 'python']
[3.502s] Level 1:colcon.colcon_core.package_identification:_identify(map_topic_data) by extension 'cmake'
[3.502s] Level 1:colcon.colcon_core.package_identification:_identify(map_topic_data) by extension 'python'
[3.503s] Level 1:colcon.colcon_core.package_identification:_identify(map_topic_data) by extensions ['python_setup_py']
[3.504s] Level 1:colcon.colcon_core.package_identification:_identify(map_topic_data) by extension 'python_setup_py'
[3.505s] Level 1:colcon.colcon_core.package_identification:_identify(path_generate) by extensions ['ignore', 'ignore_ament_install']
[3.506s] Level 1:colcon.colcon_core.package_identification:_identify(path_generate) by extension 'ignore'
[3.506s] Level 1:colcon.colcon_core.package_identification:_identify(path_generate) by extension 'ignore_ament_install'
[3.507s] Level 1:colcon.colcon_core.package_identification:_identify(path_generate) by extensions ['colcon_pkg']
[3.507s] Level 1:colcon.colcon_core.package_identification:_identify(path_generate) by extension 'colcon_pkg'
[3.508s] Level 1:colcon.colcon_core.package_identification:_identify(path_generate) by extensions ['colcon_meta']
[3.508s] Level 1:colcon.colcon_core.package_identification:_identify(path_generate) by extension 'colcon_meta'
[3.508s] Level 1:colcon.colcon_core.package_identification:_identify(path_generate) by extensions ['ros']
[3.510s] Level 1:colcon.colcon_core.package_identification:_identify(path_generate) by extension 'ros'
[3.511s] Level 1:colcon.colcon_core.package_identification:_identify(path_generate) by extensions ['cmake', 'python']
[3.511s] Level 1:colcon.colcon_core.package_identification:_identify(path_generate) by extension 'cmake'
[3.512s] Level 1:colcon.colcon_core.package_identification:_identify(path_generate) by extension 'python'
[3.512s] Level 1:colcon.colcon_core.package_identification:_identify(path_generate) by extensions ['python_setup_py']
[3.513s] Level 1:colcon.colcon_core.package_identification:_identify(path_generate) by extension 'python_setup_py'
[3.513s] Level 1:colcon.colcon_core.package_identification:_identify(path_generate/center-line-fitting) by extensions ['ignore', 'ignore_ament_install']
[3.514s] Level 1:colcon.colcon_core.package_identification:_identify(path_generate/center-line-fitting) by extension 'ignore'
[3.514s] Level 1:colcon.colcon_core.package_identification:_identify(path_generate/center-line-fitting) by extension 'ignore_ament_install'
[3.515s] Level 1:colcon.colcon_core.package_identification:_identify(path_generate/center-line-fitting) by extensions ['colcon_pkg']
[3.515s] Level 1:colcon.colcon_core.package_identification:_identify(path_generate/center-line-fitting) by extension 'colcon_pkg'
[3.516s] Level 1:colcon.colcon_core.package_identification:_identify(path_generate/center-line-fitting) by extensions ['colcon_meta']
[3.516s] Level 1:colcon.colcon_core.package_identification:_identify(path_generate/center-line-fitting) by extension 'colcon_meta'
[3.517s] Level 1:colcon.colcon_core.package_identification:_identify(path_generate/center-line-fitting) by extensions ['ros']
[3.517s] Level 1:colcon.colcon_core.package_identification:_identify(path_generate/center-line-fitting) by extension 'ros'
[3.518s] Level 1:colcon.colcon_core.package_identification:_identify(path_generate/center-line-fitting) by extensions ['cmake', 'python']
[3.518s] Level 1:colcon.colcon_core.package_identification:_identify(path_generate/center-line-fitting) by extension 'cmake'
[3.518s] Level 1:colcon.colcon_core.package_identification:_identify(path_generate/center-line-fitting) by extension 'python'
[3.519s] Level 1:colcon.colcon_core.package_identification:_identify(path_generate/center-line-fitting) by extensions ['python_setup_py']
[3.519s] Level 1:colcon.colcon_core.package_identification:_identify(path_generate/center-line-fitting) by extension 'python_setup_py'
[3.521s] Level 1:colcon.colcon_core.package_identification:_identify(path_generate/center-line-fitting/src) by extensions ['ignore', 'ignore_ament_install']
[3.521s] Level 1:colcon.colcon_core.package_identification:_identify(path_generate/center-line-fitting/src) by extension 'ignore'
[3.522s] Level 1:colcon.colcon_core.package_identification:_identify(path_generate/center-line-fitting/src) by extension 'ignore_ament_install'
[3.523s] Level 1:colcon.colcon_core.package_identification:_identify(path_generate/center-line-fitting/src) by extensions ['colcon_pkg']
[3.524s] Level 1:colcon.colcon_core.package_identification:_identify(path_generate/center-line-fitting/src) by extension 'colcon_pkg'
[3.524s] Level 1:colcon.colcon_core.package_identification:_identify(path_generate/center-line-fitting/src) by extensions ['colcon_meta']
[3.525s] Level 1:colcon.colcon_core.package_identification:_identify(path_generate/center-line-fitting/src) by extension 'colcon_meta'
[3.526s] Level 1:colcon.colcon_core.package_identification:_identify(path_generate/center-line-fitting/src) by extensions ['ros']
[3.526s] Level 1:colcon.colcon_core.package_identification:_identify(path_generate/center-line-fitting/src) by extension 'ros'
[3.527s] Level 1:colcon.colcon_core.package_identification:_identify(path_generate/center-line-fitting/src) by extensions ['cmake', 'python']
[3.528s] Level 1:colcon.colcon_core.package_identification:_identify(path_generate/center-line-fitting/src) by extension 'cmake'
[3.529s] Level 1:colcon.colcon_core.package_identification:_identify(path_generate/center-line-fitting/src) by extension 'python'
[3.529s] Level 1:colcon.colcon_core.package_identification:_identify(path_generate/center-line-fitting/src) by extensions ['python_setup_py']
[3.530s] Level 1:colcon.colcon_core.package_identification:_identify(path_generate/center-line-fitting/src) by extension 'python_setup_py'
[3.531s] Level 1:colcon.colcon_core.package_identification:_identify(path_generate/center-line-fitting/src/__pycache__) by extensions ['ignore', 'ignore_ament_install']
[3.532s] Level 1:colcon.colcon_core.package_identification:_identify(path_generate/center-line-fitting/src/__pycache__) by extension 'ignore'
[3.532s] Level 1:colcon.colcon_core.package_identification:_identify(path_generate/center-line-fitting/src/__pycache__) by extension 'ignore_ament_install'
[3.533s] Level 1:colcon.colcon_core.package_identification:_identify(path_generate/center-line-fitting/src/__pycache__) by extensions ['colcon_pkg']
[3.533s] Level 1:colcon.colcon_core.package_identification:_identify(path_generate/center-line-fitting/src/__pycache__) by extension 'colcon_pkg'
[3.533s] Level 1:colcon.colcon_core.package_identification:_identify(path_generate/center-line-fitting/src/__pycache__) by extensions ['colcon_meta']
[3.534s] Level 1:colcon.colcon_core.package_identification:_identify(path_generate/center-line-fitting/src/__pycache__) by extension 'colcon_meta'
[3.534s] Level 1:colcon.colcon_core.package_identification:_identify(path_generate/center-line-fitting/src/__pycache__) by extensions ['ros']
[3.534s] Level 1:colcon.colcon_core.package_identification:_identify(path_generate/center-line-fitting/src/__pycache__) by extension 'ros'
[3.535s] Level 1:colcon.colcon_core.package_identification:_identify(path_generate/center-line-fitting/src/__pycache__) by extensions ['cmake', 'python']
[3.536s] Level 1:colcon.colcon_core.package_identification:_identify(path_generate/center-line-fitting/src/__pycache__) by extension 'cmake'
[3.536s] Level 1:colcon.colcon_core.package_identification:_identify(path_generate/center-line-fitting/src/__pycache__) by extension 'python'
[3.536s] Level 1:colcon.colcon_core.package_identification:_identify(path_generate/center-line-fitting/src/__pycache__) by extensions ['python_setup_py']
[3.537s] Level 1:colcon.colcon_core.package_identification:_identify(path_generate/center-line-fitting/src/__pycache__) by extension 'python_setup_py'
[3.538s] Level 1:colcon.colcon_core.package_identification:_identify(path_generate/global_racetrajectory_optimization) by extensions ['ignore', 'ignore_ament_install']
[3.538s] Level 1:colcon.colcon_core.package_identification:_identify(path_generate/global_racetrajectory_optimization) by extension 'ignore'
[3.539s] Level 1:colcon.colcon_core.package_identification:_identify(path_generate/global_racetrajectory_optimization) by extension 'ignore_ament_install'
[3.539s] Level 1:colcon.colcon_core.package_identification:_identify(path_generate/global_racetrajectory_optimization) by extensions ['colcon_pkg']
[3.540s] Level 1:colcon.colcon_core.package_identification:_identify(path_generate/global_racetrajectory_optimization) by extension 'colcon_pkg'
[3.540s] Level 1:colcon.colcon_core.package_identification:_identify(path_generate/global_racetrajectory_optimization) by extensions ['colcon_meta']
[3.540s] Level 1:colcon.colcon_core.package_identification:_identify(path_generate/global_racetrajectory_optimization) by extension 'colcon_meta'
[3.541s] Level 1:colcon.colcon_core.package_identification:_identify(path_generate/global_racetrajectory_optimization) by extensions ['ros']
[3.541s] Level 1:colcon.colcon_core.package_identification:_identify(path_generate/global_racetrajectory_optimization) by extension 'ros'
[3.542s] Level 1:colcon.colcon_core.package_identification:_identify(path_generate/global_racetrajectory_optimization) by extensions ['cmake', 'python']
[3.542s] Level 1:colcon.colcon_core.package_identification:_identify(path_generate/global_racetrajectory_optimization) by extension 'cmake'
[3.542s] Level 1:colcon.colcon_core.package_identification:_identify(path_generate/global_racetrajectory_optimization) by extension 'python'
[3.542s] Level 1:colcon.colcon_core.package_identification:_identify(path_generate/global_racetrajectory_optimization) by extensions ['python_setup_py']
[3.543s] Level 1:colcon.colcon_core.package_identification:_identify(path_generate/global_racetrajectory_optimization) by extension 'python_setup_py'
[3.544s] Level 1:colcon.colcon_core.package_identification:_identify(path_generate/global_racetrajectory_optimization/frictionmap) by extensions ['ignore', 'ignore_ament_install']
[3.545s] Level 1:colcon.colcon_core.package_identification:_identify(path_generate/global_racetrajectory_optimization/frictionmap) by extension 'ignore'
[3.545s] Level 1:colcon.colcon_core.package_identification:_identify(path_generate/global_racetrajectory_optimization/frictionmap) by extension 'ignore_ament_install'
[3.545s] Level 1:colcon.colcon_core.package_identification:_identify(path_generate/global_racetrajectory_optimization/frictionmap) by extensions ['colcon_pkg']
[3.546s] Level 1:colcon.colcon_core.package_identification:_identify(path_generate/global_racetrajectory_optimization/frictionmap) by extension 'colcon_pkg'
[3.546s] Level 1:colcon.colcon_core.package_identification:_identify(path_generate/global_racetrajectory_optimization/frictionmap) by extensions ['colcon_meta']
[3.546s] Level 1:colcon.colcon_core.package_identification:_identify(path_generate/global_racetrajectory_optimization/frictionmap) by extension 'colcon_meta'
[3.546s] Level 1:colcon.colcon_core.package_identification:_identify(path_generate/global_racetrajectory_optimization/frictionmap) by extensions ['ros']
[3.546s] Level 1:colcon.colcon_core.package_identification:_identify(path_generate/global_racetrajectory_optimization/frictionmap) by extension 'ros'
[3.547s] Level 1:colcon.colcon_core.package_identification:_identify(path_generate/global_racetrajectory_optimization/frictionmap) by extensions ['cmake', 'python']
[3.547s] Level 1:colcon.colcon_core.package_identification:_identify(path_generate/global_racetrajectory_optimization/frictionmap) by extension 'cmake'
[3.548s] Level 1:colcon.colcon_core.package_identification:_identify(path_generate/global_racetrajectory_optimization/frictionmap) by extension 'python'
[3.548s] Level 1:colcon.colcon_core.package_identification:_identify(path_generate/global_racetrajectory_optimization/frictionmap) by extensions ['python_setup_py']
[3.548s] Level 1:colcon.colcon_core.package_identification:_identify(path_generate/global_racetrajectory_optimization/frictionmap) by extension 'python_setup_py'
[3.549s] Level 1:colcon.colcon_core.package_identification:_identify(path_generate/global_racetrajectory_optimization/frictionmap/src) by extensions ['ignore', 'ignore_ament_install']
[3.549s] Level 1:colcon.colcon_core.package_identification:_identify(path_generate/global_racetrajectory_optimization/frictionmap/src) by extension 'ignore'
[3.550s] Level 1:colcon.colcon_core.package_identification:_identify(path_generate/global_racetrajectory_optimization/frictionmap/src) by extension 'ignore_ament_install'
[3.550s] Level 1:colcon.colcon_core.package_identification:_identify(path_generate/global_racetrajectory_optimization/frictionmap/src) by extensions ['colcon_pkg']
[3.551s] Level 1:colcon.colcon_core.package_identification:_identify(path_generate/global_racetrajectory_optimization/frictionmap/src) by extension 'colcon_pkg'
[3.551s] Level 1:colcon.colcon_core.package_identification:_identify(path_generate/global_racetrajectory_optimization/frictionmap/src) by extensions ['colcon_meta']
[3.551s] Level 1:colcon.colcon_core.package_identification:_identify(path_generate/global_racetrajectory_optimization/frictionmap/src) by extension 'colcon_meta'
[3.552s] Level 1:colcon.colcon_core.package_identification:_identify(path_generate/global_racetrajectory_optimization/frictionmap/src) by extensions ['ros']
[3.552s] Level 1:colcon.colcon_core.package_identification:_identify(path_generate/global_racetrajectory_optimization/frictionmap/src) by extension 'ros'
[3.553s] Level 1:colcon.colcon_core.package_identification:_identify(path_generate/global_racetrajectory_optimization/frictionmap/src) by extensions ['cmake', 'python']
[3.553s] Level 1:colcon.colcon_core.package_identification:_identify(path_generate/global_racetrajectory_optimization/frictionmap/src) by extension 'cmake'
[3.553s] Level 1:colcon.colcon_core.package_identification:_identify(path_generate/global_racetrajectory_optimization/frictionmap/src) by extension 'python'
[3.553s] Level 1:colcon.colcon_core.package_identification:_identify(path_generate/global_racetrajectory_optimization/frictionmap/src) by extensions ['python_setup_py']
[3.553s] Level 1:colcon.colcon_core.package_identification:_identify(path_generate/global_racetrajectory_optimization/frictionmap/src) by extension 'python_setup_py'
[3.554s] Level 1:colcon.colcon_core.package_identification:_identify(path_generate/global_racetrajectory_optimization/helper_funcs_glob) by extensions ['ignore', 'ignore_ament_install']
[3.555s] Level 1:colcon.colcon_core.package_identification:_identify(path_generate/global_racetrajectory_optimization/helper_funcs_glob) by extension 'ignore'
[3.555s] Level 1:colcon.colcon_core.package_identification:_identify(path_generate/global_racetrajectory_optimization/helper_funcs_glob) by extension 'ignore_ament_install'
[3.556s] Level 1:colcon.colcon_core.package_identification:_identify(path_generate/global_racetrajectory_optimization/helper_funcs_glob) by extensions ['colcon_pkg']
[3.556s] Level 1:colcon.colcon_core.package_identification:_identify(path_generate/global_racetrajectory_optimization/helper_funcs_glob) by extension 'colcon_pkg'
[3.556s] Level 1:colcon.colcon_core.package_identification:_identify(path_generate/global_racetrajectory_optimization/helper_funcs_glob) by extensions ['colcon_meta']
[3.557s] Level 1:colcon.colcon_core.package_identification:_identify(path_generate/global_racetrajectory_optimization/helper_funcs_glob) by extension 'colcon_meta'
[3.557s] Level 1:colcon.colcon_core.package_identification:_identify(path_generate/global_racetrajectory_optimization/helper_funcs_glob) by extensions ['ros']
[3.557s] Level 1:colcon.colcon_core.package_identification:_identify(path_generate/global_racetrajectory_optimization/helper_funcs_glob) by extension 'ros'
[3.558s] Level 1:colcon.colcon_core.package_identification:_identify(path_generate/global_racetrajectory_optimization/helper_funcs_glob) by extensions ['cmake', 'python']
[3.558s] Level 1:colcon.colcon_core.package_identification:_identify(path_generate/global_racetrajectory_optimization/helper_funcs_glob) by extension 'cmake'
[3.558s] Level 1:colcon.colcon_core.package_identification:_identify(path_generate/global_racetrajectory_optimization/helper_funcs_glob) by extension 'python'
[3.558s] Level 1:colcon.colcon_core.package_identification:_identify(path_generate/global_racetrajectory_optimization/helper_funcs_glob) by extensions ['python_setup_py']
[3.559s] Level 1:colcon.colcon_core.package_identification:_identify(path_generate/global_racetrajectory_optimization/helper_funcs_glob) by extension 'python_setup_py'
[3.560s] Level 1:colcon.colcon_core.package_identification:_identify(path_generate/global_racetrajectory_optimization/helper_funcs_glob/src) by extensions ['ignore', 'ignore_ament_install']
[3.561s] Level 1:colcon.colcon_core.package_identification:_identify(path_generate/global_racetrajectory_optimization/helper_funcs_glob/src) by extension 'ignore'
[3.561s] Level 1:colcon.colcon_core.package_identification:_identify(path_generate/global_racetrajectory_optimization/helper_funcs_glob/src) by extension 'ignore_ament_install'
[3.562s] Level 1:colcon.colcon_core.package_identification:_identify(path_generate/global_racetrajectory_optimization/helper_funcs_glob/src) by extensions ['colcon_pkg']
[3.562s] Level 1:colcon.colcon_core.package_identification:_identify(path_generate/global_racetrajectory_optimization/helper_funcs_glob/src) by extension 'colcon_pkg'
[3.562s] Level 1:colcon.colcon_core.package_identification:_identify(path_generate/global_racetrajectory_optimization/helper_funcs_glob/src) by extensions ['colcon_meta']
[3.563s] Level 1:colcon.colcon_core.package_identification:_identify(path_generate/global_racetrajectory_optimization/helper_funcs_glob/src) by extension 'colcon_meta'
[3.564s] Level 1:colcon.colcon_core.package_identification:_identify(path_generate/global_racetrajectory_optimization/helper_funcs_glob/src) by extensions ['ros']
[3.564s] Level 1:colcon.colcon_core.package_identification:_identify(path_generate/global_racetrajectory_optimization/helper_funcs_glob/src) by extension 'ros'
[3.565s] Level 1:colcon.colcon_core.package_identification:_identify(path_generate/global_racetrajectory_optimization/helper_funcs_glob/src) by extensions ['cmake', 'python']
[3.565s] Level 1:colcon.colcon_core.package_identification:_identify(path_generate/global_racetrajectory_optimization/helper_funcs_glob/src) by extension 'cmake'
[3.566s] Level 1:colcon.colcon_core.package_identification:_identify(path_generate/global_racetrajectory_optimization/helper_funcs_glob/src) by extension 'python'
[3.566s] Level 1:colcon.colcon_core.package_identification:_identify(path_generate/global_racetrajectory_optimization/helper_funcs_glob/src) by extensions ['python_setup_py']
[3.566s] Level 1:colcon.colcon_core.package_identification:_identify(path_generate/global_racetrajectory_optimization/helper_funcs_glob/src) by extension 'python_setup_py'
[3.567s] Level 1:colcon.colcon_core.package_identification:_identify(path_generate/global_racetrajectory_optimization/inputs) by extensions ['ignore', 'ignore_ament_install']
[3.568s] Level 1:colcon.colcon_core.package_identification:_identify(path_generate/global_racetrajectory_optimization/inputs) by extension 'ignore'
[3.569s] Level 1:colcon.colcon_core.package_identification:_identify(path_generate/global_racetrajectory_optimization/inputs) by extension 'ignore_ament_install'
[3.569s] Level 1:colcon.colcon_core.package_identification:_identify(path_generate/global_racetrajectory_optimization/inputs) by extensions ['colcon_pkg']
[3.569s] Level 1:colcon.colcon_core.package_identification:_identify(path_generate/global_racetrajectory_optimization/inputs) by extension 'colcon_pkg'
[3.570s] Level 1:colcon.colcon_core.package_identification:_identify(path_generate/global_racetrajectory_optimization/inputs) by extensions ['colcon_meta']
[3.570s] Level 1:colcon.colcon_core.package_identification:_identify(path_generate/global_racetrajectory_optimization/inputs) by extension 'colcon_meta'
[3.571s] Level 1:colcon.colcon_core.package_identification:_identify(path_generate/global_racetrajectory_optimization/inputs) by extensions ['ros']
[3.571s] Level 1:colcon.colcon_core.package_identification:_identify(path_generate/global_racetrajectory_optimization/inputs) by extension 'ros'
[3.572s] Level 1:colcon.colcon_core.package_identification:_identify(path_generate/global_racetrajectory_optimization/inputs) by extensions ['cmake', 'python']
[3.572s] Level 1:colcon.colcon_core.package_identification:_identify(path_generate/global_racetrajectory_optimization/inputs) by extension 'cmake'
[3.573s] Level 1:colcon.colcon_core.package_identification:_identify(path_generate/global_racetrajectory_optimization/inputs) by extension 'python'
[3.573s] Level 1:colcon.colcon_core.package_identification:_identify(path_generate/global_racetrajectory_optimization/inputs) by extensions ['python_setup_py']
[3.573s] Level 1:colcon.colcon_core.package_identification:_identify(path_generate/global_racetrajectory_optimization/inputs) by extension 'python_setup_py'
[3.574s] Level 1:colcon.colcon_core.package_identification:_identify(path_generate/global_racetrajectory_optimization/inputs/frictionmaps) by extensions ['ignore', 'ignore_ament_install']
[3.575s] Level 1:colcon.colcon_core.package_identification:_identify(path_generate/global_racetrajectory_optimization/inputs/frictionmaps) by extension 'ignore'
[3.575s] Level 1:colcon.colcon_core.package_identification:_identify(path_generate/global_racetrajectory_optimization/inputs/frictionmaps) by extension 'ignore_ament_install'
[3.575s] Level 1:colcon.colcon_core.package_identification:_identify(path_generate/global_racetrajectory_optimization/inputs/frictionmaps) by extensions ['colcon_pkg']
[3.576s] Level 1:colcon.colcon_core.package_identification:_identify(path_generate/global_racetrajectory_optimization/inputs/frictionmaps) by extension 'colcon_pkg'
[3.576s] Level 1:colcon.colcon_core.package_identification:_identify(path_generate/global_racetrajectory_optimization/inputs/frictionmaps) by extensions ['colcon_meta']
[3.576s] Level 1:colcon.colcon_core.package_identification:_identify(path_generate/global_racetrajectory_optimization/inputs/frictionmaps) by extension 'colcon_meta'
[3.577s] Level 1:colcon.colcon_core.package_identification:_identify(path_generate/global_racetrajectory_optimization/inputs/frictionmaps) by extensions ['ros']
[3.577s] Level 1:colcon.colcon_core.package_identification:_identify(path_generate/global_racetrajectory_optimization/inputs/frictionmaps) by extension 'ros'
[3.578s] Level 1:colcon.colcon_core.package_identification:_identify(path_generate/global_racetrajectory_optimization/inputs/frictionmaps) by extensions ['cmake', 'python']
[3.578s] Level 1:colcon.colcon_core.package_identification:_identify(path_generate/global_racetrajectory_optimization/inputs/frictionmaps) by extension 'cmake'
[3.579s] Level 1:colcon.colcon_core.package_identification:_identify(path_generate/global_racetrajectory_optimization/inputs/frictionmaps) by extension 'python'
[3.579s] Level 1:colcon.colcon_core.package_identification:_identify(path_generate/global_racetrajectory_optimization/inputs/frictionmaps) by extensions ['python_setup_py']
[3.580s] Level 1:colcon.colcon_core.package_identification:_identify(path_generate/global_racetrajectory_optimization/inputs/frictionmaps) by extension 'python_setup_py'
[3.581s] Level 1:colcon.colcon_core.package_identification:_identify(path_generate/global_racetrajectory_optimization/inputs/tracks) by extensions ['ignore', 'ignore_ament_install']
[3.582s] Level 1:colcon.colcon_core.package_identification:_identify(path_generate/global_racetrajectory_optimization/inputs/tracks) by extension 'ignore'
[3.584s] Level 1:colcon.colcon_core.package_identification:_identify(path_generate/global_racetrajectory_optimization/inputs/tracks) by extension 'ignore_ament_install'
[3.584s] Level 1:colcon.colcon_core.package_identification:_identify(path_generate/global_racetrajectory_optimization/inputs/tracks) by extensions ['colcon_pkg']
[3.584s] Level 1:colcon.colcon_core.package_identification:_identify(path_generate/global_racetrajectory_optimization/inputs/tracks) by extension 'colcon_pkg'
[3.585s] Level 1:colcon.colcon_core.package_identification:_identify(path_generate/global_racetrajectory_optimization/inputs/tracks) by extensions ['colcon_meta']
[3.585s] Level 1:colcon.colcon_core.package_identification:_identify(path_generate/global_racetrajectory_optimization/inputs/tracks) by extension 'colcon_meta'
[3.586s] Level 1:colcon.colcon_core.package_identification:_identify(path_generate/global_racetrajectory_optimization/inputs/tracks) by extensions ['ros']
[3.586s] Level 1:colcon.colcon_core.package_identification:_identify(path_generate/global_racetrajectory_optimization/inputs/tracks) by extension 'ros'
[3.586s] Level 1:colcon.colcon_core.package_identification:_identify(path_generate/global_racetrajectory_optimization/inputs/tracks) by extensions ['cmake', 'python']
[3.587s] Level 1:colcon.colcon_core.package_identification:_identify(path_generate/global_racetrajectory_optimization/inputs/tracks) by extension 'cmake'
[3.587s] Level 1:colcon.colcon_core.package_identification:_identify(path_generate/global_racetrajectory_optimization/inputs/tracks) by extension 'python'
[3.587s] Level 1:colcon.colcon_core.package_identification:_identify(path_generate/global_racetrajectory_optimization/inputs/tracks) by extensions ['python_setup_py']
[3.588s] Level 1:colcon.colcon_core.package_identification:_identify(path_generate/global_racetrajectory_optimization/inputs/tracks) by extension 'python_setup_py'
[3.589s] Level 1:colcon.colcon_core.package_identification:_identify(path_generate/global_racetrajectory_optimization/inputs/veh_dyn_info) by extensions ['ignore', 'ignore_ament_install']
[3.590s] Level 1:colcon.colcon_core.package_identification:_identify(path_generate/global_racetrajectory_optimization/inputs/veh_dyn_info) by extension 'ignore'
[3.590s] Level 1:colcon.colcon_core.package_identification:_identify(path_generate/global_racetrajectory_optimization/inputs/veh_dyn_info) by extension 'ignore_ament_install'
[3.590s] Level 1:colcon.colcon_core.package_identification:_identify(path_generate/global_racetrajectory_optimization/inputs/veh_dyn_info) by extensions ['colcon_pkg']
[3.590s] Level 1:colcon.colcon_core.package_identification:_identify(path_generate/global_racetrajectory_optimization/inputs/veh_dyn_info) by extension 'colcon_pkg'
[3.591s] Level 1:colcon.colcon_core.package_identification:_identify(path_generate/global_racetrajectory_optimization/inputs/veh_dyn_info) by extensions ['colcon_meta']
[3.591s] Level 1:colcon.colcon_core.package_identification:_identify(path_generate/global_racetrajectory_optimization/inputs/veh_dyn_info) by extension 'colcon_meta'
[3.591s] Level 1:colcon.colcon_core.package_identification:_identify(path_generate/global_racetrajectory_optimization/inputs/veh_dyn_info) by extensions ['ros']
[3.591s] Level 1:colcon.colcon_core.package_identification:_identify(path_generate/global_racetrajectory_optimization/inputs/veh_dyn_info) by extension 'ros'
[3.592s] Level 1:colcon.colcon_core.package_identification:_identify(path_generate/global_racetrajectory_optimization/inputs/veh_dyn_info) by extensions ['cmake', 'python']
[3.593s] Level 1:colcon.colcon_core.package_identification:_identify(path_generate/global_racetrajectory_optimization/inputs/veh_dyn_info) by extension 'cmake'
[3.593s] Level 1:colcon.colcon_core.package_identification:_identify(path_generate/global_racetrajectory_optimization/inputs/veh_dyn_info) by extension 'python'
[3.593s] Level 1:colcon.colcon_core.package_identification:_identify(path_generate/global_racetrajectory_optimization/inputs/veh_dyn_info) by extensions ['python_setup_py']
[3.594s] Level 1:colcon.colcon_core.package_identification:_identify(path_generate/global_racetrajectory_optimization/inputs/veh_dyn_info) by extension 'python_setup_py'
[3.594s] Level 1:colcon.colcon_core.package_identification:_identify(path_generate/global_racetrajectory_optimization/opt_mintime_traj) by extensions ['ignore', 'ignore_ament_install']
[3.595s] Level 1:colcon.colcon_core.package_identification:_identify(path_generate/global_racetrajectory_optimization/opt_mintime_traj) by extension 'ignore'
[3.596s] Level 1:colcon.colcon_core.package_identification:_identify(path_generate/global_racetrajectory_optimization/opt_mintime_traj) by extension 'ignore_ament_install'
[3.596s] Level 1:colcon.colcon_core.package_identification:_identify(path_generate/global_racetrajectory_optimization/opt_mintime_traj) by extensions ['colcon_pkg']
[3.596s] Level 1:colcon.colcon_core.package_identification:_identify(path_generate/global_racetrajectory_optimization/opt_mintime_traj) by extension 'colcon_pkg'
[3.597s] Level 1:colcon.colcon_core.package_identification:_identify(path_generate/global_racetrajectory_optimization/opt_mintime_traj) by extensions ['colcon_meta']
[3.597s] Level 1:colcon.colcon_core.package_identification:_identify(path_generate/global_racetrajectory_optimization/opt_mintime_traj) by extension 'colcon_meta'
[3.597s] Level 1:colcon.colcon_core.package_identification:_identify(path_generate/global_racetrajectory_optimization/opt_mintime_traj) by extensions ['ros']
[3.597s] Level 1:colcon.colcon_core.package_identification:_identify(path_generate/global_racetrajectory_optimization/opt_mintime_traj) by extension 'ros'
[3.598s] Level 1:colcon.colcon_core.package_identification:_identify(path_generate/global_racetrajectory_optimization/opt_mintime_traj) by extensions ['cmake', 'python']
[3.598s] Level 1:colcon.colcon_core.package_identification:_identify(path_generate/global_racetrajectory_optimization/opt_mintime_traj) by extension 'cmake'
[3.599s] Level 1:colcon.colcon_core.package_identification:_identify(path_generate/global_racetrajectory_optimization/opt_mintime_traj) by extension 'python'
[3.599s] Level 1:colcon.colcon_core.package_identification:_identify(path_generate/global_racetrajectory_optimization/opt_mintime_traj) by extensions ['python_setup_py']
[3.599s] Level 1:colcon.colcon_core.package_identification:_identify(path_generate/global_racetrajectory_optimization/opt_mintime_traj) by extension 'python_setup_py'
[3.600s] Level 1:colcon.colcon_core.package_identification:_identify(path_generate/global_racetrajectory_optimization/opt_mintime_traj/powertrain_src) by extensions ['ignore', 'ignore_ament_install']
[3.601s] Level 1:colcon.colcon_core.package_identification:_identify(path_generate/global_racetrajectory_optimization/opt_mintime_traj/powertrain_src) by extension 'ignore'
[3.601s] Level 1:colcon.colcon_core.package_identification:_identify(path_generate/global_racetrajectory_optimization/opt_mintime_traj/powertrain_src) by extension 'ignore_ament_install'
[3.601s] Level 1:colcon.colcon_core.package_identification:_identify(path_generate/global_racetrajectory_optimization/opt_mintime_traj/powertrain_src) by extensions ['colcon_pkg']
[3.601s] Level 1:colcon.colcon_core.package_identification:_identify(path_generate/global_racetrajectory_optimization/opt_mintime_traj/powertrain_src) by extension 'colcon_pkg'
[3.602s] Level 1:colcon.colcon_core.package_identification:_identify(path_generate/global_racetrajectory_optimization/opt_mintime_traj/powertrain_src) by extensions ['colcon_meta']
[3.602s] Level 1:colcon.colcon_core.package_identification:_identify(path_generate/global_racetrajectory_optimization/opt_mintime_traj/powertrain_src) by extension 'colcon_meta'
[3.602s] Level 1:colcon.colcon_core.package_identification:_identify(path_generate/global_racetrajectory_optimization/opt_mintime_traj/powertrain_src) by extensions ['ros']
[3.603s] Level 1:colcon.colcon_core.package_identification:_identify(path_generate/global_racetrajectory_optimization/opt_mintime_traj/powertrain_src) by extension 'ros'
[3.604s] Level 1:colcon.colcon_core.package_identification:_identify(path_generate/global_racetrajectory_optimization/opt_mintime_traj/powertrain_src) by extensions ['cmake', 'python']
[3.604s] Level 1:colcon.colcon_core.package_identification:_identify(path_generate/global_racetrajectory_optimization/opt_mintime_traj/powertrain_src) by extension 'cmake'
[3.605s] Level 1:colcon.colcon_core.package_identification:_identify(path_generate/global_racetrajectory_optimization/opt_mintime_traj/powertrain_src) by extension 'python'
[3.605s] Level 1:colcon.colcon_core.package_identification:_identify(path_generate/global_racetrajectory_optimization/opt_mintime_traj/powertrain_src) by extensions ['python_setup_py']
[3.606s] Level 1:colcon.colcon_core.package_identification:_identify(path_generate/global_racetrajectory_optimization/opt_mintime_traj/powertrain_src) by extension 'python_setup_py'
[3.607s] Level 1:colcon.colcon_core.package_identification:_identify(path_generate/global_racetrajectory_optimization/opt_mintime_traj/powertrain_src/src) by extensions ['ignore', 'ignore_ament_install']
[3.608s] Level 1:colcon.colcon_core.package_identification:_identify(path_generate/global_racetrajectory_optimization/opt_mintime_traj/powertrain_src/src) by extension 'ignore'
[3.608s] Level 1:colcon.colcon_core.package_identification:_identify(path_generate/global_racetrajectory_optimization/opt_mintime_traj/powertrain_src/src) by extension 'ignore_ament_install'
[3.608s] Level 1:colcon.colcon_core.package_identification:_identify(path_generate/global_racetrajectory_optimization/opt_mintime_traj/powertrain_src/src) by extensions ['colcon_pkg']
[3.608s] Level 1:colcon.colcon_core.package_identification:_identify(path_generate/global_racetrajectory_optimization/opt_mintime_traj/powertrain_src/src) by extension 'colcon_pkg'
[3.609s] Level 1:colcon.colcon_core.package_identification:_identify(path_generate/global_racetrajectory_optimization/opt_mintime_traj/powertrain_src/src) by extensions ['colcon_meta']
[3.609s] Level 1:colcon.colcon_core.package_identification:_identify(path_generate/global_racetrajectory_optimization/opt_mintime_traj/powertrain_src/src) by extension 'colcon_meta'
[3.609s] Level 1:colcon.colcon_core.package_identification:_identify(path_generate/global_racetrajectory_optimization/opt_mintime_traj/powertrain_src/src) by extensions ['ros']
[3.609s] Level 1:colcon.colcon_core.package_identification:_identify(path_generate/global_racetrajectory_optimization/opt_mintime_traj/powertrain_src/src) by extension 'ros'
[3.610s] Level 1:colcon.colcon_core.package_identification:_identify(path_generate/global_racetrajectory_optimization/opt_mintime_traj/powertrain_src/src) by extensions ['cmake', 'python']
[3.610s] Level 1:colcon.colcon_core.package_identification:_identify(path_generate/global_racetrajectory_optimization/opt_mintime_traj/powertrain_src/src) by extension 'cmake'
[3.611s] Level 1:colcon.colcon_core.package_identification:_identify(path_generate/global_racetrajectory_optimization/opt_mintime_traj/powertrain_src/src) by extension 'python'
[3.611s] Level 1:colcon.colcon_core.package_identification:_identify(path_generate/global_racetrajectory_optimization/opt_mintime_traj/powertrain_src/src) by extensions ['python_setup_py']
[3.611s] Level 1:colcon.colcon_core.package_identification:_identify(path_generate/global_racetrajectory_optimization/opt_mintime_traj/powertrain_src/src) by extension 'python_setup_py'
[3.613s] Level 1:colcon.colcon_core.package_identification:_identify(path_generate/global_racetrajectory_optimization/opt_mintime_traj/src) by extensions ['ignore', 'ignore_ament_install']
[3.613s] Level 1:colcon.colcon_core.package_identification:_identify(path_generate/global_racetrajectory_optimization/opt_mintime_traj/src) by extension 'ignore'
[3.614s] Level 1:colcon.colcon_core.package_identification:_identify(path_generate/global_racetrajectory_optimization/opt_mintime_traj/src) by extension 'ignore_ament_install'
[3.614s] Level 1:colcon.colcon_core.package_identification:_identify(path_generate/global_racetrajectory_optimization/opt_mintime_traj/src) by extensions ['colcon_pkg']
[3.614s] Level 1:colcon.colcon_core.package_identification:_identify(path_generate/global_racetrajectory_optimization/opt_mintime_traj/src) by extension 'colcon_pkg'
[3.615s] Level 1:colcon.colcon_core.package_identification:_identify(path_generate/global_racetrajectory_optimization/opt_mintime_traj/src) by extensions ['colcon_meta']
[3.615s] Level 1:colcon.colcon_core.package_identification:_identify(path_generate/global_racetrajectory_optimization/opt_mintime_traj/src) by extension 'colcon_meta'
[3.615s] Level 1:colcon.colcon_core.package_identification:_identify(path_generate/global_racetrajectory_optimization/opt_mintime_traj/src) by extensions ['ros']
[3.616s] Level 1:colcon.colcon_core.package_identification:_identify(path_generate/global_racetrajectory_optimization/opt_mintime_traj/src) by extension 'ros'
[3.616s] Level 1:colcon.colcon_core.package_identification:_identify(path_generate/global_racetrajectory_optimization/opt_mintime_traj/src) by extensions ['cmake', 'python']
[3.616s] Level 1:colcon.colcon_core.package_identification:_identify(path_generate/global_racetrajectory_optimization/opt_mintime_traj/src) by extension 'cmake'
[3.617s] Level 1:colcon.colcon_core.package_identification:_identify(path_generate/global_racetrajectory_optimization/opt_mintime_traj/src) by extension 'python'
[3.617s] Level 1:colcon.colcon_core.package_identification:_identify(path_generate/global_racetrajectory_optimization/opt_mintime_traj/src) by extensions ['python_setup_py']
[3.617s] Level 1:colcon.colcon_core.package_identification:_identify(path_generate/global_racetrajectory_optimization/opt_mintime_traj/src) by extension 'python_setup_py'
[3.618s] Level 1:colcon.colcon_core.package_identification:_identify(path_generate/global_racetrajectory_optimization/params) by extensions ['ignore', 'ignore_ament_install']
[3.618s] Level 1:colcon.colcon_core.package_identification:_identify(path_generate/global_racetrajectory_optimization/params) by extension 'ignore'
[3.619s] Level 1:colcon.colcon_core.package_identification:_identify(path_generate/global_racetrajectory_optimization/params) by extension 'ignore_ament_install'
[3.619s] Level 1:colcon.colcon_core.package_identification:_identify(path_generate/global_racetrajectory_optimization/params) by extensions ['colcon_pkg']
[3.619s] Level 1:colcon.colcon_core.package_identification:_identify(path_generate/global_racetrajectory_optimization/params) by extension 'colcon_pkg'
[3.620s] Level 1:colcon.colcon_core.package_identification:_identify(path_generate/global_racetrajectory_optimization/params) by extensions ['colcon_meta']
[3.620s] Level 1:colcon.colcon_core.package_identification:_identify(path_generate/global_racetrajectory_optimization/params) by extension 'colcon_meta'
[3.620s] Level 1:colcon.colcon_core.package_identification:_identify(path_generate/global_racetrajectory_optimization/params) by extensions ['ros']
[3.621s] Level 1:colcon.colcon_core.package_identification:_identify(path_generate/global_racetrajectory_optimization/params) by extension 'ros'
[3.622s] Level 1:colcon.colcon_core.package_identification:_identify(path_generate/global_racetrajectory_optimization/params) by extensions ['cmake', 'python']
[3.622s] Level 1:colcon.colcon_core.package_identification:_identify(path_generate/global_racetrajectory_optimization/params) by extension 'cmake'
[3.622s] Level 1:colcon.colcon_core.package_identification:_identify(path_generate/global_racetrajectory_optimization/params) by extension 'python'
[3.622s] Level 1:colcon.colcon_core.package_identification:_identify(path_generate/global_racetrajectory_optimization/params) by extensions ['python_setup_py']
[3.623s] Level 1:colcon.colcon_core.package_identification:_identify(path_generate/global_racetrajectory_optimization/params) by extension 'python_setup_py'
[3.624s] Level 1:colcon.colcon_core.package_identification:_identify(path_generate/steven_gong) by extensions ['ignore', 'ignore_ament_install']
[3.624s] Level 1:colcon.colcon_core.package_identification:_identify(path_generate/steven_gong) by extension 'ignore'
[3.625s] Level 1:colcon.colcon_core.package_identification:_identify(path_generate/steven_gong) by extension 'ignore_ament_install'
[3.625s] Level 1:colcon.colcon_core.package_identification:_identify(path_generate/steven_gong) by extensions ['colcon_pkg']
[3.625s] Level 1:colcon.colcon_core.package_identification:_identify(path_generate/steven_gong) by extension 'colcon_pkg'
[3.626s] Level 1:colcon.colcon_core.package_identification:_identify(path_generate/steven_gong) by extensions ['colcon_meta']
[3.626s] Level 1:colcon.colcon_core.package_identification:_identify(path_generate/steven_gong) by extension 'colcon_meta'
[3.626s] Level 1:colcon.colcon_core.package_identification:_identify(path_generate/steven_gong) by extensions ['ros']
[3.626s] Level 1:colcon.colcon_core.package_identification:_identify(path_generate/steven_gong) by extension 'ros'
[3.627s] Level 1:colcon.colcon_core.package_identification:_identify(path_generate/steven_gong) by extensions ['cmake', 'python']
[3.627s] Level 1:colcon.colcon_core.package_identification:_identify(path_generate/steven_gong) by extension 'cmake'
[3.628s] Level 1:colcon.colcon_core.package_identification:_identify(path_generate/steven_gong) by extension 'python'
[3.628s] Level 1:colcon.colcon_core.package_identification:_identify(path_generate/steven_gong) by extensions ['python_setup_py']
[3.629s] Level 1:colcon.colcon_core.package_identification:_identify(path_generate/steven_gong) by extension 'python_setup_py'
[3.630s] Level 1:colcon.colcon_core.package_identification:_identify(path_generate/steven_gong/Raceline-Optimization) by extensions ['ignore', 'ignore_ament_install']
[3.631s] Level 1:colcon.colcon_core.package_identification:_identify(path_generate/steven_gong/Raceline-Optimization) by extension 'ignore'
[3.631s] Level 1:colcon.colcon_core.package_identification:_identify(path_generate/steven_gong/Raceline-Optimization) by extension 'ignore_ament_install'
[3.632s] Level 1:colcon.colcon_core.package_identification:_identify(path_generate/steven_gong/Raceline-Optimization) by extensions ['colcon_pkg']
[3.632s] Level 1:colcon.colcon_core.package_identification:_identify(path_generate/steven_gong/Raceline-Optimization) by extension 'colcon_pkg'
[3.632s] Level 1:colcon.colcon_core.package_identification:_identify(path_generate/steven_gong/Raceline-Optimization) by extensions ['colcon_meta']
[3.632s] Level 1:colcon.colcon_core.package_identification:_identify(path_generate/steven_gong/Raceline-Optimization) by extension 'colcon_meta'
[3.633s] Level 1:colcon.colcon_core.package_identification:_identify(path_generate/steven_gong/Raceline-Optimization) by extensions ['ros']
[3.634s] Level 1:colcon.colcon_core.package_identification:_identify(path_generate/steven_gong/Raceline-Optimization) by extension 'ros'
[3.634s] Level 1:colcon.colcon_core.package_identification:_identify(path_generate/steven_gong/Raceline-Optimization) by extensions ['cmake', 'python']
[3.634s] Level 1:colcon.colcon_core.package_identification:_identify(path_generate/steven_gong/Raceline-Optimization) by extension 'cmake'
[3.635s] Level 1:colcon.colcon_core.package_identification:_identify(path_generate/steven_gong/Raceline-Optimization) by extension 'python'
[3.636s] Level 1:colcon.colcon_core.package_identification:_identify(path_generate/steven_gong/Raceline-Optimization) by extensions ['python_setup_py']
[3.636s] Level 1:colcon.colcon_core.package_identification:_identify(path_generate/steven_gong/Raceline-Optimization) by extension 'python_setup_py'
[3.637s] Level 1:colcon.colcon_core.package_identification:_identify(path_generate/steven_gong/Raceline-Optimization/frictionmap) by extensions ['ignore', 'ignore_ament_install']
[3.638s] Level 1:colcon.colcon_core.package_identification:_identify(path_generate/steven_gong/Raceline-Optimization/frictionmap) by extension 'ignore'
[3.638s] Level 1:colcon.colcon_core.package_identification:_identify(path_generate/steven_gong/Raceline-Optimization/frictionmap) by extension 'ignore_ament_install'
[3.638s] Level 1:colcon.colcon_core.package_identification:_identify(path_generate/steven_gong/Raceline-Optimization/frictionmap) by extensions ['colcon_pkg']
[3.639s] Level 1:colcon.colcon_core.package_identification:_identify(path_generate/steven_gong/Raceline-Optimization/frictionmap) by extension 'colcon_pkg'
[3.639s] Level 1:colcon.colcon_core.package_identification:_identify(path_generate/steven_gong/Raceline-Optimization/frictionmap) by extensions ['colcon_meta']
[3.639s] Level 1:colcon.colcon_core.package_identification:_identify(path_generate/steven_gong/Raceline-Optimization/frictionmap) by extension 'colcon_meta'
[3.640s] Level 1:colcon.colcon_core.package_identification:_identify(path_generate/steven_gong/Raceline-Optimization/frictionmap) by extensions ['ros']
[3.640s] Level 1:colcon.colcon_core.package_identification:_identify(path_generate/steven_gong/Raceline-Optimization/frictionmap) by extension 'ros'
[3.640s] Level 1:colcon.colcon_core.package_identification:_identify(path_generate/steven_gong/Raceline-Optimization/frictionmap) by extensions ['cmake', 'python']
[3.640s] Level 1:colcon.colcon_core.package_identification:_identify(path_generate/steven_gong/Raceline-Optimization/frictionmap) by extension 'cmake'
[3.641s] Level 1:colcon.colcon_core.package_identification:_identify(path_generate/steven_gong/Raceline-Optimization/frictionmap) by extension 'python'
[3.641s] Level 1:colcon.colcon_core.package_identification:_identify(path_generate/steven_gong/Raceline-Optimization/frictionmap) by extensions ['python_setup_py']
[3.641s] Level 1:colcon.colcon_core.package_identification:_identify(path_generate/steven_gong/Raceline-Optimization/frictionmap) by extension 'python_setup_py'
[3.642s] Level 1:colcon.colcon_core.package_identification:_identify(path_generate/steven_gong/Raceline-Optimization/frictionmap/src) by extensions ['ignore', 'ignore_ament_install']
[3.642s] Level 1:colcon.colcon_core.package_identification:_identify(path_generate/steven_gong/Raceline-Optimization/frictionmap/src) by extension 'ignore'
[3.643s] Level 1:colcon.colcon_core.package_identification:_identify(path_generate/steven_gong/Raceline-Optimization/frictionmap/src) by extension 'ignore_ament_install'
[3.644s] Level 1:colcon.colcon_core.package_identification:_identify(path_generate/steven_gong/Raceline-Optimization/frictionmap/src) by extensions ['colcon_pkg']
[3.644s] Level 1:colcon.colcon_core.package_identification:_identify(path_generate/steven_gong/Raceline-Optimization/frictionmap/src) by extension 'colcon_pkg'
[3.644s] Level 1:colcon.colcon_core.package_identification:_identify(path_generate/steven_gong/Raceline-Optimization/frictionmap/src) by extensions ['colcon_meta']
[3.645s] Level 1:colcon.colcon_core.package_identification:_identify(path_generate/steven_gong/Raceline-Optimization/frictionmap/src) by extension 'colcon_meta'
[3.646s] Level 1:colcon.colcon_core.package_identification:_identify(path_generate/steven_gong/Raceline-Optimization/frictionmap/src) by extensions ['ros']
[3.646s] Level 1:colcon.colcon_core.package_identification:_identify(path_generate/steven_gong/Raceline-Optimization/frictionmap/src) by extension 'ros'
[3.646s] Level 1:colcon.colcon_core.package_identification:_identify(path_generate/steven_gong/Raceline-Optimization/frictionmap/src) by extensions ['cmake', 'python']
[3.647s] Level 1:colcon.colcon_core.package_identification:_identify(path_generate/steven_gong/Raceline-Optimization/frictionmap/src) by extension 'cmake'
[3.647s] Level 1:colcon.colcon_core.package_identification:_identify(path_generate/steven_gong/Raceline-Optimization/frictionmap/src) by extension 'python'
[3.647s] Level 1:colcon.colcon_core.package_identification:_identify(path_generate/steven_gong/Raceline-Optimization/frictionmap/src) by extensions ['python_setup_py']
[3.647s] Level 1:colcon.colcon_core.package_identification:_identify(path_generate/steven_gong/Raceline-Optimization/frictionmap/src) by extension 'python_setup_py'
[3.648s] Level 1:colcon.colcon_core.package_identification:_identify(path_generate/steven_gong/Raceline-Optimization/helper_funcs_glob) by extensions ['ignore', 'ignore_ament_install']
[3.649s] Level 1:colcon.colcon_core.package_identification:_identify(path_generate/steven_gong/Raceline-Optimization/helper_funcs_glob) by extension 'ignore'
[3.649s] Level 1:colcon.colcon_core.package_identification:_identify(path_generate/steven_gong/Raceline-Optimization/helper_funcs_glob) by extension 'ignore_ament_install'
[3.651s] Level 1:colcon.colcon_core.package_identification:_identify(path_generate/steven_gong/Raceline-Optimization/helper_funcs_glob) by extensions ['colcon_pkg']
[3.651s] Level 1:colcon.colcon_core.package_identification:_identify(path_generate/steven_gong/Raceline-Optimization/helper_funcs_glob) by extension 'colcon_pkg'
[3.651s] Level 1:colcon.colcon_core.package_identification:_identify(path_generate/steven_gong/Raceline-Optimization/helper_funcs_glob) by extensions ['colcon_meta']
[3.652s] Level 1:colcon.colcon_core.package_identification:_identify(path_generate/steven_gong/Raceline-Optimization/helper_funcs_glob) by extension 'colcon_meta'
[3.652s] Level 1:colcon.colcon_core.package_identification:_identify(path_generate/steven_gong/Raceline-Optimization/helper_funcs_glob) by extensions ['ros']
[3.652s] Level 1:colcon.colcon_core.package_identification:_identify(path_generate/steven_gong/Raceline-Optimization/helper_funcs_glob) by extension 'ros'
[3.653s] Level 1:colcon.colcon_core.package_identification:_identify(path_generate/steven_gong/Raceline-Optimization/helper_funcs_glob) by extensions ['cmake', 'python']
[3.653s] Level 1:colcon.colcon_core.package_identification:_identify(path_generate/steven_gong/Raceline-Optimization/helper_funcs_glob) by extension 'cmake'
[3.653s] Level 1:colcon.colcon_core.package_identification:_identify(path_generate/steven_gong/Raceline-Optimization/helper_funcs_glob) by extension 'python'
[3.654s] Level 1:colcon.colcon_core.package_identification:_identify(path_generate/steven_gong/Raceline-Optimization/helper_funcs_glob) by extensions ['python_setup_py']
[3.654s] Level 1:colcon.colcon_core.package_identification:_identify(path_generate/steven_gong/Raceline-Optimization/helper_funcs_glob) by extension 'python_setup_py'
[3.655s] Level 1:colcon.colcon_core.package_identification:_identify(path_generate/steven_gong/Raceline-Optimization/helper_funcs_glob/__pycache__) by extensions ['ignore', 'ignore_ament_install']
[3.655s] Level 1:colcon.colcon_core.package_identification:_identify(path_generate/steven_gong/Raceline-Optimization/helper_funcs_glob/__pycache__) by extension 'ignore'
[3.656s] Level 1:colcon.colcon_core.package_identification:_identify(path_generate/steven_gong/Raceline-Optimization/helper_funcs_glob/__pycache__) by extension 'ignore_ament_install'
[3.657s] Level 1:colcon.colcon_core.package_identification:_identify(path_generate/steven_gong/Raceline-Optimization/helper_funcs_glob/__pycache__) by extensions ['colcon_pkg']
[3.657s] Level 1:colcon.colcon_core.package_identification:_identify(path_generate/steven_gong/Raceline-Optimization/helper_funcs_glob/__pycache__) by extension 'colcon_pkg'
[3.658s] Level 1:colcon.colcon_core.package_identification:_identify(path_generate/steven_gong/Raceline-Optimization/helper_funcs_glob/__pycache__) by extensions ['colcon_meta']
[3.658s] Level 1:colcon.colcon_core.package_identification:_identify(path_generate/steven_gong/Raceline-Optimization/helper_funcs_glob/__pycache__) by extension 'colcon_meta'
[3.659s] Level 1:colcon.colcon_core.package_identification:_identify(path_generate/steven_gong/Raceline-Optimization/helper_funcs_glob/__pycache__) by extensions ['ros']
[3.659s] Level 1:colcon.colcon_core.package_identification:_identify(path_generate/steven_gong/Raceline-Optimization/helper_funcs_glob/__pycache__) by extension 'ros'
[3.660s] Level 1:colcon.colcon_core.package_identification:_identify(path_generate/steven_gong/Raceline-Optimization/helper_funcs_glob/__pycache__) by extensions ['cmake', 'python']
[3.660s] Level 1:colcon.colcon_core.package_identification:_identify(path_generate/steven_gong/Raceline-Optimization/helper_funcs_glob/__pycache__) by extension 'cmake'
[3.660s] Level 1:colcon.colcon_core.package_identification:_identify(path_generate/steven_gong/Raceline-Optimization/helper_funcs_glob/__pycache__) by extension 'python'
[3.661s] Level 1:colcon.colcon_core.package_identification:_identify(path_generate/steven_gong/Raceline-Optimization/helper_funcs_glob/__pycache__) by extensions ['python_setup_py']
[3.661s] Level 1:colcon.colcon_core.package_identification:_identify(path_generate/steven_gong/Raceline-Optimization/helper_funcs_glob/__pycache__) by extension 'python_setup_py'
[3.662s] Level 1:colcon.colcon_core.package_identification:_identify(path_generate/steven_gong/Raceline-Optimization/helper_funcs_glob/src) by extensions ['ignore', 'ignore_ament_install']
[3.662s] Level 1:colcon.colcon_core.package_identification:_identify(path_generate/steven_gong/Raceline-Optimization/helper_funcs_glob/src) by extension 'ignore'
[3.663s] Level 1:colcon.colcon_core.package_identification:_identify(path_generate/steven_gong/Raceline-Optimization/helper_funcs_glob/src) by extension 'ignore_ament_install'
[3.663s] Level 1:colcon.colcon_core.package_identification:_identify(path_generate/steven_gong/Raceline-Optimization/helper_funcs_glob/src) by extensions ['colcon_pkg']
[3.665s] Level 1:colcon.colcon_core.package_identification:_identify(path_generate/steven_gong/Raceline-Optimization/helper_funcs_glob/src) by extension 'colcon_pkg'
[3.665s] Level 1:colcon.colcon_core.package_identification:_identify(path_generate/steven_gong/Raceline-Optimization/helper_funcs_glob/src) by extensions ['colcon_meta']
[3.665s] Level 1:colcon.colcon_core.package_identification:_identify(path_generate/steven_gong/Raceline-Optimization/helper_funcs_glob/src) by extension 'colcon_meta'
[3.666s] Level 1:colcon.colcon_core.package_identification:_identify(path_generate/steven_gong/Raceline-Optimization/helper_funcs_glob/src) by extensions ['ros']
[3.666s] Level 1:colcon.colcon_core.package_identification:_identify(path_generate/steven_gong/Raceline-Optimization/helper_funcs_glob/src) by extension 'ros'
[3.667s] Level 1:colcon.colcon_core.package_identification:_identify(path_generate/steven_gong/Raceline-Optimization/helper_funcs_glob/src) by extensions ['cmake', 'python']
[3.667s] Level 1:colcon.colcon_core.package_identification:_identify(path_generate/steven_gong/Raceline-Optimization/helper_funcs_glob/src) by extension 'cmake'
[3.667s] Level 1:colcon.colcon_core.package_identification:_identify(path_generate/steven_gong/Raceline-Optimization/helper_funcs_glob/src) by extension 'python'
[3.668s] Level 1:colcon.colcon_core.package_identification:_identify(path_generate/steven_gong/Raceline-Optimization/helper_funcs_glob/src) by extensions ['python_setup_py']
[3.668s] Level 1:colcon.colcon_core.package_identification:_identify(path_generate/steven_gong/Raceline-Optimization/helper_funcs_glob/src) by extension 'python_setup_py'
[3.669s] Level 1:colcon.colcon_core.package_identification:_identify(path_generate/steven_gong/Raceline-Optimization/helper_funcs_glob/src/__pycache__) by extensions ['ignore', 'ignore_ament_install']
[3.669s] Level 1:colcon.colcon_core.package_identification:_identify(path_generate/steven_gong/Raceline-Optimization/helper_funcs_glob/src/__pycache__) by extension 'ignore'
[3.669s] Level 1:colcon.colcon_core.package_identification:_identify(path_generate/steven_gong/Raceline-Optimization/helper_funcs_glob/src/__pycache__) by extension 'ignore_ament_install'
[3.670s] Level 1:colcon.colcon_core.package_identification:_identify(path_generate/steven_gong/Raceline-Optimization/helper_funcs_glob/src/__pycache__) by extensions ['colcon_pkg']
[3.670s] Level 1:colcon.colcon_core.package_identification:_identify(path_generate/steven_gong/Raceline-Optimization/helper_funcs_glob/src/__pycache__) by extension 'colcon_pkg'
[3.670s] Level 1:colcon.colcon_core.package_identification:_identify(path_generate/steven_gong/Raceline-Optimization/helper_funcs_glob/src/__pycache__) by extensions ['colcon_meta']
[3.671s] Level 1:colcon.colcon_core.package_identification:_identify(path_generate/steven_gong/Raceline-Optimization/helper_funcs_glob/src/__pycache__) by extension 'colcon_meta'
[3.671s] Level 1:colcon.colcon_core.package_identification:_identify(path_generate/steven_gong/Raceline-Optimization/helper_funcs_glob/src/__pycache__) by extensions ['ros']
[3.671s] Level 1:colcon.colcon_core.package_identification:_identify(path_generate/steven_gong/Raceline-Optimization/helper_funcs_glob/src/__pycache__) by extension 'ros'
[3.672s] Level 1:colcon.colcon_core.package_identification:_identify(path_generate/steven_gong/Raceline-Optimization/helper_funcs_glob/src/__pycache__) by extensions ['cmake', 'python']
[3.672s] Level 1:colcon.colcon_core.package_identification:_identify(path_generate/steven_gong/Raceline-Optimization/helper_funcs_glob/src/__pycache__) by extension 'cmake'
[3.672s] Level 1:colcon.colcon_core.package_identification:_identify(path_generate/steven_gong/Raceline-Optimization/helper_funcs_glob/src/__pycache__) by extension 'python'
[3.673s] Level 1:colcon.colcon_core.package_identification:_identify(path_generate/steven_gong/Raceline-Optimization/helper_funcs_glob/src/__pycache__) by extensions ['python_setup_py']
[3.673s] Level 1:colcon.colcon_core.package_identification:_identify(path_generate/steven_gong/Raceline-Optimization/helper_funcs_glob/src/__pycache__) by extension 'python_setup_py'
[3.673s] Level 1:colcon.colcon_core.package_identification:_identify(path_generate/steven_gong/Raceline-Optimization/inputs) by extensions ['ignore', 'ignore_ament_install']
[3.674s] Level 1:colcon.colcon_core.package_identification:_identify(path_generate/steven_gong/Raceline-Optimization/inputs) by extension 'ignore'
[3.674s] Level 1:colcon.colcon_core.package_identification:_identify(path_generate/steven_gong/Raceline-Optimization/inputs) by extension 'ignore_ament_install'
[3.675s] Level 1:colcon.colcon_core.package_identification:_identify(path_generate/steven_gong/Raceline-Optimization/inputs) by extensions ['colcon_pkg']
[3.675s] Level 1:colcon.colcon_core.package_identification:_identify(path_generate/steven_gong/Raceline-Optimization/inputs) by extension 'colcon_pkg'
[3.676s] Level 1:colcon.colcon_core.package_identification:_identify(path_generate/steven_gong/Raceline-Optimization/inputs) by extensions ['colcon_meta']
[3.676s] Level 1:colcon.colcon_core.package_identification:_identify(path_generate/steven_gong/Raceline-Optimization/inputs) by extension 'colcon_meta'
[3.676s] Level 1:colcon.colcon_core.package_identification:_identify(path_generate/steven_gong/Raceline-Optimization/inputs) by extensions ['ros']
[3.676s] Level 1:colcon.colcon_core.package_identification:_identify(path_generate/steven_gong/Raceline-Optimization/inputs) by extension 'ros'
[3.677s] Level 1:colcon.colcon_core.package_identification:_identify(path_generate/steven_gong/Raceline-Optimization/inputs) by extensions ['cmake', 'python']
[3.678s] Level 1:colcon.colcon_core.package_identification:_identify(path_generate/steven_gong/Raceline-Optimization/inputs) by extension 'cmake'
[3.678s] Level 1:colcon.colcon_core.package_identification:_identify(path_generate/steven_gong/Raceline-Optimization/inputs) by extension 'python'
[3.680s] Level 1:colcon.colcon_core.package_identification:_identify(path_generate/steven_gong/Raceline-Optimization/inputs) by extensions ['python_setup_py']
[3.680s] Level 1:colcon.colcon_core.package_identification:_identify(path_generate/steven_gong/Raceline-Optimization/inputs) by extension 'python_setup_py'
[3.681s] Level 1:colcon.colcon_core.package_identification:_identify(path_generate/steven_gong/Raceline-Optimization/inputs/frictionmaps) by extensions ['ignore', 'ignore_ament_install']
[3.686s] Level 1:colcon.colcon_core.package_identification:_identify(path_generate/steven_gong/Raceline-Optimization/inputs/frictionmaps) by extension 'ignore'
[3.688s] Level 1:colcon.colcon_core.package_identification:_identify(path_generate/steven_gong/Raceline-Optimization/inputs/frictionmaps) by extension 'ignore_ament_install'
[3.689s] Level 1:colcon.colcon_core.package_identification:_identify(path_generate/steven_gong/Raceline-Optimization/inputs/frictionmaps) by extensions ['colcon_pkg']
[3.689s] Level 1:colcon.colcon_core.package_identification:_identify(path_generate/steven_gong/Raceline-Optimization/inputs/frictionmaps) by extension 'colcon_pkg'
[3.689s] Level 1:colcon.colcon_core.package_identification:_identify(path_generate/steven_gong/Raceline-Optimization/inputs/frictionmaps) by extensions ['colcon_meta']
[3.690s] Level 1:colcon.colcon_core.package_identification:_identify(path_generate/steven_gong/Raceline-Optimization/inputs/frictionmaps) by extension 'colcon_meta'
[3.690s] Level 1:colcon.colcon_core.package_identification:_identify(path_generate/steven_gong/Raceline-Optimization/inputs/frictionmaps) by extensions ['ros']
[3.690s] Level 1:colcon.colcon_core.package_identification:_identify(path_generate/steven_gong/Raceline-Optimization/inputs/frictionmaps) by extension 'ros'
[3.691s] Level 1:colcon.colcon_core.package_identification:_identify(path_generate/steven_gong/Raceline-Optimization/inputs/frictionmaps) by extensions ['cmake', 'python']
[3.691s] Level 1:colcon.colcon_core.package_identification:_identify(path_generate/steven_gong/Raceline-Optimization/inputs/frictionmaps) by extension 'cmake'
[3.692s] Level 1:colcon.colcon_core.package_identification:_identify(path_generate/steven_gong/Raceline-Optimization/inputs/frictionmaps) by extension 'python'
[3.692s] Level 1:colcon.colcon_core.package_identification:_identify(path_generate/steven_gong/Raceline-Optimization/inputs/frictionmaps) by extensions ['python_setup_py']
[3.692s] Level 1:colcon.colcon_core.package_identification:_identify(path_generate/steven_gong/Raceline-Optimization/inputs/frictionmaps) by extension 'python_setup_py'
[3.693s] Level 1:colcon.colcon_core.package_identification:_identify(path_generate/steven_gong/Raceline-Optimization/inputs/tracks) by extensions ['ignore', 'ignore_ament_install']
[3.694s] Level 1:colcon.colcon_core.package_identification:_identify(path_generate/steven_gong/Raceline-Optimization/inputs/tracks) by extension 'ignore'
[3.694s] Level 1:colcon.colcon_core.package_identification:_identify(path_generate/steven_gong/Raceline-Optimization/inputs/tracks) by extension 'ignore_ament_install'
[3.695s] Level 1:colcon.colcon_core.package_identification:_identify(path_generate/steven_gong/Raceline-Optimization/inputs/tracks) by extensions ['colcon_pkg']
[3.695s] Level 1:colcon.colcon_core.package_identification:_identify(path_generate/steven_gong/Raceline-Optimization/inputs/tracks) by extension 'colcon_pkg'
[3.695s] Level 1:colcon.colcon_core.package_identification:_identify(path_generate/steven_gong/Raceline-Optimization/inputs/tracks) by extensions ['colcon_meta']
[3.695s] Level 1:colcon.colcon_core.package_identification:_identify(path_generate/steven_gong/Raceline-Optimization/inputs/tracks) by extension 'colcon_meta'
[3.696s] Level 1:colcon.colcon_core.package_identification:_identify(path_generate/steven_gong/Raceline-Optimization/inputs/tracks) by extensions ['ros']
[3.696s] Level 1:colcon.colcon_core.package_identification:_identify(path_generate/steven_gong/Raceline-Optimization/inputs/tracks) by extension 'ros'
[3.696s] Level 1:colcon.colcon_core.package_identification:_identify(path_generate/steven_gong/Raceline-Optimization/inputs/tracks) by extensions ['cmake', 'python']
[3.697s] Level 1:colcon.colcon_core.package_identification:_identify(path_generate/steven_gong/Raceline-Optimization/inputs/tracks) by extension 'cmake'
[3.697s] Level 1:colcon.colcon_core.package_identification:_identify(path_generate/steven_gong/Raceline-Optimization/inputs/tracks) by extension 'python'
[3.697s] Level 1:colcon.colcon_core.package_identification:_identify(path_generate/steven_gong/Raceline-Optimization/inputs/tracks) by extensions ['python_setup_py']
[3.697s] Level 1:colcon.colcon_core.package_identification:_identify(path_generate/steven_gong/Raceline-Optimization/inputs/tracks) by extension 'python_setup_py'
[3.699s] Level 1:colcon.colcon_core.package_identification:_identify(path_generate/steven_gong/Raceline-Optimization/inputs/veh_dyn_info) by extensions ['ignore', 'ignore_ament_install']
[3.700s] Level 1:colcon.colcon_core.package_identification:_identify(path_generate/steven_gong/Raceline-Optimization/inputs/veh_dyn_info) by extension 'ignore'
[3.700s] Level 1:colcon.colcon_core.package_identification:_identify(path_generate/steven_gong/Raceline-Optimization/inputs/veh_dyn_info) by extension 'ignore_ament_install'
[3.701s] Level 1:colcon.colcon_core.package_identification:_identify(path_generate/steven_gong/Raceline-Optimization/inputs/veh_dyn_info) by extensions ['colcon_pkg']
[3.701s] Level 1:colcon.colcon_core.package_identification:_identify(path_generate/steven_gong/Raceline-Optimization/inputs/veh_dyn_info) by extension 'colcon_pkg'
[3.701s] Level 1:colcon.colcon_core.package_identification:_identify(path_generate/steven_gong/Raceline-Optimization/inputs/veh_dyn_info) by extensions ['colcon_meta']
[3.702s] Level 1:colcon.colcon_core.package_identification:_identify(path_generate/steven_gong/Raceline-Optimization/inputs/veh_dyn_info) by extension 'colcon_meta'
[3.702s] Level 1:colcon.colcon_core.package_identification:_identify(path_generate/steven_gong/Raceline-Optimization/inputs/veh_dyn_info) by extensions ['ros']
[3.702s] Level 1:colcon.colcon_core.package_identification:_identify(path_generate/steven_gong/Raceline-Optimization/inputs/veh_dyn_info) by extension 'ros'
[3.704s] Level 1:colcon.colcon_core.package_identification:_identify(path_generate/steven_gong/Raceline-Optimization/inputs/veh_dyn_info) by extensions ['cmake', 'python']
[3.704s] Level 1:colcon.colcon_core.package_identification:_identify(path_generate/steven_gong/Raceline-Optimization/inputs/veh_dyn_info) by extension 'cmake'
[3.705s] Level 1:colcon.colcon_core.package_identification:_identify(path_generate/steven_gong/Raceline-Optimization/inputs/veh_dyn_info) by extension 'python'
[3.705s] Level 1:colcon.colcon_core.package_identification:_identify(path_generate/steven_gong/Raceline-Optimization/inputs/veh_dyn_info) by extensions ['python_setup_py']
[3.705s] Level 1:colcon.colcon_core.package_identification:_identify(path_generate/steven_gong/Raceline-Optimization/inputs/veh_dyn_info) by extension 'python_setup_py'
[3.707s] Level 1:colcon.colcon_core.package_identification:_identify(path_generate/steven_gong/Raceline-Optimization/maps) by extensions ['ignore', 'ignore_ament_install']
[3.709s] Level 1:colcon.colcon_core.package_identification:_identify(path_generate/steven_gong/Raceline-Optimization/maps) by extension 'ignore'
[3.709s] Level 1:colcon.colcon_core.package_identification:_identify(path_generate/steven_gong/Raceline-Optimization/maps) by extension 'ignore_ament_install'
[3.709s] Level 1:colcon.colcon_core.package_identification:_identify(path_generate/steven_gong/Raceline-Optimization/maps) by extensions ['colcon_pkg']
[3.710s] Level 1:colcon.colcon_core.package_identification:_identify(path_generate/steven_gong/Raceline-Optimization/maps) by extension 'colcon_pkg'
[3.710s] Level 1:colcon.colcon_core.package_identification:_identify(path_generate/steven_gong/Raceline-Optimization/maps) by extensions ['colcon_meta']
[3.710s] Level 1:colcon.colcon_core.package_identification:_identify(path_generate/steven_gong/Raceline-Optimization/maps) by extension 'colcon_meta'
[3.711s] Level 1:colcon.colcon_core.package_identification:_identify(path_generate/steven_gong/Raceline-Optimization/maps) by extensions ['ros']
[3.711s] Level 1:colcon.colcon_core.package_identification:_identify(path_generate/steven_gong/Raceline-Optimization/maps) by extension 'ros'
[3.711s] Level 1:colcon.colcon_core.package_identification:_identify(path_generate/steven_gong/Raceline-Optimization/maps) by extensions ['cmake', 'python']
[3.712s] Level 1:colcon.colcon_core.package_identification:_identify(path_generate/steven_gong/Raceline-Optimization/maps) by extension 'cmake'
[3.712s] Level 1:colcon.colcon_core.package_identification:_identify(path_generate/steven_gong/Raceline-Optimization/maps) by extension 'python'
[3.712s] Level 1:colcon.colcon_core.package_identification:_identify(path_generate/steven_gong/Raceline-Optimization/maps) by extensions ['python_setup_py']
[3.712s] Level 1:colcon.colcon_core.package_identification:_identify(path_generate/steven_gong/Raceline-Optimization/maps) by extension 'python_setup_py'
[3.714s] Level 1:colcon.colcon_core.package_identification:_identify(path_generate/steven_gong/Raceline-Optimization/opt_mintime_traj) by extensions ['ignore', 'ignore_ament_install']
[3.715s] Level 1:colcon.colcon_core.package_identification:_identify(path_generate/steven_gong/Raceline-Optimization/opt_mintime_traj) by extension 'ignore'
[3.715s] Level 1:colcon.colcon_core.package_identification:_identify(path_generate/steven_gong/Raceline-Optimization/opt_mintime_traj) by extension 'ignore_ament_install'
[3.716s] Level 1:colcon.colcon_core.package_identification:_identify(path_generate/steven_gong/Raceline-Optimization/opt_mintime_traj) by extensions ['colcon_pkg']
[3.716s] Level 1:colcon.colcon_core.package_identification:_identify(path_generate/steven_gong/Raceline-Optimization/opt_mintime_traj) by extension 'colcon_pkg'
[3.716s] Level 1:colcon.colcon_core.package_identification:_identify(path_generate/steven_gong/Raceline-Optimization/opt_mintime_traj) by extensions ['colcon_meta']
[3.716s] Level 1:colcon.colcon_core.package_identification:_identify(path_generate/steven_gong/Raceline-Optimization/opt_mintime_traj) by extension 'colcon_meta'
[3.717s] Level 1:colcon.colcon_core.package_identification:_identify(path_generate/steven_gong/Raceline-Optimization/opt_mintime_traj) by extensions ['ros']
[3.717s] Level 1:colcon.colcon_core.package_identification:_identify(path_generate/steven_gong/Raceline-Optimization/opt_mintime_traj) by extension 'ros'
[3.718s] Level 1:colcon.colcon_core.package_identification:_identify(path_generate/steven_gong/Raceline-Optimization/opt_mintime_traj) by extensions ['cmake', 'python']
[3.718s] Level 1:colcon.colcon_core.package_identification:_identify(path_generate/steven_gong/Raceline-Optimization/opt_mintime_traj) by extension 'cmake'
[3.718s] Level 1:colcon.colcon_core.package_identification:_identify(path_generate/steven_gong/Raceline-Optimization/opt_mintime_traj) by extension 'python'
[3.718s] Level 1:colcon.colcon_core.package_identification:_identify(path_generate/steven_gong/Raceline-Optimization/opt_mintime_traj) by extensions ['python_setup_py']
[3.718s] Level 1:colcon.colcon_core.package_identification:_identify(path_generate/steven_gong/Raceline-Optimization/opt_mintime_traj) by extension 'python_setup_py'
[3.719s] Level 1:colcon.colcon_core.package_identification:_identify(path_generate/steven_gong/Raceline-Optimization/opt_mintime_traj/__pycache__) by extensions ['ignore', 'ignore_ament_install']
[3.720s] Level 1:colcon.colcon_core.package_identification:_identify(path_generate/steven_gong/Raceline-Optimization/opt_mintime_traj/__pycache__) by extension 'ignore'
[3.721s] Level 1:colcon.colcon_core.package_identification:_identify(path_generate/steven_gong/Raceline-Optimization/opt_mintime_traj/__pycache__) by extension 'ignore_ament_install'
[3.721s] Level 1:colcon.colcon_core.package_identification:_identify(path_generate/steven_gong/Raceline-Optimization/opt_mintime_traj/__pycache__) by extensions ['colcon_pkg']
[3.721s] Level 1:colcon.colcon_core.package_identification:_identify(path_generate/steven_gong/Raceline-Optimization/opt_mintime_traj/__pycache__) by extension 'colcon_pkg'
[3.722s] Level 1:colcon.colcon_core.package_identification:_identify(path_generate/steven_gong/Raceline-Optimization/opt_mintime_traj/__pycache__) by extensions ['colcon_meta']
[3.722s] Level 1:colcon.colcon_core.package_identification:_identify(path_generate/steven_gong/Raceline-Optimization/opt_mintime_traj/__pycache__) by extension 'colcon_meta'
[3.722s] Level 1:colcon.colcon_core.package_identification:_identify(path_generate/steven_gong/Raceline-Optimization/opt_mintime_traj/__pycache__) by extensions ['ros']
[3.723s] Level 1:colcon.colcon_core.package_identification:_identify(path_generate/steven_gong/Raceline-Optimization/opt_mintime_traj/__pycache__) by extension 'ros'
[3.724s] Level 1:colcon.colcon_core.package_identification:_identify(path_generate/steven_gong/Raceline-Optimization/opt_mintime_traj/__pycache__) by extensions ['cmake', 'python']
[3.724s] Level 1:colcon.colcon_core.package_identification:_identify(path_generate/steven_gong/Raceline-Optimization/opt_mintime_traj/__pycache__) by extension 'cmake'
[3.724s] Level 1:colcon.colcon_core.package_identification:_identify(path_generate/steven_gong/Raceline-Optimization/opt_mintime_traj/__pycache__) by extension 'python'
[3.724s] Level 1:colcon.colcon_core.package_identification:_identify(path_generate/steven_gong/Raceline-Optimization/opt_mintime_traj/__pycache__) by extensions ['python_setup_py']
[3.724s] Level 1:colcon.colcon_core.package_identification:_identify(path_generate/steven_gong/Raceline-Optimization/opt_mintime_traj/__pycache__) by extension 'python_setup_py'
[3.725s] Level 1:colcon.colcon_core.package_identification:_identify(path_generate/steven_gong/Raceline-Optimization/opt_mintime_traj/powertrain_src) by extensions ['ignore', 'ignore_ament_install']
[3.726s] Level 1:colcon.colcon_core.package_identification:_identify(path_generate/steven_gong/Raceline-Optimization/opt_mintime_traj/powertrain_src) by extension 'ignore'
[3.727s] Level 1:colcon.colcon_core.package_identification:_identify(path_generate/steven_gong/Raceline-Optimization/opt_mintime_traj/powertrain_src) by extension 'ignore_ament_install'
[3.727s] Level 1:colcon.colcon_core.package_identification:_identify(path_generate/steven_gong/Raceline-Optimization/opt_mintime_traj/powertrain_src) by extensions ['colcon_pkg']
[3.727s] Level 1:colcon.colcon_core.package_identification:_identify(path_generate/steven_gong/Raceline-Optimization/opt_mintime_traj/powertrain_src) by extension 'colcon_pkg'
[3.728s] Level 1:colcon.colcon_core.package_identification:_identify(path_generate/steven_gong/Raceline-Optimization/opt_mintime_traj/powertrain_src) by extensions ['colcon_meta']
[3.728s] Level 1:colcon.colcon_core.package_identification:_identify(path_generate/steven_gong/Raceline-Optimization/opt_mintime_traj/powertrain_src) by extension 'colcon_meta'
[3.728s] Level 1:colcon.colcon_core.package_identification:_identify(path_generate/steven_gong/Raceline-Optimization/opt_mintime_traj/powertrain_src) by extensions ['ros']
[3.729s] Level 1:colcon.colcon_core.package_identification:_identify(path_generate/steven_gong/Raceline-Optimization/opt_mintime_traj/powertrain_src) by extension 'ros'
[3.729s] Level 1:colcon.colcon_core.package_identification:_identify(path_generate/steven_gong/Raceline-Optimization/opt_mintime_traj/powertrain_src) by extensions ['cmake', 'python']
[3.729s] Level 1:colcon.colcon_core.package_identification:_identify(path_generate/steven_gong/Raceline-Optimization/opt_mintime_traj/powertrain_src) by extension 'cmake'
[3.729s] Level 1:colcon.colcon_core.package_identification:_identify(path_generate/steven_gong/Raceline-Optimization/opt_mintime_traj/powertrain_src) by extension 'python'
[3.730s] Level 1:colcon.colcon_core.package_identification:_identify(path_generate/steven_gong/Raceline-Optimization/opt_mintime_traj/powertrain_src) by extensions ['python_setup_py']
[3.730s] Level 1:colcon.colcon_core.package_identification:_identify(path_generate/steven_gong/Raceline-Optimization/opt_mintime_traj/powertrain_src) by extension 'python_setup_py'
[3.731s] Level 1:colcon.colcon_core.package_identification:_identify(path_generate/steven_gong/Raceline-Optimization/opt_mintime_traj/powertrain_src/__pycache__) by extensions ['ignore', 'ignore_ament_install']
[3.732s] Level 1:colcon.colcon_core.package_identification:_identify(path_generate/steven_gong/Raceline-Optimization/opt_mintime_traj/powertrain_src/__pycache__) by extension 'ignore'
[3.732s] Level 1:colcon.colcon_core.package_identification:_identify(path_generate/steven_gong/Raceline-Optimization/opt_mintime_traj/powertrain_src/__pycache__) by extension 'ignore_ament_install'
[3.733s] Level 1:colcon.colcon_core.package_identification:_identify(path_generate/steven_gong/Raceline-Optimization/opt_mintime_traj/powertrain_src/__pycache__) by extensions ['colcon_pkg']
[3.734s] Level 1:colcon.colcon_core.package_identification:_identify(path_generate/steven_gong/Raceline-Optimization/opt_mintime_traj/powertrain_src/__pycache__) by extension 'colcon_pkg'
[3.734s] Level 1:colcon.colcon_core.package_identification:_identify(path_generate/steven_gong/Raceline-Optimization/opt_mintime_traj/powertrain_src/__pycache__) by extensions ['colcon_meta']
[3.734s] Level 1:colcon.colcon_core.package_identification:_identify(path_generate/steven_gong/Raceline-Optimization/opt_mintime_traj/powertrain_src/__pycache__) by extension 'colcon_meta'
[3.735s] Level 1:colcon.colcon_core.package_identification:_identify(path_generate/steven_gong/Raceline-Optimization/opt_mintime_traj/powertrain_src/__pycache__) by extensions ['ros']
[3.735s] Level 1:colcon.colcon_core.package_identification:_identify(path_generate/steven_gong/Raceline-Optimization/opt_mintime_traj/powertrain_src/__pycache__) by extension 'ros'
[3.736s] Level 1:colcon.colcon_core.package_identification:_identify(path_generate/steven_gong/Raceline-Optimization/opt_mintime_traj/powertrain_src/__pycache__) by extensions ['cmake', 'python']
[3.736s] Level 1:colcon.colcon_core.package_identification:_identify(path_generate/steven_gong/Raceline-Optimization/opt_mintime_traj/powertrain_src/__pycache__) by extension 'cmake'
[3.736s] Level 1:colcon.colcon_core.package_identification:_identify(path_generate/steven_gong/Raceline-Optimization/opt_mintime_traj/powertrain_src/__pycache__) by extension 'python'
[3.736s] Level 1:colcon.colcon_core.package_identification:_identify(path_generate/steven_gong/Raceline-Optimization/opt_mintime_traj/powertrain_src/__pycache__) by extensions ['python_setup_py']
[3.737s] Level 1:colcon.colcon_core.package_identification:_identify(path_generate/steven_gong/Raceline-Optimization/opt_mintime_traj/powertrain_src/__pycache__) by extension 'python_setup_py'
[3.737s] Level 1:colcon.colcon_core.package_identification:_identify(path_generate/steven_gong/Raceline-Optimization/opt_mintime_traj/powertrain_src/src) by extensions ['ignore', 'ignore_ament_install']
[3.738s] Level 1:colcon.colcon_core.package_identification:_identify(path_generate/steven_gong/Raceline-Optimization/opt_mintime_traj/powertrain_src/src) by extension 'ignore'
[3.738s] Level 1:colcon.colcon_core.package_identification:_identify(path_generate/steven_gong/Raceline-Optimization/opt_mintime_traj/powertrain_src/src) by extension 'ignore_ament_install'
[3.738s] Level 1:colcon.colcon_core.package_identification:_identify(path_generate/steven_gong/Raceline-Optimization/opt_mintime_traj/powertrain_src/src) by extensions ['colcon_pkg']
[3.739s] Level 1:colcon.colcon_core.package_identification:_identify(path_generate/steven_gong/Raceline-Optimization/opt_mintime_traj/powertrain_src/src) by extension 'colcon_pkg'
[3.739s] Level 1:colcon.colcon_core.package_identification:_identify(path_generate/steven_gong/Raceline-Optimization/opt_mintime_traj/powertrain_src/src) by extensions ['colcon_meta']
[3.739s] Level 1:colcon.colcon_core.package_identification:_identify(path_generate/steven_gong/Raceline-Optimization/opt_mintime_traj/powertrain_src/src) by extension 'colcon_meta'
[3.740s] Level 1:colcon.colcon_core.package_identification:_identify(path_generate/steven_gong/Raceline-Optimization/opt_mintime_traj/powertrain_src/src) by extensions ['ros']
[3.740s] Level 1:colcon.colcon_core.package_identification:_identify(path_generate/steven_gong/Raceline-Optimization/opt_mintime_traj/powertrain_src/src) by extension 'ros'
[3.740s] Level 1:colcon.colcon_core.package_identification:_identify(path_generate/steven_gong/Raceline-Optimization/opt_mintime_traj/powertrain_src/src) by extensions ['cmake', 'python']
[3.741s] Level 1:colcon.colcon_core.package_identification:_identify(path_generate/steven_gong/Raceline-Optimization/opt_mintime_traj/powertrain_src/src) by extension 'cmake'
[3.741s] Level 1:colcon.colcon_core.package_identification:_identify(path_generate/steven_gong/Raceline-Optimization/opt_mintime_traj/powertrain_src/src) by extension 'python'
[3.741s] Level 1:colcon.colcon_core.package_identification:_identify(path_generate/steven_gong/Raceline-Optimization/opt_mintime_traj/powertrain_src/src) by extensions ['python_setup_py']
[3.741s] Level 1:colcon.colcon_core.package_identification:_identify(path_generate/steven_gong/Raceline-Optimization/opt_mintime_traj/powertrain_src/src) by extension 'python_setup_py'
[3.742s] Level 1:colcon.colcon_core.package_identification:_identify(path_generate/steven_gong/Raceline-Optimization/opt_mintime_traj/powertrain_src/src/__pycache__) by extensions ['ignore', 'ignore_ament_install']
[3.743s] Level 1:colcon.colcon_core.package_identification:_identify(path_generate/steven_gong/Raceline-Optimization/opt_mintime_traj/powertrain_src/src/__pycache__) by extension 'ignore'
[3.743s] Level 1:colcon.colcon_core.package_identification:_identify(path_generate/steven_gong/Raceline-Optimization/opt_mintime_traj/powertrain_src/src/__pycache__) by extension 'ignore_ament_install'
[3.744s] Level 1:colcon.colcon_core.package_identification:_identify(path_generate/steven_gong/Raceline-Optimization/opt_mintime_traj/powertrain_src/src/__pycache__) by extensions ['colcon_pkg']
[3.744s] Level 1:colcon.colcon_core.package_identification:_identify(path_generate/steven_gong/Raceline-Optimization/opt_mintime_traj/powertrain_src/src/__pycache__) by extension 'colcon_pkg'
[3.744s] Level 1:colcon.colcon_core.package_identification:_identify(path_generate/steven_gong/Raceline-Optimization/opt_mintime_traj/powertrain_src/src/__pycache__) by extensions ['colcon_meta']
[3.744s] Level 1:colcon.colcon_core.package_identification:_identify(path_generate/steven_gong/Raceline-Optimization/opt_mintime_traj/powertrain_src/src/__pycache__) by extension 'colcon_meta'
[3.745s] Level 1:colcon.colcon_core.package_identification:_identify(path_generate/steven_gong/Raceline-Optimization/opt_mintime_traj/powertrain_src/src/__pycache__) by extensions ['ros']
[3.745s] Level 1:colcon.colcon_core.package_identification:_identify(path_generate/steven_gong/Raceline-Optimization/opt_mintime_traj/powertrain_src/src/__pycache__) by extension 'ros'
[3.746s] Level 1:colcon.colcon_core.package_identification:_identify(path_generate/steven_gong/Raceline-Optimization/opt_mintime_traj/powertrain_src/src/__pycache__) by extensions ['cmake', 'python']
[3.746s] Level 1:colcon.colcon_core.package_identification:_identify(path_generate/steven_gong/Raceline-Optimization/opt_mintime_traj/powertrain_src/src/__pycache__) by extension 'cmake'
[3.747s] Level 1:colcon.colcon_core.package_identification:_identify(path_generate/steven_gong/Raceline-Optimization/opt_mintime_traj/powertrain_src/src/__pycache__) by extension 'python'
[3.747s] Level 1:colcon.colcon_core.package_identification:_identify(path_generate/steven_gong/Raceline-Optimization/opt_mintime_traj/powertrain_src/src/__pycache__) by extensions ['python_setup_py']
[3.747s] Level 1:colcon.colcon_core.package_identification:_identify(path_generate/steven_gong/Raceline-Optimization/opt_mintime_traj/powertrain_src/src/__pycache__) by extension 'python_setup_py'
[3.748s] Level 1:colcon.colcon_core.package_identification:_identify(path_generate/steven_gong/Raceline-Optimization/opt_mintime_traj/src) by extensions ['ignore', 'ignore_ament_install']
[3.748s] Level 1:colcon.colcon_core.package_identification:_identify(path_generate/steven_gong/Raceline-Optimization/opt_mintime_traj/src) by extension 'ignore'
[3.749s] Level 1:colcon.colcon_core.package_identification:_identify(path_generate/steven_gong/Raceline-Optimization/opt_mintime_traj/src) by extension 'ignore_ament_install'
[3.749s] Level 1:colcon.colcon_core.package_identification:_identify(path_generate/steven_gong/Raceline-Optimization/opt_mintime_traj/src) by extensions ['colcon_pkg']
[3.749s] Level 1:colcon.colcon_core.package_identification:_identify(path_generate/steven_gong/Raceline-Optimization/opt_mintime_traj/src) by extension 'colcon_pkg'
[3.749s] Level 1:colcon.colcon_core.package_identification:_identify(path_generate/steven_gong/Raceline-Optimization/opt_mintime_traj/src) by extensions ['colcon_meta']
[3.750s] Level 1:colcon.colcon_core.package_identification:_identify(path_generate/steven_gong/Raceline-Optimization/opt_mintime_traj/src) by extension 'colcon_meta'
[3.750s] Level 1:colcon.colcon_core.package_identification:_identify(path_generate/steven_gong/Raceline-Optimization/opt_mintime_traj/src) by extensions ['ros']
[3.750s] Level 1:colcon.colcon_core.package_identification:_identify(path_generate/steven_gong/Raceline-Optimization/opt_mintime_traj/src) by extension 'ros'
[3.751s] Level 1:colcon.colcon_core.package_identification:_identify(path_generate/steven_gong/Raceline-Optimization/opt_mintime_traj/src) by extensions ['cmake', 'python']
[3.751s] Level 1:colcon.colcon_core.package_identification:_identify(path_generate/steven_gong/Raceline-Optimization/opt_mintime_traj/src) by extension 'cmake'
[3.752s] Level 1:colcon.colcon_core.package_identification:_identify(path_generate/steven_gong/Raceline-Optimization/opt_mintime_traj/src) by extension 'python'
[3.753s] Level 1:colcon.colcon_core.package_identification:_identify(path_generate/steven_gong/Raceline-Optimization/opt_mintime_traj/src) by extensions ['python_setup_py']
[3.754s] Level 1:colcon.colcon_core.package_identification:_identify(path_generate/steven_gong/Raceline-Optimization/opt_mintime_traj/src) by extension 'python_setup_py'
[3.754s] Level 1:colcon.colcon_core.package_identification:_identify(path_generate/steven_gong/Raceline-Optimization/opt_mintime_traj/src/__pycache__) by extensions ['ignore', 'ignore_ament_install']
[3.755s] Level 1:colcon.colcon_core.package_identification:_identify(path_generate/steven_gong/Raceline-Optimization/opt_mintime_traj/src/__pycache__) by extension 'ignore'
[3.755s] Level 1:colcon.colcon_core.package_identification:_identify(path_generate/steven_gong/Raceline-Optimization/opt_mintime_traj/src/__pycache__) by extension 'ignore_ament_install'
[3.756s] Level 1:colcon.colcon_core.package_identification:_identify(path_generate/steven_gong/Raceline-Optimization/opt_mintime_traj/src/__pycache__) by extensions ['colcon_pkg']
[3.756s] Level 1:colcon.colcon_core.package_identification:_identify(path_generate/steven_gong/Raceline-Optimization/opt_mintime_traj/src/__pycache__) by extension 'colcon_pkg'
[3.756s] Level 1:colcon.colcon_core.package_identification:_identify(path_generate/steven_gong/Raceline-Optimization/opt_mintime_traj/src/__pycache__) by extensions ['colcon_meta']
[3.756s] Level 1:colcon.colcon_core.package_identification:_identify(path_generate/steven_gong/Raceline-Optimization/opt_mintime_traj/src/__pycache__) by extension 'colcon_meta'
[3.757s] Level 1:colcon.colcon_core.package_identification:_identify(path_generate/steven_gong/Raceline-Optimization/opt_mintime_traj/src/__pycache__) by extensions ['ros']
[3.757s] Level 1:colcon.colcon_core.package_identification:_identify(path_generate/steven_gong/Raceline-Optimization/opt_mintime_traj/src/__pycache__) by extension 'ros'
[3.758s] Level 1:colcon.colcon_core.package_identification:_identify(path_generate/steven_gong/Raceline-Optimization/opt_mintime_traj/src/__pycache__) by extensions ['cmake', 'python']
[3.758s] Level 1:colcon.colcon_core.package_identification:_identify(path_generate/steven_gong/Raceline-Optimization/opt_mintime_traj/src/__pycache__) by extension 'cmake'
[3.758s] Level 1:colcon.colcon_core.package_identification:_identify(path_generate/steven_gong/Raceline-Optimization/opt_mintime_traj/src/__pycache__) by extension 'python'
[3.758s] Level 1:colcon.colcon_core.package_identification:_identify(path_generate/steven_gong/Raceline-Optimization/opt_mintime_traj/src/__pycache__) by extensions ['python_setup_py']
[3.759s] Level 1:colcon.colcon_core.package_identification:_identify(path_generate/steven_gong/Raceline-Optimization/opt_mintime_traj/src/__pycache__) by extension 'python_setup_py'
[3.760s] Level 1:colcon.colcon_core.package_identification:_identify(path_generate/steven_gong/Raceline-Optimization/outputs) by extensions ['ignore', 'ignore_ament_install']
[3.761s] Level 1:colcon.colcon_core.package_identification:_identify(path_generate/steven_gong/Raceline-Optimization/outputs) by extension 'ignore'
[3.761s] Level 1:colcon.colcon_core.package_identification:_identify(path_generate/steven_gong/Raceline-Optimization/outputs) by extension 'ignore_ament_install'
[3.762s] Level 1:colcon.colcon_core.package_identification:_identify(path_generate/steven_gong/Raceline-Optimization/outputs) by extensions ['colcon_pkg']
[3.762s] Level 1:colcon.colcon_core.package_identification:_identify(path_generate/steven_gong/Raceline-Optimization/outputs) by extension 'colcon_pkg'
[3.762s] Level 1:colcon.colcon_core.package_identification:_identify(path_generate/steven_gong/Raceline-Optimization/outputs) by extensions ['colcon_meta']
[3.762s] Level 1:colcon.colcon_core.package_identification:_identify(path_generate/steven_gong/Raceline-Optimization/outputs) by extension 'colcon_meta'
[3.763s] Level 1:colcon.colcon_core.package_identification:_identify(path_generate/steven_gong/Raceline-Optimization/outputs) by extensions ['ros']
[3.763s] Level 1:colcon.colcon_core.package_identification:_identify(path_generate/steven_gong/Raceline-Optimization/outputs) by extension 'ros'
[3.764s] Level 1:colcon.colcon_core.package_identification:_identify(path_generate/steven_gong/Raceline-Optimization/outputs) by extensions ['cmake', 'python']
[3.765s] Level 1:colcon.colcon_core.package_identification:_identify(path_generate/steven_gong/Raceline-Optimization/outputs) by extension 'cmake'
[3.765s] Level 1:colcon.colcon_core.package_identification:_identify(path_generate/steven_gong/Raceline-Optimization/outputs) by extension 'python'
[3.765s] Level 1:colcon.colcon_core.package_identification:_identify(path_generate/steven_gong/Raceline-Optimization/outputs) by extensions ['python_setup_py']
[3.766s] Level 1:colcon.colcon_core.package_identification:_identify(path_generate/steven_gong/Raceline-Optimization/outputs) by extension 'python_setup_py'
[3.768s] Level 1:colcon.colcon_core.package_identification:_identify(path_generate/steven_gong/Raceline-Optimization/outputs/e7_floor5_square) by extensions ['ignore', 'ignore_ament_install']
[3.768s] Level 1:colcon.colcon_core.package_identification:_identify(path_generate/steven_gong/Raceline-Optimization/outputs/e7_floor5_square) by extension 'ignore'
[3.769s] Level 1:colcon.colcon_core.package_identification:_identify(path_generate/steven_gong/Raceline-Optimization/outputs/e7_floor5_square) by extension 'ignore_ament_install'
[3.769s] Level 1:colcon.colcon_core.package_identification:_identify(path_generate/steven_gong/Raceline-Optimization/outputs/e7_floor5_square) by extensions ['colcon_pkg']
[3.769s] Level 1:colcon.colcon_core.package_identification:_identify(path_generate/steven_gong/Raceline-Optimization/outputs/e7_floor5_square) by extension 'colcon_pkg'
[3.770s] Level 1:colcon.colcon_core.package_identification:_identify(path_generate/steven_gong/Raceline-Optimization/outputs/e7_floor5_square) by extensions ['colcon_meta']
[3.770s] Level 1:colcon.colcon_core.package_identification:_identify(path_generate/steven_gong/Raceline-Optimization/outputs/e7_floor5_square) by extension 'colcon_meta'
[3.770s] Level 1:colcon.colcon_core.package_identification:_identify(path_generate/steven_gong/Raceline-Optimization/outputs/e7_floor5_square) by extensions ['ros']
[3.770s] Level 1:colcon.colcon_core.package_identification:_identify(path_generate/steven_gong/Raceline-Optimization/outputs/e7_floor5_square) by extension 'ros'
[3.771s] Level 1:colcon.colcon_core.package_identification:_identify(path_generate/steven_gong/Raceline-Optimization/outputs/e7_floor5_square) by extensions ['cmake', 'python']
[3.771s] Level 1:colcon.colcon_core.package_identification:_identify(path_generate/steven_gong/Raceline-Optimization/outputs/e7_floor5_square) by extension 'cmake'
[3.772s] Level 1:colcon.colcon_core.package_identification:_identify(path_generate/steven_gong/Raceline-Optimization/outputs/e7_floor5_square) by extension 'python'
[3.772s] Level 1:colcon.colcon_core.package_identification:_identify(path_generate/steven_gong/Raceline-Optimization/outputs/e7_floor5_square) by extensions ['python_setup_py']
[3.772s] Level 1:colcon.colcon_core.package_identification:_identify(path_generate/steven_gong/Raceline-Optimization/outputs/e7_floor5_square) by extension 'python_setup_py'
[3.773s] Level 1:colcon.colcon_core.package_identification:_identify(path_generate/steven_gong/Raceline-Optimization/outputs/e7_floor5_square/mintime-2025-09-20 18:24:27.455987) by extensions ['ignore', 'ignore_ament_install']
[3.773s] Level 1:colcon.colcon_core.package_identification:_identify(path_generate/steven_gong/Raceline-Optimization/outputs/e7_floor5_square/mintime-2025-09-20 18:24:27.455987) by extension 'ignore'
[3.774s] Level 1:colcon.colcon_core.package_identification:_identify(path_generate/steven_gong/Raceline-Optimization/outputs/e7_floor5_square/mintime-2025-09-20 18:24:27.455987) by extension 'ignore_ament_install'
[3.774s] Level 1:colcon.colcon_core.package_identification:_identify(path_generate/steven_gong/Raceline-Optimization/outputs/e7_floor5_square/mintime-2025-09-20 18:24:27.455987) by extensions ['colcon_pkg']
[3.774s] Level 1:colcon.colcon_core.package_identification:_identify(path_generate/steven_gong/Raceline-Optimization/outputs/e7_floor5_square/mintime-2025-09-20 18:24:27.455987) by extension 'colcon_pkg'
[3.774s] Level 1:colcon.colcon_core.package_identification:_identify(path_generate/steven_gong/Raceline-Optimization/outputs/e7_floor5_square/mintime-2025-09-20 18:24:27.455987) by extensions ['colcon_meta']
[3.775s] Level 1:colcon.colcon_core.package_identification:_identify(path_generate/steven_gong/Raceline-Optimization/outputs/e7_floor5_square/mintime-2025-09-20 18:24:27.455987) by extension 'colcon_meta'
[3.775s] Level 1:colcon.colcon_core.package_identification:_identify(path_generate/steven_gong/Raceline-Optimization/outputs/e7_floor5_square/mintime-2025-09-20 18:24:27.455987) by extensions ['ros']
[3.775s] Level 1:colcon.colcon_core.package_identification:_identify(path_generate/steven_gong/Raceline-Optimization/outputs/e7_floor5_square/mintime-2025-09-20 18:24:27.455987) by extension 'ros'
[3.776s] Level 1:colcon.colcon_core.package_identification:_identify(path_generate/steven_gong/Raceline-Optimization/outputs/e7_floor5_square/mintime-2025-09-20 18:24:27.455987) by extensions ['cmake', 'python']
[3.776s] Level 1:colcon.colcon_core.package_identification:_identify(path_generate/steven_gong/Raceline-Optimization/outputs/e7_floor5_square/mintime-2025-09-20 18:24:27.455987) by extension 'cmake'
[3.776s] Level 1:colcon.colcon_core.package_identification:_identify(path_generate/steven_gong/Raceline-Optimization/outputs/e7_floor5_square/mintime-2025-09-20 18:24:27.455987) by extension 'python'
[3.777s] Level 1:colcon.colcon_core.package_identification:_identify(path_generate/steven_gong/Raceline-Optimization/outputs/e7_floor5_square/mintime-2025-09-20 18:24:27.455987) by extensions ['python_setup_py']
[3.777s] Level 1:colcon.colcon_core.package_identification:_identify(path_generate/steven_gong/Raceline-Optimization/outputs/e7_floor5_square/mintime-2025-09-20 18:24:27.455987) by extension 'python_setup_py'
[3.778s] Level 1:colcon.colcon_core.package_identification:_identify(path_generate/steven_gong/Raceline-Optimization/outputs/e7_floor5_square/mintime-2025-09-20 18:28:26.161406) by extensions ['ignore', 'ignore_ament_install']
[3.779s] Level 1:colcon.colcon_core.package_identification:_identify(path_generate/steven_gong/Raceline-Optimization/outputs/e7_floor5_square/mintime-2025-09-20 18:28:26.161406) by extension 'ignore'
[3.779s] Level 1:colcon.colcon_core.package_identification:_identify(path_generate/steven_gong/Raceline-Optimization/outputs/e7_floor5_square/mintime-2025-09-20 18:28:26.161406) by extension 'ignore_ament_install'
[3.779s] Level 1:colcon.colcon_core.package_identification:_identify(path_generate/steven_gong/Raceline-Optimization/outputs/e7_floor5_square/mintime-2025-09-20 18:28:26.161406) by extensions ['colcon_pkg']
[3.780s] Level 1:colcon.colcon_core.package_identification:_identify(path_generate/steven_gong/Raceline-Optimization/outputs/e7_floor5_square/mintime-2025-09-20 18:28:26.161406) by extension 'colcon_pkg'
[3.780s] Level 1:colcon.colcon_core.package_identification:_identify(path_generate/steven_gong/Raceline-Optimization/outputs/e7_floor5_square/mintime-2025-09-20 18:28:26.161406) by extensions ['colcon_meta']
[3.780s] Level 1:colcon.colcon_core.package_identification:_identify(path_generate/steven_gong/Raceline-Optimization/outputs/e7_floor5_square/mintime-2025-09-20 18:28:26.161406) by extension 'colcon_meta'
[3.781s] Level 1:colcon.colcon_core.package_identification:_identify(path_generate/steven_gong/Raceline-Optimization/outputs/e7_floor5_square/mintime-2025-09-20 18:28:26.161406) by extensions ['ros']
[3.781s] Level 1:colcon.colcon_core.package_identification:_identify(path_generate/steven_gong/Raceline-Optimization/outputs/e7_floor5_square/mintime-2025-09-20 18:28:26.161406) by extension 'ros'
[3.782s] Level 1:colcon.colcon_core.package_identification:_identify(path_generate/steven_gong/Raceline-Optimization/outputs/e7_floor5_square/mintime-2025-09-20 18:28:26.161406) by extensions ['cmake', 'python']
[3.782s] Level 1:colcon.colcon_core.package_identification:_identify(path_generate/steven_gong/Raceline-Optimization/outputs/e7_floor5_square/mintime-2025-09-20 18:28:26.161406) by extension 'cmake'
[3.782s] Level 1:colcon.colcon_core.package_identification:_identify(path_generate/steven_gong/Raceline-Optimization/outputs/e7_floor5_square/mintime-2025-09-20 18:28:26.161406) by extension 'python'
[3.782s] Level 1:colcon.colcon_core.package_identification:_identify(path_generate/steven_gong/Raceline-Optimization/outputs/e7_floor5_square/mintime-2025-09-20 18:28:26.161406) by extensions ['python_setup_py']
[3.782s] Level 1:colcon.colcon_core.package_identification:_identify(path_generate/steven_gong/Raceline-Optimization/outputs/e7_floor5_square/mintime-2025-09-20 18:28:26.161406) by extension 'python_setup_py'
[3.784s] Level 1:colcon.colcon_core.package_identification:_identify(path_generate/steven_gong/Raceline-Optimization/outputs/e7_floor5_square/mintime-2025-09-20 18:32:21.437278) by extensions ['ignore', 'ignore_ament_install']
[3.784s] Level 1:colcon.colcon_core.package_identification:_identify(path_generate/steven_gong/Raceline-Optimization/outputs/e7_floor5_square/mintime-2025-09-20 18:32:21.437278) by extension 'ignore'
[3.785s] Level 1:colcon.colcon_core.package_identification:_identify(path_generate/steven_gong/Raceline-Optimization/outputs/e7_floor5_square/mintime-2025-09-20 18:32:21.437278) by extension 'ignore_ament_install'
[3.785s] Level 1:colcon.colcon_core.package_identification:_identify(path_generate/steven_gong/Raceline-Optimization/outputs/e7_floor5_square/mintime-2025-09-20 18:32:21.437278) by extensions ['colcon_pkg']
[3.785s] Level 1:colcon.colcon_core.package_identification:_identify(path_generate/steven_gong/Raceline-Optimization/outputs/e7_floor5_square/mintime-2025-09-20 18:32:21.437278) by extension 'colcon_pkg'
[3.785s] Level 1:colcon.colcon_core.package_identification:_identify(path_generate/steven_gong/Raceline-Optimization/outputs/e7_floor5_square/mintime-2025-09-20 18:32:21.437278) by extensions ['colcon_meta']
[3.786s] Level 1:colcon.colcon_core.package_identification:_identify(path_generate/steven_gong/Raceline-Optimization/outputs/e7_floor5_square/mintime-2025-09-20 18:32:21.437278) by extension 'colcon_meta'
[3.787s] Level 1:colcon.colcon_core.package_identification:_identify(path_generate/steven_gong/Raceline-Optimization/outputs/e7_floor5_square/mintime-2025-09-20 18:32:21.437278) by extensions ['ros']
[3.787s] Level 1:colcon.colcon_core.package_identification:_identify(path_generate/steven_gong/Raceline-Optimization/outputs/e7_floor5_square/mintime-2025-09-20 18:32:21.437278) by extension 'ros'
[3.788s] Level 1:colcon.colcon_core.package_identification:_identify(path_generate/steven_gong/Raceline-Optimization/outputs/e7_floor5_square/mintime-2025-09-20 18:32:21.437278) by extensions ['cmake', 'python']
[3.788s] Level 1:colcon.colcon_core.package_identification:_identify(path_generate/steven_gong/Raceline-Optimization/outputs/e7_floor5_square/mintime-2025-09-20 18:32:21.437278) by extension 'cmake'
[3.789s] Level 1:colcon.colcon_core.package_identification:_identify(path_generate/steven_gong/Raceline-Optimization/outputs/e7_floor5_square/mintime-2025-09-20 18:32:21.437278) by extension 'python'
[3.789s] Level 1:colcon.colcon_core.package_identification:_identify(path_generate/steven_gong/Raceline-Optimization/outputs/e7_floor5_square/mintime-2025-09-20 18:32:21.437278) by extensions ['python_setup_py']
[3.789s] Level 1:colcon.colcon_core.package_identification:_identify(path_generate/steven_gong/Raceline-Optimization/outputs/e7_floor5_square/mintime-2025-09-20 18:32:21.437278) by extension 'python_setup_py'
[3.790s] Level 1:colcon.colcon_core.package_identification:_identify(path_generate/steven_gong/Raceline-Optimization/outputs/e7_floor5_square/mintime-2025-09-20 18:33:53.601057) by extensions ['ignore', 'ignore_ament_install']
[3.791s] Level 1:colcon.colcon_core.package_identification:_identify(path_generate/steven_gong/Raceline-Optimization/outputs/e7_floor5_square/mintime-2025-09-20 18:33:53.601057) by extension 'ignore'
[3.791s] Level 1:colcon.colcon_core.package_identification:_identify(path_generate/steven_gong/Raceline-Optimization/outputs/e7_floor5_square/mintime-2025-09-20 18:33:53.601057) by extension 'ignore_ament_install'
[3.791s] Level 1:colcon.colcon_core.package_identification:_identify(path_generate/steven_gong/Raceline-Optimization/outputs/e7_floor5_square/mintime-2025-09-20 18:33:53.601057) by extensions ['colcon_pkg']
[3.792s] Level 1:colcon.colcon_core.package_identification:_identify(path_generate/steven_gong/Raceline-Optimization/outputs/e7_floor5_square/mintime-2025-09-20 18:33:53.601057) by extension 'colcon_pkg'
[3.792s] Level 1:colcon.colcon_core.package_identification:_identify(path_generate/steven_gong/Raceline-Optimization/outputs/e7_floor5_square/mintime-2025-09-20 18:33:53.601057) by extensions ['colcon_meta']
[3.792s] Level 1:colcon.colcon_core.package_identification:_identify(path_generate/steven_gong/Raceline-Optimization/outputs/e7_floor5_square/mintime-2025-09-20 18:33:53.601057) by extension 'colcon_meta'
[3.793s] Level 1:colcon.colcon_core.package_identification:_identify(path_generate/steven_gong/Raceline-Optimization/outputs/e7_floor5_square/mintime-2025-09-20 18:33:53.601057) by extensions ['ros']
[3.793s] Level 1:colcon.colcon_core.package_identification:_identify(path_generate/steven_gong/Raceline-Optimization/outputs/e7_floor5_square/mintime-2025-09-20 18:33:53.601057) by extension 'ros'
[3.794s] Level 1:colcon.colcon_core.package_identification:_identify(path_generate/steven_gong/Raceline-Optimization/outputs/e7_floor5_square/mintime-2025-09-20 18:33:53.601057) by extensions ['cmake', 'python']
[3.794s] Level 1:colcon.colcon_core.package_identification:_identify(path_generate/steven_gong/Raceline-Optimization/outputs/e7_floor5_square/mintime-2025-09-20 18:33:53.601057) by extension 'cmake'
[3.795s] Level 1:colcon.colcon_core.package_identification:_identify(path_generate/steven_gong/Raceline-Optimization/outputs/e7_floor5_square/mintime-2025-09-20 18:33:53.601057) by extension 'python'
[3.795s] Level 1:colcon.colcon_core.package_identification:_identify(path_generate/steven_gong/Raceline-Optimization/outputs/e7_floor5_square/mintime-2025-09-20 18:33:53.601057) by extensions ['python_setup_py']
[3.795s] Level 1:colcon.colcon_core.package_identification:_identify(path_generate/steven_gong/Raceline-Optimization/outputs/e7_floor5_square/mintime-2025-09-20 18:33:53.601057) by extension 'python_setup_py'
[3.796s] Level 1:colcon.colcon_core.package_identification:_identify(path_generate/steven_gong/Raceline-Optimization/params) by extensions ['ignore', 'ignore_ament_install']
[3.796s] Level 1:colcon.colcon_core.package_identification:_identify(path_generate/steven_gong/Raceline-Optimization/params) by extension 'ignore'
[3.797s] Level 1:colcon.colcon_core.package_identification:_identify(path_generate/steven_gong/Raceline-Optimization/params) by extension 'ignore_ament_install'
[3.797s] Level 1:colcon.colcon_core.package_identification:_identify(path_generate/steven_gong/Raceline-Optimization/params) by extensions ['colcon_pkg']
[3.797s] Level 1:colcon.colcon_core.package_identification:_identify(path_generate/steven_gong/Raceline-Optimization/params) by extension 'colcon_pkg'
[3.797s] Level 1:colcon.colcon_core.package_identification:_identify(path_generate/steven_gong/Raceline-Optimization/params) by extensions ['colcon_meta']
[3.798s] Level 1:colcon.colcon_core.package_identification:_identify(path_generate/steven_gong/Raceline-Optimization/params) by extension 'colcon_meta'
[3.798s] Level 1:colcon.colcon_core.package_identification:_identify(path_generate/steven_gong/Raceline-Optimization/params) by extensions ['ros']
[3.798s] Level 1:colcon.colcon_core.package_identification:_identify(path_generate/steven_gong/Raceline-Optimization/params) by extension 'ros'
[3.799s] Level 1:colcon.colcon_core.package_identification:_identify(path_generate/steven_gong/Raceline-Optimization/params) by extensions ['cmake', 'python']
[3.799s] Level 1:colcon.colcon_core.package_identification:_identify(path_generate/steven_gong/Raceline-Optimization/params) by extension 'cmake'
[3.799s] Level 1:colcon.colcon_core.package_identification:_identify(path_generate/steven_gong/Raceline-Optimization/params) by extension 'python'
[3.799s] Level 1:colcon.colcon_core.package_identification:_identify(path_generate/steven_gong/Raceline-Optimization/params) by extensions ['python_setup_py']
[3.800s] Level 1:colcon.colcon_core.package_identification:_identify(path_generate/steven_gong/Raceline-Optimization/params) by extension 'python_setup_py'
[3.800s] Level 1:colcon.colcon_core.package_identification:_identify(rosbag2_2025_09_18-18_36_26) by extensions ['ignore', 'ignore_ament_install']
[3.801s] Level 1:colcon.colcon_core.package_identification:_identify(rosbag2_2025_09_18-18_36_26) by extension 'ignore'
[3.801s] Level 1:colcon.colcon_core.package_identification:_identify(rosbag2_2025_09_18-18_36_26) by extension 'ignore_ament_install'
[3.802s] Level 1:colcon.colcon_core.package_identification:_identify(rosbag2_2025_09_18-18_36_26) by extensions ['colcon_pkg']
[3.802s] Level 1:colcon.colcon_core.package_identification:_identify(rosbag2_2025_09_18-18_36_26) by extension 'colcon_pkg'
[3.802s] Level 1:colcon.colcon_core.package_identification:_identify(rosbag2_2025_09_18-18_36_26) by extensions ['colcon_meta']
[3.802s] Level 1:colcon.colcon_core.package_identification:_identify(rosbag2_2025_09_18-18_36_26) by extension 'colcon_meta'
[3.803s] Level 1:colcon.colcon_core.package_identification:_identify(rosbag2_2025_09_18-18_36_26) by extensions ['ros']
[3.804s] Level 1:colcon.colcon_core.package_identification:_identify(rosbag2_2025_09_18-18_36_26) by extension 'ros'
[3.805s] Level 1:colcon.colcon_core.package_identification:_identify(rosbag2_2025_09_18-18_36_26) by extensions ['cmake', 'python']
[3.805s] Level 1:colcon.colcon_core.package_identification:_identify(rosbag2_2025_09_18-18_36_26) by extension 'cmake'
[3.806s] Level 1:colcon.colcon_core.package_identification:_identify(rosbag2_2025_09_18-18_36_26) by extension 'python'
[3.806s] Level 1:colcon.colcon_core.package_identification:_identify(rosbag2_2025_09_18-18_36_26) by extensions ['python_setup_py']
[3.807s] Level 1:colcon.colcon_core.package_identification:_identify(rosbag2_2025_09_18-18_36_26) by extension 'python_setup_py'
[3.807s] Level 1:colcon.colcon_core.package_identification:_identify(src) by extensions ['ignore', 'ignore_ament_install']
[3.808s] Level 1:colcon.colcon_core.package_identification:_identify(src) by extension 'ignore'
[3.808s] Level 1:colcon.colcon_core.package_identification:_identify(src) by extension 'ignore_ament_install'
[3.809s] Level 1:colcon.colcon_core.package_identification:_identify(src) by extensions ['colcon_pkg']
[3.809s] Level 1:colcon.colcon_core.package_identification:_identify(src) by extension 'colcon_pkg'
[3.809s] Level 1:colcon.colcon_core.package_identification:_identify(src) by extensions ['colcon_meta']
[3.809s] Level 1:colcon.colcon_core.package_identification:_identify(src) by extension 'colcon_meta'
[3.810s] Level 1:colcon.colcon_core.package_identification:_identify(src) by extensions ['ros']
[3.810s] Level 1:colcon.colcon_core.package_identification:_identify(src) by extension 'ros'
[3.811s] Level 1:colcon.colcon_core.package_identification:_identify(src) by extensions ['cmake', 'python']
[3.812s] Level 1:colcon.colcon_core.package_identification:_identify(src) by extension 'cmake'
[3.812s] Level 1:colcon.colcon_core.package_identification:_identify(src) by extension 'python'
[3.812s] Level 1:colcon.colcon_core.package_identification:_identify(src) by extensions ['python_setup_py']
[3.812s] Level 1:colcon.colcon_core.package_identification:_identify(src) by extension 'python_setup_py'
[3.813s] Level 1:colcon.colcon_core.package_identification:_identify(src/build) by extensions ['ignore', 'ignore_ament_install']
[3.814s] Level 1:colcon.colcon_core.package_identification:_identify(src/build) by extension 'ignore'
[3.814s] Level 1:colcon.colcon_core.package_identification:_identify(src/build) ignored
[3.815s] Level 1:colcon.colcon_core.package_identification:_identify(src/center_follow_cpp) by extensions ['ignore', 'ignore_ament_install']
[3.815s] Level 1:colcon.colcon_core.package_identification:_identify(src/center_follow_cpp) by extension 'ignore'
[3.815s] Level 1:colcon.colcon_core.package_identification:_identify(src/center_follow_cpp) by extension 'ignore_ament_install'
[3.816s] Level 1:colcon.colcon_core.package_identification:_identify(src/center_follow_cpp) by extensions ['colcon_pkg']
[3.816s] Level 1:colcon.colcon_core.package_identification:_identify(src/center_follow_cpp) by extension 'colcon_pkg'
[3.816s] Level 1:colcon.colcon_core.package_identification:_identify(src/center_follow_cpp) by extensions ['colcon_meta']
[3.816s] Level 1:colcon.colcon_core.package_identification:_identify(src/center_follow_cpp) by extension 'colcon_meta'
[3.817s] Level 1:colcon.colcon_core.package_identification:_identify(src/center_follow_cpp) by extensions ['ros']
[3.817s] Level 1:colcon.colcon_core.package_identification:_identify(src/center_follow_cpp) by extension 'ros'
[3.837s] DEBUG:colcon.colcon_core.package_identification:Package 'src/center_follow_cpp' with type 'ros.ament_cmake' and name 'center_follow_cpp'
[3.838s] Level 1:colcon.colcon_core.package_identification:_identify(src/f1tenth_slam_nav) by extensions ['ignore', 'ignore_ament_install']
[3.839s] Level 1:colcon.colcon_core.package_identification:_identify(src/f1tenth_slam_nav) by extension 'ignore'
[3.839s] Level 1:colcon.colcon_core.package_identification:_identify(src/f1tenth_slam_nav) by extension 'ignore_ament_install'
[3.840s] Level 1:colcon.colcon_core.package_identification:_identify(src/f1tenth_slam_nav) by extensions ['colcon_pkg']
[3.840s] Level 1:colcon.colcon_core.package_identification:_identify(src/f1tenth_slam_nav) by extension 'colcon_pkg'
[3.840s] Level 1:colcon.colcon_core.package_identification:_identify(src/f1tenth_slam_nav) by extensions ['colcon_meta']
[3.840s] Level 1:colcon.colcon_core.package_identification:_identify(src/f1tenth_slam_nav) by extension 'colcon_meta'
[3.841s] Level 1:colcon.colcon_core.package_identification:_identify(src/f1tenth_slam_nav) by extensions ['ros']
[3.841s] Level 1:colcon.colcon_core.package_identification:_identify(src/f1tenth_slam_nav) by extension 'ros'
[3.860s] DEBUG:colcon.colcon_core.package_identification:Package 'src/f1tenth_slam_nav' with type 'ros.ament_cmake' and name 'f1tenth_slam_nav'
[3.861s] Level 1:colcon.colcon_core.package_identification:_identify(src/f1tenth_system) by extensions ['ignore', 'ignore_ament_install']
[3.862s] Level 1:colcon.colcon_core.package_identification:_identify(src/f1tenth_system) by extension 'ignore'
[3.862s] Level 1:colcon.colcon_core.package_identification:_identify(src/f1tenth_system) by extension 'ignore_ament_install'
[3.863s] Level 1:colcon.colcon_core.package_identification:_identify(src/f1tenth_system) by extensions ['colcon_pkg']
[3.863s] Level 1:colcon.colcon_core.package_identification:_identify(src/f1tenth_system) by extension 'colcon_pkg'
[3.864s] Level 1:colcon.colcon_core.package_identification:_identify(src/f1tenth_system) by extensions ['colcon_meta']
[3.864s] Level 1:colcon.colcon_core.package_identification:_identify(src/f1tenth_system) by extension 'colcon_meta'
[3.864s] Level 1:colcon.colcon_core.package_identification:_identify(src/f1tenth_system) by extensions ['ros']
[3.864s] Level 1:colcon.colcon_core.package_identification:_identify(src/f1tenth_system) by extension 'ros'
[3.865s] Level 1:colcon.colcon_core.package_identification:_identify(src/f1tenth_system) by extensions ['cmake', 'python']
[3.865s] Level 1:colcon.colcon_core.package_identification:_identify(src/f1tenth_system) by extension 'cmake'
[3.866s] Level 1:colcon.colcon_core.package_identification:_identify(src/f1tenth_system) by extension 'python'
[3.866s] Level 1:colcon.colcon_core.package_identification:_identify(src/f1tenth_system) by extensions ['python_setup_py']
[3.866s] Level 1:colcon.colcon_core.package_identification:_identify(src/f1tenth_system) by extension 'python_setup_py'
[3.867s] Level 1:colcon.colcon_core.package_identification:_identify(src/f1tenth_system/ackermann_mux) by extensions ['ignore', 'ignore_ament_install']
[3.867s] Level 1:colcon.colcon_core.package_identification:_identify(src/f1tenth_system/ackermann_mux) by extension 'ignore'
[3.868s] Level 1:colcon.colcon_core.package_identification:_identify(src/f1tenth_system/ackermann_mux) by extension 'ignore_ament_install'
[3.868s] Level 1:colcon.colcon_core.package_identification:_identify(src/f1tenth_system/ackermann_mux) by extensions ['colcon_pkg']
[3.868s] Level 1:colcon.colcon_core.package_identification:_identify(src/f1tenth_system/ackermann_mux) by extension 'colcon_pkg'
[3.868s] Level 1:colcon.colcon_core.package_identification:_identify(src/f1tenth_system/ackermann_mux) by extensions ['colcon_meta']
[3.869s] Level 1:colcon.colcon_core.package_identification:_identify(src/f1tenth_system/ackermann_mux) by extension 'colcon_meta'
[3.869s] Level 1:colcon.colcon_core.package_identification:_identify(src/f1tenth_system/ackermann_mux) by extensions ['ros']
[3.869s] Level 1:colcon.colcon_core.package_identification:_identify(src/f1tenth_system/ackermann_mux) by extension 'ros'
[3.879s] DEBUG:colcon.colcon_core.package_identification:Package 'src/f1tenth_system/ackermann_mux' with type 'ros.ament_cmake' and name 'ackermann_mux'
[3.881s] Level 1:colcon.colcon_core.package_identification:_identify(src/f1tenth_system/f1tenth_stack) by extensions ['ignore', 'ignore_ament_install']
[3.881s] Level 1:colcon.colcon_core.package_identification:_identify(src/f1tenth_system/f1tenth_stack) by extension 'ignore'
[3.884s] Level 1:colcon.colcon_core.package_identification:_identify(src/f1tenth_system/f1tenth_stack) by extension 'ignore_ament_install'
[3.886s] Level 1:colcon.colcon_core.package_identification:_identify(src/f1tenth_system/f1tenth_stack) by extensions ['colcon_pkg']
[3.886s] Level 1:colcon.colcon_core.package_identification:_identify(src/f1tenth_system/f1tenth_stack) by extension 'colcon_pkg'
[3.887s] Level 1:colcon.colcon_core.package_identification:_identify(src/f1tenth_system/f1tenth_stack) by extensions ['colcon_meta']
[3.887s] Level 1:colcon.colcon_core.package_identification:_identify(src/f1tenth_system/f1tenth_stack) by extension 'colcon_meta'
[3.888s] Level 1:colcon.colcon_core.package_identification:_identify(src/f1tenth_system/f1tenth_stack) by extensions ['ros']
[3.888s] Level 1:colcon.colcon_core.package_identification:_identify(src/f1tenth_system/f1tenth_stack) by extension 'ros'
[3.897s] DEBUG:colcon.colcon_core.package_identification:Package 'src/f1tenth_system/f1tenth_stack' with type 'ros.ament_python' and name 'f1tenth_stack'
[3.899s] Level 1:colcon.colcon_core.package_identification:_identify(src/f1tenth_system/scripts) by extensions ['ignore', 'ignore_ament_install']
[3.900s] Level 1:colcon.colcon_core.package_identification:_identify(src/f1tenth_system/scripts) by extension 'ignore'
[3.901s] Level 1:colcon.colcon_core.package_identification:_identify(src/f1tenth_system/scripts) by extension 'ignore_ament_install'
[3.901s] Level 1:colcon.colcon_core.package_identification:_identify(src/f1tenth_system/scripts) by extensions ['colcon_pkg']
[3.901s] Level 1:colcon.colcon_core.package_identification:_identify(src/f1tenth_system/scripts) by extension 'colcon_pkg'
[3.902s] Level 1:colcon.colcon_core.package_identification:_identify(src/f1tenth_system/scripts) by extensions ['colcon_meta']
[3.902s] Level 1:colcon.colcon_core.package_identification:_identify(src/f1tenth_system/scripts) by extension 'colcon_meta'
[3.903s] Level 1:colcon.colcon_core.package_identification:_identify(src/f1tenth_system/scripts) by extensions ['ros']
[3.903s] Level 1:colcon.colcon_core.package_identification:_identify(src/f1tenth_system/scripts) by extension 'ros'
[3.904s] Level 1:colcon.colcon_core.package_identification:_identify(src/f1tenth_system/scripts) by extensions ['cmake', 'python']
[3.904s] Level 1:colcon.colcon_core.package_identification:_identify(src/f1tenth_system/scripts) by extension 'cmake'
[3.905s] Level 1:colcon.colcon_core.package_identification:_identify(src/f1tenth_system/scripts) by extension 'python'
[3.907s] Level 1:colcon.colcon_core.package_identification:_identify(src/f1tenth_system/scripts) by extensions ['python_setup_py']
[3.907s] Level 1:colcon.colcon_core.package_identification:_identify(src/f1tenth_system/scripts) by extension 'python_setup_py'
[3.909s] Level 1:colcon.colcon_core.package_identification:_identify(src/f1tenth_system/teleop_tools) by extensions ['ignore', 'ignore_ament_install']
[3.910s] Level 1:colcon.colcon_core.package_identification:_identify(src/f1tenth_system/teleop_tools) by extension 'ignore'
[3.910s] Level 1:colcon.colcon_core.package_identification:_identify(src/f1tenth_system/teleop_tools) by extension 'ignore_ament_install'
[3.910s] Level 1:colcon.colcon_core.package_identification:_identify(src/f1tenth_system/teleop_tools) by extensions ['colcon_pkg']
[3.911s] Level 1:colcon.colcon_core.package_identification:_identify(src/f1tenth_system/teleop_tools) by extension 'colcon_pkg'
[3.911s] Level 1:colcon.colcon_core.package_identification:_identify(src/f1tenth_system/teleop_tools) by extensions ['colcon_meta']
[3.911s] Level 1:colcon.colcon_core.package_identification:_identify(src/f1tenth_system/teleop_tools) by extension 'colcon_meta'
[3.911s] Level 1:colcon.colcon_core.package_identification:_identify(src/f1tenth_system/teleop_tools) by extensions ['ros']
[3.912s] Level 1:colcon.colcon_core.package_identification:_identify(src/f1tenth_system/teleop_tools) by extension 'ros'
[3.912s] Level 1:colcon.colcon_core.package_identification:_identify(src/f1tenth_system/teleop_tools) by extensions ['cmake', 'python']
[3.912s] Level 1:colcon.colcon_core.package_identification:_identify(src/f1tenth_system/teleop_tools) by extension 'cmake'
[3.913s] Level 1:colcon.colcon_core.package_identification:_identify(src/f1tenth_system/teleop_tools) by extension 'python'
[3.913s] Level 1:colcon.colcon_core.package_identification:_identify(src/f1tenth_system/teleop_tools) by extensions ['python_setup_py']
[3.913s] Level 1:colcon.colcon_core.package_identification:_identify(src/f1tenth_system/teleop_tools) by extension 'python_setup_py'
[3.914s] Level 1:colcon.colcon_core.package_identification:_identify(src/f1tenth_system/teleop_tools/joy_teleop) by extensions ['ignore', 'ignore_ament_install']
[3.914s] Level 1:colcon.colcon_core.package_identification:_identify(src/f1tenth_system/teleop_tools/joy_teleop) by extension 'ignore'
[3.915s] Level 1:colcon.colcon_core.package_identification:_identify(src/f1tenth_system/teleop_tools/joy_teleop) by extension 'ignore_ament_install'
[3.915s] Level 1:colcon.colcon_core.package_identification:_identify(src/f1tenth_system/teleop_tools/joy_teleop) by extensions ['colcon_pkg']
[3.915s] Level 1:colcon.colcon_core.package_identification:_identify(src/f1tenth_system/teleop_tools/joy_teleop) by extension 'colcon_pkg'
[3.916s] Level 1:colcon.colcon_core.package_identification:_identify(src/f1tenth_system/teleop_tools/joy_teleop) by extensions ['colcon_meta']
[3.916s] Level 1:colcon.colcon_core.package_identification:_identify(src/f1tenth_system/teleop_tools/joy_teleop) by extension 'colcon_meta'
[3.916s] Level 1:colcon.colcon_core.package_identification:_identify(src/f1tenth_system/teleop_tools/joy_teleop) by extensions ['ros']
[3.916s] Level 1:colcon.colcon_core.package_identification:_identify(src/f1tenth_system/teleop_tools/joy_teleop) by extension 'ros'
[3.921s] DEBUG:colcon.colcon_core.package_identification:Package 'src/f1tenth_system/teleop_tools/joy_teleop' with type 'ros.ament_python' and name 'joy_teleop'
[3.923s] Level 1:colcon.colcon_core.package_identification:_identify(src/f1tenth_system/teleop_tools/key_teleop) by extensions ['ignore', 'ignore_ament_install']
[3.924s] Level 1:colcon.colcon_core.package_identification:_identify(src/f1tenth_system/teleop_tools/key_teleop) by extension 'ignore'
[3.925s] Level 1:colcon.colcon_core.package_identification:_identify(src/f1tenth_system/teleop_tools/key_teleop) by extension 'ignore_ament_install'
[3.925s] Level 1:colcon.colcon_core.package_identification:_identify(src/f1tenth_system/teleop_tools/key_teleop) by extensions ['colcon_pkg']
[3.925s] Level 1:colcon.colcon_core.package_identification:_identify(src/f1tenth_system/teleop_tools/key_teleop) by extension 'colcon_pkg'
[3.926s] Level 1:colcon.colcon_core.package_identification:_identify(src/f1tenth_system/teleop_tools/key_teleop) by extensions ['colcon_meta']
[3.926s] Level 1:colcon.colcon_core.package_identification:_identify(src/f1tenth_system/teleop_tools/key_teleop) by extension 'colcon_meta'
[3.926s] Level 1:colcon.colcon_core.package_identification:_identify(src/f1tenth_system/teleop_tools/key_teleop) by extensions ['ros']
[3.927s] Level 1:colcon.colcon_core.package_identification:_identify(src/f1tenth_system/teleop_tools/key_teleop) by extension 'ros'
[3.932s] DEBUG:colcon.colcon_core.package_identification:Package 'src/f1tenth_system/teleop_tools/key_teleop' with type 'ros.ament_python' and name 'key_teleop'
[3.933s] Level 1:colcon.colcon_core.package_identification:_identify(src/f1tenth_system/teleop_tools/mouse_teleop) by extensions ['ignore', 'ignore_ament_install']
[3.934s] Level 1:colcon.colcon_core.package_identification:_identify(src/f1tenth_system/teleop_tools/mouse_teleop) by extension 'ignore'
[3.934s] Level 1:colcon.colcon_core.package_identification:_identify(src/f1tenth_system/teleop_tools/mouse_teleop) by extension 'ignore_ament_install'
[3.935s] Level 1:colcon.colcon_core.package_identification:_identify(src/f1tenth_system/teleop_tools/mouse_teleop) by extensions ['colcon_pkg']
[3.935s] Level 1:colcon.colcon_core.package_identification:_identify(src/f1tenth_system/teleop_tools/mouse_teleop) by extension 'colcon_pkg'
[3.935s] Level 1:colcon.colcon_core.package_identification:_identify(src/f1tenth_system/teleop_tools/mouse_teleop) by extensions ['colcon_meta']
[3.935s] Level 1:colcon.colcon_core.package_identification:_identify(src/f1tenth_system/teleop_tools/mouse_teleop) by extension 'colcon_meta'
[3.936s] Level 1:colcon.colcon_core.package_identification:_identify(src/f1tenth_system/teleop_tools/mouse_teleop) by extensions ['ros']
[3.937s] Level 1:colcon.colcon_core.package_identification:_identify(src/f1tenth_system/teleop_tools/mouse_teleop) by extension 'ros'
[3.942s] DEBUG:colcon.colcon_core.package_identification:Package 'src/f1tenth_system/teleop_tools/mouse_teleop' with type 'ros.ament_python' and name 'mouse_teleop'
[3.943s] Level 1:colcon.colcon_core.package_identification:_identify(src/f1tenth_system/teleop_tools/teleop_tools) by extensions ['ignore', 'ignore_ament_install']
[3.944s] Level 1:colcon.colcon_core.package_identification:_identify(src/f1tenth_system/teleop_tools/teleop_tools) by extension 'ignore'
[3.945s] Level 1:colcon.colcon_core.package_identification:_identify(src/f1tenth_system/teleop_tools/teleop_tools) by extension 'ignore_ament_install'
[3.945s] Level 1:colcon.colcon_core.package_identification:_identify(src/f1tenth_system/teleop_tools/teleop_tools) by extensions ['colcon_pkg']
[3.945s] Level 1:colcon.colcon_core.package_identification:_identify(src/f1tenth_system/teleop_tools/teleop_tools) by extension 'colcon_pkg'
[3.946s] Level 1:colcon.colcon_core.package_identification:_identify(src/f1tenth_system/teleop_tools/teleop_tools) by extensions ['colcon_meta']
[3.946s] Level 1:colcon.colcon_core.package_identification:_identify(src/f1tenth_system/teleop_tools/teleop_tools) by extension 'colcon_meta'
[3.946s] Level 1:colcon.colcon_core.package_identification:_identify(src/f1tenth_system/teleop_tools/teleop_tools) by extensions ['ros']
[3.946s] Level 1:colcon.colcon_core.package_identification:_identify(src/f1tenth_system/teleop_tools/teleop_tools) by extension 'ros'
[3.950s] DEBUG:colcon.colcon_core.package_identification:Package 'src/f1tenth_system/teleop_tools/teleop_tools' with type 'ros.ament_cmake' and name 'teleop_tools'
[3.951s] Level 1:colcon.colcon_core.package_identification:_identify(src/f1tenth_system/teleop_tools/teleop_tools_msgs) by extensions ['ignore', 'ignore_ament_install']
[3.952s] Level 1:colcon.colcon_core.package_identification:_identify(src/f1tenth_system/teleop_tools/teleop_tools_msgs) by extension 'ignore'
[3.952s] Level 1:colcon.colcon_core.package_identification:_identify(src/f1tenth_system/teleop_tools/teleop_tools_msgs) by extension 'ignore_ament_install'
[3.954s] Level 1:colcon.colcon_core.package_identification:_identify(src/f1tenth_system/teleop_tools/teleop_tools_msgs) by extensions ['colcon_pkg']
[3.954s] Level 1:colcon.colcon_core.package_identification:_identify(src/f1tenth_system/teleop_tools/teleop_tools_msgs) by extension 'colcon_pkg'
[3.954s] Level 1:colcon.colcon_core.package_identification:_identify(src/f1tenth_system/teleop_tools/teleop_tools_msgs) by extensions ['colcon_meta']
[3.954s] Level 1:colcon.colcon_core.package_identification:_identify(src/f1tenth_system/teleop_tools/teleop_tools_msgs) by extension 'colcon_meta'
[3.955s] Level 1:colcon.colcon_core.package_identification:_identify(src/f1tenth_system/teleop_tools/teleop_tools_msgs) by extensions ['ros']
[3.955s] Level 1:colcon.colcon_core.package_identification:_identify(src/f1tenth_system/teleop_tools/teleop_tools_msgs) by extension 'ros'
[3.960s] DEBUG:colcon.colcon_core.package_identification:Package 'src/f1tenth_system/teleop_tools/teleop_tools_msgs' with type 'ros.ament_cmake' and name 'teleop_tools_msgs'
[3.962s] Level 1:colcon.colcon_core.package_identification:_identify(src/f1tenth_system/vesc) by extensions ['ignore', 'ignore_ament_install']
[3.963s] Level 1:colcon.colcon_core.package_identification:_identify(src/f1tenth_system/vesc) by extension 'ignore'
[3.963s] Level 1:colcon.colcon_core.package_identification:_identify(src/f1tenth_system/vesc) by extension 'ignore_ament_install'
[3.964s] Level 1:colcon.colcon_core.package_identification:_identify(src/f1tenth_system/vesc) by extensions ['colcon_pkg']
[3.965s] Level 1:colcon.colcon_core.package_identification:_identify(src/f1tenth_system/vesc) by extension 'colcon_pkg'
[3.965s] Level 1:colcon.colcon_core.package_identification:_identify(src/f1tenth_system/vesc) by extensions ['colcon_meta']
[3.965s] Level 1:colcon.colcon_core.package_identification:_identify(src/f1tenth_system/vesc) by extension 'colcon_meta'
[3.965s] Level 1:colcon.colcon_core.package_identification:_identify(src/f1tenth_system/vesc) by extensions ['ros']
[3.966s] Level 1:colcon.colcon_core.package_identification:_identify(src/f1tenth_system/vesc) by extension 'ros'
[3.966s] Level 1:colcon.colcon_core.package_identification:_identify(src/f1tenth_system/vesc) by extensions ['cmake', 'python']
[3.966s] Level 1:colcon.colcon_core.package_identification:_identify(src/f1tenth_system/vesc) by extension 'cmake'
[3.967s] Level 1:colcon.colcon_core.package_identification:_identify(src/f1tenth_system/vesc) by extension 'python'
[3.967s] Level 1:colcon.colcon_core.package_identification:_identify(src/f1tenth_system/vesc) by extensions ['python_setup_py']
[3.967s] Level 1:colcon.colcon_core.package_identification:_identify(src/f1tenth_system/vesc) by extension 'python_setup_py'
[3.968s] Level 1:colcon.colcon_core.package_identification:_identify(src/f1tenth_system/vesc/vesc) by extensions ['ignore', 'ignore_ament_install']
[3.969s] Level 1:colcon.colcon_core.package_identification:_identify(src/f1tenth_system/vesc/vesc) by extension 'ignore'
[3.969s] Level 1:colcon.colcon_core.package_identification:_identify(src/f1tenth_system/vesc/vesc) by extension 'ignore_ament_install'
[3.969s] Level 1:colcon.colcon_core.package_identification:_identify(src/f1tenth_system/vesc/vesc) by extensions ['colcon_pkg']
[3.970s] Level 1:colcon.colcon_core.package_identification:_identify(src/f1tenth_system/vesc/vesc) by extension 'colcon_pkg'
[3.970s] Level 1:colcon.colcon_core.package_identification:_identify(src/f1tenth_system/vesc/vesc) by extensions ['colcon_meta']
[3.970s] Level 1:colcon.colcon_core.package_identification:_identify(src/f1tenth_system/vesc/vesc) by extension 'colcon_meta'
[3.970s] Level 1:colcon.colcon_core.package_identification:_identify(src/f1tenth_system/vesc/vesc) by extensions ['ros']
[3.971s] Level 1:colcon.colcon_core.package_identification:_identify(src/f1tenth_system/vesc/vesc) by extension 'ros'
[3.974s] DEBUG:colcon.colcon_core.package_identification:Package 'src/f1tenth_system/vesc/vesc' with type 'ros.ament_cmake' and name 'vesc'
[3.976s] Level 1:colcon.colcon_core.package_identification:_identify(src/f1tenth_system/vesc/vesc_ackermann) by extensions ['ignore', 'ignore_ament_install']
[3.977s] Level 1:colcon.colcon_core.package_identification:_identify(src/f1tenth_system/vesc/vesc_ackermann) by extension 'ignore'
[3.977s] Level 1:colcon.colcon_core.package_identification:_identify(src/f1tenth_system/vesc/vesc_ackermann) by extension 'ignore_ament_install'
[3.978s] Level 1:colcon.colcon_core.package_identification:_identify(src/f1tenth_system/vesc/vesc_ackermann) by extensions ['colcon_pkg']
[3.978s] Level 1:colcon.colcon_core.package_identification:_identify(src/f1tenth_system/vesc/vesc_ackermann) by extension 'colcon_pkg'
[3.978s] Level 1:colcon.colcon_core.package_identification:_identify(src/f1tenth_system/vesc/vesc_ackermann) by extensions ['colcon_meta']
[3.979s] Level 1:colcon.colcon_core.package_identification:_identify(src/f1tenth_system/vesc/vesc_ackermann) by extension 'colcon_meta'
[3.979s] Level 1:colcon.colcon_core.package_identification:_identify(src/f1tenth_system/vesc/vesc_ackermann) by extensions ['ros']
[3.979s] Level 1:colcon.colcon_core.package_identification:_identify(src/f1tenth_system/vesc/vesc_ackermann) by extension 'ros'
[3.988s] DEBUG:colcon.colcon_core.package_identification:Package 'src/f1tenth_system/vesc/vesc_ackermann' with type 'ros.ament_cmake' and name 'vesc_ackermann'
[3.991s] Level 1:colcon.colcon_core.package_identification:_identify(src/f1tenth_system/vesc/vesc_driver) by extensions ['ignore', 'ignore_ament_install']
[3.993s] Level 1:colcon.colcon_core.package_identification:_identify(src/f1tenth_system/vesc/vesc_driver) by extension 'ignore'
[3.993s] Level 1:colcon.colcon_core.package_identification:_identify(src/f1tenth_system/vesc/vesc_driver) by extension 'ignore_ament_install'
[3.994s] Level 1:colcon.colcon_core.package_identification:_identify(src/f1tenth_system/vesc/vesc_driver) by extensions ['colcon_pkg']
[3.994s] Level 1:colcon.colcon_core.package_identification:_identify(src/f1tenth_system/vesc/vesc_driver) by extension 'colcon_pkg'
[3.994s] Level 1:colcon.colcon_core.package_identification:_identify(src/f1tenth_system/vesc/vesc_driver) by extensions ['colcon_meta']
[3.995s] Level 1:colcon.colcon_core.package_identification:_identify(src/f1tenth_system/vesc/vesc_driver) by extension 'colcon_meta'
[3.995s] Level 1:colcon.colcon_core.package_identification:_identify(src/f1tenth_system/vesc/vesc_driver) by extensions ['ros']
[3.995s] Level 1:colcon.colcon_core.package_identification:_identify(src/f1tenth_system/vesc/vesc_driver) by extension 'ros'
[4.006s] DEBUG:colcon.colcon_core.package_identification:Package 'src/f1tenth_system/vesc/vesc_driver' with type 'ros.ament_cmake' and name 'vesc_driver'
[4.007s] Level 1:colcon.colcon_core.package_identification:_identify(src/f1tenth_system/vesc/vesc_msgs) by extensions ['ignore', 'ignore_ament_install']
[4.008s] Level 1:colcon.colcon_core.package_identification:_identify(src/f1tenth_system/vesc/vesc_msgs) by extension 'ignore'
[4.008s] Level 1:colcon.colcon_core.package_identification:_identify(src/f1tenth_system/vesc/vesc_msgs) by extension 'ignore_ament_install'
[4.009s] Level 1:colcon.colcon_core.package_identification:_identify(src/f1tenth_system/vesc/vesc_msgs) by extensions ['colcon_pkg']
[4.009s] Level 1:colcon.colcon_core.package_identification:_identify(src/f1tenth_system/vesc/vesc_msgs) by extension 'colcon_pkg'
[4.009s] Level 1:colcon.colcon_core.package_identification:_identify(src/f1tenth_system/vesc/vesc_msgs) by extensions ['colcon_meta']
[4.009s] Level 1:colcon.colcon_core.package_identification:_identify(src/f1tenth_system/vesc/vesc_msgs) by extension 'colcon_meta'
[4.010s] Level 1:colcon.colcon_core.package_identification:_identify(src/f1tenth_system/vesc/vesc_msgs) by extensions ['ros']
[4.010s] Level 1:colcon.colcon_core.package_identification:_identify(src/f1tenth_system/vesc/vesc_msgs) by extension 'ros'
[4.016s] DEBUG:colcon.colcon_core.package_identification:Package 'src/f1tenth_system/vesc/vesc_msgs' with type 'ros.ament_cmake' and name 'vesc_msgs'
[4.017s] Level 1:colcon.colcon_core.package_identification:_identify(src/install) by extensions ['ignore', 'ignore_ament_install']
[4.018s] Level 1:colcon.colcon_core.package_identification:_identify(src/install) by extension 'ignore'
[4.018s] Level 1:colcon.colcon_core.package_identification:_identify(src/install) ignored
[4.019s] Level 1:colcon.colcon_core.package_identification:_identify(src/lidar_processing) by extensions ['ignore', 'ignore_ament_install']
[4.019s] Level 1:colcon.colcon_core.package_identification:_identify(src/lidar_processing) by extension 'ignore'
[4.020s] Level 1:colcon.colcon_core.package_identification:_identify(src/lidar_processing) by extension 'ignore_ament_install'
[4.021s] Level 1:colcon.colcon_core.package_identification:_identify(src/lidar_processing) by extensions ['colcon_pkg']
[4.021s] Level 1:colcon.colcon_core.package_identification:_identify(src/lidar_processing) by extension 'colcon_pkg'
[4.022s] Level 1:colcon.colcon_core.package_identification:_identify(src/lidar_processing) by extensions ['colcon_meta']
[4.022s] Level 1:colcon.colcon_core.package_identification:_identify(src/lidar_processing) by extension 'colcon_meta'
[4.022s] Level 1:colcon.colcon_core.package_identification:_identify(src/lidar_processing) by extensions ['ros']
[4.022s] Level 1:colcon.colcon_core.package_identification:_identify(src/lidar_processing) by extension 'ros'
[4.029s] DEBUG:colcon.colcon_core.package_identification:Package 'src/lidar_processing' with type 'ros.ament_cmake' and name 'lidar_processing'
[4.031s] Level 1:colcon.colcon_core.package_identification:_identify(src/log) by extensions ['ignore', 'ignore_ament_install']
[4.031s] Level 1:colcon.colcon_core.package_identification:_identify(src/log) by extension 'ignore'
[4.032s] Level 1:colcon.colcon_core.package_identification:_identify(src/log) ignored
[4.033s] Level 1:colcon.colcon_core.package_identification:_identify(src/path_follow) by extensions ['ignore', 'ignore_ament_install']
[4.033s] Level 1:colcon.colcon_core.package_identification:_identify(src/path_follow) by extension 'ignore'
[4.034s] Level 1:colcon.colcon_core.package_identification:_identify(src/path_follow) by extension 'ignore_ament_install'
[4.034s] Level 1:colcon.colcon_core.package_identification:_identify(src/path_follow) by extensions ['colcon_pkg']
[4.034s] Level 1:colcon.colcon_core.package_identification:_identify(src/path_follow) by extension 'colcon_pkg'
[4.035s] Level 1:colcon.colcon_core.package_identification:_identify(src/path_follow) by extensions ['colcon_meta']
[4.035s] Level 1:colcon.colcon_core.package_identification:_identify(src/path_follow) by extension 'colcon_meta'
[4.036s] Level 1:colcon.colcon_core.package_identification:_identify(src/path_follow) by extensions ['ros']
[4.036s] Level 1:colcon.colcon_core.package_identification:_identify(src/path_follow) by extension 'ros'
[4.045s] DEBUG:colcon.colcon_core.package_identification:Package 'src/path_follow' with type 'ros.ament_cmake' and name 'path_follow'
[4.049s] Level 1:colcon.colcon_core.package_identification:_identify(src/path_planner) by extensions ['ignore', 'ignore_ament_install']
[4.050s] Level 1:colcon.colcon_core.package_identification:_identify(src/path_planner) by extension 'ignore'
[4.050s] Level 1:colcon.colcon_core.package_identification:_identify(src/path_planner) by extension 'ignore_ament_install'
[4.051s] Level 1:colcon.colcon_core.package_identification:_identify(src/path_planner) by extensions ['colcon_pkg']
[4.051s] Level 1:colcon.colcon_core.package_identification:_identify(src/path_planner) by extension 'colcon_pkg'
[4.052s] Level 1:colcon.colcon_core.package_identification:_identify(src/path_planner) by extensions ['colcon_meta']
[4.052s] Level 1:colcon.colcon_core.package_identification:_identify(src/path_planner) by extension 'colcon_meta'
[4.052s] Level 1:colcon.colcon_core.package_identification:_identify(src/path_planner) by extensions ['ros']
[4.053s] Level 1:colcon.colcon_core.package_identification:_identify(src/path_planner) by extension 'ros'
[4.061s] DEBUG:colcon.colcon_core.package_identification:Package 'src/path_planner' with type 'ros.ament_cmake' and name 'path_planner'
[4.062s] Level 1:colcon.colcon_core.package_identification:_identify(src/pygame_key_teleop) by extensions ['ignore', 'ignore_ament_install']
[4.063s] Level 1:colcon.colcon_core.package_identification:_identify(src/pygame_key_teleop) by extension 'ignore'
[4.063s] Level 1:colcon.colcon_core.package_identification:_identify(src/pygame_key_teleop) by extension 'ignore_ament_install'
[4.064s] Level 1:colcon.colcon_core.package_identification:_identify(src/pygame_key_teleop) by extensions ['colcon_pkg']
[4.064s] Level 1:colcon.colcon_core.package_identification:_identify(src/pygame_key_teleop) by extension 'colcon_pkg'
[4.065s] Level 1:colcon.colcon_core.package_identification:_identify(src/pygame_key_teleop) by extensions ['colcon_meta']
[4.065s] Level 1:colcon.colcon_core.package_identification:_identify(src/pygame_key_teleop) by extension 'colcon_meta'
[4.066s] Level 1:colcon.colcon_core.package_identification:_identify(src/pygame_key_teleop) by extensions ['ros']
[4.067s] Level 1:colcon.colcon_core.package_identification:_identify(src/pygame_key_teleop) by extension 'ros'
[4.071s] DEBUG:colcon.colcon_core.package_identification:Package 'src/pygame_key_teleop' with type 'ros.ament_python' and name 'pygame_key_teleop'
[4.072s] Level 1:colcon.colcon_core.package_identification:_identify(src/real_pure_pursuit) by extensions ['ignore', 'ignore_ament_install']
[4.073s] Level 1:colcon.colcon_core.package_identification:_identify(src/real_pure_pursuit) by extension 'ignore'
[4.073s] Level 1:colcon.colcon_core.package_identification:_identify(src/real_pure_pursuit) by extension 'ignore_ament_install'
[4.074s] Level 1:colcon.colcon_core.package_identification:_identify(src/real_pure_pursuit) by extensions ['colcon_pkg']
[4.074s] Level 1:colcon.colcon_core.package_identification:_identify(src/real_pure_pursuit) by extension 'colcon_pkg'
[4.074s] Level 1:colcon.colcon_core.package_identification:_identify(src/real_pure_pursuit) by extensions ['colcon_meta']
[4.074s] Level 1:colcon.colcon_core.package_identification:_identify(src/real_pure_pursuit) by extension 'colcon_meta'
[4.075s] Level 1:colcon.colcon_core.package_identification:_identify(src/real_pure_pursuit) by extensions ['ros']
[4.075s] Level 1:colcon.colcon_core.package_identification:_identify(src/real_pure_pursuit) by extension 'ros'
[4.083s] DEBUG:colcon.colcon_core.package_identification:Package 'src/real_pure_pursuit' with type 'ros.ament_cmake' and name 'real_pure_pursuit'
[4.083s] Level 1:colcon.colcon_core.package_discovery:discover_packages(recursive) using defaults
[4.084s] Level 1:colcon.colcon_core.package_discovery:discover_packages(ignore) discover
[4.084s] Level 1:colcon.colcon_core.package_discovery:discover_packages(ignore) using defaults
[4.085s] Level 1:colcon.colcon_core.package_discovery:discover_packages(path) discover
[4.085s] Level 1:colcon.colcon_core.package_discovery:discover_packages(path) using defaults
[4.285s] INFO:colcon.colcon_core.package_selection:Skipping not selected package 'ackermann_mux' in 'src/f1tenth_system/ackermann_mux'
[4.285s] INFO:colcon.colcon_core.package_selection:Skipping not selected package 'center_follow_cpp' in 'src/center_follow_cpp'
[4.285s] INFO:colcon.colcon_core.package_selection:Skipping not selected package 'key_teleop' in 'src/f1tenth_system/teleop_tools/key_teleop'
[4.286s] INFO:colcon.colcon_core.package_selection:Skipping not selected package 'lidar_processing' in 'src/lidar_processing'
[4.286s] INFO:colcon.colcon_core.package_selection:Skipping not selected package 'mouse_teleop' in 'src/f1tenth_system/teleop_tools/mouse_teleop'
[4.286s] INFO:colcon.colcon_core.package_selection:Skipping not selected package 'path_follow' in 'src/path_follow'
[4.286s] INFO:colcon.colcon_core.package_selection:Skipping not selected package 'path_planner' in 'src/path_planner'
[4.286s] INFO:colcon.colcon_core.package_selection:Skipping not selected package 'pygame_key_teleop' in 'src/pygame_key_teleop'
[4.287s] INFO:colcon.colcon_core.package_selection:Skipping not selected package 'teleop_tools_msgs' in 'src/f1tenth_system/teleop_tools/teleop_tools_msgs'
[4.287s] INFO:colcon.colcon_core.package_selection:Skipping not selected package 'vesc_msgs' in 'src/f1tenth_system/vesc/vesc_msgs'
[4.287s] INFO:colcon.colcon_core.package_selection:Skipping not selected package 'joy_teleop' in 'src/f1tenth_system/teleop_tools/joy_teleop'
[4.287s] INFO:colcon.colcon_core.package_selection:Skipping not selected package 'vesc_ackermann' in 'src/f1tenth_system/vesc/vesc_ackermann'
[4.287s] INFO:colcon.colcon_core.package_selection:Skipping not selected package 'vesc_driver' in 'src/f1tenth_system/vesc/vesc_driver'
[4.288s] INFO:colcon.colcon_core.package_selection:Skipping not selected package 'teleop_tools' in 'src/f1tenth_system/teleop_tools/teleop_tools'
[4.288s] INFO:colcon.colcon_core.package_selection:Skipping not selected package 'vesc' in 'src/f1tenth_system/vesc/vesc'
[4.288s] INFO:colcon.colcon_core.package_selection:Skipping not selected package 'f1tenth_stack' in 'src/f1tenth_system/f1tenth_stack'
[4.288s] INFO:colcon.colcon_core.package_selection:Skipping not selected package 'f1tenth_slam_nav' in 'src/f1tenth_slam_nav'
[4.294s] Level 1:colcon.colcon_core.package_discovery:discover_packages(prefix_path) check parameters
[4.295s] Level 1:colcon.colcon_core.package_discovery:discover_packages(prefix_path) discover
[4.320s] DEBUG:colcon.colcon_installed_package_information.package_discovery:Found 308 installed packages in /opt/ros/foxy
[4.334s] Level 1:colcon.colcon_core.package_discovery:discover_packages(prefix_path) using defaults
[4.764s] Level 5:colcon.colcon_core.verb:set package 'real_pure_pursuit' build argument 'cmake_args' from command line to 'None'
[4.765s] Level 5:colcon.colcon_core.verb:set package 'real_pure_pursuit' build argument 'cmake_target' from command line to 'None'
[4.765s] Level 5:colcon.colcon_core.verb:set package 'real_pure_pursuit' build argument 'cmake_target_skip_unavailable' from command line to 'False'
[4.765s] Level 5:colcon.colcon_core.verb:set package 'real_pure_pursuit' build argument 'cmake_clean_cache' from command line to 'False'
[4.765s] Level 5:colcon.colcon_core.verb:set package 'real_pure_pursuit' build argument 'cmake_clean_first' from command line to 'False'
[4.765s] Level 5:colcon.colcon_core.verb:set package 'real_pure_pursuit' build argument 'cmake_force_configure' from command line to 'False'
[4.766s] Level 5:colcon.colcon_core.verb:set package 'real_pure_pursuit' build argument 'ament_cmake_args' from command line to 'None'
[4.766s] Level 5:colcon.colcon_core.verb:set package 'real_pure_pursuit' build argument 'catkin_cmake_args' from command line to 'None'
[4.766s] Level 5:colcon.colcon_core.verb:set package 'real_pure_pursuit' build argument 'catkin_skip_building_tests' from command line to 'False'
[4.766s] DEBUG:colcon.colcon_core.verb:Building package 'real_pure_pursuit' with the following arguments: {'ament_cmake_args': None, 'build_base': '/home/f1/f1tenth_ws/build/real_pure_pursuit', 'catkin_cmake_args': None, 'catkin_skip_building_tests': False, 'cmake_args': None, 'cmake_clean_cache': False, 'cmake_clean_first': False, 'cmake_force_configure': False, 'cmake_target': None, 'cmake_target_skip_unavailable': False, 'install_base': '/home/f1/f1tenth_ws/install/real_pure_pursuit', 'merge_install': False, 'path': '/home/f1/f1tenth_ws/src/real_pure_pursuit', 'symlink_install': False, 'test_result_base': None}
[4.767s] INFO:colcon.colcon_core.executor:Executing jobs using 'parallel' executor
[4.773s] DEBUG:colcon.colcon_parallel_executor.executor.parallel:run_until_complete
[4.774s] INFO:colcon.colcon_ros.task.ament_cmake.build:Building ROS package in '/home/f1/f1tenth_ws/src/real_pure_pursuit' with build type 'ament_cmake'
[4.775s] INFO:colcon.colcon_cmake.task.cmake.build:Building CMake package in '/home/f1/f1tenth_ws/src/real_pure_pursuit'
[4.790s] INFO:colcon.colcon_core.plugin_system:Skipping extension 'colcon_core.shell.bat': Not used on non-Windows systems
[4.792s] INFO:colcon.colcon_core.shell:Skip shell extension 'powershell' for command environment: Not usable outside of PowerShell
[4.792s] DEBUG:colcon.colcon_core.shell:Skip shell extension 'dsv' for command environment
[4.876s] DEBUG:colcon.colcon_core.event_handler.log_command:Invoking command in '/home/f1/f1tenth_ws/build/real_pure_pursuit': CMAKE_PREFIX_PATH=/opt/ros/foxy CONDA_PROMPT_MODIFIER=(base) /usr/bin/cmake --build /home/f1/f1tenth_ws/build/real_pure_pursuit -- -j6 -l6
[5.331s] DEBUG:colcon.colcon_core.event_handler.log_command:Invoked command in '/home/f1/f1tenth_ws/build/real_pure_pursuit' returned '0': CMAKE_PREFIX_PATH=/opt/ros/foxy CONDA_PROMPT_MODIFIER=(base) /usr/bin/cmake --build /home/f1/f1tenth_ws/build/real_pure_pursuit -- -j6 -l6
[5.419s] DEBUG:colcon.colcon_core.event_handler.log_command:Invoking command in '/home/f1/f1tenth_ws/build/real_pure_pursuit': CMAKE_PREFIX_PATH=/opt/ros/foxy CONDA_PROMPT_MODIFIER=(base) /usr/bin/cmake --install /home/f1/f1tenth_ws/build/real_pure_pursuit
[5.574s] Level 1:colcon.colcon_core.environment:create_environment_scripts_only(real_pure_pursuit)
[5.579s] DEBUG:colcon.colcon_core.event_handler.log_command:Invoked command in '/home/f1/f1tenth_ws/build/real_pure_pursuit' returned '0': CMAKE_PREFIX_PATH=/opt/ros/foxy CONDA_PROMPT_MODIFIER=(base) /usr/bin/cmake --install /home/f1/f1tenth_ws/build/real_pure_pursuit
[5.601s] Level 1:colcon.colcon_core.environment:checking '/home/f1/f1tenth_ws/install/real_pure_pursuit' for CMake module files
[5.606s] Level 1:colcon.colcon_core.environment:checking '/home/f1/f1tenth_ws/install/real_pure_pursuit' for CMake config files
[5.608s] Level 1:colcon.colcon_core.shell:create_environment_hook('real_pure_pursuit', 'cmake_prefix_path')
[5.610s] INFO:colcon.colcon_core.shell:Creating environment hook '/home/f1/f1tenth_ws/install/real_pure_pursuit/share/real_pure_pursuit/hook/cmake_prefix_path.ps1'
[5.615s] INFO:colcon.colcon_core.shell:Creating environment descriptor '/home/f1/f1tenth_ws/install/real_pure_pursuit/share/real_pure_pursuit/hook/cmake_prefix_path.dsv'
[5.618s] INFO:colcon.colcon_core.shell:Creating environment hook '/home/f1/f1tenth_ws/install/real_pure_pursuit/share/real_pure_pursuit/hook/cmake_prefix_path.sh'
[5.624s] Level 1:colcon.colcon_core.environment:checking '/home/f1/f1tenth_ws/install/real_pure_pursuit/lib'
[5.625s] Level 1:colcon.colcon_core.environment:checking '/home/f1/f1tenth_ws/install/real_pure_pursuit/bin'
[5.626s] Level 1:colcon.colcon_core.environment:checking '/home/f1/f1tenth_ws/install/real_pure_pursuit/lib/pkgconfig/real_pure_pursuit.pc'
[5.627s] Level 1:colcon.colcon_core.environment:checking '/home/f1/f1tenth_ws/install/real_pure_pursuit/lib/python3.8/site-packages'
[5.628s] Level 1:colcon.colcon_core.environment:checking '/home/f1/f1tenth_ws/install/real_pure_pursuit/bin'
[5.630s] INFO:colcon.colcon_core.shell:Creating package script '/home/f1/f1tenth_ws/install/real_pure_pursuit/share/real_pure_pursuit/package.ps1'
[5.635s] INFO:colcon.colcon_core.shell:Creating package descriptor '/home/f1/f1tenth_ws/install/real_pure_pursuit/share/real_pure_pursuit/package.dsv'
[5.639s] INFO:colcon.colcon_core.shell:Creating package script '/home/f1/f1tenth_ws/install/real_pure_pursuit/share/real_pure_pursuit/package.sh'
[5.644s] INFO:colcon.colcon_core.shell:Creating package script '/home/f1/f1tenth_ws/install/real_pure_pursuit/share/real_pure_pursuit/package.bash'
[5.649s] INFO:colcon.colcon_core.shell:Creating package script '/home/f1/f1tenth_ws/install/real_pure_pursuit/share/real_pure_pursuit/package.zsh'
[5.653s] Level 1:colcon.colcon_core.environment:create_file_with_runtime_dependencies(/home/f1/f1tenth_ws/install/real_pure_pursuit/share/colcon-core/packages/real_pure_pursuit)
[5.657s] Level 1:colcon.colcon_core.environment:create_environment_scripts_only(real_pure_pursuit)
[5.658s] Level 1:colcon.colcon_core.environment:checking '/home/f1/f1tenth_ws/install/real_pure_pursuit' for CMake module files
[5.662s] Level 1:colcon.colcon_core.environment:checking '/home/f1/f1tenth_ws/install/real_pure_pursuit' for CMake config files
[5.663s] Level 1:colcon.colcon_core.shell:create_environment_hook('real_pure_pursuit', 'cmake_prefix_path')
[5.665s] INFO:colcon.colcon_core.shell:Creating environment hook '/home/f1/f1tenth_ws/install/real_pure_pursuit/share/real_pure_pursuit/hook/cmake_prefix_path.ps1'
[5.668s] INFO:colcon.colcon_core.shell:Creating environment descriptor '/home/f1/f1tenth_ws/install/real_pure_pursuit/share/real_pure_pursuit/hook/cmake_prefix_path.dsv'
[5.670s] INFO:colcon.colcon_core.shell:Creating environment hook '/home/f1/f1tenth_ws/install/real_pure_pursuit/share/real_pure_pursuit/hook/cmake_prefix_path.sh'
[5.673s] Level 1:colcon.colcon_core.environment:checking '/home/f1/f1tenth_ws/install/real_pure_pursuit/lib'
[5.674s] Level 1:colcon.colcon_core.environment:checking '/home/f1/f1tenth_ws/install/real_pure_pursuit/bin'
[5.674s] Level 1:colcon.colcon_core.environment:checking '/home/f1/f1tenth_ws/install/real_pure_pursuit/lib/pkgconfig/real_pure_pursuit.pc'
[5.675s] Level 1:colcon.colcon_core.environment:checking '/home/f1/f1tenth_ws/install/real_pure_pursuit/lib/python3.8/site-packages'
[5.676s] Level 1:colcon.colcon_core.environment:checking '/home/f1/f1tenth_ws/install/real_pure_pursuit/bin'
[5.678s] INFO:colcon.colcon_core.shell:Creating package script '/home/f1/f1tenth_ws/install/real_pure_pursuit/share/real_pure_pursuit/package.ps1'
[5.681s] INFO:colcon.colcon_core.shell:Creating package descriptor '/home/f1/f1tenth_ws/install/real_pure_pursuit/share/real_pure_pursuit/package.dsv'
[5.684s] INFO:colcon.colcon_core.shell:Creating package script '/home/f1/f1tenth_ws/install/real_pure_pursuit/share/real_pure_pursuit/package.sh'
[5.688s] INFO:colcon.colcon_core.shell:Creating package script '/home/f1/f1tenth_ws/install/real_pure_pursuit/share/real_pure_pursuit/package.bash'
[5.691s] INFO:colcon.colcon_core.shell:Creating package script '/home/f1/f1tenth_ws/install/real_pure_pursuit/share/real_pure_pursuit/package.zsh'
[5.694s] Level 1:colcon.colcon_core.environment:create_file_with_runtime_dependencies(/home/f1/f1tenth_ws/install/real_pure_pursuit/share/colcon-core/packages/real_pure_pursuit)
[5.696s] DEBUG:colcon.colcon_parallel_executor.executor.parallel:closing loop
[5.698s] DEBUG:colcon.colcon_parallel_executor.executor.parallel:loop closed
[5.699s] DEBUG:colcon.colcon_parallel_executor.executor.parallel:run_until_complete finished with '0'
[5.699s] DEBUG:colcon.colcon_core.event_reactor:joining thread
[5.739s] INFO:colcon.colcon_core.plugin_system:Skipping extension 'colcon_notification.desktop_notification.terminal_notifier': Not used on non-Darwin systems
[5.740s] INFO:colcon.colcon_core.plugin_system:Skipping extension 'colcon_notification.desktop_notification.win32': Not used on non-Windows systems
[5.740s] INFO:colcon.colcon_notification.desktop_notification:Sending desktop notification using 'notify2'
[5.869s] DEBUG:colcon.colcon_core.event_reactor:joined thread
[5.871s] INFO:colcon.colcon_core.shell:Creating prefix script '/home/f1/f1tenth_ws/install/local_setup.ps1'
[5.880s] INFO:colcon.colcon_core.shell:Creating prefix util module '/home/f1/f1tenth_ws/install/_local_setup_util_ps1.py'
[5.907s] INFO:colcon.colcon_core.shell:Creating prefix chain script '/home/f1/f1tenth_ws/install/setup.ps1'
[5.921s] INFO:colcon.colcon_core.shell:Creating prefix script '/home/f1/f1tenth_ws/install/local_setup.sh'
[5.927s] INFO:colcon.colcon_core.shell:Creating prefix util module '/home/f1/f1tenth_ws/install/_local_setup_util_sh.py'
[5.934s] INFO:colcon.colcon_core.shell:Creating prefix chain script '/home/f1/f1tenth_ws/install/setup.sh'
[5.946s] INFO:colcon.colcon_core.shell:Creating prefix script '/home/f1/f1tenth_ws/install/local_setup.bash'
[5.952s] INFO:colcon.colcon_core.shell:Creating prefix chain script '/home/f1/f1tenth_ws/install/setup.bash'
[5.961s] INFO:colcon.colcon_core.shell:Creating prefix script '/home/f1/f1tenth_ws/install/local_setup.zsh'
[5.976s] INFO:colcon.colcon_core.shell:Creating prefix chain script '/home/f1/f1tenth_ws/install/setup.zsh'
