[1.142s] DEBUG:colcon:Command line arguments: ['/usr/bin/colcon', 'build', '--symlink-install', '--cmake-args', '-DCMAKE_BUILD_TYPE=Release']
[1.142s] DEBUG:colcon:Parsed command line arguments: Namespace(allow_overriding=[], ament_cmake_args=None, base_paths=['.'], build_base='build', catkin_cmake_args=None, catkin_skip_building_tests=False, cmake_args=['-DCMAKE_BUILD_TYPE=Release'], cmake_clean_cache=False, cmake_clean_first=False, cmake_force_configure=False, cmake_target=None, cmake_target_skip_unavailable=False, continue_on_error=False, event_handlers=None, executor='parallel', ignore_user_meta=False, install_base='install', log_base=None, log_level=None, main=<bound method BuildVerb.main of <colcon_core.verb.build.BuildVerb object at 0xffff8a4626a0>>, merge_install=False, metas=['./colcon.meta'], mixin=None, mixin_files=None, mixin_verb=('build',), packages_above=None, packages_above_and_dependencies=None, packages_above_depth=None, packages_end=None, packages_ignore=None, packages_ignore_regex=None, packages_select=None, packages_select_build_failed=False, packages_select_by_dep=None, packages_select_regex=None, packages_select_test_failures=False, packages_skip=None, packages_skip_build_finished=False, packages_skip_by_dep=None, packages_skip_regex=None, packages_skip_test_passed=False, packages_skip_up_to=None, packages_start=None, packages_up_to=None, packages_up_to_regex=None, parallel_workers=6, paths=None, symlink_install=True, test_result_base=None, verb_extension=<colcon_core.verb.build.BuildVerb object at 0xffff8a4626a0>, verb_name='build', verb_parser=<colcon_mixin.mixin.mixin_argument.MixinArgumentDecorator object at 0xffff8a398d00>)
[2.085s] Level 1:colcon.colcon_core.package_discovery:discover_packages(colcon_meta) check parameters
[2.086s] Level 1:colcon.colcon_core.package_discovery:discover_packages(recursive) check parameters
[2.086s] Level 1:colcon.colcon_core.package_discovery:discover_packages(ignore) check parameters
[2.086s] Level 1:colcon.colcon_core.package_discovery:discover_packages(path) check parameters
[2.087s] Level 1:colcon.colcon_core.package_discovery:discover_packages(colcon_meta) discover
[2.087s] Level 1:colcon.colcon_core.package_discovery:discover_packages(recursive) discover
[2.087s] INFO:colcon.colcon_core.package_discovery:Crawling recursively for packages in '/home/f1/f1tenth_ws'
[2.088s] Level 1:colcon.colcon_core.package_identification:_identify(.) by extensions ['ignore', 'ignore_ament_install']
[2.089s] Level 1:colcon.colcon_core.package_identification:_identify(.) by extension 'ignore'
[2.089s] Level 1:colcon.colcon_core.package_identification:_identify(.) by extension 'ignore_ament_install'
[2.090s] Level 1:colcon.colcon_core.package_identification:_identify(.) by extensions ['colcon_pkg']
[2.090s] Level 1:colcon.colcon_core.package_identification:_identify(.) by extension 'colcon_pkg'
[2.090s] Level 1:colcon.colcon_core.package_identification:_identify(.) by extensions ['colcon_meta']
[2.090s] Level 1:colcon.colcon_core.package_identification:_identify(.) by extension 'colcon_meta'
[2.090s] Level 1:colcon.colcon_core.package_identification:_identify(.) by extensions ['ros']
[2.091s] Level 1:colcon.colcon_core.package_identification:_identify(.) by extension 'ros'
[2.148s] Level 1:colcon.colcon_core.package_identification:_identify(.) by extensions ['cmake', 'python']
[2.149s] Level 1:colcon.colcon_core.package_identification:_identify(.) by extension 'cmake'
[2.149s] Level 1:colcon.colcon_core.package_identification:_identify(.) by extension 'python'
[2.149s] Level 1:colcon.colcon_core.package_identification:_identify(.) by extensions ['python_setup_py']
[2.150s] Level 1:colcon.colcon_core.package_identification:_identify(.) by extension 'python_setup_py'
[2.150s] Level 1:colcon.colcon_core.package_identification:_identify(build) by extensions ['ignore', 'ignore_ament_install']
[2.151s] Level 1:colcon.colcon_core.package_identification:_identify(build) by extension 'ignore'
[2.151s] Level 1:colcon.colcon_core.package_identification:_identify(build) ignored
[2.152s] Level 1:colcon.colcon_core.package_identification:_identify(config) by extensions ['ignore', 'ignore_ament_install']
[2.152s] Level 1:colcon.colcon_core.package_identification:_identify(config) by extension 'ignore'
[2.153s] Level 1:colcon.colcon_core.package_identification:_identify(config) by extension 'ignore_ament_install'
[2.153s] Level 1:colcon.colcon_core.package_identification:_identify(config) by extensions ['colcon_pkg']
[2.153s] Level 1:colcon.colcon_core.package_identification:_identify(config) by extension 'colcon_pkg'
[2.153s] Level 1:colcon.colcon_core.package_identification:_identify(config) by extensions ['colcon_meta']
[2.154s] Level 1:colcon.colcon_core.package_identification:_identify(config) by extension 'colcon_meta'
[2.154s] Level 1:colcon.colcon_core.package_identification:_identify(config) by extensions ['ros']
[2.154s] Level 1:colcon.colcon_core.package_identification:_identify(config) by extension 'ros'
[2.154s] Level 1:colcon.colcon_core.package_identification:_identify(config) by extensions ['cmake', 'python']
[2.155s] Level 1:colcon.colcon_core.package_identification:_identify(config) by extension 'cmake'
[2.155s] Level 1:colcon.colcon_core.package_identification:_identify(config) by extension 'python'
[2.155s] Level 1:colcon.colcon_core.package_identification:_identify(config) by extensions ['python_setup_py']
[2.155s] Level 1:colcon.colcon_core.package_identification:_identify(config) by extension 'python_setup_py'
[2.156s] Level 1:colcon.colcon_core.package_identification:_identify(install) by extensions ['ignore', 'ignore_ament_install']
[2.156s] Level 1:colcon.colcon_core.package_identification:_identify(install) by extension 'ignore'
[2.157s] Level 1:colcon.colcon_core.package_identification:_identify(install) ignored
[2.157s] Level 1:colcon.colcon_core.package_identification:_identify(launch) by extensions ['ignore', 'ignore_ament_install']
[2.157s] Level 1:colcon.colcon_core.package_identification:_identify(launch) by extension 'ignore'
[2.158s] Level 1:colcon.colcon_core.package_identification:_identify(launch) by extension 'ignore_ament_install'
[2.158s] Level 1:colcon.colcon_core.package_identification:_identify(launch) by extensions ['colcon_pkg']
[2.158s] Level 1:colcon.colcon_core.package_identification:_identify(launch) by extension 'colcon_pkg'
[2.158s] Level 1:colcon.colcon_core.package_identification:_identify(launch) by extensions ['colcon_meta']
[2.159s] Level 1:colcon.colcon_core.package_identification:_identify(launch) by extension 'colcon_meta'
[2.159s] Level 1:colcon.colcon_core.package_identification:_identify(launch) by extensions ['ros']
[2.159s] Level 1:colcon.colcon_core.package_identification:_identify(launch) by extension 'ros'
[2.159s] Level 1:colcon.colcon_core.package_identification:_identify(launch) by extensions ['cmake', 'python']
[2.160s] Level 1:colcon.colcon_core.package_identification:_identify(launch) by extension 'cmake'
[2.160s] Level 1:colcon.colcon_core.package_identification:_identify(launch) by extension 'python'
[2.160s] Level 1:colcon.colcon_core.package_identification:_identify(launch) by extensions ['python_setup_py']
[2.160s] Level 1:colcon.colcon_core.package_identification:_identify(launch) by extension 'python_setup_py'
[2.161s] Level 1:colcon.colcon_core.package_identification:_identify(launch/__pycache__) by extensions ['ignore', 'ignore_ament_install']
[2.161s] Level 1:colcon.colcon_core.package_identification:_identify(launch/__pycache__) by extension 'ignore'
[2.162s] Level 1:colcon.colcon_core.package_identification:_identify(launch/__pycache__) by extension 'ignore_ament_install'
[2.162s] Level 1:colcon.colcon_core.package_identification:_identify(launch/__pycache__) by extensions ['colcon_pkg']
[2.162s] Level 1:colcon.colcon_core.package_identification:_identify(launch/__pycache__) by extension 'colcon_pkg'
[2.162s] Level 1:colcon.colcon_core.package_identification:_identify(launch/__pycache__) by extensions ['colcon_meta']
[2.162s] Level 1:colcon.colcon_core.package_identification:_identify(launch/__pycache__) by extension 'colcon_meta'
[2.163s] Level 1:colcon.colcon_core.package_identification:_identify(launch/__pycache__) by extensions ['ros']
[2.163s] Level 1:colcon.colcon_core.package_identification:_identify(launch/__pycache__) by extension 'ros'
[2.163s] Level 1:colcon.colcon_core.package_identification:_identify(launch/__pycache__) by extensions ['cmake', 'python']
[2.164s] Level 1:colcon.colcon_core.package_identification:_identify(launch/__pycache__) by extension 'cmake'
[2.164s] Level 1:colcon.colcon_core.package_identification:_identify(launch/__pycache__) by extension 'python'
[2.164s] Level 1:colcon.colcon_core.package_identification:_identify(launch/__pycache__) by extensions ['python_setup_py']
[2.164s] Level 1:colcon.colcon_core.package_identification:_identify(launch/__pycache__) by extension 'python_setup_py'
[2.166s] Level 1:colcon.colcon_core.package_identification:_identify(log) by extensions ['ignore', 'ignore_ament_install']
[2.166s] Level 1:colcon.colcon_core.package_identification:_identify(log) by extension 'ignore'
[2.166s] Level 1:colcon.colcon_core.package_identification:_identify(log) ignored
[2.167s] Level 1:colcon.colcon_core.package_identification:_identify(maps_racelines_) by extensions ['ignore', 'ignore_ament_install']
[2.167s] Level 1:colcon.colcon_core.package_identification:_identify(maps_racelines_) by extension 'ignore'
[2.167s] Level 1:colcon.colcon_core.package_identification:_identify(maps_racelines_) by extension 'ignore_ament_install'
[2.168s] Level 1:colcon.colcon_core.package_identification:_identify(maps_racelines_) by extensions ['colcon_pkg']
[2.168s] Level 1:colcon.colcon_core.package_identification:_identify(maps_racelines_) by extension 'colcon_pkg'
[2.168s] Level 1:colcon.colcon_core.package_identification:_identify(maps_racelines_) by extensions ['colcon_meta']
[2.168s] Level 1:colcon.colcon_core.package_identification:_identify(maps_racelines_) by extension 'colcon_meta'
[2.169s] Level 1:colcon.colcon_core.package_identification:_identify(maps_racelines_) by extensions ['ros']
[2.169s] Level 1:colcon.colcon_core.package_identification:_identify(maps_racelines_) by extension 'ros'
[2.169s] Level 1:colcon.colcon_core.package_identification:_identify(maps_racelines_) by extensions ['cmake', 'python']
[2.170s] Level 1:colcon.colcon_core.package_identification:_identify(maps_racelines_) by extension 'cmake'
[2.170s] Level 1:colcon.colcon_core.package_identification:_identify(maps_racelines_) by extension 'python'
[2.170s] Level 1:colcon.colcon_core.package_identification:_identify(maps_racelines_) by extensions ['python_setup_py']
[2.170s] Level 1:colcon.colcon_core.package_identification:_identify(maps_racelines_) by extension 'python_setup_py'
[2.171s] Level 1:colcon.colcon_core.package_identification:_identify(maps_racelines_/maps) by extensions ['ignore', 'ignore_ament_install']
[2.171s] Level 1:colcon.colcon_core.package_identification:_identify(maps_racelines_/maps) by extension 'ignore'
[2.171s] Level 1:colcon.colcon_core.package_identification:_identify(maps_racelines_/maps) by extension 'ignore_ament_install'
[2.172s] Level 1:colcon.colcon_core.package_identification:_identify(maps_racelines_/maps) by extensions ['colcon_pkg']
[2.172s] Level 1:colcon.colcon_core.package_identification:_identify(maps_racelines_/maps) by extension 'colcon_pkg'
[2.172s] Level 1:colcon.colcon_core.package_identification:_identify(maps_racelines_/maps) by extensions ['colcon_meta']
[2.172s] Level 1:colcon.colcon_core.package_identification:_identify(maps_racelines_/maps) by extension 'colcon_meta'
[2.173s] Level 1:colcon.colcon_core.package_identification:_identify(maps_racelines_/maps) by extensions ['ros']
[2.173s] Level 1:colcon.colcon_core.package_identification:_identify(maps_racelines_/maps) by extension 'ros'
[2.173s] Level 1:colcon.colcon_core.package_identification:_identify(maps_racelines_/maps) by extensions ['cmake', 'python']
[2.174s] Level 1:colcon.colcon_core.package_identification:_identify(maps_racelines_/maps) by extension 'cmake'
[2.174s] Level 1:colcon.colcon_core.package_identification:_identify(maps_racelines_/maps) by extension 'python'
[2.174s] Level 1:colcon.colcon_core.package_identification:_identify(maps_racelines_/maps) by extensions ['python_setup_py']
[2.174s] Level 1:colcon.colcon_core.package_identification:_identify(maps_racelines_/maps) by extension 'python_setup_py'
[2.175s] Level 1:colcon.colcon_core.package_identification:_identify(maps_racelines_/raceline) by extensions ['ignore', 'ignore_ament_install']
[2.175s] Level 1:colcon.colcon_core.package_identification:_identify(maps_racelines_/raceline) by extension 'ignore'
[2.176s] Level 1:colcon.colcon_core.package_identification:_identify(maps_racelines_/raceline) by extension 'ignore_ament_install'
[2.176s] Level 1:colcon.colcon_core.package_identification:_identify(maps_racelines_/raceline) by extensions ['colcon_pkg']
[2.176s] Level 1:colcon.colcon_core.package_identification:_identify(maps_racelines_/raceline) by extension 'colcon_pkg'
[2.176s] Level 1:colcon.colcon_core.package_identification:_identify(maps_racelines_/raceline) by extensions ['colcon_meta']
[2.176s] Level 1:colcon.colcon_core.package_identification:_identify(maps_racelines_/raceline) by extension 'colcon_meta'
[2.177s] Level 1:colcon.colcon_core.package_identification:_identify(maps_racelines_/raceline) by extensions ['ros']
[2.177s] Level 1:colcon.colcon_core.package_identification:_identify(maps_racelines_/raceline) by extension 'ros'
[2.177s] Level 1:colcon.colcon_core.package_identification:_identify(maps_racelines_/raceline) by extensions ['cmake', 'python']
[2.178s] Level 1:colcon.colcon_core.package_identification:_identify(maps_racelines_/raceline) by extension 'cmake'
[2.178s] Level 1:colcon.colcon_core.package_identification:_identify(maps_racelines_/raceline) by extension 'python'
[2.178s] Level 1:colcon.colcon_core.package_identification:_identify(maps_racelines_/raceline) by extensions ['python_setup_py']
[2.178s] Level 1:colcon.colcon_core.package_identification:_identify(maps_racelines_/raceline) by extension 'python_setup_py'
[2.179s] Level 1:colcon.colcon_core.package_identification:_identify(maps_racelines_/src) by extensions ['ignore', 'ignore_ament_install']
[2.179s] Level 1:colcon.colcon_core.package_identification:_identify(maps_racelines_/src) by extension 'ignore'
[2.180s] Level 1:colcon.colcon_core.package_identification:_identify(maps_racelines_/src) by extension 'ignore_ament_install'
[2.180s] Level 1:colcon.colcon_core.package_identification:_identify(maps_racelines_/src) by extensions ['colcon_pkg']
[2.180s] Level 1:colcon.colcon_core.package_identification:_identify(maps_racelines_/src) by extension 'colcon_pkg'
[2.180s] Level 1:colcon.colcon_core.package_identification:_identify(maps_racelines_/src) by extensions ['colcon_meta']
[2.181s] Level 1:colcon.colcon_core.package_identification:_identify(maps_racelines_/src) by extension 'colcon_meta'
[2.181s] Level 1:colcon.colcon_core.package_identification:_identify(maps_racelines_/src) by extensions ['ros']
[2.181s] Level 1:colcon.colcon_core.package_identification:_identify(maps_racelines_/src) by extension 'ros'
[2.181s] Level 1:colcon.colcon_core.package_identification:_identify(maps_racelines_/src) by extensions ['cmake', 'python']
[2.182s] Level 1:colcon.colcon_core.package_identification:_identify(maps_racelines_/src) by extension 'cmake'
[2.182s] Level 1:colcon.colcon_core.package_identification:_identify(maps_racelines_/src) by extension 'python'
[2.182s] Level 1:colcon.colcon_core.package_identification:_identify(maps_racelines_/src) by extensions ['python_setup_py']
[2.182s] Level 1:colcon.colcon_core.package_identification:_identify(maps_racelines_/src) by extension 'python_setup_py'
[2.183s] Level 1:colcon.colcon_core.package_identification:_identify(maps_racelines_/src/__pycache__) by extensions ['ignore', 'ignore_ament_install']
[2.183s] Level 1:colcon.colcon_core.package_identification:_identify(maps_racelines_/src/__pycache__) by extension 'ignore'
[2.184s] Level 1:colcon.colcon_core.package_identification:_identify(maps_racelines_/src/__pycache__) by extension 'ignore_ament_install'
[2.184s] Level 1:colcon.colcon_core.package_identification:_identify(maps_racelines_/src/__pycache__) by extensions ['colcon_pkg']
[2.184s] Level 1:colcon.colcon_core.package_identification:_identify(maps_racelines_/src/__pycache__) by extension 'colcon_pkg'
[2.184s] Level 1:colcon.colcon_core.package_identification:_identify(maps_racelines_/src/__pycache__) by extensions ['colcon_meta']
[2.185s] Level 1:colcon.colcon_core.package_identification:_identify(maps_racelines_/src/__pycache__) by extension 'colcon_meta'
[2.185s] Level 1:colcon.colcon_core.package_identification:_identify(maps_racelines_/src/__pycache__) by extensions ['ros']
[2.185s] Level 1:colcon.colcon_core.package_identification:_identify(maps_racelines_/src/__pycache__) by extension 'ros'
[2.186s] Level 1:colcon.colcon_core.package_identification:_identify(maps_racelines_/src/__pycache__) by extensions ['cmake', 'python']
[2.186s] Level 1:colcon.colcon_core.package_identification:_identify(maps_racelines_/src/__pycache__) by extension 'cmake'
[2.186s] Level 1:colcon.colcon_core.package_identification:_identify(maps_racelines_/src/__pycache__) by extension 'python'
[2.186s] Level 1:colcon.colcon_core.package_identification:_identify(maps_racelines_/src/__pycache__) by extensions ['python_setup_py']
[2.186s] Level 1:colcon.colcon_core.package_identification:_identify(maps_racelines_/src/__pycache__) by extension 'python_setup_py'
[2.187s] Level 1:colcon.colcon_core.package_identification:_identify(maps_racelines_/src/outputs) by extensions ['ignore', 'ignore_ament_install']
[2.187s] Level 1:colcon.colcon_core.package_identification:_identify(maps_racelines_/src/outputs) by extension 'ignore'
[2.188s] Level 1:colcon.colcon_core.package_identification:_identify(maps_racelines_/src/outputs) by extension 'ignore_ament_install'
[2.188s] Level 1:colcon.colcon_core.package_identification:_identify(maps_racelines_/src/outputs) by extensions ['colcon_pkg']
[2.188s] Level 1:colcon.colcon_core.package_identification:_identify(maps_racelines_/src/outputs) by extension 'colcon_pkg'
[2.189s] Level 1:colcon.colcon_core.package_identification:_identify(maps_racelines_/src/outputs) by extensions ['colcon_meta']
[2.189s] Level 1:colcon.colcon_core.package_identification:_identify(maps_racelines_/src/outputs) by extension 'colcon_meta'
[2.189s] Level 1:colcon.colcon_core.package_identification:_identify(maps_racelines_/src/outputs) by extensions ['ros']
[2.189s] Level 1:colcon.colcon_core.package_identification:_identify(maps_racelines_/src/outputs) by extension 'ros'
[2.190s] Level 1:colcon.colcon_core.package_identification:_identify(maps_racelines_/src/outputs) by extensions ['cmake', 'python']
[2.190s] Level 1:colcon.colcon_core.package_identification:_identify(maps_racelines_/src/outputs) by extension 'cmake'
[2.190s] Level 1:colcon.colcon_core.package_identification:_identify(maps_racelines_/src/outputs) by extension 'python'
[2.190s] Level 1:colcon.colcon_core.package_identification:_identify(maps_racelines_/src/outputs) by extensions ['python_setup_py']
[2.191s] Level 1:colcon.colcon_core.package_identification:_identify(maps_racelines_/src/outputs) by extension 'python_setup_py'
[2.191s] Level 1:colcon.colcon_core.package_identification:_identify(maps_racelines_/src/outputs/gap_map_path) by extensions ['ignore', 'ignore_ament_install']
[2.192s] Level 1:colcon.colcon_core.package_identification:_identify(maps_racelines_/src/outputs/gap_map_path) by extension 'ignore'
[2.192s] Level 1:colcon.colcon_core.package_identification:_identify(maps_racelines_/src/outputs/gap_map_path) by extension 'ignore_ament_install'
[2.192s] Level 1:colcon.colcon_core.package_identification:_identify(maps_racelines_/src/outputs/gap_map_path) by extensions ['colcon_pkg']
[2.192s] Level 1:colcon.colcon_core.package_identification:_identify(maps_racelines_/src/outputs/gap_map_path) by extension 'colcon_pkg'
[2.193s] Level 1:colcon.colcon_core.package_identification:_identify(maps_racelines_/src/outputs/gap_map_path) by extensions ['colcon_meta']
[2.193s] Level 1:colcon.colcon_core.package_identification:_identify(maps_racelines_/src/outputs/gap_map_path) by extension 'colcon_meta'
[2.193s] Level 1:colcon.colcon_core.package_identification:_identify(maps_racelines_/src/outputs/gap_map_path) by extensions ['ros']
[2.193s] Level 1:colcon.colcon_core.package_identification:_identify(maps_racelines_/src/outputs/gap_map_path) by extension 'ros'
[2.194s] Level 1:colcon.colcon_core.package_identification:_identify(maps_racelines_/src/outputs/gap_map_path) by extensions ['cmake', 'python']
[2.194s] Level 1:colcon.colcon_core.package_identification:_identify(maps_racelines_/src/outputs/gap_map_path) by extension 'cmake'
[2.194s] Level 1:colcon.colcon_core.package_identification:_identify(maps_racelines_/src/outputs/gap_map_path) by extension 'python'
[2.195s] Level 1:colcon.colcon_core.package_identification:_identify(maps_racelines_/src/outputs/gap_map_path) by extensions ['python_setup_py']
[2.195s] Level 1:colcon.colcon_core.package_identification:_identify(maps_racelines_/src/outputs/gap_map_path) by extension 'python_setup_py'
[2.195s] Level 1:colcon.colcon_core.package_identification:_identify(maps_racelines_/src/params) by extensions ['ignore', 'ignore_ament_install']
[2.196s] Level 1:colcon.colcon_core.package_identification:_identify(maps_racelines_/src/params) by extension 'ignore'
[2.196s] Level 1:colcon.colcon_core.package_identification:_identify(maps_racelines_/src/params) by extension 'ignore_ament_install'
[2.196s] Level 1:colcon.colcon_core.package_identification:_identify(maps_racelines_/src/params) by extensions ['colcon_pkg']
[2.197s] Level 1:colcon.colcon_core.package_identification:_identify(maps_racelines_/src/params) by extension 'colcon_pkg'
[2.197s] Level 1:colcon.colcon_core.package_identification:_identify(maps_racelines_/src/params) by extensions ['colcon_meta']
[2.197s] Level 1:colcon.colcon_core.package_identification:_identify(maps_racelines_/src/params) by extension 'colcon_meta'
[2.197s] Level 1:colcon.colcon_core.package_identification:_identify(maps_racelines_/src/params) by extensions ['ros']
[2.198s] Level 1:colcon.colcon_core.package_identification:_identify(maps_racelines_/src/params) by extension 'ros'
[2.198s] Level 1:colcon.colcon_core.package_identification:_identify(maps_racelines_/src/params) by extensions ['cmake', 'python']
[2.198s] Level 1:colcon.colcon_core.package_identification:_identify(maps_racelines_/src/params) by extension 'cmake'
[2.199s] Level 1:colcon.colcon_core.package_identification:_identify(maps_racelines_/src/params) by extension 'python'
[2.199s] Level 1:colcon.colcon_core.package_identification:_identify(maps_racelines_/src/params) by extensions ['python_setup_py']
[2.199s] Level 1:colcon.colcon_core.package_identification:_identify(maps_racelines_/src/params) by extension 'python_setup_py'
[2.200s] Level 1:colcon.colcon_core.package_identification:_identify(maps_racelines_/src/temp) by extensions ['ignore', 'ignore_ament_install']
[2.200s] Level 1:colcon.colcon_core.package_identification:_identify(maps_racelines_/src/temp) by extension 'ignore'
[2.200s] Level 1:colcon.colcon_core.package_identification:_identify(maps_racelines_/src/temp) by extension 'ignore_ament_install'
[2.201s] Level 1:colcon.colcon_core.package_identification:_identify(maps_racelines_/src/temp) by extensions ['colcon_pkg']
[2.201s] Level 1:colcon.colcon_core.package_identification:_identify(maps_racelines_/src/temp) by extension 'colcon_pkg'
[2.201s] Level 1:colcon.colcon_core.package_identification:_identify(maps_racelines_/src/temp) by extensions ['colcon_meta']
[2.201s] Level 1:colcon.colcon_core.package_identification:_identify(maps_racelines_/src/temp) by extension 'colcon_meta'
[2.202s] Level 1:colcon.colcon_core.package_identification:_identify(maps_racelines_/src/temp) by extensions ['ros']
[2.202s] Level 1:colcon.colcon_core.package_identification:_identify(maps_racelines_/src/temp) by extension 'ros'
[2.202s] Level 1:colcon.colcon_core.package_identification:_identify(maps_racelines_/src/temp) by extensions ['cmake', 'python']
[2.202s] Level 1:colcon.colcon_core.package_identification:_identify(maps_racelines_/src/temp) by extension 'cmake'
[2.203s] Level 1:colcon.colcon_core.package_identification:_identify(maps_racelines_/src/temp) by extension 'python'
[2.203s] Level 1:colcon.colcon_core.package_identification:_identify(maps_racelines_/src/temp) by extensions ['python_setup_py']
[2.203s] Level 1:colcon.colcon_core.package_identification:_identify(maps_racelines_/src/temp) by extension 'python_setup_py'
[2.204s] Level 1:colcon.colcon_core.package_identification:_identify(rosbag) by extensions ['ignore', 'ignore_ament_install']
[2.204s] Level 1:colcon.colcon_core.package_identification:_identify(rosbag) by extension 'ignore'
[2.204s] Level 1:colcon.colcon_core.package_identification:_identify(rosbag) by extension 'ignore_ament_install'
[2.205s] Level 1:colcon.colcon_core.package_identification:_identify(rosbag) by extensions ['colcon_pkg']
[2.205s] Level 1:colcon.colcon_core.package_identification:_identify(rosbag) by extension 'colcon_pkg'
[2.205s] Level 1:colcon.colcon_core.package_identification:_identify(rosbag) by extensions ['colcon_meta']
[2.205s] Level 1:colcon.colcon_core.package_identification:_identify(rosbag) by extension 'colcon_meta'
[2.206s] Level 1:colcon.colcon_core.package_identification:_identify(rosbag) by extensions ['ros']
[2.206s] Level 1:colcon.colcon_core.package_identification:_identify(rosbag) by extension 'ros'
[2.206s] Level 1:colcon.colcon_core.package_identification:_identify(rosbag) by extensions ['cmake', 'python']
[2.207s] Level 1:colcon.colcon_core.package_identification:_identify(rosbag) by extension 'cmake'
[2.207s] Level 1:colcon.colcon_core.package_identification:_identify(rosbag) by extension 'python'
[2.207s] Level 1:colcon.colcon_core.package_identification:_identify(rosbag) by extensions ['python_setup_py']
[2.207s] Level 1:colcon.colcon_core.package_identification:_identify(rosbag) by extension 'python_setup_py'
[2.208s] Level 1:colcon.colcon_core.package_identification:_identify(rosbag/rosbag2_2025_09_18-18_36_26) by extensions ['ignore', 'ignore_ament_install']
[2.208s] Level 1:colcon.colcon_core.package_identification:_identify(rosbag/rosbag2_2025_09_18-18_36_26) by extension 'ignore'
[2.208s] Level 1:colcon.colcon_core.package_identification:_identify(rosbag/rosbag2_2025_09_18-18_36_26) by extension 'ignore_ament_install'
[2.209s] Level 1:colcon.colcon_core.package_identification:_identify(rosbag/rosbag2_2025_09_18-18_36_26) by extensions ['colcon_pkg']
[2.209s] Level 1:colcon.colcon_core.package_identification:_identify(rosbag/rosbag2_2025_09_18-18_36_26) by extension 'colcon_pkg'
[2.209s] Level 1:colcon.colcon_core.package_identification:_identify(rosbag/rosbag2_2025_09_18-18_36_26) by extensions ['colcon_meta']
[2.209s] Level 1:colcon.colcon_core.package_identification:_identify(rosbag/rosbag2_2025_09_18-18_36_26) by extension 'colcon_meta'
[2.210s] Level 1:colcon.colcon_core.package_identification:_identify(rosbag/rosbag2_2025_09_18-18_36_26) by extensions ['ros']
[2.210s] Level 1:colcon.colcon_core.package_identification:_identify(rosbag/rosbag2_2025_09_18-18_36_26) by extension 'ros'
[2.210s] Level 1:colcon.colcon_core.package_identification:_identify(rosbag/rosbag2_2025_09_18-18_36_26) by extensions ['cmake', 'python']
[2.210s] Level 1:colcon.colcon_core.package_identification:_identify(rosbag/rosbag2_2025_09_18-18_36_26) by extension 'cmake'
[2.211s] Level 1:colcon.colcon_core.package_identification:_identify(rosbag/rosbag2_2025_09_18-18_36_26) by extension 'python'
[2.211s] Level 1:colcon.colcon_core.package_identification:_identify(rosbag/rosbag2_2025_09_18-18_36_26) by extensions ['python_setup_py']
[2.211s] Level 1:colcon.colcon_core.package_identification:_identify(rosbag/rosbag2_2025_09_18-18_36_26) by extension 'python_setup_py'
[2.212s] Level 1:colcon.colcon_core.package_identification:_identify(src) by extensions ['ignore', 'ignore_ament_install']
[2.212s] Level 1:colcon.colcon_core.package_identification:_identify(src) by extension 'ignore'
[2.212s] Level 1:colcon.colcon_core.package_identification:_identify(src) by extension 'ignore_ament_install'
[2.213s] Level 1:colcon.colcon_core.package_identification:_identify(src) by extensions ['colcon_pkg']
[2.213s] Level 1:colcon.colcon_core.package_identification:_identify(src) by extension 'colcon_pkg'
[2.213s] Level 1:colcon.colcon_core.package_identification:_identify(src) by extensions ['colcon_meta']
[2.213s] Level 1:colcon.colcon_core.package_identification:_identify(src) by extension 'colcon_meta'
[2.214s] Level 1:colcon.colcon_core.package_identification:_identify(src) by extensions ['ros']
[2.214s] Level 1:colcon.colcon_core.package_identification:_identify(src) by extension 'ros'
[2.214s] Level 1:colcon.colcon_core.package_identification:_identify(src) by extensions ['cmake', 'python']
[2.214s] Level 1:colcon.colcon_core.package_identification:_identify(src) by extension 'cmake'
[2.215s] Level 1:colcon.colcon_core.package_identification:_identify(src) by extension 'python'
[2.215s] Level 1:colcon.colcon_core.package_identification:_identify(src) by extensions ['python_setup_py']
[2.215s] Level 1:colcon.colcon_core.package_identification:_identify(src) by extension 'python_setup_py'
[2.216s] Level 1:colcon.colcon_core.package_identification:_identify(src/build) by extensions ['ignore', 'ignore_ament_install']
[2.216s] Level 1:colcon.colcon_core.package_identification:_identify(src/build) by extension 'ignore'
[2.216s] Level 1:colcon.colcon_core.package_identification:_identify(src/build) ignored
[2.217s] Level 1:colcon.colcon_core.package_identification:_identify(src/center_follow_cpp) by extensions ['ignore', 'ignore_ament_install']
[2.217s] Level 1:colcon.colcon_core.package_identification:_identify(src/center_follow_cpp) by extension 'ignore'
[2.218s] Level 1:colcon.colcon_core.package_identification:_identify(src/center_follow_cpp) by extension 'ignore_ament_install'
[2.218s] Level 1:colcon.colcon_core.package_identification:_identify(src/center_follow_cpp) by extensions ['colcon_pkg']
[2.218s] Level 1:colcon.colcon_core.package_identification:_identify(src/center_follow_cpp) by extension 'colcon_pkg'
[2.218s] Level 1:colcon.colcon_core.package_identification:_identify(src/center_follow_cpp) by extensions ['colcon_meta']
[2.218s] Level 1:colcon.colcon_core.package_identification:_identify(src/center_follow_cpp) by extension 'colcon_meta'
[2.219s] Level 1:colcon.colcon_core.package_identification:_identify(src/center_follow_cpp) by extensions ['ros']
[2.219s] Level 1:colcon.colcon_core.package_identification:_identify(src/center_follow_cpp) by extension 'ros'
[2.233s] DEBUG:colcon.colcon_core.package_identification:Package 'src/center_follow_cpp' with type 'ros.ament_cmake' and name 'center_follow_cpp'
[2.234s] Level 1:colcon.colcon_core.package_identification:_identify(src/f1tenth_slam_nav) by extensions ['ignore', 'ignore_ament_install']
[2.234s] Level 1:colcon.colcon_core.package_identification:_identify(src/f1tenth_slam_nav) by extension 'ignore'
[2.235s] Level 1:colcon.colcon_core.package_identification:_identify(src/f1tenth_slam_nav) by extension 'ignore_ament_install'
[2.235s] Level 1:colcon.colcon_core.package_identification:_identify(src/f1tenth_slam_nav) by extensions ['colcon_pkg']
[2.235s] Level 1:colcon.colcon_core.package_identification:_identify(src/f1tenth_slam_nav) by extension 'colcon_pkg'
[2.235s] Level 1:colcon.colcon_core.package_identification:_identify(src/f1tenth_slam_nav) by extensions ['colcon_meta']
[2.235s] Level 1:colcon.colcon_core.package_identification:_identify(src/f1tenth_slam_nav) by extension 'colcon_meta'
[2.236s] Level 1:colcon.colcon_core.package_identification:_identify(src/f1tenth_slam_nav) by extensions ['ros']
[2.236s] Level 1:colcon.colcon_core.package_identification:_identify(src/f1tenth_slam_nav) by extension 'ros'
[2.248s] DEBUG:colcon.colcon_core.package_identification:Package 'src/f1tenth_slam_nav' with type 'ros.ament_cmake' and name 'f1tenth_slam_nav'
[2.249s] Level 1:colcon.colcon_core.package_identification:_identify(src/f1tenth_system) by extensions ['ignore', 'ignore_ament_install']
[2.249s] Level 1:colcon.colcon_core.package_identification:_identify(src/f1tenth_system) by extension 'ignore'
[2.249s] Level 1:colcon.colcon_core.package_identification:_identify(src/f1tenth_system) by extension 'ignore_ament_install'
[2.250s] Level 1:colcon.colcon_core.package_identification:_identify(src/f1tenth_system) by extensions ['colcon_pkg']
[2.250s] Level 1:colcon.colcon_core.package_identification:_identify(src/f1tenth_system) by extension 'colcon_pkg'
[2.250s] Level 1:colcon.colcon_core.package_identification:_identify(src/f1tenth_system) by extensions ['colcon_meta']
[2.250s] Level 1:colcon.colcon_core.package_identification:_identify(src/f1tenth_system) by extension 'colcon_meta'
[2.251s] Level 1:colcon.colcon_core.package_identification:_identify(src/f1tenth_system) by extensions ['ros']
[2.251s] Level 1:colcon.colcon_core.package_identification:_identify(src/f1tenth_system) by extension 'ros'
[2.251s] Level 1:colcon.colcon_core.package_identification:_identify(src/f1tenth_system) by extensions ['cmake', 'python']
[2.251s] Level 1:colcon.colcon_core.package_identification:_identify(src/f1tenth_system) by extension 'cmake'
[2.252s] Level 1:colcon.colcon_core.package_identification:_identify(src/f1tenth_system) by extension 'python'
[2.252s] Level 1:colcon.colcon_core.package_identification:_identify(src/f1tenth_system) by extensions ['python_setup_py']
[2.252s] Level 1:colcon.colcon_core.package_identification:_identify(src/f1tenth_system) by extension 'python_setup_py'
[2.253s] Level 1:colcon.colcon_core.package_identification:_identify(src/f1tenth_system/ackermann_mux) by extensions ['ignore', 'ignore_ament_install']
[2.253s] Level 1:colcon.colcon_core.package_identification:_identify(src/f1tenth_system/ackermann_mux) by extension 'ignore'
[2.254s] Level 1:colcon.colcon_core.package_identification:_identify(src/f1tenth_system/ackermann_mux) by extension 'ignore_ament_install'
[2.254s] Level 1:colcon.colcon_core.package_identification:_identify(src/f1tenth_system/ackermann_mux) by extensions ['colcon_pkg']
[2.254s] Level 1:colcon.colcon_core.package_identification:_identify(src/f1tenth_system/ackermann_mux) by extension 'colcon_pkg'
[2.254s] Level 1:colcon.colcon_core.package_identification:_identify(src/f1tenth_system/ackermann_mux) by extensions ['colcon_meta']
[2.254s] Level 1:colcon.colcon_core.package_identification:_identify(src/f1tenth_system/ackermann_mux) by extension 'colcon_meta'
[2.255s] Level 1:colcon.colcon_core.package_identification:_identify(src/f1tenth_system/ackermann_mux) by extensions ['ros']
[2.255s] Level 1:colcon.colcon_core.package_identification:_identify(src/f1tenth_system/ackermann_mux) by extension 'ros'
[2.260s] DEBUG:colcon.colcon_core.package_identification:Package 'src/f1tenth_system/ackermann_mux' with type 'ros.ament_cmake' and name 'ackermann_mux'
[2.260s] Level 1:colcon.colcon_core.package_identification:_identify(src/f1tenth_system/f1tenth_stack) by extensions ['ignore', 'ignore_ament_install']
[2.261s] Level 1:colcon.colcon_core.package_identification:_identify(src/f1tenth_system/f1tenth_stack) by extension 'ignore'
[2.261s] Level 1:colcon.colcon_core.package_identification:_identify(src/f1tenth_system/f1tenth_stack) by extension 'ignore_ament_install'
[2.261s] Level 1:colcon.colcon_core.package_identification:_identify(src/f1tenth_system/f1tenth_stack) by extensions ['colcon_pkg']
[2.262s] Level 1:colcon.colcon_core.package_identification:_identify(src/f1tenth_system/f1tenth_stack) by extension 'colcon_pkg'
[2.262s] Level 1:colcon.colcon_core.package_identification:_identify(src/f1tenth_system/f1tenth_stack) by extensions ['colcon_meta']
[2.262s] Level 1:colcon.colcon_core.package_identification:_identify(src/f1tenth_system/f1tenth_stack) by extension 'colcon_meta'
[2.262s] Level 1:colcon.colcon_core.package_identification:_identify(src/f1tenth_system/f1tenth_stack) by extensions ['ros']
[2.263s] Level 1:colcon.colcon_core.package_identification:_identify(src/f1tenth_system/f1tenth_stack) by extension 'ros'
[2.268s] DEBUG:colcon.colcon_core.package_identification:Package 'src/f1tenth_system/f1tenth_stack' with type 'ros.ament_python' and name 'f1tenth_stack'
[2.269s] Level 1:colcon.colcon_core.package_identification:_identify(src/f1tenth_system/scripts) by extensions ['ignore', 'ignore_ament_install']
[2.269s] Level 1:colcon.colcon_core.package_identification:_identify(src/f1tenth_system/scripts) by extension 'ignore'
[2.269s] Level 1:colcon.colcon_core.package_identification:_identify(src/f1tenth_system/scripts) by extension 'ignore_ament_install'
[2.270s] Level 1:colcon.colcon_core.package_identification:_identify(src/f1tenth_system/scripts) by extensions ['colcon_pkg']
[2.270s] Level 1:colcon.colcon_core.package_identification:_identify(src/f1tenth_system/scripts) by extension 'colcon_pkg'
[2.270s] Level 1:colcon.colcon_core.package_identification:_identify(src/f1tenth_system/scripts) by extensions ['colcon_meta']
[2.270s] Level 1:colcon.colcon_core.package_identification:_identify(src/f1tenth_system/scripts) by extension 'colcon_meta'
[2.271s] Level 1:colcon.colcon_core.package_identification:_identify(src/f1tenth_system/scripts) by extensions ['ros']
[2.271s] Level 1:colcon.colcon_core.package_identification:_identify(src/f1tenth_system/scripts) by extension 'ros'
[2.271s] Level 1:colcon.colcon_core.package_identification:_identify(src/f1tenth_system/scripts) by extensions ['cmake', 'python']
[2.272s] Level 1:colcon.colcon_core.package_identification:_identify(src/f1tenth_system/scripts) by extension 'cmake'
[2.272s] Level 1:colcon.colcon_core.package_identification:_identify(src/f1tenth_system/scripts) by extension 'python'
[2.272s] Level 1:colcon.colcon_core.package_identification:_identify(src/f1tenth_system/scripts) by extensions ['python_setup_py']
[2.272s] Level 1:colcon.colcon_core.package_identification:_identify(src/f1tenth_system/scripts) by extension 'python_setup_py'
[2.273s] Level 1:colcon.colcon_core.package_identification:_identify(src/f1tenth_system/teleop_tools) by extensions ['ignore', 'ignore_ament_install']
[2.273s] Level 1:colcon.colcon_core.package_identification:_identify(src/f1tenth_system/teleop_tools) by extension 'ignore'
[2.274s] Level 1:colcon.colcon_core.package_identification:_identify(src/f1tenth_system/teleop_tools) by extension 'ignore_ament_install'
[2.274s] Level 1:colcon.colcon_core.package_identification:_identify(src/f1tenth_system/teleop_tools) by extensions ['colcon_pkg']
[2.274s] Level 1:colcon.colcon_core.package_identification:_identify(src/f1tenth_system/teleop_tools) by extension 'colcon_pkg'
[2.274s] Level 1:colcon.colcon_core.package_identification:_identify(src/f1tenth_system/teleop_tools) by extensions ['colcon_meta']
[2.275s] Level 1:colcon.colcon_core.package_identification:_identify(src/f1tenth_system/teleop_tools) by extension 'colcon_meta'
[2.275s] Level 1:colcon.colcon_core.package_identification:_identify(src/f1tenth_system/teleop_tools) by extensions ['ros']
[2.275s] Level 1:colcon.colcon_core.package_identification:_identify(src/f1tenth_system/teleop_tools) by extension 'ros'
[2.276s] Level 1:colcon.colcon_core.package_identification:_identify(src/f1tenth_system/teleop_tools) by extensions ['cmake', 'python']
[2.276s] Level 1:colcon.colcon_core.package_identification:_identify(src/f1tenth_system/teleop_tools) by extension 'cmake'
[2.276s] Level 1:colcon.colcon_core.package_identification:_identify(src/f1tenth_system/teleop_tools) by extension 'python'
[2.276s] Level 1:colcon.colcon_core.package_identification:_identify(src/f1tenth_system/teleop_tools) by extensions ['python_setup_py']
[2.277s] Level 1:colcon.colcon_core.package_identification:_identify(src/f1tenth_system/teleop_tools) by extension 'python_setup_py'
[2.277s] Level 1:colcon.colcon_core.package_identification:_identify(src/f1tenth_system/teleop_tools/joy_teleop) by extensions ['ignore', 'ignore_ament_install']
[2.278s] Level 1:colcon.colcon_core.package_identification:_identify(src/f1tenth_system/teleop_tools/joy_teleop) by extension 'ignore'
[2.278s] Level 1:colcon.colcon_core.package_identification:_identify(src/f1tenth_system/teleop_tools/joy_teleop) by extension 'ignore_ament_install'
[2.278s] Level 1:colcon.colcon_core.package_identification:_identify(src/f1tenth_system/teleop_tools/joy_teleop) by extensions ['colcon_pkg']
[2.278s] Level 1:colcon.colcon_core.package_identification:_identify(src/f1tenth_system/teleop_tools/joy_teleop) by extension 'colcon_pkg'
[2.279s] Level 1:colcon.colcon_core.package_identification:_identify(src/f1tenth_system/teleop_tools/joy_teleop) by extensions ['colcon_meta']
[2.279s] Level 1:colcon.colcon_core.package_identification:_identify(src/f1tenth_system/teleop_tools/joy_teleop) by extension 'colcon_meta'
[2.279s] Level 1:colcon.colcon_core.package_identification:_identify(src/f1tenth_system/teleop_tools/joy_teleop) by extensions ['ros']
[2.279s] Level 1:colcon.colcon_core.package_identification:_identify(src/f1tenth_system/teleop_tools/joy_teleop) by extension 'ros'
[2.283s] DEBUG:colcon.colcon_core.package_identification:Package 'src/f1tenth_system/teleop_tools/joy_teleop' with type 'ros.ament_python' and name 'joy_teleop'
[2.284s] Level 1:colcon.colcon_core.package_identification:_identify(src/f1tenth_system/teleop_tools/key_teleop) by extensions ['ignore', 'ignore_ament_install']
[2.284s] Level 1:colcon.colcon_core.package_identification:_identify(src/f1tenth_system/teleop_tools/key_teleop) by extension 'ignore'
[2.284s] Level 1:colcon.colcon_core.package_identification:_identify(src/f1tenth_system/teleop_tools/key_teleop) by extension 'ignore_ament_install'
[2.285s] Level 1:colcon.colcon_core.package_identification:_identify(src/f1tenth_system/teleop_tools/key_teleop) by extensions ['colcon_pkg']
[2.285s] Level 1:colcon.colcon_core.package_identification:_identify(src/f1tenth_system/teleop_tools/key_teleop) by extension 'colcon_pkg'
[2.285s] Level 1:colcon.colcon_core.package_identification:_identify(src/f1tenth_system/teleop_tools/key_teleop) by extensions ['colcon_meta']
[2.285s] Level 1:colcon.colcon_core.package_identification:_identify(src/f1tenth_system/teleop_tools/key_teleop) by extension 'colcon_meta'
[2.286s] Level 1:colcon.colcon_core.package_identification:_identify(src/f1tenth_system/teleop_tools/key_teleop) by extensions ['ros']
[2.286s] Level 1:colcon.colcon_core.package_identification:_identify(src/f1tenth_system/teleop_tools/key_teleop) by extension 'ros'
[2.289s] DEBUG:colcon.colcon_core.package_identification:Package 'src/f1tenth_system/teleop_tools/key_teleop' with type 'ros.ament_python' and name 'key_teleop'
[2.289s] Level 1:colcon.colcon_core.package_identification:_identify(src/f1tenth_system/teleop_tools/mouse_teleop) by extensions ['ignore', 'ignore_ament_install']
[2.290s] Level 1:colcon.colcon_core.package_identification:_identify(src/f1tenth_system/teleop_tools/mouse_teleop) by extension 'ignore'
[2.291s] Level 1:colcon.colcon_core.package_identification:_identify(src/f1tenth_system/teleop_tools/mouse_teleop) by extension 'ignore_ament_install'
[2.291s] Level 1:colcon.colcon_core.package_identification:_identify(src/f1tenth_system/teleop_tools/mouse_teleop) by extensions ['colcon_pkg']
[2.291s] Level 1:colcon.colcon_core.package_identification:_identify(src/f1tenth_system/teleop_tools/mouse_teleop) by extension 'colcon_pkg'
[2.291s] Level 1:colcon.colcon_core.package_identification:_identify(src/f1tenth_system/teleop_tools/mouse_teleop) by extensions ['colcon_meta']
[2.292s] Level 1:colcon.colcon_core.package_identification:_identify(src/f1tenth_system/teleop_tools/mouse_teleop) by extension 'colcon_meta'
[2.292s] Level 1:colcon.colcon_core.package_identification:_identify(src/f1tenth_system/teleop_tools/mouse_teleop) by extensions ['ros']
[2.292s] Level 1:colcon.colcon_core.package_identification:_identify(src/f1tenth_system/teleop_tools/mouse_teleop) by extension 'ros'
[2.295s] DEBUG:colcon.colcon_core.package_identification:Package 'src/f1tenth_system/teleop_tools/mouse_teleop' with type 'ros.ament_python' and name 'mouse_teleop'
[2.295s] Level 1:colcon.colcon_core.package_identification:_identify(src/f1tenth_system/teleop_tools/teleop_tools) by extensions ['ignore', 'ignore_ament_install']
[2.296s] Level 1:colcon.colcon_core.package_identification:_identify(src/f1tenth_system/teleop_tools/teleop_tools) by extension 'ignore'
[2.296s] Level 1:colcon.colcon_core.package_identification:_identify(src/f1tenth_system/teleop_tools/teleop_tools) by extension 'ignore_ament_install'
[2.297s] Level 1:colcon.colcon_core.package_identification:_identify(src/f1tenth_system/teleop_tools/teleop_tools) by extensions ['colcon_pkg']
[2.297s] Level 1:colcon.colcon_core.package_identification:_identify(src/f1tenth_system/teleop_tools/teleop_tools) by extension 'colcon_pkg'
[2.297s] Level 1:colcon.colcon_core.package_identification:_identify(src/f1tenth_system/teleop_tools/teleop_tools) by extensions ['colcon_meta']
[2.297s] Level 1:colcon.colcon_core.package_identification:_identify(src/f1tenth_system/teleop_tools/teleop_tools) by extension 'colcon_meta'
[2.298s] Level 1:colcon.colcon_core.package_identification:_identify(src/f1tenth_system/teleop_tools/teleop_tools) by extensions ['ros']
[2.298s] Level 1:colcon.colcon_core.package_identification:_identify(src/f1tenth_system/teleop_tools/teleop_tools) by extension 'ros'
[2.300s] DEBUG:colcon.colcon_core.package_identification:Package 'src/f1tenth_system/teleop_tools/teleop_tools' with type 'ros.ament_cmake' and name 'teleop_tools'
[2.301s] Level 1:colcon.colcon_core.package_identification:_identify(src/f1tenth_system/teleop_tools/teleop_tools_msgs) by extensions ['ignore', 'ignore_ament_install']
[2.301s] Level 1:colcon.colcon_core.package_identification:_identify(src/f1tenth_system/teleop_tools/teleop_tools_msgs) by extension 'ignore'
[2.302s] Level 1:colcon.colcon_core.package_identification:_identify(src/f1tenth_system/teleop_tools/teleop_tools_msgs) by extension 'ignore_ament_install'
[2.302s] Level 1:colcon.colcon_core.package_identification:_identify(src/f1tenth_system/teleop_tools/teleop_tools_msgs) by extensions ['colcon_pkg']
[2.302s] Level 1:colcon.colcon_core.package_identification:_identify(src/f1tenth_system/teleop_tools/teleop_tools_msgs) by extension 'colcon_pkg'
[2.302s] Level 1:colcon.colcon_core.package_identification:_identify(src/f1tenth_system/teleop_tools/teleop_tools_msgs) by extensions ['colcon_meta']
[2.302s] Level 1:colcon.colcon_core.package_identification:_identify(src/f1tenth_system/teleop_tools/teleop_tools_msgs) by extension 'colcon_meta'
[2.303s] Level 1:colcon.colcon_core.package_identification:_identify(src/f1tenth_system/teleop_tools/teleop_tools_msgs) by extensions ['ros']
[2.303s] Level 1:colcon.colcon_core.package_identification:_identify(src/f1tenth_system/teleop_tools/teleop_tools_msgs) by extension 'ros'
[2.306s] DEBUG:colcon.colcon_core.package_identification:Package 'src/f1tenth_system/teleop_tools/teleop_tools_msgs' with type 'ros.ament_cmake' and name 'teleop_tools_msgs'
[2.307s] Level 1:colcon.colcon_core.package_identification:_identify(src/f1tenth_system/vesc) by extensions ['ignore', 'ignore_ament_install']
[2.307s] Level 1:colcon.colcon_core.package_identification:_identify(src/f1tenth_system/vesc) by extension 'ignore'
[2.307s] Level 1:colcon.colcon_core.package_identification:_identify(src/f1tenth_system/vesc) by extension 'ignore_ament_install'
[2.308s] Level 1:colcon.colcon_core.package_identification:_identify(src/f1tenth_system/vesc) by extensions ['colcon_pkg']
[2.308s] Level 1:colcon.colcon_core.package_identification:_identify(src/f1tenth_system/vesc) by extension 'colcon_pkg'
[2.308s] Level 1:colcon.colcon_core.package_identification:_identify(src/f1tenth_system/vesc) by extensions ['colcon_meta']
[2.308s] Level 1:colcon.colcon_core.package_identification:_identify(src/f1tenth_system/vesc) by extension 'colcon_meta'
[2.309s] Level 1:colcon.colcon_core.package_identification:_identify(src/f1tenth_system/vesc) by extensions ['ros']
[2.309s] Level 1:colcon.colcon_core.package_identification:_identify(src/f1tenth_system/vesc) by extension 'ros'
[2.309s] Level 1:colcon.colcon_core.package_identification:_identify(src/f1tenth_system/vesc) by extensions ['cmake', 'python']
[2.309s] Level 1:colcon.colcon_core.package_identification:_identify(src/f1tenth_system/vesc) by extension 'cmake'
[2.310s] Level 1:colcon.colcon_core.package_identification:_identify(src/f1tenth_system/vesc) by extension 'python'
[2.310s] Level 1:colcon.colcon_core.package_identification:_identify(src/f1tenth_system/vesc) by extensions ['python_setup_py']
[2.310s] Level 1:colcon.colcon_core.package_identification:_identify(src/f1tenth_system/vesc) by extension 'python_setup_py'
[2.311s] Level 1:colcon.colcon_core.package_identification:_identify(src/f1tenth_system/vesc/vesc) by extensions ['ignore', 'ignore_ament_install']
[2.311s] Level 1:colcon.colcon_core.package_identification:_identify(src/f1tenth_system/vesc/vesc) by extension 'ignore'
[2.311s] Level 1:colcon.colcon_core.package_identification:_identify(src/f1tenth_system/vesc/vesc) by extension 'ignore_ament_install'
[2.312s] Level 1:colcon.colcon_core.package_identification:_identify(src/f1tenth_system/vesc/vesc) by extensions ['colcon_pkg']
[2.312s] Level 1:colcon.colcon_core.package_identification:_identify(src/f1tenth_system/vesc/vesc) by extension 'colcon_pkg'
[2.312s] Level 1:colcon.colcon_core.package_identification:_identify(src/f1tenth_system/vesc/vesc) by extensions ['colcon_meta']
[2.312s] Level 1:colcon.colcon_core.package_identification:_identify(src/f1tenth_system/vesc/vesc) by extension 'colcon_meta'
[2.313s] Level 1:colcon.colcon_core.package_identification:_identify(src/f1tenth_system/vesc/vesc) by extensions ['ros']
[2.313s] Level 1:colcon.colcon_core.package_identification:_identify(src/f1tenth_system/vesc/vesc) by extension 'ros'
[2.316s] DEBUG:colcon.colcon_core.package_identification:Package 'src/f1tenth_system/vesc/vesc' with type 'ros.ament_cmake' and name 'vesc'
[2.316s] Level 1:colcon.colcon_core.package_identification:_identify(src/f1tenth_system/vesc/vesc_ackermann) by extensions ['ignore', 'ignore_ament_install']
[2.317s] Level 1:colcon.colcon_core.package_identification:_identify(src/f1tenth_system/vesc/vesc_ackermann) by extension 'ignore'
[2.317s] Level 1:colcon.colcon_core.package_identification:_identify(src/f1tenth_system/vesc/vesc_ackermann) by extension 'ignore_ament_install'
[2.317s] Level 1:colcon.colcon_core.package_identification:_identify(src/f1tenth_system/vesc/vesc_ackermann) by extensions ['colcon_pkg']
[2.318s] Level 1:colcon.colcon_core.package_identification:_identify(src/f1tenth_system/vesc/vesc_ackermann) by extension 'colcon_pkg'
[2.318s] Level 1:colcon.colcon_core.package_identification:_identify(src/f1tenth_system/vesc/vesc_ackermann) by extensions ['colcon_meta']
[2.318s] Level 1:colcon.colcon_core.package_identification:_identify(src/f1tenth_system/vesc/vesc_ackermann) by extension 'colcon_meta'
[2.318s] Level 1:colcon.colcon_core.package_identification:_identify(src/f1tenth_system/vesc/vesc_ackermann) by extensions ['ros']
[2.318s] Level 1:colcon.colcon_core.package_identification:_identify(src/f1tenth_system/vesc/vesc_ackermann) by extension 'ros'
[2.325s] DEBUG:colcon.colcon_core.package_identification:Package 'src/f1tenth_system/vesc/vesc_ackermann' with type 'ros.ament_cmake' and name 'vesc_ackermann'
[2.325s] Level 1:colcon.colcon_core.package_identification:_identify(src/f1tenth_system/vesc/vesc_driver) by extensions ['ignore', 'ignore_ament_install']
[2.326s] Level 1:colcon.colcon_core.package_identification:_identify(src/f1tenth_system/vesc/vesc_driver) by extension 'ignore'
[2.326s] Level 1:colcon.colcon_core.package_identification:_identify(src/f1tenth_system/vesc/vesc_driver) by extension 'ignore_ament_install'
[2.326s] Level 1:colcon.colcon_core.package_identification:_identify(src/f1tenth_system/vesc/vesc_driver) by extensions ['colcon_pkg']
[2.327s] Level 1:colcon.colcon_core.package_identification:_identify(src/f1tenth_system/vesc/vesc_driver) by extension 'colcon_pkg'
[2.327s] Level 1:colcon.colcon_core.package_identification:_identify(src/f1tenth_system/vesc/vesc_driver) by extensions ['colcon_meta']
[2.327s] Level 1:colcon.colcon_core.package_identification:_identify(src/f1tenth_system/vesc/vesc_driver) by extension 'colcon_meta'
[2.328s] Level 1:colcon.colcon_core.package_identification:_identify(src/f1tenth_system/vesc/vesc_driver) by extensions ['ros']
[2.328s] Level 1:colcon.colcon_core.package_identification:_identify(src/f1tenth_system/vesc/vesc_driver) by extension 'ros'
[2.333s] DEBUG:colcon.colcon_core.package_identification:Package 'src/f1tenth_system/vesc/vesc_driver' with type 'ros.ament_cmake' and name 'vesc_driver'
[2.334s] Level 1:colcon.colcon_core.package_identification:_identify(src/f1tenth_system/vesc/vesc_msgs) by extensions ['ignore', 'ignore_ament_install']
[2.334s] Level 1:colcon.colcon_core.package_identification:_identify(src/f1tenth_system/vesc/vesc_msgs) by extension 'ignore'
[2.334s] Level 1:colcon.colcon_core.package_identification:_identify(src/f1tenth_system/vesc/vesc_msgs) by extension 'ignore_ament_install'
[2.335s] Level 1:colcon.colcon_core.package_identification:_identify(src/f1tenth_system/vesc/vesc_msgs) by extensions ['colcon_pkg']
[2.335s] Level 1:colcon.colcon_core.package_identification:_identify(src/f1tenth_system/vesc/vesc_msgs) by extension 'colcon_pkg'
[2.335s] Level 1:colcon.colcon_core.package_identification:_identify(src/f1tenth_system/vesc/vesc_msgs) by extensions ['colcon_meta']
[2.335s] Level 1:colcon.colcon_core.package_identification:_identify(src/f1tenth_system/vesc/vesc_msgs) by extension 'colcon_meta'
[2.336s] Level 1:colcon.colcon_core.package_identification:_identify(src/f1tenth_system/vesc/vesc_msgs) by extensions ['ros']
[2.336s] Level 1:colcon.colcon_core.package_identification:_identify(src/f1tenth_system/vesc/vesc_msgs) by extension 'ros'
[2.340s] DEBUG:colcon.colcon_core.package_identification:Package 'src/f1tenth_system/vesc/vesc_msgs' with type 'ros.ament_cmake' and name 'vesc_msgs'
[2.341s] Level 1:colcon.colcon_core.package_identification:_identify(src/install) by extensions ['ignore', 'ignore_ament_install']
[2.341s] Level 1:colcon.colcon_core.package_identification:_identify(src/install) by extension 'ignore'
[2.341s] Level 1:colcon.colcon_core.package_identification:_identify(src/install) ignored
[2.342s] Level 1:colcon.colcon_core.package_identification:_identify(src/log) by extensions ['ignore', 'ignore_ament_install']
[2.342s] Level 1:colcon.colcon_core.package_identification:_identify(src/log) by extension 'ignore'
[2.343s] Level 1:colcon.colcon_core.package_identification:_identify(src/log) ignored
[2.343s] Level 1:colcon.colcon_core.package_identification:_identify(src/path_follow) by extensions ['ignore', 'ignore_ament_install']
[2.344s] Level 1:colcon.colcon_core.package_identification:_identify(src/path_follow) by extension 'ignore'
[2.344s] Level 1:colcon.colcon_core.package_identification:_identify(src/path_follow) by extension 'ignore_ament_install'
[2.344s] Level 1:colcon.colcon_core.package_identification:_identify(src/path_follow) by extensions ['colcon_pkg']
[2.344s] Level 1:colcon.colcon_core.package_identification:_identify(src/path_follow) by extension 'colcon_pkg'
[2.345s] Level 1:colcon.colcon_core.package_identification:_identify(src/path_follow) by extensions ['colcon_meta']
[2.345s] Level 1:colcon.colcon_core.package_identification:_identify(src/path_follow) by extension 'colcon_meta'
[2.345s] Level 1:colcon.colcon_core.package_identification:_identify(src/path_follow) by extensions ['ros']
[2.345s] Level 1:colcon.colcon_core.package_identification:_identify(src/path_follow) by extension 'ros'
[2.351s] DEBUG:colcon.colcon_core.package_identification:Package 'src/path_follow' with type 'ros.ament_cmake' and name 'path_follow'
[2.352s] Level 1:colcon.colcon_core.package_identification:_identify(src/pure_pursuit) by extensions ['ignore', 'ignore_ament_install']
[2.352s] Level 1:colcon.colcon_core.package_identification:_identify(src/pure_pursuit) by extension 'ignore'
[2.352s] Level 1:colcon.colcon_core.package_identification:_identify(src/pure_pursuit) by extension 'ignore_ament_install'
[2.353s] Level 1:colcon.colcon_core.package_identification:_identify(src/pure_pursuit) by extensions ['colcon_pkg']
[2.353s] Level 1:colcon.colcon_core.package_identification:_identify(src/pure_pursuit) by extension 'colcon_pkg'
[2.353s] Level 1:colcon.colcon_core.package_identification:_identify(src/pure_pursuit) by extensions ['colcon_meta']
[2.353s] Level 1:colcon.colcon_core.package_identification:_identify(src/pure_pursuit) by extension 'colcon_meta'
[2.354s] Level 1:colcon.colcon_core.package_identification:_identify(src/pure_pursuit) by extensions ['ros']
[2.354s] Level 1:colcon.colcon_core.package_identification:_identify(src/pure_pursuit) by extension 'ros'
[2.360s] DEBUG:colcon.colcon_core.package_identification:Package 'src/pure_pursuit' with type 'ros.ament_cmake' and name 'pure_pursuit'
[2.360s] Level 1:colcon.colcon_core.package_identification:_identify(src/pygame_key_teleop) by extensions ['ignore', 'ignore_ament_install']
[2.361s] Level 1:colcon.colcon_core.package_identification:_identify(src/pygame_key_teleop) by extension 'ignore'
[2.361s] Level 1:colcon.colcon_core.package_identification:_identify(src/pygame_key_teleop) by extension 'ignore_ament_install'
[2.361s] Level 1:colcon.colcon_core.package_identification:_identify(src/pygame_key_teleop) by extensions ['colcon_pkg']
[2.362s] Level 1:colcon.colcon_core.package_identification:_identify(src/pygame_key_teleop) by extension 'colcon_pkg'
[2.362s] Level 1:colcon.colcon_core.package_identification:_identify(src/pygame_key_teleop) by extensions ['colcon_meta']
[2.362s] Level 1:colcon.colcon_core.package_identification:_identify(src/pygame_key_teleop) by extension 'colcon_meta'
[2.362s] Level 1:colcon.colcon_core.package_identification:_identify(src/pygame_key_teleop) by extensions ['ros']
[2.363s] Level 1:colcon.colcon_core.package_identification:_identify(src/pygame_key_teleop) by extension 'ros'
[2.365s] DEBUG:colcon.colcon_core.package_identification:Package 'src/pygame_key_teleop' with type 'ros.ament_python' and name 'pygame_key_teleop'
[2.366s] Level 1:colcon.colcon_core.package_discovery:discover_packages(recursive) using defaults
[2.366s] Level 1:colcon.colcon_core.package_discovery:discover_packages(ignore) discover
[2.366s] Level 1:colcon.colcon_core.package_discovery:discover_packages(ignore) using defaults
[2.366s] Level 1:colcon.colcon_core.package_discovery:discover_packages(path) discover
[2.367s] Level 1:colcon.colcon_core.package_discovery:discover_packages(path) using defaults
[2.517s] Level 1:colcon.colcon_core.package_discovery:discover_packages(prefix_path) check parameters
[2.517s] Level 1:colcon.colcon_core.package_discovery:discover_packages(prefix_path) discover
[2.536s] DEBUG:colcon.colcon_installed_package_information.package_discovery:Found 21 installed packages in /home/f1/f1tenth_ws/install
[2.546s] DEBUG:colcon.colcon_installed_package_information.package_discovery:Found 308 installed packages in /opt/ros/foxy
[2.559s] Level 1:colcon.colcon_core.package_discovery:discover_packages(prefix_path) using defaults
[2.914s] Level 5:colcon.colcon_core.verb:set package 'ackermann_mux' build argument 'cmake_args' from command line to '['-DCMAKE_BUILD_TYPE=Release']'
[2.914s] Level 5:colcon.colcon_core.verb:set package 'ackermann_mux' build argument 'cmake_target' from command line to 'None'
[2.914s] Level 5:colcon.colcon_core.verb:set package 'ackermann_mux' build argument 'cmake_target_skip_unavailable' from command line to 'False'
[2.914s] Level 5:colcon.colcon_core.verb:set package 'ackermann_mux' build argument 'cmake_clean_cache' from command line to 'False'
[2.915s] Level 5:colcon.colcon_core.verb:set package 'ackermann_mux' build argument 'cmake_clean_first' from command line to 'False'
[2.915s] Level 5:colcon.colcon_core.verb:set package 'ackermann_mux' build argument 'cmake_force_configure' from command line to 'False'
[2.915s] Level 5:colcon.colcon_core.verb:set package 'ackermann_mux' build argument 'ament_cmake_args' from command line to 'None'
[2.915s] Level 5:colcon.colcon_core.verb:set package 'ackermann_mux' build argument 'catkin_cmake_args' from command line to 'None'
[2.915s] Level 5:colcon.colcon_core.verb:set package 'ackermann_mux' build argument 'catkin_skip_building_tests' from command line to 'False'
[2.916s] DEBUG:colcon.colcon_core.verb:Building package 'ackermann_mux' with the following arguments: {'ament_cmake_args': None, 'build_base': '/home/f1/f1tenth_ws/build/ackermann_mux', 'catkin_cmake_args': None, 'catkin_skip_building_tests': False, 'cmake_args': ['-DCMAKE_BUILD_TYPE=Release'], 'cmake_clean_cache': False, 'cmake_clean_first': False, 'cmake_force_configure': False, 'cmake_target': None, 'cmake_target_skip_unavailable': False, 'install_base': '/home/f1/f1tenth_ws/install/ackermann_mux', 'merge_install': False, 'path': '/home/f1/f1tenth_ws/src/f1tenth_system/ackermann_mux', 'symlink_install': True, 'test_result_base': None}
[2.918s] Level 5:colcon.colcon_core.verb:set package 'center_follow_cpp' build argument 'cmake_args' from command line to '['-DCMAKE_BUILD_TYPE=Release']'
[2.918s] Level 5:colcon.colcon_core.verb:set package 'center_follow_cpp' build argument 'cmake_target' from command line to 'None'
[2.918s] Level 5:colcon.colcon_core.verb:set package 'center_follow_cpp' build argument 'cmake_target_skip_unavailable' from command line to 'False'
[2.918s] Level 5:colcon.colcon_core.verb:set package 'center_follow_cpp' build argument 'cmake_clean_cache' from command line to 'False'
[2.918s] Level 5:colcon.colcon_core.verb:set package 'center_follow_cpp' build argument 'cmake_clean_first' from command line to 'False'
[2.919s] Level 5:colcon.colcon_core.verb:set package 'center_follow_cpp' build argument 'cmake_force_configure' from command line to 'False'
[2.919s] Level 5:colcon.colcon_core.verb:set package 'center_follow_cpp' build argument 'ament_cmake_args' from command line to 'None'
[2.919s] Level 5:colcon.colcon_core.verb:set package 'center_follow_cpp' build argument 'catkin_cmake_args' from command line to 'None'
[2.919s] Level 5:colcon.colcon_core.verb:set package 'center_follow_cpp' build argument 'catkin_skip_building_tests' from command line to 'False'
[2.919s] DEBUG:colcon.colcon_core.verb:Building package 'center_follow_cpp' with the following arguments: {'ament_cmake_args': None, 'build_base': '/home/f1/f1tenth_ws/build/center_follow_cpp', 'catkin_cmake_args': None, 'catkin_skip_building_tests': False, 'cmake_args': ['-DCMAKE_BUILD_TYPE=Release'], 'cmake_clean_cache': False, 'cmake_clean_first': False, 'cmake_force_configure': False, 'cmake_target': None, 'cmake_target_skip_unavailable': False, 'install_base': '/home/f1/f1tenth_ws/install/center_follow_cpp', 'merge_install': False, 'path': '/home/f1/f1tenth_ws/src/center_follow_cpp', 'symlink_install': True, 'test_result_base': None}
[2.921s] Level 5:colcon.colcon_core.verb:set package 'key_teleop' build argument 'cmake_args' from command line to '['-DCMAKE_BUILD_TYPE=Release']'
[2.921s] Level 5:colcon.colcon_core.verb:set package 'key_teleop' build argument 'cmake_target' from command line to 'None'
[2.922s] Level 5:colcon.colcon_core.verb:set package 'key_teleop' build argument 'cmake_target_skip_unavailable' from command line to 'False'
[2.922s] Level 5:colcon.colcon_core.verb:set package 'key_teleop' build argument 'cmake_clean_cache' from command line to 'False'
[2.922s] Level 5:colcon.colcon_core.verb:set package 'key_teleop' build argument 'cmake_clean_first' from command line to 'False'
[2.922s] Level 5:colcon.colcon_core.verb:set package 'key_teleop' build argument 'cmake_force_configure' from command line to 'False'
[2.922s] Level 5:colcon.colcon_core.verb:set package 'key_teleop' build argument 'ament_cmake_args' from command line to 'None'
[2.922s] Level 5:colcon.colcon_core.verb:set package 'key_teleop' build argument 'catkin_cmake_args' from command line to 'None'
[2.922s] Level 5:colcon.colcon_core.verb:set package 'key_teleop' build argument 'catkin_skip_building_tests' from command line to 'False'
[2.923s] DEBUG:colcon.colcon_core.verb:Building package 'key_teleop' with the following arguments: {'ament_cmake_args': None, 'build_base': '/home/f1/f1tenth_ws/build/key_teleop', 'catkin_cmake_args': None, 'catkin_skip_building_tests': False, 'cmake_args': ['-DCMAKE_BUILD_TYPE=Release'], 'cmake_clean_cache': False, 'cmake_clean_first': False, 'cmake_force_configure': False, 'cmake_target': None, 'cmake_target_skip_unavailable': False, 'install_base': '/home/f1/f1tenth_ws/install/key_teleop', 'merge_install': False, 'path': '/home/f1/f1tenth_ws/src/f1tenth_system/teleop_tools/key_teleop', 'symlink_install': True, 'test_result_base': None}
[2.925s] Level 5:colcon.colcon_core.verb:set package 'mouse_teleop' build argument 'cmake_args' from command line to '['-DCMAKE_BUILD_TYPE=Release']'
[2.925s] Level 5:colcon.colcon_core.verb:set package 'mouse_teleop' build argument 'cmake_target' from command line to 'None'
[2.925s] Level 5:colcon.colcon_core.verb:set package 'mouse_teleop' build argument 'cmake_target_skip_unavailable' from command line to 'False'
[2.925s] Level 5:colcon.colcon_core.verb:set package 'mouse_teleop' build argument 'cmake_clean_cache' from command line to 'False'
[2.925s] Level 5:colcon.colcon_core.verb:set package 'mouse_teleop' build argument 'cmake_clean_first' from command line to 'False'
[2.926s] Level 5:colcon.colcon_core.verb:set package 'mouse_teleop' build argument 'cmake_force_configure' from command line to 'False'
[2.926s] Level 5:colcon.colcon_core.verb:set package 'mouse_teleop' build argument 'ament_cmake_args' from command line to 'None'
[2.926s] Level 5:colcon.colcon_core.verb:set package 'mouse_teleop' build argument 'catkin_cmake_args' from command line to 'None'
[2.926s] Level 5:colcon.colcon_core.verb:set package 'mouse_teleop' build argument 'catkin_skip_building_tests' from command line to 'False'
[2.926s] DEBUG:colcon.colcon_core.verb:Building package 'mouse_teleop' with the following arguments: {'ament_cmake_args': None, 'build_base': '/home/f1/f1tenth_ws/build/mouse_teleop', 'catkin_cmake_args': None, 'catkin_skip_building_tests': False, 'cmake_args': ['-DCMAKE_BUILD_TYPE=Release'], 'cmake_clean_cache': False, 'cmake_clean_first': False, 'cmake_force_configure': False, 'cmake_target': None, 'cmake_target_skip_unavailable': False, 'install_base': '/home/f1/f1tenth_ws/install/mouse_teleop', 'merge_install': False, 'path': '/home/f1/f1tenth_ws/src/f1tenth_system/teleop_tools/mouse_teleop', 'symlink_install': True, 'test_result_base': None}
[2.928s] Level 5:colcon.colcon_core.verb:set package 'path_follow' build argument 'cmake_args' from command line to '['-DCMAKE_BUILD_TYPE=Release']'
[2.928s] Level 5:colcon.colcon_core.verb:set package 'path_follow' build argument 'cmake_target' from command line to 'None'
[2.929s] Level 5:colcon.colcon_core.verb:set package 'path_follow' build argument 'cmake_target_skip_unavailable' from command line to 'False'
[2.929s] Level 5:colcon.colcon_core.verb:set package 'path_follow' build argument 'cmake_clean_cache' from command line to 'False'
[2.929s] Level 5:colcon.colcon_core.verb:set package 'path_follow' build argument 'cmake_clean_first' from command line to 'False'
[2.929s] Level 5:colcon.colcon_core.verb:set package 'path_follow' build argument 'cmake_force_configure' from command line to 'False'
[2.929s] Level 5:colcon.colcon_core.verb:set package 'path_follow' build argument 'ament_cmake_args' from command line to 'None'
[2.929s] Level 5:colcon.colcon_core.verb:set package 'path_follow' build argument 'catkin_cmake_args' from command line to 'None'
[2.929s] Level 5:colcon.colcon_core.verb:set package 'path_follow' build argument 'catkin_skip_building_tests' from command line to 'False'
[2.930s] DEBUG:colcon.colcon_core.verb:Building package 'path_follow' with the following arguments: {'ament_cmake_args': None, 'build_base': '/home/f1/f1tenth_ws/build/path_follow', 'catkin_cmake_args': None, 'catkin_skip_building_tests': False, 'cmake_args': ['-DCMAKE_BUILD_TYPE=Release'], 'cmake_clean_cache': False, 'cmake_clean_first': False, 'cmake_force_configure': False, 'cmake_target': None, 'cmake_target_skip_unavailable': False, 'install_base': '/home/f1/f1tenth_ws/install/path_follow', 'merge_install': False, 'path': '/home/f1/f1tenth_ws/src/path_follow', 'symlink_install': True, 'test_result_base': None}
[2.932s] Level 5:colcon.colcon_core.verb:set package 'pure_pursuit' build argument 'cmake_args' from command line to '['-DCMAKE_BUILD_TYPE=Release']'
[2.932s] Level 5:colcon.colcon_core.verb:set package 'pure_pursuit' build argument 'cmake_target' from command line to 'None'
[2.932s] Level 5:colcon.colcon_core.verb:set package 'pure_pursuit' build argument 'cmake_target_skip_unavailable' from command line to 'False'
[2.932s] Level 5:colcon.colcon_core.verb:set package 'pure_pursuit' build argument 'cmake_clean_cache' from command line to 'False'
[2.932s] Level 5:colcon.colcon_core.verb:set package 'pure_pursuit' build argument 'cmake_clean_first' from command line to 'False'
[2.933s] Level 5:colcon.colcon_core.verb:set package 'pure_pursuit' build argument 'cmake_force_configure' from command line to 'False'
[2.933s] Level 5:colcon.colcon_core.verb:set package 'pure_pursuit' build argument 'ament_cmake_args' from command line to 'None'
[2.933s] Level 5:colcon.colcon_core.verb:set package 'pure_pursuit' build argument 'catkin_cmake_args' from command line to 'None'
[2.933s] Level 5:colcon.colcon_core.verb:set package 'pure_pursuit' build argument 'catkin_skip_building_tests' from command line to 'False'
[2.933s] DEBUG:colcon.colcon_core.verb:Building package 'pure_pursuit' with the following arguments: {'ament_cmake_args': None, 'build_base': '/home/f1/f1tenth_ws/build/pure_pursuit', 'catkin_cmake_args': None, 'catkin_skip_building_tests': False, 'cmake_args': ['-DCMAKE_BUILD_TYPE=Release'], 'cmake_clean_cache': False, 'cmake_clean_first': False, 'cmake_force_configure': False, 'cmake_target': None, 'cmake_target_skip_unavailable': False, 'install_base': '/home/f1/f1tenth_ws/install/pure_pursuit', 'merge_install': False, 'path': '/home/f1/f1tenth_ws/src/pure_pursuit', 'symlink_install': True, 'test_result_base': None}
[2.935s] Level 5:colcon.colcon_core.verb:set package 'pygame_key_teleop' build argument 'cmake_args' from command line to '['-DCMAKE_BUILD_TYPE=Release']'
[2.935s] Level 5:colcon.colcon_core.verb:set package 'pygame_key_teleop' build argument 'cmake_target' from command line to 'None'
[2.935s] Level 5:colcon.colcon_core.verb:set package 'pygame_key_teleop' build argument 'cmake_target_skip_unavailable' from command line to 'False'
[2.936s] Level 5:colcon.colcon_core.verb:set package 'pygame_key_teleop' build argument 'cmake_clean_cache' from command line to 'False'
[2.936s] Level 5:colcon.colcon_core.verb:set package 'pygame_key_teleop' build argument 'cmake_clean_first' from command line to 'False'
[2.936s] Level 5:colcon.colcon_core.verb:set package 'pygame_key_teleop' build argument 'cmake_force_configure' from command line to 'False'
[2.936s] Level 5:colcon.colcon_core.verb:set package 'pygame_key_teleop' build argument 'ament_cmake_args' from command line to 'None'
[2.936s] Level 5:colcon.colcon_core.verb:set package 'pygame_key_teleop' build argument 'catkin_cmake_args' from command line to 'None'
[2.936s] Level 5:colcon.colcon_core.verb:set package 'pygame_key_teleop' build argument 'catkin_skip_building_tests' from command line to 'False'
[2.937s] DEBUG:colcon.colcon_core.verb:Building package 'pygame_key_teleop' with the following arguments: {'ament_cmake_args': None, 'build_base': '/home/f1/f1tenth_ws/build/pygame_key_teleop', 'catkin_cmake_args': None, 'catkin_skip_building_tests': False, 'cmake_args': ['-DCMAKE_BUILD_TYPE=Release'], 'cmake_clean_cache': False, 'cmake_clean_first': False, 'cmake_force_configure': False, 'cmake_target': None, 'cmake_target_skip_unavailable': False, 'install_base': '/home/f1/f1tenth_ws/install/pygame_key_teleop', 'merge_install': False, 'path': '/home/f1/f1tenth_ws/src/pygame_key_teleop', 'symlink_install': True, 'test_result_base': None}
[2.938s] Level 5:colcon.colcon_core.verb:set package 'teleop_tools_msgs' build argument 'cmake_args' from command line to '['-DCMAKE_BUILD_TYPE=Release']'
[2.939s] Level 5:colcon.colcon_core.verb:set package 'teleop_tools_msgs' build argument 'cmake_target' from command line to 'None'
[2.939s] Level 5:colcon.colcon_core.verb:set package 'teleop_tools_msgs' build argument 'cmake_target_skip_unavailable' from command line to 'False'
[2.939s] Level 5:colcon.colcon_core.verb:set package 'teleop_tools_msgs' build argument 'cmake_clean_cache' from command line to 'False'
[2.939s] Level 5:colcon.colcon_core.verb:set package 'teleop_tools_msgs' build argument 'cmake_clean_first' from command line to 'False'
[2.939s] Level 5:colcon.colcon_core.verb:set package 'teleop_tools_msgs' build argument 'cmake_force_configure' from command line to 'False'
[2.939s] Level 5:colcon.colcon_core.verb:set package 'teleop_tools_msgs' build argument 'ament_cmake_args' from command line to 'None'
[2.940s] Level 5:colcon.colcon_core.verb:set package 'teleop_tools_msgs' build argument 'catkin_cmake_args' from command line to 'None'
[2.940s] Level 5:colcon.colcon_core.verb:set package 'teleop_tools_msgs' build argument 'catkin_skip_building_tests' from command line to 'False'
[2.940s] DEBUG:colcon.colcon_core.verb:Building package 'teleop_tools_msgs' with the following arguments: {'ament_cmake_args': None, 'build_base': '/home/f1/f1tenth_ws/build/teleop_tools_msgs', 'catkin_cmake_args': None, 'catkin_skip_building_tests': False, 'cmake_args': ['-DCMAKE_BUILD_TYPE=Release'], 'cmake_clean_cache': False, 'cmake_clean_first': False, 'cmake_force_configure': False, 'cmake_target': None, 'cmake_target_skip_unavailable': False, 'install_base': '/home/f1/f1tenth_ws/install/teleop_tools_msgs', 'merge_install': False, 'path': '/home/f1/f1tenth_ws/src/f1tenth_system/teleop_tools/teleop_tools_msgs', 'symlink_install': True, 'test_result_base': None}
[2.942s] Level 5:colcon.colcon_core.verb:set package 'vesc_msgs' build argument 'cmake_args' from command line to '['-DCMAKE_BUILD_TYPE=Release']'
[2.942s] Level 5:colcon.colcon_core.verb:set package 'vesc_msgs' build argument 'cmake_target' from command line to 'None'
[2.942s] Level 5:colcon.colcon_core.verb:set package 'vesc_msgs' build argument 'cmake_target_skip_unavailable' from command line to 'False'
[2.942s] Level 5:colcon.colcon_core.verb:set package 'vesc_msgs' build argument 'cmake_clean_cache' from command line to 'False'
[2.943s] Level 5:colcon.colcon_core.verb:set package 'vesc_msgs' build argument 'cmake_clean_first' from command line to 'False'
[2.943s] Level 5:colcon.colcon_core.verb:set package 'vesc_msgs' build argument 'cmake_force_configure' from command line to 'False'
[2.943s] Level 5:colcon.colcon_core.verb:set package 'vesc_msgs' build argument 'ament_cmake_args' from command line to 'None'
[2.943s] Level 5:colcon.colcon_core.verb:set package 'vesc_msgs' build argument 'catkin_cmake_args' from command line to 'None'
[2.943s] Level 5:colcon.colcon_core.verb:set package 'vesc_msgs' build argument 'catkin_skip_building_tests' from command line to 'False'
[2.943s] DEBUG:colcon.colcon_core.verb:Building package 'vesc_msgs' with the following arguments: {'ament_cmake_args': None, 'build_base': '/home/f1/f1tenth_ws/build/vesc_msgs', 'catkin_cmake_args': None, 'catkin_skip_building_tests': False, 'cmake_args': ['-DCMAKE_BUILD_TYPE=Release'], 'cmake_clean_cache': False, 'cmake_clean_first': False, 'cmake_force_configure': False, 'cmake_target': None, 'cmake_target_skip_unavailable': False, 'install_base': '/home/f1/f1tenth_ws/install/vesc_msgs', 'merge_install': False, 'path': '/home/f1/f1tenth_ws/src/f1tenth_system/vesc/vesc_msgs', 'symlink_install': True, 'test_result_base': None}
[2.945s] Level 5:colcon.colcon_core.verb:set package 'joy_teleop' build argument 'cmake_args' from command line to '['-DCMAKE_BUILD_TYPE=Release']'
[2.945s] Level 5:colcon.colcon_core.verb:set package 'joy_teleop' build argument 'cmake_target' from command line to 'None'
[2.946s] Level 5:colcon.colcon_core.verb:set package 'joy_teleop' build argument 'cmake_target_skip_unavailable' from command line to 'False'
[2.946s] Level 5:colcon.colcon_core.verb:set package 'joy_teleop' build argument 'cmake_clean_cache' from command line to 'False'
[2.946s] Level 5:colcon.colcon_core.verb:set package 'joy_teleop' build argument 'cmake_clean_first' from command line to 'False'
[2.946s] Level 5:colcon.colcon_core.verb:set package 'joy_teleop' build argument 'cmake_force_configure' from command line to 'False'
[2.946s] Level 5:colcon.colcon_core.verb:set package 'joy_teleop' build argument 'ament_cmake_args' from command line to 'None'
[2.946s] Level 5:colcon.colcon_core.verb:set package 'joy_teleop' build argument 'catkin_cmake_args' from command line to 'None'
[2.947s] Level 5:colcon.colcon_core.verb:set package 'joy_teleop' build argument 'catkin_skip_building_tests' from command line to 'False'
[2.947s] DEBUG:colcon.colcon_core.verb:Building package 'joy_teleop' with the following arguments: {'ament_cmake_args': None, 'build_base': '/home/f1/f1tenth_ws/build/joy_teleop', 'catkin_cmake_args': None, 'catkin_skip_building_tests': False, 'cmake_args': ['-DCMAKE_BUILD_TYPE=Release'], 'cmake_clean_cache': False, 'cmake_clean_first': False, 'cmake_force_configure': False, 'cmake_target': None, 'cmake_target_skip_unavailable': False, 'install_base': '/home/f1/f1tenth_ws/install/joy_teleop', 'merge_install': False, 'path': '/home/f1/f1tenth_ws/src/f1tenth_system/teleop_tools/joy_teleop', 'symlink_install': True, 'test_result_base': None}
[2.949s] Level 5:colcon.colcon_core.verb:set package 'vesc_ackermann' build argument 'cmake_args' from command line to '['-DCMAKE_BUILD_TYPE=Release']'
[2.949s] Level 5:colcon.colcon_core.verb:set package 'vesc_ackermann' build argument 'cmake_target' from command line to 'None'
[2.949s] Level 5:colcon.colcon_core.verb:set package 'vesc_ackermann' build argument 'cmake_target_skip_unavailable' from command line to 'False'
[2.949s] Level 5:colcon.colcon_core.verb:set package 'vesc_ackermann' build argument 'cmake_clean_cache' from command line to 'False'
[2.949s] Level 5:colcon.colcon_core.verb:set package 'vesc_ackermann' build argument 'cmake_clean_first' from command line to 'False'
[2.950s] Level 5:colcon.colcon_core.verb:set package 'vesc_ackermann' build argument 'cmake_force_configure' from command line to 'False'
[2.950s] Level 5:colcon.colcon_core.verb:set package 'vesc_ackermann' build argument 'ament_cmake_args' from command line to 'None'
[2.950s] Level 5:colcon.colcon_core.verb:set package 'vesc_ackermann' build argument 'catkin_cmake_args' from command line to 'None'
[2.950s] Level 5:colcon.colcon_core.verb:set package 'vesc_ackermann' build argument 'catkin_skip_building_tests' from command line to 'False'
[2.950s] DEBUG:colcon.colcon_core.verb:Building package 'vesc_ackermann' with the following arguments: {'ament_cmake_args': None, 'build_base': '/home/f1/f1tenth_ws/build/vesc_ackermann', 'catkin_cmake_args': None, 'catkin_skip_building_tests': False, 'cmake_args': ['-DCMAKE_BUILD_TYPE=Release'], 'cmake_clean_cache': False, 'cmake_clean_first': False, 'cmake_force_configure': False, 'cmake_target': None, 'cmake_target_skip_unavailable': False, 'install_base': '/home/f1/f1tenth_ws/install/vesc_ackermann', 'merge_install': False, 'path': '/home/f1/f1tenth_ws/src/f1tenth_system/vesc/vesc_ackermann', 'symlink_install': True, 'test_result_base': None}
[2.952s] Level 5:colcon.colcon_core.verb:set package 'vesc_driver' build argument 'cmake_args' from command line to '['-DCMAKE_BUILD_TYPE=Release']'
[2.952s] Level 5:colcon.colcon_core.verb:set package 'vesc_driver' build argument 'cmake_target' from command line to 'None'
[2.952s] Level 5:colcon.colcon_core.verb:set package 'vesc_driver' build argument 'cmake_target_skip_unavailable' from command line to 'False'
[2.953s] Level 5:colcon.colcon_core.verb:set package 'vesc_driver' build argument 'cmake_clean_cache' from command line to 'False'
[2.953s] Level 5:colcon.colcon_core.verb:set package 'vesc_driver' build argument 'cmake_clean_first' from command line to 'False'
[2.953s] Level 5:colcon.colcon_core.verb:set package 'vesc_driver' build argument 'cmake_force_configure' from command line to 'False'
[2.953s] Level 5:colcon.colcon_core.verb:set package 'vesc_driver' build argument 'ament_cmake_args' from command line to 'None'
[2.953s] Level 5:colcon.colcon_core.verb:set package 'vesc_driver' build argument 'catkin_cmake_args' from command line to 'None'
[2.953s] Level 5:colcon.colcon_core.verb:set package 'vesc_driver' build argument 'catkin_skip_building_tests' from command line to 'False'
[2.954s] DEBUG:colcon.colcon_core.verb:Building package 'vesc_driver' with the following arguments: {'ament_cmake_args': None, 'build_base': '/home/f1/f1tenth_ws/build/vesc_driver', 'catkin_cmake_args': None, 'catkin_skip_building_tests': False, 'cmake_args': ['-DCMAKE_BUILD_TYPE=Release'], 'cmake_clean_cache': False, 'cmake_clean_first': False, 'cmake_force_configure': False, 'cmake_target': None, 'cmake_target_skip_unavailable': False, 'install_base': '/home/f1/f1tenth_ws/install/vesc_driver', 'merge_install': False, 'path': '/home/f1/f1tenth_ws/src/f1tenth_system/vesc/vesc_driver', 'symlink_install': True, 'test_result_base': None}
[2.956s] Level 5:colcon.colcon_core.verb:set package 'teleop_tools' build argument 'cmake_args' from command line to '['-DCMAKE_BUILD_TYPE=Release']'
[2.956s] Level 5:colcon.colcon_core.verb:set package 'teleop_tools' build argument 'cmake_target' from command line to 'None'
[2.956s] Level 5:colcon.colcon_core.verb:set package 'teleop_tools' build argument 'cmake_target_skip_unavailable' from command line to 'False'
[2.956s] Level 5:colcon.colcon_core.verb:set package 'teleop_tools' build argument 'cmake_clean_cache' from command line to 'False'
[2.956s] Level 5:colcon.colcon_core.verb:set package 'teleop_tools' build argument 'cmake_clean_first' from command line to 'False'
[2.956s] Level 5:colcon.colcon_core.verb:set package 'teleop_tools' build argument 'cmake_force_configure' from command line to 'False'
[2.957s] Level 5:colcon.colcon_core.verb:set package 'teleop_tools' build argument 'ament_cmake_args' from command line to 'None'
[2.957s] Level 5:colcon.colcon_core.verb:set package 'teleop_tools' build argument 'catkin_cmake_args' from command line to 'None'
[2.957s] Level 5:colcon.colcon_core.verb:set package 'teleop_tools' build argument 'catkin_skip_building_tests' from command line to 'False'
[2.957s] DEBUG:colcon.colcon_core.verb:Building package 'teleop_tools' with the following arguments: {'ament_cmake_args': None, 'build_base': '/home/f1/f1tenth_ws/build/teleop_tools', 'catkin_cmake_args': None, 'catkin_skip_building_tests': False, 'cmake_args': ['-DCMAKE_BUILD_TYPE=Release'], 'cmake_clean_cache': False, 'cmake_clean_first': False, 'cmake_force_configure': False, 'cmake_target': None, 'cmake_target_skip_unavailable': False, 'install_base': '/home/f1/f1tenth_ws/install/teleop_tools', 'merge_install': False, 'path': '/home/f1/f1tenth_ws/src/f1tenth_system/teleop_tools/teleop_tools', 'symlink_install': True, 'test_result_base': None}
[2.959s] Level 5:colcon.colcon_core.verb:set package 'vesc' build argument 'cmake_args' from command line to '['-DCMAKE_BUILD_TYPE=Release']'
[2.959s] Level 5:colcon.colcon_core.verb:set package 'vesc' build argument 'cmake_target' from command line to 'None'
[2.959s] Level 5:colcon.colcon_core.verb:set package 'vesc' build argument 'cmake_target_skip_unavailable' from command line to 'False'
[2.959s] Level 5:colcon.colcon_core.verb:set package 'vesc' build argument 'cmake_clean_cache' from command line to 'False'
[2.960s] Level 5:colcon.colcon_core.verb:set package 'vesc' build argument 'cmake_clean_first' from command line to 'False'
[2.960s] Level 5:colcon.colcon_core.verb:set package 'vesc' build argument 'cmake_force_configure' from command line to 'False'
[2.960s] Level 5:colcon.colcon_core.verb:set package 'vesc' build argument 'ament_cmake_args' from command line to 'None'
[2.960s] Level 5:colcon.colcon_core.verb:set package 'vesc' build argument 'catkin_cmake_args' from command line to 'None'
[2.960s] Level 5:colcon.colcon_core.verb:set package 'vesc' build argument 'catkin_skip_building_tests' from command line to 'False'
[2.961s] DEBUG:colcon.colcon_core.verb:Building package 'vesc' with the following arguments: {'ament_cmake_args': None, 'build_base': '/home/f1/f1tenth_ws/build/vesc', 'catkin_cmake_args': None, 'catkin_skip_building_tests': False, 'cmake_args': ['-DCMAKE_BUILD_TYPE=Release'], 'cmake_clean_cache': False, 'cmake_clean_first': False, 'cmake_force_configure': False, 'cmake_target': None, 'cmake_target_skip_unavailable': False, 'install_base': '/home/f1/f1tenth_ws/install/vesc', 'merge_install': False, 'path': '/home/f1/f1tenth_ws/src/f1tenth_system/vesc/vesc', 'symlink_install': True, 'test_result_base': None}
[2.962s] Level 5:colcon.colcon_core.verb:set package 'f1tenth_stack' build argument 'cmake_args' from command line to '['-DCMAKE_BUILD_TYPE=Release']'
[2.963s] Level 5:colcon.colcon_core.verb:set package 'f1tenth_stack' build argument 'cmake_target' from command line to 'None'
[2.963s] Level 5:colcon.colcon_core.verb:set package 'f1tenth_stack' build argument 'cmake_target_skip_unavailable' from command line to 'False'
[2.963s] Level 5:colcon.colcon_core.verb:set package 'f1tenth_stack' build argument 'cmake_clean_cache' from command line to 'False'
[2.963s] Level 5:colcon.colcon_core.verb:set package 'f1tenth_stack' build argument 'cmake_clean_first' from command line to 'False'
[2.963s] Level 5:colcon.colcon_core.verb:set package 'f1tenth_stack' build argument 'cmake_force_configure' from command line to 'False'
[2.963s] Level 5:colcon.colcon_core.verb:set package 'f1tenth_stack' build argument 'ament_cmake_args' from command line to 'None'
[2.964s] Level 5:colcon.colcon_core.verb:set package 'f1tenth_stack' build argument 'catkin_cmake_args' from command line to 'None'
[2.964s] Level 5:colcon.colcon_core.verb:set package 'f1tenth_stack' build argument 'catkin_skip_building_tests' from command line to 'False'
[2.964s] DEBUG:colcon.colcon_core.verb:Building package 'f1tenth_stack' with the following arguments: {'ament_cmake_args': None, 'build_base': '/home/f1/f1tenth_ws/build/f1tenth_stack', 'catkin_cmake_args': None, 'catkin_skip_building_tests': False, 'cmake_args': ['-DCMAKE_BUILD_TYPE=Release'], 'cmake_clean_cache': False, 'cmake_clean_first': False, 'cmake_force_configure': False, 'cmake_target': None, 'cmake_target_skip_unavailable': False, 'install_base': '/home/f1/f1tenth_ws/install/f1tenth_stack', 'merge_install': False, 'path': '/home/f1/f1tenth_ws/src/f1tenth_system/f1tenth_stack', 'symlink_install': True, 'test_result_base': None}
[2.966s] Level 5:colcon.colcon_core.verb:set package 'f1tenth_slam_nav' build argument 'cmake_args' from command line to '['-DCMAKE_BUILD_TYPE=Release']'
[2.966s] Level 5:colcon.colcon_core.verb:set package 'f1tenth_slam_nav' build argument 'cmake_target' from command line to 'None'
[2.966s] Level 5:colcon.colcon_core.verb:set package 'f1tenth_slam_nav' build argument 'cmake_target_skip_unavailable' from command line to 'False'
[2.967s] Level 5:colcon.colcon_core.verb:set package 'f1tenth_slam_nav' build argument 'cmake_clean_cache' from command line to 'False'
[2.967s] Level 5:colcon.colcon_core.verb:set package 'f1tenth_slam_nav' build argument 'cmake_clean_first' from command line to 'False'
[2.967s] Level 5:colcon.colcon_core.verb:set package 'f1tenth_slam_nav' build argument 'cmake_force_configure' from command line to 'False'
[2.967s] Level 5:colcon.colcon_core.verb:set package 'f1tenth_slam_nav' build argument 'ament_cmake_args' from command line to 'None'
[2.967s] Level 5:colcon.colcon_core.verb:set package 'f1tenth_slam_nav' build argument 'catkin_cmake_args' from command line to 'None'
[2.967s] Level 5:colcon.colcon_core.verb:set package 'f1tenth_slam_nav' build argument 'catkin_skip_building_tests' from command line to 'False'
[2.968s] DEBUG:colcon.colcon_core.verb:Building package 'f1tenth_slam_nav' with the following arguments: {'ament_cmake_args': None, 'build_base': '/home/f1/f1tenth_ws/build/f1tenth_slam_nav', 'catkin_cmake_args': None, 'catkin_skip_building_tests': False, 'cmake_args': ['-DCMAKE_BUILD_TYPE=Release'], 'cmake_clean_cache': False, 'cmake_clean_first': False, 'cmake_force_configure': False, 'cmake_target': None, 'cmake_target_skip_unavailable': False, 'install_base': '/home/f1/f1tenth_ws/install/f1tenth_slam_nav', 'merge_install': False, 'path': '/home/f1/f1tenth_ws/src/f1tenth_slam_nav', 'symlink_install': True, 'test_result_base': None}
[2.968s] INFO:colcon.colcon_core.executor:Executing jobs using 'parallel' executor
[2.974s] DEBUG:colcon.colcon_parallel_executor.executor.parallel:run_until_complete
[2.976s] INFO:colcon.colcon_ros.task.ament_cmake.build:Building ROS package in '/home/f1/f1tenth_ws/src/f1tenth_system/vesc/vesc_msgs' with build type 'ament_cmake'
[2.977s] INFO:colcon.colcon_cmake.task.cmake.build:Building CMake package in '/home/f1/f1tenth_ws/src/f1tenth_system/vesc/vesc_msgs'
[2.992s] INFO:colcon.colcon_core.plugin_system:Skipping extension 'colcon_core.shell.bat': Not used on non-Windows systems
[2.993s] INFO:colcon.colcon_core.shell:Skip shell extension 'powershell' for command environment: Not usable outside of PowerShell
[2.994s] DEBUG:colcon.colcon_core.shell:Skip shell extension 'dsv' for command environment
[3.030s] INFO:colcon.colcon_ros.task.ament_cmake.build:Building ROS package in '/home/f1/f1tenth_ws/src/f1tenth_system/teleop_tools/teleop_tools_msgs' with build type 'ament_cmake'
[3.033s] INFO:colcon.colcon_cmake.task.cmake.build:Building CMake package in '/home/f1/f1tenth_ws/src/f1tenth_system/teleop_tools/teleop_tools_msgs'
[3.038s] INFO:colcon.colcon_core.shell:Skip shell extension 'powershell' for command environment: Not usable outside of PowerShell
[3.039s] DEBUG:colcon.colcon_core.shell:Skip shell extension 'dsv' for command environment
[3.081s] INFO:colcon.colcon_ros.task.ament_cmake.build:Building ROS package in '/home/f1/f1tenth_ws/src/f1tenth_system/ackermann_mux' with build type 'ament_cmake'
[3.084s] INFO:colcon.colcon_cmake.task.cmake.build:Building CMake package in '/home/f1/f1tenth_ws/src/f1tenth_system/ackermann_mux'
[3.088s] INFO:colcon.colcon_core.shell:Skip shell extension 'powershell' for command environment: Not usable outside of PowerShell
[3.089s] DEBUG:colcon.colcon_core.shell:Skip shell extension 'dsv' for command environment
[3.132s] INFO:colcon.colcon_ros.task.ament_python.build:Building ROS package in '/home/f1/f1tenth_ws/src/f1tenth_system/teleop_tools/key_teleop' with build type 'ament_python'
[3.136s] Level 1:colcon.colcon_core.shell:create_environment_hook('key_teleop', 'ament_prefix_path')
[3.140s] INFO:colcon.colcon_core.shell:Creating environment hook '/home/f1/f1tenth_ws/install/key_teleop/share/key_teleop/hook/ament_prefix_path.ps1'
[3.147s] INFO:colcon.colcon_core.shell:Creating environment descriptor '/home/f1/f1tenth_ws/install/key_teleop/share/key_teleop/hook/ament_prefix_path.dsv'
[3.150s] INFO:colcon.colcon_core.shell:Creating environment hook '/home/f1/f1tenth_ws/install/key_teleop/share/key_teleop/hook/ament_prefix_path.sh'
[3.154s] INFO:colcon.colcon_core.shell:Skip shell extension 'powershell' for command environment: Not usable outside of PowerShell
[3.154s] DEBUG:colcon.colcon_core.shell:Skip shell extension 'dsv' for command environment
[3.193s] INFO:colcon.colcon_ros.task.ament_cmake.build:Building ROS package in '/home/f1/f1tenth_ws/src/center_follow_cpp' with build type 'ament_cmake'
[3.196s] INFO:colcon.colcon_cmake.task.cmake.build:Building CMake package in '/home/f1/f1tenth_ws/src/center_follow_cpp'
[3.200s] INFO:colcon.colcon_core.shell:Skip shell extension 'powershell' for command environment: Not usable outside of PowerShell
[3.202s] DEBUG:colcon.colcon_core.shell:Skip shell extension 'dsv' for command environment
[3.254s] INFO:colcon.colcon_ros.task.ament_python.build:Building ROS package in '/home/f1/f1tenth_ws/src/f1tenth_system/teleop_tools/mouse_teleop' with build type 'ament_python'
[3.260s] Level 1:colcon.colcon_core.shell:create_environment_hook('mouse_teleop', 'ament_prefix_path')
[3.265s] INFO:colcon.colcon_core.shell:Creating environment hook '/home/f1/f1tenth_ws/install/mouse_teleop/share/mouse_teleop/hook/ament_prefix_path.ps1'
[3.272s] INFO:colcon.colcon_core.shell:Creating environment descriptor '/home/f1/f1tenth_ws/install/mouse_teleop/share/mouse_teleop/hook/ament_prefix_path.dsv'
[3.277s] INFO:colcon.colcon_core.shell:Creating environment hook '/home/f1/f1tenth_ws/install/mouse_teleop/share/mouse_teleop/hook/ament_prefix_path.sh'
[3.281s] INFO:colcon.colcon_core.shell:Skip shell extension 'powershell' for command environment: Not usable outside of PowerShell
[3.282s] DEBUG:colcon.colcon_core.shell:Skip shell extension 'dsv' for command environment
[3.366s] DEBUG:colcon.colcon_core.event_handler.log_command:Invoking command in '/home/f1/f1tenth_ws/build/vesc_msgs': CMAKE_PREFIX_PATH=${CMAKE_PREFIX_PATH}:/home/f1/f1tenth_ws/install/f1tenth_stack:/home/f1/f1tenth_ws/install/joy_teleop:/home/f1/f1tenth_ws/install/pygame_key_teleop:/home/f1/f1tenth_ws/install/mouse_teleop:/home/f1/f1tenth_ws/install/key_teleop:/home/f1/f1tenth_ws/install/f1tenth_path_planner:/opt/ros/foxy CONDA_PROMPT_MODIFIER=(base) /usr/bin/cmake --build /home/f1/f1tenth_ws/build/vesc_msgs -- -j6 -l6
[3.417s] DEBUG:colcon.colcon_core.event_handler.log_command:Invoking command in '/home/f1/f1tenth_ws/build/teleop_tools_msgs': CMAKE_PREFIX_PATH=${CMAKE_PREFIX_PATH}:/home/f1/f1tenth_ws/install/f1tenth_stack:/home/f1/f1tenth_ws/install/joy_teleop:/home/f1/f1tenth_ws/install/pygame_key_teleop:/home/f1/f1tenth_ws/install/mouse_teleop:/home/f1/f1tenth_ws/install/key_teleop:/home/f1/f1tenth_ws/install/f1tenth_path_planner:/opt/ros/foxy CONDA_PROMPT_MODIFIER=(base) /usr/bin/cmake --build /home/f1/f1tenth_ws/build/teleop_tools_msgs -- -j6 -l6
[3.460s] DEBUG:colcon.colcon_core.event_handler.log_command:Invoking command in '/home/f1/f1tenth_ws/build/ackermann_mux': CMAKE_PREFIX_PATH=${CMAKE_PREFIX_PATH}:/home/f1/f1tenth_ws/install/f1tenth_stack:/home/f1/f1tenth_ws/install/joy_teleop:/home/f1/f1tenth_ws/install/pygame_key_teleop:/home/f1/f1tenth_ws/install/mouse_teleop:/home/f1/f1tenth_ws/install/key_teleop:/home/f1/f1tenth_ws/install/f1tenth_path_planner:/opt/ros/foxy CONDA_PROMPT_MODIFIER=(base) /usr/bin/cmake --build /home/f1/f1tenth_ws/build/ackermann_mux -- -j6 -l6
[5.331s] INFO:colcon.colcon_core.task.python.build:Building Python package in '/home/f1/f1tenth_ws/src/f1tenth_system/teleop_tools/key_teleop'
[5.335s] INFO:colcon.colcon_core.shell:Skip shell extension 'powershell' for command environment: Not usable outside of PowerShell
[5.335s] DEBUG:colcon.colcon_core.shell:Skip shell extension 'dsv' for command environment
[5.414s] DEBUG:colcon.colcon_core.event_handler.log_command:Invoking command in '/home/f1/f1tenth_ws/build/center_follow_cpp': CMAKE_PREFIX_PATH=${CMAKE_PREFIX_PATH}:/home/f1/f1tenth_ws/install/f1tenth_stack:/home/f1/f1tenth_ws/install/joy_teleop:/home/f1/f1tenth_ws/install/pygame_key_teleop:/home/f1/f1tenth_ws/install/mouse_teleop:/home/f1/f1tenth_ws/install/key_teleop:/home/f1/f1tenth_ws/install/f1tenth_path_planner:/opt/ros/foxy CONDA_PROMPT_MODIFIER=(base) /usr/bin/cmake --build /home/f1/f1tenth_ws/build/center_follow_cpp -- -j6 -l6
[6.914s] INFO:colcon.colcon_core.task.python.build:Building Python package in '/home/f1/f1tenth_ws/src/f1tenth_system/teleop_tools/mouse_teleop'
[6.918s] INFO:colcon.colcon_core.shell:Skip shell extension 'powershell' for command environment: Not usable outside of PowerShell
[6.918s] DEBUG:colcon.colcon_core.shell:Skip shell extension 'dsv' for command environment
[6.976s] DEBUG:colcon.colcon_core.event_handler.log_command:Invoked command in '/home/f1/f1tenth_ws/build/vesc_msgs' returned '0': CMAKE_PREFIX_PATH=${CMAKE_PREFIX_PATH}:/home/f1/f1tenth_ws/install/f1tenth_stack:/home/f1/f1tenth_ws/install/joy_teleop:/home/f1/f1tenth_ws/install/pygame_key_teleop:/home/f1/f1tenth_ws/install/mouse_teleop:/home/f1/f1tenth_ws/install/key_teleop:/home/f1/f1tenth_ws/install/f1tenth_path_planner:/opt/ros/foxy CONDA_PROMPT_MODIFIER=(base) /usr/bin/cmake --build /home/f1/f1tenth_ws/build/vesc_msgs -- -j6 -l6
[7.059s] DEBUG:colcon.colcon_core.event_handler.log_command:Invoking command in '/home/f1/f1tenth_ws/build/vesc_msgs': CMAKE_PREFIX_PATH=${CMAKE_PREFIX_PATH}:/home/f1/f1tenth_ws/install/f1tenth_stack:/home/f1/f1tenth_ws/install/joy_teleop:/home/f1/f1tenth_ws/install/pygame_key_teleop:/home/f1/f1tenth_ws/install/mouse_teleop:/home/f1/f1tenth_ws/install/key_teleop:/home/f1/f1tenth_ws/install/f1tenth_path_planner:/opt/ros/foxy CONDA_PROMPT_MODIFIER=(base) /usr/bin/cmake --install /home/f1/f1tenth_ws/build/vesc_msgs
[7.065s] DEBUG:colcon.colcon_core.event_handler.log_command:Invoked command in '/home/f1/f1tenth_ws/build/ackermann_mux' returned '0': CMAKE_PREFIX_PATH=${CMAKE_PREFIX_PATH}:/home/f1/f1tenth_ws/install/f1tenth_stack:/home/f1/f1tenth_ws/install/joy_teleop:/home/f1/f1tenth_ws/install/pygame_key_teleop:/home/f1/f1tenth_ws/install/mouse_teleop:/home/f1/f1tenth_ws/install/key_teleop:/home/f1/f1tenth_ws/install/f1tenth_path_planner:/opt/ros/foxy CONDA_PROMPT_MODIFIER=(base) /usr/bin/cmake --build /home/f1/f1tenth_ws/build/ackermann_mux -- -j6 -l6
[7.085s] DEBUG:colcon.colcon_core.event_handler.log_command:Invoking command in '/home/f1/f1tenth_ws/build/ackermann_mux': CMAKE_PREFIX_PATH=${CMAKE_PREFIX_PATH}:/home/f1/f1tenth_ws/install/f1tenth_stack:/home/f1/f1tenth_ws/install/joy_teleop:/home/f1/f1tenth_ws/install/pygame_key_teleop:/home/f1/f1tenth_ws/install/mouse_teleop:/home/f1/f1tenth_ws/install/key_teleop:/home/f1/f1tenth_ws/install/f1tenth_path_planner:/opt/ros/foxy CONDA_PROMPT_MODIFIER=(base) /usr/bin/cmake --install /home/f1/f1tenth_ws/build/ackermann_mux
[7.093s] DEBUG:colcon.colcon_core.event_handler.log_command:Invoked command in '/home/f1/f1tenth_ws/build/teleop_tools_msgs' returned '0': CMAKE_PREFIX_PATH=${CMAKE_PREFIX_PATH}:/home/f1/f1tenth_ws/install/f1tenth_stack:/home/f1/f1tenth_ws/install/joy_teleop:/home/f1/f1tenth_ws/install/pygame_key_teleop:/home/f1/f1tenth_ws/install/mouse_teleop:/home/f1/f1tenth_ws/install/key_teleop:/home/f1/f1tenth_ws/install/f1tenth_path_planner:/opt/ros/foxy CONDA_PROMPT_MODIFIER=(base) /usr/bin/cmake --build /home/f1/f1tenth_ws/build/teleop_tools_msgs -- -j6 -l6
[7.122s] DEBUG:colcon.colcon_core.event_handler.log_command:Invoking command in '/home/f1/f1tenth_ws/build/teleop_tools_msgs': CMAKE_PREFIX_PATH=${CMAKE_PREFIX_PATH}:/home/f1/f1tenth_ws/install/f1tenth_stack:/home/f1/f1tenth_ws/install/joy_teleop:/home/f1/f1tenth_ws/install/pygame_key_teleop:/home/f1/f1tenth_ws/install/mouse_teleop:/home/f1/f1tenth_ws/install/key_teleop:/home/f1/f1tenth_ws/install/f1tenth_path_planner:/opt/ros/foxy CONDA_PROMPT_MODIFIER=(base) /usr/bin/cmake --install /home/f1/f1tenth_ws/build/teleop_tools_msgs
[7.143s] DEBUG:colcon.colcon_core.event_handler.log_command:Invoked command in '/home/f1/f1tenth_ws/build/center_follow_cpp' returned '0': CMAKE_PREFIX_PATH=${CMAKE_PREFIX_PATH}:/home/f1/f1tenth_ws/install/f1tenth_stack:/home/f1/f1tenth_ws/install/joy_teleop:/home/f1/f1tenth_ws/install/pygame_key_teleop:/home/f1/f1tenth_ws/install/mouse_teleop:/home/f1/f1tenth_ws/install/key_teleop:/home/f1/f1tenth_ws/install/f1tenth_path_planner:/opt/ros/foxy CONDA_PROMPT_MODIFIER=(base) /usr/bin/cmake --build /home/f1/f1tenth_ws/build/center_follow_cpp -- -j6 -l6
[7.224s] DEBUG:colcon.colcon_core.event_handler.log_command:Invoking command in '/home/f1/f1tenth_ws/build/center_follow_cpp': CMAKE_PREFIX_PATH=${CMAKE_PREFIX_PATH}:/home/f1/f1tenth_ws/install/f1tenth_stack:/home/f1/f1tenth_ws/install/joy_teleop:/home/f1/f1tenth_ws/install/pygame_key_teleop:/home/f1/f1tenth_ws/install/mouse_teleop:/home/f1/f1tenth_ws/install/key_teleop:/home/f1/f1tenth_ws/install/f1tenth_path_planner:/opt/ros/foxy CONDA_PROMPT_MODIFIER=(base) /usr/bin/cmake --install /home/f1/f1tenth_ws/build/center_follow_cpp
[7.359s] Level 1:colcon.colcon_core.environment:create_environment_scripts_only(ackermann_mux)
[7.452s] Level 1:colcon.colcon_core.environment:checking '/home/f1/f1tenth_ws/install/ackermann_mux' for CMake module files
[7.498s] Level 1:colcon.colcon_core.environment:checking '/home/f1/f1tenth_ws/install/ackermann_mux' for CMake config files
[7.503s] Level 1:colcon.colcon_core.shell:create_environment_hook('ackermann_mux', 'cmake_prefix_path')
[7.505s] INFO:colcon.colcon_core.shell:Creating environment hook '/home/f1/f1tenth_ws/install/ackermann_mux/share/ackermann_mux/hook/cmake_prefix_path.ps1'
[7.511s] INFO:colcon.colcon_core.shell:Creating environment descriptor '/home/f1/f1tenth_ws/install/ackermann_mux/share/ackermann_mux/hook/cmake_prefix_path.dsv'
[7.515s] INFO:colcon.colcon_core.shell:Creating environment hook '/home/f1/f1tenth_ws/install/ackermann_mux/share/ackermann_mux/hook/cmake_prefix_path.sh'
[7.530s] Level 1:colcon.colcon_core.environment:checking '/home/f1/f1tenth_ws/install/ackermann_mux/lib'
[7.534s] DEBUG:colcon.colcon_core.event_handler.log_command:Invoked command in '/home/f1/f1tenth_ws/build/ackermann_mux' returned '0': CMAKE_PREFIX_PATH=${CMAKE_PREFIX_PATH}:/home/f1/f1tenth_ws/install/f1tenth_stack:/home/f1/f1tenth_ws/install/joy_teleop:/home/f1/f1tenth_ws/install/pygame_key_teleop:/home/f1/f1tenth_ws/install/mouse_teleop:/home/f1/f1tenth_ws/install/key_teleop:/home/f1/f1tenth_ws/install/f1tenth_path_planner:/opt/ros/foxy CONDA_PROMPT_MODIFIER=(base) /usr/bin/cmake --install /home/f1/f1tenth_ws/build/ackermann_mux
[7.535s] Level 1:colcon.colcon_core.environment:checking '/home/f1/f1tenth_ws/install/ackermann_mux/bin'
[7.536s] Level 1:colcon.colcon_core.environment:checking '/home/f1/f1tenth_ws/install/ackermann_mux/lib/pkgconfig/ackermann_mux.pc'
[7.538s] Level 1:colcon.colcon_core.environment:checking '/home/f1/f1tenth_ws/install/ackermann_mux/lib/python3.8/site-packages'
[7.540s] Level 1:colcon.colcon_core.environment:checking '/home/f1/f1tenth_ws/install/ackermann_mux/bin'
[7.542s] INFO:colcon.colcon_core.shell:Creating package script '/home/f1/f1tenth_ws/install/ackermann_mux/share/ackermann_mux/package.ps1'
[7.548s] INFO:colcon.colcon_core.shell:Creating package descriptor '/home/f1/f1tenth_ws/install/ackermann_mux/share/ackermann_mux/package.dsv'
[7.553s] INFO:colcon.colcon_core.shell:Creating package script '/home/f1/f1tenth_ws/install/ackermann_mux/share/ackermann_mux/package.sh'
[7.559s] INFO:colcon.colcon_core.shell:Creating package script '/home/f1/f1tenth_ws/install/ackermann_mux/share/ackermann_mux/package.bash'
[7.566s] INFO:colcon.colcon_core.shell:Creating package script '/home/f1/f1tenth_ws/install/ackermann_mux/share/ackermann_mux/package.zsh'
[7.570s] Level 1:colcon.colcon_core.environment:create_file_with_runtime_dependencies(/home/f1/f1tenth_ws/install/ackermann_mux/share/colcon-core/packages/ackermann_mux)
[7.577s] Level 1:colcon.colcon_core.environment:create_environment_scripts_only(ackermann_mux)
[7.579s] Level 1:colcon.colcon_core.environment:checking '/home/f1/f1tenth_ws/install/ackermann_mux' for CMake module files
[7.585s] Level 1:colcon.colcon_core.environment:checking '/home/f1/f1tenth_ws/install/ackermann_mux' for CMake config files
[7.588s] Level 1:colcon.colcon_core.shell:create_environment_hook('ackermann_mux', 'cmake_prefix_path')
[7.589s] INFO:colcon.colcon_core.shell:Creating environment hook '/home/f1/f1tenth_ws/install/ackermann_mux/share/ackermann_mux/hook/cmake_prefix_path.ps1'
[7.593s] INFO:colcon.colcon_core.shell:Creating environment descriptor '/home/f1/f1tenth_ws/install/ackermann_mux/share/ackermann_mux/hook/cmake_prefix_path.dsv'
[7.601s] INFO:colcon.colcon_core.shell:Creating environment hook '/home/f1/f1tenth_ws/install/ackermann_mux/share/ackermann_mux/hook/cmake_prefix_path.sh'
[7.607s] Level 1:colcon.colcon_core.environment:checking '/home/f1/f1tenth_ws/install/ackermann_mux/lib'
[7.609s] Level 1:colcon.colcon_core.environment:checking '/home/f1/f1tenth_ws/install/ackermann_mux/bin'
[7.612s] Level 1:colcon.colcon_core.environment:checking '/home/f1/f1tenth_ws/install/ackermann_mux/lib/pkgconfig/ackermann_mux.pc'
[7.613s] Level 1:colcon.colcon_core.environment:checking '/home/f1/f1tenth_ws/install/ackermann_mux/lib/python3.8/site-packages'
[7.614s] Level 1:colcon.colcon_core.environment:checking '/home/f1/f1tenth_ws/install/ackermann_mux/bin'
[7.617s] INFO:colcon.colcon_core.shell:Creating package script '/home/f1/f1tenth_ws/install/ackermann_mux/share/ackermann_mux/package.ps1'
[7.622s] INFO:colcon.colcon_core.shell:Creating package descriptor '/home/f1/f1tenth_ws/install/ackermann_mux/share/ackermann_mux/package.dsv'
[7.628s] INFO:colcon.colcon_core.shell:Creating package script '/home/f1/f1tenth_ws/install/ackermann_mux/share/ackermann_mux/package.sh'
[7.641s] INFO:colcon.colcon_core.shell:Creating package script '/home/f1/f1tenth_ws/install/ackermann_mux/share/ackermann_mux/package.bash'
[7.645s] INFO:colcon.colcon_core.shell:Creating package script '/home/f1/f1tenth_ws/install/ackermann_mux/share/ackermann_mux/package.zsh'
[7.651s] Level 1:colcon.colcon_core.environment:create_file_with_runtime_dependencies(/home/f1/f1tenth_ws/install/ackermann_mux/share/colcon-core/packages/ackermann_mux)
[7.657s] INFO:colcon.colcon_ros.task.ament_cmake.build:Building ROS package in '/home/f1/f1tenth_ws/src/path_follow' with build type 'ament_cmake'
[7.658s] INFO:colcon.colcon_cmake.task.cmake.build:Building CMake package in '/home/f1/f1tenth_ws/src/path_follow'
[7.661s] INFO:colcon.colcon_core.shell:Skip shell extension 'powershell' for command environment: Not usable outside of PowerShell
[7.663s] DEBUG:colcon.colcon_core.shell:Skip shell extension 'dsv' for command environment
[7.728s] Level 1:colcon.colcon_core.environment:create_environment_scripts_only(center_follow_cpp)
[7.733s] DEBUG:colcon.colcon_core.event_handler.log_command:Invoked command in '/home/f1/f1tenth_ws/build/center_follow_cpp' returned '0': CMAKE_PREFIX_PATH=${CMAKE_PREFIX_PATH}:/home/f1/f1tenth_ws/install/f1tenth_stack:/home/f1/f1tenth_ws/install/joy_teleop:/home/f1/f1tenth_ws/install/pygame_key_teleop:/home/f1/f1tenth_ws/install/mouse_teleop:/home/f1/f1tenth_ws/install/key_teleop:/home/f1/f1tenth_ws/install/f1tenth_path_planner:/opt/ros/foxy CONDA_PROMPT_MODIFIER=(base) /usr/bin/cmake --install /home/f1/f1tenth_ws/build/center_follow_cpp
[7.737s] Level 1:colcon.colcon_core.environment:checking '/home/f1/f1tenth_ws/install/center_follow_cpp' for CMake module files
[7.759s] Level 1:colcon.colcon_core.environment:checking '/home/f1/f1tenth_ws/install/center_follow_cpp' for CMake config files
[7.762s] Level 1:colcon.colcon_core.shell:create_environment_hook('center_follow_cpp', 'cmake_prefix_path')
[7.765s] INFO:colcon.colcon_core.shell:Creating environment hook '/home/f1/f1tenth_ws/install/center_follow_cpp/share/center_follow_cpp/hook/cmake_prefix_path.ps1'
[7.775s] INFO:colcon.colcon_core.shell:Creating environment descriptor '/home/f1/f1tenth_ws/install/center_follow_cpp/share/center_follow_cpp/hook/cmake_prefix_path.dsv'
[7.799s] INFO:colcon.colcon_core.shell:Creating environment hook '/home/f1/f1tenth_ws/install/center_follow_cpp/share/center_follow_cpp/hook/cmake_prefix_path.sh'
[7.804s] Level 1:colcon.colcon_core.environment:checking '/home/f1/f1tenth_ws/install/center_follow_cpp/lib'
[7.804s] Level 1:colcon.colcon_core.environment:checking '/home/f1/f1tenth_ws/install/center_follow_cpp/bin'
[7.805s] Level 1:colcon.colcon_core.environment:checking '/home/f1/f1tenth_ws/install/center_follow_cpp/lib/pkgconfig/center_follow_cpp.pc'
[7.807s] Level 1:colcon.colcon_core.environment:checking '/home/f1/f1tenth_ws/install/center_follow_cpp/lib/python3.8/site-packages'
[7.808s] Level 1:colcon.colcon_core.environment:checking '/home/f1/f1tenth_ws/install/center_follow_cpp/bin'
[7.810s] INFO:colcon.colcon_core.shell:Creating package script '/home/f1/f1tenth_ws/install/center_follow_cpp/share/center_follow_cpp/package.ps1'
[7.813s] INFO:colcon.colcon_core.shell:Creating package descriptor '/home/f1/f1tenth_ws/install/center_follow_cpp/share/center_follow_cpp/package.dsv'
[7.816s] INFO:colcon.colcon_core.shell:Creating package script '/home/f1/f1tenth_ws/install/center_follow_cpp/share/center_follow_cpp/package.sh'
[7.820s] INFO:colcon.colcon_core.shell:Creating package script '/home/f1/f1tenth_ws/install/center_follow_cpp/share/center_follow_cpp/package.bash'
[7.823s] INFO:colcon.colcon_core.shell:Creating package script '/home/f1/f1tenth_ws/install/center_follow_cpp/share/center_follow_cpp/package.zsh'
[7.826s] Level 1:colcon.colcon_core.environment:create_file_with_runtime_dependencies(/home/f1/f1tenth_ws/install/center_follow_cpp/share/colcon-core/packages/center_follow_cpp)
[7.846s] Level 1:colcon.colcon_core.environment:create_environment_scripts_only(center_follow_cpp)
[7.847s] Level 1:colcon.colcon_core.environment:checking '/home/f1/f1tenth_ws/install/center_follow_cpp' for CMake module files
[7.853s] Level 1:colcon.colcon_core.environment:checking '/home/f1/f1tenth_ws/install/center_follow_cpp' for CMake config files
[7.855s] Level 1:colcon.colcon_core.shell:create_environment_hook('center_follow_cpp', 'cmake_prefix_path')
[7.856s] INFO:colcon.colcon_core.shell:Creating environment hook '/home/f1/f1tenth_ws/install/center_follow_cpp/share/center_follow_cpp/hook/cmake_prefix_path.ps1'
[7.859s] INFO:colcon.colcon_core.shell:Creating environment descriptor '/home/f1/f1tenth_ws/install/center_follow_cpp/share/center_follow_cpp/hook/cmake_prefix_path.dsv'
[7.861s] INFO:colcon.colcon_core.shell:Creating environment hook '/home/f1/f1tenth_ws/install/center_follow_cpp/share/center_follow_cpp/hook/cmake_prefix_path.sh'
[7.865s] Level 1:colcon.colcon_core.environment:checking '/home/f1/f1tenth_ws/install/center_follow_cpp/lib'
[7.865s] Level 1:colcon.colcon_core.environment:checking '/home/f1/f1tenth_ws/install/center_follow_cpp/bin'
[7.866s] Level 1:colcon.colcon_core.environment:checking '/home/f1/f1tenth_ws/install/center_follow_cpp/lib/pkgconfig/center_follow_cpp.pc'
[7.867s] Level 1:colcon.colcon_core.environment:checking '/home/f1/f1tenth_ws/install/center_follow_cpp/lib/python3.8/site-packages'
[7.867s] Level 1:colcon.colcon_core.environment:checking '/home/f1/f1tenth_ws/install/center_follow_cpp/bin'
[7.869s] INFO:colcon.colcon_core.shell:Creating package script '/home/f1/f1tenth_ws/install/center_follow_cpp/share/center_follow_cpp/package.ps1'
[7.872s] INFO:colcon.colcon_core.shell:Creating package descriptor '/home/f1/f1tenth_ws/install/center_follow_cpp/share/center_follow_cpp/package.dsv'
[7.875s] INFO:colcon.colcon_core.shell:Creating package script '/home/f1/f1tenth_ws/install/center_follow_cpp/share/center_follow_cpp/package.sh'
[7.878s] INFO:colcon.colcon_core.shell:Creating package script '/home/f1/f1tenth_ws/install/center_follow_cpp/share/center_follow_cpp/package.bash'
[7.881s] INFO:colcon.colcon_core.shell:Creating package script '/home/f1/f1tenth_ws/install/center_follow_cpp/share/center_follow_cpp/package.zsh'
[7.884s] Level 1:colcon.colcon_core.environment:create_file_with_runtime_dependencies(/home/f1/f1tenth_ws/install/center_follow_cpp/share/colcon-core/packages/center_follow_cpp)
[7.897s] INFO:colcon.colcon_ros.task.ament_cmake.build:Building ROS package in '/home/f1/f1tenth_ws/src/pure_pursuit' with build type 'ament_cmake'
[7.898s] INFO:colcon.colcon_cmake.task.cmake.build:Building CMake package in '/home/f1/f1tenth_ws/src/pure_pursuit'
[7.900s] INFO:colcon.colcon_core.shell:Skip shell extension 'powershell' for command environment: Not usable outside of PowerShell
[7.901s] DEBUG:colcon.colcon_core.shell:Skip shell extension 'dsv' for command environment
[7.959s] Level 1:colcon.colcon_core.environment:create_environment_scripts_only(teleop_tools_msgs)
[7.967s] Level 1:colcon.colcon_core.environment:checking '/home/f1/f1tenth_ws/install/teleop_tools_msgs' for CMake module files
[7.970s] DEBUG:colcon.colcon_core.event_handler.log_command:Invoked command in '/home/f1/f1tenth_ws/build/teleop_tools_msgs' returned '0': CMAKE_PREFIX_PATH=${CMAKE_PREFIX_PATH}:/home/f1/f1tenth_ws/install/f1tenth_stack:/home/f1/f1tenth_ws/install/joy_teleop:/home/f1/f1tenth_ws/install/pygame_key_teleop:/home/f1/f1tenth_ws/install/mouse_teleop:/home/f1/f1tenth_ws/install/key_teleop:/home/f1/f1tenth_ws/install/f1tenth_path_planner:/opt/ros/foxy CONDA_PROMPT_MODIFIER=(base) /usr/bin/cmake --install /home/f1/f1tenth_ws/build/teleop_tools_msgs
[7.974s] Level 1:colcon.colcon_core.environment:checking '/home/f1/f1tenth_ws/install/teleop_tools_msgs' for CMake config files
[7.977s] Level 1:colcon.colcon_core.shell:create_environment_hook('teleop_tools_msgs', 'cmake_prefix_path')
[7.978s] INFO:colcon.colcon_core.shell:Creating environment hook '/home/f1/f1tenth_ws/install/teleop_tools_msgs/share/teleop_tools_msgs/hook/cmake_prefix_path.ps1'
[7.983s] INFO:colcon.colcon_core.shell:Creating environment descriptor '/home/f1/f1tenth_ws/install/teleop_tools_msgs/share/teleop_tools_msgs/hook/cmake_prefix_path.dsv'
[7.985s] INFO:colcon.colcon_core.shell:Creating environment hook '/home/f1/f1tenth_ws/install/teleop_tools_msgs/share/teleop_tools_msgs/hook/cmake_prefix_path.sh'
[7.989s] Level 1:colcon.colcon_core.environment:checking '/home/f1/f1tenth_ws/install/teleop_tools_msgs/lib'
[7.990s] Level 1:colcon.colcon_core.shell:create_environment_hook('teleop_tools_msgs', 'ld_library_path_lib')
[7.991s] INFO:colcon.colcon_core.shell:Creating environment hook '/home/f1/f1tenth_ws/install/teleop_tools_msgs/share/teleop_tools_msgs/hook/ld_library_path_lib.ps1'
[7.995s] INFO:colcon.colcon_core.shell:Creating environment descriptor '/home/f1/f1tenth_ws/install/teleop_tools_msgs/share/teleop_tools_msgs/hook/ld_library_path_lib.dsv'
[7.998s] INFO:colcon.colcon_core.shell:Creating environment hook '/home/f1/f1tenth_ws/install/teleop_tools_msgs/share/teleop_tools_msgs/hook/ld_library_path_lib.sh'
[8.002s] Level 1:colcon.colcon_core.environment:checking '/home/f1/f1tenth_ws/install/teleop_tools_msgs/bin'
[8.003s] Level 1:colcon.colcon_core.environment:checking '/home/f1/f1tenth_ws/install/teleop_tools_msgs/lib/pkgconfig/teleop_tools_msgs.pc'
[8.005s] Level 1:colcon.colcon_core.environment:checking '/home/f1/f1tenth_ws/install/teleop_tools_msgs/lib/python3.8/site-packages'
[8.005s] Level 1:colcon.colcon_core.shell:create_environment_hook('teleop_tools_msgs', 'pythonpath')
[8.006s] INFO:colcon.colcon_core.shell:Creating environment hook '/home/f1/f1tenth_ws/install/teleop_tools_msgs/share/teleop_tools_msgs/hook/pythonpath.ps1'
[8.010s] INFO:colcon.colcon_core.shell:Creating environment descriptor '/home/f1/f1tenth_ws/install/teleop_tools_msgs/share/teleop_tools_msgs/hook/pythonpath.dsv'
[8.012s] INFO:colcon.colcon_core.shell:Creating environment hook '/home/f1/f1tenth_ws/install/teleop_tools_msgs/share/teleop_tools_msgs/hook/pythonpath.sh'
[8.015s] Level 1:colcon.colcon_core.environment:checking '/home/f1/f1tenth_ws/install/teleop_tools_msgs/bin'
[8.018s] INFO:colcon.colcon_core.shell:Creating package script '/home/f1/f1tenth_ws/install/teleop_tools_msgs/share/teleop_tools_msgs/package.ps1'
[8.021s] INFO:colcon.colcon_core.shell:Creating package descriptor '/home/f1/f1tenth_ws/install/teleop_tools_msgs/share/teleop_tools_msgs/package.dsv'
[8.024s] INFO:colcon.colcon_core.shell:Creating package script '/home/f1/f1tenth_ws/install/teleop_tools_msgs/share/teleop_tools_msgs/package.sh'
[8.027s] INFO:colcon.colcon_core.shell:Creating package script '/home/f1/f1tenth_ws/install/teleop_tools_msgs/share/teleop_tools_msgs/package.bash'
[8.029s] INFO:colcon.colcon_core.shell:Creating package script '/home/f1/f1tenth_ws/install/teleop_tools_msgs/share/teleop_tools_msgs/package.zsh'
[8.032s] Level 1:colcon.colcon_core.environment:create_file_with_runtime_dependencies(/home/f1/f1tenth_ws/install/teleop_tools_msgs/share/colcon-core/packages/teleop_tools_msgs)
[8.036s] Level 1:colcon.colcon_core.environment:create_environment_scripts_only(teleop_tools_msgs)
[8.037s] Level 1:colcon.colcon_core.environment:checking '/home/f1/f1tenth_ws/install/teleop_tools_msgs' for CMake module files
[8.041s] Level 1:colcon.colcon_core.environment:checking '/home/f1/f1tenth_ws/install/teleop_tools_msgs' for CMake config files
[8.043s] Level 1:colcon.colcon_core.shell:create_environment_hook('teleop_tools_msgs', 'cmake_prefix_path')
[8.044s] INFO:colcon.colcon_core.shell:Creating environment hook '/home/f1/f1tenth_ws/install/teleop_tools_msgs/share/teleop_tools_msgs/hook/cmake_prefix_path.ps1'
[8.047s] INFO:colcon.colcon_core.shell:Creating environment descriptor '/home/f1/f1tenth_ws/install/teleop_tools_msgs/share/teleop_tools_msgs/hook/cmake_prefix_path.dsv'
[8.049s] INFO:colcon.colcon_core.shell:Creating environment hook '/home/f1/f1tenth_ws/install/teleop_tools_msgs/share/teleop_tools_msgs/hook/cmake_prefix_path.sh'
[8.054s] Level 1:colcon.colcon_core.environment:checking '/home/f1/f1tenth_ws/install/teleop_tools_msgs/lib'
[8.055s] Level 1:colcon.colcon_core.shell:create_environment_hook('teleop_tools_msgs', 'ld_library_path_lib')
[8.057s] INFO:colcon.colcon_core.shell:Creating environment hook '/home/f1/f1tenth_ws/install/teleop_tools_msgs/share/teleop_tools_msgs/hook/ld_library_path_lib.ps1'
[8.059s] INFO:colcon.colcon_core.shell:Creating environment descriptor '/home/f1/f1tenth_ws/install/teleop_tools_msgs/share/teleop_tools_msgs/hook/ld_library_path_lib.dsv'
[8.062s] INFO:colcon.colcon_core.shell:Creating environment hook '/home/f1/f1tenth_ws/install/teleop_tools_msgs/share/teleop_tools_msgs/hook/ld_library_path_lib.sh'
[8.064s] Level 1:colcon.colcon_core.environment:checking '/home/f1/f1tenth_ws/install/teleop_tools_msgs/bin'
[8.064s] Level 1:colcon.colcon_core.environment:checking '/home/f1/f1tenth_ws/install/teleop_tools_msgs/lib/pkgconfig/teleop_tools_msgs.pc'
[8.065s] Level 1:colcon.colcon_core.environment:checking '/home/f1/f1tenth_ws/install/teleop_tools_msgs/lib/python3.8/site-packages'
[8.066s] Level 1:colcon.colcon_core.shell:create_environment_hook('teleop_tools_msgs', 'pythonpath')
[8.067s] INFO:colcon.colcon_core.shell:Creating environment hook '/home/f1/f1tenth_ws/install/teleop_tools_msgs/share/teleop_tools_msgs/hook/pythonpath.ps1'
[8.069s] INFO:colcon.colcon_core.shell:Creating environment descriptor '/home/f1/f1tenth_ws/install/teleop_tools_msgs/share/teleop_tools_msgs/hook/pythonpath.dsv'
[8.071s] INFO:colcon.colcon_core.shell:Creating environment hook '/home/f1/f1tenth_ws/install/teleop_tools_msgs/share/teleop_tools_msgs/hook/pythonpath.sh'
[8.074s] Level 1:colcon.colcon_core.environment:checking '/home/f1/f1tenth_ws/install/teleop_tools_msgs/bin'
[8.076s] INFO:colcon.colcon_core.shell:Creating package script '/home/f1/f1tenth_ws/install/teleop_tools_msgs/share/teleop_tools_msgs/package.ps1'
[8.080s] INFO:colcon.colcon_core.shell:Creating package descriptor '/home/f1/f1tenth_ws/install/teleop_tools_msgs/share/teleop_tools_msgs/package.dsv'
[8.083s] INFO:colcon.colcon_core.shell:Creating package script '/home/f1/f1tenth_ws/install/teleop_tools_msgs/share/teleop_tools_msgs/package.sh'
[8.086s] INFO:colcon.colcon_core.shell:Creating package script '/home/f1/f1tenth_ws/install/teleop_tools_msgs/share/teleop_tools_msgs/package.bash'
[8.088s] INFO:colcon.colcon_core.shell:Creating package script '/home/f1/f1tenth_ws/install/teleop_tools_msgs/share/teleop_tools_msgs/package.zsh'
[8.091s] Level 1:colcon.colcon_core.environment:create_file_with_runtime_dependencies(/home/f1/f1tenth_ws/install/teleop_tools_msgs/share/colcon-core/packages/teleop_tools_msgs)
[8.092s] Level 1:colcon.colcon_core.environment:create_environment_scripts_only(vesc_msgs)
[8.094s] Level 1:colcon.colcon_core.environment:checking '/home/f1/f1tenth_ws/install/vesc_msgs' for CMake module files
[8.100s] Level 1:colcon.colcon_core.environment:checking '/home/f1/f1tenth_ws/install/vesc_msgs' for CMake config files
[8.105s] DEBUG:colcon.colcon_core.event_handler.log_command:Invoked command in '/home/f1/f1tenth_ws/build/vesc_msgs' returned '0': CMAKE_PREFIX_PATH=${CMAKE_PREFIX_PATH}:/home/f1/f1tenth_ws/install/f1tenth_stack:/home/f1/f1tenth_ws/install/joy_teleop:/home/f1/f1tenth_ws/install/pygame_key_teleop:/home/f1/f1tenth_ws/install/mouse_teleop:/home/f1/f1tenth_ws/install/key_teleop:/home/f1/f1tenth_ws/install/f1tenth_path_planner:/opt/ros/foxy CONDA_PROMPT_MODIFIER=(base) /usr/bin/cmake --install /home/f1/f1tenth_ws/build/vesc_msgs
[8.107s] Level 1:colcon.colcon_core.shell:create_environment_hook('vesc_msgs', 'cmake_prefix_path')
[8.109s] INFO:colcon.colcon_core.shell:Creating environment hook '/home/f1/f1tenth_ws/install/vesc_msgs/share/vesc_msgs/hook/cmake_prefix_path.ps1'
[8.113s] INFO:colcon.colcon_core.shell:Creating environment descriptor '/home/f1/f1tenth_ws/install/vesc_msgs/share/vesc_msgs/hook/cmake_prefix_path.dsv'
[8.115s] INFO:colcon.colcon_core.shell:Creating environment hook '/home/f1/f1tenth_ws/install/vesc_msgs/share/vesc_msgs/hook/cmake_prefix_path.sh'
[8.119s] Level 1:colcon.colcon_core.environment:checking '/home/f1/f1tenth_ws/install/vesc_msgs/lib'
[8.120s] Level 1:colcon.colcon_core.shell:create_environment_hook('vesc_msgs', 'ld_library_path_lib')
[8.121s] INFO:colcon.colcon_core.shell:Creating environment hook '/home/f1/f1tenth_ws/install/vesc_msgs/share/vesc_msgs/hook/ld_library_path_lib.ps1'
[8.124s] INFO:colcon.colcon_core.shell:Creating environment descriptor '/home/f1/f1tenth_ws/install/vesc_msgs/share/vesc_msgs/hook/ld_library_path_lib.dsv'
[8.126s] INFO:colcon.colcon_core.shell:Creating environment hook '/home/f1/f1tenth_ws/install/vesc_msgs/share/vesc_msgs/hook/ld_library_path_lib.sh'
[8.128s] Level 1:colcon.colcon_core.environment:checking '/home/f1/f1tenth_ws/install/vesc_msgs/bin'
[8.129s] Level 1:colcon.colcon_core.environment:checking '/home/f1/f1tenth_ws/install/vesc_msgs/lib/pkgconfig/vesc_msgs.pc'
[8.130s] Level 1:colcon.colcon_core.environment:checking '/home/f1/f1tenth_ws/install/vesc_msgs/lib/python3.8/site-packages'
[8.130s] Level 1:colcon.colcon_core.shell:create_environment_hook('vesc_msgs', 'pythonpath')
[8.131s] INFO:colcon.colcon_core.shell:Creating environment hook '/home/f1/f1tenth_ws/install/vesc_msgs/share/vesc_msgs/hook/pythonpath.ps1'
[8.134s] INFO:colcon.colcon_core.shell:Creating environment descriptor '/home/f1/f1tenth_ws/install/vesc_msgs/share/vesc_msgs/hook/pythonpath.dsv'
[8.136s] INFO:colcon.colcon_core.shell:Creating environment hook '/home/f1/f1tenth_ws/install/vesc_msgs/share/vesc_msgs/hook/pythonpath.sh'
[8.139s] Level 1:colcon.colcon_core.environment:checking '/home/f1/f1tenth_ws/install/vesc_msgs/bin'
[8.141s] INFO:colcon.colcon_core.shell:Creating package script '/home/f1/f1tenth_ws/install/vesc_msgs/share/vesc_msgs/package.ps1'
[8.147s] INFO:colcon.colcon_core.shell:Creating package descriptor '/home/f1/f1tenth_ws/install/vesc_msgs/share/vesc_msgs/package.dsv'
[8.150s] INFO:colcon.colcon_core.shell:Creating package script '/home/f1/f1tenth_ws/install/vesc_msgs/share/vesc_msgs/package.sh'
[8.155s] INFO:colcon.colcon_core.shell:Creating package script '/home/f1/f1tenth_ws/install/vesc_msgs/share/vesc_msgs/package.bash'
[8.158s] INFO:colcon.colcon_core.shell:Creating package script '/home/f1/f1tenth_ws/install/vesc_msgs/share/vesc_msgs/package.zsh'
[8.162s] Level 1:colcon.colcon_core.environment:create_file_with_runtime_dependencies(/home/f1/f1tenth_ws/install/vesc_msgs/share/colcon-core/packages/vesc_msgs)
[8.166s] Level 1:colcon.colcon_core.environment:create_environment_scripts_only(vesc_msgs)
[8.167s] Level 1:colcon.colcon_core.environment:checking '/home/f1/f1tenth_ws/install/vesc_msgs' for CMake module files
[8.171s] Level 1:colcon.colcon_core.environment:checking '/home/f1/f1tenth_ws/install/vesc_msgs' for CMake config files
[8.174s] Level 1:colcon.colcon_core.shell:create_environment_hook('vesc_msgs', 'cmake_prefix_path')
[8.175s] INFO:colcon.colcon_core.shell:Creating environment hook '/home/f1/f1tenth_ws/install/vesc_msgs/share/vesc_msgs/hook/cmake_prefix_path.ps1'
[8.179s] INFO:colcon.colcon_core.shell:Creating environment descriptor '/home/f1/f1tenth_ws/install/vesc_msgs/share/vesc_msgs/hook/cmake_prefix_path.dsv'
[8.182s] INFO:colcon.colcon_core.shell:Creating environment hook '/home/f1/f1tenth_ws/install/vesc_msgs/share/vesc_msgs/hook/cmake_prefix_path.sh'
[8.185s] Level 1:colcon.colcon_core.environment:checking '/home/f1/f1tenth_ws/install/vesc_msgs/lib'
[8.186s] Level 1:colcon.colcon_core.shell:create_environment_hook('vesc_msgs', 'ld_library_path_lib')
[8.187s] INFO:colcon.colcon_core.shell:Creating environment hook '/home/f1/f1tenth_ws/install/vesc_msgs/share/vesc_msgs/hook/ld_library_path_lib.ps1'
[8.189s] INFO:colcon.colcon_core.shell:Creating environment descriptor '/home/f1/f1tenth_ws/install/vesc_msgs/share/vesc_msgs/hook/ld_library_path_lib.dsv'
[8.192s] INFO:colcon.colcon_core.shell:Creating environment hook '/home/f1/f1tenth_ws/install/vesc_msgs/share/vesc_msgs/hook/ld_library_path_lib.sh'
[8.194s] Level 1:colcon.colcon_core.environment:checking '/home/f1/f1tenth_ws/install/vesc_msgs/bin'
[8.195s] Level 1:colcon.colcon_core.environment:checking '/home/f1/f1tenth_ws/install/vesc_msgs/lib/pkgconfig/vesc_msgs.pc'
[8.196s] Level 1:colcon.colcon_core.environment:checking '/home/f1/f1tenth_ws/install/vesc_msgs/lib/python3.8/site-packages'
[8.197s] Level 1:colcon.colcon_core.shell:create_environment_hook('vesc_msgs', 'pythonpath')
[8.198s] INFO:colcon.colcon_core.shell:Creating environment hook '/home/f1/f1tenth_ws/install/vesc_msgs/share/vesc_msgs/hook/pythonpath.ps1'
[8.201s] INFO:colcon.colcon_core.shell:Creating environment descriptor '/home/f1/f1tenth_ws/install/vesc_msgs/share/vesc_msgs/hook/pythonpath.dsv'
[8.204s] INFO:colcon.colcon_core.shell:Creating environment hook '/home/f1/f1tenth_ws/install/vesc_msgs/share/vesc_msgs/hook/pythonpath.sh'
[8.207s] Level 1:colcon.colcon_core.environment:checking '/home/f1/f1tenth_ws/install/vesc_msgs/bin'
[8.209s] INFO:colcon.colcon_core.shell:Creating package script '/home/f1/f1tenth_ws/install/vesc_msgs/share/vesc_msgs/package.ps1'
[8.213s] INFO:colcon.colcon_core.shell:Creating package descriptor '/home/f1/f1tenth_ws/install/vesc_msgs/share/vesc_msgs/package.dsv'
[8.216s] INFO:colcon.colcon_core.shell:Creating package script '/home/f1/f1tenth_ws/install/vesc_msgs/share/vesc_msgs/package.sh'
[8.219s] INFO:colcon.colcon_core.shell:Creating package script '/home/f1/f1tenth_ws/install/vesc_msgs/share/vesc_msgs/package.bash'
[8.222s] INFO:colcon.colcon_core.shell:Creating package script '/home/f1/f1tenth_ws/install/vesc_msgs/share/vesc_msgs/package.zsh'
[8.225s] Level 1:colcon.colcon_core.environment:create_file_with_runtime_dependencies(/home/f1/f1tenth_ws/install/vesc_msgs/share/colcon-core/packages/vesc_msgs)
[8.250s] DEBUG:colcon.colcon_core.event_handler.log_command:Invoking command in '/home/f1/f1tenth_ws/build/path_follow': CMAKE_PREFIX_PATH=${CMAKE_PREFIX_PATH}:/home/f1/f1tenth_ws/install/f1tenth_stack:/home/f1/f1tenth_ws/install/joy_teleop:/home/f1/f1tenth_ws/install/pygame_key_teleop:/home/f1/f1tenth_ws/install/mouse_teleop:/home/f1/f1tenth_ws/install/key_teleop:/home/f1/f1tenth_ws/install/f1tenth_path_planner:/opt/ros/foxy CONDA_PROMPT_MODIFIER=(base) /usr/bin/cmake --build /home/f1/f1tenth_ws/build/path_follow -- -j6 -l6
[8.269s] INFO:colcon.colcon_ros.task.ament_python.build:Building ROS package in '/home/f1/f1tenth_ws/src/f1tenth_system/teleop_tools/joy_teleop' with build type 'ament_python'
[8.274s] Level 1:colcon.colcon_core.shell:create_environment_hook('joy_teleop', 'ament_prefix_path')
[8.278s] INFO:colcon.colcon_core.shell:Creating environment hook '/home/f1/f1tenth_ws/install/joy_teleop/share/joy_teleop/hook/ament_prefix_path.ps1'
[8.285s] INFO:colcon.colcon_core.shell:Creating environment descriptor '/home/f1/f1tenth_ws/install/joy_teleop/share/joy_teleop/hook/ament_prefix_path.dsv'
[8.288s] INFO:colcon.colcon_core.shell:Creating environment hook '/home/f1/f1tenth_ws/install/joy_teleop/share/joy_teleop/hook/ament_prefix_path.sh'
[8.298s] INFO:colcon.colcon_core.shell:Skip shell extension 'powershell' for command environment: Not usable outside of PowerShell
[8.298s] DEBUG:colcon.colcon_core.shell:Skip shell extension 'dsv' for command environment
[8.349s] INFO:colcon.colcon_ros.task.ament_cmake.build:Building ROS package in '/home/f1/f1tenth_ws/src/f1tenth_system/vesc/vesc_ackermann' with build type 'ament_cmake'
[8.354s] INFO:colcon.colcon_cmake.task.cmake.build:Building CMake package in '/home/f1/f1tenth_ws/src/f1tenth_system/vesc/vesc_ackermann'
[8.358s] INFO:colcon.colcon_core.shell:Skip shell extension 'powershell' for command environment: Not usable outside of PowerShell
[8.359s] DEBUG:colcon.colcon_core.shell:Skip shell extension 'dsv' for command environment
[8.460s] DEBUG:colcon.colcon_core.event_handler.log_command:Invoking command in '/home/f1/f1tenth_ws/build/pure_pursuit': CMAKE_PREFIX_PATH=${CMAKE_PREFIX_PATH}:/home/f1/f1tenth_ws/install/f1tenth_stack:/home/f1/f1tenth_ws/install/joy_teleop:/home/f1/f1tenth_ws/install/pygame_key_teleop:/home/f1/f1tenth_ws/install/mouse_teleop:/home/f1/f1tenth_ws/install/key_teleop:/home/f1/f1tenth_ws/install/f1tenth_path_planner:/opt/ros/foxy CONDA_PROMPT_MODIFIER=(base) /usr/bin/cmake /home/f1/f1tenth_ws/src/pure_pursuit -DCMAKE_BUILD_TYPE=Release -DAMENT_CMAKE_SYMLINK_INSTALL=1 -DCMAKE_INSTALL_PREFIX=/home/f1/f1tenth_ws/install/pure_pursuit
[10.161s] INFO:colcon.colcon_core.task.python.build:Building Python package in '/home/f1/f1tenth_ws/src/f1tenth_system/teleop_tools/joy_teleop'
[10.166s] INFO:colcon.colcon_core.shell:Skip shell extension 'powershell' for command environment: Not usable outside of PowerShell
[10.167s] DEBUG:colcon.colcon_core.shell:Skip shell extension 'dsv' for command environment
[10.265s] DEBUG:colcon.colcon_core.event_handler.log_command:Invoking command in '/home/f1/f1tenth_ws/build/vesc_ackermann': CMAKE_PREFIX_PATH=/home/f1/f1tenth_ws/install/vesc_msgs:/home/f1/f1tenth_ws/install/f1tenth_slam_nav:/home/f1/f1tenth_ws/install/vesc:/home/f1/f1tenth_ws/install/vesc_driver:/home/f1/f1tenth_ws/install/vesc_ackermann:/home/f1/f1tenth_ws/install/teleop_tools:/home/f1/f1tenth_ws/install/teleop_tools_msgs:/home/f1/f1tenth_ws/install/real_pure_pursuit:/home/f1/f1tenth_ws/install/pure_pursuit:/home/f1/f1tenth_ws/install/path_planner:/home/f1/f1tenth_ws/install/path_follow:/home/f1/f1tenth_ws/install/lidar_processing:/home/f1/f1tenth_ws/install/center_follow_cpp:/home/f1/f1tenth_ws/install/ackermann_mux:/home/f1/f1tenth_ws/install/f1tenth_stack:/home/f1/f1tenth_ws/install/joy_teleop:/home/f1/f1tenth_ws/install/pygame_key_teleop:/home/f1/f1tenth_ws/install/mouse_teleop:/home/f1/f1tenth_ws/install/key_teleop:/home/f1/f1tenth_ws/install/f1tenth_path_planner:/opt/ros/foxy CONDA_PROMPT_MODIFIER=(base) LD_LIBRARY_PATH=/home/f1/f1tenth_ws/install/vesc_msgs/lib:/home/f1/f1tenth_ws/install/vesc_driver/lib:/home/f1/f1tenth_ws/install/vesc_ackermann/lib:/home/f1/f1tenth_ws/install/teleop_tools_msgs/lib:/opt/ros/foxy/opt/yaml_cpp_vendor/lib:/opt/ros/foxy/opt/rviz_ogre_vendor/lib:/opt/ros/foxy/lib/aarch64-linux-gnu:/opt/ros/foxy/lib PYTHONPATH=/home/f1/f1tenth_ws/install/vesc_msgs/lib/python3.8/site-packages:/home/f1/f1tenth_ws/install/f1tenth_slam_nav/lib/python3.8/site-packages:/home/f1/f1tenth_ws/install/f1tenth_stack/lib/python3.8/site-packages:/home/f1/f1tenth_ws/build/joy_teleop:/home/f1/f1tenth_ws/install/joy_teleop/lib/python3.8/site-packages:/home/f1/f1tenth_ws/install/teleop_tools_msgs/lib/python3.8/site-packages:/home/f1/f1tenth_ws/build/pygame_key_teleop:/home/f1/f1tenth_ws/install/pygame_key_teleop/lib/python3.8/site-packages:/home/f1/f1tenth_ws/build/mouse_teleop:/home/f1/f1tenth_ws/install/mouse_teleop/lib/python3.8/site-packages:/home/f1/f1tenth_ws/build/key_teleop:/home/f1/f1tenth_ws/install/key_teleop/lib/python3.8/site-packages:/home/f1/f1tenth_ws/install/f1tenth_path_planner/lib/python3.8/site-packages:/opt/ros/foxy/lib/python3.8/site-packages /usr/bin/cmake --build /home/f1/f1tenth_ws/build/vesc_ackermann -- -j6 -l6
[10.278s] DEBUG:colcon.colcon_core.event_handler.log_command:Invoked command in '/home/f1/f1tenth_ws/build/path_follow' returned '0': CMAKE_PREFIX_PATH=${CMAKE_PREFIX_PATH}:/home/f1/f1tenth_ws/install/f1tenth_stack:/home/f1/f1tenth_ws/install/joy_teleop:/home/f1/f1tenth_ws/install/pygame_key_teleop:/home/f1/f1tenth_ws/install/mouse_teleop:/home/f1/f1tenth_ws/install/key_teleop:/home/f1/f1tenth_ws/install/f1tenth_path_planner:/opt/ros/foxy CONDA_PROMPT_MODIFIER=(base) /usr/bin/cmake --build /home/f1/f1tenth_ws/build/path_follow -- -j6 -l6
[10.317s] DEBUG:colcon.colcon_core.event_handler.log_command:Invoking command in '/home/f1/f1tenth_ws/build/path_follow': CMAKE_PREFIX_PATH=${CMAKE_PREFIX_PATH}:/home/f1/f1tenth_ws/install/f1tenth_stack:/home/f1/f1tenth_ws/install/joy_teleop:/home/f1/f1tenth_ws/install/pygame_key_teleop:/home/f1/f1tenth_ws/install/mouse_teleop:/home/f1/f1tenth_ws/install/key_teleop:/home/f1/f1tenth_ws/install/f1tenth_path_planner:/opt/ros/foxy CONDA_PROMPT_MODIFIER=(base) /usr/bin/cmake --install /home/f1/f1tenth_ws/build/path_follow
[10.341s] DEBUG:colcon.colcon_core.event_handler.log_command:Invoking command in '/home/f1/f1tenth_ws/build/key_teleop': CONDA_PROMPT_MODIFIER=(base) PYTHONPATH=/home/f1/f1tenth_ws/build/key_teleop/prefix_override:/usr/lib/python3/dist-packages/colcon_core/task/python/colcon_distutils_commands:/home/f1/f1tenth_ws/install/key_teleop/lib/python3.8/site-packages:${PYTHONPATH} /usr/bin/python3 -W ignore:setup.py install is deprecated -W ignore:easy_install command is deprecated setup.py develop --editable --build-directory /home/f1/f1tenth_ws/build/key_teleop/build --no-deps symlink_data
[10.356s] DEBUG:colcon.colcon_core.event_handler.log_command:Invoking command in '/home/f1/f1tenth_ws/build/mouse_teleop': CONDA_PROMPT_MODIFIER=(base) PYTHONPATH=/home/f1/f1tenth_ws/build/mouse_teleop/prefix_override:/usr/lib/python3/dist-packages/colcon_core/task/python/colcon_distutils_commands:/home/f1/f1tenth_ws/install/mouse_teleop/lib/python3.8/site-packages:${PYTHONPATH} /usr/bin/python3 -W ignore:setup.py install is deprecated -W ignore:easy_install command is deprecated setup.py develop --editable --build-directory /home/f1/f1tenth_ws/build/mouse_teleop/build --no-deps symlink_data
[10.518s] Level 1:colcon.colcon_core.environment:create_environment_scripts_only(path_follow)
[10.522s] Level 1:colcon.colcon_core.environment:checking '/home/f1/f1tenth_ws/install/path_follow' for CMake module files
[10.528s] DEBUG:colcon.colcon_core.event_handler.log_command:Invoked command in '/home/f1/f1tenth_ws/build/path_follow' returned '0': CMAKE_PREFIX_PATH=${CMAKE_PREFIX_PATH}:/home/f1/f1tenth_ws/install/f1tenth_stack:/home/f1/f1tenth_ws/install/joy_teleop:/home/f1/f1tenth_ws/install/pygame_key_teleop:/home/f1/f1tenth_ws/install/mouse_teleop:/home/f1/f1tenth_ws/install/key_teleop:/home/f1/f1tenth_ws/install/f1tenth_path_planner:/opt/ros/foxy CONDA_PROMPT_MODIFIER=(base) /usr/bin/cmake --install /home/f1/f1tenth_ws/build/path_follow
[10.530s] Level 1:colcon.colcon_core.environment:checking '/home/f1/f1tenth_ws/install/path_follow' for CMake config files
[10.537s] Level 1:colcon.colcon_core.shell:create_environment_hook('path_follow', 'cmake_prefix_path')
[10.539s] INFO:colcon.colcon_core.shell:Creating environment hook '/home/f1/f1tenth_ws/install/path_follow/share/path_follow/hook/cmake_prefix_path.ps1'
[10.543s] INFO:colcon.colcon_core.shell:Creating environment descriptor '/home/f1/f1tenth_ws/install/path_follow/share/path_follow/hook/cmake_prefix_path.dsv'
[10.546s] INFO:colcon.colcon_core.shell:Creating environment hook '/home/f1/f1tenth_ws/install/path_follow/share/path_follow/hook/cmake_prefix_path.sh'
[10.571s] Level 1:colcon.colcon_core.environment:checking '/home/f1/f1tenth_ws/install/path_follow/lib'
[10.572s] Level 1:colcon.colcon_core.environment:checking '/home/f1/f1tenth_ws/install/path_follow/bin'
[10.573s] Level 1:colcon.colcon_core.environment:checking '/home/f1/f1tenth_ws/install/path_follow/lib/pkgconfig/path_follow.pc'
[10.574s] Level 1:colcon.colcon_core.environment:checking '/home/f1/f1tenth_ws/install/path_follow/lib/python3.8/site-packages'
[10.575s] Level 1:colcon.colcon_core.environment:checking '/home/f1/f1tenth_ws/install/path_follow/bin'
[10.577s] INFO:colcon.colcon_core.shell:Creating package script '/home/f1/f1tenth_ws/install/path_follow/share/path_follow/package.ps1'
[10.580s] INFO:colcon.colcon_core.shell:Creating package descriptor '/home/f1/f1tenth_ws/install/path_follow/share/path_follow/package.dsv'
[10.583s] INFO:colcon.colcon_core.shell:Creating package script '/home/f1/f1tenth_ws/install/path_follow/share/path_follow/package.sh'
[10.613s] INFO:colcon.colcon_core.shell:Creating package script '/home/f1/f1tenth_ws/install/path_follow/share/path_follow/package.bash'
[10.616s] INFO:colcon.colcon_core.shell:Creating package script '/home/f1/f1tenth_ws/install/path_follow/share/path_follow/package.zsh'
[10.619s] Level 1:colcon.colcon_core.environment:create_file_with_runtime_dependencies(/home/f1/f1tenth_ws/install/path_follow/share/colcon-core/packages/path_follow)
[10.623s] Level 1:colcon.colcon_core.environment:create_environment_scripts_only(path_follow)
[10.624s] Level 1:colcon.colcon_core.environment:checking '/home/f1/f1tenth_ws/install/path_follow' for CMake module files
[10.627s] Level 1:colcon.colcon_core.environment:checking '/home/f1/f1tenth_ws/install/path_follow' for CMake config files
[10.649s] Level 1:colcon.colcon_core.shell:create_environment_hook('path_follow', 'cmake_prefix_path')
[10.650s] INFO:colcon.colcon_core.shell:Creating environment hook '/home/f1/f1tenth_ws/install/path_follow/share/path_follow/hook/cmake_prefix_path.ps1'
[10.653s] INFO:colcon.colcon_core.shell:Creating environment descriptor '/home/f1/f1tenth_ws/install/path_follow/share/path_follow/hook/cmake_prefix_path.dsv'
[10.678s] INFO:colcon.colcon_core.shell:Creating environment hook '/home/f1/f1tenth_ws/install/path_follow/share/path_follow/hook/cmake_prefix_path.sh'
[10.682s] Level 1:colcon.colcon_core.environment:checking '/home/f1/f1tenth_ws/install/path_follow/lib'
[10.682s] Level 1:colcon.colcon_core.environment:checking '/home/f1/f1tenth_ws/install/path_follow/bin'
[10.683s] Level 1:colcon.colcon_core.environment:checking '/home/f1/f1tenth_ws/install/path_follow/lib/pkgconfig/path_follow.pc'
[10.684s] Level 1:colcon.colcon_core.environment:checking '/home/f1/f1tenth_ws/install/path_follow/lib/python3.8/site-packages'
[10.686s] Level 1:colcon.colcon_core.environment:checking '/home/f1/f1tenth_ws/install/path_follow/bin'
[10.687s] INFO:colcon.colcon_core.shell:Creating package script '/home/f1/f1tenth_ws/install/path_follow/share/path_follow/package.ps1'
[10.692s] INFO:colcon.colcon_core.shell:Creating package descriptor '/home/f1/f1tenth_ws/install/path_follow/share/path_follow/package.dsv'
[10.695s] INFO:colcon.colcon_core.shell:Creating package script '/home/f1/f1tenth_ws/install/path_follow/share/path_follow/package.sh'
[10.716s] INFO:colcon.colcon_core.shell:Creating package script '/home/f1/f1tenth_ws/install/path_follow/share/path_follow/package.bash'
[10.719s] INFO:colcon.colcon_core.shell:Creating package script '/home/f1/f1tenth_ws/install/path_follow/share/path_follow/package.zsh'
[10.722s] Level 1:colcon.colcon_core.environment:create_file_with_runtime_dependencies(/home/f1/f1tenth_ws/install/path_follow/share/colcon-core/packages/path_follow)
[10.734s] INFO:colcon.colcon_ros.task.ament_cmake.build:Building ROS package in '/home/f1/f1tenth_ws/src/f1tenth_system/vesc/vesc_driver' with build type 'ament_cmake'
[10.736s] INFO:colcon.colcon_cmake.task.cmake.build:Building CMake package in '/home/f1/f1tenth_ws/src/f1tenth_system/vesc/vesc_driver'
[10.738s] INFO:colcon.colcon_core.shell:Skip shell extension 'powershell' for command environment: Not usable outside of PowerShell
[10.738s] DEBUG:colcon.colcon_core.shell:Skip shell extension 'dsv' for command environment
[10.895s] DEBUG:colcon.colcon_core.event_handler.log_command:Invoking command in '/home/f1/f1tenth_ws/build/vesc_driver': CMAKE_PREFIX_PATH=/home/f1/f1tenth_ws/install/vesc_msgs:/home/f1/f1tenth_ws/install/f1tenth_slam_nav:/home/f1/f1tenth_ws/install/vesc:/home/f1/f1tenth_ws/install/vesc_driver:/home/f1/f1tenth_ws/install/vesc_ackermann:/home/f1/f1tenth_ws/install/teleop_tools:/home/f1/f1tenth_ws/install/teleop_tools_msgs:/home/f1/f1tenth_ws/install/real_pure_pursuit:/home/f1/f1tenth_ws/install/pure_pursuit:/home/f1/f1tenth_ws/install/path_planner:/home/f1/f1tenth_ws/install/path_follow:/home/f1/f1tenth_ws/install/lidar_processing:/home/f1/f1tenth_ws/install/center_follow_cpp:/home/f1/f1tenth_ws/install/ackermann_mux:/home/f1/f1tenth_ws/install/f1tenth_stack:/home/f1/f1tenth_ws/install/joy_teleop:/home/f1/f1tenth_ws/install/pygame_key_teleop:/home/f1/f1tenth_ws/install/mouse_teleop:/home/f1/f1tenth_ws/install/key_teleop:/home/f1/f1tenth_ws/install/f1tenth_path_planner:/opt/ros/foxy CONDA_PROMPT_MODIFIER=(base) LD_LIBRARY_PATH=/home/f1/f1tenth_ws/install/vesc_msgs/lib:/home/f1/f1tenth_ws/install/vesc_driver/lib:/home/f1/f1tenth_ws/install/vesc_ackermann/lib:/home/f1/f1tenth_ws/install/teleop_tools_msgs/lib:/opt/ros/foxy/opt/yaml_cpp_vendor/lib:/opt/ros/foxy/opt/rviz_ogre_vendor/lib:/opt/ros/foxy/lib/aarch64-linux-gnu:/opt/ros/foxy/lib PYTHONPATH=/home/f1/f1tenth_ws/install/vesc_msgs/lib/python3.8/site-packages:/home/f1/f1tenth_ws/install/f1tenth_slam_nav/lib/python3.8/site-packages:/home/f1/f1tenth_ws/install/f1tenth_stack/lib/python3.8/site-packages:/home/f1/f1tenth_ws/build/joy_teleop:/home/f1/f1tenth_ws/install/joy_teleop/lib/python3.8/site-packages:/home/f1/f1tenth_ws/install/teleop_tools_msgs/lib/python3.8/site-packages:/home/f1/f1tenth_ws/build/pygame_key_teleop:/home/f1/f1tenth_ws/install/pygame_key_teleop/lib/python3.8/site-packages:/home/f1/f1tenth_ws/build/mouse_teleop:/home/f1/f1tenth_ws/install/mouse_teleop/lib/python3.8/site-packages:/home/f1/f1tenth_ws/build/key_teleop:/home/f1/f1tenth_ws/install/key_teleop/lib/python3.8/site-packages:/home/f1/f1tenth_ws/install/f1tenth_path_planner/lib/python3.8/site-packages:/opt/ros/foxy/lib/python3.8/site-packages /usr/bin/cmake --build /home/f1/f1tenth_ws/build/vesc_driver -- -j6 -l6
[11.026s] DEBUG:colcon.colcon_core.event_handler.log_command:Invoked command in '/home/f1/f1tenth_ws/build/vesc_ackermann' returned '0': CMAKE_PREFIX_PATH=/home/f1/f1tenth_ws/install/vesc_msgs:/home/f1/f1tenth_ws/install/f1tenth_slam_nav:/home/f1/f1tenth_ws/install/vesc:/home/f1/f1tenth_ws/install/vesc_driver:/home/f1/f1tenth_ws/install/vesc_ackermann:/home/f1/f1tenth_ws/install/teleop_tools:/home/f1/f1tenth_ws/install/teleop_tools_msgs:/home/f1/f1tenth_ws/install/real_pure_pursuit:/home/f1/f1tenth_ws/install/pure_pursuit:/home/f1/f1tenth_ws/install/path_planner:/home/f1/f1tenth_ws/install/path_follow:/home/f1/f1tenth_ws/install/lidar_processing:/home/f1/f1tenth_ws/install/center_follow_cpp:/home/f1/f1tenth_ws/install/ackermann_mux:/home/f1/f1tenth_ws/install/f1tenth_stack:/home/f1/f1tenth_ws/install/joy_teleop:/home/f1/f1tenth_ws/install/pygame_key_teleop:/home/f1/f1tenth_ws/install/mouse_teleop:/home/f1/f1tenth_ws/install/key_teleop:/home/f1/f1tenth_ws/install/f1tenth_path_planner:/opt/ros/foxy CONDA_PROMPT_MODIFIER=(base) LD_LIBRARY_PATH=/home/f1/f1tenth_ws/install/vesc_msgs/lib:/home/f1/f1tenth_ws/install/vesc_driver/lib:/home/f1/f1tenth_ws/install/vesc_ackermann/lib:/home/f1/f1tenth_ws/install/teleop_tools_msgs/lib:/opt/ros/foxy/opt/yaml_cpp_vendor/lib:/opt/ros/foxy/opt/rviz_ogre_vendor/lib:/opt/ros/foxy/lib/aarch64-linux-gnu:/opt/ros/foxy/lib PYTHONPATH=/home/f1/f1tenth_ws/install/vesc_msgs/lib/python3.8/site-packages:/home/f1/f1tenth_ws/install/f1tenth_slam_nav/lib/python3.8/site-packages:/home/f1/f1tenth_ws/install/f1tenth_stack/lib/python3.8/site-packages:/home/f1/f1tenth_ws/build/joy_teleop:/home/f1/f1tenth_ws/install/joy_teleop/lib/python3.8/site-packages:/home/f1/f1tenth_ws/install/teleop_tools_msgs/lib/python3.8/site-packages:/home/f1/f1tenth_ws/build/pygame_key_teleop:/home/f1/f1tenth_ws/install/pygame_key_teleop/lib/python3.8/site-packages:/home/f1/f1tenth_ws/build/mouse_teleop:/home/f1/f1tenth_ws/install/mouse_teleop/lib/python3.8/site-packages:/home/f1/f1tenth_ws/build/key_teleop:/home/f1/f1tenth_ws/install/key_teleop/lib/python3.8/site-packages:/home/f1/f1tenth_ws/install/f1tenth_path_planner/lib/python3.8/site-packages:/opt/ros/foxy/lib/python3.8/site-packages /usr/bin/cmake --build /home/f1/f1tenth_ws/build/vesc_ackermann -- -j6 -l6
[11.054s] DEBUG:colcon.colcon_core.event_handler.log_command:Invoking command in '/home/f1/f1tenth_ws/build/vesc_ackermann': CMAKE_PREFIX_PATH=/home/f1/f1tenth_ws/install/vesc_msgs:/home/f1/f1tenth_ws/install/f1tenth_slam_nav:/home/f1/f1tenth_ws/install/vesc:/home/f1/f1tenth_ws/install/vesc_driver:/home/f1/f1tenth_ws/install/vesc_ackermann:/home/f1/f1tenth_ws/install/teleop_tools:/home/f1/f1tenth_ws/install/teleop_tools_msgs:/home/f1/f1tenth_ws/install/real_pure_pursuit:/home/f1/f1tenth_ws/install/pure_pursuit:/home/f1/f1tenth_ws/install/path_planner:/home/f1/f1tenth_ws/install/path_follow:/home/f1/f1tenth_ws/install/lidar_processing:/home/f1/f1tenth_ws/install/center_follow_cpp:/home/f1/f1tenth_ws/install/ackermann_mux:/home/f1/f1tenth_ws/install/f1tenth_stack:/home/f1/f1tenth_ws/install/joy_teleop:/home/f1/f1tenth_ws/install/pygame_key_teleop:/home/f1/f1tenth_ws/install/mouse_teleop:/home/f1/f1tenth_ws/install/key_teleop:/home/f1/f1tenth_ws/install/f1tenth_path_planner:/opt/ros/foxy CONDA_PROMPT_MODIFIER=(base) LD_LIBRARY_PATH=/home/f1/f1tenth_ws/install/vesc_msgs/lib:/home/f1/f1tenth_ws/install/vesc_driver/lib:/home/f1/f1tenth_ws/install/vesc_ackermann/lib:/home/f1/f1tenth_ws/install/teleop_tools_msgs/lib:/opt/ros/foxy/opt/yaml_cpp_vendor/lib:/opt/ros/foxy/opt/rviz_ogre_vendor/lib:/opt/ros/foxy/lib/aarch64-linux-gnu:/opt/ros/foxy/lib PYTHONPATH=/home/f1/f1tenth_ws/install/vesc_msgs/lib/python3.8/site-packages:/home/f1/f1tenth_ws/install/f1tenth_slam_nav/lib/python3.8/site-packages:/home/f1/f1tenth_ws/install/f1tenth_stack/lib/python3.8/site-packages:/home/f1/f1tenth_ws/build/joy_teleop:/home/f1/f1tenth_ws/install/joy_teleop/lib/python3.8/site-packages:/home/f1/f1tenth_ws/install/teleop_tools_msgs/lib/python3.8/site-packages:/home/f1/f1tenth_ws/build/pygame_key_teleop:/home/f1/f1tenth_ws/install/pygame_key_teleop/lib/python3.8/site-packages:/home/f1/f1tenth_ws/build/mouse_teleop:/home/f1/f1tenth_ws/install/mouse_teleop/lib/python3.8/site-packages:/home/f1/f1tenth_ws/build/key_teleop:/home/f1/f1tenth_ws/install/key_teleop/lib/python3.8/site-packages:/home/f1/f1tenth_ws/install/f1tenth_path_planner/lib/python3.8/site-packages:/opt/ros/foxy/lib/python3.8/site-packages /usr/bin/cmake --install /home/f1/f1tenth_ws/build/vesc_ackermann
[11.264s] Level 1:colcon.colcon_core.environment:create_environment_scripts_only(vesc_ackermann)
[11.267s] Level 1:colcon.colcon_core.environment:checking '/home/f1/f1tenth_ws/install/vesc_ackermann' for CMake module files
[11.270s] DEBUG:colcon.colcon_core.event_handler.log_command:Invoked command in '/home/f1/f1tenth_ws/build/vesc_ackermann' returned '0': CMAKE_PREFIX_PATH=/home/f1/f1tenth_ws/install/vesc_msgs:/home/f1/f1tenth_ws/install/f1tenth_slam_nav:/home/f1/f1tenth_ws/install/vesc:/home/f1/f1tenth_ws/install/vesc_driver:/home/f1/f1tenth_ws/install/vesc_ackermann:/home/f1/f1tenth_ws/install/teleop_tools:/home/f1/f1tenth_ws/install/teleop_tools_msgs:/home/f1/f1tenth_ws/install/real_pure_pursuit:/home/f1/f1tenth_ws/install/pure_pursuit:/home/f1/f1tenth_ws/install/path_planner:/home/f1/f1tenth_ws/install/path_follow:/home/f1/f1tenth_ws/install/lidar_processing:/home/f1/f1tenth_ws/install/center_follow_cpp:/home/f1/f1tenth_ws/install/ackermann_mux:/home/f1/f1tenth_ws/install/f1tenth_stack:/home/f1/f1tenth_ws/install/joy_teleop:/home/f1/f1tenth_ws/install/pygame_key_teleop:/home/f1/f1tenth_ws/install/mouse_teleop:/home/f1/f1tenth_ws/install/key_teleop:/home/f1/f1tenth_ws/install/f1tenth_path_planner:/opt/ros/foxy CONDA_PROMPT_MODIFIER=(base) LD_LIBRARY_PATH=/home/f1/f1tenth_ws/install/vesc_msgs/lib:/home/f1/f1tenth_ws/install/vesc_driver/lib:/home/f1/f1tenth_ws/install/vesc_ackermann/lib:/home/f1/f1tenth_ws/install/teleop_tools_msgs/lib:/opt/ros/foxy/opt/yaml_cpp_vendor/lib:/opt/ros/foxy/opt/rviz_ogre_vendor/lib:/opt/ros/foxy/lib/aarch64-linux-gnu:/opt/ros/foxy/lib PYTHONPATH=/home/f1/f1tenth_ws/install/vesc_msgs/lib/python3.8/site-packages:/home/f1/f1tenth_ws/install/f1tenth_slam_nav/lib/python3.8/site-packages:/home/f1/f1tenth_ws/install/f1tenth_stack/lib/python3.8/site-packages:/home/f1/f1tenth_ws/build/joy_teleop:/home/f1/f1tenth_ws/install/joy_teleop/lib/python3.8/site-packages:/home/f1/f1tenth_ws/install/teleop_tools_msgs/lib/python3.8/site-packages:/home/f1/f1tenth_ws/build/pygame_key_teleop:/home/f1/f1tenth_ws/install/pygame_key_teleop/lib/python3.8/site-packages:/home/f1/f1tenth_ws/build/mouse_teleop:/home/f1/f1tenth_ws/install/mouse_teleop/lib/python3.8/site-packages:/home/f1/f1tenth_ws/build/key_teleop:/home/f1/f1tenth_ws/install/key_teleop/lib/python3.8/site-packages:/home/f1/f1tenth_ws/install/f1tenth_path_planner/lib/python3.8/site-packages:/opt/ros/foxy/lib/python3.8/site-packages /usr/bin/cmake --install /home/f1/f1tenth_ws/build/vesc_ackermann
[11.278s] Level 1:colcon.colcon_core.environment:checking '/home/f1/f1tenth_ws/install/vesc_ackermann' for CMake config files
[11.280s] Level 1:colcon.colcon_core.shell:create_environment_hook('vesc_ackermann', 'cmake_prefix_path')
[11.282s] INFO:colcon.colcon_core.shell:Creating environment hook '/home/f1/f1tenth_ws/install/vesc_ackermann/share/vesc_ackermann/hook/cmake_prefix_path.ps1'
[11.287s] INFO:colcon.colcon_core.shell:Creating environment descriptor '/home/f1/f1tenth_ws/install/vesc_ackermann/share/vesc_ackermann/hook/cmake_prefix_path.dsv'
[11.306s] INFO:colcon.colcon_core.shell:Creating environment hook '/home/f1/f1tenth_ws/install/vesc_ackermann/share/vesc_ackermann/hook/cmake_prefix_path.sh'
[11.311s] Level 1:colcon.colcon_core.environment:checking '/home/f1/f1tenth_ws/install/vesc_ackermann/lib'
[11.311s] Level 1:colcon.colcon_core.shell:create_environment_hook('vesc_ackermann', 'ld_library_path_lib')
[11.313s] INFO:colcon.colcon_core.shell:Creating environment hook '/home/f1/f1tenth_ws/install/vesc_ackermann/share/vesc_ackermann/hook/ld_library_path_lib.ps1'
[11.316s] INFO:colcon.colcon_core.shell:Creating environment descriptor '/home/f1/f1tenth_ws/install/vesc_ackermann/share/vesc_ackermann/hook/ld_library_path_lib.dsv'
[11.319s] INFO:colcon.colcon_core.shell:Creating environment hook '/home/f1/f1tenth_ws/install/vesc_ackermann/share/vesc_ackermann/hook/ld_library_path_lib.sh'
[11.336s] Level 1:colcon.colcon_core.environment:checking '/home/f1/f1tenth_ws/install/vesc_ackermann/bin'
[11.337s] Level 1:colcon.colcon_core.environment:checking '/home/f1/f1tenth_ws/install/vesc_ackermann/lib/pkgconfig/vesc_ackermann.pc'
[11.338s] Level 1:colcon.colcon_core.environment:checking '/home/f1/f1tenth_ws/install/vesc_ackermann/lib/python3.8/site-packages'
[11.339s] Level 1:colcon.colcon_core.environment:checking '/home/f1/f1tenth_ws/install/vesc_ackermann/bin'
[11.343s] INFO:colcon.colcon_core.shell:Creating package script '/home/f1/f1tenth_ws/install/vesc_ackermann/share/vesc_ackermann/package.ps1'
[11.346s] INFO:colcon.colcon_core.shell:Creating package descriptor '/home/f1/f1tenth_ws/install/vesc_ackermann/share/vesc_ackermann/package.dsv'
[11.350s] INFO:colcon.colcon_core.shell:Creating package script '/home/f1/f1tenth_ws/install/vesc_ackermann/share/vesc_ackermann/package.sh'
[11.353s] INFO:colcon.colcon_core.shell:Creating package script '/home/f1/f1tenth_ws/install/vesc_ackermann/share/vesc_ackermann/package.bash'
[11.355s] INFO:colcon.colcon_core.shell:Creating package script '/home/f1/f1tenth_ws/install/vesc_ackermann/share/vesc_ackermann/package.zsh'
[11.358s] Level 1:colcon.colcon_core.environment:create_file_with_runtime_dependencies(/home/f1/f1tenth_ws/install/vesc_ackermann/share/colcon-core/packages/vesc_ackermann)
[11.362s] Level 1:colcon.colcon_core.environment:create_environment_scripts_only(vesc_ackermann)
[11.365s] Level 1:colcon.colcon_core.environment:checking '/home/f1/f1tenth_ws/install/vesc_ackermann' for CMake module files
[11.368s] Level 1:colcon.colcon_core.environment:checking '/home/f1/f1tenth_ws/install/vesc_ackermann' for CMake config files
[11.370s] Level 1:colcon.colcon_core.shell:create_environment_hook('vesc_ackermann', 'cmake_prefix_path')
[11.371s] INFO:colcon.colcon_core.shell:Creating environment hook '/home/f1/f1tenth_ws/install/vesc_ackermann/share/vesc_ackermann/hook/cmake_prefix_path.ps1'
[11.374s] INFO:colcon.colcon_core.shell:Creating environment descriptor '/home/f1/f1tenth_ws/install/vesc_ackermann/share/vesc_ackermann/hook/cmake_prefix_path.dsv'
[11.377s] INFO:colcon.colcon_core.shell:Creating environment hook '/home/f1/f1tenth_ws/install/vesc_ackermann/share/vesc_ackermann/hook/cmake_prefix_path.sh'
[11.380s] Level 1:colcon.colcon_core.environment:checking '/home/f1/f1tenth_ws/install/vesc_ackermann/lib'
[11.381s] Level 1:colcon.colcon_core.shell:create_environment_hook('vesc_ackermann', 'ld_library_path_lib')
[11.382s] INFO:colcon.colcon_core.shell:Creating environment hook '/home/f1/f1tenth_ws/install/vesc_ackermann/share/vesc_ackermann/hook/ld_library_path_lib.ps1'
[11.385s] INFO:colcon.colcon_core.shell:Creating environment descriptor '/home/f1/f1tenth_ws/install/vesc_ackermann/share/vesc_ackermann/hook/ld_library_path_lib.dsv'
[11.401s] INFO:colcon.colcon_core.shell:Creating environment hook '/home/f1/f1tenth_ws/install/vesc_ackermann/share/vesc_ackermann/hook/ld_library_path_lib.sh'
[11.404s] Level 1:colcon.colcon_core.environment:checking '/home/f1/f1tenth_ws/install/vesc_ackermann/bin'
[11.404s] Level 1:colcon.colcon_core.environment:checking '/home/f1/f1tenth_ws/install/vesc_ackermann/lib/pkgconfig/vesc_ackermann.pc'
[11.405s] Level 1:colcon.colcon_core.environment:checking '/home/f1/f1tenth_ws/install/vesc_ackermann/lib/python3.8/site-packages'
[11.406s] Level 1:colcon.colcon_core.environment:checking '/home/f1/f1tenth_ws/install/vesc_ackermann/bin'
[11.408s] INFO:colcon.colcon_core.shell:Creating package script '/home/f1/f1tenth_ws/install/vesc_ackermann/share/vesc_ackermann/package.ps1'
[11.420s] INFO:colcon.colcon_core.shell:Creating package descriptor '/home/f1/f1tenth_ws/install/vesc_ackermann/share/vesc_ackermann/package.dsv'
[11.424s] INFO:colcon.colcon_core.shell:Creating package script '/home/f1/f1tenth_ws/install/vesc_ackermann/share/vesc_ackermann/package.sh'
[11.436s] INFO:colcon.colcon_core.shell:Creating package script '/home/f1/f1tenth_ws/install/vesc_ackermann/share/vesc_ackermann/package.bash'
[11.439s] INFO:colcon.colcon_core.shell:Creating package script '/home/f1/f1tenth_ws/install/vesc_ackermann/share/vesc_ackermann/package.zsh'
[11.442s] Level 1:colcon.colcon_core.environment:create_file_with_runtime_dependencies(/home/f1/f1tenth_ws/install/vesc_ackermann/share/colcon-core/packages/vesc_ackermann)
[11.448s] INFO:colcon.colcon_ros.task.ament_python.build:Building ROS package in '/home/f1/f1tenth_ws/src/pygame_key_teleop' with build type 'ament_python'
[11.450s] Level 1:colcon.colcon_core.shell:create_environment_hook('pygame_key_teleop', 'ament_prefix_path')
[11.451s] INFO:colcon.colcon_core.shell:Creating environment hook '/home/f1/f1tenth_ws/install/pygame_key_teleop/share/pygame_key_teleop/hook/ament_prefix_path.ps1'
[11.455s] INFO:colcon.colcon_core.shell:Creating environment descriptor '/home/f1/f1tenth_ws/install/pygame_key_teleop/share/pygame_key_teleop/hook/ament_prefix_path.dsv'
[11.458s] INFO:colcon.colcon_core.shell:Creating environment hook '/home/f1/f1tenth_ws/install/pygame_key_teleop/share/pygame_key_teleop/hook/ament_prefix_path.sh'
[11.462s] INFO:colcon.colcon_core.shell:Skip shell extension 'powershell' for command environment: Not usable outside of PowerShell
[11.463s] DEBUG:colcon.colcon_core.shell:Skip shell extension 'dsv' for command environment
[13.454s] INFO:colcon.colcon_core.task.python.build:Building Python package in '/home/f1/f1tenth_ws/src/pygame_key_teleop'
[13.461s] INFO:colcon.colcon_core.shell:Skip shell extension 'powershell' for command environment: Not usable outside of PowerShell
[13.462s] DEBUG:colcon.colcon_core.shell:Skip shell extension 'dsv' for command environment
[13.538s] DEBUG:colcon.colcon_core.event_handler.log_command:Invoked command in '/home/f1/f1tenth_ws/build/vesc_driver' returned '0': CMAKE_PREFIX_PATH=/home/f1/f1tenth_ws/install/vesc_msgs:/home/f1/f1tenth_ws/install/f1tenth_slam_nav:/home/f1/f1tenth_ws/install/vesc:/home/f1/f1tenth_ws/install/vesc_driver:/home/f1/f1tenth_ws/install/vesc_ackermann:/home/f1/f1tenth_ws/install/teleop_tools:/home/f1/f1tenth_ws/install/teleop_tools_msgs:/home/f1/f1tenth_ws/install/real_pure_pursuit:/home/f1/f1tenth_ws/install/pure_pursuit:/home/f1/f1tenth_ws/install/path_planner:/home/f1/f1tenth_ws/install/path_follow:/home/f1/f1tenth_ws/install/lidar_processing:/home/f1/f1tenth_ws/install/center_follow_cpp:/home/f1/f1tenth_ws/install/ackermann_mux:/home/f1/f1tenth_ws/install/f1tenth_stack:/home/f1/f1tenth_ws/install/joy_teleop:/home/f1/f1tenth_ws/install/pygame_key_teleop:/home/f1/f1tenth_ws/install/mouse_teleop:/home/f1/f1tenth_ws/install/key_teleop:/home/f1/f1tenth_ws/install/f1tenth_path_planner:/opt/ros/foxy CONDA_PROMPT_MODIFIER=(base) LD_LIBRARY_PATH=/home/f1/f1tenth_ws/install/vesc_msgs/lib:/home/f1/f1tenth_ws/install/vesc_driver/lib:/home/f1/f1tenth_ws/install/vesc_ackermann/lib:/home/f1/f1tenth_ws/install/teleop_tools_msgs/lib:/opt/ros/foxy/opt/yaml_cpp_vendor/lib:/opt/ros/foxy/opt/rviz_ogre_vendor/lib:/opt/ros/foxy/lib/aarch64-linux-gnu:/opt/ros/foxy/lib PYTHONPATH=/home/f1/f1tenth_ws/install/vesc_msgs/lib/python3.8/site-packages:/home/f1/f1tenth_ws/install/f1tenth_slam_nav/lib/python3.8/site-packages:/home/f1/f1tenth_ws/install/f1tenth_stack/lib/python3.8/site-packages:/home/f1/f1tenth_ws/build/joy_teleop:/home/f1/f1tenth_ws/install/joy_teleop/lib/python3.8/site-packages:/home/f1/f1tenth_ws/install/teleop_tools_msgs/lib/python3.8/site-packages:/home/f1/f1tenth_ws/build/pygame_key_teleop:/home/f1/f1tenth_ws/install/pygame_key_teleop/lib/python3.8/site-packages:/home/f1/f1tenth_ws/build/mouse_teleop:/home/f1/f1tenth_ws/install/mouse_teleop/lib/python3.8/site-packages:/home/f1/f1tenth_ws/build/key_teleop:/home/f1/f1tenth_ws/install/key_teleop/lib/python3.8/site-packages:/home/f1/f1tenth_ws/install/f1tenth_path_planner/lib/python3.8/site-packages:/opt/ros/foxy/lib/python3.8/site-packages /usr/bin/cmake --build /home/f1/f1tenth_ws/build/vesc_driver -- -j6 -l6
[13.549s] DEBUG:colcon.colcon_core.event_handler.log_command:Invoking command in '/home/f1/f1tenth_ws/build/vesc_driver': CMAKE_PREFIX_PATH=/home/f1/f1tenth_ws/install/vesc_msgs:/home/f1/f1tenth_ws/install/f1tenth_slam_nav:/home/f1/f1tenth_ws/install/vesc:/home/f1/f1tenth_ws/install/vesc_driver:/home/f1/f1tenth_ws/install/vesc_ackermann:/home/f1/f1tenth_ws/install/teleop_tools:/home/f1/f1tenth_ws/install/teleop_tools_msgs:/home/f1/f1tenth_ws/install/real_pure_pursuit:/home/f1/f1tenth_ws/install/pure_pursuit:/home/f1/f1tenth_ws/install/path_planner:/home/f1/f1tenth_ws/install/path_follow:/home/f1/f1tenth_ws/install/lidar_processing:/home/f1/f1tenth_ws/install/center_follow_cpp:/home/f1/f1tenth_ws/install/ackermann_mux:/home/f1/f1tenth_ws/install/f1tenth_stack:/home/f1/f1tenth_ws/install/joy_teleop:/home/f1/f1tenth_ws/install/pygame_key_teleop:/home/f1/f1tenth_ws/install/mouse_teleop:/home/f1/f1tenth_ws/install/key_teleop:/home/f1/f1tenth_ws/install/f1tenth_path_planner:/opt/ros/foxy CONDA_PROMPT_MODIFIER=(base) LD_LIBRARY_PATH=/home/f1/f1tenth_ws/install/vesc_msgs/lib:/home/f1/f1tenth_ws/install/vesc_driver/lib:/home/f1/f1tenth_ws/install/vesc_ackermann/lib:/home/f1/f1tenth_ws/install/teleop_tools_msgs/lib:/opt/ros/foxy/opt/yaml_cpp_vendor/lib:/opt/ros/foxy/opt/rviz_ogre_vendor/lib:/opt/ros/foxy/lib/aarch64-linux-gnu:/opt/ros/foxy/lib PYTHONPATH=/home/f1/f1tenth_ws/install/vesc_msgs/lib/python3.8/site-packages:/home/f1/f1tenth_ws/install/f1tenth_slam_nav/lib/python3.8/site-packages:/home/f1/f1tenth_ws/install/f1tenth_stack/lib/python3.8/site-packages:/home/f1/f1tenth_ws/build/joy_teleop:/home/f1/f1tenth_ws/install/joy_teleop/lib/python3.8/site-packages:/home/f1/f1tenth_ws/install/teleop_tools_msgs/lib/python3.8/site-packages:/home/f1/f1tenth_ws/build/pygame_key_teleop:/home/f1/f1tenth_ws/install/pygame_key_teleop/lib/python3.8/site-packages:/home/f1/f1tenth_ws/build/mouse_teleop:/home/f1/f1tenth_ws/install/mouse_teleop/lib/python3.8/site-packages:/home/f1/f1tenth_ws/build/key_teleop:/home/f1/f1tenth_ws/install/key_teleop/lib/python3.8/site-packages:/home/f1/f1tenth_ws/install/f1tenth_path_planner/lib/python3.8/site-packages:/opt/ros/foxy/lib/python3.8/site-packages /usr/bin/cmake --install /home/f1/f1tenth_ws/build/vesc_driver
[13.580s] DEBUG:colcon.colcon_core.event_handler.log_command:Invoking command in '/home/f1/f1tenth_ws/build/joy_teleop': CMAKE_PREFIX_PATH=/home/f1/f1tenth_ws/install/teleop_tools_msgs:/home/f1/f1tenth_ws/install/f1tenth_slam_nav:/home/f1/f1tenth_ws/install/vesc:/home/f1/f1tenth_ws/install/vesc_driver:/home/f1/f1tenth_ws/install/vesc_ackermann:/home/f1/f1tenth_ws/install/vesc_msgs:/home/f1/f1tenth_ws/install/teleop_tools:/home/f1/f1tenth_ws/install/real_pure_pursuit:/home/f1/f1tenth_ws/install/pure_pursuit:/home/f1/f1tenth_ws/install/path_planner:/home/f1/f1tenth_ws/install/path_follow:/home/f1/f1tenth_ws/install/lidar_processing:/home/f1/f1tenth_ws/install/center_follow_cpp:/home/f1/f1tenth_ws/install/ackermann_mux CONDA_PROMPT_MODIFIER=(base) LD_LIBRARY_PATH=/home/f1/f1tenth_ws/install/teleop_tools_msgs/lib:/home/f1/f1tenth_ws/install/vesc_driver/lib:/home/f1/f1tenth_ws/install/vesc_ackermann/lib:/home/f1/f1tenth_ws/install/vesc_msgs/lib:/opt/ros/foxy/opt/yaml_cpp_vendor/lib:/opt/ros/foxy/opt/rviz_ogre_vendor/lib:/opt/ros/foxy/lib/aarch64-linux-gnu:/opt/ros/foxy/lib PYTHONPATH=/home/f1/f1tenth_ws/build/joy_teleop/prefix_override:/usr/lib/python3/dist-packages/colcon_core/task/python/colcon_distutils_commands:/home/f1/f1tenth_ws/install/joy_teleop/lib/python3.8/site-packages:/home/f1/f1tenth_ws/install/teleop_tools_msgs/lib/python3.8/site-packages:/home/f1/f1tenth_ws/install/f1tenth_slam_nav/lib/python3.8/site-packages:/home/f1/f1tenth_ws/install/f1tenth_stack/lib/python3.8/site-packages:/home/f1/f1tenth_ws/install/vesc_msgs/lib/python3.8/site-packages:/home/f1/f1tenth_ws/build/joy_teleop:/home/f1/f1tenth_ws/install/joy_teleop/lib/python3.8/site-packages:/home/f1/f1tenth_ws/build/pygame_key_teleop:/home/f1/f1tenth_ws/install/pygame_key_teleop/lib/python3.8/site-packages:/home/f1/f1tenth_ws/build/mouse_teleop:/home/f1/f1tenth_ws/install/mouse_teleop/lib/python3.8/site-packages:/home/f1/f1tenth_ws/build/key_teleop:/home/f1/f1tenth_ws/install/key_teleop/lib/python3.8/site-packages:/home/f1/f1tenth_ws/install/f1tenth_path_planner/lib/python3.8/site-packages:/opt/ros/foxy/lib/python3.8/site-packages /usr/bin/python3 -W ignore:setup.py install is deprecated -W ignore:easy_install command is deprecated setup.py develop --editable --build-directory /home/f1/f1tenth_ws/build/joy_teleop/build --no-deps symlink_data
[13.783s] Level 1:colcon.colcon_core.shell:create_environment_hook('key_teleop', 'pythonpath_develop')
[13.786s] DEBUG:colcon.colcon_core.event_handler.log_command:Invoked command in '/home/f1/f1tenth_ws/build/key_teleop' returned '0': CONDA_PROMPT_MODIFIER=(base) PYTHONPATH=/home/f1/f1tenth_ws/build/key_teleop/prefix_override:/usr/lib/python3/dist-packages/colcon_core/task/python/colcon_distutils_commands:/home/f1/f1tenth_ws/install/key_teleop/lib/python3.8/site-packages:${PYTHONPATH} /usr/bin/python3 -W ignore:setup.py install is deprecated -W ignore:easy_install command is deprecated setup.py develop --editable --build-directory /home/f1/f1tenth_ws/build/key_teleop/build --no-deps symlink_data
[13.790s] INFO:colcon.colcon_core.shell:Creating environment hook '/home/f1/f1tenth_ws/build/key_teleop/share/key_teleop/hook/pythonpath_develop.ps1'
[13.795s] INFO:colcon.colcon_core.shell:Creating environment descriptor '/home/f1/f1tenth_ws/build/key_teleop/share/key_teleop/hook/pythonpath_develop.dsv'
[13.798s] INFO:colcon.colcon_core.shell:Creating environment hook '/home/f1/f1tenth_ws/build/key_teleop/share/key_teleop/hook/pythonpath_develop.sh'
[13.805s] Level 1:colcon.colcon_core.environment:checking '/home/f1/f1tenth_ws/install/key_teleop' for CMake module files
[13.810s] Level 1:colcon.colcon_core.environment:checking '/home/f1/f1tenth_ws/install/key_teleop' for CMake config files
[13.817s] Level 1:colcon.colcon_core.environment:checking '/home/f1/f1tenth_ws/install/key_teleop/lib'
[13.819s] Level 1:colcon.colcon_core.environment:checking '/home/f1/f1tenth_ws/install/key_teleop/bin'
[13.820s] Level 1:colcon.colcon_core.environment:checking '/home/f1/f1tenth_ws/install/key_teleop/lib/pkgconfig/key_teleop.pc'
[13.828s] Level 1:colcon.colcon_core.environment:checking '/home/f1/f1tenth_ws/install/key_teleop/lib/python3.8/site-packages'
[13.830s] Level 1:colcon.colcon_core.shell:create_environment_hook('key_teleop', 'pythonpath')
[13.831s] INFO:colcon.colcon_core.shell:Creating environment hook '/home/f1/f1tenth_ws/install/key_teleop/share/key_teleop/hook/pythonpath.ps1'
[13.836s] INFO:colcon.colcon_core.shell:Creating environment descriptor '/home/f1/f1tenth_ws/install/key_teleop/share/key_teleop/hook/pythonpath.dsv'
[13.840s] INFO:colcon.colcon_core.shell:Creating environment hook '/home/f1/f1tenth_ws/install/key_teleop/share/key_teleop/hook/pythonpath.sh'
[13.844s] Level 1:colcon.colcon_core.environment:checking '/home/f1/f1tenth_ws/install/key_teleop/bin'
[13.845s] Level 1:colcon.colcon_core.environment:create_environment_scripts_only(key_teleop)
[13.848s] INFO:colcon.colcon_core.shell:Creating package script '/home/f1/f1tenth_ws/install/key_teleop/share/key_teleop/package.ps1'
[13.853s] INFO:colcon.colcon_core.shell:Creating package descriptor '/home/f1/f1tenth_ws/install/key_teleop/share/key_teleop/package.dsv'
[13.857s] INFO:colcon.colcon_core.shell:Creating package script '/home/f1/f1tenth_ws/install/key_teleop/share/key_teleop/package.sh'
[13.863s] INFO:colcon.colcon_core.shell:Creating package script '/home/f1/f1tenth_ws/install/key_teleop/share/key_teleop/package.bash'
[13.867s] INFO:colcon.colcon_core.shell:Creating package script '/home/f1/f1tenth_ws/install/key_teleop/share/key_teleop/package.zsh'
[13.872s] Level 1:colcon.colcon_core.environment:create_file_with_runtime_dependencies(/home/f1/f1tenth_ws/install/key_teleop/share/colcon-core/packages/key_teleop)
[13.886s] Level 1:colcon.colcon_core.shell:create_environment_hook('mouse_teleop', 'pythonpath_develop')
[13.888s] INFO:colcon.colcon_core.shell:Creating environment hook '/home/f1/f1tenth_ws/build/mouse_teleop/share/mouse_teleop/hook/pythonpath_develop.ps1'
[13.891s] DEBUG:colcon.colcon_core.event_handler.log_command:Invoked command in '/home/f1/f1tenth_ws/build/mouse_teleop' returned '0': CONDA_PROMPT_MODIFIER=(base) PYTHONPATH=/home/f1/f1tenth_ws/build/mouse_teleop/prefix_override:/usr/lib/python3/dist-packages/colcon_core/task/python/colcon_distutils_commands:/home/f1/f1tenth_ws/install/mouse_teleop/lib/python3.8/site-packages:${PYTHONPATH} /usr/bin/python3 -W ignore:setup.py install is deprecated -W ignore:easy_install command is deprecated setup.py develop --editable --build-directory /home/f1/f1tenth_ws/build/mouse_teleop/build --no-deps symlink_data
[13.894s] INFO:colcon.colcon_core.shell:Creating environment descriptor '/home/f1/f1tenth_ws/build/mouse_teleop/share/mouse_teleop/hook/pythonpath_develop.dsv'
[13.898s] INFO:colcon.colcon_core.shell:Creating environment hook '/home/f1/f1tenth_ws/build/mouse_teleop/share/mouse_teleop/hook/pythonpath_develop.sh'
[13.902s] Level 1:colcon.colcon_core.environment:checking '/home/f1/f1tenth_ws/install/mouse_teleop' for CMake module files
[13.906s] Level 1:colcon.colcon_core.environment:checking '/home/f1/f1tenth_ws/install/mouse_teleop' for CMake config files
[13.910s] Level 1:colcon.colcon_core.environment:checking '/home/f1/f1tenth_ws/install/mouse_teleop/lib'
[13.911s] Level 1:colcon.colcon_core.environment:checking '/home/f1/f1tenth_ws/install/mouse_teleop/bin'
[13.911s] Level 1:colcon.colcon_core.environment:checking '/home/f1/f1tenth_ws/install/mouse_teleop/lib/pkgconfig/mouse_teleop.pc'
[13.912s] Level 1:colcon.colcon_core.environment:checking '/home/f1/f1tenth_ws/install/mouse_teleop/lib/python3.8/site-packages'
[13.913s] Level 1:colcon.colcon_core.shell:create_environment_hook('mouse_teleop', 'pythonpath')
[13.914s] INFO:colcon.colcon_core.shell:Creating environment hook '/home/f1/f1tenth_ws/install/mouse_teleop/share/mouse_teleop/hook/pythonpath.ps1'
[13.918s] INFO:colcon.colcon_core.shell:Creating environment descriptor '/home/f1/f1tenth_ws/install/mouse_teleop/share/mouse_teleop/hook/pythonpath.dsv'
[13.921s] INFO:colcon.colcon_core.shell:Creating environment hook '/home/f1/f1tenth_ws/install/mouse_teleop/share/mouse_teleop/hook/pythonpath.sh'
[13.924s] Level 1:colcon.colcon_core.environment:checking '/home/f1/f1tenth_ws/install/mouse_teleop/bin'
[13.925s] Level 1:colcon.colcon_core.environment:create_environment_scripts_only(mouse_teleop)
[13.926s] INFO:colcon.colcon_core.shell:Creating package script '/home/f1/f1tenth_ws/install/mouse_teleop/share/mouse_teleop/package.ps1'
[13.930s] INFO:colcon.colcon_core.shell:Creating package descriptor '/home/f1/f1tenth_ws/install/mouse_teleop/share/mouse_teleop/package.dsv'
[13.934s] INFO:colcon.colcon_core.shell:Creating package script '/home/f1/f1tenth_ws/install/mouse_teleop/share/mouse_teleop/package.sh'
[13.937s] INFO:colcon.colcon_core.shell:Creating package script '/home/f1/f1tenth_ws/install/mouse_teleop/share/mouse_teleop/package.bash'
[13.941s] INFO:colcon.colcon_core.shell:Creating package script '/home/f1/f1tenth_ws/install/mouse_teleop/share/mouse_teleop/package.zsh'
[13.943s] Level 1:colcon.colcon_core.environment:create_file_with_runtime_dependencies(/home/f1/f1tenth_ws/install/mouse_teleop/share/colcon-core/packages/mouse_teleop)
[13.945s] Level 1:colcon.colcon_core.environment:create_environment_scripts_only(vesc_driver)
[13.947s] Level 1:colcon.colcon_core.environment:checking '/home/f1/f1tenth_ws/install/vesc_driver' for CMake module files
[13.958s] DEBUG:colcon.colcon_core.event_handler.log_command:Invoked command in '/home/f1/f1tenth_ws/build/vesc_driver' returned '0': CMAKE_PREFIX_PATH=/home/f1/f1tenth_ws/install/vesc_msgs:/home/f1/f1tenth_ws/install/f1tenth_slam_nav:/home/f1/f1tenth_ws/install/vesc:/home/f1/f1tenth_ws/install/vesc_driver:/home/f1/f1tenth_ws/install/vesc_ackermann:/home/f1/f1tenth_ws/install/teleop_tools:/home/f1/f1tenth_ws/install/teleop_tools_msgs:/home/f1/f1tenth_ws/install/real_pure_pursuit:/home/f1/f1tenth_ws/install/pure_pursuit:/home/f1/f1tenth_ws/install/path_planner:/home/f1/f1tenth_ws/install/path_follow:/home/f1/f1tenth_ws/install/lidar_processing:/home/f1/f1tenth_ws/install/center_follow_cpp:/home/f1/f1tenth_ws/install/ackermann_mux:/home/f1/f1tenth_ws/install/f1tenth_stack:/home/f1/f1tenth_ws/install/joy_teleop:/home/f1/f1tenth_ws/install/pygame_key_teleop:/home/f1/f1tenth_ws/install/mouse_teleop:/home/f1/f1tenth_ws/install/key_teleop:/home/f1/f1tenth_ws/install/f1tenth_path_planner:/opt/ros/foxy CONDA_PROMPT_MODIFIER=(base) LD_LIBRARY_PATH=/home/f1/f1tenth_ws/install/vesc_msgs/lib:/home/f1/f1tenth_ws/install/vesc_driver/lib:/home/f1/f1tenth_ws/install/vesc_ackermann/lib:/home/f1/f1tenth_ws/install/teleop_tools_msgs/lib:/opt/ros/foxy/opt/yaml_cpp_vendor/lib:/opt/ros/foxy/opt/rviz_ogre_vendor/lib:/opt/ros/foxy/lib/aarch64-linux-gnu:/opt/ros/foxy/lib PYTHONPATH=/home/f1/f1tenth_ws/install/vesc_msgs/lib/python3.8/site-packages:/home/f1/f1tenth_ws/install/f1tenth_slam_nav/lib/python3.8/site-packages:/home/f1/f1tenth_ws/install/f1tenth_stack/lib/python3.8/site-packages:/home/f1/f1tenth_ws/build/joy_teleop:/home/f1/f1tenth_ws/install/joy_teleop/lib/python3.8/site-packages:/home/f1/f1tenth_ws/install/teleop_tools_msgs/lib/python3.8/site-packages:/home/f1/f1tenth_ws/build/pygame_key_teleop:/home/f1/f1tenth_ws/install/pygame_key_teleop/lib/python3.8/site-packages:/home/f1/f1tenth_ws/build/mouse_teleop:/home/f1/f1tenth_ws/install/mouse_teleop/lib/python3.8/site-packages:/home/f1/f1tenth_ws/build/key_teleop:/home/f1/f1tenth_ws/install/key_teleop/lib/python3.8/site-packages:/home/f1/f1tenth_ws/install/f1tenth_path_planner/lib/python3.8/site-packages:/opt/ros/foxy/lib/python3.8/site-packages /usr/bin/cmake --install /home/f1/f1tenth_ws/build/vesc_driver
[13.960s] Level 1:colcon.colcon_core.environment:checking '/home/f1/f1tenth_ws/install/vesc_driver' for CMake config files
[13.966s] Level 1:colcon.colcon_core.shell:create_environment_hook('vesc_driver', 'cmake_prefix_path')
[13.967s] INFO:colcon.colcon_core.shell:Creating environment hook '/home/f1/f1tenth_ws/install/vesc_driver/share/vesc_driver/hook/cmake_prefix_path.ps1'
[13.971s] INFO:colcon.colcon_core.shell:Creating environment descriptor '/home/f1/f1tenth_ws/install/vesc_driver/share/vesc_driver/hook/cmake_prefix_path.dsv'
[13.975s] INFO:colcon.colcon_core.shell:Creating environment hook '/home/f1/f1tenth_ws/install/vesc_driver/share/vesc_driver/hook/cmake_prefix_path.sh'
[13.978s] Level 1:colcon.colcon_core.environment:checking '/home/f1/f1tenth_ws/install/vesc_driver/lib'
[13.979s] Level 1:colcon.colcon_core.shell:create_environment_hook('vesc_driver', 'ld_library_path_lib')
[13.980s] INFO:colcon.colcon_core.shell:Creating environment hook '/home/f1/f1tenth_ws/install/vesc_driver/share/vesc_driver/hook/ld_library_path_lib.ps1'
[13.983s] INFO:colcon.colcon_core.shell:Creating environment descriptor '/home/f1/f1tenth_ws/install/vesc_driver/share/vesc_driver/hook/ld_library_path_lib.dsv'
[13.985s] INFO:colcon.colcon_core.shell:Creating environment hook '/home/f1/f1tenth_ws/install/vesc_driver/share/vesc_driver/hook/ld_library_path_lib.sh'
[13.988s] Level 1:colcon.colcon_core.environment:checking '/home/f1/f1tenth_ws/install/vesc_driver/bin'
[13.988s] Level 1:colcon.colcon_core.environment:checking '/home/f1/f1tenth_ws/install/vesc_driver/lib/pkgconfig/vesc_driver.pc'
[13.989s] Level 1:colcon.colcon_core.environment:checking '/home/f1/f1tenth_ws/install/vesc_driver/lib/python3.8/site-packages'
[13.990s] Level 1:colcon.colcon_core.environment:checking '/home/f1/f1tenth_ws/install/vesc_driver/bin'
[13.992s] INFO:colcon.colcon_core.shell:Creating package script '/home/f1/f1tenth_ws/install/vesc_driver/share/vesc_driver/package.ps1'
[14.000s] INFO:colcon.colcon_core.shell:Creating package descriptor '/home/f1/f1tenth_ws/install/vesc_driver/share/vesc_driver/package.dsv'
[14.003s] INFO:colcon.colcon_core.shell:Creating package script '/home/f1/f1tenth_ws/install/vesc_driver/share/vesc_driver/package.sh'
[14.006s] INFO:colcon.colcon_core.shell:Creating package script '/home/f1/f1tenth_ws/install/vesc_driver/share/vesc_driver/package.bash'
[14.009s] INFO:colcon.colcon_core.shell:Creating package script '/home/f1/f1tenth_ws/install/vesc_driver/share/vesc_driver/package.zsh'
[14.012s] Level 1:colcon.colcon_core.environment:create_file_with_runtime_dependencies(/home/f1/f1tenth_ws/install/vesc_driver/share/colcon-core/packages/vesc_driver)
[14.016s] Level 1:colcon.colcon_core.environment:create_environment_scripts_only(vesc_driver)
[14.018s] Level 1:colcon.colcon_core.environment:checking '/home/f1/f1tenth_ws/install/vesc_driver' for CMake module files
[14.022s] Level 1:colcon.colcon_core.environment:checking '/home/f1/f1tenth_ws/install/vesc_driver' for CMake config files
[14.025s] Level 1:colcon.colcon_core.shell:create_environment_hook('vesc_driver', 'cmake_prefix_path')
[14.028s] INFO:colcon.colcon_core.shell:Creating environment hook '/home/f1/f1tenth_ws/install/vesc_driver/share/vesc_driver/hook/cmake_prefix_path.ps1'
[14.031s] INFO:colcon.colcon_core.shell:Creating environment descriptor '/home/f1/f1tenth_ws/install/vesc_driver/share/vesc_driver/hook/cmake_prefix_path.dsv'
[14.033s] INFO:colcon.colcon_core.shell:Creating environment hook '/home/f1/f1tenth_ws/install/vesc_driver/share/vesc_driver/hook/cmake_prefix_path.sh'
[14.037s] Level 1:colcon.colcon_core.environment:checking '/home/f1/f1tenth_ws/install/vesc_driver/lib'
[14.038s] Level 1:colcon.colcon_core.shell:create_environment_hook('vesc_driver', 'ld_library_path_lib')
[14.041s] INFO:colcon.colcon_core.shell:Creating environment hook '/home/f1/f1tenth_ws/install/vesc_driver/share/vesc_driver/hook/ld_library_path_lib.ps1'
[14.045s] INFO:colcon.colcon_core.shell:Creating environment descriptor '/home/f1/f1tenth_ws/install/vesc_driver/share/vesc_driver/hook/ld_library_path_lib.dsv'
[14.047s] INFO:colcon.colcon_core.shell:Creating environment hook '/home/f1/f1tenth_ws/install/vesc_driver/share/vesc_driver/hook/ld_library_path_lib.sh'
[14.050s] Level 1:colcon.colcon_core.environment:checking '/home/f1/f1tenth_ws/install/vesc_driver/bin'
[14.051s] Level 1:colcon.colcon_core.environment:checking '/home/f1/f1tenth_ws/install/vesc_driver/lib/pkgconfig/vesc_driver.pc'
[14.052s] Level 1:colcon.colcon_core.environment:checking '/home/f1/f1tenth_ws/install/vesc_driver/lib/python3.8/site-packages'
[14.053s] Level 1:colcon.colcon_core.environment:checking '/home/f1/f1tenth_ws/install/vesc_driver/bin'
[14.055s] INFO:colcon.colcon_core.shell:Creating package script '/home/f1/f1tenth_ws/install/vesc_driver/share/vesc_driver/package.ps1'
[14.058s] INFO:colcon.colcon_core.shell:Creating package descriptor '/home/f1/f1tenth_ws/install/vesc_driver/share/vesc_driver/package.dsv'
[14.061s] INFO:colcon.colcon_core.shell:Creating package script '/home/f1/f1tenth_ws/install/vesc_driver/share/vesc_driver/package.sh'
[14.064s] INFO:colcon.colcon_core.shell:Creating package script '/home/f1/f1tenth_ws/install/vesc_driver/share/vesc_driver/package.bash'
[14.067s] INFO:colcon.colcon_core.shell:Creating package script '/home/f1/f1tenth_ws/install/vesc_driver/share/vesc_driver/package.zsh'
[14.071s] Level 1:colcon.colcon_core.environment:create_file_with_runtime_dependencies(/home/f1/f1tenth_ws/install/vesc_driver/share/colcon-core/packages/vesc_driver)
[14.073s] INFO:colcon.colcon_ros.task.ament_cmake.build:Building ROS package in '/home/f1/f1tenth_ws/src/f1tenth_system/vesc/vesc' with build type 'ament_cmake'
[14.076s] INFO:colcon.colcon_cmake.task.cmake.build:Building CMake package in '/home/f1/f1tenth_ws/src/f1tenth_system/vesc/vesc'
[14.079s] INFO:colcon.colcon_core.shell:Skip shell extension 'powershell' for command environment: Not usable outside of PowerShell
[14.080s] DEBUG:colcon.colcon_core.shell:Skip shell extension 'dsv' for command environment
[14.236s] DEBUG:colcon.colcon_core.event_handler.log_command:Invoking command in '/home/f1/f1tenth_ws/build/vesc': CMAKE_PREFIX_PATH=/home/f1/f1tenth_ws/install/vesc_driver:/home/f1/f1tenth_ws/install/vesc_ackermann:/home/f1/f1tenth_ws/install/vesc_msgs:/home/f1/f1tenth_ws/install/f1tenth_slam_nav:/home/f1/f1tenth_ws/install/vesc:/home/f1/f1tenth_ws/install/teleop_tools:/home/f1/f1tenth_ws/install/teleop_tools_msgs:/home/f1/f1tenth_ws/install/real_pure_pursuit:/home/f1/f1tenth_ws/install/pure_pursuit:/home/f1/f1tenth_ws/install/path_planner:/home/f1/f1tenth_ws/install/path_follow:/home/f1/f1tenth_ws/install/lidar_processing:/home/f1/f1tenth_ws/install/center_follow_cpp:/home/f1/f1tenth_ws/install/ackermann_mux:/home/f1/f1tenth_ws/install/f1tenth_stack:/home/f1/f1tenth_ws/install/joy_teleop:/home/f1/f1tenth_ws/install/pygame_key_teleop:/home/f1/f1tenth_ws/install/mouse_teleop:/home/f1/f1tenth_ws/install/key_teleop:/home/f1/f1tenth_ws/install/f1tenth_path_planner:/opt/ros/foxy CONDA_PROMPT_MODIFIER=(base) PYTHONPATH=/home/f1/f1tenth_ws/install/vesc_msgs/lib/python3.8/site-packages:/home/f1/f1tenth_ws/install/f1tenth_slam_nav/lib/python3.8/site-packages:/home/f1/f1tenth_ws/install/f1tenth_stack/lib/python3.8/site-packages:/home/f1/f1tenth_ws/build/joy_teleop:/home/f1/f1tenth_ws/install/joy_teleop/lib/python3.8/site-packages:/home/f1/f1tenth_ws/install/teleop_tools_msgs/lib/python3.8/site-packages:/home/f1/f1tenth_ws/build/pygame_key_teleop:/home/f1/f1tenth_ws/install/pygame_key_teleop/lib/python3.8/site-packages:/home/f1/f1tenth_ws/build/mouse_teleop:/home/f1/f1tenth_ws/install/mouse_teleop/lib/python3.8/site-packages:/home/f1/f1tenth_ws/build/key_teleop:/home/f1/f1tenth_ws/install/key_teleop/lib/python3.8/site-packages:/home/f1/f1tenth_ws/install/f1tenth_path_planner/lib/python3.8/site-packages:/opt/ros/foxy/lib/python3.8/site-packages /usr/bin/cmake --build /home/f1/f1tenth_ws/build/vesc -- -j6 -l6
[14.485s] DEBUG:colcon.colcon_core.event_handler.log_command:Invoked command in '/home/f1/f1tenth_ws/build/vesc' returned '0': CMAKE_PREFIX_PATH=/home/f1/f1tenth_ws/install/vesc_driver:/home/f1/f1tenth_ws/install/vesc_ackermann:/home/f1/f1tenth_ws/install/vesc_msgs:/home/f1/f1tenth_ws/install/f1tenth_slam_nav:/home/f1/f1tenth_ws/install/vesc:/home/f1/f1tenth_ws/install/teleop_tools:/home/f1/f1tenth_ws/install/teleop_tools_msgs:/home/f1/f1tenth_ws/install/real_pure_pursuit:/home/f1/f1tenth_ws/install/pure_pursuit:/home/f1/f1tenth_ws/install/path_planner:/home/f1/f1tenth_ws/install/path_follow:/home/f1/f1tenth_ws/install/lidar_processing:/home/f1/f1tenth_ws/install/center_follow_cpp:/home/f1/f1tenth_ws/install/ackermann_mux:/home/f1/f1tenth_ws/install/f1tenth_stack:/home/f1/f1tenth_ws/install/joy_teleop:/home/f1/f1tenth_ws/install/pygame_key_teleop:/home/f1/f1tenth_ws/install/mouse_teleop:/home/f1/f1tenth_ws/install/key_teleop:/home/f1/f1tenth_ws/install/f1tenth_path_planner:/opt/ros/foxy CONDA_PROMPT_MODIFIER=(base) PYTHONPATH=/home/f1/f1tenth_ws/install/vesc_msgs/lib/python3.8/site-packages:/home/f1/f1tenth_ws/install/f1tenth_slam_nav/lib/python3.8/site-packages:/home/f1/f1tenth_ws/install/f1tenth_stack/lib/python3.8/site-packages:/home/f1/f1tenth_ws/build/joy_teleop:/home/f1/f1tenth_ws/install/joy_teleop/lib/python3.8/site-packages:/home/f1/f1tenth_ws/install/teleop_tools_msgs/lib/python3.8/site-packages:/home/f1/f1tenth_ws/build/pygame_key_teleop:/home/f1/f1tenth_ws/install/pygame_key_teleop/lib/python3.8/site-packages:/home/f1/f1tenth_ws/build/mouse_teleop:/home/f1/f1tenth_ws/install/mouse_teleop/lib/python3.8/site-packages:/home/f1/f1tenth_ws/build/key_teleop:/home/f1/f1tenth_ws/install/key_teleop/lib/python3.8/site-packages:/home/f1/f1tenth_ws/install/f1tenth_path_planner/lib/python3.8/site-packages:/opt/ros/foxy/lib/python3.8/site-packages /usr/bin/cmake --build /home/f1/f1tenth_ws/build/vesc -- -j6 -l6
[14.518s] DEBUG:colcon.colcon_core.event_handler.log_command:Invoking command in '/home/f1/f1tenth_ws/build/vesc': CMAKE_PREFIX_PATH=/home/f1/f1tenth_ws/install/vesc_driver:/home/f1/f1tenth_ws/install/vesc_ackermann:/home/f1/f1tenth_ws/install/vesc_msgs:/home/f1/f1tenth_ws/install/f1tenth_slam_nav:/home/f1/f1tenth_ws/install/vesc:/home/f1/f1tenth_ws/install/teleop_tools:/home/f1/f1tenth_ws/install/teleop_tools_msgs:/home/f1/f1tenth_ws/install/real_pure_pursuit:/home/f1/f1tenth_ws/install/pure_pursuit:/home/f1/f1tenth_ws/install/path_planner:/home/f1/f1tenth_ws/install/path_follow:/home/f1/f1tenth_ws/install/lidar_processing:/home/f1/f1tenth_ws/install/center_follow_cpp:/home/f1/f1tenth_ws/install/ackermann_mux:/home/f1/f1tenth_ws/install/f1tenth_stack:/home/f1/f1tenth_ws/install/joy_teleop:/home/f1/f1tenth_ws/install/pygame_key_teleop:/home/f1/f1tenth_ws/install/mouse_teleop:/home/f1/f1tenth_ws/install/key_teleop:/home/f1/f1tenth_ws/install/f1tenth_path_planner:/opt/ros/foxy CONDA_PROMPT_MODIFIER=(base) PYTHONPATH=/home/f1/f1tenth_ws/install/vesc_msgs/lib/python3.8/site-packages:/home/f1/f1tenth_ws/install/f1tenth_slam_nav/lib/python3.8/site-packages:/home/f1/f1tenth_ws/install/f1tenth_stack/lib/python3.8/site-packages:/home/f1/f1tenth_ws/build/joy_teleop:/home/f1/f1tenth_ws/install/joy_teleop/lib/python3.8/site-packages:/home/f1/f1tenth_ws/install/teleop_tools_msgs/lib/python3.8/site-packages:/home/f1/f1tenth_ws/build/pygame_key_teleop:/home/f1/f1tenth_ws/install/pygame_key_teleop/lib/python3.8/site-packages:/home/f1/f1tenth_ws/build/mouse_teleop:/home/f1/f1tenth_ws/install/mouse_teleop/lib/python3.8/site-packages:/home/f1/f1tenth_ws/build/key_teleop:/home/f1/f1tenth_ws/install/key_teleop/lib/python3.8/site-packages:/home/f1/f1tenth_ws/install/f1tenth_path_planner/lib/python3.8/site-packages:/opt/ros/foxy/lib/python3.8/site-packages /usr/bin/cmake --install /home/f1/f1tenth_ws/build/vesc
[14.666s] Level 1:colcon.colcon_core.environment:create_environment_scripts_only(vesc)
[14.671s] Level 1:colcon.colcon_core.environment:checking '/home/f1/f1tenth_ws/install/vesc' for CMake module files
[14.673s] DEBUG:colcon.colcon_core.event_handler.log_command:Invoked command in '/home/f1/f1tenth_ws/build/vesc' returned '0': CMAKE_PREFIX_PATH=/home/f1/f1tenth_ws/install/vesc_driver:/home/f1/f1tenth_ws/install/vesc_ackermann:/home/f1/f1tenth_ws/install/vesc_msgs:/home/f1/f1tenth_ws/install/f1tenth_slam_nav:/home/f1/f1tenth_ws/install/vesc:/home/f1/f1tenth_ws/install/teleop_tools:/home/f1/f1tenth_ws/install/teleop_tools_msgs:/home/f1/f1tenth_ws/install/real_pure_pursuit:/home/f1/f1tenth_ws/install/pure_pursuit:/home/f1/f1tenth_ws/install/path_planner:/home/f1/f1tenth_ws/install/path_follow:/home/f1/f1tenth_ws/install/lidar_processing:/home/f1/f1tenth_ws/install/center_follow_cpp:/home/f1/f1tenth_ws/install/ackermann_mux:/home/f1/f1tenth_ws/install/f1tenth_stack:/home/f1/f1tenth_ws/install/joy_teleop:/home/f1/f1tenth_ws/install/pygame_key_teleop:/home/f1/f1tenth_ws/install/mouse_teleop:/home/f1/f1tenth_ws/install/key_teleop:/home/f1/f1tenth_ws/install/f1tenth_path_planner:/opt/ros/foxy CONDA_PROMPT_MODIFIER=(base) PYTHONPATH=/home/f1/f1tenth_ws/install/vesc_msgs/lib/python3.8/site-packages:/home/f1/f1tenth_ws/install/f1tenth_slam_nav/lib/python3.8/site-packages:/home/f1/f1tenth_ws/install/f1tenth_stack/lib/python3.8/site-packages:/home/f1/f1tenth_ws/build/joy_teleop:/home/f1/f1tenth_ws/install/joy_teleop/lib/python3.8/site-packages:/home/f1/f1tenth_ws/install/teleop_tools_msgs/lib/python3.8/site-packages:/home/f1/f1tenth_ws/build/pygame_key_teleop:/home/f1/f1tenth_ws/install/pygame_key_teleop/lib/python3.8/site-packages:/home/f1/f1tenth_ws/build/mouse_teleop:/home/f1/f1tenth_ws/install/mouse_teleop/lib/python3.8/site-packages:/home/f1/f1tenth_ws/build/key_teleop:/home/f1/f1tenth_ws/install/key_teleop/lib/python3.8/site-packages:/home/f1/f1tenth_ws/install/f1tenth_path_planner/lib/python3.8/site-packages:/opt/ros/foxy/lib/python3.8/site-packages /usr/bin/cmake --install /home/f1/f1tenth_ws/build/vesc
[14.678s] Level 1:colcon.colcon_core.environment:checking '/home/f1/f1tenth_ws/install/vesc' for CMake config files
[14.681s] Level 1:colcon.colcon_core.shell:create_environment_hook('vesc', 'cmake_prefix_path')
[14.683s] INFO:colcon.colcon_core.shell:Creating environment hook '/home/f1/f1tenth_ws/install/vesc/share/vesc/hook/cmake_prefix_path.ps1'
[14.687s] INFO:colcon.colcon_core.shell:Creating environment descriptor '/home/f1/f1tenth_ws/install/vesc/share/vesc/hook/cmake_prefix_path.dsv'
[14.691s] INFO:colcon.colcon_core.shell:Creating environment hook '/home/f1/f1tenth_ws/install/vesc/share/vesc/hook/cmake_prefix_path.sh'
[14.696s] Level 1:colcon.colcon_core.environment:checking '/home/f1/f1tenth_ws/install/vesc/bin'
[14.696s] Level 1:colcon.colcon_core.environment:checking '/home/f1/f1tenth_ws/install/vesc/lib/pkgconfig/vesc.pc'
[14.698s] Level 1:colcon.colcon_core.environment:checking '/home/f1/f1tenth_ws/install/vesc/lib/python3.8/site-packages'
[14.699s] Level 1:colcon.colcon_core.environment:checking '/home/f1/f1tenth_ws/install/vesc/bin'
[14.702s] INFO:colcon.colcon_core.shell:Creating package script '/home/f1/f1tenth_ws/install/vesc/share/vesc/package.ps1'
[14.705s] INFO:colcon.colcon_core.shell:Creating package descriptor '/home/f1/f1tenth_ws/install/vesc/share/vesc/package.dsv'
[14.708s] INFO:colcon.colcon_core.shell:Creating package script '/home/f1/f1tenth_ws/install/vesc/share/vesc/package.sh'
[14.710s] INFO:colcon.colcon_core.shell:Creating package script '/home/f1/f1tenth_ws/install/vesc/share/vesc/package.bash'
[14.713s] INFO:colcon.colcon_core.shell:Creating package script '/home/f1/f1tenth_ws/install/vesc/share/vesc/package.zsh'
[14.715s] Level 1:colcon.colcon_core.environment:create_file_with_runtime_dependencies(/home/f1/f1tenth_ws/install/vesc/share/colcon-core/packages/vesc)
[14.719s] Level 1:colcon.colcon_core.environment:create_environment_scripts_only(vesc)
[14.721s] Level 1:colcon.colcon_core.environment:checking '/home/f1/f1tenth_ws/install/vesc' for CMake module files
[14.724s] Level 1:colcon.colcon_core.environment:checking '/home/f1/f1tenth_ws/install/vesc' for CMake config files
[14.726s] Level 1:colcon.colcon_core.shell:create_environment_hook('vesc', 'cmake_prefix_path')
[14.727s] INFO:colcon.colcon_core.shell:Creating environment hook '/home/f1/f1tenth_ws/install/vesc/share/vesc/hook/cmake_prefix_path.ps1'
[14.730s] INFO:colcon.colcon_core.shell:Creating environment descriptor '/home/f1/f1tenth_ws/install/vesc/share/vesc/hook/cmake_prefix_path.dsv'
[14.732s] INFO:colcon.colcon_core.shell:Creating environment hook '/home/f1/f1tenth_ws/install/vesc/share/vesc/hook/cmake_prefix_path.sh'
[14.735s] Level 1:colcon.colcon_core.environment:checking '/home/f1/f1tenth_ws/install/vesc/bin'
[14.736s] Level 1:colcon.colcon_core.environment:checking '/home/f1/f1tenth_ws/install/vesc/lib/pkgconfig/vesc.pc'
[14.737s] Level 1:colcon.colcon_core.environment:checking '/home/f1/f1tenth_ws/install/vesc/lib/python3.8/site-packages'
[14.738s] Level 1:colcon.colcon_core.environment:checking '/home/f1/f1tenth_ws/install/vesc/bin'
[14.740s] INFO:colcon.colcon_core.shell:Creating package script '/home/f1/f1tenth_ws/install/vesc/share/vesc/package.ps1'
[14.743s] INFO:colcon.colcon_core.shell:Creating package descriptor '/home/f1/f1tenth_ws/install/vesc/share/vesc/package.dsv'
[14.746s] INFO:colcon.colcon_core.shell:Creating package script '/home/f1/f1tenth_ws/install/vesc/share/vesc/package.sh'
[14.750s] INFO:colcon.colcon_core.shell:Creating package script '/home/f1/f1tenth_ws/install/vesc/share/vesc/package.bash'
[14.753s] INFO:colcon.colcon_core.shell:Creating package script '/home/f1/f1tenth_ws/install/vesc/share/vesc/package.zsh'
[14.756s] Level 1:colcon.colcon_core.environment:create_file_with_runtime_dependencies(/home/f1/f1tenth_ws/install/vesc/share/colcon-core/packages/vesc)
[16.131s] DEBUG:colcon.colcon_core.event_handler.log_command:Invoking command in '/home/f1/f1tenth_ws/build/pygame_key_teleop': CONDA_PROMPT_MODIFIER=(base) PYTHONPATH=/home/f1/f1tenth_ws/build/pygame_key_teleop/prefix_override:/usr/lib/python3/dist-packages/colcon_core/task/python/colcon_distutils_commands:/home/f1/f1tenth_ws/install/pygame_key_teleop/lib/python3.8/site-packages:${PYTHONPATH} /usr/bin/python3 -W ignore:setup.py install is deprecated -W ignore:easy_install command is deprecated setup.py develop --editable --build-directory /home/f1/f1tenth_ws/build/pygame_key_teleop/build --no-deps symlink_data
[16.344s] DEBUG:colcon.colcon_core.event_handler.log_command:Invoked command in '/home/f1/f1tenth_ws/build/pure_pursuit' returned '0': CMAKE_PREFIX_PATH=${CMAKE_PREFIX_PATH}:/home/f1/f1tenth_ws/install/f1tenth_stack:/home/f1/f1tenth_ws/install/joy_teleop:/home/f1/f1tenth_ws/install/pygame_key_teleop:/home/f1/f1tenth_ws/install/mouse_teleop:/home/f1/f1tenth_ws/install/key_teleop:/home/f1/f1tenth_ws/install/f1tenth_path_planner:/opt/ros/foxy CONDA_PROMPT_MODIFIER=(base) /usr/bin/cmake /home/f1/f1tenth_ws/src/pure_pursuit -DCMAKE_BUILD_TYPE=Release -DAMENT_CMAKE_SYMLINK_INSTALL=1 -DCMAKE_INSTALL_PREFIX=/home/f1/f1tenth_ws/install/pure_pursuit
[16.355s] DEBUG:colcon.colcon_core.event_handler.log_command:Invoking command in '/home/f1/f1tenth_ws/build/pure_pursuit': CMAKE_PREFIX_PATH=${CMAKE_PREFIX_PATH}:/home/f1/f1tenth_ws/install/f1tenth_stack:/home/f1/f1tenth_ws/install/joy_teleop:/home/f1/f1tenth_ws/install/pygame_key_teleop:/home/f1/f1tenth_ws/install/mouse_teleop:/home/f1/f1tenth_ws/install/key_teleop:/home/f1/f1tenth_ws/install/f1tenth_path_planner:/opt/ros/foxy CONDA_PROMPT_MODIFIER=(base) /usr/bin/cmake --build /home/f1/f1tenth_ws/build/pure_pursuit -- -j6 -l6
[16.672s] Level 1:colcon.colcon_core.shell:create_environment_hook('joy_teleop', 'pythonpath_develop')
[16.675s] INFO:colcon.colcon_core.shell:Creating environment hook '/home/f1/f1tenth_ws/build/joy_teleop/share/joy_teleop/hook/pythonpath_develop.ps1'
[16.677s] DEBUG:colcon.colcon_core.event_handler.log_command:Invoked command in '/home/f1/f1tenth_ws/build/joy_teleop' returned '0': CMAKE_PREFIX_PATH=/home/f1/f1tenth_ws/install/teleop_tools_msgs:/home/f1/f1tenth_ws/install/f1tenth_slam_nav:/home/f1/f1tenth_ws/install/vesc:/home/f1/f1tenth_ws/install/vesc_driver:/home/f1/f1tenth_ws/install/vesc_ackermann:/home/f1/f1tenth_ws/install/vesc_msgs:/home/f1/f1tenth_ws/install/teleop_tools:/home/f1/f1tenth_ws/install/real_pure_pursuit:/home/f1/f1tenth_ws/install/pure_pursuit:/home/f1/f1tenth_ws/install/path_planner:/home/f1/f1tenth_ws/install/path_follow:/home/f1/f1tenth_ws/install/lidar_processing:/home/f1/f1tenth_ws/install/center_follow_cpp:/home/f1/f1tenth_ws/install/ackermann_mux CONDA_PROMPT_MODIFIER=(base) LD_LIBRARY_PATH=/home/f1/f1tenth_ws/install/teleop_tools_msgs/lib:/home/f1/f1tenth_ws/install/vesc_driver/lib:/home/f1/f1tenth_ws/install/vesc_ackermann/lib:/home/f1/f1tenth_ws/install/vesc_msgs/lib:/opt/ros/foxy/opt/yaml_cpp_vendor/lib:/opt/ros/foxy/opt/rviz_ogre_vendor/lib:/opt/ros/foxy/lib/aarch64-linux-gnu:/opt/ros/foxy/lib PYTHONPATH=/home/f1/f1tenth_ws/build/joy_teleop/prefix_override:/usr/lib/python3/dist-packages/colcon_core/task/python/colcon_distutils_commands:/home/f1/f1tenth_ws/install/joy_teleop/lib/python3.8/site-packages:/home/f1/f1tenth_ws/install/teleop_tools_msgs/lib/python3.8/site-packages:/home/f1/f1tenth_ws/install/f1tenth_slam_nav/lib/python3.8/site-packages:/home/f1/f1tenth_ws/install/f1tenth_stack/lib/python3.8/site-packages:/home/f1/f1tenth_ws/install/vesc_msgs/lib/python3.8/site-packages:/home/f1/f1tenth_ws/build/joy_teleop:/home/f1/f1tenth_ws/install/joy_teleop/lib/python3.8/site-packages:/home/f1/f1tenth_ws/build/pygame_key_teleop:/home/f1/f1tenth_ws/install/pygame_key_teleop/lib/python3.8/site-packages:/home/f1/f1tenth_ws/build/mouse_teleop:/home/f1/f1tenth_ws/install/mouse_teleop/lib/python3.8/site-packages:/home/f1/f1tenth_ws/build/key_teleop:/home/f1/f1tenth_ws/install/key_teleop/lib/python3.8/site-packages:/home/f1/f1tenth_ws/install/f1tenth_path_planner/lib/python3.8/site-packages:/opt/ros/foxy/lib/python3.8/site-packages /usr/bin/python3 -W ignore:setup.py install is deprecated -W ignore:easy_install command is deprecated setup.py develop --editable --build-directory /home/f1/f1tenth_ws/build/joy_teleop/build --no-deps symlink_data
[16.683s] INFO:colcon.colcon_core.shell:Creating environment descriptor '/home/f1/f1tenth_ws/build/joy_teleop/share/joy_teleop/hook/pythonpath_develop.dsv'
[16.686s] INFO:colcon.colcon_core.shell:Creating environment hook '/home/f1/f1tenth_ws/build/joy_teleop/share/joy_teleop/hook/pythonpath_develop.sh'
[16.691s] Level 1:colcon.colcon_core.environment:checking '/home/f1/f1tenth_ws/install/joy_teleop' for CMake module files
[16.694s] Level 1:colcon.colcon_core.environment:checking '/home/f1/f1tenth_ws/install/joy_teleop' for CMake config files
[16.699s] Level 1:colcon.colcon_core.environment:checking '/home/f1/f1tenth_ws/install/joy_teleop/lib'
[16.699s] Level 1:colcon.colcon_core.environment:checking '/home/f1/f1tenth_ws/install/joy_teleop/bin'
[16.700s] Level 1:colcon.colcon_core.environment:checking '/home/f1/f1tenth_ws/install/joy_teleop/lib/pkgconfig/joy_teleop.pc'
[16.702s] Level 1:colcon.colcon_core.environment:checking '/home/f1/f1tenth_ws/install/joy_teleop/lib/python3.8/site-packages'
[16.702s] Level 1:colcon.colcon_core.shell:create_environment_hook('joy_teleop', 'pythonpath')
[16.703s] INFO:colcon.colcon_core.shell:Creating environment hook '/home/f1/f1tenth_ws/install/joy_teleop/share/joy_teleop/hook/pythonpath.ps1'
[16.707s] INFO:colcon.colcon_core.shell:Creating environment descriptor '/home/f1/f1tenth_ws/install/joy_teleop/share/joy_teleop/hook/pythonpath.dsv'
[16.709s] INFO:colcon.colcon_core.shell:Creating environment hook '/home/f1/f1tenth_ws/install/joy_teleop/share/joy_teleop/hook/pythonpath.sh'
[16.713s] Level 1:colcon.colcon_core.environment:checking '/home/f1/f1tenth_ws/install/joy_teleop/bin'
[16.713s] Level 1:colcon.colcon_core.environment:create_environment_scripts_only(joy_teleop)
[16.715s] INFO:colcon.colcon_core.shell:Creating package script '/home/f1/f1tenth_ws/install/joy_teleop/share/joy_teleop/package.ps1'
[16.719s] INFO:colcon.colcon_core.shell:Creating package descriptor '/home/f1/f1tenth_ws/install/joy_teleop/share/joy_teleop/package.dsv'
[16.723s] INFO:colcon.colcon_core.shell:Creating package script '/home/f1/f1tenth_ws/install/joy_teleop/share/joy_teleop/package.sh'
[16.726s] INFO:colcon.colcon_core.shell:Creating package script '/home/f1/f1tenth_ws/install/joy_teleop/share/joy_teleop/package.bash'
[16.729s] INFO:colcon.colcon_core.shell:Creating package script '/home/f1/f1tenth_ws/install/joy_teleop/share/joy_teleop/package.zsh'
[16.731s] Level 1:colcon.colcon_core.environment:create_file_with_runtime_dependencies(/home/f1/f1tenth_ws/install/joy_teleop/share/colcon-core/packages/joy_teleop)
[16.737s] INFO:colcon.colcon_ros.task.ament_python.build:Building ROS package in '/home/f1/f1tenth_ws/src/f1tenth_system/f1tenth_stack' with build type 'ament_python'
[16.738s] Level 1:colcon.colcon_core.shell:create_environment_hook('f1tenth_stack', 'ament_prefix_path')
[16.742s] INFO:colcon.colcon_core.shell:Creating environment hook '/home/f1/f1tenth_ws/install/f1tenth_stack/share/f1tenth_stack/hook/ament_prefix_path.ps1'
[16.745s] INFO:colcon.colcon_core.shell:Creating environment descriptor '/home/f1/f1tenth_ws/install/f1tenth_stack/share/f1tenth_stack/hook/ament_prefix_path.dsv'
[16.749s] INFO:colcon.colcon_core.shell:Creating environment hook '/home/f1/f1tenth_ws/install/f1tenth_stack/share/f1tenth_stack/hook/ament_prefix_path.sh'
[16.753s] INFO:colcon.colcon_core.shell:Skip shell extension 'powershell' for command environment: Not usable outside of PowerShell
[16.753s] DEBUG:colcon.colcon_core.shell:Skip shell extension 'dsv' for command environment
[16.801s] INFO:colcon.colcon_ros.task.ament_cmake.build:Building ROS package in '/home/f1/f1tenth_ws/src/f1tenth_system/teleop_tools/teleop_tools' with build type 'ament_cmake'
[16.808s] INFO:colcon.colcon_cmake.task.cmake.build:Building CMake package in '/home/f1/f1tenth_ws/src/f1tenth_system/teleop_tools/teleop_tools'
[16.812s] INFO:colcon.colcon_core.shell:Skip shell extension 'powershell' for command environment: Not usable outside of PowerShell
[16.812s] DEBUG:colcon.colcon_core.shell:Skip shell extension 'dsv' for command environment
[16.974s] DEBUG:colcon.colcon_core.event_handler.log_command:Invoking command in '/home/f1/f1tenth_ws/build/teleop_tools': AMENT_PREFIX_PATH=/home/f1/f1tenth_ws/install/joy_teleop:/home/f1/f1tenth_ws/install/key_teleop:/home/f1/f1tenth_ws/install/f1tenth_slam_nav:/home/f1/f1tenth_ws/install/f1tenth_stack:/home/f1/f1tenth_ws/install/vesc:/home/f1/f1tenth_ws/install/vesc_driver:/home/f1/f1tenth_ws/install/vesc_ackermann:/home/f1/f1tenth_ws/install/vesc_msgs:/home/f1/f1tenth_ws/install/teleop_tools:/home/f1/f1tenth_ws/install/teleop_tools_msgs:/home/f1/f1tenth_ws/install/real_pure_pursuit:/home/f1/f1tenth_ws/install/pygame_key_teleop:/home/f1/f1tenth_ws/install/pure_pursuit:/home/f1/f1tenth_ws/install/path_planner:/home/f1/f1tenth_ws/install/path_follow:/home/f1/f1tenth_ws/install/mouse_teleop:/home/f1/f1tenth_ws/install/lidar_processing:/home/f1/f1tenth_ws/install/f1tenth_path_planner:/home/f1/f1tenth_ws/install/center_follow_cpp:/home/f1/f1tenth_ws/install/ackermann_mux:/opt/ros/foxy CMAKE_PREFIX_PATH=/home/f1/f1tenth_ws/install/teleop_tools_msgs:/home/f1/f1tenth_ws/install/f1tenth_slam_nav:/home/f1/f1tenth_ws/install/vesc:/home/f1/f1tenth_ws/install/vesc_driver:/home/f1/f1tenth_ws/install/vesc_ackermann:/home/f1/f1tenth_ws/install/vesc_msgs:/home/f1/f1tenth_ws/install/teleop_tools:/home/f1/f1tenth_ws/install/real_pure_pursuit:/home/f1/f1tenth_ws/install/pure_pursuit:/home/f1/f1tenth_ws/install/path_planner:/home/f1/f1tenth_ws/install/path_follow:/home/f1/f1tenth_ws/install/lidar_processing:/home/f1/f1tenth_ws/install/center_follow_cpp:/home/f1/f1tenth_ws/install/ackermann_mux:/home/f1/f1tenth_ws/install/f1tenth_stack:/home/f1/f1tenth_ws/install/joy_teleop:/home/f1/f1tenth_ws/install/pygame_key_teleop:/home/f1/f1tenth_ws/install/mouse_teleop:/home/f1/f1tenth_ws/install/key_teleop:/home/f1/f1tenth_ws/install/f1tenth_path_planner:/opt/ros/foxy CONDA_PROMPT_MODIFIER=(base) LD_LIBRARY_PATH=/home/f1/f1tenth_ws/install/teleop_tools_msgs/lib:/home/f1/f1tenth_ws/install/vesc_driver/lib:/home/f1/f1tenth_ws/install/vesc_ackermann/lib:/home/f1/f1tenth_ws/install/vesc_msgs/lib:/opt/ros/foxy/opt/yaml_cpp_vendor/lib:/opt/ros/foxy/opt/rviz_ogre_vendor/lib:/opt/ros/foxy/lib/aarch64-linux-gnu:/opt/ros/foxy/lib PYTHONPATH=/home/f1/f1tenth_ws/build/joy_teleop:/home/f1/f1tenth_ws/install/joy_teleop/lib/python3.8/site-packages:/home/f1/f1tenth_ws/install/teleop_tools_msgs/lib/python3.8/site-packages:/home/f1/f1tenth_ws/build/key_teleop:/home/f1/f1tenth_ws/install/key_teleop/lib/python3.8/site-packages:/home/f1/f1tenth_ws/install/f1tenth_slam_nav/lib/python3.8/site-packages:/home/f1/f1tenth_ws/install/f1tenth_stack/lib/python3.8/site-packages:/home/f1/f1tenth_ws/install/vesc_msgs/lib/python3.8/site-packages:/home/f1/f1tenth_ws/build/pygame_key_teleop:/home/f1/f1tenth_ws/install/pygame_key_teleop/lib/python3.8/site-packages:/home/f1/f1tenth_ws/build/mouse_teleop:/home/f1/f1tenth_ws/install/mouse_teleop/lib/python3.8/site-packages:/home/f1/f1tenth_ws/install/f1tenth_path_planner/lib/python3.8/site-packages:/opt/ros/foxy/lib/python3.8/site-packages /usr/bin/cmake --build /home/f1/f1tenth_ws/build/teleop_tools -- -j6 -l6
[18.538s] INFO:colcon.colcon_core.task.python.build:Building Python package in '/home/f1/f1tenth_ws/src/f1tenth_system/f1tenth_stack'
[18.543s] INFO:colcon.colcon_core.shell:Skip shell extension 'powershell' for command environment: Not usable outside of PowerShell
[18.543s] DEBUG:colcon.colcon_core.shell:Skip shell extension 'dsv' for command environment
[18.650s] DEBUG:colcon.colcon_core.event_handler.log_command:Invoked command in '/home/f1/f1tenth_ws/build/teleop_tools' returned '0': AMENT_PREFIX_PATH=/home/f1/f1tenth_ws/install/joy_teleop:/home/f1/f1tenth_ws/install/key_teleop:/home/f1/f1tenth_ws/install/f1tenth_slam_nav:/home/f1/f1tenth_ws/install/f1tenth_stack:/home/f1/f1tenth_ws/install/vesc:/home/f1/f1tenth_ws/install/vesc_driver:/home/f1/f1tenth_ws/install/vesc_ackermann:/home/f1/f1tenth_ws/install/vesc_msgs:/home/f1/f1tenth_ws/install/teleop_tools:/home/f1/f1tenth_ws/install/teleop_tools_msgs:/home/f1/f1tenth_ws/install/real_pure_pursuit:/home/f1/f1tenth_ws/install/pygame_key_teleop:/home/f1/f1tenth_ws/install/pure_pursuit:/home/f1/f1tenth_ws/install/path_planner:/home/f1/f1tenth_ws/install/path_follow:/home/f1/f1tenth_ws/install/mouse_teleop:/home/f1/f1tenth_ws/install/lidar_processing:/home/f1/f1tenth_ws/install/f1tenth_path_planner:/home/f1/f1tenth_ws/install/center_follow_cpp:/home/f1/f1tenth_ws/install/ackermann_mux:/opt/ros/foxy CMAKE_PREFIX_PATH=/home/f1/f1tenth_ws/install/teleop_tools_msgs:/home/f1/f1tenth_ws/install/f1tenth_slam_nav:/home/f1/f1tenth_ws/install/vesc:/home/f1/f1tenth_ws/install/vesc_driver:/home/f1/f1tenth_ws/install/vesc_ackermann:/home/f1/f1tenth_ws/install/vesc_msgs:/home/f1/f1tenth_ws/install/teleop_tools:/home/f1/f1tenth_ws/install/real_pure_pursuit:/home/f1/f1tenth_ws/install/pure_pursuit:/home/f1/f1tenth_ws/install/path_planner:/home/f1/f1tenth_ws/install/path_follow:/home/f1/f1tenth_ws/install/lidar_processing:/home/f1/f1tenth_ws/install/center_follow_cpp:/home/f1/f1tenth_ws/install/ackermann_mux:/home/f1/f1tenth_ws/install/f1tenth_stack:/home/f1/f1tenth_ws/install/joy_teleop:/home/f1/f1tenth_ws/install/pygame_key_teleop:/home/f1/f1tenth_ws/install/mouse_teleop:/home/f1/f1tenth_ws/install/key_teleop:/home/f1/f1tenth_ws/install/f1tenth_path_planner:/opt/ros/foxy CONDA_PROMPT_MODIFIER=(base) LD_LIBRARY_PATH=/home/f1/f1tenth_ws/install/teleop_tools_msgs/lib:/home/f1/f1tenth_ws/install/vesc_driver/lib:/home/f1/f1tenth_ws/install/vesc_ackermann/lib:/home/f1/f1tenth_ws/install/vesc_msgs/lib:/opt/ros/foxy/opt/yaml_cpp_vendor/lib:/opt/ros/foxy/opt/rviz_ogre_vendor/lib:/opt/ros/foxy/lib/aarch64-linux-gnu:/opt/ros/foxy/lib PYTHONPATH=/home/f1/f1tenth_ws/build/joy_teleop:/home/f1/f1tenth_ws/install/joy_teleop/lib/python3.8/site-packages:/home/f1/f1tenth_ws/install/teleop_tools_msgs/lib/python3.8/site-packages:/home/f1/f1tenth_ws/build/key_teleop:/home/f1/f1tenth_ws/install/key_teleop/lib/python3.8/site-packages:/home/f1/f1tenth_ws/install/f1tenth_slam_nav/lib/python3.8/site-packages:/home/f1/f1tenth_ws/install/f1tenth_stack/lib/python3.8/site-packages:/home/f1/f1tenth_ws/install/vesc_msgs/lib/python3.8/site-packages:/home/f1/f1tenth_ws/build/pygame_key_teleop:/home/f1/f1tenth_ws/install/pygame_key_teleop/lib/python3.8/site-packages:/home/f1/f1tenth_ws/build/mouse_teleop:/home/f1/f1tenth_ws/install/mouse_teleop/lib/python3.8/site-packages:/home/f1/f1tenth_ws/install/f1tenth_path_planner/lib/python3.8/site-packages:/opt/ros/foxy/lib/python3.8/site-packages /usr/bin/cmake --build /home/f1/f1tenth_ws/build/teleop_tools -- -j6 -l6
[18.659s] DEBUG:colcon.colcon_core.event_handler.log_command:Invoking command in '/home/f1/f1tenth_ws/build/teleop_tools': AMENT_PREFIX_PATH=/home/f1/f1tenth_ws/install/joy_teleop:/home/f1/f1tenth_ws/install/key_teleop:/home/f1/f1tenth_ws/install/f1tenth_slam_nav:/home/f1/f1tenth_ws/install/f1tenth_stack:/home/f1/f1tenth_ws/install/vesc:/home/f1/f1tenth_ws/install/vesc_driver:/home/f1/f1tenth_ws/install/vesc_ackermann:/home/f1/f1tenth_ws/install/vesc_msgs:/home/f1/f1tenth_ws/install/teleop_tools:/home/f1/f1tenth_ws/install/teleop_tools_msgs:/home/f1/f1tenth_ws/install/real_pure_pursuit:/home/f1/f1tenth_ws/install/pygame_key_teleop:/home/f1/f1tenth_ws/install/pure_pursuit:/home/f1/f1tenth_ws/install/path_planner:/home/f1/f1tenth_ws/install/path_follow:/home/f1/f1tenth_ws/install/mouse_teleop:/home/f1/f1tenth_ws/install/lidar_processing:/home/f1/f1tenth_ws/install/f1tenth_path_planner:/home/f1/f1tenth_ws/install/center_follow_cpp:/home/f1/f1tenth_ws/install/ackermann_mux:/opt/ros/foxy CMAKE_PREFIX_PATH=/home/f1/f1tenth_ws/install/teleop_tools_msgs:/home/f1/f1tenth_ws/install/f1tenth_slam_nav:/home/f1/f1tenth_ws/install/vesc:/home/f1/f1tenth_ws/install/vesc_driver:/home/f1/f1tenth_ws/install/vesc_ackermann:/home/f1/f1tenth_ws/install/vesc_msgs:/home/f1/f1tenth_ws/install/teleop_tools:/home/f1/f1tenth_ws/install/real_pure_pursuit:/home/f1/f1tenth_ws/install/pure_pursuit:/home/f1/f1tenth_ws/install/path_planner:/home/f1/f1tenth_ws/install/path_follow:/home/f1/f1tenth_ws/install/lidar_processing:/home/f1/f1tenth_ws/install/center_follow_cpp:/home/f1/f1tenth_ws/install/ackermann_mux:/home/f1/f1tenth_ws/install/f1tenth_stack:/home/f1/f1tenth_ws/install/joy_teleop:/home/f1/f1tenth_ws/install/pygame_key_teleop:/home/f1/f1tenth_ws/install/mouse_teleop:/home/f1/f1tenth_ws/install/key_teleop:/home/f1/f1tenth_ws/install/f1tenth_path_planner:/opt/ros/foxy CONDA_PROMPT_MODIFIER=(base) LD_LIBRARY_PATH=/home/f1/f1tenth_ws/install/teleop_tools_msgs/lib:/home/f1/f1tenth_ws/install/vesc_driver/lib:/home/f1/f1tenth_ws/install/vesc_ackermann/lib:/home/f1/f1tenth_ws/install/vesc_msgs/lib:/opt/ros/foxy/opt/yaml_cpp_vendor/lib:/opt/ros/foxy/opt/rviz_ogre_vendor/lib:/opt/ros/foxy/lib/aarch64-linux-gnu:/opt/ros/foxy/lib PYTHONPATH=/home/f1/f1tenth_ws/build/joy_teleop:/home/f1/f1tenth_ws/install/joy_teleop/lib/python3.8/site-packages:/home/f1/f1tenth_ws/install/teleop_tools_msgs/lib/python3.8/site-packages:/home/f1/f1tenth_ws/build/key_teleop:/home/f1/f1tenth_ws/install/key_teleop/lib/python3.8/site-packages:/home/f1/f1tenth_ws/install/f1tenth_slam_nav/lib/python3.8/site-packages:/home/f1/f1tenth_ws/install/f1tenth_stack/lib/python3.8/site-packages:/home/f1/f1tenth_ws/install/vesc_msgs/lib/python3.8/site-packages:/home/f1/f1tenth_ws/build/pygame_key_teleop:/home/f1/f1tenth_ws/install/pygame_key_teleop/lib/python3.8/site-packages:/home/f1/f1tenth_ws/build/mouse_teleop:/home/f1/f1tenth_ws/install/mouse_teleop/lib/python3.8/site-packages:/home/f1/f1tenth_ws/install/f1tenth_path_planner/lib/python3.8/site-packages:/opt/ros/foxy/lib/python3.8/site-packages /usr/bin/cmake --install /home/f1/f1tenth_ws/build/teleop_tools
[18.807s] Level 1:colcon.colcon_core.environment:create_environment_scripts_only(teleop_tools)
[18.814s] Level 1:colcon.colcon_core.environment:checking '/home/f1/f1tenth_ws/install/teleop_tools' for CMake module files
[18.820s] Level 1:colcon.colcon_core.environment:checking '/home/f1/f1tenth_ws/install/teleop_tools' for CMake config files
[18.816s] DEBUG:colcon.colcon_core.event_handler.log_command:Invoked command in '/home/f1/f1tenth_ws/build/teleop_tools' returned '0': AMENT_PREFIX_PATH=/home/f1/f1tenth_ws/install/joy_teleop:/home/f1/f1tenth_ws/install/key_teleop:/home/f1/f1tenth_ws/install/f1tenth_slam_nav:/home/f1/f1tenth_ws/install/f1tenth_stack:/home/f1/f1tenth_ws/install/vesc:/home/f1/f1tenth_ws/install/vesc_driver:/home/f1/f1tenth_ws/install/vesc_ackermann:/home/f1/f1tenth_ws/install/vesc_msgs:/home/f1/f1tenth_ws/install/teleop_tools:/home/f1/f1tenth_ws/install/teleop_tools_msgs:/home/f1/f1tenth_ws/install/real_pure_pursuit:/home/f1/f1tenth_ws/install/pygame_key_teleop:/home/f1/f1tenth_ws/install/pure_pursuit:/home/f1/f1tenth_ws/install/path_planner:/home/f1/f1tenth_ws/install/path_follow:/home/f1/f1tenth_ws/install/mouse_teleop:/home/f1/f1tenth_ws/install/lidar_processing:/home/f1/f1tenth_ws/install/f1tenth_path_planner:/home/f1/f1tenth_ws/install/center_follow_cpp:/home/f1/f1tenth_ws/install/ackermann_mux:/opt/ros/foxy CMAKE_PREFIX_PATH=/home/f1/f1tenth_ws/install/teleop_tools_msgs:/home/f1/f1tenth_ws/install/f1tenth_slam_nav:/home/f1/f1tenth_ws/install/vesc:/home/f1/f1tenth_ws/install/vesc_driver:/home/f1/f1tenth_ws/install/vesc_ackermann:/home/f1/f1tenth_ws/install/vesc_msgs:/home/f1/f1tenth_ws/install/teleop_tools:/home/f1/f1tenth_ws/install/real_pure_pursuit:/home/f1/f1tenth_ws/install/pure_pursuit:/home/f1/f1tenth_ws/install/path_planner:/home/f1/f1tenth_ws/install/path_follow:/home/f1/f1tenth_ws/install/lidar_processing:/home/f1/f1tenth_ws/install/center_follow_cpp:/home/f1/f1tenth_ws/install/ackermann_mux:/home/f1/f1tenth_ws/install/f1tenth_stack:/home/f1/f1tenth_ws/install/joy_teleop:/home/f1/f1tenth_ws/install/pygame_key_teleop:/home/f1/f1tenth_ws/install/mouse_teleop:/home/f1/f1tenth_ws/install/key_teleop:/home/f1/f1tenth_ws/install/f1tenth_path_planner:/opt/ros/foxy CONDA_PROMPT_MODIFIER=(base) LD_LIBRARY_PATH=/home/f1/f1tenth_ws/install/teleop_tools_msgs/lib:/home/f1/f1tenth_ws/install/vesc_driver/lib:/home/f1/f1tenth_ws/install/vesc_ackermann/lib:/home/f1/f1tenth_ws/install/vesc_msgs/lib:/opt/ros/foxy/opt/yaml_cpp_vendor/lib:/opt/ros/foxy/opt/rviz_ogre_vendor/lib:/opt/ros/foxy/lib/aarch64-linux-gnu:/opt/ros/foxy/lib PYTHONPATH=/home/f1/f1tenth_ws/build/joy_teleop:/home/f1/f1tenth_ws/install/joy_teleop/lib/python3.8/site-packages:/home/f1/f1tenth_ws/install/teleop_tools_msgs/lib/python3.8/site-packages:/home/f1/f1tenth_ws/build/key_teleop:/home/f1/f1tenth_ws/install/key_teleop/lib/python3.8/site-packages:/home/f1/f1tenth_ws/install/f1tenth_slam_nav/lib/python3.8/site-packages:/home/f1/f1tenth_ws/install/f1tenth_stack/lib/python3.8/site-packages:/home/f1/f1tenth_ws/install/vesc_msgs/lib/python3.8/site-packages:/home/f1/f1tenth_ws/build/pygame_key_teleop:/home/f1/f1tenth_ws/install/pygame_key_teleop/lib/python3.8/site-packages:/home/f1/f1tenth_ws/build/mouse_teleop:/home/f1/f1tenth_ws/install/mouse_teleop/lib/python3.8/site-packages:/home/f1/f1tenth_ws/install/f1tenth_path_planner/lib/python3.8/site-packages:/opt/ros/foxy/lib/python3.8/site-packages /usr/bin/cmake --install /home/f1/f1tenth_ws/build/teleop_tools
[18.824s] Level 1:colcon.colcon_core.shell:create_environment_hook('teleop_tools', 'cmake_prefix_path')
[18.826s] INFO:colcon.colcon_core.shell:Creating environment hook '/home/f1/f1tenth_ws/install/teleop_tools/share/teleop_tools/hook/cmake_prefix_path.ps1'
[18.832s] INFO:colcon.colcon_core.shell:Creating environment descriptor '/home/f1/f1tenth_ws/install/teleop_tools/share/teleop_tools/hook/cmake_prefix_path.dsv'
[18.835s] INFO:colcon.colcon_core.shell:Creating environment hook '/home/f1/f1tenth_ws/install/teleop_tools/share/teleop_tools/hook/cmake_prefix_path.sh'
[18.839s] Level 1:colcon.colcon_core.environment:checking '/home/f1/f1tenth_ws/install/teleop_tools/bin'
[18.840s] Level 1:colcon.colcon_core.environment:checking '/home/f1/f1tenth_ws/install/teleop_tools/lib/pkgconfig/teleop_tools.pc'
[18.842s] Level 1:colcon.colcon_core.environment:checking '/home/f1/f1tenth_ws/install/teleop_tools/lib/python3.8/site-packages'
[18.843s] Level 1:colcon.colcon_core.environment:checking '/home/f1/f1tenth_ws/install/teleop_tools/bin'
[18.845s] INFO:colcon.colcon_core.shell:Creating package script '/home/f1/f1tenth_ws/install/teleop_tools/share/teleop_tools/package.ps1'
[18.849s] INFO:colcon.colcon_core.shell:Creating package descriptor '/home/f1/f1tenth_ws/install/teleop_tools/share/teleop_tools/package.dsv'
[18.852s] INFO:colcon.colcon_core.shell:Creating package script '/home/f1/f1tenth_ws/install/teleop_tools/share/teleop_tools/package.sh'
[18.857s] INFO:colcon.colcon_core.shell:Creating package script '/home/f1/f1tenth_ws/install/teleop_tools/share/teleop_tools/package.bash'
[18.860s] INFO:colcon.colcon_core.shell:Creating package script '/home/f1/f1tenth_ws/install/teleop_tools/share/teleop_tools/package.zsh'
[18.863s] Level 1:colcon.colcon_core.environment:create_file_with_runtime_dependencies(/home/f1/f1tenth_ws/install/teleop_tools/share/colcon-core/packages/teleop_tools)
[18.867s] Level 1:colcon.colcon_core.environment:create_environment_scripts_only(teleop_tools)
[18.869s] Level 1:colcon.colcon_core.environment:checking '/home/f1/f1tenth_ws/install/teleop_tools' for CMake module files
[18.872s] Level 1:colcon.colcon_core.environment:checking '/home/f1/f1tenth_ws/install/teleop_tools' for CMake config files
[18.874s] Level 1:colcon.colcon_core.shell:create_environment_hook('teleop_tools', 'cmake_prefix_path')
[18.876s] INFO:colcon.colcon_core.shell:Creating environment hook '/home/f1/f1tenth_ws/install/teleop_tools/share/teleop_tools/hook/cmake_prefix_path.ps1'
[18.879s] INFO:colcon.colcon_core.shell:Creating environment descriptor '/home/f1/f1tenth_ws/install/teleop_tools/share/teleop_tools/hook/cmake_prefix_path.dsv'
[18.882s] INFO:colcon.colcon_core.shell:Creating environment hook '/home/f1/f1tenth_ws/install/teleop_tools/share/teleop_tools/hook/cmake_prefix_path.sh'
[18.886s] Level 1:colcon.colcon_core.environment:checking '/home/f1/f1tenth_ws/install/teleop_tools/bin'
[18.886s] Level 1:colcon.colcon_core.environment:checking '/home/f1/f1tenth_ws/install/teleop_tools/lib/pkgconfig/teleop_tools.pc'
[18.888s] Level 1:colcon.colcon_core.environment:checking '/home/f1/f1tenth_ws/install/teleop_tools/lib/python3.8/site-packages'
[18.889s] Level 1:colcon.colcon_core.environment:checking '/home/f1/f1tenth_ws/install/teleop_tools/bin'
[18.890s] INFO:colcon.colcon_core.shell:Creating package script '/home/f1/f1tenth_ws/install/teleop_tools/share/teleop_tools/package.ps1'
[18.894s] INFO:colcon.colcon_core.shell:Creating package descriptor '/home/f1/f1tenth_ws/install/teleop_tools/share/teleop_tools/package.dsv'
[18.898s] INFO:colcon.colcon_core.shell:Creating package script '/home/f1/f1tenth_ws/install/teleop_tools/share/teleop_tools/package.sh'
[18.901s] INFO:colcon.colcon_core.shell:Creating package script '/home/f1/f1tenth_ws/install/teleop_tools/share/teleop_tools/package.bash'
[18.905s] INFO:colcon.colcon_core.shell:Creating package script '/home/f1/f1tenth_ws/install/teleop_tools/share/teleop_tools/package.zsh'
[18.908s] Level 1:colcon.colcon_core.environment:create_file_with_runtime_dependencies(/home/f1/f1tenth_ws/install/teleop_tools/share/colcon-core/packages/teleop_tools)
[19.185s] Level 1:colcon.colcon_core.shell:create_environment_hook('pygame_key_teleop', 'pythonpath_develop')
[19.187s] INFO:colcon.colcon_core.shell:Creating environment hook '/home/f1/f1tenth_ws/build/pygame_key_teleop/share/pygame_key_teleop/hook/pythonpath_develop.ps1'
[19.189s] DEBUG:colcon.colcon_core.event_handler.log_command:Invoked command in '/home/f1/f1tenth_ws/build/pygame_key_teleop' returned '0': CONDA_PROMPT_MODIFIER=(base) PYTHONPATH=/home/f1/f1tenth_ws/build/pygame_key_teleop/prefix_override:/usr/lib/python3/dist-packages/colcon_core/task/python/colcon_distutils_commands:/home/f1/f1tenth_ws/install/pygame_key_teleop/lib/python3.8/site-packages:${PYTHONPATH} /usr/bin/python3 -W ignore:setup.py install is deprecated -W ignore:easy_install command is deprecated setup.py develop --editable --build-directory /home/f1/f1tenth_ws/build/pygame_key_teleop/build --no-deps symlink_data
[19.192s] INFO:colcon.colcon_core.shell:Creating environment descriptor '/home/f1/f1tenth_ws/build/pygame_key_teleop/share/pygame_key_teleop/hook/pythonpath_develop.dsv'
[19.196s] INFO:colcon.colcon_core.shell:Creating environment hook '/home/f1/f1tenth_ws/build/pygame_key_teleop/share/pygame_key_teleop/hook/pythonpath_develop.sh'
[19.200s] Level 1:colcon.colcon_core.environment:checking '/home/f1/f1tenth_ws/install/pygame_key_teleop' for CMake module files
[19.202s] Level 1:colcon.colcon_core.environment:checking '/home/f1/f1tenth_ws/install/pygame_key_teleop' for CMake config files
[19.206s] Level 1:colcon.colcon_core.environment:checking '/home/f1/f1tenth_ws/install/pygame_key_teleop/lib'
[19.206s] Level 1:colcon.colcon_core.environment:checking '/home/f1/f1tenth_ws/install/pygame_key_teleop/bin'
[19.207s] Level 1:colcon.colcon_core.environment:checking '/home/f1/f1tenth_ws/install/pygame_key_teleop/lib/pkgconfig/pygame_key_teleop.pc'
[19.208s] Level 1:colcon.colcon_core.environment:checking '/home/f1/f1tenth_ws/install/pygame_key_teleop/lib/python3.8/site-packages'
[19.208s] Level 1:colcon.colcon_core.shell:create_environment_hook('pygame_key_teleop', 'pythonpath')
[19.209s] INFO:colcon.colcon_core.shell:Creating environment hook '/home/f1/f1tenth_ws/install/pygame_key_teleop/share/pygame_key_teleop/hook/pythonpath.ps1'
[19.212s] INFO:colcon.colcon_core.shell:Creating environment descriptor '/home/f1/f1tenth_ws/install/pygame_key_teleop/share/pygame_key_teleop/hook/pythonpath.dsv'
[19.215s] INFO:colcon.colcon_core.shell:Creating environment hook '/home/f1/f1tenth_ws/install/pygame_key_teleop/share/pygame_key_teleop/hook/pythonpath.sh'
[19.218s] Level 1:colcon.colcon_core.environment:checking '/home/f1/f1tenth_ws/install/pygame_key_teleop/bin'
[19.218s] Level 1:colcon.colcon_core.environment:create_environment_scripts_only(pygame_key_teleop)
[19.221s] INFO:colcon.colcon_core.shell:Creating package script '/home/f1/f1tenth_ws/install/pygame_key_teleop/share/pygame_key_teleop/package.ps1'
[19.225s] INFO:colcon.colcon_core.shell:Creating package descriptor '/home/f1/f1tenth_ws/install/pygame_key_teleop/share/pygame_key_teleop/package.dsv'
[19.228s] INFO:colcon.colcon_core.shell:Creating package script '/home/f1/f1tenth_ws/install/pygame_key_teleop/share/pygame_key_teleop/package.sh'
[19.231s] INFO:colcon.colcon_core.shell:Creating package script '/home/f1/f1tenth_ws/install/pygame_key_teleop/share/pygame_key_teleop/package.bash'
[19.235s] INFO:colcon.colcon_core.shell:Creating package script '/home/f1/f1tenth_ws/install/pygame_key_teleop/share/pygame_key_teleop/package.zsh'
[19.237s] Level 1:colcon.colcon_core.environment:create_file_with_runtime_dependencies(/home/f1/f1tenth_ws/install/pygame_key_teleop/share/colcon-core/packages/pygame_key_teleop)
[21.093s] DEBUG:colcon.colcon_core.task.python.build:While undoing a previous installation files outside the Python library path are being ignored: /home/f1/f1tenth_ws/install/f1tenth_stack/share/ament_index/resource_index/packages/f1tenth_stack
[21.093s] DEBUG:colcon.colcon_core.task.python.build:While undoing a previous installation files outside the Python library path are being ignored: /home/f1/f1tenth_ws/install/f1tenth_stack/share/f1tenth_stack/package.xml
[21.093s] DEBUG:colcon.colcon_core.task.python.build:While undoing a previous installation files outside the Python library path are being ignored: /home/f1/f1tenth_ws/install/f1tenth_stack/share/f1tenth_stack/launch/amcl_localization_launch.py
[21.094s] DEBUG:colcon.colcon_core.task.python.build:While undoing a previous installation files outside the Python library path are being ignored: /home/f1/f1tenth_ws/install/f1tenth_stack/share/f1tenth_stack/launch/joon_launch.py
[21.094s] DEBUG:colcon.colcon_core.task.python.build:While undoing a previous installation files outside the Python library path are being ignored: /home/f1/f1tenth_ws/install/f1tenth_stack/share/f1tenth_stack/launch/simple_car_viz.launch.py
[21.094s] DEBUG:colcon.colcon_core.task.python.build:While undoing a previous installation files outside the Python library path are being ignored: /home/f1/f1tenth_ws/install/f1tenth_stack/share/f1tenth_stack/launch/carto_launch.py
[21.094s] DEBUG:colcon.colcon_core.task.python.build:While undoing a previous installation files outside the Python library path are being ignored: /home/f1/f1tenth_ws/install/f1tenth_stack/share/f1tenth_stack/launch/occupancy_grid.launch.py
[21.094s] DEBUG:colcon.colcon_core.task.python.build:While undoing a previous installation files outside the Python library path are being ignored: /home/f1/f1tenth_ws/install/f1tenth_stack/share/f1tenth_stack/launch/bringup_launch.py
[21.095s] DEBUG:colcon.colcon_core.task.python.build:While undoing a previous installation files outside the Python library path are being ignored: /home/f1/f1tenth_ws/install/f1tenth_stack/share/f1tenth_stack/config/mux.yaml
[21.095s] DEBUG:colcon.colcon_core.task.python.build:While undoing a previous installation files outside the Python library path are being ignored: /home/f1/f1tenth_ws/install/f1tenth_stack/share/f1tenth_stack/config/joy_teleop.yaml
[21.095s] DEBUG:colcon.colcon_core.task.python.build:While undoing a previous installation files outside the Python library path are being ignored: /home/f1/f1tenth_ws/install/f1tenth_stack/share/f1tenth_stack/config/f1tenth_online_async.yaml
[21.095s] DEBUG:colcon.colcon_core.task.python.build:While undoing a previous installation files outside the Python library path are being ignored: /home/f1/f1tenth_ws/install/f1tenth_stack/share/f1tenth_stack/config/sensors.yaml
[21.095s] DEBUG:colcon.colcon_core.task.python.build:While undoing a previous installation files outside the Python library path are being ignored: /home/f1/f1tenth_ws/install/f1tenth_stack/share/f1tenth_stack/config/vesc.yaml
[21.095s] DEBUG:colcon.colcon_core.task.python.build:While undoing a previous installation files outside the Python library path are being ignored: /home/f1/f1tenth_ws/install/f1tenth_stack/share/f1tenth_stack/config/f110_2d.lua
[21.097s] DEBUG:colcon.colcon_core.task.python.build:While undoing a previous installation files outside the Python library path are being ignored: /home/f1/f1tenth_ws/install/f1tenth_stack/lib/f1tenth_stack/car_visualizer.py
[21.098s] DEBUG:colcon.colcon_core.task.python.build:While undoing a previous installation files outside the Python library path are being ignored: /home/f1/f1tenth_ws/install/f1tenth_stack/lib/f1tenth_stack/tf_publisher
[21.098s] DEBUG:colcon.colcon_core.task.python.build:While undoing a previous installation files outside the Python library path are being ignored: /home/f1/f1tenth_ws/install/f1tenth_stack/lib/f1tenth_stack/throttle_interpolator
[21.098s] DEBUG:colcon.colcon_core.task.python.build:While undoing a previous installation files outside the Python library path are being ignored: /home/f1/f1tenth_ws/install/f1tenth_stack/lib/f1tenth_stack/vesc_imu_bridge
[21.126s] DEBUG:colcon.colcon_core.event_handler.log_command:Invoking command in '/home/f1/f1tenth_ws/build/f1tenth_stack': AMENT_PREFIX_PATH=/home/f1/f1tenth_ws/install/joy_teleop:/home/f1/f1tenth_ws/install/f1tenth_slam_nav:/home/f1/f1tenth_ws/install/f1tenth_stack:/home/f1/f1tenth_ws/install/vesc:/home/f1/f1tenth_ws/install/vesc_driver:/home/f1/f1tenth_ws/install/vesc_ackermann:/home/f1/f1tenth_ws/install/vesc_msgs:/home/f1/f1tenth_ws/install/teleop_tools:/home/f1/f1tenth_ws/install/teleop_tools_msgs:/home/f1/f1tenth_ws/install/real_pure_pursuit:/home/f1/f1tenth_ws/install/pygame_key_teleop:/home/f1/f1tenth_ws/install/pure_pursuit:/home/f1/f1tenth_ws/install/path_planner:/home/f1/f1tenth_ws/install/path_follow:/home/f1/f1tenth_ws/install/mouse_teleop:/home/f1/f1tenth_ws/install/lidar_processing:/home/f1/f1tenth_ws/install/key_teleop:/home/f1/f1tenth_ws/install/f1tenth_path_planner:/home/f1/f1tenth_ws/install/center_follow_cpp:/home/f1/f1tenth_ws/install/ackermann_mux:/opt/ros/foxy CMAKE_PREFIX_PATH=/home/f1/f1tenth_ws/install/vesc:/home/f1/f1tenth_ws/install/vesc_driver:/home/f1/f1tenth_ws/install/vesc_ackermann:/home/f1/f1tenth_ws/install/vesc_msgs:/home/f1/f1tenth_ws/install/teleop_tools_msgs:/home/f1/f1tenth_ws/install/ackermann_mux:/home/f1/f1tenth_ws/install/f1tenth_slam_nav:/home/f1/f1tenth_ws/install/teleop_tools:/home/f1/f1tenth_ws/install/real_pure_pursuit:/home/f1/f1tenth_ws/install/pure_pursuit:/home/f1/f1tenth_ws/install/path_planner:/home/f1/f1tenth_ws/install/path_follow:/home/f1/f1tenth_ws/install/lidar_processing:/home/f1/f1tenth_ws/install/center_follow_cpp CONDA_PROMPT_MODIFIER=(base) PYTHONPATH=/home/f1/f1tenth_ws/build/f1tenth_stack/prefix_override:/usr/lib/python3/dist-packages/colcon_core/task/python/colcon_distutils_commands:/home/f1/f1tenth_ws/install/f1tenth_stack/lib/python3.8/site-packages:/home/f1/f1tenth_ws/build/joy_teleop:/home/f1/f1tenth_ws/install/joy_teleop/lib/python3.8/site-packages:/home/f1/f1tenth_ws/install/vesc_msgs/lib/python3.8/site-packages:/home/f1/f1tenth_ws/install/teleop_tools_msgs/lib/python3.8/site-packages:/home/f1/f1tenth_ws/install/f1tenth_slam_nav/lib/python3.8/site-packages:/home/f1/f1tenth_ws/install/f1tenth_stack/lib/python3.8/site-packages:/home/f1/f1tenth_ws/build/pygame_key_teleop:/home/f1/f1tenth_ws/install/pygame_key_teleop/lib/python3.8/site-packages:/home/f1/f1tenth_ws/build/mouse_teleop:/home/f1/f1tenth_ws/install/mouse_teleop/lib/python3.8/site-packages:/home/f1/f1tenth_ws/build/key_teleop:/home/f1/f1tenth_ws/install/key_teleop/lib/python3.8/site-packages:/home/f1/f1tenth_ws/install/f1tenth_path_planner/lib/python3.8/site-packages:/opt/ros/foxy/lib/python3.8/site-packages /usr/bin/python3 -W ignore:setup.py install is deprecated -W ignore:easy_install command is deprecated setup.py develop --editable --build-directory /home/f1/f1tenth_ws/build/f1tenth_stack/build --no-deps symlink_data --force
[23.926s] Level 1:colcon.colcon_core.shell:create_environment_hook('f1tenth_stack', 'pythonpath_develop')
[23.930s] INFO:colcon.colcon_core.shell:Creating environment hook '/home/f1/f1tenth_ws/build/f1tenth_stack/share/f1tenth_stack/hook/pythonpath_develop.ps1'
[23.933s] DEBUG:colcon.colcon_core.event_handler.log_command:Invoked command in '/home/f1/f1tenth_ws/build/f1tenth_stack' returned '0': AMENT_PREFIX_PATH=/home/f1/f1tenth_ws/install/joy_teleop:/home/f1/f1tenth_ws/install/f1tenth_slam_nav:/home/f1/f1tenth_ws/install/f1tenth_stack:/home/f1/f1tenth_ws/install/vesc:/home/f1/f1tenth_ws/install/vesc_driver:/home/f1/f1tenth_ws/install/vesc_ackermann:/home/f1/f1tenth_ws/install/vesc_msgs:/home/f1/f1tenth_ws/install/teleop_tools:/home/f1/f1tenth_ws/install/teleop_tools_msgs:/home/f1/f1tenth_ws/install/real_pure_pursuit:/home/f1/f1tenth_ws/install/pygame_key_teleop:/home/f1/f1tenth_ws/install/pure_pursuit:/home/f1/f1tenth_ws/install/path_planner:/home/f1/f1tenth_ws/install/path_follow:/home/f1/f1tenth_ws/install/mouse_teleop:/home/f1/f1tenth_ws/install/lidar_processing:/home/f1/f1tenth_ws/install/key_teleop:/home/f1/f1tenth_ws/install/f1tenth_path_planner:/home/f1/f1tenth_ws/install/center_follow_cpp:/home/f1/f1tenth_ws/install/ackermann_mux:/opt/ros/foxy CMAKE_PREFIX_PATH=/home/f1/f1tenth_ws/install/vesc:/home/f1/f1tenth_ws/install/vesc_driver:/home/f1/f1tenth_ws/install/vesc_ackermann:/home/f1/f1tenth_ws/install/vesc_msgs:/home/f1/f1tenth_ws/install/teleop_tools_msgs:/home/f1/f1tenth_ws/install/ackermann_mux:/home/f1/f1tenth_ws/install/f1tenth_slam_nav:/home/f1/f1tenth_ws/install/teleop_tools:/home/f1/f1tenth_ws/install/real_pure_pursuit:/home/f1/f1tenth_ws/install/pure_pursuit:/home/f1/f1tenth_ws/install/path_planner:/home/f1/f1tenth_ws/install/path_follow:/home/f1/f1tenth_ws/install/lidar_processing:/home/f1/f1tenth_ws/install/center_follow_cpp CONDA_PROMPT_MODIFIER=(base) PYTHONPATH=/home/f1/f1tenth_ws/build/f1tenth_stack/prefix_override:/usr/lib/python3/dist-packages/colcon_core/task/python/colcon_distutils_commands:/home/f1/f1tenth_ws/install/f1tenth_stack/lib/python3.8/site-packages:/home/f1/f1tenth_ws/build/joy_teleop:/home/f1/f1tenth_ws/install/joy_teleop/lib/python3.8/site-packages:/home/f1/f1tenth_ws/install/vesc_msgs/lib/python3.8/site-packages:/home/f1/f1tenth_ws/install/teleop_tools_msgs/lib/python3.8/site-packages:/home/f1/f1tenth_ws/install/f1tenth_slam_nav/lib/python3.8/site-packages:/home/f1/f1tenth_ws/install/f1tenth_stack/lib/python3.8/site-packages:/home/f1/f1tenth_ws/build/pygame_key_teleop:/home/f1/f1tenth_ws/install/pygame_key_teleop/lib/python3.8/site-packages:/home/f1/f1tenth_ws/build/mouse_teleop:/home/f1/f1tenth_ws/install/mouse_teleop/lib/python3.8/site-packages:/home/f1/f1tenth_ws/build/key_teleop:/home/f1/f1tenth_ws/install/key_teleop/lib/python3.8/site-packages:/home/f1/f1tenth_ws/install/f1tenth_path_planner/lib/python3.8/site-packages:/opt/ros/foxy/lib/python3.8/site-packages /usr/bin/python3 -W ignore:setup.py install is deprecated -W ignore:easy_install command is deprecated setup.py develop --editable --build-directory /home/f1/f1tenth_ws/build/f1tenth_stack/build --no-deps symlink_data --force
[23.937s] INFO:colcon.colcon_core.shell:Creating environment descriptor '/home/f1/f1tenth_ws/build/f1tenth_stack/share/f1tenth_stack/hook/pythonpath_develop.dsv'
[23.939s] INFO:colcon.colcon_core.shell:Creating environment hook '/home/f1/f1tenth_ws/build/f1tenth_stack/share/f1tenth_stack/hook/pythonpath_develop.sh'
[23.943s] Level 1:colcon.colcon_core.environment:checking '/home/f1/f1tenth_ws/install/f1tenth_stack' for CMake module files
[23.947s] Level 1:colcon.colcon_core.environment:checking '/home/f1/f1tenth_ws/install/f1tenth_stack' for CMake config files
[23.952s] Level 1:colcon.colcon_core.environment:checking '/home/f1/f1tenth_ws/install/f1tenth_stack/lib'
[23.953s] Level 1:colcon.colcon_core.environment:checking '/home/f1/f1tenth_ws/install/f1tenth_stack/bin'
[23.953s] Level 1:colcon.colcon_core.environment:checking '/home/f1/f1tenth_ws/install/f1tenth_stack/lib/pkgconfig/f1tenth_stack.pc'
[23.955s] Level 1:colcon.colcon_core.environment:checking '/home/f1/f1tenth_ws/install/f1tenth_stack/lib/python3.8/site-packages'
[23.955s] Level 1:colcon.colcon_core.shell:create_environment_hook('f1tenth_stack', 'pythonpath')
[23.956s] INFO:colcon.colcon_core.shell:Creating environment hook '/home/f1/f1tenth_ws/install/f1tenth_stack/share/f1tenth_stack/hook/pythonpath.ps1'
[23.959s] INFO:colcon.colcon_core.shell:Creating environment descriptor '/home/f1/f1tenth_ws/install/f1tenth_stack/share/f1tenth_stack/hook/pythonpath.dsv'
[23.961s] INFO:colcon.colcon_core.shell:Creating environment hook '/home/f1/f1tenth_ws/install/f1tenth_stack/share/f1tenth_stack/hook/pythonpath.sh'
[23.964s] Level 1:colcon.colcon_core.environment:checking '/home/f1/f1tenth_ws/install/f1tenth_stack/bin'
[23.965s] Level 1:colcon.colcon_core.environment:create_environment_scripts_only(f1tenth_stack)
[23.967s] INFO:colcon.colcon_core.shell:Creating package script '/home/f1/f1tenth_ws/install/f1tenth_stack/share/f1tenth_stack/package.ps1'
[23.970s] INFO:colcon.colcon_core.shell:Creating package descriptor '/home/f1/f1tenth_ws/install/f1tenth_stack/share/f1tenth_stack/package.dsv'
[23.974s] INFO:colcon.colcon_core.shell:Creating package script '/home/f1/f1tenth_ws/install/f1tenth_stack/share/f1tenth_stack/package.sh'
[23.978s] INFO:colcon.colcon_core.shell:Creating package script '/home/f1/f1tenth_ws/install/f1tenth_stack/share/f1tenth_stack/package.bash'
[23.980s] INFO:colcon.colcon_core.shell:Creating package script '/home/f1/f1tenth_ws/install/f1tenth_stack/share/f1tenth_stack/package.zsh'
[23.983s] Level 1:colcon.colcon_core.environment:create_file_with_runtime_dependencies(/home/f1/f1tenth_ws/install/f1tenth_stack/share/colcon-core/packages/f1tenth_stack)
[23.986s] INFO:colcon.colcon_ros.task.ament_cmake.build:Building ROS package in '/home/f1/f1tenth_ws/src/f1tenth_slam_nav' with build type 'ament_cmake'
[23.987s] INFO:colcon.colcon_cmake.task.cmake.build:Building CMake package in '/home/f1/f1tenth_ws/src/f1tenth_slam_nav'
[23.989s] INFO:colcon.colcon_core.shell:Skip shell extension 'powershell' for command environment: Not usable outside of PowerShell
[23.989s] DEBUG:colcon.colcon_core.shell:Skip shell extension 'dsv' for command environment
[24.178s] DEBUG:colcon.colcon_core.event_handler.log_command:Invoking command in '/home/f1/f1tenth_ws/build/f1tenth_slam_nav': AMENT_PREFIX_PATH=/home/f1/f1tenth_ws/install/f1tenth_stack:/home/f1/f1tenth_ws/install/joy_teleop:/home/f1/f1tenth_ws/install/f1tenth_slam_nav:/home/f1/f1tenth_ws/install/vesc:/home/f1/f1tenth_ws/install/vesc_driver:/home/f1/f1tenth_ws/install/vesc_ackermann:/home/f1/f1tenth_ws/install/vesc_msgs:/home/f1/f1tenth_ws/install/teleop_tools:/home/f1/f1tenth_ws/install/teleop_tools_msgs:/home/f1/f1tenth_ws/install/real_pure_pursuit:/home/f1/f1tenth_ws/install/pygame_key_teleop:/home/f1/f1tenth_ws/install/pure_pursuit:/home/f1/f1tenth_ws/install/path_planner:/home/f1/f1tenth_ws/install/path_follow:/home/f1/f1tenth_ws/install/mouse_teleop:/home/f1/f1tenth_ws/install/lidar_processing:/home/f1/f1tenth_ws/install/key_teleop:/home/f1/f1tenth_ws/install/f1tenth_path_planner:/home/f1/f1tenth_ws/install/center_follow_cpp:/home/f1/f1tenth_ws/install/ackermann_mux:/opt/ros/foxy CMAKE_PREFIX_PATH=/home/f1/f1tenth_ws/install/vesc:/home/f1/f1tenth_ws/install/vesc_driver:/home/f1/f1tenth_ws/install/vesc_ackermann:/home/f1/f1tenth_ws/install/vesc_msgs:/home/f1/f1tenth_ws/install/teleop_tools_msgs:/home/f1/f1tenth_ws/install/ackermann_mux:/home/f1/f1tenth_ws/install/f1tenth_slam_nav:/home/f1/f1tenth_ws/install/teleop_tools:/home/f1/f1tenth_ws/install/real_pure_pursuit:/home/f1/f1tenth_ws/install/pure_pursuit:/home/f1/f1tenth_ws/install/path_planner:/home/f1/f1tenth_ws/install/path_follow:/home/f1/f1tenth_ws/install/lidar_processing:/home/f1/f1tenth_ws/install/center_follow_cpp:/home/f1/f1tenth_ws/install/f1tenth_stack:/home/f1/f1tenth_ws/install/joy_teleop:/home/f1/f1tenth_ws/install/pygame_key_teleop:/home/f1/f1tenth_ws/install/mouse_teleop:/home/f1/f1tenth_ws/install/key_teleop:/home/f1/f1tenth_ws/install/f1tenth_path_planner:/opt/ros/foxy CONDA_PROMPT_MODIFIER=(base) PYTHONPATH=/home/f1/f1tenth_ws/build/f1tenth_stack:/home/f1/f1tenth_ws/install/f1tenth_stack/lib/python3.8/site-packages:/home/f1/f1tenth_ws/build/joy_teleop:/home/f1/f1tenth_ws/install/joy_teleop/lib/python3.8/site-packages:/home/f1/f1tenth_ws/install/vesc_msgs/lib/python3.8/site-packages:/home/f1/f1tenth_ws/install/teleop_tools_msgs/lib/python3.8/site-packages:/home/f1/f1tenth_ws/install/f1tenth_slam_nav/lib/python3.8/site-packages:/home/f1/f1tenth_ws/build/pygame_key_teleop:/home/f1/f1tenth_ws/install/pygame_key_teleop/lib/python3.8/site-packages:/home/f1/f1tenth_ws/build/mouse_teleop:/home/f1/f1tenth_ws/install/mouse_teleop/lib/python3.8/site-packages:/home/f1/f1tenth_ws/build/key_teleop:/home/f1/f1tenth_ws/install/key_teleop/lib/python3.8/site-packages:/home/f1/f1tenth_ws/install/f1tenth_path_planner/lib/python3.8/site-packages:/opt/ros/foxy/lib/python3.8/site-packages /usr/bin/cmake --build /home/f1/f1tenth_ws/build/f1tenth_slam_nav -- -j6 -l6
[24.627s] DEBUG:colcon.colcon_core.event_handler.log_command:Invoked command in '/home/f1/f1tenth_ws/build/f1tenth_slam_nav' returned '0': AMENT_PREFIX_PATH=/home/f1/f1tenth_ws/install/f1tenth_stack:/home/f1/f1tenth_ws/install/joy_teleop:/home/f1/f1tenth_ws/install/f1tenth_slam_nav:/home/f1/f1tenth_ws/install/vesc:/home/f1/f1tenth_ws/install/vesc_driver:/home/f1/f1tenth_ws/install/vesc_ackermann:/home/f1/f1tenth_ws/install/vesc_msgs:/home/f1/f1tenth_ws/install/teleop_tools:/home/f1/f1tenth_ws/install/teleop_tools_msgs:/home/f1/f1tenth_ws/install/real_pure_pursuit:/home/f1/f1tenth_ws/install/pygame_key_teleop:/home/f1/f1tenth_ws/install/pure_pursuit:/home/f1/f1tenth_ws/install/path_planner:/home/f1/f1tenth_ws/install/path_follow:/home/f1/f1tenth_ws/install/mouse_teleop:/home/f1/f1tenth_ws/install/lidar_processing:/home/f1/f1tenth_ws/install/key_teleop:/home/f1/f1tenth_ws/install/f1tenth_path_planner:/home/f1/f1tenth_ws/install/center_follow_cpp:/home/f1/f1tenth_ws/install/ackermann_mux:/opt/ros/foxy CMAKE_PREFIX_PATH=/home/f1/f1tenth_ws/install/vesc:/home/f1/f1tenth_ws/install/vesc_driver:/home/f1/f1tenth_ws/install/vesc_ackermann:/home/f1/f1tenth_ws/install/vesc_msgs:/home/f1/f1tenth_ws/install/teleop_tools_msgs:/home/f1/f1tenth_ws/install/ackermann_mux:/home/f1/f1tenth_ws/install/f1tenth_slam_nav:/home/f1/f1tenth_ws/install/teleop_tools:/home/f1/f1tenth_ws/install/real_pure_pursuit:/home/f1/f1tenth_ws/install/pure_pursuit:/home/f1/f1tenth_ws/install/path_planner:/home/f1/f1tenth_ws/install/path_follow:/home/f1/f1tenth_ws/install/lidar_processing:/home/f1/f1tenth_ws/install/center_follow_cpp:/home/f1/f1tenth_ws/install/f1tenth_stack:/home/f1/f1tenth_ws/install/joy_teleop:/home/f1/f1tenth_ws/install/pygame_key_teleop:/home/f1/f1tenth_ws/install/mouse_teleop:/home/f1/f1tenth_ws/install/key_teleop:/home/f1/f1tenth_ws/install/f1tenth_path_planner:/opt/ros/foxy CONDA_PROMPT_MODIFIER=(base) PYTHONPATH=/home/f1/f1tenth_ws/build/f1tenth_stack:/home/f1/f1tenth_ws/install/f1tenth_stack/lib/python3.8/site-packages:/home/f1/f1tenth_ws/build/joy_teleop:/home/f1/f1tenth_ws/install/joy_teleop/lib/python3.8/site-packages:/home/f1/f1tenth_ws/install/vesc_msgs/lib/python3.8/site-packages:/home/f1/f1tenth_ws/install/teleop_tools_msgs/lib/python3.8/site-packages:/home/f1/f1tenth_ws/install/f1tenth_slam_nav/lib/python3.8/site-packages:/home/f1/f1tenth_ws/build/pygame_key_teleop:/home/f1/f1tenth_ws/install/pygame_key_teleop/lib/python3.8/site-packages:/home/f1/f1tenth_ws/build/mouse_teleop:/home/f1/f1tenth_ws/install/mouse_teleop/lib/python3.8/site-packages:/home/f1/f1tenth_ws/build/key_teleop:/home/f1/f1tenth_ws/install/key_teleop/lib/python3.8/site-packages:/home/f1/f1tenth_ws/install/f1tenth_path_planner/lib/python3.8/site-packages:/opt/ros/foxy/lib/python3.8/site-packages /usr/bin/cmake --build /home/f1/f1tenth_ws/build/f1tenth_slam_nav -- -j6 -l6
[24.645s] DEBUG:colcon.colcon_core.event_handler.log_command:Invoking command in '/home/f1/f1tenth_ws/build/f1tenth_slam_nav': AMENT_PREFIX_PATH=/home/f1/f1tenth_ws/install/f1tenth_stack:/home/f1/f1tenth_ws/install/joy_teleop:/home/f1/f1tenth_ws/install/f1tenth_slam_nav:/home/f1/f1tenth_ws/install/vesc:/home/f1/f1tenth_ws/install/vesc_driver:/home/f1/f1tenth_ws/install/vesc_ackermann:/home/f1/f1tenth_ws/install/vesc_msgs:/home/f1/f1tenth_ws/install/teleop_tools:/home/f1/f1tenth_ws/install/teleop_tools_msgs:/home/f1/f1tenth_ws/install/real_pure_pursuit:/home/f1/f1tenth_ws/install/pygame_key_teleop:/home/f1/f1tenth_ws/install/pure_pursuit:/home/f1/f1tenth_ws/install/path_planner:/home/f1/f1tenth_ws/install/path_follow:/home/f1/f1tenth_ws/install/mouse_teleop:/home/f1/f1tenth_ws/install/lidar_processing:/home/f1/f1tenth_ws/install/key_teleop:/home/f1/f1tenth_ws/install/f1tenth_path_planner:/home/f1/f1tenth_ws/install/center_follow_cpp:/home/f1/f1tenth_ws/install/ackermann_mux:/opt/ros/foxy CMAKE_PREFIX_PATH=/home/f1/f1tenth_ws/install/vesc:/home/f1/f1tenth_ws/install/vesc_driver:/home/f1/f1tenth_ws/install/vesc_ackermann:/home/f1/f1tenth_ws/install/vesc_msgs:/home/f1/f1tenth_ws/install/teleop_tools_msgs:/home/f1/f1tenth_ws/install/ackermann_mux:/home/f1/f1tenth_ws/install/f1tenth_slam_nav:/home/f1/f1tenth_ws/install/teleop_tools:/home/f1/f1tenth_ws/install/real_pure_pursuit:/home/f1/f1tenth_ws/install/pure_pursuit:/home/f1/f1tenth_ws/install/path_planner:/home/f1/f1tenth_ws/install/path_follow:/home/f1/f1tenth_ws/install/lidar_processing:/home/f1/f1tenth_ws/install/center_follow_cpp:/home/f1/f1tenth_ws/install/f1tenth_stack:/home/f1/f1tenth_ws/install/joy_teleop:/home/f1/f1tenth_ws/install/pygame_key_teleop:/home/f1/f1tenth_ws/install/mouse_teleop:/home/f1/f1tenth_ws/install/key_teleop:/home/f1/f1tenth_ws/install/f1tenth_path_planner:/opt/ros/foxy CONDA_PROMPT_MODIFIER=(base) PYTHONPATH=/home/f1/f1tenth_ws/build/f1tenth_stack:/home/f1/f1tenth_ws/install/f1tenth_stack/lib/python3.8/site-packages:/home/f1/f1tenth_ws/build/joy_teleop:/home/f1/f1tenth_ws/install/joy_teleop/lib/python3.8/site-packages:/home/f1/f1tenth_ws/install/vesc_msgs/lib/python3.8/site-packages:/home/f1/f1tenth_ws/install/teleop_tools_msgs/lib/python3.8/site-packages:/home/f1/f1tenth_ws/install/f1tenth_slam_nav/lib/python3.8/site-packages:/home/f1/f1tenth_ws/build/pygame_key_teleop:/home/f1/f1tenth_ws/install/pygame_key_teleop/lib/python3.8/site-packages:/home/f1/f1tenth_ws/build/mouse_teleop:/home/f1/f1tenth_ws/install/mouse_teleop/lib/python3.8/site-packages:/home/f1/f1tenth_ws/build/key_teleop:/home/f1/f1tenth_ws/install/key_teleop/lib/python3.8/site-packages:/home/f1/f1tenth_ws/install/f1tenth_path_planner/lib/python3.8/site-packages:/opt/ros/foxy/lib/python3.8/site-packages /usr/bin/cmake --install /home/f1/f1tenth_ws/build/f1tenth_slam_nav
[24.867s] Level 1:colcon.colcon_core.environment:create_environment_scripts_only(f1tenth_slam_nav)
[24.870s] Level 1:colcon.colcon_core.environment:checking '/home/f1/f1tenth_ws/install/f1tenth_slam_nav' for CMake module files
[24.874s] DEBUG:colcon.colcon_core.event_handler.log_command:Invoked command in '/home/f1/f1tenth_ws/build/f1tenth_slam_nav' returned '0': AMENT_PREFIX_PATH=/home/f1/f1tenth_ws/install/f1tenth_stack:/home/f1/f1tenth_ws/install/joy_teleop:/home/f1/f1tenth_ws/install/f1tenth_slam_nav:/home/f1/f1tenth_ws/install/vesc:/home/f1/f1tenth_ws/install/vesc_driver:/home/f1/f1tenth_ws/install/vesc_ackermann:/home/f1/f1tenth_ws/install/vesc_msgs:/home/f1/f1tenth_ws/install/teleop_tools:/home/f1/f1tenth_ws/install/teleop_tools_msgs:/home/f1/f1tenth_ws/install/real_pure_pursuit:/home/f1/f1tenth_ws/install/pygame_key_teleop:/home/f1/f1tenth_ws/install/pure_pursuit:/home/f1/f1tenth_ws/install/path_planner:/home/f1/f1tenth_ws/install/path_follow:/home/f1/f1tenth_ws/install/mouse_teleop:/home/f1/f1tenth_ws/install/lidar_processing:/home/f1/f1tenth_ws/install/key_teleop:/home/f1/f1tenth_ws/install/f1tenth_path_planner:/home/f1/f1tenth_ws/install/center_follow_cpp:/home/f1/f1tenth_ws/install/ackermann_mux:/opt/ros/foxy CMAKE_PREFIX_PATH=/home/f1/f1tenth_ws/install/vesc:/home/f1/f1tenth_ws/install/vesc_driver:/home/f1/f1tenth_ws/install/vesc_ackermann:/home/f1/f1tenth_ws/install/vesc_msgs:/home/f1/f1tenth_ws/install/teleop_tools_msgs:/home/f1/f1tenth_ws/install/ackermann_mux:/home/f1/f1tenth_ws/install/f1tenth_slam_nav:/home/f1/f1tenth_ws/install/teleop_tools:/home/f1/f1tenth_ws/install/real_pure_pursuit:/home/f1/f1tenth_ws/install/pure_pursuit:/home/f1/f1tenth_ws/install/path_planner:/home/f1/f1tenth_ws/install/path_follow:/home/f1/f1tenth_ws/install/lidar_processing:/home/f1/f1tenth_ws/install/center_follow_cpp:/home/f1/f1tenth_ws/install/f1tenth_stack:/home/f1/f1tenth_ws/install/joy_teleop:/home/f1/f1tenth_ws/install/pygame_key_teleop:/home/f1/f1tenth_ws/install/mouse_teleop:/home/f1/f1tenth_ws/install/key_teleop:/home/f1/f1tenth_ws/install/f1tenth_path_planner:/opt/ros/foxy CONDA_PROMPT_MODIFIER=(base) PYTHONPATH=/home/f1/f1tenth_ws/build/f1tenth_stack:/home/f1/f1tenth_ws/install/f1tenth_stack/lib/python3.8/site-packages:/home/f1/f1tenth_ws/build/joy_teleop:/home/f1/f1tenth_ws/install/joy_teleop/lib/python3.8/site-packages:/home/f1/f1tenth_ws/install/vesc_msgs/lib/python3.8/site-packages:/home/f1/f1tenth_ws/install/teleop_tools_msgs/lib/python3.8/site-packages:/home/f1/f1tenth_ws/install/f1tenth_slam_nav/lib/python3.8/site-packages:/home/f1/f1tenth_ws/build/pygame_key_teleop:/home/f1/f1tenth_ws/install/pygame_key_teleop/lib/python3.8/site-packages:/home/f1/f1tenth_ws/build/mouse_teleop:/home/f1/f1tenth_ws/install/mouse_teleop/lib/python3.8/site-packages:/home/f1/f1tenth_ws/build/key_teleop:/home/f1/f1tenth_ws/install/key_teleop/lib/python3.8/site-packages:/home/f1/f1tenth_ws/install/f1tenth_path_planner/lib/python3.8/site-packages:/opt/ros/foxy/lib/python3.8/site-packages /usr/bin/cmake --install /home/f1/f1tenth_ws/build/f1tenth_slam_nav
[24.877s] Level 1:colcon.colcon_core.environment:checking '/home/f1/f1tenth_ws/install/f1tenth_slam_nav' for CMake config files
[24.879s] Level 1:colcon.colcon_core.shell:create_environment_hook('f1tenth_slam_nav', 'cmake_prefix_path')
[24.881s] INFO:colcon.colcon_core.shell:Creating environment hook '/home/f1/f1tenth_ws/install/f1tenth_slam_nav/share/f1tenth_slam_nav/hook/cmake_prefix_path.ps1'
[24.885s] INFO:colcon.colcon_core.shell:Creating environment descriptor '/home/f1/f1tenth_ws/install/f1tenth_slam_nav/share/f1tenth_slam_nav/hook/cmake_prefix_path.dsv'
[24.889s] INFO:colcon.colcon_core.shell:Creating environment hook '/home/f1/f1tenth_ws/install/f1tenth_slam_nav/share/f1tenth_slam_nav/hook/cmake_prefix_path.sh'
[24.893s] Level 1:colcon.colcon_core.environment:checking '/home/f1/f1tenth_ws/install/f1tenth_slam_nav/lib'
[24.893s] Level 1:colcon.colcon_core.environment:checking '/home/f1/f1tenth_ws/install/f1tenth_slam_nav/bin'
[24.894s] Level 1:colcon.colcon_core.environment:checking '/home/f1/f1tenth_ws/install/f1tenth_slam_nav/lib/pkgconfig/f1tenth_slam_nav.pc'
[24.895s] Level 1:colcon.colcon_core.environment:checking '/home/f1/f1tenth_ws/install/f1tenth_slam_nav/lib/python3.8/site-packages'
[24.895s] Level 1:colcon.colcon_core.shell:create_environment_hook('f1tenth_slam_nav', 'pythonpath')
[24.897s] INFO:colcon.colcon_core.shell:Creating environment hook '/home/f1/f1tenth_ws/install/f1tenth_slam_nav/share/f1tenth_slam_nav/hook/pythonpath.ps1'
[24.900s] INFO:colcon.colcon_core.shell:Creating environment descriptor '/home/f1/f1tenth_ws/install/f1tenth_slam_nav/share/f1tenth_slam_nav/hook/pythonpath.dsv'
[24.902s] INFO:colcon.colcon_core.shell:Creating environment hook '/home/f1/f1tenth_ws/install/f1tenth_slam_nav/share/f1tenth_slam_nav/hook/pythonpath.sh'
[24.907s] Level 1:colcon.colcon_core.environment:checking '/home/f1/f1tenth_ws/install/f1tenth_slam_nav/bin'
[24.909s] INFO:colcon.colcon_core.shell:Creating package script '/home/f1/f1tenth_ws/install/f1tenth_slam_nav/share/f1tenth_slam_nav/package.ps1'
[24.913s] INFO:colcon.colcon_core.shell:Creating package descriptor '/home/f1/f1tenth_ws/install/f1tenth_slam_nav/share/f1tenth_slam_nav/package.dsv'
[24.916s] INFO:colcon.colcon_core.shell:Creating package script '/home/f1/f1tenth_ws/install/f1tenth_slam_nav/share/f1tenth_slam_nav/package.sh'
[24.919s] INFO:colcon.colcon_core.shell:Creating package script '/home/f1/f1tenth_ws/install/f1tenth_slam_nav/share/f1tenth_slam_nav/package.bash'
[24.922s] INFO:colcon.colcon_core.shell:Creating package script '/home/f1/f1tenth_ws/install/f1tenth_slam_nav/share/f1tenth_slam_nav/package.zsh'
[24.925s] Level 1:colcon.colcon_core.environment:create_file_with_runtime_dependencies(/home/f1/f1tenth_ws/install/f1tenth_slam_nav/share/colcon-core/packages/f1tenth_slam_nav)
[24.929s] Level 1:colcon.colcon_core.environment:create_environment_scripts_only(f1tenth_slam_nav)
[24.931s] Level 1:colcon.colcon_core.environment:checking '/home/f1/f1tenth_ws/install/f1tenth_slam_nav' for CMake module files
[24.935s] Level 1:colcon.colcon_core.environment:checking '/home/f1/f1tenth_ws/install/f1tenth_slam_nav' for CMake config files
[24.938s] Level 1:colcon.colcon_core.shell:create_environment_hook('f1tenth_slam_nav', 'cmake_prefix_path')
[24.939s] INFO:colcon.colcon_core.shell:Creating environment hook '/home/f1/f1tenth_ws/install/f1tenth_slam_nav/share/f1tenth_slam_nav/hook/cmake_prefix_path.ps1'
[24.942s] INFO:colcon.colcon_core.shell:Creating environment descriptor '/home/f1/f1tenth_ws/install/f1tenth_slam_nav/share/f1tenth_slam_nav/hook/cmake_prefix_path.dsv'
[24.945s] INFO:colcon.colcon_core.shell:Creating environment hook '/home/f1/f1tenth_ws/install/f1tenth_slam_nav/share/f1tenth_slam_nav/hook/cmake_prefix_path.sh'
[24.948s] Level 1:colcon.colcon_core.environment:checking '/home/f1/f1tenth_ws/install/f1tenth_slam_nav/lib'
[24.949s] Level 1:colcon.colcon_core.environment:checking '/home/f1/f1tenth_ws/install/f1tenth_slam_nav/bin'
[24.949s] Level 1:colcon.colcon_core.environment:checking '/home/f1/f1tenth_ws/install/f1tenth_slam_nav/lib/pkgconfig/f1tenth_slam_nav.pc'
[24.950s] Level 1:colcon.colcon_core.environment:checking '/home/f1/f1tenth_ws/install/f1tenth_slam_nav/lib/python3.8/site-packages'
[24.950s] Level 1:colcon.colcon_core.shell:create_environment_hook('f1tenth_slam_nav', 'pythonpath')
[24.952s] INFO:colcon.colcon_core.shell:Creating environment hook '/home/f1/f1tenth_ws/install/f1tenth_slam_nav/share/f1tenth_slam_nav/hook/pythonpath.ps1'
[24.956s] INFO:colcon.colcon_core.shell:Creating environment descriptor '/home/f1/f1tenth_ws/install/f1tenth_slam_nav/share/f1tenth_slam_nav/hook/pythonpath.dsv'
[24.959s] INFO:colcon.colcon_core.shell:Creating environment hook '/home/f1/f1tenth_ws/install/f1tenth_slam_nav/share/f1tenth_slam_nav/hook/pythonpath.sh'
[24.962s] Level 1:colcon.colcon_core.environment:checking '/home/f1/f1tenth_ws/install/f1tenth_slam_nav/bin'
[24.964s] INFO:colcon.colcon_core.shell:Creating package script '/home/f1/f1tenth_ws/install/f1tenth_slam_nav/share/f1tenth_slam_nav/package.ps1'
[24.967s] INFO:colcon.colcon_core.shell:Creating package descriptor '/home/f1/f1tenth_ws/install/f1tenth_slam_nav/share/f1tenth_slam_nav/package.dsv'
[24.971s] INFO:colcon.colcon_core.shell:Creating package script '/home/f1/f1tenth_ws/install/f1tenth_slam_nav/share/f1tenth_slam_nav/package.sh'
[24.974s] INFO:colcon.colcon_core.shell:Creating package script '/home/f1/f1tenth_ws/install/f1tenth_slam_nav/share/f1tenth_slam_nav/package.bash'
[24.977s] INFO:colcon.colcon_core.shell:Creating package script '/home/f1/f1tenth_ws/install/f1tenth_slam_nav/share/f1tenth_slam_nav/package.zsh'
[24.980s] Level 1:colcon.colcon_core.environment:create_file_with_runtime_dependencies(/home/f1/f1tenth_ws/install/f1tenth_slam_nav/share/colcon-core/packages/f1tenth_slam_nav)
[94.647s] DEBUG:colcon.colcon_core.event_handler.log_command:Invoked command in '/home/f1/f1tenth_ws/build/pure_pursuit' returned '0': CMAKE_PREFIX_PATH=${CMAKE_PREFIX_PATH}:/home/f1/f1tenth_ws/install/f1tenth_stack:/home/f1/f1tenth_ws/install/joy_teleop:/home/f1/f1tenth_ws/install/pygame_key_teleop:/home/f1/f1tenth_ws/install/mouse_teleop:/home/f1/f1tenth_ws/install/key_teleop:/home/f1/f1tenth_ws/install/f1tenth_path_planner:/opt/ros/foxy CONDA_PROMPT_MODIFIER=(base) /usr/bin/cmake --build /home/f1/f1tenth_ws/build/pure_pursuit -- -j6 -l6
[94.667s] DEBUG:colcon.colcon_core.event_handler.log_command:Invoking command in '/home/f1/f1tenth_ws/build/pure_pursuit': CMAKE_PREFIX_PATH=${CMAKE_PREFIX_PATH}:/home/f1/f1tenth_ws/install/f1tenth_stack:/home/f1/f1tenth_ws/install/joy_teleop:/home/f1/f1tenth_ws/install/pygame_key_teleop:/home/f1/f1tenth_ws/install/mouse_teleop:/home/f1/f1tenth_ws/install/key_teleop:/home/f1/f1tenth_ws/install/f1tenth_path_planner:/opt/ros/foxy CONDA_PROMPT_MODIFIER=(base) /usr/bin/cmake --install /home/f1/f1tenth_ws/build/pure_pursuit
[95.596s] Level 1:colcon.colcon_core.environment:create_environment_scripts_only(pure_pursuit)
[95.600s] Level 1:colcon.colcon_core.environment:checking '/home/f1/f1tenth_ws/install/pure_pursuit' for CMake module files
[95.603s] DEBUG:colcon.colcon_core.event_handler.log_command:Invoked command in '/home/f1/f1tenth_ws/build/pure_pursuit' returned '0': CMAKE_PREFIX_PATH=${CMAKE_PREFIX_PATH}:/home/f1/f1tenth_ws/install/f1tenth_stack:/home/f1/f1tenth_ws/install/joy_teleop:/home/f1/f1tenth_ws/install/pygame_key_teleop:/home/f1/f1tenth_ws/install/mouse_teleop:/home/f1/f1tenth_ws/install/key_teleop:/home/f1/f1tenth_ws/install/f1tenth_path_planner:/opt/ros/foxy CONDA_PROMPT_MODIFIER=(base) /usr/bin/cmake --install /home/f1/f1tenth_ws/build/pure_pursuit
[95.607s] Level 1:colcon.colcon_core.environment:checking '/home/f1/f1tenth_ws/install/pure_pursuit' for CMake config files
[95.610s] Level 1:colcon.colcon_core.shell:create_environment_hook('pure_pursuit', 'cmake_prefix_path')
[95.612s] INFO:colcon.colcon_core.shell:Creating environment hook '/home/f1/f1tenth_ws/install/pure_pursuit/share/pure_pursuit/hook/cmake_prefix_path.ps1'
[95.616s] INFO:colcon.colcon_core.shell:Creating environment descriptor '/home/f1/f1tenth_ws/install/pure_pursuit/share/pure_pursuit/hook/cmake_prefix_path.dsv'
[95.619s] INFO:colcon.colcon_core.shell:Creating environment hook '/home/f1/f1tenth_ws/install/pure_pursuit/share/pure_pursuit/hook/cmake_prefix_path.sh'
[95.623s] Level 1:colcon.colcon_core.environment:checking '/home/f1/f1tenth_ws/install/pure_pursuit/lib'
[95.624s] Level 1:colcon.colcon_core.environment:checking '/home/f1/f1tenth_ws/install/pure_pursuit/bin'
[95.625s] Level 1:colcon.colcon_core.environment:checking '/home/f1/f1tenth_ws/install/pure_pursuit/lib/pkgconfig/pure_pursuit.pc'
[95.626s] Level 1:colcon.colcon_core.environment:checking '/home/f1/f1tenth_ws/install/pure_pursuit/lib/python3.8/site-packages'
[95.627s] Level 1:colcon.colcon_core.environment:checking '/home/f1/f1tenth_ws/install/pure_pursuit/bin'
[95.629s] INFO:colcon.colcon_core.shell:Creating package script '/home/f1/f1tenth_ws/install/pure_pursuit/share/pure_pursuit/package.ps1'
[95.632s] INFO:colcon.colcon_core.shell:Creating package descriptor '/home/f1/f1tenth_ws/install/pure_pursuit/share/pure_pursuit/package.dsv'
[95.634s] INFO:colcon.colcon_core.shell:Creating package script '/home/f1/f1tenth_ws/install/pure_pursuit/share/pure_pursuit/package.sh'
[95.637s] INFO:colcon.colcon_core.shell:Creating package script '/home/f1/f1tenth_ws/install/pure_pursuit/share/pure_pursuit/package.bash'
[95.639s] INFO:colcon.colcon_core.shell:Creating package script '/home/f1/f1tenth_ws/install/pure_pursuit/share/pure_pursuit/package.zsh'
[95.641s] Level 1:colcon.colcon_core.environment:create_file_with_runtime_dependencies(/home/f1/f1tenth_ws/install/pure_pursuit/share/colcon-core/packages/pure_pursuit)
[95.644s] Level 1:colcon.colcon_core.environment:create_environment_scripts_only(pure_pursuit)
[95.645s] Level 1:colcon.colcon_core.environment:checking '/home/f1/f1tenth_ws/install/pure_pursuit' for CMake module files
[95.648s] Level 1:colcon.colcon_core.environment:checking '/home/f1/f1tenth_ws/install/pure_pursuit' for CMake config files
[95.650s] Level 1:colcon.colcon_core.shell:create_environment_hook('pure_pursuit', 'cmake_prefix_path')
[95.651s] INFO:colcon.colcon_core.shell:Creating environment hook '/home/f1/f1tenth_ws/install/pure_pursuit/share/pure_pursuit/hook/cmake_prefix_path.ps1'
[95.653s] INFO:colcon.colcon_core.shell:Creating environment descriptor '/home/f1/f1tenth_ws/install/pure_pursuit/share/pure_pursuit/hook/cmake_prefix_path.dsv'
[95.655s] INFO:colcon.colcon_core.shell:Creating environment hook '/home/f1/f1tenth_ws/install/pure_pursuit/share/pure_pursuit/hook/cmake_prefix_path.sh'
[95.658s] Level 1:colcon.colcon_core.environment:checking '/home/f1/f1tenth_ws/install/pure_pursuit/lib'
[95.659s] Level 1:colcon.colcon_core.environment:checking '/home/f1/f1tenth_ws/install/pure_pursuit/bin'
[95.659s] Level 1:colcon.colcon_core.environment:checking '/home/f1/f1tenth_ws/install/pure_pursuit/lib/pkgconfig/pure_pursuit.pc'
[95.660s] Level 1:colcon.colcon_core.environment:checking '/home/f1/f1tenth_ws/install/pure_pursuit/lib/python3.8/site-packages'
[95.661s] Level 1:colcon.colcon_core.environment:checking '/home/f1/f1tenth_ws/install/pure_pursuit/bin'
[95.662s] INFO:colcon.colcon_core.shell:Creating package script '/home/f1/f1tenth_ws/install/pure_pursuit/share/pure_pursuit/package.ps1'
[95.665s] INFO:colcon.colcon_core.shell:Creating package descriptor '/home/f1/f1tenth_ws/install/pure_pursuit/share/pure_pursuit/package.dsv'
[95.667s] INFO:colcon.colcon_core.shell:Creating package script '/home/f1/f1tenth_ws/install/pure_pursuit/share/pure_pursuit/package.sh'
[95.670s] INFO:colcon.colcon_core.shell:Creating package script '/home/f1/f1tenth_ws/install/pure_pursuit/share/pure_pursuit/package.bash'
[95.672s] INFO:colcon.colcon_core.shell:Creating package script '/home/f1/f1tenth_ws/install/pure_pursuit/share/pure_pursuit/package.zsh'
[95.674s] Level 1:colcon.colcon_core.environment:create_file_with_runtime_dependencies(/home/f1/f1tenth_ws/install/pure_pursuit/share/colcon-core/packages/pure_pursuit)
[95.676s] DEBUG:colcon.colcon_parallel_executor.executor.parallel:closing loop
[95.678s] DEBUG:colcon.colcon_parallel_executor.executor.parallel:loop closed
[95.679s] DEBUG:colcon.colcon_parallel_executor.executor.parallel:run_until_complete finished with '0'
[95.680s] DEBUG:colcon.colcon_core.event_reactor:joining thread
[95.717s] INFO:colcon.colcon_core.plugin_system:Skipping extension 'colcon_notification.desktop_notification.terminal_notifier': Not used on non-Darwin systems
[95.717s] INFO:colcon.colcon_core.plugin_system:Skipping extension 'colcon_notification.desktop_notification.win32': Not used on non-Windows systems
[95.718s] INFO:colcon.colcon_notification.desktop_notification:Sending desktop notification using 'notify2'
[95.820s] DEBUG:colcon.colcon_core.event_reactor:joined thread
[95.821s] INFO:colcon.colcon_core.shell:Creating prefix script '/home/f1/f1tenth_ws/install/local_setup.ps1'
[95.827s] INFO:colcon.colcon_core.shell:Creating prefix util module '/home/f1/f1tenth_ws/install/_local_setup_util_ps1.py'
[95.834s] INFO:colcon.colcon_core.shell:Creating prefix chain script '/home/f1/f1tenth_ws/install/setup.ps1'
[95.846s] INFO:colcon.colcon_core.shell:Creating prefix script '/home/f1/f1tenth_ws/install/local_setup.sh'
[95.849s] INFO:colcon.colcon_core.shell:Creating prefix util module '/home/f1/f1tenth_ws/install/_local_setup_util_sh.py'
[95.853s] INFO:colcon.colcon_core.shell:Creating prefix chain script '/home/f1/f1tenth_ws/install/setup.sh'
[95.868s] INFO:colcon.colcon_core.shell:Creating prefix script '/home/f1/f1tenth_ws/install/local_setup.bash'
[95.871s] INFO:colcon.colcon_core.shell:Creating prefix chain script '/home/f1/f1tenth_ws/install/setup.bash'
[95.883s] INFO:colcon.colcon_core.shell:Creating prefix script '/home/f1/f1tenth_ws/install/local_setup.zsh'
[95.886s] INFO:colcon.colcon_core.shell:Creating prefix chain script '/home/f1/f1tenth_ws/install/setup.zsh'
