[1.251s] DEBUG:colcon:Command line arguments: ['/usr/bin/colcon', 'build', '--symlink-install', '--cmake-args', '-DCMAKE_BUILD_TYPE=Release']
[1.252s] DEBUG:colcon:Parsed command line arguments: Namespace(allow_overriding=[], ament_cmake_args=None, base_paths=['.'], build_base='build', catkin_cmake_args=None, catkin_skip_building_tests=False, cmake_args=['-DCMAKE_BUILD_TYPE=Release'], cmake_clean_cache=False, cmake_clean_first=False, cmake_force_configure=False, cmake_target=None, cmake_target_skip_unavailable=False, continue_on_error=False, event_handlers=None, executor='parallel', ignore_user_meta=False, install_base='install', log_base=None, log_level=None, main=<bound method BuildVerb.main of <colcon_core.verb.build.BuildVerb object at 0xffffb70839d0>>, merge_install=False, metas=['./colcon.meta'], mixin=None, mixin_files=None, mixin_verb=('build',), packages_above=None, packages_above_and_dependencies=None, packages_above_depth=None, packages_end=None, packages_ignore=None, packages_ignore_regex=None, packages_select=None, packages_select_build_failed=False, packages_select_by_dep=None, packages_select_regex=None, packages_select_test_failures=False, packages_skip=None, packages_skip_build_finished=False, packages_skip_by_dep=None, packages_skip_regex=None, packages_skip_test_passed=False, packages_skip_up_to=None, packages_start=None, packages_up_to=None, packages_up_to_regex=None, parallel_workers=6, paths=None, symlink_install=True, test_result_base=None, verb_extension=<colcon_core.verb.build.BuildVerb object at 0xffffb70839d0>, verb_name='build', verb_parser=<colcon_mixin.mixin.mixin_argument.MixinArgumentDecorator object at 0xffffb6f39fa0>)
[2.278s] Level 1:colcon.colcon_core.package_discovery:discover_packages(colcon_meta) check parameters
[2.279s] Level 1:colcon.colcon_core.package_discovery:discover_packages(recursive) check parameters
[2.279s] Level 1:colcon.colcon_core.package_discovery:discover_packages(ignore) check parameters
[2.279s] Level 1:colcon.colcon_core.package_discovery:discover_packages(path) check parameters
[2.279s] Level 1:colcon.colcon_core.package_discovery:discover_packages(colcon_meta) discover
[2.280s] Level 1:colcon.colcon_core.package_discovery:discover_packages(recursive) discover
[2.280s] INFO:colcon.colcon_core.package_discovery:Crawling recursively for packages in '/home/f1/f1tenth_ws'
[2.281s] Level 1:colcon.colcon_core.package_identification:_identify(.) by extensions ['ignore', 'ignore_ament_install']
[2.282s] Level 1:colcon.colcon_core.package_identification:_identify(.) by extension 'ignore'
[2.282s] Level 1:colcon.colcon_core.package_identification:_identify(.) by extension 'ignore_ament_install'
[2.283s] Level 1:colcon.colcon_core.package_identification:_identify(.) by extensions ['colcon_pkg']
[2.283s] Level 1:colcon.colcon_core.package_identification:_identify(.) by extension 'colcon_pkg'
[2.283s] Level 1:colcon.colcon_core.package_identification:_identify(.) by extensions ['colcon_meta']
[2.283s] Level 1:colcon.colcon_core.package_identification:_identify(.) by extension 'colcon_meta'
[2.284s] Level 1:colcon.colcon_core.package_identification:_identify(.) by extensions ['ros']
[2.284s] Level 1:colcon.colcon_core.package_identification:_identify(.) by extension 'ros'
[2.347s] Level 1:colcon.colcon_core.package_identification:_identify(.) by extensions ['cmake', 'python']
[2.347s] Level 1:colcon.colcon_core.package_identification:_identify(.) by extension 'cmake'
[2.348s] Level 1:colcon.colcon_core.package_identification:_identify(.) by extension 'python'
[2.348s] Level 1:colcon.colcon_core.package_identification:_identify(.) by extensions ['python_setup_py']
[2.348s] Level 1:colcon.colcon_core.package_identification:_identify(.) by extension 'python_setup_py'
[2.349s] Level 1:colcon.colcon_core.package_identification:_identify(bags) by extensions ['ignore', 'ignore_ament_install']
[2.350s] Level 1:colcon.colcon_core.package_identification:_identify(bags) by extension 'ignore'
[2.350s] Level 1:colcon.colcon_core.package_identification:_identify(bags) by extension 'ignore_ament_install'
[2.350s] Level 1:colcon.colcon_core.package_identification:_identify(bags) by extensions ['colcon_pkg']
[2.351s] Level 1:colcon.colcon_core.package_identification:_identify(bags) by extension 'colcon_pkg'
[2.351s] Level 1:colcon.colcon_core.package_identification:_identify(bags) by extensions ['colcon_meta']
[2.351s] Level 1:colcon.colcon_core.package_identification:_identify(bags) by extension 'colcon_meta'
[2.351s] Level 1:colcon.colcon_core.package_identification:_identify(bags) by extensions ['ros']
[2.352s] Level 1:colcon.colcon_core.package_identification:_identify(bags) by extension 'ros'
[2.352s] Level 1:colcon.colcon_core.package_identification:_identify(bags) by extensions ['cmake', 'python']
[2.352s] Level 1:colcon.colcon_core.package_identification:_identify(bags) by extension 'cmake'
[2.353s] Level 1:colcon.colcon_core.package_identification:_identify(bags) by extension 'python'
[2.353s] Level 1:colcon.colcon_core.package_identification:_identify(bags) by extensions ['python_setup_py']
[2.353s] Level 1:colcon.colcon_core.package_identification:_identify(bags) by extension 'python_setup_py'
[2.354s] Level 1:colcon.colcon_core.package_identification:_identify(bags/maps) by extensions ['ignore', 'ignore_ament_install']
[2.354s] Level 1:colcon.colcon_core.package_identification:_identify(bags/maps) by extension 'ignore'
[2.355s] Level 1:colcon.colcon_core.package_identification:_identify(bags/maps) by extension 'ignore_ament_install'
[2.355s] Level 1:colcon.colcon_core.package_identification:_identify(bags/maps) by extensions ['colcon_pkg']
[2.355s] Level 1:colcon.colcon_core.package_identification:_identify(bags/maps) by extension 'colcon_pkg'
[2.355s] Level 1:colcon.colcon_core.package_identification:_identify(bags/maps) by extensions ['colcon_meta']
[2.356s] Level 1:colcon.colcon_core.package_identification:_identify(bags/maps) by extension 'colcon_meta'
[2.356s] Level 1:colcon.colcon_core.package_identification:_identify(bags/maps) by extensions ['ros']
[2.356s] Level 1:colcon.colcon_core.package_identification:_identify(bags/maps) by extension 'ros'
[2.357s] Level 1:colcon.colcon_core.package_identification:_identify(bags/maps) by extensions ['cmake', 'python']
[2.357s] Level 1:colcon.colcon_core.package_identification:_identify(bags/maps) by extension 'cmake'
[2.358s] Level 1:colcon.colcon_core.package_identification:_identify(bags/maps) by extension 'python'
[2.358s] Level 1:colcon.colcon_core.package_identification:_identify(bags/maps) by extensions ['python_setup_py']
[2.358s] Level 1:colcon.colcon_core.package_identification:_identify(bags/maps) by extension 'python_setup_py'
[2.359s] Level 1:colcon.colcon_core.package_identification:_identify(bags/maps/1017_with_obs_1) by extensions ['ignore', 'ignore_ament_install']
[2.359s] Level 1:colcon.colcon_core.package_identification:_identify(bags/maps/1017_with_obs_1) by extension 'ignore'
[2.360s] Level 1:colcon.colcon_core.package_identification:_identify(bags/maps/1017_with_obs_1) by extension 'ignore_ament_install'
[2.360s] Level 1:colcon.colcon_core.package_identification:_identify(bags/maps/1017_with_obs_1) by extensions ['colcon_pkg']
[2.360s] Level 1:colcon.colcon_core.package_identification:_identify(bags/maps/1017_with_obs_1) by extension 'colcon_pkg'
[2.360s] Level 1:colcon.colcon_core.package_identification:_identify(bags/maps/1017_with_obs_1) by extensions ['colcon_meta']
[2.361s] Level 1:colcon.colcon_core.package_identification:_identify(bags/maps/1017_with_obs_1) by extension 'colcon_meta'
[2.361s] Level 1:colcon.colcon_core.package_identification:_identify(bags/maps/1017_with_obs_1) by extensions ['ros']
[2.361s] Level 1:colcon.colcon_core.package_identification:_identify(bags/maps/1017_with_obs_1) by extension 'ros'
[2.362s] Level 1:colcon.colcon_core.package_identification:_identify(bags/maps/1017_with_obs_1) by extensions ['cmake', 'python']
[2.362s] Level 1:colcon.colcon_core.package_identification:_identify(bags/maps/1017_with_obs_1) by extension 'cmake'
[2.362s] Level 1:colcon.colcon_core.package_identification:_identify(bags/maps/1017_with_obs_1) by extension 'python'
[2.363s] Level 1:colcon.colcon_core.package_identification:_identify(bags/maps/1017_with_obs_1) by extensions ['python_setup_py']
[2.363s] Level 1:colcon.colcon_core.package_identification:_identify(bags/maps/1017_with_obs_1) by extension 'python_setup_py'
[2.363s] Level 1:colcon.colcon_core.package_identification:_identify(bags/maps/1017_with_obs_2) by extensions ['ignore', 'ignore_ament_install']
[2.364s] Level 1:colcon.colcon_core.package_identification:_identify(bags/maps/1017_with_obs_2) by extension 'ignore'
[2.364s] Level 1:colcon.colcon_core.package_identification:_identify(bags/maps/1017_with_obs_2) by extension 'ignore_ament_install'
[2.364s] Level 1:colcon.colcon_core.package_identification:_identify(bags/maps/1017_with_obs_2) by extensions ['colcon_pkg']
[2.365s] Level 1:colcon.colcon_core.package_identification:_identify(bags/maps/1017_with_obs_2) by extension 'colcon_pkg'
[2.365s] Level 1:colcon.colcon_core.package_identification:_identify(bags/maps/1017_with_obs_2) by extensions ['colcon_meta']
[2.365s] Level 1:colcon.colcon_core.package_identification:_identify(bags/maps/1017_with_obs_2) by extension 'colcon_meta'
[2.366s] Level 1:colcon.colcon_core.package_identification:_identify(bags/maps/1017_with_obs_2) by extensions ['ros']
[2.366s] Level 1:colcon.colcon_core.package_identification:_identify(bags/maps/1017_with_obs_2) by extension 'ros'
[2.366s] Level 1:colcon.colcon_core.package_identification:_identify(bags/maps/1017_with_obs_2) by extensions ['cmake', 'python']
[2.366s] Level 1:colcon.colcon_core.package_identification:_identify(bags/maps/1017_with_obs_2) by extension 'cmake'
[2.367s] Level 1:colcon.colcon_core.package_identification:_identify(bags/maps/1017_with_obs_2) by extension 'python'
[2.367s] Level 1:colcon.colcon_core.package_identification:_identify(bags/maps/1017_with_obs_2) by extensions ['python_setup_py']
[2.367s] Level 1:colcon.colcon_core.package_identification:_identify(bags/maps/1017_with_obs_2) by extension 'python_setup_py'
[2.368s] Level 1:colcon.colcon_core.package_identification:_identify(bags/maps/1017_without_obs) by extensions ['ignore', 'ignore_ament_install']
[2.368s] Level 1:colcon.colcon_core.package_identification:_identify(bags/maps/1017_without_obs) by extension 'ignore'
[2.368s] Level 1:colcon.colcon_core.package_identification:_identify(bags/maps/1017_without_obs) by extension 'ignore_ament_install'
[2.369s] Level 1:colcon.colcon_core.package_identification:_identify(bags/maps/1017_without_obs) by extensions ['colcon_pkg']
[2.369s] Level 1:colcon.colcon_core.package_identification:_identify(bags/maps/1017_without_obs) by extension 'colcon_pkg'
[2.369s] Level 1:colcon.colcon_core.package_identification:_identify(bags/maps/1017_without_obs) by extensions ['colcon_meta']
[2.370s] Level 1:colcon.colcon_core.package_identification:_identify(bags/maps/1017_without_obs) by extension 'colcon_meta'
[2.370s] Level 1:colcon.colcon_core.package_identification:_identify(bags/maps/1017_without_obs) by extensions ['ros']
[2.370s] Level 1:colcon.colcon_core.package_identification:_identify(bags/maps/1017_without_obs) by extension 'ros'
[2.371s] Level 1:colcon.colcon_core.package_identification:_identify(bags/maps/1017_without_obs) by extensions ['cmake', 'python']
[2.371s] Level 1:colcon.colcon_core.package_identification:_identify(bags/maps/1017_without_obs) by extension 'cmake'
[2.371s] Level 1:colcon.colcon_core.package_identification:_identify(bags/maps/1017_without_obs) by extension 'python'
[2.371s] Level 1:colcon.colcon_core.package_identification:_identify(bags/maps/1017_without_obs) by extensions ['python_setup_py']
[2.371s] Level 1:colcon.colcon_core.package_identification:_identify(bags/maps/1017_without_obs) by extension 'python_setup_py'
[2.372s] Level 1:colcon.colcon_core.package_identification:_identify(build) by extensions ['ignore', 'ignore_ament_install']
[2.373s] Level 1:colcon.colcon_core.package_identification:_identify(build) by extension 'ignore'
[2.373s] Level 1:colcon.colcon_core.package_identification:_identify(build) ignored
[2.374s] Level 1:colcon.colcon_core.package_identification:_identify(config) by extensions ['ignore', 'ignore_ament_install']
[2.374s] Level 1:colcon.colcon_core.package_identification:_identify(config) by extension 'ignore'
[2.374s] Level 1:colcon.colcon_core.package_identification:_identify(config) by extension 'ignore_ament_install'
[2.375s] Level 1:colcon.colcon_core.package_identification:_identify(config) by extensions ['colcon_pkg']
[2.375s] Level 1:colcon.colcon_core.package_identification:_identify(config) by extension 'colcon_pkg'
[2.375s] Level 1:colcon.colcon_core.package_identification:_identify(config) by extensions ['colcon_meta']
[2.375s] Level 1:colcon.colcon_core.package_identification:_identify(config) by extension 'colcon_meta'
[2.376s] Level 1:colcon.colcon_core.package_identification:_identify(config) by extensions ['ros']
[2.376s] Level 1:colcon.colcon_core.package_identification:_identify(config) by extension 'ros'
[2.376s] Level 1:colcon.colcon_core.package_identification:_identify(config) by extensions ['cmake', 'python']
[2.377s] Level 1:colcon.colcon_core.package_identification:_identify(config) by extension 'cmake'
[2.377s] Level 1:colcon.colcon_core.package_identification:_identify(config) by extension 'python'
[2.377s] Level 1:colcon.colcon_core.package_identification:_identify(config) by extensions ['python_setup_py']
[2.377s] Level 1:colcon.colcon_core.package_identification:_identify(config) by extension 'python_setup_py'
[2.378s] Level 1:colcon.colcon_core.package_identification:_identify(install) by extensions ['ignore', 'ignore_ament_install']
[2.378s] Level 1:colcon.colcon_core.package_identification:_identify(install) by extension 'ignore'
[2.379s] Level 1:colcon.colcon_core.package_identification:_identify(install) ignored
[2.379s] Level 1:colcon.colcon_core.package_identification:_identify(launch) by extensions ['ignore', 'ignore_ament_install']
[2.380s] Level 1:colcon.colcon_core.package_identification:_identify(launch) by extension 'ignore'
[2.380s] Level 1:colcon.colcon_core.package_identification:_identify(launch) by extension 'ignore_ament_install'
[2.380s] Level 1:colcon.colcon_core.package_identification:_identify(launch) by extensions ['colcon_pkg']
[2.381s] Level 1:colcon.colcon_core.package_identification:_identify(launch) by extension 'colcon_pkg'
[2.381s] Level 1:colcon.colcon_core.package_identification:_identify(launch) by extensions ['colcon_meta']
[2.381s] Level 1:colcon.colcon_core.package_identification:_identify(launch) by extension 'colcon_meta'
[2.381s] Level 1:colcon.colcon_core.package_identification:_identify(launch) by extensions ['ros']
[2.382s] Level 1:colcon.colcon_core.package_identification:_identify(launch) by extension 'ros'
[2.383s] Level 1:colcon.colcon_core.package_identification:_identify(launch) by extensions ['cmake', 'python']
[2.383s] Level 1:colcon.colcon_core.package_identification:_identify(launch) by extension 'cmake'
[2.383s] Level 1:colcon.colcon_core.package_identification:_identify(launch) by extension 'python'
[2.383s] Level 1:colcon.colcon_core.package_identification:_identify(launch) by extensions ['python_setup_py']
[2.384s] Level 1:colcon.colcon_core.package_identification:_identify(launch) by extension 'python_setup_py'
[2.384s] Level 1:colcon.colcon_core.package_identification:_identify(launch/__pycache__) by extensions ['ignore', 'ignore_ament_install']
[2.385s] Level 1:colcon.colcon_core.package_identification:_identify(launch/__pycache__) by extension 'ignore'
[2.385s] Level 1:colcon.colcon_core.package_identification:_identify(launch/__pycache__) by extension 'ignore_ament_install'
[2.386s] Level 1:colcon.colcon_core.package_identification:_identify(launch/__pycache__) by extensions ['colcon_pkg']
[2.386s] Level 1:colcon.colcon_core.package_identification:_identify(launch/__pycache__) by extension 'colcon_pkg'
[2.386s] Level 1:colcon.colcon_core.package_identification:_identify(launch/__pycache__) by extensions ['colcon_meta']
[2.386s] Level 1:colcon.colcon_core.package_identification:_identify(launch/__pycache__) by extension 'colcon_meta'
[2.387s] Level 1:colcon.colcon_core.package_identification:_identify(launch/__pycache__) by extensions ['ros']
[2.387s] Level 1:colcon.colcon_core.package_identification:_identify(launch/__pycache__) by extension 'ros'
[2.388s] Level 1:colcon.colcon_core.package_identification:_identify(launch/__pycache__) by extensions ['cmake', 'python']
[2.388s] Level 1:colcon.colcon_core.package_identification:_identify(launch/__pycache__) by extension 'cmake'
[2.388s] Level 1:colcon.colcon_core.package_identification:_identify(launch/__pycache__) by extension 'python'
[2.388s] Level 1:colcon.colcon_core.package_identification:_identify(launch/__pycache__) by extensions ['python_setup_py']
[2.389s] Level 1:colcon.colcon_core.package_identification:_identify(launch/__pycache__) by extension 'python_setup_py'
[2.390s] Level 1:colcon.colcon_core.package_identification:_identify(log) by extensions ['ignore', 'ignore_ament_install']
[2.391s] Level 1:colcon.colcon_core.package_identification:_identify(log) by extension 'ignore'
[2.391s] Level 1:colcon.colcon_core.package_identification:_identify(log) ignored
[2.392s] Level 1:colcon.colcon_core.package_identification:_identify(maps_racelines_) by extensions ['ignore', 'ignore_ament_install']
[2.392s] Level 1:colcon.colcon_core.package_identification:_identify(maps_racelines_) by extension 'ignore'
[2.392s] Level 1:colcon.colcon_core.package_identification:_identify(maps_racelines_) by extension 'ignore_ament_install'
[2.393s] Level 1:colcon.colcon_core.package_identification:_identify(maps_racelines_) by extensions ['colcon_pkg']
[2.393s] Level 1:colcon.colcon_core.package_identification:_identify(maps_racelines_) by extension 'colcon_pkg'
[2.393s] Level 1:colcon.colcon_core.package_identification:_identify(maps_racelines_) by extensions ['colcon_meta']
[2.393s] Level 1:colcon.colcon_core.package_identification:_identify(maps_racelines_) by extension 'colcon_meta'
[2.394s] Level 1:colcon.colcon_core.package_identification:_identify(maps_racelines_) by extensions ['ros']
[2.394s] Level 1:colcon.colcon_core.package_identification:_identify(maps_racelines_) by extension 'ros'
[2.394s] Level 1:colcon.colcon_core.package_identification:_identify(maps_racelines_) by extensions ['cmake', 'python']
[2.394s] Level 1:colcon.colcon_core.package_identification:_identify(maps_racelines_) by extension 'cmake'
[2.395s] Level 1:colcon.colcon_core.package_identification:_identify(maps_racelines_) by extension 'python'
[2.395s] Level 1:colcon.colcon_core.package_identification:_identify(maps_racelines_) by extensions ['python_setup_py']
[2.395s] Level 1:colcon.colcon_core.package_identification:_identify(maps_racelines_) by extension 'python_setup_py'
[2.396s] Level 1:colcon.colcon_core.package_identification:_identify(maps_racelines_/maps) by extensions ['ignore', 'ignore_ament_install']
[2.396s] Level 1:colcon.colcon_core.package_identification:_identify(maps_racelines_/maps) by extension 'ignore'
[2.396s] Level 1:colcon.colcon_core.package_identification:_identify(maps_racelines_/maps) by extension 'ignore_ament_install'
[2.397s] Level 1:colcon.colcon_core.package_identification:_identify(maps_racelines_/maps) by extensions ['colcon_pkg']
[2.397s] Level 1:colcon.colcon_core.package_identification:_identify(maps_racelines_/maps) by extension 'colcon_pkg'
[2.397s] Level 1:colcon.colcon_core.package_identification:_identify(maps_racelines_/maps) by extensions ['colcon_meta']
[2.398s] Level 1:colcon.colcon_core.package_identification:_identify(maps_racelines_/maps) by extension 'colcon_meta'
[2.398s] Level 1:colcon.colcon_core.package_identification:_identify(maps_racelines_/maps) by extensions ['ros']
[2.398s] Level 1:colcon.colcon_core.package_identification:_identify(maps_racelines_/maps) by extension 'ros'
[2.399s] Level 1:colcon.colcon_core.package_identification:_identify(maps_racelines_/maps) by extensions ['cmake', 'python']
[2.399s] Level 1:colcon.colcon_core.package_identification:_identify(maps_racelines_/maps) by extension 'cmake'
[2.399s] Level 1:colcon.colcon_core.package_identification:_identify(maps_racelines_/maps) by extension 'python'
[2.399s] Level 1:colcon.colcon_core.package_identification:_identify(maps_racelines_/maps) by extensions ['python_setup_py']
[2.400s] Level 1:colcon.colcon_core.package_identification:_identify(maps_racelines_/maps) by extension 'python_setup_py'
[2.400s] Level 1:colcon.colcon_core.package_identification:_identify(maps_racelines_/raceline) by extensions ['ignore', 'ignore_ament_install']
[2.401s] Level 1:colcon.colcon_core.package_identification:_identify(maps_racelines_/raceline) by extension 'ignore'
[2.401s] Level 1:colcon.colcon_core.package_identification:_identify(maps_racelines_/raceline) by extension 'ignore_ament_install'
[2.401s] Level 1:colcon.colcon_core.package_identification:_identify(maps_racelines_/raceline) by extensions ['colcon_pkg']
[2.401s] Level 1:colcon.colcon_core.package_identification:_identify(maps_racelines_/raceline) by extension 'colcon_pkg'
[2.402s] Level 1:colcon.colcon_core.package_identification:_identify(maps_racelines_/raceline) by extensions ['colcon_meta']
[2.402s] Level 1:colcon.colcon_core.package_identification:_identify(maps_racelines_/raceline) by extension 'colcon_meta'
[2.402s] Level 1:colcon.colcon_core.package_identification:_identify(maps_racelines_/raceline) by extensions ['ros']
[2.402s] Level 1:colcon.colcon_core.package_identification:_identify(maps_racelines_/raceline) by extension 'ros'
[2.403s] Level 1:colcon.colcon_core.package_identification:_identify(maps_racelines_/raceline) by extensions ['cmake', 'python']
[2.403s] Level 1:colcon.colcon_core.package_identification:_identify(maps_racelines_/raceline) by extension 'cmake'
[2.403s] Level 1:colcon.colcon_core.package_identification:_identify(maps_racelines_/raceline) by extension 'python'
[2.404s] Level 1:colcon.colcon_core.package_identification:_identify(maps_racelines_/raceline) by extensions ['python_setup_py']
[2.404s] Level 1:colcon.colcon_core.package_identification:_identify(maps_racelines_/raceline) by extension 'python_setup_py'
[2.404s] Level 1:colcon.colcon_core.package_identification:_identify(maps_racelines_/src) by extensions ['ignore', 'ignore_ament_install']
[2.405s] Level 1:colcon.colcon_core.package_identification:_identify(maps_racelines_/src) by extension 'ignore'
[2.405s] Level 1:colcon.colcon_core.package_identification:_identify(maps_racelines_/src) by extension 'ignore_ament_install'
[2.405s] Level 1:colcon.colcon_core.package_identification:_identify(maps_racelines_/src) by extensions ['colcon_pkg']
[2.406s] Level 1:colcon.colcon_core.package_identification:_identify(maps_racelines_/src) by extension 'colcon_pkg'
[2.406s] Level 1:colcon.colcon_core.package_identification:_identify(maps_racelines_/src) by extensions ['colcon_meta']
[2.406s] Level 1:colcon.colcon_core.package_identification:_identify(maps_racelines_/src) by extension 'colcon_meta'
[2.406s] Level 1:colcon.colcon_core.package_identification:_identify(maps_racelines_/src) by extensions ['ros']
[2.407s] Level 1:colcon.colcon_core.package_identification:_identify(maps_racelines_/src) by extension 'ros'
[2.407s] Level 1:colcon.colcon_core.package_identification:_identify(maps_racelines_/src) by extensions ['cmake', 'python']
[2.407s] Level 1:colcon.colcon_core.package_identification:_identify(maps_racelines_/src) by extension 'cmake'
[2.408s] Level 1:colcon.colcon_core.package_identification:_identify(maps_racelines_/src) by extension 'python'
[2.408s] Level 1:colcon.colcon_core.package_identification:_identify(maps_racelines_/src) by extensions ['python_setup_py']
[2.408s] Level 1:colcon.colcon_core.package_identification:_identify(maps_racelines_/src) by extension 'python_setup_py'
[2.409s] Level 1:colcon.colcon_core.package_identification:_identify(maps_racelines_/src/__pycache__) by extensions ['ignore', 'ignore_ament_install']
[2.409s] Level 1:colcon.colcon_core.package_identification:_identify(maps_racelines_/src/__pycache__) by extension 'ignore'
[2.409s] Level 1:colcon.colcon_core.package_identification:_identify(maps_racelines_/src/__pycache__) by extension 'ignore_ament_install'
[2.410s] Level 1:colcon.colcon_core.package_identification:_identify(maps_racelines_/src/__pycache__) by extensions ['colcon_pkg']
[2.410s] Level 1:colcon.colcon_core.package_identification:_identify(maps_racelines_/src/__pycache__) by extension 'colcon_pkg'
[2.410s] Level 1:colcon.colcon_core.package_identification:_identify(maps_racelines_/src/__pycache__) by extensions ['colcon_meta']
[2.410s] Level 1:colcon.colcon_core.package_identification:_identify(maps_racelines_/src/__pycache__) by extension 'colcon_meta'
[2.411s] Level 1:colcon.colcon_core.package_identification:_identify(maps_racelines_/src/__pycache__) by extensions ['ros']
[2.411s] Level 1:colcon.colcon_core.package_identification:_identify(maps_racelines_/src/__pycache__) by extension 'ros'
[2.411s] Level 1:colcon.colcon_core.package_identification:_identify(maps_racelines_/src/__pycache__) by extensions ['cmake', 'python']
[2.412s] Level 1:colcon.colcon_core.package_identification:_identify(maps_racelines_/src/__pycache__) by extension 'cmake'
[2.412s] Level 1:colcon.colcon_core.package_identification:_identify(maps_racelines_/src/__pycache__) by extension 'python'
[2.412s] Level 1:colcon.colcon_core.package_identification:_identify(maps_racelines_/src/__pycache__) by extensions ['python_setup_py']
[2.412s] Level 1:colcon.colcon_core.package_identification:_identify(maps_racelines_/src/__pycache__) by extension 'python_setup_py'
[2.413s] Level 1:colcon.colcon_core.package_identification:_identify(maps_racelines_/src/outputs) by extensions ['ignore', 'ignore_ament_install']
[2.413s] Level 1:colcon.colcon_core.package_identification:_identify(maps_racelines_/src/outputs) by extension 'ignore'
[2.414s] Level 1:colcon.colcon_core.package_identification:_identify(maps_racelines_/src/outputs) by extension 'ignore_ament_install'
[2.414s] Level 1:colcon.colcon_core.package_identification:_identify(maps_racelines_/src/outputs) by extensions ['colcon_pkg']
[2.414s] Level 1:colcon.colcon_core.package_identification:_identify(maps_racelines_/src/outputs) by extension 'colcon_pkg'
[2.414s] Level 1:colcon.colcon_core.package_identification:_identify(maps_racelines_/src/outputs) by extensions ['colcon_meta']
[2.415s] Level 1:colcon.colcon_core.package_identification:_identify(maps_racelines_/src/outputs) by extension 'colcon_meta'
[2.415s] Level 1:colcon.colcon_core.package_identification:_identify(maps_racelines_/src/outputs) by extensions ['ros']
[2.415s] Level 1:colcon.colcon_core.package_identification:_identify(maps_racelines_/src/outputs) by extension 'ros'
[2.416s] Level 1:colcon.colcon_core.package_identification:_identify(maps_racelines_/src/outputs) by extensions ['cmake', 'python']
[2.416s] Level 1:colcon.colcon_core.package_identification:_identify(maps_racelines_/src/outputs) by extension 'cmake'
[2.416s] Level 1:colcon.colcon_core.package_identification:_identify(maps_racelines_/src/outputs) by extension 'python'
[2.416s] Level 1:colcon.colcon_core.package_identification:_identify(maps_racelines_/src/outputs) by extensions ['python_setup_py']
[2.416s] Level 1:colcon.colcon_core.package_identification:_identify(maps_racelines_/src/outputs) by extension 'python_setup_py'
[2.417s] Level 1:colcon.colcon_core.package_identification:_identify(maps_racelines_/src/outputs/gap_map_path) by extensions ['ignore', 'ignore_ament_install']
[2.418s] Level 1:colcon.colcon_core.package_identification:_identify(maps_racelines_/src/outputs/gap_map_path) by extension 'ignore'
[2.418s] Level 1:colcon.colcon_core.package_identification:_identify(maps_racelines_/src/outputs/gap_map_path) by extension 'ignore_ament_install'
[2.418s] Level 1:colcon.colcon_core.package_identification:_identify(maps_racelines_/src/outputs/gap_map_path) by extensions ['colcon_pkg']
[2.418s] Level 1:colcon.colcon_core.package_identification:_identify(maps_racelines_/src/outputs/gap_map_path) by extension 'colcon_pkg'
[2.419s] Level 1:colcon.colcon_core.package_identification:_identify(maps_racelines_/src/outputs/gap_map_path) by extensions ['colcon_meta']
[2.419s] Level 1:colcon.colcon_core.package_identification:_identify(maps_racelines_/src/outputs/gap_map_path) by extension 'colcon_meta'
[2.419s] Level 1:colcon.colcon_core.package_identification:_identify(maps_racelines_/src/outputs/gap_map_path) by extensions ['ros']
[2.419s] Level 1:colcon.colcon_core.package_identification:_identify(maps_racelines_/src/outputs/gap_map_path) by extension 'ros'
[2.420s] Level 1:colcon.colcon_core.package_identification:_identify(maps_racelines_/src/outputs/gap_map_path) by extensions ['cmake', 'python']
[2.420s] Level 1:colcon.colcon_core.package_identification:_identify(maps_racelines_/src/outputs/gap_map_path) by extension 'cmake'
[2.420s] Level 1:colcon.colcon_core.package_identification:_identify(maps_racelines_/src/outputs/gap_map_path) by extension 'python'
[2.421s] Level 1:colcon.colcon_core.package_identification:_identify(maps_racelines_/src/outputs/gap_map_path) by extensions ['python_setup_py']
[2.421s] Level 1:colcon.colcon_core.package_identification:_identify(maps_racelines_/src/outputs/gap_map_path) by extension 'python_setup_py'
[2.421s] Level 1:colcon.colcon_core.package_identification:_identify(maps_racelines_/src/params) by extensions ['ignore', 'ignore_ament_install']
[2.422s] Level 1:colcon.colcon_core.package_identification:_identify(maps_racelines_/src/params) by extension 'ignore'
[2.422s] Level 1:colcon.colcon_core.package_identification:_identify(maps_racelines_/src/params) by extension 'ignore_ament_install'
[2.423s] Level 1:colcon.colcon_core.package_identification:_identify(maps_racelines_/src/params) by extensions ['colcon_pkg']
[2.423s] Level 1:colcon.colcon_core.package_identification:_identify(maps_racelines_/src/params) by extension 'colcon_pkg'
[2.423s] Level 1:colcon.colcon_core.package_identification:_identify(maps_racelines_/src/params) by extensions ['colcon_meta']
[2.423s] Level 1:colcon.colcon_core.package_identification:_identify(maps_racelines_/src/params) by extension 'colcon_meta'
[2.424s] Level 1:colcon.colcon_core.package_identification:_identify(maps_racelines_/src/params) by extensions ['ros']
[2.424s] Level 1:colcon.colcon_core.package_identification:_identify(maps_racelines_/src/params) by extension 'ros'
[2.424s] Level 1:colcon.colcon_core.package_identification:_identify(maps_racelines_/src/params) by extensions ['cmake', 'python']
[2.424s] Level 1:colcon.colcon_core.package_identification:_identify(maps_racelines_/src/params) by extension 'cmake'
[2.425s] Level 1:colcon.colcon_core.package_identification:_identify(maps_racelines_/src/params) by extension 'python'
[2.425s] Level 1:colcon.colcon_core.package_identification:_identify(maps_racelines_/src/params) by extensions ['python_setup_py']
[2.425s] Level 1:colcon.colcon_core.package_identification:_identify(maps_racelines_/src/params) by extension 'python_setup_py'
[2.426s] Level 1:colcon.colcon_core.package_identification:_identify(maps_racelines_/src/temp) by extensions ['ignore', 'ignore_ament_install']
[2.427s] Level 1:colcon.colcon_core.package_identification:_identify(maps_racelines_/src/temp) by extension 'ignore'
[2.427s] Level 1:colcon.colcon_core.package_identification:_identify(maps_racelines_/src/temp) by extension 'ignore_ament_install'
[2.427s] Level 1:colcon.colcon_core.package_identification:_identify(maps_racelines_/src/temp) by extensions ['colcon_pkg']
[2.428s] Level 1:colcon.colcon_core.package_identification:_identify(maps_racelines_/src/temp) by extension 'colcon_pkg'
[2.428s] Level 1:colcon.colcon_core.package_identification:_identify(maps_racelines_/src/temp) by extensions ['colcon_meta']
[2.428s] Level 1:colcon.colcon_core.package_identification:_identify(maps_racelines_/src/temp) by extension 'colcon_meta'
[2.428s] Level 1:colcon.colcon_core.package_identification:_identify(maps_racelines_/src/temp) by extensions ['ros']
[2.428s] Level 1:colcon.colcon_core.package_identification:_identify(maps_racelines_/src/temp) by extension 'ros'
[2.429s] Level 1:colcon.colcon_core.package_identification:_identify(maps_racelines_/src/temp) by extensions ['cmake', 'python']
[2.429s] Level 1:colcon.colcon_core.package_identification:_identify(maps_racelines_/src/temp) by extension 'cmake'
[2.430s] Level 1:colcon.colcon_core.package_identification:_identify(maps_racelines_/src/temp) by extension 'python'
[2.430s] Level 1:colcon.colcon_core.package_identification:_identify(maps_racelines_/src/temp) by extensions ['python_setup_py']
[2.430s] Level 1:colcon.colcon_core.package_identification:_identify(maps_racelines_/src/temp) by extension 'python_setup_py'
[2.431s] Level 1:colcon.colcon_core.package_identification:_identify(rosbag) by extensions ['ignore', 'ignore_ament_install']
[2.431s] Level 1:colcon.colcon_core.package_identification:_identify(rosbag) by extension 'ignore'
[2.431s] Level 1:colcon.colcon_core.package_identification:_identify(rosbag) by extension 'ignore_ament_install'
[2.432s] Level 1:colcon.colcon_core.package_identification:_identify(rosbag) by extensions ['colcon_pkg']
[2.432s] Level 1:colcon.colcon_core.package_identification:_identify(rosbag) by extension 'colcon_pkg'
[2.432s] Level 1:colcon.colcon_core.package_identification:_identify(rosbag) by extensions ['colcon_meta']
[2.432s] Level 1:colcon.colcon_core.package_identification:_identify(rosbag) by extension 'colcon_meta'
[2.433s] Level 1:colcon.colcon_core.package_identification:_identify(rosbag) by extensions ['ros']
[2.433s] Level 1:colcon.colcon_core.package_identification:_identify(rosbag) by extension 'ros'
[2.433s] Level 1:colcon.colcon_core.package_identification:_identify(rosbag) by extensions ['cmake', 'python']
[2.434s] Level 1:colcon.colcon_core.package_identification:_identify(rosbag) by extension 'cmake'
[2.434s] Level 1:colcon.colcon_core.package_identification:_identify(rosbag) by extension 'python'
[2.434s] Level 1:colcon.colcon_core.package_identification:_identify(rosbag) by extensions ['python_setup_py']
[2.434s] Level 1:colcon.colcon_core.package_identification:_identify(rosbag) by extension 'python_setup_py'
[2.435s] Level 1:colcon.colcon_core.package_identification:_identify(rosbag/rosbag2_2025_09_18-18_36_26) by extensions ['ignore', 'ignore_ament_install']
[2.435s] Level 1:colcon.colcon_core.package_identification:_identify(rosbag/rosbag2_2025_09_18-18_36_26) by extension 'ignore'
[2.436s] Level 1:colcon.colcon_core.package_identification:_identify(rosbag/rosbag2_2025_09_18-18_36_26) by extension 'ignore_ament_install'
[2.436s] Level 1:colcon.colcon_core.package_identification:_identify(rosbag/rosbag2_2025_09_18-18_36_26) by extensions ['colcon_pkg']
[2.436s] Level 1:colcon.colcon_core.package_identification:_identify(rosbag/rosbag2_2025_09_18-18_36_26) by extension 'colcon_pkg'
[2.436s] Level 1:colcon.colcon_core.package_identification:_identify(rosbag/rosbag2_2025_09_18-18_36_26) by extensions ['colcon_meta']
[2.437s] Level 1:colcon.colcon_core.package_identification:_identify(rosbag/rosbag2_2025_09_18-18_36_26) by extension 'colcon_meta'
[2.437s] Level 1:colcon.colcon_core.package_identification:_identify(rosbag/rosbag2_2025_09_18-18_36_26) by extensions ['ros']
[2.437s] Level 1:colcon.colcon_core.package_identification:_identify(rosbag/rosbag2_2025_09_18-18_36_26) by extension 'ros'
[2.438s] Level 1:colcon.colcon_core.package_identification:_identify(rosbag/rosbag2_2025_09_18-18_36_26) by extensions ['cmake', 'python']
[2.438s] Level 1:colcon.colcon_core.package_identification:_identify(rosbag/rosbag2_2025_09_18-18_36_26) by extension 'cmake'
[2.438s] Level 1:colcon.colcon_core.package_identification:_identify(rosbag/rosbag2_2025_09_18-18_36_26) by extension 'python'
[2.438s] Level 1:colcon.colcon_core.package_identification:_identify(rosbag/rosbag2_2025_09_18-18_36_26) by extensions ['python_setup_py']
[2.439s] Level 1:colcon.colcon_core.package_identification:_identify(rosbag/rosbag2_2025_09_18-18_36_26) by extension 'python_setup_py'
[2.439s] Level 1:colcon.colcon_core.package_identification:_identify(src) by extensions ['ignore', 'ignore_ament_install']
[2.440s] Level 1:colcon.colcon_core.package_identification:_identify(src) by extension 'ignore'
[2.440s] Level 1:colcon.colcon_core.package_identification:_identify(src) by extension 'ignore_ament_install'
[2.440s] Level 1:colcon.colcon_core.package_identification:_identify(src) by extensions ['colcon_pkg']
[2.440s] Level 1:colcon.colcon_core.package_identification:_identify(src) by extension 'colcon_pkg'
[2.441s] Level 1:colcon.colcon_core.package_identification:_identify(src) by extensions ['colcon_meta']
[2.441s] Level 1:colcon.colcon_core.package_identification:_identify(src) by extension 'colcon_meta'
[2.441s] Level 1:colcon.colcon_core.package_identification:_identify(src) by extensions ['ros']
[2.441s] Level 1:colcon.colcon_core.package_identification:_identify(src) by extension 'ros'
[2.442s] Level 1:colcon.colcon_core.package_identification:_identify(src) by extensions ['cmake', 'python']
[2.442s] Level 1:colcon.colcon_core.package_identification:_identify(src) by extension 'cmake'
[2.442s] Level 1:colcon.colcon_core.package_identification:_identify(src) by extension 'python'
[2.443s] Level 1:colcon.colcon_core.package_identification:_identify(src) by extensions ['python_setup_py']
[2.443s] Level 1:colcon.colcon_core.package_identification:_identify(src) by extension 'python_setup_py'
[2.443s] Level 1:colcon.colcon_core.package_identification:_identify(src/build) by extensions ['ignore', 'ignore_ament_install']
[2.444s] Level 1:colcon.colcon_core.package_identification:_identify(src/build) by extension 'ignore'
[2.444s] Level 1:colcon.colcon_core.package_identification:_identify(src/build) ignored
[2.444s] Level 1:colcon.colcon_core.package_identification:_identify(src/center_follow_cpp) by extensions ['ignore', 'ignore_ament_install']
[2.445s] Level 1:colcon.colcon_core.package_identification:_identify(src/center_follow_cpp) by extension 'ignore'
[2.445s] Level 1:colcon.colcon_core.package_identification:_identify(src/center_follow_cpp) by extension 'ignore_ament_install'
[2.446s] Level 1:colcon.colcon_core.package_identification:_identify(src/center_follow_cpp) by extensions ['colcon_pkg']
[2.446s] Level 1:colcon.colcon_core.package_identification:_identify(src/center_follow_cpp) by extension 'colcon_pkg'
[2.446s] Level 1:colcon.colcon_core.package_identification:_identify(src/center_follow_cpp) by extensions ['colcon_meta']
[2.446s] Level 1:colcon.colcon_core.package_identification:_identify(src/center_follow_cpp) by extension 'colcon_meta'
[2.446s] Level 1:colcon.colcon_core.package_identification:_identify(src/center_follow_cpp) by extensions ['ros']
[2.447s] Level 1:colcon.colcon_core.package_identification:_identify(src/center_follow_cpp) by extension 'ros'
[2.461s] DEBUG:colcon.colcon_core.package_identification:Package 'src/center_follow_cpp' with type 'ros.ament_cmake' and name 'center_follow_cpp'
[2.462s] Level 1:colcon.colcon_core.package_identification:_identify(src/f1tenth_slam_nav) by extensions ['ignore', 'ignore_ament_install']
[2.462s] Level 1:colcon.colcon_core.package_identification:_identify(src/f1tenth_slam_nav) by extension 'ignore'
[2.463s] Level 1:colcon.colcon_core.package_identification:_identify(src/f1tenth_slam_nav) by extension 'ignore_ament_install'
[2.463s] Level 1:colcon.colcon_core.package_identification:_identify(src/f1tenth_slam_nav) by extensions ['colcon_pkg']
[2.463s] Level 1:colcon.colcon_core.package_identification:_identify(src/f1tenth_slam_nav) by extension 'colcon_pkg'
[2.464s] Level 1:colcon.colcon_core.package_identification:_identify(src/f1tenth_slam_nav) by extensions ['colcon_meta']
[2.464s] Level 1:colcon.colcon_core.package_identification:_identify(src/f1tenth_slam_nav) by extension 'colcon_meta'
[2.464s] Level 1:colcon.colcon_core.package_identification:_identify(src/f1tenth_slam_nav) by extensions ['ros']
[2.464s] Level 1:colcon.colcon_core.package_identification:_identify(src/f1tenth_slam_nav) by extension 'ros'
[2.477s] DEBUG:colcon.colcon_core.package_identification:Package 'src/f1tenth_slam_nav' with type 'ros.ament_cmake' and name 'f1tenth_slam_nav'
[2.478s] Level 1:colcon.colcon_core.package_identification:_identify(src/f1tenth_system) by extensions ['ignore', 'ignore_ament_install']
[2.478s] Level 1:colcon.colcon_core.package_identification:_identify(src/f1tenth_system) by extension 'ignore'
[2.479s] Level 1:colcon.colcon_core.package_identification:_identify(src/f1tenth_system) by extension 'ignore_ament_install'
[2.479s] Level 1:colcon.colcon_core.package_identification:_identify(src/f1tenth_system) by extensions ['colcon_pkg']
[2.480s] Level 1:colcon.colcon_core.package_identification:_identify(src/f1tenth_system) by extension 'colcon_pkg'
[2.480s] Level 1:colcon.colcon_core.package_identification:_identify(src/f1tenth_system) by extensions ['colcon_meta']
[2.480s] Level 1:colcon.colcon_core.package_identification:_identify(src/f1tenth_system) by extension 'colcon_meta'
[2.480s] Level 1:colcon.colcon_core.package_identification:_identify(src/f1tenth_system) by extensions ['ros']
[2.481s] Level 1:colcon.colcon_core.package_identification:_identify(src/f1tenth_system) by extension 'ros'
[2.481s] Level 1:colcon.colcon_core.package_identification:_identify(src/f1tenth_system) by extensions ['cmake', 'python']
[2.481s] Level 1:colcon.colcon_core.package_identification:_identify(src/f1tenth_system) by extension 'cmake'
[2.482s] Level 1:colcon.colcon_core.package_identification:_identify(src/f1tenth_system) by extension 'python'
[2.482s] Level 1:colcon.colcon_core.package_identification:_identify(src/f1tenth_system) by extensions ['python_setup_py']
[2.482s] Level 1:colcon.colcon_core.package_identification:_identify(src/f1tenth_system) by extension 'python_setup_py'
[2.483s] Level 1:colcon.colcon_core.package_identification:_identify(src/f1tenth_system/ackermann_mux) by extensions ['ignore', 'ignore_ament_install']
[2.483s] Level 1:colcon.colcon_core.package_identification:_identify(src/f1tenth_system/ackermann_mux) by extension 'ignore'
[2.484s] Level 1:colcon.colcon_core.package_identification:_identify(src/f1tenth_system/ackermann_mux) by extension 'ignore_ament_install'
[2.484s] Level 1:colcon.colcon_core.package_identification:_identify(src/f1tenth_system/ackermann_mux) by extensions ['colcon_pkg']
[2.484s] Level 1:colcon.colcon_core.package_identification:_identify(src/f1tenth_system/ackermann_mux) by extension 'colcon_pkg'
[2.484s] Level 1:colcon.colcon_core.package_identification:_identify(src/f1tenth_system/ackermann_mux) by extensions ['colcon_meta']
[2.485s] Level 1:colcon.colcon_core.package_identification:_identify(src/f1tenth_system/ackermann_mux) by extension 'colcon_meta'
[2.485s] Level 1:colcon.colcon_core.package_identification:_identify(src/f1tenth_system/ackermann_mux) by extensions ['ros']
[2.485s] Level 1:colcon.colcon_core.package_identification:_identify(src/f1tenth_system/ackermann_mux) by extension 'ros'
[2.490s] DEBUG:colcon.colcon_core.package_identification:Package 'src/f1tenth_system/ackermann_mux' with type 'ros.ament_cmake' and name 'ackermann_mux'
[2.491s] Level 1:colcon.colcon_core.package_identification:_identify(src/f1tenth_system/f1tenth_stack) by extensions ['ignore', 'ignore_ament_install']
[2.491s] Level 1:colcon.colcon_core.package_identification:_identify(src/f1tenth_system/f1tenth_stack) by extension 'ignore'
[2.492s] Level 1:colcon.colcon_core.package_identification:_identify(src/f1tenth_system/f1tenth_stack) by extension 'ignore_ament_install'
[2.492s] Level 1:colcon.colcon_core.package_identification:_identify(src/f1tenth_system/f1tenth_stack) by extensions ['colcon_pkg']
[2.492s] Level 1:colcon.colcon_core.package_identification:_identify(src/f1tenth_system/f1tenth_stack) by extension 'colcon_pkg'
[2.493s] Level 1:colcon.colcon_core.package_identification:_identify(src/f1tenth_system/f1tenth_stack) by extensions ['colcon_meta']
[2.493s] Level 1:colcon.colcon_core.package_identification:_identify(src/f1tenth_system/f1tenth_stack) by extension 'colcon_meta'
[2.493s] Level 1:colcon.colcon_core.package_identification:_identify(src/f1tenth_system/f1tenth_stack) by extensions ['ros']
[2.493s] Level 1:colcon.colcon_core.package_identification:_identify(src/f1tenth_system/f1tenth_stack) by extension 'ros'
[2.499s] DEBUG:colcon.colcon_core.package_identification:Package 'src/f1tenth_system/f1tenth_stack' with type 'ros.ament_python' and name 'f1tenth_stack'
[2.500s] Level 1:colcon.colcon_core.package_identification:_identify(src/f1tenth_system/scripts) by extensions ['ignore', 'ignore_ament_install']
[2.500s] Level 1:colcon.colcon_core.package_identification:_identify(src/f1tenth_system/scripts) by extension 'ignore'
[2.500s] Level 1:colcon.colcon_core.package_identification:_identify(src/f1tenth_system/scripts) by extension 'ignore_ament_install'
[2.501s] Level 1:colcon.colcon_core.package_identification:_identify(src/f1tenth_system/scripts) by extensions ['colcon_pkg']
[2.501s] Level 1:colcon.colcon_core.package_identification:_identify(src/f1tenth_system/scripts) by extension 'colcon_pkg'
[2.501s] Level 1:colcon.colcon_core.package_identification:_identify(src/f1tenth_system/scripts) by extensions ['colcon_meta']
[2.502s] Level 1:colcon.colcon_core.package_identification:_identify(src/f1tenth_system/scripts) by extension 'colcon_meta'
[2.502s] Level 1:colcon.colcon_core.package_identification:_identify(src/f1tenth_system/scripts) by extensions ['ros']
[2.502s] Level 1:colcon.colcon_core.package_identification:_identify(src/f1tenth_system/scripts) by extension 'ros'
[2.503s] Level 1:colcon.colcon_core.package_identification:_identify(src/f1tenth_system/scripts) by extensions ['cmake', 'python']
[2.503s] Level 1:colcon.colcon_core.package_identification:_identify(src/f1tenth_system/scripts) by extension 'cmake'
[2.503s] Level 1:colcon.colcon_core.package_identification:_identify(src/f1tenth_system/scripts) by extension 'python'
[2.503s] Level 1:colcon.colcon_core.package_identification:_identify(src/f1tenth_system/scripts) by extensions ['python_setup_py']
[2.504s] Level 1:colcon.colcon_core.package_identification:_identify(src/f1tenth_system/scripts) by extension 'python_setup_py'
[2.504s] Level 1:colcon.colcon_core.package_identification:_identify(src/f1tenth_system/teleop_tools) by extensions ['ignore', 'ignore_ament_install']
[2.505s] Level 1:colcon.colcon_core.package_identification:_identify(src/f1tenth_system/teleop_tools) by extension 'ignore'
[2.505s] Level 1:colcon.colcon_core.package_identification:_identify(src/f1tenth_system/teleop_tools) by extension 'ignore_ament_install'
[2.505s] Level 1:colcon.colcon_core.package_identification:_identify(src/f1tenth_system/teleop_tools) by extensions ['colcon_pkg']
[2.506s] Level 1:colcon.colcon_core.package_identification:_identify(src/f1tenth_system/teleop_tools) by extension 'colcon_pkg'
[2.506s] Level 1:colcon.colcon_core.package_identification:_identify(src/f1tenth_system/teleop_tools) by extensions ['colcon_meta']
[2.506s] Level 1:colcon.colcon_core.package_identification:_identify(src/f1tenth_system/teleop_tools) by extension 'colcon_meta'
[2.506s] Level 1:colcon.colcon_core.package_identification:_identify(src/f1tenth_system/teleop_tools) by extensions ['ros']
[2.507s] Level 1:colcon.colcon_core.package_identification:_identify(src/f1tenth_system/teleop_tools) by extension 'ros'
[2.507s] Level 1:colcon.colcon_core.package_identification:_identify(src/f1tenth_system/teleop_tools) by extensions ['cmake', 'python']
[2.507s] Level 1:colcon.colcon_core.package_identification:_identify(src/f1tenth_system/teleop_tools) by extension 'cmake'
[2.507s] Level 1:colcon.colcon_core.package_identification:_identify(src/f1tenth_system/teleop_tools) by extension 'python'
[2.508s] Level 1:colcon.colcon_core.package_identification:_identify(src/f1tenth_system/teleop_tools) by extensions ['python_setup_py']
[2.508s] Level 1:colcon.colcon_core.package_identification:_identify(src/f1tenth_system/teleop_tools) by extension 'python_setup_py'
[2.509s] Level 1:colcon.colcon_core.package_identification:_identify(src/f1tenth_system/teleop_tools/joy_teleop) by extensions ['ignore', 'ignore_ament_install']
[2.509s] Level 1:colcon.colcon_core.package_identification:_identify(src/f1tenth_system/teleop_tools/joy_teleop) by extension 'ignore'
[2.510s] Level 1:colcon.colcon_core.package_identification:_identify(src/f1tenth_system/teleop_tools/joy_teleop) by extension 'ignore_ament_install'
[2.510s] Level 1:colcon.colcon_core.package_identification:_identify(src/f1tenth_system/teleop_tools/joy_teleop) by extensions ['colcon_pkg']
[2.510s] Level 1:colcon.colcon_core.package_identification:_identify(src/f1tenth_system/teleop_tools/joy_teleop) by extension 'colcon_pkg'
[2.511s] Level 1:colcon.colcon_core.package_identification:_identify(src/f1tenth_system/teleop_tools/joy_teleop) by extensions ['colcon_meta']
[2.511s] Level 1:colcon.colcon_core.package_identification:_identify(src/f1tenth_system/teleop_tools/joy_teleop) by extension 'colcon_meta'
[2.511s] Level 1:colcon.colcon_core.package_identification:_identify(src/f1tenth_system/teleop_tools/joy_teleop) by extensions ['ros']
[2.512s] Level 1:colcon.colcon_core.package_identification:_identify(src/f1tenth_system/teleop_tools/joy_teleop) by extension 'ros'
[2.516s] DEBUG:colcon.colcon_core.package_identification:Package 'src/f1tenth_system/teleop_tools/joy_teleop' with type 'ros.ament_python' and name 'joy_teleop'
[2.517s] Level 1:colcon.colcon_core.package_identification:_identify(src/f1tenth_system/teleop_tools/key_teleop) by extensions ['ignore', 'ignore_ament_install']
[2.517s] Level 1:colcon.colcon_core.package_identification:_identify(src/f1tenth_system/teleop_tools/key_teleop) by extension 'ignore'
[2.518s] Level 1:colcon.colcon_core.package_identification:_identify(src/f1tenth_system/teleop_tools/key_teleop) by extension 'ignore_ament_install'
[2.518s] Level 1:colcon.colcon_core.package_identification:_identify(src/f1tenth_system/teleop_tools/key_teleop) by extensions ['colcon_pkg']
[2.518s] Level 1:colcon.colcon_core.package_identification:_identify(src/f1tenth_system/teleop_tools/key_teleop) by extension 'colcon_pkg'
[2.518s] Level 1:colcon.colcon_core.package_identification:_identify(src/f1tenth_system/teleop_tools/key_teleop) by extensions ['colcon_meta']
[2.519s] Level 1:colcon.colcon_core.package_identification:_identify(src/f1tenth_system/teleop_tools/key_teleop) by extension 'colcon_meta'
[2.519s] Level 1:colcon.colcon_core.package_identification:_identify(src/f1tenth_system/teleop_tools/key_teleop) by extensions ['ros']
[2.519s] Level 1:colcon.colcon_core.package_identification:_identify(src/f1tenth_system/teleop_tools/key_teleop) by extension 'ros'
[2.523s] DEBUG:colcon.colcon_core.package_identification:Package 'src/f1tenth_system/teleop_tools/key_teleop' with type 'ros.ament_python' and name 'key_teleop'
[2.524s] Level 1:colcon.colcon_core.package_identification:_identify(src/f1tenth_system/teleop_tools/mouse_teleop) by extensions ['ignore', 'ignore_ament_install']
[2.524s] Level 1:colcon.colcon_core.package_identification:_identify(src/f1tenth_system/teleop_tools/mouse_teleop) by extension 'ignore'
[2.525s] Level 1:colcon.colcon_core.package_identification:_identify(src/f1tenth_system/teleop_tools/mouse_teleop) by extension 'ignore_ament_install'
[2.525s] Level 1:colcon.colcon_core.package_identification:_identify(src/f1tenth_system/teleop_tools/mouse_teleop) by extensions ['colcon_pkg']
[2.525s] Level 1:colcon.colcon_core.package_identification:_identify(src/f1tenth_system/teleop_tools/mouse_teleop) by extension 'colcon_pkg'
[2.525s] Level 1:colcon.colcon_core.package_identification:_identify(src/f1tenth_system/teleop_tools/mouse_teleop) by extensions ['colcon_meta']
[2.526s] Level 1:colcon.colcon_core.package_identification:_identify(src/f1tenth_system/teleop_tools/mouse_teleop) by extension 'colcon_meta'
[2.526s] Level 1:colcon.colcon_core.package_identification:_identify(src/f1tenth_system/teleop_tools/mouse_teleop) by extensions ['ros']
[2.526s] Level 1:colcon.colcon_core.package_identification:_identify(src/f1tenth_system/teleop_tools/mouse_teleop) by extension 'ros'
[2.529s] DEBUG:colcon.colcon_core.package_identification:Package 'src/f1tenth_system/teleop_tools/mouse_teleop' with type 'ros.ament_python' and name 'mouse_teleop'
[2.530s] Level 1:colcon.colcon_core.package_identification:_identify(src/f1tenth_system/teleop_tools/teleop_tools) by extensions ['ignore', 'ignore_ament_install']
[2.530s] Level 1:colcon.colcon_core.package_identification:_identify(src/f1tenth_system/teleop_tools/teleop_tools) by extension 'ignore'
[2.531s] Level 1:colcon.colcon_core.package_identification:_identify(src/f1tenth_system/teleop_tools/teleop_tools) by extension 'ignore_ament_install'
[2.531s] Level 1:colcon.colcon_core.package_identification:_identify(src/f1tenth_system/teleop_tools/teleop_tools) by extensions ['colcon_pkg']
[2.531s] Level 1:colcon.colcon_core.package_identification:_identify(src/f1tenth_system/teleop_tools/teleop_tools) by extension 'colcon_pkg'
[2.532s] Level 1:colcon.colcon_core.package_identification:_identify(src/f1tenth_system/teleop_tools/teleop_tools) by extensions ['colcon_meta']
[2.532s] Level 1:colcon.colcon_core.package_identification:_identify(src/f1tenth_system/teleop_tools/teleop_tools) by extension 'colcon_meta'
[2.532s] Level 1:colcon.colcon_core.package_identification:_identify(src/f1tenth_system/teleop_tools/teleop_tools) by extensions ['ros']
[2.532s] Level 1:colcon.colcon_core.package_identification:_identify(src/f1tenth_system/teleop_tools/teleop_tools) by extension 'ros'
[2.535s] DEBUG:colcon.colcon_core.package_identification:Package 'src/f1tenth_system/teleop_tools/teleop_tools' with type 'ros.ament_cmake' and name 'teleop_tools'
[2.536s] Level 1:colcon.colcon_core.package_identification:_identify(src/f1tenth_system/teleop_tools/teleop_tools_msgs) by extensions ['ignore', 'ignore_ament_install']
[2.537s] Level 1:colcon.colcon_core.package_identification:_identify(src/f1tenth_system/teleop_tools/teleop_tools_msgs) by extension 'ignore'
[2.537s] Level 1:colcon.colcon_core.package_identification:_identify(src/f1tenth_system/teleop_tools/teleop_tools_msgs) by extension 'ignore_ament_install'
[2.537s] Level 1:colcon.colcon_core.package_identification:_identify(src/f1tenth_system/teleop_tools/teleop_tools_msgs) by extensions ['colcon_pkg']
[2.537s] Level 1:colcon.colcon_core.package_identification:_identify(src/f1tenth_system/teleop_tools/teleop_tools_msgs) by extension 'colcon_pkg'
[2.538s] Level 1:colcon.colcon_core.package_identification:_identify(src/f1tenth_system/teleop_tools/teleop_tools_msgs) by extensions ['colcon_meta']
[2.538s] Level 1:colcon.colcon_core.package_identification:_identify(src/f1tenth_system/teleop_tools/teleop_tools_msgs) by extension 'colcon_meta'
[2.538s] Level 1:colcon.colcon_core.package_identification:_identify(src/f1tenth_system/teleop_tools/teleop_tools_msgs) by extensions ['ros']
[2.538s] Level 1:colcon.colcon_core.package_identification:_identify(src/f1tenth_system/teleop_tools/teleop_tools_msgs) by extension 'ros'
[2.542s] DEBUG:colcon.colcon_core.package_identification:Package 'src/f1tenth_system/teleop_tools/teleop_tools_msgs' with type 'ros.ament_cmake' and name 'teleop_tools_msgs'
[2.543s] Level 1:colcon.colcon_core.package_identification:_identify(src/f1tenth_system/vesc) by extensions ['ignore', 'ignore_ament_install']
[2.543s] Level 1:colcon.colcon_core.package_identification:_identify(src/f1tenth_system/vesc) by extension 'ignore'
[2.543s] Level 1:colcon.colcon_core.package_identification:_identify(src/f1tenth_system/vesc) by extension 'ignore_ament_install'
[2.544s] Level 1:colcon.colcon_core.package_identification:_identify(src/f1tenth_system/vesc) by extensions ['colcon_pkg']
[2.544s] Level 1:colcon.colcon_core.package_identification:_identify(src/f1tenth_system/vesc) by extension 'colcon_pkg'
[2.544s] Level 1:colcon.colcon_core.package_identification:_identify(src/f1tenth_system/vesc) by extensions ['colcon_meta']
[2.545s] Level 1:colcon.colcon_core.package_identification:_identify(src/f1tenth_system/vesc) by extension 'colcon_meta'
[2.545s] Level 1:colcon.colcon_core.package_identification:_identify(src/f1tenth_system/vesc) by extensions ['ros']
[2.545s] Level 1:colcon.colcon_core.package_identification:_identify(src/f1tenth_system/vesc) by extension 'ros'
[2.546s] Level 1:colcon.colcon_core.package_identification:_identify(src/f1tenth_system/vesc) by extensions ['cmake', 'python']
[2.546s] Level 1:colcon.colcon_core.package_identification:_identify(src/f1tenth_system/vesc) by extension 'cmake'
[2.547s] Level 1:colcon.colcon_core.package_identification:_identify(src/f1tenth_system/vesc) by extension 'python'
[2.547s] Level 1:colcon.colcon_core.package_identification:_identify(src/f1tenth_system/vesc) by extensions ['python_setup_py']
[2.547s] Level 1:colcon.colcon_core.package_identification:_identify(src/f1tenth_system/vesc) by extension 'python_setup_py'
[2.548s] Level 1:colcon.colcon_core.package_identification:_identify(src/f1tenth_system/vesc/vesc) by extensions ['ignore', 'ignore_ament_install']
[2.548s] Level 1:colcon.colcon_core.package_identification:_identify(src/f1tenth_system/vesc/vesc) by extension 'ignore'
[2.548s] Level 1:colcon.colcon_core.package_identification:_identify(src/f1tenth_system/vesc/vesc) by extension 'ignore_ament_install'
[2.549s] Level 1:colcon.colcon_core.package_identification:_identify(src/f1tenth_system/vesc/vesc) by extensions ['colcon_pkg']
[2.549s] Level 1:colcon.colcon_core.package_identification:_identify(src/f1tenth_system/vesc/vesc) by extension 'colcon_pkg'
[2.549s] Level 1:colcon.colcon_core.package_identification:_identify(src/f1tenth_system/vesc/vesc) by extensions ['colcon_meta']
[2.550s] Level 1:colcon.colcon_core.package_identification:_identify(src/f1tenth_system/vesc/vesc) by extension 'colcon_meta'
[2.550s] Level 1:colcon.colcon_core.package_identification:_identify(src/f1tenth_system/vesc/vesc) by extensions ['ros']
[2.550s] Level 1:colcon.colcon_core.package_identification:_identify(src/f1tenth_system/vesc/vesc) by extension 'ros'
[2.554s] DEBUG:colcon.colcon_core.package_identification:Package 'src/f1tenth_system/vesc/vesc' with type 'ros.ament_cmake' and name 'vesc'
[2.554s] Level 1:colcon.colcon_core.package_identification:_identify(src/f1tenth_system/vesc/vesc_ackermann) by extensions ['ignore', 'ignore_ament_install']
[2.555s] Level 1:colcon.colcon_core.package_identification:_identify(src/f1tenth_system/vesc/vesc_ackermann) by extension 'ignore'
[2.555s] Level 1:colcon.colcon_core.package_identification:_identify(src/f1tenth_system/vesc/vesc_ackermann) by extension 'ignore_ament_install'
[2.555s] Level 1:colcon.colcon_core.package_identification:_identify(src/f1tenth_system/vesc/vesc_ackermann) by extensions ['colcon_pkg']
[2.556s] Level 1:colcon.colcon_core.package_identification:_identify(src/f1tenth_system/vesc/vesc_ackermann) by extension 'colcon_pkg'
[2.556s] Level 1:colcon.colcon_core.package_identification:_identify(src/f1tenth_system/vesc/vesc_ackermann) by extensions ['colcon_meta']
[2.556s] Level 1:colcon.colcon_core.package_identification:_identify(src/f1tenth_system/vesc/vesc_ackermann) by extension 'colcon_meta'
[2.556s] Level 1:colcon.colcon_core.package_identification:_identify(src/f1tenth_system/vesc/vesc_ackermann) by extensions ['ros']
[2.557s] Level 1:colcon.colcon_core.package_identification:_identify(src/f1tenth_system/vesc/vesc_ackermann) by extension 'ros'
[2.564s] DEBUG:colcon.colcon_core.package_identification:Package 'src/f1tenth_system/vesc/vesc_ackermann' with type 'ros.ament_cmake' and name 'vesc_ackermann'
[2.565s] Level 1:colcon.colcon_core.package_identification:_identify(src/f1tenth_system/vesc/vesc_driver) by extensions ['ignore', 'ignore_ament_install']
[2.565s] Level 1:colcon.colcon_core.package_identification:_identify(src/f1tenth_system/vesc/vesc_driver) by extension 'ignore'
[2.566s] Level 1:colcon.colcon_core.package_identification:_identify(src/f1tenth_system/vesc/vesc_driver) by extension 'ignore_ament_install'
[2.566s] Level 1:colcon.colcon_core.package_identification:_identify(src/f1tenth_system/vesc/vesc_driver) by extensions ['colcon_pkg']
[2.566s] Level 1:colcon.colcon_core.package_identification:_identify(src/f1tenth_system/vesc/vesc_driver) by extension 'colcon_pkg'
[2.566s] Level 1:colcon.colcon_core.package_identification:_identify(src/f1tenth_system/vesc/vesc_driver) by extensions ['colcon_meta']
[2.567s] Level 1:colcon.colcon_core.package_identification:_identify(src/f1tenth_system/vesc/vesc_driver) by extension 'colcon_meta'
[2.567s] Level 1:colcon.colcon_core.package_identification:_identify(src/f1tenth_system/vesc/vesc_driver) by extensions ['ros']
[2.567s] Level 1:colcon.colcon_core.package_identification:_identify(src/f1tenth_system/vesc/vesc_driver) by extension 'ros'
[2.573s] DEBUG:colcon.colcon_core.package_identification:Package 'src/f1tenth_system/vesc/vesc_driver' with type 'ros.ament_cmake' and name 'vesc_driver'
[2.573s] Level 1:colcon.colcon_core.package_identification:_identify(src/f1tenth_system/vesc/vesc_msgs) by extensions ['ignore', 'ignore_ament_install']
[2.574s] Level 1:colcon.colcon_core.package_identification:_identify(src/f1tenth_system/vesc/vesc_msgs) by extension 'ignore'
[2.574s] Level 1:colcon.colcon_core.package_identification:_identify(src/f1tenth_system/vesc/vesc_msgs) by extension 'ignore_ament_install'
[2.574s] Level 1:colcon.colcon_core.package_identification:_identify(src/f1tenth_system/vesc/vesc_msgs) by extensions ['colcon_pkg']
[2.575s] Level 1:colcon.colcon_core.package_identification:_identify(src/f1tenth_system/vesc/vesc_msgs) by extension 'colcon_pkg'
[2.575s] Level 1:colcon.colcon_core.package_identification:_identify(src/f1tenth_system/vesc/vesc_msgs) by extensions ['colcon_meta']
[2.575s] Level 1:colcon.colcon_core.package_identification:_identify(src/f1tenth_system/vesc/vesc_msgs) by extension 'colcon_meta'
[2.576s] Level 1:colcon.colcon_core.package_identification:_identify(src/f1tenth_system/vesc/vesc_msgs) by extensions ['ros']
[2.576s] Level 1:colcon.colcon_core.package_identification:_identify(src/f1tenth_system/vesc/vesc_msgs) by extension 'ros'
[2.580s] DEBUG:colcon.colcon_core.package_identification:Package 'src/f1tenth_system/vesc/vesc_msgs' with type 'ros.ament_cmake' and name 'vesc_msgs'
[2.581s] Level 1:colcon.colcon_core.package_identification:_identify(src/install) by extensions ['ignore', 'ignore_ament_install']
[2.581s] Level 1:colcon.colcon_core.package_identification:_identify(src/install) by extension 'ignore'
[2.582s] Level 1:colcon.colcon_core.package_identification:_identify(src/install) ignored
[2.582s] Level 1:colcon.colcon_core.package_identification:_identify(src/log) by extensions ['ignore', 'ignore_ament_install']
[2.583s] Level 1:colcon.colcon_core.package_identification:_identify(src/log) by extension 'ignore'
[2.583s] Level 1:colcon.colcon_core.package_identification:_identify(src/log) ignored
[2.584s] Level 1:colcon.colcon_core.package_identification:_identify(src/map_controller) by extensions ['ignore', 'ignore_ament_install']
[2.584s] Level 1:colcon.colcon_core.package_identification:_identify(src/map_controller) by extension 'ignore'
[2.585s] Level 1:colcon.colcon_core.package_identification:_identify(src/map_controller) by extension 'ignore_ament_install'
[2.585s] Level 1:colcon.colcon_core.package_identification:_identify(src/map_controller) by extensions ['colcon_pkg']
[2.586s] Level 1:colcon.colcon_core.package_identification:_identify(src/map_controller) by extension 'colcon_pkg'
[2.586s] Level 1:colcon.colcon_core.package_identification:_identify(src/map_controller) by extensions ['colcon_meta']
[2.586s] Level 1:colcon.colcon_core.package_identification:_identify(src/map_controller) by extension 'colcon_meta'
[2.587s] Level 1:colcon.colcon_core.package_identification:_identify(src/map_controller) by extensions ['ros']
[2.587s] Level 1:colcon.colcon_core.package_identification:_identify(src/map_controller) by extension 'ros'
[2.593s] DEBUG:colcon.colcon_core.package_identification:Package 'src/map_controller' with type 'ros.ament_python' and name 'map_controller'
[2.594s] Level 1:colcon.colcon_core.package_identification:_identify(src/path_follow) by extensions ['ignore', 'ignore_ament_install']
[2.595s] Level 1:colcon.colcon_core.package_identification:_identify(src/path_follow) by extension 'ignore'
[2.595s] Level 1:colcon.colcon_core.package_identification:_identify(src/path_follow) by extension 'ignore_ament_install'
[2.595s] Level 1:colcon.colcon_core.package_identification:_identify(src/path_follow) by extensions ['colcon_pkg']
[2.595s] Level 1:colcon.colcon_core.package_identification:_identify(src/path_follow) by extension 'colcon_pkg'
[2.596s] Level 1:colcon.colcon_core.package_identification:_identify(src/path_follow) by extensions ['colcon_meta']
[2.596s] Level 1:colcon.colcon_core.package_identification:_identify(src/path_follow) by extension 'colcon_meta'
[2.596s] Level 1:colcon.colcon_core.package_identification:_identify(src/path_follow) by extensions ['ros']
[2.596s] Level 1:colcon.colcon_core.package_identification:_identify(src/path_follow) by extension 'ros'
[2.603s] DEBUG:colcon.colcon_core.package_identification:Package 'src/path_follow' with type 'ros.ament_cmake' and name 'path_follow'
[2.604s] Level 1:colcon.colcon_core.package_identification:_identify(src/pure_pursuit) by extensions ['ignore', 'ignore_ament_install']
[2.604s] Level 1:colcon.colcon_core.package_identification:_identify(src/pure_pursuit) by extension 'ignore'
[2.605s] Level 1:colcon.colcon_core.package_identification:_identify(src/pure_pursuit) by extension 'ignore_ament_install'
[2.605s] Level 1:colcon.colcon_core.package_identification:_identify(src/pure_pursuit) by extensions ['colcon_pkg']
[2.605s] Level 1:colcon.colcon_core.package_identification:_identify(src/pure_pursuit) by extension 'colcon_pkg'
[2.606s] Level 1:colcon.colcon_core.package_identification:_identify(src/pure_pursuit) by extensions ['colcon_meta']
[2.606s] Level 1:colcon.colcon_core.package_identification:_identify(src/pure_pursuit) by extension 'colcon_meta'
[2.606s] Level 1:colcon.colcon_core.package_identification:_identify(src/pure_pursuit) by extensions ['ros']
[2.606s] Level 1:colcon.colcon_core.package_identification:_identify(src/pure_pursuit) by extension 'ros'
[2.612s] DEBUG:colcon.colcon_core.package_identification:Package 'src/pure_pursuit' with type 'ros.ament_cmake' and name 'pure_pursuit'
[2.613s] Level 1:colcon.colcon_core.package_identification:_identify(src/pygame_key_teleop) by extensions ['ignore', 'ignore_ament_install']
[2.614s] Level 1:colcon.colcon_core.package_identification:_identify(src/pygame_key_teleop) by extension 'ignore'
[2.614s] Level 1:colcon.colcon_core.package_identification:_identify(src/pygame_key_teleop) by extension 'ignore_ament_install'
[2.614s] Level 1:colcon.colcon_core.package_identification:_identify(src/pygame_key_teleop) by extensions ['colcon_pkg']
[2.615s] Level 1:colcon.colcon_core.package_identification:_identify(src/pygame_key_teleop) by extension 'colcon_pkg'
[2.615s] Level 1:colcon.colcon_core.package_identification:_identify(src/pygame_key_teleop) by extensions ['colcon_meta']
[2.615s] Level 1:colcon.colcon_core.package_identification:_identify(src/pygame_key_teleop) by extension 'colcon_meta'
[2.615s] Level 1:colcon.colcon_core.package_identification:_identify(src/pygame_key_teleop) by extensions ['ros']
[2.616s] Level 1:colcon.colcon_core.package_identification:_identify(src/pygame_key_teleop) by extension 'ros'
[2.619s] DEBUG:colcon.colcon_core.package_identification:Package 'src/pygame_key_teleop' with type 'ros.ament_python' and name 'pygame_key_teleop'
[2.619s] Level 1:colcon.colcon_core.package_discovery:discover_packages(recursive) using defaults
[2.620s] Level 1:colcon.colcon_core.package_discovery:discover_packages(ignore) discover
[2.620s] Level 1:colcon.colcon_core.package_discovery:discover_packages(ignore) using defaults
[2.620s] Level 1:colcon.colcon_core.package_discovery:discover_packages(path) discover
[2.620s] Level 1:colcon.colcon_core.package_discovery:discover_packages(path) using defaults
[2.794s] Level 1:colcon.colcon_core.package_discovery:discover_packages(prefix_path) check parameters
[2.794s] Level 1:colcon.colcon_core.package_discovery:discover_packages(prefix_path) discover
[2.816s] DEBUG:colcon.colcon_installed_package_information.package_discovery:Found 22 installed packages in /home/f1/f1tenth_ws/install
[2.829s] DEBUG:colcon.colcon_installed_package_information.package_discovery:Found 311 installed packages in /opt/ros/foxy
[2.843s] Level 1:colcon.colcon_core.package_discovery:discover_packages(prefix_path) using defaults
[3.342s] Level 5:colcon.colcon_core.verb:set package 'ackermann_mux' build argument 'cmake_args' from command line to '['-DCMAKE_BUILD_TYPE=Release']'
[3.342s] Level 5:colcon.colcon_core.verb:set package 'ackermann_mux' build argument 'cmake_target' from command line to 'None'
[3.342s] Level 5:colcon.colcon_core.verb:set package 'ackermann_mux' build argument 'cmake_target_skip_unavailable' from command line to 'False'
[3.343s] Level 5:colcon.colcon_core.verb:set package 'ackermann_mux' build argument 'cmake_clean_cache' from command line to 'False'
[3.343s] Level 5:colcon.colcon_core.verb:set package 'ackermann_mux' build argument 'cmake_clean_first' from command line to 'False'
[3.343s] Level 5:colcon.colcon_core.verb:set package 'ackermann_mux' build argument 'cmake_force_configure' from command line to 'False'
[3.343s] Level 5:colcon.colcon_core.verb:set package 'ackermann_mux' build argument 'ament_cmake_args' from command line to 'None'
[3.343s] Level 5:colcon.colcon_core.verb:set package 'ackermann_mux' build argument 'catkin_cmake_args' from command line to 'None'
[3.344s] Level 5:colcon.colcon_core.verb:set package 'ackermann_mux' build argument 'catkin_skip_building_tests' from command line to 'False'
[3.344s] DEBUG:colcon.colcon_core.verb:Building package 'ackermann_mux' with the following arguments: {'ament_cmake_args': None, 'build_base': '/home/f1/f1tenth_ws/build/ackermann_mux', 'catkin_cmake_args': None, 'catkin_skip_building_tests': False, 'cmake_args': ['-DCMAKE_BUILD_TYPE=Release'], 'cmake_clean_cache': False, 'cmake_clean_first': False, 'cmake_force_configure': False, 'cmake_target': None, 'cmake_target_skip_unavailable': False, 'install_base': '/home/f1/f1tenth_ws/install/ackermann_mux', 'merge_install': False, 'path': '/home/f1/f1tenth_ws/src/f1tenth_system/ackermann_mux', 'symlink_install': True, 'test_result_base': None}
[3.346s] Level 5:colcon.colcon_core.verb:set package 'center_follow_cpp' build argument 'cmake_args' from command line to '['-DCMAKE_BUILD_TYPE=Release']'
[3.346s] Level 5:colcon.colcon_core.verb:set package 'center_follow_cpp' build argument 'cmake_target' from command line to 'None'
[3.347s] Level 5:colcon.colcon_core.verb:set package 'center_follow_cpp' build argument 'cmake_target_skip_unavailable' from command line to 'False'
[3.347s] Level 5:colcon.colcon_core.verb:set package 'center_follow_cpp' build argument 'cmake_clean_cache' from command line to 'False'
[3.347s] Level 5:colcon.colcon_core.verb:set package 'center_follow_cpp' build argument 'cmake_clean_first' from command line to 'False'
[3.347s] Level 5:colcon.colcon_core.verb:set package 'center_follow_cpp' build argument 'cmake_force_configure' from command line to 'False'
[3.347s] Level 5:colcon.colcon_core.verb:set package 'center_follow_cpp' build argument 'ament_cmake_args' from command line to 'None'
[3.347s] Level 5:colcon.colcon_core.verb:set package 'center_follow_cpp' build argument 'catkin_cmake_args' from command line to 'None'
[3.348s] Level 5:colcon.colcon_core.verb:set package 'center_follow_cpp' build argument 'catkin_skip_building_tests' from command line to 'False'
[3.348s] DEBUG:colcon.colcon_core.verb:Building package 'center_follow_cpp' with the following arguments: {'ament_cmake_args': None, 'build_base': '/home/f1/f1tenth_ws/build/center_follow_cpp', 'catkin_cmake_args': None, 'catkin_skip_building_tests': False, 'cmake_args': ['-DCMAKE_BUILD_TYPE=Release'], 'cmake_clean_cache': False, 'cmake_clean_first': False, 'cmake_force_configure': False, 'cmake_target': None, 'cmake_target_skip_unavailable': False, 'install_base': '/home/f1/f1tenth_ws/install/center_follow_cpp', 'merge_install': False, 'path': '/home/f1/f1tenth_ws/src/center_follow_cpp', 'symlink_install': True, 'test_result_base': None}
[3.350s] Level 5:colcon.colcon_core.verb:set package 'key_teleop' build argument 'cmake_args' from command line to '['-DCMAKE_BUILD_TYPE=Release']'
[3.350s] Level 5:colcon.colcon_core.verb:set package 'key_teleop' build argument 'cmake_target' from command line to 'None'
[3.350s] Level 5:colcon.colcon_core.verb:set package 'key_teleop' build argument 'cmake_target_skip_unavailable' from command line to 'False'
[3.351s] Level 5:colcon.colcon_core.verb:set package 'key_teleop' build argument 'cmake_clean_cache' from command line to 'False'
[3.351s] Level 5:colcon.colcon_core.verb:set package 'key_teleop' build argument 'cmake_clean_first' from command line to 'False'
[3.351s] Level 5:colcon.colcon_core.verb:set package 'key_teleop' build argument 'cmake_force_configure' from command line to 'False'
[3.351s] Level 5:colcon.colcon_core.verb:set package 'key_teleop' build argument 'ament_cmake_args' from command line to 'None'
[3.351s] Level 5:colcon.colcon_core.verb:set package 'key_teleop' build argument 'catkin_cmake_args' from command line to 'None'
[3.351s] Level 5:colcon.colcon_core.verb:set package 'key_teleop' build argument 'catkin_skip_building_tests' from command line to 'False'
[3.352s] DEBUG:colcon.colcon_core.verb:Building package 'key_teleop' with the following arguments: {'ament_cmake_args': None, 'build_base': '/home/f1/f1tenth_ws/build/key_teleop', 'catkin_cmake_args': None, 'catkin_skip_building_tests': False, 'cmake_args': ['-DCMAKE_BUILD_TYPE=Release'], 'cmake_clean_cache': False, 'cmake_clean_first': False, 'cmake_force_configure': False, 'cmake_target': None, 'cmake_target_skip_unavailable': False, 'install_base': '/home/f1/f1tenth_ws/install/key_teleop', 'merge_install': False, 'path': '/home/f1/f1tenth_ws/src/f1tenth_system/teleop_tools/key_teleop', 'symlink_install': True, 'test_result_base': None}
[3.354s] Level 5:colcon.colcon_core.verb:set package 'map_controller' build argument 'cmake_args' from command line to '['-DCMAKE_BUILD_TYPE=Release']'
[3.354s] Level 5:colcon.colcon_core.verb:set package 'map_controller' build argument 'cmake_target' from command line to 'None'
[3.354s] Level 5:colcon.colcon_core.verb:set package 'map_controller' build argument 'cmake_target_skip_unavailable' from command line to 'False'
[3.354s] Level 5:colcon.colcon_core.verb:set package 'map_controller' build argument 'cmake_clean_cache' from command line to 'False'
[3.354s] Level 5:colcon.colcon_core.verb:set package 'map_controller' build argument 'cmake_clean_first' from command line to 'False'
[3.355s] Level 5:colcon.colcon_core.verb:set package 'map_controller' build argument 'cmake_force_configure' from command line to 'False'
[3.355s] Level 5:colcon.colcon_core.verb:set package 'map_controller' build argument 'ament_cmake_args' from command line to 'None'
[3.355s] Level 5:colcon.colcon_core.verb:set package 'map_controller' build argument 'catkin_cmake_args' from command line to 'None'
[3.355s] Level 5:colcon.colcon_core.verb:set package 'map_controller' build argument 'catkin_skip_building_tests' from command line to 'False'
[3.355s] DEBUG:colcon.colcon_core.verb:Building package 'map_controller' with the following arguments: {'ament_cmake_args': None, 'build_base': '/home/f1/f1tenth_ws/build/map_controller', 'catkin_cmake_args': None, 'catkin_skip_building_tests': False, 'cmake_args': ['-DCMAKE_BUILD_TYPE=Release'], 'cmake_clean_cache': False, 'cmake_clean_first': False, 'cmake_force_configure': False, 'cmake_target': None, 'cmake_target_skip_unavailable': False, 'install_base': '/home/f1/f1tenth_ws/install/map_controller', 'merge_install': False, 'path': '/home/f1/f1tenth_ws/src/map_controller', 'symlink_install': True, 'test_result_base': None}
[3.357s] Level 5:colcon.colcon_core.verb:set package 'mouse_teleop' build argument 'cmake_args' from command line to '['-DCMAKE_BUILD_TYPE=Release']'
[3.358s] Level 5:colcon.colcon_core.verb:set package 'mouse_teleop' build argument 'cmake_target' from command line to 'None'
[3.358s] Level 5:colcon.colcon_core.verb:set package 'mouse_teleop' build argument 'cmake_target_skip_unavailable' from command line to 'False'
[3.358s] Level 5:colcon.colcon_core.verb:set package 'mouse_teleop' build argument 'cmake_clean_cache' from command line to 'False'
[3.358s] Level 5:colcon.colcon_core.verb:set package 'mouse_teleop' build argument 'cmake_clean_first' from command line to 'False'
[3.358s] Level 5:colcon.colcon_core.verb:set package 'mouse_teleop' build argument 'cmake_force_configure' from command line to 'False'
[3.359s] Level 5:colcon.colcon_core.verb:set package 'mouse_teleop' build argument 'ament_cmake_args' from command line to 'None'
[3.359s] Level 5:colcon.colcon_core.verb:set package 'mouse_teleop' build argument 'catkin_cmake_args' from command line to 'None'
[3.359s] Level 5:colcon.colcon_core.verb:set package 'mouse_teleop' build argument 'catkin_skip_building_tests' from command line to 'False'
[3.359s] DEBUG:colcon.colcon_core.verb:Building package 'mouse_teleop' with the following arguments: {'ament_cmake_args': None, 'build_base': '/home/f1/f1tenth_ws/build/mouse_teleop', 'catkin_cmake_args': None, 'catkin_skip_building_tests': False, 'cmake_args': ['-DCMAKE_BUILD_TYPE=Release'], 'cmake_clean_cache': False, 'cmake_clean_first': False, 'cmake_force_configure': False, 'cmake_target': None, 'cmake_target_skip_unavailable': False, 'install_base': '/home/f1/f1tenth_ws/install/mouse_teleop', 'merge_install': False, 'path': '/home/f1/f1tenth_ws/src/f1tenth_system/teleop_tools/mouse_teleop', 'symlink_install': True, 'test_result_base': None}
[3.361s] Level 5:colcon.colcon_core.verb:set package 'path_follow' build argument 'cmake_args' from command line to '['-DCMAKE_BUILD_TYPE=Release']'
[3.361s] Level 5:colcon.colcon_core.verb:set package 'path_follow' build argument 'cmake_target' from command line to 'None'
[3.362s] Level 5:colcon.colcon_core.verb:set package 'path_follow' build argument 'cmake_target_skip_unavailable' from command line to 'False'
[3.362s] Level 5:colcon.colcon_core.verb:set package 'path_follow' build argument 'cmake_clean_cache' from command line to 'False'
[3.362s] Level 5:colcon.colcon_core.verb:set package 'path_follow' build argument 'cmake_clean_first' from command line to 'False'
[3.362s] Level 5:colcon.colcon_core.verb:set package 'path_follow' build argument 'cmake_force_configure' from command line to 'False'
[3.362s] Level 5:colcon.colcon_core.verb:set package 'path_follow' build argument 'ament_cmake_args' from command line to 'None'
[3.362s] Level 5:colcon.colcon_core.verb:set package 'path_follow' build argument 'catkin_cmake_args' from command line to 'None'
[3.363s] Level 5:colcon.colcon_core.verb:set package 'path_follow' build argument 'catkin_skip_building_tests' from command line to 'False'
[3.363s] DEBUG:colcon.colcon_core.verb:Building package 'path_follow' with the following arguments: {'ament_cmake_args': None, 'build_base': '/home/f1/f1tenth_ws/build/path_follow', 'catkin_cmake_args': None, 'catkin_skip_building_tests': False, 'cmake_args': ['-DCMAKE_BUILD_TYPE=Release'], 'cmake_clean_cache': False, 'cmake_clean_first': False, 'cmake_force_configure': False, 'cmake_target': None, 'cmake_target_skip_unavailable': False, 'install_base': '/home/f1/f1tenth_ws/install/path_follow', 'merge_install': False, 'path': '/home/f1/f1tenth_ws/src/path_follow', 'symlink_install': True, 'test_result_base': None}
[3.365s] Level 5:colcon.colcon_core.verb:set package 'pure_pursuit' build argument 'cmake_args' from command line to '['-DCMAKE_BUILD_TYPE=Release']'
[3.365s] Level 5:colcon.colcon_core.verb:set package 'pure_pursuit' build argument 'cmake_target' from command line to 'None'
[3.365s] Level 5:colcon.colcon_core.verb:set package 'pure_pursuit' build argument 'cmake_target_skip_unavailable' from command line to 'False'
[3.366s] Level 5:colcon.colcon_core.verb:set package 'pure_pursuit' build argument 'cmake_clean_cache' from command line to 'False'
[3.366s] Level 5:colcon.colcon_core.verb:set package 'pure_pursuit' build argument 'cmake_clean_first' from command line to 'False'
[3.366s] Level 5:colcon.colcon_core.verb:set package 'pure_pursuit' build argument 'cmake_force_configure' from command line to 'False'
[3.366s] Level 5:colcon.colcon_core.verb:set package 'pure_pursuit' build argument 'ament_cmake_args' from command line to 'None'
[3.366s] Level 5:colcon.colcon_core.verb:set package 'pure_pursuit' build argument 'catkin_cmake_args' from command line to 'None'
[3.367s] Level 5:colcon.colcon_core.verb:set package 'pure_pursuit' build argument 'catkin_skip_building_tests' from command line to 'False'
[3.367s] DEBUG:colcon.colcon_core.verb:Building package 'pure_pursuit' with the following arguments: {'ament_cmake_args': None, 'build_base': '/home/f1/f1tenth_ws/build/pure_pursuit', 'catkin_cmake_args': None, 'catkin_skip_building_tests': False, 'cmake_args': ['-DCMAKE_BUILD_TYPE=Release'], 'cmake_clean_cache': False, 'cmake_clean_first': False, 'cmake_force_configure': False, 'cmake_target': None, 'cmake_target_skip_unavailable': False, 'install_base': '/home/f1/f1tenth_ws/install/pure_pursuit', 'merge_install': False, 'path': '/home/f1/f1tenth_ws/src/pure_pursuit', 'symlink_install': True, 'test_result_base': None}
[3.369s] Level 5:colcon.colcon_core.verb:set package 'pygame_key_teleop' build argument 'cmake_args' from command line to '['-DCMAKE_BUILD_TYPE=Release']'
[3.369s] Level 5:colcon.colcon_core.verb:set package 'pygame_key_teleop' build argument 'cmake_target' from command line to 'None'
[3.371s] Level 5:colcon.colcon_core.verb:set package 'pygame_key_teleop' build argument 'cmake_target_skip_unavailable' from command line to 'False'
[3.371s] Level 5:colcon.colcon_core.verb:set package 'pygame_key_teleop' build argument 'cmake_clean_cache' from command line to 'False'
[3.372s] Level 5:colcon.colcon_core.verb:set package 'pygame_key_teleop' build argument 'cmake_clean_first' from command line to 'False'
[3.373s] Level 5:colcon.colcon_core.verb:set package 'pygame_key_teleop' build argument 'cmake_force_configure' from command line to 'False'
[3.373s] Level 5:colcon.colcon_core.verb:set package 'pygame_key_teleop' build argument 'ament_cmake_args' from command line to 'None'
[3.373s] Level 5:colcon.colcon_core.verb:set package 'pygame_key_teleop' build argument 'catkin_cmake_args' from command line to 'None'
[3.373s] Level 5:colcon.colcon_core.verb:set package 'pygame_key_teleop' build argument 'catkin_skip_building_tests' from command line to 'False'
[3.374s] DEBUG:colcon.colcon_core.verb:Building package 'pygame_key_teleop' with the following arguments: {'ament_cmake_args': None, 'build_base': '/home/f1/f1tenth_ws/build/pygame_key_teleop', 'catkin_cmake_args': None, 'catkin_skip_building_tests': False, 'cmake_args': ['-DCMAKE_BUILD_TYPE=Release'], 'cmake_clean_cache': False, 'cmake_clean_first': False, 'cmake_force_configure': False, 'cmake_target': None, 'cmake_target_skip_unavailable': False, 'install_base': '/home/f1/f1tenth_ws/install/pygame_key_teleop', 'merge_install': False, 'path': '/home/f1/f1tenth_ws/src/pygame_key_teleop', 'symlink_install': True, 'test_result_base': None}
[3.376s] Level 5:colcon.colcon_core.verb:set package 'teleop_tools_msgs' build argument 'cmake_args' from command line to '['-DCMAKE_BUILD_TYPE=Release']'
[3.376s] Level 5:colcon.colcon_core.verb:set package 'teleop_tools_msgs' build argument 'cmake_target' from command line to 'None'
[3.376s] Level 5:colcon.colcon_core.verb:set package 'teleop_tools_msgs' build argument 'cmake_target_skip_unavailable' from command line to 'False'
[3.377s] Level 5:colcon.colcon_core.verb:set package 'teleop_tools_msgs' build argument 'cmake_clean_cache' from command line to 'False'
[3.377s] Level 5:colcon.colcon_core.verb:set package 'teleop_tools_msgs' build argument 'cmake_clean_first' from command line to 'False'
[3.377s] Level 5:colcon.colcon_core.verb:set package 'teleop_tools_msgs' build argument 'cmake_force_configure' from command line to 'False'
[3.377s] Level 5:colcon.colcon_core.verb:set package 'teleop_tools_msgs' build argument 'ament_cmake_args' from command line to 'None'
[3.377s] Level 5:colcon.colcon_core.verb:set package 'teleop_tools_msgs' build argument 'catkin_cmake_args' from command line to 'None'
[3.378s] Level 5:colcon.colcon_core.verb:set package 'teleop_tools_msgs' build argument 'catkin_skip_building_tests' from command line to 'False'
[3.378s] DEBUG:colcon.colcon_core.verb:Building package 'teleop_tools_msgs' with the following arguments: {'ament_cmake_args': None, 'build_base': '/home/f1/f1tenth_ws/build/teleop_tools_msgs', 'catkin_cmake_args': None, 'catkin_skip_building_tests': False, 'cmake_args': ['-DCMAKE_BUILD_TYPE=Release'], 'cmake_clean_cache': False, 'cmake_clean_first': False, 'cmake_force_configure': False, 'cmake_target': None, 'cmake_target_skip_unavailable': False, 'install_base': '/home/f1/f1tenth_ws/install/teleop_tools_msgs', 'merge_install': False, 'path': '/home/f1/f1tenth_ws/src/f1tenth_system/teleop_tools/teleop_tools_msgs', 'symlink_install': True, 'test_result_base': None}
[3.380s] Level 5:colcon.colcon_core.verb:set package 'vesc_msgs' build argument 'cmake_args' from command line to '['-DCMAKE_BUILD_TYPE=Release']'
[3.380s] Level 5:colcon.colcon_core.verb:set package 'vesc_msgs' build argument 'cmake_target' from command line to 'None'
[3.380s] Level 5:colcon.colcon_core.verb:set package 'vesc_msgs' build argument 'cmake_target_skip_unavailable' from command line to 'False'
[3.381s] Level 5:colcon.colcon_core.verb:set package 'vesc_msgs' build argument 'cmake_clean_cache' from command line to 'False'
[3.381s] Level 5:colcon.colcon_core.verb:set package 'vesc_msgs' build argument 'cmake_clean_first' from command line to 'False'
[3.381s] Level 5:colcon.colcon_core.verb:set package 'vesc_msgs' build argument 'cmake_force_configure' from command line to 'False'
[3.381s] Level 5:colcon.colcon_core.verb:set package 'vesc_msgs' build argument 'ament_cmake_args' from command line to 'None'
[3.381s] Level 5:colcon.colcon_core.verb:set package 'vesc_msgs' build argument 'catkin_cmake_args' from command line to 'None'
[3.382s] Level 5:colcon.colcon_core.verb:set package 'vesc_msgs' build argument 'catkin_skip_building_tests' from command line to 'False'
[3.382s] DEBUG:colcon.colcon_core.verb:Building package 'vesc_msgs' with the following arguments: {'ament_cmake_args': None, 'build_base': '/home/f1/f1tenth_ws/build/vesc_msgs', 'catkin_cmake_args': None, 'catkin_skip_building_tests': False, 'cmake_args': ['-DCMAKE_BUILD_TYPE=Release'], 'cmake_clean_cache': False, 'cmake_clean_first': False, 'cmake_force_configure': False, 'cmake_target': None, 'cmake_target_skip_unavailable': False, 'install_base': '/home/f1/f1tenth_ws/install/vesc_msgs', 'merge_install': False, 'path': '/home/f1/f1tenth_ws/src/f1tenth_system/vesc/vesc_msgs', 'symlink_install': True, 'test_result_base': None}
[3.384s] Level 5:colcon.colcon_core.verb:set package 'joy_teleop' build argument 'cmake_args' from command line to '['-DCMAKE_BUILD_TYPE=Release']'
[3.384s] Level 5:colcon.colcon_core.verb:set package 'joy_teleop' build argument 'cmake_target' from command line to 'None'
[3.384s] Level 5:colcon.colcon_core.verb:set package 'joy_teleop' build argument 'cmake_target_skip_unavailable' from command line to 'False'
[3.385s] Level 5:colcon.colcon_core.verb:set package 'joy_teleop' build argument 'cmake_clean_cache' from command line to 'False'
[3.385s] Level 5:colcon.colcon_core.verb:set package 'joy_teleop' build argument 'cmake_clean_first' from command line to 'False'
[3.385s] Level 5:colcon.colcon_core.verb:set package 'joy_teleop' build argument 'cmake_force_configure' from command line to 'False'
[3.385s] Level 5:colcon.colcon_core.verb:set package 'joy_teleop' build argument 'ament_cmake_args' from command line to 'None'
[3.385s] Level 5:colcon.colcon_core.verb:set package 'joy_teleop' build argument 'catkin_cmake_args' from command line to 'None'
[3.385s] Level 5:colcon.colcon_core.verb:set package 'joy_teleop' build argument 'catkin_skip_building_tests' from command line to 'False'
[3.386s] DEBUG:colcon.colcon_core.verb:Building package 'joy_teleop' with the following arguments: {'ament_cmake_args': None, 'build_base': '/home/f1/f1tenth_ws/build/joy_teleop', 'catkin_cmake_args': None, 'catkin_skip_building_tests': False, 'cmake_args': ['-DCMAKE_BUILD_TYPE=Release'], 'cmake_clean_cache': False, 'cmake_clean_first': False, 'cmake_force_configure': False, 'cmake_target': None, 'cmake_target_skip_unavailable': False, 'install_base': '/home/f1/f1tenth_ws/install/joy_teleop', 'merge_install': False, 'path': '/home/f1/f1tenth_ws/src/f1tenth_system/teleop_tools/joy_teleop', 'symlink_install': True, 'test_result_base': None}
[3.388s] Level 5:colcon.colcon_core.verb:set package 'vesc_ackermann' build argument 'cmake_args' from command line to '['-DCMAKE_BUILD_TYPE=Release']'
[3.388s] Level 5:colcon.colcon_core.verb:set package 'vesc_ackermann' build argument 'cmake_target' from command line to 'None'
[3.388s] Level 5:colcon.colcon_core.verb:set package 'vesc_ackermann' build argument 'cmake_target_skip_unavailable' from command line to 'False'
[3.388s] Level 5:colcon.colcon_core.verb:set package 'vesc_ackermann' build argument 'cmake_clean_cache' from command line to 'False'
[3.389s] Level 5:colcon.colcon_core.verb:set package 'vesc_ackermann' build argument 'cmake_clean_first' from command line to 'False'
[3.389s] Level 5:colcon.colcon_core.verb:set package 'vesc_ackermann' build argument 'cmake_force_configure' from command line to 'False'
[3.389s] Level 5:colcon.colcon_core.verb:set package 'vesc_ackermann' build argument 'ament_cmake_args' from command line to 'None'
[3.389s] Level 5:colcon.colcon_core.verb:set package 'vesc_ackermann' build argument 'catkin_cmake_args' from command line to 'None'
[3.389s] Level 5:colcon.colcon_core.verb:set package 'vesc_ackermann' build argument 'catkin_skip_building_tests' from command line to 'False'
[3.390s] DEBUG:colcon.colcon_core.verb:Building package 'vesc_ackermann' with the following arguments: {'ament_cmake_args': None, 'build_base': '/home/f1/f1tenth_ws/build/vesc_ackermann', 'catkin_cmake_args': None, 'catkin_skip_building_tests': False, 'cmake_args': ['-DCMAKE_BUILD_TYPE=Release'], 'cmake_clean_cache': False, 'cmake_clean_first': False, 'cmake_force_configure': False, 'cmake_target': None, 'cmake_target_skip_unavailable': False, 'install_base': '/home/f1/f1tenth_ws/install/vesc_ackermann', 'merge_install': False, 'path': '/home/f1/f1tenth_ws/src/f1tenth_system/vesc/vesc_ackermann', 'symlink_install': True, 'test_result_base': None}
[3.391s] Level 5:colcon.colcon_core.verb:set package 'vesc_driver' build argument 'cmake_args' from command line to '['-DCMAKE_BUILD_TYPE=Release']'
[3.392s] Level 5:colcon.colcon_core.verb:set package 'vesc_driver' build argument 'cmake_target' from command line to 'None'
[3.392s] Level 5:colcon.colcon_core.verb:set package 'vesc_driver' build argument 'cmake_target_skip_unavailable' from command line to 'False'
[3.392s] Level 5:colcon.colcon_core.verb:set package 'vesc_driver' build argument 'cmake_clean_cache' from command line to 'False'
[3.392s] Level 5:colcon.colcon_core.verb:set package 'vesc_driver' build argument 'cmake_clean_first' from command line to 'False'
[3.392s] Level 5:colcon.colcon_core.verb:set package 'vesc_driver' build argument 'cmake_force_configure' from command line to 'False'
[3.393s] Level 5:colcon.colcon_core.verb:set package 'vesc_driver' build argument 'ament_cmake_args' from command line to 'None'
[3.393s] Level 5:colcon.colcon_core.verb:set package 'vesc_driver' build argument 'catkin_cmake_args' from command line to 'None'
[3.393s] Level 5:colcon.colcon_core.verb:set package 'vesc_driver' build argument 'catkin_skip_building_tests' from command line to 'False'
[3.393s] DEBUG:colcon.colcon_core.verb:Building package 'vesc_driver' with the following arguments: {'ament_cmake_args': None, 'build_base': '/home/f1/f1tenth_ws/build/vesc_driver', 'catkin_cmake_args': None, 'catkin_skip_building_tests': False, 'cmake_args': ['-DCMAKE_BUILD_TYPE=Release'], 'cmake_clean_cache': False, 'cmake_clean_first': False, 'cmake_force_configure': False, 'cmake_target': None, 'cmake_target_skip_unavailable': False, 'install_base': '/home/f1/f1tenth_ws/install/vesc_driver', 'merge_install': False, 'path': '/home/f1/f1tenth_ws/src/f1tenth_system/vesc/vesc_driver', 'symlink_install': True, 'test_result_base': None}
[3.395s] Level 5:colcon.colcon_core.verb:set package 'teleop_tools' build argument 'cmake_args' from command line to '['-DCMAKE_BUILD_TYPE=Release']'
[3.395s] Level 5:colcon.colcon_core.verb:set package 'teleop_tools' build argument 'cmake_target' from command line to 'None'
[3.396s] Level 5:colcon.colcon_core.verb:set package 'teleop_tools' build argument 'cmake_target_skip_unavailable' from command line to 'False'
[3.396s] Level 5:colcon.colcon_core.verb:set package 'teleop_tools' build argument 'cmake_clean_cache' from command line to 'False'
[3.397s] Level 5:colcon.colcon_core.verb:set package 'teleop_tools' build argument 'cmake_clean_first' from command line to 'False'
[3.397s] Level 5:colcon.colcon_core.verb:set package 'teleop_tools' build argument 'cmake_force_configure' from command line to 'False'
[3.397s] Level 5:colcon.colcon_core.verb:set package 'teleop_tools' build argument 'ament_cmake_args' from command line to 'None'
[3.397s] Level 5:colcon.colcon_core.verb:set package 'teleop_tools' build argument 'catkin_cmake_args' from command line to 'None'
[3.397s] Level 5:colcon.colcon_core.verb:set package 'teleop_tools' build argument 'catkin_skip_building_tests' from command line to 'False'
[3.398s] DEBUG:colcon.colcon_core.verb:Building package 'teleop_tools' with the following arguments: {'ament_cmake_args': None, 'build_base': '/home/f1/f1tenth_ws/build/teleop_tools', 'catkin_cmake_args': None, 'catkin_skip_building_tests': False, 'cmake_args': ['-DCMAKE_BUILD_TYPE=Release'], 'cmake_clean_cache': False, 'cmake_clean_first': False, 'cmake_force_configure': False, 'cmake_target': None, 'cmake_target_skip_unavailable': False, 'install_base': '/home/f1/f1tenth_ws/install/teleop_tools', 'merge_install': False, 'path': '/home/f1/f1tenth_ws/src/f1tenth_system/teleop_tools/teleop_tools', 'symlink_install': True, 'test_result_base': None}
[3.400s] Level 5:colcon.colcon_core.verb:set package 'vesc' build argument 'cmake_args' from command line to '['-DCMAKE_BUILD_TYPE=Release']'
[3.400s] Level 5:colcon.colcon_core.verb:set package 'vesc' build argument 'cmake_target' from command line to 'None'
[3.400s] Level 5:colcon.colcon_core.verb:set package 'vesc' build argument 'cmake_target_skip_unavailable' from command line to 'False'
[3.400s] Level 5:colcon.colcon_core.verb:set package 'vesc' build argument 'cmake_clean_cache' from command line to 'False'
[3.401s] Level 5:colcon.colcon_core.verb:set package 'vesc' build argument 'cmake_clean_first' from command line to 'False'
[3.401s] Level 5:colcon.colcon_core.verb:set package 'vesc' build argument 'cmake_force_configure' from command line to 'False'
[3.401s] Level 5:colcon.colcon_core.verb:set package 'vesc' build argument 'ament_cmake_args' from command line to 'None'
[3.401s] Level 5:colcon.colcon_core.verb:set package 'vesc' build argument 'catkin_cmake_args' from command line to 'None'
[3.401s] Level 5:colcon.colcon_core.verb:set package 'vesc' build argument 'catkin_skip_building_tests' from command line to 'False'
[3.401s] DEBUG:colcon.colcon_core.verb:Building package 'vesc' with the following arguments: {'ament_cmake_args': None, 'build_base': '/home/f1/f1tenth_ws/build/vesc', 'catkin_cmake_args': None, 'catkin_skip_building_tests': False, 'cmake_args': ['-DCMAKE_BUILD_TYPE=Release'], 'cmake_clean_cache': False, 'cmake_clean_first': False, 'cmake_force_configure': False, 'cmake_target': None, 'cmake_target_skip_unavailable': False, 'install_base': '/home/f1/f1tenth_ws/install/vesc', 'merge_install': False, 'path': '/home/f1/f1tenth_ws/src/f1tenth_system/vesc/vesc', 'symlink_install': True, 'test_result_base': None}
[3.403s] Level 5:colcon.colcon_core.verb:set package 'f1tenth_stack' build argument 'cmake_args' from command line to '['-DCMAKE_BUILD_TYPE=Release']'
[3.404s] Level 5:colcon.colcon_core.verb:set package 'f1tenth_stack' build argument 'cmake_target' from command line to 'None'
[3.404s] Level 5:colcon.colcon_core.verb:set package 'f1tenth_stack' build argument 'cmake_target_skip_unavailable' from command line to 'False'
[3.404s] Level 5:colcon.colcon_core.verb:set package 'f1tenth_stack' build argument 'cmake_clean_cache' from command line to 'False'
[3.404s] Level 5:colcon.colcon_core.verb:set package 'f1tenth_stack' build argument 'cmake_clean_first' from command line to 'False'
[3.404s] Level 5:colcon.colcon_core.verb:set package 'f1tenth_stack' build argument 'cmake_force_configure' from command line to 'False'
[3.405s] Level 5:colcon.colcon_core.verb:set package 'f1tenth_stack' build argument 'ament_cmake_args' from command line to 'None'
[3.405s] Level 5:colcon.colcon_core.verb:set package 'f1tenth_stack' build argument 'catkin_cmake_args' from command line to 'None'
[3.405s] Level 5:colcon.colcon_core.verb:set package 'f1tenth_stack' build argument 'catkin_skip_building_tests' from command line to 'False'
[3.405s] DEBUG:colcon.colcon_core.verb:Building package 'f1tenth_stack' with the following arguments: {'ament_cmake_args': None, 'build_base': '/home/f1/f1tenth_ws/build/f1tenth_stack', 'catkin_cmake_args': None, 'catkin_skip_building_tests': False, 'cmake_args': ['-DCMAKE_BUILD_TYPE=Release'], 'cmake_clean_cache': False, 'cmake_clean_first': False, 'cmake_force_configure': False, 'cmake_target': None, 'cmake_target_skip_unavailable': False, 'install_base': '/home/f1/f1tenth_ws/install/f1tenth_stack', 'merge_install': False, 'path': '/home/f1/f1tenth_ws/src/f1tenth_system/f1tenth_stack', 'symlink_install': True, 'test_result_base': None}
[3.407s] Level 5:colcon.colcon_core.verb:set package 'f1tenth_slam_nav' build argument 'cmake_args' from command line to '['-DCMAKE_BUILD_TYPE=Release']'
[3.408s] Level 5:colcon.colcon_core.verb:set package 'f1tenth_slam_nav' build argument 'cmake_target' from command line to 'None'
[3.408s] Level 5:colcon.colcon_core.verb:set package 'f1tenth_slam_nav' build argument 'cmake_target_skip_unavailable' from command line to 'False'
[3.408s] Level 5:colcon.colcon_core.verb:set package 'f1tenth_slam_nav' build argument 'cmake_clean_cache' from command line to 'False'
[3.408s] Level 5:colcon.colcon_core.verb:set package 'f1tenth_slam_nav' build argument 'cmake_clean_first' from command line to 'False'
[3.408s] Level 5:colcon.colcon_core.verb:set package 'f1tenth_slam_nav' build argument 'cmake_force_configure' from command line to 'False'
[3.409s] Level 5:colcon.colcon_core.verb:set package 'f1tenth_slam_nav' build argument 'ament_cmake_args' from command line to 'None'
[3.409s] Level 5:colcon.colcon_core.verb:set package 'f1tenth_slam_nav' build argument 'catkin_cmake_args' from command line to 'None'
[3.409s] Level 5:colcon.colcon_core.verb:set package 'f1tenth_slam_nav' build argument 'catkin_skip_building_tests' from command line to 'False'
[3.409s] DEBUG:colcon.colcon_core.verb:Building package 'f1tenth_slam_nav' with the following arguments: {'ament_cmake_args': None, 'build_base': '/home/f1/f1tenth_ws/build/f1tenth_slam_nav', 'catkin_cmake_args': None, 'catkin_skip_building_tests': False, 'cmake_args': ['-DCMAKE_BUILD_TYPE=Release'], 'cmake_clean_cache': False, 'cmake_clean_first': False, 'cmake_force_configure': False, 'cmake_target': None, 'cmake_target_skip_unavailable': False, 'install_base': '/home/f1/f1tenth_ws/install/f1tenth_slam_nav', 'merge_install': False, 'path': '/home/f1/f1tenth_ws/src/f1tenth_slam_nav', 'symlink_install': True, 'test_result_base': None}
[3.410s] INFO:colcon.colcon_core.executor:Executing jobs using 'parallel' executor
[3.416s] DEBUG:colcon.colcon_parallel_executor.executor.parallel:run_until_complete
[3.418s] INFO:colcon.colcon_ros.task.ament_cmake.build:Building ROS package in '/home/f1/f1tenth_ws/src/f1tenth_system/vesc/vesc_msgs' with build type 'ament_cmake'
[3.419s] INFO:colcon.colcon_cmake.task.cmake.build:Building CMake package in '/home/f1/f1tenth_ws/src/f1tenth_system/vesc/vesc_msgs'
[3.437s] INFO:colcon.colcon_core.plugin_system:Skipping extension 'colcon_core.shell.bat': Not used on non-Windows systems
[3.439s] INFO:colcon.colcon_core.shell:Skip shell extension 'powershell' for command environment: Not usable outside of PowerShell
[3.439s] DEBUG:colcon.colcon_core.shell:Skip shell extension 'dsv' for command environment
[3.489s] INFO:colcon.colcon_ros.task.ament_cmake.build:Building ROS package in '/home/f1/f1tenth_ws/src/f1tenth_system/teleop_tools/teleop_tools_msgs' with build type 'ament_cmake'
[3.492s] INFO:colcon.colcon_cmake.task.cmake.build:Building CMake package in '/home/f1/f1tenth_ws/src/f1tenth_system/teleop_tools/teleop_tools_msgs'
[3.497s] INFO:colcon.colcon_core.shell:Skip shell extension 'powershell' for command environment: Not usable outside of PowerShell
[3.499s] DEBUG:colcon.colcon_core.shell:Skip shell extension 'dsv' for command environment
[3.554s] INFO:colcon.colcon_ros.task.ament_cmake.build:Building ROS package in '/home/f1/f1tenth_ws/src/f1tenth_system/ackermann_mux' with build type 'ament_cmake'
[3.557s] INFO:colcon.colcon_cmake.task.cmake.build:Building CMake package in '/home/f1/f1tenth_ws/src/f1tenth_system/ackermann_mux'
[3.563s] INFO:colcon.colcon_core.shell:Skip shell extension 'powershell' for command environment: Not usable outside of PowerShell
[3.564s] DEBUG:colcon.colcon_core.shell:Skip shell extension 'dsv' for command environment
[3.615s] INFO:colcon.colcon_ros.task.ament_python.build:Building ROS package in '/home/f1/f1tenth_ws/src/f1tenth_system/teleop_tools/key_teleop' with build type 'ament_python'
[3.621s] Level 1:colcon.colcon_core.shell:create_environment_hook('key_teleop', 'ament_prefix_path')
[3.627s] INFO:colcon.colcon_core.shell:Creating environment hook '/home/f1/f1tenth_ws/install/key_teleop/share/key_teleop/hook/ament_prefix_path.ps1'
[3.645s] INFO:colcon.colcon_core.shell:Creating environment descriptor '/home/f1/f1tenth_ws/install/key_teleop/share/key_teleop/hook/ament_prefix_path.dsv'
[3.649s] INFO:colcon.colcon_core.shell:Creating environment hook '/home/f1/f1tenth_ws/install/key_teleop/share/key_teleop/hook/ament_prefix_path.sh'
[3.654s] INFO:colcon.colcon_core.shell:Skip shell extension 'powershell' for command environment: Not usable outside of PowerShell
[3.654s] DEBUG:colcon.colcon_core.shell:Skip shell extension 'dsv' for command environment
[3.708s] INFO:colcon.colcon_ros.task.ament_cmake.build:Building ROS package in '/home/f1/f1tenth_ws/src/center_follow_cpp' with build type 'ament_cmake'
[3.713s] INFO:colcon.colcon_cmake.task.cmake.build:Building CMake package in '/home/f1/f1tenth_ws/src/center_follow_cpp'
[3.718s] INFO:colcon.colcon_core.shell:Skip shell extension 'powershell' for command environment: Not usable outside of PowerShell
[3.718s] DEBUG:colcon.colcon_core.shell:Skip shell extension 'dsv' for command environment
[3.774s] INFO:colcon.colcon_ros.task.ament_python.build:Building ROS package in '/home/f1/f1tenth_ws/src/map_controller' with build type 'ament_python'
[3.780s] Level 1:colcon.colcon_core.shell:create_environment_hook('map_controller', 'ament_prefix_path')
[3.784s] INFO:colcon.colcon_core.shell:Creating environment hook '/home/f1/f1tenth_ws/install/map_controller/share/map_controller/hook/ament_prefix_path.ps1'
[3.791s] INFO:colcon.colcon_core.shell:Creating environment descriptor '/home/f1/f1tenth_ws/install/map_controller/share/map_controller/hook/ament_prefix_path.dsv'
[3.794s] INFO:colcon.colcon_core.shell:Creating environment hook '/home/f1/f1tenth_ws/install/map_controller/share/map_controller/hook/ament_prefix_path.sh'
[3.798s] INFO:colcon.colcon_core.shell:Skip shell extension 'powershell' for command environment: Not usable outside of PowerShell
[3.798s] DEBUG:colcon.colcon_core.shell:Skip shell extension 'dsv' for command environment
[3.891s] DEBUG:colcon.colcon_core.event_handler.log_command:Invoking command in '/home/f1/f1tenth_ws/build/vesc_msgs': CMAKE_PREFIX_PATH=${CMAKE_PREFIX_PATH}:/home/f1/f1tenth_ws/install/f1tenth_stack:/home/f1/f1tenth_ws/install/joy_teleop:/home/f1/f1tenth_ws/install/pygame_key_teleop:/home/f1/f1tenth_ws/install/mouse_teleop:/home/f1/f1tenth_ws/install/map_controller:/home/f1/f1tenth_ws/install/key_teleop:/home/f1/f1tenth_ws/install/f1tenth_path_planner:/opt/ros/foxy /usr/bin/cmake --build /home/f1/f1tenth_ws/build/vesc_msgs -- -j6 -l6
[3.955s] DEBUG:colcon.colcon_core.event_handler.log_command:Invoking command in '/home/f1/f1tenth_ws/build/teleop_tools_msgs': CMAKE_PREFIX_PATH=${CMAKE_PREFIX_PATH}:/home/f1/f1tenth_ws/install/f1tenth_stack:/home/f1/f1tenth_ws/install/joy_teleop:/home/f1/f1tenth_ws/install/pygame_key_teleop:/home/f1/f1tenth_ws/install/mouse_teleop:/home/f1/f1tenth_ws/install/map_controller:/home/f1/f1tenth_ws/install/key_teleop:/home/f1/f1tenth_ws/install/f1tenth_path_planner:/opt/ros/foxy /usr/bin/cmake --build /home/f1/f1tenth_ws/build/teleop_tools_msgs -- -j6 -l6
[4.007s] DEBUG:colcon.colcon_core.event_handler.log_command:Invoking command in '/home/f1/f1tenth_ws/build/ackermann_mux': CMAKE_PREFIX_PATH=${CMAKE_PREFIX_PATH}:/home/f1/f1tenth_ws/install/f1tenth_stack:/home/f1/f1tenth_ws/install/joy_teleop:/home/f1/f1tenth_ws/install/pygame_key_teleop:/home/f1/f1tenth_ws/install/mouse_teleop:/home/f1/f1tenth_ws/install/map_controller:/home/f1/f1tenth_ws/install/key_teleop:/home/f1/f1tenth_ws/install/f1tenth_path_planner:/opt/ros/foxy /usr/bin/cmake --build /home/f1/f1tenth_ws/build/ackermann_mux -- -j6 -l6
[6.139s] INFO:colcon.colcon_core.task.python.build:Building Python package in '/home/f1/f1tenth_ws/src/f1tenth_system/teleop_tools/key_teleop'
[6.144s] INFO:colcon.colcon_core.shell:Skip shell extension 'powershell' for command environment: Not usable outside of PowerShell
[6.145s] DEBUG:colcon.colcon_core.shell:Skip shell extension 'dsv' for command environment
[6.235s] DEBUG:colcon.colcon_core.event_handler.log_command:Invoking command in '/home/f1/f1tenth_ws/build/center_follow_cpp': CMAKE_PREFIX_PATH=${CMAKE_PREFIX_PATH}:/home/f1/f1tenth_ws/install/f1tenth_stack:/home/f1/f1tenth_ws/install/joy_teleop:/home/f1/f1tenth_ws/install/pygame_key_teleop:/home/f1/f1tenth_ws/install/mouse_teleop:/home/f1/f1tenth_ws/install/map_controller:/home/f1/f1tenth_ws/install/key_teleop:/home/f1/f1tenth_ws/install/f1tenth_path_planner:/opt/ros/foxy /usr/bin/cmake --build /home/f1/f1tenth_ws/build/center_follow_cpp -- -j6 -l6
[8.212s] INFO:colcon.colcon_core.task.python.build:Building Python package in '/home/f1/f1tenth_ws/src/map_controller'
[8.217s] INFO:colcon.colcon_core.shell:Skip shell extension 'powershell' for command environment: Not usable outside of PowerShell
[8.218s] DEBUG:colcon.colcon_core.shell:Skip shell extension 'dsv' for command environment
[8.296s] DEBUG:colcon.colcon_core.event_handler.log_command:Invoked command in '/home/f1/f1tenth_ws/build/ackermann_mux' returned '0': CMAKE_PREFIX_PATH=${CMAKE_PREFIX_PATH}:/home/f1/f1tenth_ws/install/f1tenth_stack:/home/f1/f1tenth_ws/install/joy_teleop:/home/f1/f1tenth_ws/install/pygame_key_teleop:/home/f1/f1tenth_ws/install/mouse_teleop:/home/f1/f1tenth_ws/install/map_controller:/home/f1/f1tenth_ws/install/key_teleop:/home/f1/f1tenth_ws/install/f1tenth_path_planner:/opt/ros/foxy /usr/bin/cmake --build /home/f1/f1tenth_ws/build/ackermann_mux -- -j6 -l6
[8.387s] DEBUG:colcon.colcon_core.event_handler.log_command:Invoking command in '/home/f1/f1tenth_ws/build/ackermann_mux': CMAKE_PREFIX_PATH=${CMAKE_PREFIX_PATH}:/home/f1/f1tenth_ws/install/f1tenth_stack:/home/f1/f1tenth_ws/install/joy_teleop:/home/f1/f1tenth_ws/install/pygame_key_teleop:/home/f1/f1tenth_ws/install/mouse_teleop:/home/f1/f1tenth_ws/install/map_controller:/home/f1/f1tenth_ws/install/key_teleop:/home/f1/f1tenth_ws/install/f1tenth_path_planner:/opt/ros/foxy /usr/bin/cmake --install /home/f1/f1tenth_ws/build/ackermann_mux
[8.404s] DEBUG:colcon.colcon_core.event_handler.log_command:Invoked command in '/home/f1/f1tenth_ws/build/center_follow_cpp' returned '0': CMAKE_PREFIX_PATH=${CMAKE_PREFIX_PATH}:/home/f1/f1tenth_ws/install/f1tenth_stack:/home/f1/f1tenth_ws/install/joy_teleop:/home/f1/f1tenth_ws/install/pygame_key_teleop:/home/f1/f1tenth_ws/install/mouse_teleop:/home/f1/f1tenth_ws/install/map_controller:/home/f1/f1tenth_ws/install/key_teleop:/home/f1/f1tenth_ws/install/f1tenth_path_planner:/opt/ros/foxy /usr/bin/cmake --build /home/f1/f1tenth_ws/build/center_follow_cpp -- -j6 -l6
[8.433s] DEBUG:colcon.colcon_core.event_handler.log_command:Invoking command in '/home/f1/f1tenth_ws/build/center_follow_cpp': CMAKE_PREFIX_PATH=${CMAKE_PREFIX_PATH}:/home/f1/f1tenth_ws/install/f1tenth_stack:/home/f1/f1tenth_ws/install/joy_teleop:/home/f1/f1tenth_ws/install/pygame_key_teleop:/home/f1/f1tenth_ws/install/mouse_teleop:/home/f1/f1tenth_ws/install/map_controller:/home/f1/f1tenth_ws/install/key_teleop:/home/f1/f1tenth_ws/install/f1tenth_path_planner:/opt/ros/foxy /usr/bin/cmake --install /home/f1/f1tenth_ws/build/center_follow_cpp
[8.442s] DEBUG:colcon.colcon_core.event_handler.log_command:Invoked command in '/home/f1/f1tenth_ws/build/teleop_tools_msgs' returned '0': CMAKE_PREFIX_PATH=${CMAKE_PREFIX_PATH}:/home/f1/f1tenth_ws/install/f1tenth_stack:/home/f1/f1tenth_ws/install/joy_teleop:/home/f1/f1tenth_ws/install/pygame_key_teleop:/home/f1/f1tenth_ws/install/mouse_teleop:/home/f1/f1tenth_ws/install/map_controller:/home/f1/f1tenth_ws/install/key_teleop:/home/f1/f1tenth_ws/install/f1tenth_path_planner:/opt/ros/foxy /usr/bin/cmake --build /home/f1/f1tenth_ws/build/teleop_tools_msgs -- -j6 -l6
[8.477s] DEBUG:colcon.colcon_core.event_handler.log_command:Invoking command in '/home/f1/f1tenth_ws/build/teleop_tools_msgs': CMAKE_PREFIX_PATH=${CMAKE_PREFIX_PATH}:/home/f1/f1tenth_ws/install/f1tenth_stack:/home/f1/f1tenth_ws/install/joy_teleop:/home/f1/f1tenth_ws/install/pygame_key_teleop:/home/f1/f1tenth_ws/install/mouse_teleop:/home/f1/f1tenth_ws/install/map_controller:/home/f1/f1tenth_ws/install/key_teleop:/home/f1/f1tenth_ws/install/f1tenth_path_planner:/opt/ros/foxy /usr/bin/cmake --install /home/f1/f1tenth_ws/build/teleop_tools_msgs
[8.483s] DEBUG:colcon.colcon_core.event_handler.log_command:Invoked command in '/home/f1/f1tenth_ws/build/vesc_msgs' returned '0': CMAKE_PREFIX_PATH=${CMAKE_PREFIX_PATH}:/home/f1/f1tenth_ws/install/f1tenth_stack:/home/f1/f1tenth_ws/install/joy_teleop:/home/f1/f1tenth_ws/install/pygame_key_teleop:/home/f1/f1tenth_ws/install/mouse_teleop:/home/f1/f1tenth_ws/install/map_controller:/home/f1/f1tenth_ws/install/key_teleop:/home/f1/f1tenth_ws/install/f1tenth_path_planner:/opt/ros/foxy /usr/bin/cmake --build /home/f1/f1tenth_ws/build/vesc_msgs -- -j6 -l6
[8.555s] DEBUG:colcon.colcon_core.event_handler.log_command:Invoking command in '/home/f1/f1tenth_ws/build/vesc_msgs': CMAKE_PREFIX_PATH=${CMAKE_PREFIX_PATH}:/home/f1/f1tenth_ws/install/f1tenth_stack:/home/f1/f1tenth_ws/install/joy_teleop:/home/f1/f1tenth_ws/install/pygame_key_teleop:/home/f1/f1tenth_ws/install/mouse_teleop:/home/f1/f1tenth_ws/install/map_controller:/home/f1/f1tenth_ws/install/key_teleop:/home/f1/f1tenth_ws/install/f1tenth_path_planner:/opt/ros/foxy /usr/bin/cmake --install /home/f1/f1tenth_ws/build/vesc_msgs
[8.756s] Level 1:colcon.colcon_core.environment:create_environment_scripts_only(ackermann_mux)
[8.859s] Level 1:colcon.colcon_core.environment:checking '/home/f1/f1tenth_ws/install/ackermann_mux' for CMake module files
[8.878s] Level 1:colcon.colcon_core.environment:checking '/home/f1/f1tenth_ws/install/ackermann_mux' for CMake config files
[8.893s] Level 1:colcon.colcon_core.shell:create_environment_hook('ackermann_mux', 'cmake_prefix_path')
[8.898s] INFO:colcon.colcon_core.shell:Creating environment hook '/home/f1/f1tenth_ws/install/ackermann_mux/share/ackermann_mux/hook/cmake_prefix_path.ps1'
[8.925s] INFO:colcon.colcon_core.shell:Creating environment descriptor '/home/f1/f1tenth_ws/install/ackermann_mux/share/ackermann_mux/hook/cmake_prefix_path.dsv'
[8.931s] INFO:colcon.colcon_core.shell:Creating environment hook '/home/f1/f1tenth_ws/install/ackermann_mux/share/ackermann_mux/hook/cmake_prefix_path.sh'
[8.937s] Level 1:colcon.colcon_core.environment:checking '/home/f1/f1tenth_ws/install/ackermann_mux/lib'
[8.938s] Level 1:colcon.colcon_core.environment:checking '/home/f1/f1tenth_ws/install/ackermann_mux/bin'
[8.939s] Level 1:colcon.colcon_core.environment:checking '/home/f1/f1tenth_ws/install/ackermann_mux/lib/pkgconfig/ackermann_mux.pc'
[8.942s] Level 1:colcon.colcon_core.environment:checking '/home/f1/f1tenth_ws/install/ackermann_mux/lib/python3.8/site-packages'
[8.946s] Level 1:colcon.colcon_core.environment:checking '/home/f1/f1tenth_ws/install/ackermann_mux/bin'
[8.948s] INFO:colcon.colcon_core.shell:Creating package script '/home/f1/f1tenth_ws/install/ackermann_mux/share/ackermann_mux/package.ps1'
[8.959s] INFO:colcon.colcon_core.shell:Creating package descriptor '/home/f1/f1tenth_ws/install/ackermann_mux/share/ackermann_mux/package.dsv'
[8.968s] DEBUG:colcon.colcon_core.event_handler.log_command:Invoked command in '/home/f1/f1tenth_ws/build/ackermann_mux' returned '0': CMAKE_PREFIX_PATH=${CMAKE_PREFIX_PATH}:/home/f1/f1tenth_ws/install/f1tenth_stack:/home/f1/f1tenth_ws/install/joy_teleop:/home/f1/f1tenth_ws/install/pygame_key_teleop:/home/f1/f1tenth_ws/install/mouse_teleop:/home/f1/f1tenth_ws/install/map_controller:/home/f1/f1tenth_ws/install/key_teleop:/home/f1/f1tenth_ws/install/f1tenth_path_planner:/opt/ros/foxy /usr/bin/cmake --install /home/f1/f1tenth_ws/build/ackermann_mux
[8.981s] INFO:colcon.colcon_core.shell:Creating package script '/home/f1/f1tenth_ws/install/ackermann_mux/share/ackermann_mux/package.sh'
[8.988s] INFO:colcon.colcon_core.shell:Creating package script '/home/f1/f1tenth_ws/install/ackermann_mux/share/ackermann_mux/package.bash'
[8.997s] INFO:colcon.colcon_core.shell:Creating package script '/home/f1/f1tenth_ws/install/ackermann_mux/share/ackermann_mux/package.zsh'
[9.011s] Level 1:colcon.colcon_core.environment:create_file_with_runtime_dependencies(/home/f1/f1tenth_ws/install/ackermann_mux/share/colcon-core/packages/ackermann_mux)
[9.017s] Level 1:colcon.colcon_core.environment:create_environment_scripts_only(ackermann_mux)
[9.031s] Level 1:colcon.colcon_core.environment:checking '/home/f1/f1tenth_ws/install/ackermann_mux' for CMake module files
[9.037s] Level 1:colcon.colcon_core.environment:checking '/home/f1/f1tenth_ws/install/ackermann_mux' for CMake config files
[9.046s] Level 1:colcon.colcon_core.shell:create_environment_hook('ackermann_mux', 'cmake_prefix_path')
[9.047s] INFO:colcon.colcon_core.shell:Creating environment hook '/home/f1/f1tenth_ws/install/ackermann_mux/share/ackermann_mux/hook/cmake_prefix_path.ps1'
[9.062s] INFO:colcon.colcon_core.shell:Creating environment descriptor '/home/f1/f1tenth_ws/install/ackermann_mux/share/ackermann_mux/hook/cmake_prefix_path.dsv'
[9.066s] INFO:colcon.colcon_core.shell:Creating environment hook '/home/f1/f1tenth_ws/install/ackermann_mux/share/ackermann_mux/hook/cmake_prefix_path.sh'
[9.072s] Level 1:colcon.colcon_core.environment:checking '/home/f1/f1tenth_ws/install/ackermann_mux/lib'
[9.073s] Level 1:colcon.colcon_core.environment:checking '/home/f1/f1tenth_ws/install/ackermann_mux/bin'
[9.074s] Level 1:colcon.colcon_core.environment:checking '/home/f1/f1tenth_ws/install/ackermann_mux/lib/pkgconfig/ackermann_mux.pc'
[9.076s] Level 1:colcon.colcon_core.environment:checking '/home/f1/f1tenth_ws/install/ackermann_mux/lib/python3.8/site-packages'
[9.078s] Level 1:colcon.colcon_core.environment:checking '/home/f1/f1tenth_ws/install/ackermann_mux/bin'
[9.080s] INFO:colcon.colcon_core.shell:Creating package script '/home/f1/f1tenth_ws/install/ackermann_mux/share/ackermann_mux/package.ps1'
[9.087s] INFO:colcon.colcon_core.shell:Creating package descriptor '/home/f1/f1tenth_ws/install/ackermann_mux/share/ackermann_mux/package.dsv'
[9.090s] INFO:colcon.colcon_core.shell:Creating package script '/home/f1/f1tenth_ws/install/ackermann_mux/share/ackermann_mux/package.sh'
[9.094s] INFO:colcon.colcon_core.shell:Creating package script '/home/f1/f1tenth_ws/install/ackermann_mux/share/ackermann_mux/package.bash'
[9.097s] INFO:colcon.colcon_core.shell:Creating package script '/home/f1/f1tenth_ws/install/ackermann_mux/share/ackermann_mux/package.zsh'
[9.102s] Level 1:colcon.colcon_core.environment:create_file_with_runtime_dependencies(/home/f1/f1tenth_ws/install/ackermann_mux/share/colcon-core/packages/ackermann_mux)
[9.108s] Level 1:colcon.colcon_core.environment:create_environment_scripts_only(center_follow_cpp)
[9.110s] DEBUG:colcon.colcon_core.event_handler.log_command:Invoked command in '/home/f1/f1tenth_ws/build/center_follow_cpp' returned '0': CMAKE_PREFIX_PATH=${CMAKE_PREFIX_PATH}:/home/f1/f1tenth_ws/install/f1tenth_stack:/home/f1/f1tenth_ws/install/joy_teleop:/home/f1/f1tenth_ws/install/pygame_key_teleop:/home/f1/f1tenth_ws/install/mouse_teleop:/home/f1/f1tenth_ws/install/map_controller:/home/f1/f1tenth_ws/install/key_teleop:/home/f1/f1tenth_ws/install/f1tenth_path_planner:/opt/ros/foxy /usr/bin/cmake --install /home/f1/f1tenth_ws/build/center_follow_cpp
[9.112s] Level 1:colcon.colcon_core.environment:checking '/home/f1/f1tenth_ws/install/center_follow_cpp' for CMake module files
[9.116s] Level 1:colcon.colcon_core.environment:checking '/home/f1/f1tenth_ws/install/center_follow_cpp' for CMake config files
[9.118s] Level 1:colcon.colcon_core.shell:create_environment_hook('center_follow_cpp', 'cmake_prefix_path')
[9.120s] INFO:colcon.colcon_core.shell:Creating environment hook '/home/f1/f1tenth_ws/install/center_follow_cpp/share/center_follow_cpp/hook/cmake_prefix_path.ps1'
[9.124s] INFO:colcon.colcon_core.shell:Creating environment descriptor '/home/f1/f1tenth_ws/install/center_follow_cpp/share/center_follow_cpp/hook/cmake_prefix_path.dsv'
[9.126s] INFO:colcon.colcon_core.shell:Creating environment hook '/home/f1/f1tenth_ws/install/center_follow_cpp/share/center_follow_cpp/hook/cmake_prefix_path.sh'
[9.130s] Level 1:colcon.colcon_core.environment:checking '/home/f1/f1tenth_ws/install/center_follow_cpp/lib'
[9.130s] Level 1:colcon.colcon_core.environment:checking '/home/f1/f1tenth_ws/install/center_follow_cpp/bin'
[9.131s] Level 1:colcon.colcon_core.environment:checking '/home/f1/f1tenth_ws/install/center_follow_cpp/lib/pkgconfig/center_follow_cpp.pc'
[9.132s] Level 1:colcon.colcon_core.environment:checking '/home/f1/f1tenth_ws/install/center_follow_cpp/lib/python3.8/site-packages'
[9.133s] Level 1:colcon.colcon_core.environment:checking '/home/f1/f1tenth_ws/install/center_follow_cpp/bin'
[9.134s] INFO:colcon.colcon_core.shell:Creating package script '/home/f1/f1tenth_ws/install/center_follow_cpp/share/center_follow_cpp/package.ps1'
[9.137s] INFO:colcon.colcon_core.shell:Creating package descriptor '/home/f1/f1tenth_ws/install/center_follow_cpp/share/center_follow_cpp/package.dsv'
[9.140s] INFO:colcon.colcon_core.shell:Creating package script '/home/f1/f1tenth_ws/install/center_follow_cpp/share/center_follow_cpp/package.sh'
[9.143s] INFO:colcon.colcon_core.shell:Creating package script '/home/f1/f1tenth_ws/install/center_follow_cpp/share/center_follow_cpp/package.bash'
[9.150s] INFO:colcon.colcon_core.shell:Creating package script '/home/f1/f1tenth_ws/install/center_follow_cpp/share/center_follow_cpp/package.zsh'
[9.152s] Level 1:colcon.colcon_core.environment:create_file_with_runtime_dependencies(/home/f1/f1tenth_ws/install/center_follow_cpp/share/colcon-core/packages/center_follow_cpp)
[9.156s] Level 1:colcon.colcon_core.environment:create_environment_scripts_only(center_follow_cpp)
[9.158s] Level 1:colcon.colcon_core.environment:checking '/home/f1/f1tenth_ws/install/center_follow_cpp' for CMake module files
[9.162s] Level 1:colcon.colcon_core.environment:checking '/home/f1/f1tenth_ws/install/center_follow_cpp' for CMake config files
[9.165s] Level 1:colcon.colcon_core.shell:create_environment_hook('center_follow_cpp', 'cmake_prefix_path')
[9.167s] INFO:colcon.colcon_core.shell:Creating environment hook '/home/f1/f1tenth_ws/install/center_follow_cpp/share/center_follow_cpp/hook/cmake_prefix_path.ps1'
[9.173s] INFO:colcon.colcon_core.shell:Creating environment descriptor '/home/f1/f1tenth_ws/install/center_follow_cpp/share/center_follow_cpp/hook/cmake_prefix_path.dsv'
[9.176s] INFO:colcon.colcon_core.shell:Creating environment hook '/home/f1/f1tenth_ws/install/center_follow_cpp/share/center_follow_cpp/hook/cmake_prefix_path.sh'
[9.180s] Level 1:colcon.colcon_core.environment:checking '/home/f1/f1tenth_ws/install/center_follow_cpp/lib'
[9.181s] Level 1:colcon.colcon_core.environment:checking '/home/f1/f1tenth_ws/install/center_follow_cpp/bin'
[9.182s] Level 1:colcon.colcon_core.environment:checking '/home/f1/f1tenth_ws/install/center_follow_cpp/lib/pkgconfig/center_follow_cpp.pc'
[9.184s] Level 1:colcon.colcon_core.environment:checking '/home/f1/f1tenth_ws/install/center_follow_cpp/lib/python3.8/site-packages'
[9.185s] Level 1:colcon.colcon_core.environment:checking '/home/f1/f1tenth_ws/install/center_follow_cpp/bin'
[9.186s] INFO:colcon.colcon_core.shell:Creating package script '/home/f1/f1tenth_ws/install/center_follow_cpp/share/center_follow_cpp/package.ps1'
[9.189s] INFO:colcon.colcon_core.shell:Creating package descriptor '/home/f1/f1tenth_ws/install/center_follow_cpp/share/center_follow_cpp/package.dsv'
[9.193s] INFO:colcon.colcon_core.shell:Creating package script '/home/f1/f1tenth_ws/install/center_follow_cpp/share/center_follow_cpp/package.sh'
[9.196s] INFO:colcon.colcon_core.shell:Creating package script '/home/f1/f1tenth_ws/install/center_follow_cpp/share/center_follow_cpp/package.bash'
[9.200s] INFO:colcon.colcon_core.shell:Creating package script '/home/f1/f1tenth_ws/install/center_follow_cpp/share/center_follow_cpp/package.zsh'
[9.205s] Level 1:colcon.colcon_core.environment:create_file_with_runtime_dependencies(/home/f1/f1tenth_ws/install/center_follow_cpp/share/colcon-core/packages/center_follow_cpp)
[9.209s] INFO:colcon.colcon_ros.task.ament_python.build:Building ROS package in '/home/f1/f1tenth_ws/src/f1tenth_system/teleop_tools/mouse_teleop' with build type 'ament_python'
[9.210s] Level 1:colcon.colcon_core.shell:create_environment_hook('mouse_teleop', 'ament_prefix_path')
[9.212s] INFO:colcon.colcon_core.shell:Creating environment hook '/home/f1/f1tenth_ws/install/mouse_teleop/share/mouse_teleop/hook/ament_prefix_path.ps1'
[9.216s] INFO:colcon.colcon_core.shell:Creating environment descriptor '/home/f1/f1tenth_ws/install/mouse_teleop/share/mouse_teleop/hook/ament_prefix_path.dsv'
[9.219s] INFO:colcon.colcon_core.shell:Creating environment hook '/home/f1/f1tenth_ws/install/mouse_teleop/share/mouse_teleop/hook/ament_prefix_path.sh'
[9.236s] INFO:colcon.colcon_core.shell:Skip shell extension 'powershell' for command environment: Not usable outside of PowerShell
[9.236s] DEBUG:colcon.colcon_core.shell:Skip shell extension 'dsv' for command environment
[9.345s] INFO:colcon.colcon_ros.task.ament_cmake.build:Building ROS package in '/home/f1/f1tenth_ws/src/path_follow' with build type 'ament_cmake'
[9.363s] INFO:colcon.colcon_cmake.task.cmake.build:Building CMake package in '/home/f1/f1tenth_ws/src/path_follow'
[9.377s] INFO:colcon.colcon_core.shell:Skip shell extension 'powershell' for command environment: Not usable outside of PowerShell
[9.378s] DEBUG:colcon.colcon_core.shell:Skip shell extension 'dsv' for command environment
[9.566s] Level 1:colcon.colcon_core.environment:create_environment_scripts_only(teleop_tools_msgs)
[9.572s] DEBUG:colcon.colcon_core.event_handler.log_command:Invoked command in '/home/f1/f1tenth_ws/build/teleop_tools_msgs' returned '0': CMAKE_PREFIX_PATH=${CMAKE_PREFIX_PATH}:/home/f1/f1tenth_ws/install/f1tenth_stack:/home/f1/f1tenth_ws/install/joy_teleop:/home/f1/f1tenth_ws/install/pygame_key_teleop:/home/f1/f1tenth_ws/install/mouse_teleop:/home/f1/f1tenth_ws/install/map_controller:/home/f1/f1tenth_ws/install/key_teleop:/home/f1/f1tenth_ws/install/f1tenth_path_planner:/opt/ros/foxy /usr/bin/cmake --install /home/f1/f1tenth_ws/build/teleop_tools_msgs
[9.587s] Level 1:colcon.colcon_core.environment:checking '/home/f1/f1tenth_ws/install/teleop_tools_msgs' for CMake module files
[9.599s] Level 1:colcon.colcon_core.environment:checking '/home/f1/f1tenth_ws/install/teleop_tools_msgs' for CMake config files
[9.602s] Level 1:colcon.colcon_core.shell:create_environment_hook('teleop_tools_msgs', 'cmake_prefix_path')
[9.604s] INFO:colcon.colcon_core.shell:Creating environment hook '/home/f1/f1tenth_ws/install/teleop_tools_msgs/share/teleop_tools_msgs/hook/cmake_prefix_path.ps1'
[9.612s] INFO:colcon.colcon_core.shell:Creating environment descriptor '/home/f1/f1tenth_ws/install/teleop_tools_msgs/share/teleop_tools_msgs/hook/cmake_prefix_path.dsv'
[9.618s] INFO:colcon.colcon_core.shell:Creating environment hook '/home/f1/f1tenth_ws/install/teleop_tools_msgs/share/teleop_tools_msgs/hook/cmake_prefix_path.sh'
[9.631s] Level 1:colcon.colcon_core.environment:checking '/home/f1/f1tenth_ws/install/teleop_tools_msgs/lib'
[9.632s] Level 1:colcon.colcon_core.shell:create_environment_hook('teleop_tools_msgs', 'ld_library_path_lib')
[9.635s] INFO:colcon.colcon_core.shell:Creating environment hook '/home/f1/f1tenth_ws/install/teleop_tools_msgs/share/teleop_tools_msgs/hook/ld_library_path_lib.ps1'
[9.640s] INFO:colcon.colcon_core.shell:Creating environment descriptor '/home/f1/f1tenth_ws/install/teleop_tools_msgs/share/teleop_tools_msgs/hook/ld_library_path_lib.dsv'
[9.644s] INFO:colcon.colcon_core.shell:Creating environment hook '/home/f1/f1tenth_ws/install/teleop_tools_msgs/share/teleop_tools_msgs/hook/ld_library_path_lib.sh'
[9.649s] Level 1:colcon.colcon_core.environment:checking '/home/f1/f1tenth_ws/install/teleop_tools_msgs/bin'
[9.650s] Level 1:colcon.colcon_core.environment:checking '/home/f1/f1tenth_ws/install/teleop_tools_msgs/lib/pkgconfig/teleop_tools_msgs.pc'
[9.652s] Level 1:colcon.colcon_core.environment:checking '/home/f1/f1tenth_ws/install/teleop_tools_msgs/lib/python3.8/site-packages'
[9.653s] Level 1:colcon.colcon_core.shell:create_environment_hook('teleop_tools_msgs', 'pythonpath')
[9.655s] INFO:colcon.colcon_core.shell:Creating environment hook '/home/f1/f1tenth_ws/install/teleop_tools_msgs/share/teleop_tools_msgs/hook/pythonpath.ps1'
[9.658s] INFO:colcon.colcon_core.shell:Creating environment descriptor '/home/f1/f1tenth_ws/install/teleop_tools_msgs/share/teleop_tools_msgs/hook/pythonpath.dsv'
[9.663s] INFO:colcon.colcon_core.shell:Creating environment hook '/home/f1/f1tenth_ws/install/teleop_tools_msgs/share/teleop_tools_msgs/hook/pythonpath.sh'
[9.667s] Level 1:colcon.colcon_core.environment:checking '/home/f1/f1tenth_ws/install/teleop_tools_msgs/bin'
[9.670s] INFO:colcon.colcon_core.shell:Creating package script '/home/f1/f1tenth_ws/install/teleop_tools_msgs/share/teleop_tools_msgs/package.ps1'
[9.680s] INFO:colcon.colcon_core.shell:Creating package descriptor '/home/f1/f1tenth_ws/install/teleop_tools_msgs/share/teleop_tools_msgs/package.dsv'
[9.686s] INFO:colcon.colcon_core.shell:Creating package script '/home/f1/f1tenth_ws/install/teleop_tools_msgs/share/teleop_tools_msgs/package.sh'
[9.695s] INFO:colcon.colcon_core.shell:Creating package script '/home/f1/f1tenth_ws/install/teleop_tools_msgs/share/teleop_tools_msgs/package.bash'
[9.702s] INFO:colcon.colcon_core.shell:Creating package script '/home/f1/f1tenth_ws/install/teleop_tools_msgs/share/teleop_tools_msgs/package.zsh'
[9.708s] Level 1:colcon.colcon_core.environment:create_file_with_runtime_dependencies(/home/f1/f1tenth_ws/install/teleop_tools_msgs/share/colcon-core/packages/teleop_tools_msgs)
[9.718s] Level 1:colcon.colcon_core.environment:create_environment_scripts_only(teleop_tools_msgs)
[9.721s] Level 1:colcon.colcon_core.environment:checking '/home/f1/f1tenth_ws/install/teleop_tools_msgs' for CMake module files
[9.734s] Level 1:colcon.colcon_core.environment:checking '/home/f1/f1tenth_ws/install/teleop_tools_msgs' for CMake config files
[9.737s] Level 1:colcon.colcon_core.shell:create_environment_hook('teleop_tools_msgs', 'cmake_prefix_path')
[9.740s] INFO:colcon.colcon_core.shell:Creating environment hook '/home/f1/f1tenth_ws/install/teleop_tools_msgs/share/teleop_tools_msgs/hook/cmake_prefix_path.ps1'
[9.748s] INFO:colcon.colcon_core.shell:Creating environment descriptor '/home/f1/f1tenth_ws/install/teleop_tools_msgs/share/teleop_tools_msgs/hook/cmake_prefix_path.dsv'
[9.753s] INFO:colcon.colcon_core.shell:Creating environment hook '/home/f1/f1tenth_ws/install/teleop_tools_msgs/share/teleop_tools_msgs/hook/cmake_prefix_path.sh'
[9.758s] Level 1:colcon.colcon_core.environment:checking '/home/f1/f1tenth_ws/install/teleop_tools_msgs/lib'
[9.759s] Level 1:colcon.colcon_core.shell:create_environment_hook('teleop_tools_msgs', 'ld_library_path_lib')
[9.761s] INFO:colcon.colcon_core.shell:Creating environment hook '/home/f1/f1tenth_ws/install/teleop_tools_msgs/share/teleop_tools_msgs/hook/ld_library_path_lib.ps1'
[9.765s] INFO:colcon.colcon_core.shell:Creating environment descriptor '/home/f1/f1tenth_ws/install/teleop_tools_msgs/share/teleop_tools_msgs/hook/ld_library_path_lib.dsv'
[9.768s] INFO:colcon.colcon_core.shell:Creating environment hook '/home/f1/f1tenth_ws/install/teleop_tools_msgs/share/teleop_tools_msgs/hook/ld_library_path_lib.sh'
[9.772s] Level 1:colcon.colcon_core.environment:checking '/home/f1/f1tenth_ws/install/teleop_tools_msgs/bin'
[9.773s] Level 1:colcon.colcon_core.environment:checking '/home/f1/f1tenth_ws/install/teleop_tools_msgs/lib/pkgconfig/teleop_tools_msgs.pc'
[9.775s] Level 1:colcon.colcon_core.environment:checking '/home/f1/f1tenth_ws/install/teleop_tools_msgs/lib/python3.8/site-packages'
[9.776s] Level 1:colcon.colcon_core.shell:create_environment_hook('teleop_tools_msgs', 'pythonpath')
[9.778s] INFO:colcon.colcon_core.shell:Creating environment hook '/home/f1/f1tenth_ws/install/teleop_tools_msgs/share/teleop_tools_msgs/hook/pythonpath.ps1'
[9.783s] INFO:colcon.colcon_core.shell:Creating environment descriptor '/home/f1/f1tenth_ws/install/teleop_tools_msgs/share/teleop_tools_msgs/hook/pythonpath.dsv'
[9.787s] INFO:colcon.colcon_core.shell:Creating environment hook '/home/f1/f1tenth_ws/install/teleop_tools_msgs/share/teleop_tools_msgs/hook/pythonpath.sh'
[9.797s] Level 1:colcon.colcon_core.environment:checking '/home/f1/f1tenth_ws/install/teleop_tools_msgs/bin'
[9.801s] INFO:colcon.colcon_core.shell:Creating package script '/home/f1/f1tenth_ws/install/teleop_tools_msgs/share/teleop_tools_msgs/package.ps1'
[9.810s] INFO:colcon.colcon_core.shell:Creating package descriptor '/home/f1/f1tenth_ws/install/teleop_tools_msgs/share/teleop_tools_msgs/package.dsv'
[9.822s] INFO:colcon.colcon_core.shell:Creating package script '/home/f1/f1tenth_ws/install/teleop_tools_msgs/share/teleop_tools_msgs/package.sh'
[9.828s] INFO:colcon.colcon_core.shell:Creating package script '/home/f1/f1tenth_ws/install/teleop_tools_msgs/share/teleop_tools_msgs/package.bash'
[9.834s] INFO:colcon.colcon_core.shell:Creating package script '/home/f1/f1tenth_ws/install/teleop_tools_msgs/share/teleop_tools_msgs/package.zsh'
[9.847s] Level 1:colcon.colcon_core.environment:create_file_with_runtime_dependencies(/home/f1/f1tenth_ws/install/teleop_tools_msgs/share/colcon-core/packages/teleop_tools_msgs)
[11.970s] INFO:colcon.colcon_core.task.python.build:Building Python package in '/home/f1/f1tenth_ws/src/f1tenth_system/teleop_tools/mouse_teleop'
[11.984s] INFO:colcon.colcon_core.shell:Skip shell extension 'powershell' for command environment: Not usable outside of PowerShell
[11.984s] DEBUG:colcon.colcon_core.shell:Skip shell extension 'dsv' for command environment
[12.044s] INFO:colcon.colcon_ros.task.ament_python.build:Building ROS package in '/home/f1/f1tenth_ws/src/f1tenth_system/teleop_tools/joy_teleop' with build type 'ament_python'
[12.048s] Level 1:colcon.colcon_core.shell:create_environment_hook('joy_teleop', 'ament_prefix_path')
[12.052s] INFO:colcon.colcon_core.shell:Creating environment hook '/home/f1/f1tenth_ws/install/joy_teleop/share/joy_teleop/hook/ament_prefix_path.ps1'
[12.058s] INFO:colcon.colcon_core.shell:Creating environment descriptor '/home/f1/f1tenth_ws/install/joy_teleop/share/joy_teleop/hook/ament_prefix_path.dsv'
[12.061s] INFO:colcon.colcon_core.shell:Creating environment hook '/home/f1/f1tenth_ws/install/joy_teleop/share/joy_teleop/hook/ament_prefix_path.sh'
[12.066s] INFO:colcon.colcon_core.shell:Skip shell extension 'powershell' for command environment: Not usable outside of PowerShell
[12.068s] DEBUG:colcon.colcon_core.shell:Skip shell extension 'dsv' for command environment
[12.189s] DEBUG:colcon.colcon_core.event_handler.log_command:Invoking command in '/home/f1/f1tenth_ws/build/path_follow': CMAKE_PREFIX_PATH=${CMAKE_PREFIX_PATH}:/home/f1/f1tenth_ws/install/f1tenth_stack:/home/f1/f1tenth_ws/install/joy_teleop:/home/f1/f1tenth_ws/install/pygame_key_teleop:/home/f1/f1tenth_ws/install/mouse_teleop:/home/f1/f1tenth_ws/install/map_controller:/home/f1/f1tenth_ws/install/key_teleop:/home/f1/f1tenth_ws/install/f1tenth_path_planner:/opt/ros/foxy /usr/bin/cmake --build /home/f1/f1tenth_ws/build/path_follow -- -j6 -l6
[12.222s] DEBUG:colcon.colcon_core.task.python.build:While undoing a previous installation files outside the Python library path are being ignored: /home/f1/f1tenth_ws/install/map_controller/share/ament_index/resource_index/packages/map_controller
[12.225s] DEBUG:colcon.colcon_core.task.python.build:While undoing a previous installation files outside the Python library path are being ignored: /home/f1/f1tenth_ws/install/map_controller/share/map_controller/package.xml
[12.225s] DEBUG:colcon.colcon_core.task.python.build:While undoing a previous installation files outside the Python library path are being ignored: /home/f1/f1tenth_ws/install/map_controller/share/map_controller/launch/map_controller.launch.py
[12.226s] DEBUG:colcon.colcon_core.task.python.build:While undoing a previous installation files outside the Python library path are being ignored: /home/f1/f1tenth_ws/install/map_controller/share/map_controller/launch/map_with_bound.launch.py
[12.227s] DEBUG:colcon.colcon_core.task.python.build:While undoing a previous installation files outside the Python library path are being ignored: /home/f1/f1tenth_ws/install/map_controller/share/map_controller/config/map_controller_params.yaml
[12.227s] DEBUG:colcon.colcon_core.task.python.build:While undoing a previous installation files outside the Python library path are being ignored: /home/f1/f1tenth_ws/install/map_controller/share/map_controller/config/steering_lut/NUC2_pacejka_lookup_table.csv
[12.231s] DEBUG:colcon.colcon_core.task.python.build:While undoing a previous installation files outside the Python library path are being ignored: /home/f1/f1tenth_ws/install/map_controller/lib/map_controller/map_controller
[12.259s] DEBUG:colcon.colcon_core.event_handler.log_command:Invoking command in '/home/f1/f1tenth_ws/build/key_teleop': PYTHONPATH=/home/f1/f1tenth_ws/build/key_teleop/prefix_override:/usr/lib/python3/dist-packages/colcon_core/task/python/colcon_distutils_commands:/home/f1/f1tenth_ws/install/key_teleop/lib/python3.8/site-packages:${PYTHONPATH} /usr/bin/python3 -W ignore:setup.py install is deprecated -W ignore:easy_install command is deprecated setup.py develop --editable --build-directory /home/f1/f1tenth_ws/build/key_teleop/build --no-deps symlink_data
[12.271s] Level 1:colcon.colcon_core.environment:create_environment_scripts_only(vesc_msgs)
[12.286s] Level 1:colcon.colcon_core.environment:checking '/home/f1/f1tenth_ws/install/vesc_msgs' for CMake module files
[12.273s] DEBUG:colcon.colcon_core.event_handler.log_command:Invoking command in '/home/f1/f1tenth_ws/build/map_controller': PYTHONPATH=/home/f1/f1tenth_ws/build/map_controller/prefix_override:/usr/lib/python3/dist-packages/colcon_core/task/python/colcon_distutils_commands:/home/f1/f1tenth_ws/install/map_controller/lib/python3.8/site-packages:${PYTHONPATH} /usr/bin/python3 -W ignore:setup.py install is deprecated -W ignore:easy_install command is deprecated setup.py develop --editable --build-directory /home/f1/f1tenth_ws/build/map_controller/build --no-deps symlink_data --force
[12.300s] DEBUG:colcon.colcon_core.event_handler.log_command:Invoked command in '/home/f1/f1tenth_ws/build/vesc_msgs' returned '0': CMAKE_PREFIX_PATH=${CMAKE_PREFIX_PATH}:/home/f1/f1tenth_ws/install/f1tenth_stack:/home/f1/f1tenth_ws/install/joy_teleop:/home/f1/f1tenth_ws/install/pygame_key_teleop:/home/f1/f1tenth_ws/install/mouse_teleop:/home/f1/f1tenth_ws/install/map_controller:/home/f1/f1tenth_ws/install/key_teleop:/home/f1/f1tenth_ws/install/f1tenth_path_planner:/opt/ros/foxy /usr/bin/cmake --install /home/f1/f1tenth_ws/build/vesc_msgs
[12.303s] Level 1:colcon.colcon_core.environment:checking '/home/f1/f1tenth_ws/install/vesc_msgs' for CMake config files
[12.308s] Level 1:colcon.colcon_core.shell:create_environment_hook('vesc_msgs', 'cmake_prefix_path')
[12.310s] INFO:colcon.colcon_core.shell:Creating environment hook '/home/f1/f1tenth_ws/install/vesc_msgs/share/vesc_msgs/hook/cmake_prefix_path.ps1'
[12.316s] INFO:colcon.colcon_core.shell:Creating environment descriptor '/home/f1/f1tenth_ws/install/vesc_msgs/share/vesc_msgs/hook/cmake_prefix_path.dsv'
[12.320s] INFO:colcon.colcon_core.shell:Creating environment hook '/home/f1/f1tenth_ws/install/vesc_msgs/share/vesc_msgs/hook/cmake_prefix_path.sh'
[12.329s] Level 1:colcon.colcon_core.environment:checking '/home/f1/f1tenth_ws/install/vesc_msgs/lib'
[12.330s] Level 1:colcon.colcon_core.shell:create_environment_hook('vesc_msgs', 'ld_library_path_lib')
[12.332s] INFO:colcon.colcon_core.shell:Creating environment hook '/home/f1/f1tenth_ws/install/vesc_msgs/share/vesc_msgs/hook/ld_library_path_lib.ps1'
[12.336s] INFO:colcon.colcon_core.shell:Creating environment descriptor '/home/f1/f1tenth_ws/install/vesc_msgs/share/vesc_msgs/hook/ld_library_path_lib.dsv'
[12.340s] INFO:colcon.colcon_core.shell:Creating environment hook '/home/f1/f1tenth_ws/install/vesc_msgs/share/vesc_msgs/hook/ld_library_path_lib.sh'
[12.344s] Level 1:colcon.colcon_core.environment:checking '/home/f1/f1tenth_ws/install/vesc_msgs/bin'
[12.345s] Level 1:colcon.colcon_core.environment:checking '/home/f1/f1tenth_ws/install/vesc_msgs/lib/pkgconfig/vesc_msgs.pc'
[12.347s] Level 1:colcon.colcon_core.environment:checking '/home/f1/f1tenth_ws/install/vesc_msgs/lib/python3.8/site-packages'
[12.348s] Level 1:colcon.colcon_core.shell:create_environment_hook('vesc_msgs', 'pythonpath')
[12.350s] INFO:colcon.colcon_core.shell:Creating environment hook '/home/f1/f1tenth_ws/install/vesc_msgs/share/vesc_msgs/hook/pythonpath.ps1'
[12.356s] INFO:colcon.colcon_core.shell:Creating environment descriptor '/home/f1/f1tenth_ws/install/vesc_msgs/share/vesc_msgs/hook/pythonpath.dsv'
[12.360s] INFO:colcon.colcon_core.shell:Creating environment hook '/home/f1/f1tenth_ws/install/vesc_msgs/share/vesc_msgs/hook/pythonpath.sh'
[12.366s] Level 1:colcon.colcon_core.environment:checking '/home/f1/f1tenth_ws/install/vesc_msgs/bin'
[12.370s] INFO:colcon.colcon_core.shell:Creating package script '/home/f1/f1tenth_ws/install/vesc_msgs/share/vesc_msgs/package.ps1'
[12.379s] INFO:colcon.colcon_core.shell:Creating package descriptor '/home/f1/f1tenth_ws/install/vesc_msgs/share/vesc_msgs/package.dsv'
[12.384s] INFO:colcon.colcon_core.shell:Creating package script '/home/f1/f1tenth_ws/install/vesc_msgs/share/vesc_msgs/package.sh'
[12.389s] INFO:colcon.colcon_core.shell:Creating package script '/home/f1/f1tenth_ws/install/vesc_msgs/share/vesc_msgs/package.bash'
[12.393s] INFO:colcon.colcon_core.shell:Creating package script '/home/f1/f1tenth_ws/install/vesc_msgs/share/vesc_msgs/package.zsh'
[12.398s] Level 1:colcon.colcon_core.environment:create_file_with_runtime_dependencies(/home/f1/f1tenth_ws/install/vesc_msgs/share/colcon-core/packages/vesc_msgs)
[12.410s] Level 1:colcon.colcon_core.environment:create_environment_scripts_only(vesc_msgs)
[12.412s] Level 1:colcon.colcon_core.environment:checking '/home/f1/f1tenth_ws/install/vesc_msgs' for CMake module files
[12.421s] Level 1:colcon.colcon_core.environment:checking '/home/f1/f1tenth_ws/install/vesc_msgs' for CMake config files
[12.425s] Level 1:colcon.colcon_core.shell:create_environment_hook('vesc_msgs', 'cmake_prefix_path')
[12.426s] INFO:colcon.colcon_core.shell:Creating environment hook '/home/f1/f1tenth_ws/install/vesc_msgs/share/vesc_msgs/hook/cmake_prefix_path.ps1'
[12.434s] INFO:colcon.colcon_core.shell:Creating environment descriptor '/home/f1/f1tenth_ws/install/vesc_msgs/share/vesc_msgs/hook/cmake_prefix_path.dsv'
[12.437s] INFO:colcon.colcon_core.shell:Creating environment hook '/home/f1/f1tenth_ws/install/vesc_msgs/share/vesc_msgs/hook/cmake_prefix_path.sh'
[12.442s] Level 1:colcon.colcon_core.environment:checking '/home/f1/f1tenth_ws/install/vesc_msgs/lib'
[12.443s] Level 1:colcon.colcon_core.shell:create_environment_hook('vesc_msgs', 'ld_library_path_lib')
[12.445s] INFO:colcon.colcon_core.shell:Creating environment hook '/home/f1/f1tenth_ws/install/vesc_msgs/share/vesc_msgs/hook/ld_library_path_lib.ps1'
[12.448s] INFO:colcon.colcon_core.shell:Creating environment descriptor '/home/f1/f1tenth_ws/install/vesc_msgs/share/vesc_msgs/hook/ld_library_path_lib.dsv'
[12.455s] INFO:colcon.colcon_core.shell:Creating environment hook '/home/f1/f1tenth_ws/install/vesc_msgs/share/vesc_msgs/hook/ld_library_path_lib.sh'
[12.459s] Level 1:colcon.colcon_core.environment:checking '/home/f1/f1tenth_ws/install/vesc_msgs/bin'
[12.459s] Level 1:colcon.colcon_core.environment:checking '/home/f1/f1tenth_ws/install/vesc_msgs/lib/pkgconfig/vesc_msgs.pc'
[12.461s] Level 1:colcon.colcon_core.environment:checking '/home/f1/f1tenth_ws/install/vesc_msgs/lib/python3.8/site-packages'
[12.462s] Level 1:colcon.colcon_core.shell:create_environment_hook('vesc_msgs', 'pythonpath')
[12.465s] INFO:colcon.colcon_core.shell:Creating environment hook '/home/f1/f1tenth_ws/install/vesc_msgs/share/vesc_msgs/hook/pythonpath.ps1'
[12.472s] INFO:colcon.colcon_core.shell:Creating environment descriptor '/home/f1/f1tenth_ws/install/vesc_msgs/share/vesc_msgs/hook/pythonpath.dsv'
[12.478s] INFO:colcon.colcon_core.shell:Creating environment hook '/home/f1/f1tenth_ws/install/vesc_msgs/share/vesc_msgs/hook/pythonpath.sh'
[12.485s] Level 1:colcon.colcon_core.environment:checking '/home/f1/f1tenth_ws/install/vesc_msgs/bin'
[12.489s] INFO:colcon.colcon_core.shell:Creating package script '/home/f1/f1tenth_ws/install/vesc_msgs/share/vesc_msgs/package.ps1'
[12.494s] INFO:colcon.colcon_core.shell:Creating package descriptor '/home/f1/f1tenth_ws/install/vesc_msgs/share/vesc_msgs/package.dsv'
[12.498s] INFO:colcon.colcon_core.shell:Creating package script '/home/f1/f1tenth_ws/install/vesc_msgs/share/vesc_msgs/package.sh'
[12.503s] INFO:colcon.colcon_core.shell:Creating package script '/home/f1/f1tenth_ws/install/vesc_msgs/share/vesc_msgs/package.bash'
[12.509s] INFO:colcon.colcon_core.shell:Creating package script '/home/f1/f1tenth_ws/install/vesc_msgs/share/vesc_msgs/package.zsh'
[12.521s] Level 1:colcon.colcon_core.environment:create_file_with_runtime_dependencies(/home/f1/f1tenth_ws/install/vesc_msgs/share/colcon-core/packages/vesc_msgs)
[12.583s] INFO:colcon.colcon_ros.task.ament_cmake.build:Building ROS package in '/home/f1/f1tenth_ws/src/f1tenth_system/vesc/vesc_ackermann' with build type 'ament_cmake'
[12.589s] INFO:colcon.colcon_cmake.task.cmake.build:Building CMake package in '/home/f1/f1tenth_ws/src/f1tenth_system/vesc/vesc_ackermann'
[12.603s] INFO:colcon.colcon_core.shell:Skip shell extension 'powershell' for command environment: Not usable outside of PowerShell
[12.603s] DEBUG:colcon.colcon_core.shell:Skip shell extension 'dsv' for command environment
[15.118s] INFO:colcon.colcon_core.task.python.build:Building Python package in '/home/f1/f1tenth_ws/src/f1tenth_system/teleop_tools/joy_teleop'
[15.122s] INFO:colcon.colcon_core.shell:Skip shell extension 'powershell' for command environment: Not usable outside of PowerShell
[15.123s] DEBUG:colcon.colcon_core.shell:Skip shell extension 'dsv' for command environment
[15.210s] DEBUG:colcon.colcon_core.event_handler.log_command:Invoked command in '/home/f1/f1tenth_ws/build/path_follow' returned '0': CMAKE_PREFIX_PATH=${CMAKE_PREFIX_PATH}:/home/f1/f1tenth_ws/install/f1tenth_stack:/home/f1/f1tenth_ws/install/joy_teleop:/home/f1/f1tenth_ws/install/pygame_key_teleop:/home/f1/f1tenth_ws/install/mouse_teleop:/home/f1/f1tenth_ws/install/map_controller:/home/f1/f1tenth_ws/install/key_teleop:/home/f1/f1tenth_ws/install/f1tenth_path_planner:/opt/ros/foxy /usr/bin/cmake --build /home/f1/f1tenth_ws/build/path_follow -- -j6 -l6
[15.279s] DEBUG:colcon.colcon_core.event_handler.log_command:Invoking command in '/home/f1/f1tenth_ws/build/path_follow': CMAKE_PREFIX_PATH=${CMAKE_PREFIX_PATH}:/home/f1/f1tenth_ws/install/f1tenth_stack:/home/f1/f1tenth_ws/install/joy_teleop:/home/f1/f1tenth_ws/install/pygame_key_teleop:/home/f1/f1tenth_ws/install/mouse_teleop:/home/f1/f1tenth_ws/install/map_controller:/home/f1/f1tenth_ws/install/key_teleop:/home/f1/f1tenth_ws/install/f1tenth_path_planner:/opt/ros/foxy /usr/bin/cmake --install /home/f1/f1tenth_ws/build/path_follow
[15.360s] DEBUG:colcon.colcon_core.event_handler.log_command:Invoking command in '/home/f1/f1tenth_ws/build/vesc_ackermann': CMAKE_PREFIX_PATH=/home/f1/f1tenth_ws/install/vesc_msgs:/home/f1/f1tenth_ws/install/f1tenth_slam_nav:/home/f1/f1tenth_ws/install/vesc:/home/f1/f1tenth_ws/install/vesc_driver:/home/f1/f1tenth_ws/install/vesc_ackermann:/home/f1/f1tenth_ws/install/teleop_tools:/home/f1/f1tenth_ws/install/teleop_tools_msgs:/home/f1/f1tenth_ws/install/real_pure_pursuit:/home/f1/f1tenth_ws/install/pure_pursuit:/home/f1/f1tenth_ws/install/path_planner:/home/f1/f1tenth_ws/install/path_follow:/home/f1/f1tenth_ws/install/lidar_processing:/home/f1/f1tenth_ws/install/center_follow_cpp:/home/f1/f1tenth_ws/install/ackermann_mux:/home/f1/f1tenth_ws/install/f1tenth_stack:/home/f1/f1tenth_ws/install/joy_teleop:/home/f1/f1tenth_ws/install/pygame_key_teleop:/home/f1/f1tenth_ws/install/mouse_teleop:/home/f1/f1tenth_ws/install/map_controller:/home/f1/f1tenth_ws/install/key_teleop:/home/f1/f1tenth_ws/install/f1tenth_path_planner:/opt/ros/foxy LD_LIBRARY_PATH=/home/f1/f1tenth_ws/install/vesc_msgs/lib:/home/f1/f1tenth_ws/install/vesc_driver/lib:/home/f1/f1tenth_ws/install/vesc_ackermann/lib:/home/f1/f1tenth_ws/install/teleop_tools_msgs/lib:/opt/ros/foxy/opt/yaml_cpp_vendor/lib:/opt/ros/foxy/opt/rviz_ogre_vendor/lib:/opt/ros/foxy/lib/aarch64-linux-gnu:/opt/ros/foxy/lib PYTHONPATH=/home/f1/f1tenth_ws/install/vesc_msgs/lib/python3.8/site-packages:/home/f1/f1tenth_ws/install/f1tenth_slam_nav/lib/python3.8/site-packages:/home/f1/f1tenth_ws/build/f1tenth_stack:/home/f1/f1tenth_ws/install/f1tenth_stack/lib/python3.8/site-packages:/home/f1/f1tenth_ws/build/joy_teleop:/home/f1/f1tenth_ws/install/joy_teleop/lib/python3.8/site-packages:/home/f1/f1tenth_ws/install/teleop_tools_msgs/lib/python3.8/site-packages:/home/f1/f1tenth_ws/build/pygame_key_teleop:/home/f1/f1tenth_ws/install/pygame_key_teleop/lib/python3.8/site-packages:/home/f1/f1tenth_ws/build/mouse_teleop:/home/f1/f1tenth_ws/install/mouse_teleop/lib/python3.8/site-packages:/home/f1/f1tenth_ws/build/map_controller:/home/f1/f1tenth_ws/install/map_controller/lib/python3.8/site-packages:/home/f1/f1tenth_ws/build/key_teleop:/home/f1/f1tenth_ws/install/key_teleop/lib/python3.8/site-packages:/home/f1/f1tenth_ws/install/f1tenth_path_planner/lib/python3.8/site-packages:/opt/ros/foxy/lib/python3.8/site-packages /usr/bin/cmake --build /home/f1/f1tenth_ws/build/vesc_ackermann -- -j6 -l6
[15.642s] Level 1:colcon.colcon_core.environment:create_environment_scripts_only(path_follow)
[15.647s] Level 1:colcon.colcon_core.environment:checking '/home/f1/f1tenth_ws/install/path_follow' for CMake module files
[15.650s] DEBUG:colcon.colcon_core.event_handler.log_command:Invoked command in '/home/f1/f1tenth_ws/build/path_follow' returned '0': CMAKE_PREFIX_PATH=${CMAKE_PREFIX_PATH}:/home/f1/f1tenth_ws/install/f1tenth_stack:/home/f1/f1tenth_ws/install/joy_teleop:/home/f1/f1tenth_ws/install/pygame_key_teleop:/home/f1/f1tenth_ws/install/mouse_teleop:/home/f1/f1tenth_ws/install/map_controller:/home/f1/f1tenth_ws/install/key_teleop:/home/f1/f1tenth_ws/install/f1tenth_path_planner:/opt/ros/foxy /usr/bin/cmake --install /home/f1/f1tenth_ws/build/path_follow
[15.659s] Level 1:colcon.colcon_core.environment:checking '/home/f1/f1tenth_ws/install/path_follow' for CMake config files
[15.670s] Level 1:colcon.colcon_core.shell:create_environment_hook('path_follow', 'cmake_prefix_path')
[15.672s] INFO:colcon.colcon_core.shell:Creating environment hook '/home/f1/f1tenth_ws/install/path_follow/share/path_follow/hook/cmake_prefix_path.ps1'
[15.704s] INFO:colcon.colcon_core.shell:Creating environment descriptor '/home/f1/f1tenth_ws/install/path_follow/share/path_follow/hook/cmake_prefix_path.dsv'
[15.725s] INFO:colcon.colcon_core.shell:Creating environment hook '/home/f1/f1tenth_ws/install/path_follow/share/path_follow/hook/cmake_prefix_path.sh'
[15.737s] Level 1:colcon.colcon_core.environment:checking '/home/f1/f1tenth_ws/install/path_follow/lib'
[15.737s] Level 1:colcon.colcon_core.environment:checking '/home/f1/f1tenth_ws/install/path_follow/bin'
[15.738s] Level 1:colcon.colcon_core.environment:checking '/home/f1/f1tenth_ws/install/path_follow/lib/pkgconfig/path_follow.pc'
[15.744s] Level 1:colcon.colcon_core.environment:checking '/home/f1/f1tenth_ws/install/path_follow/lib/python3.8/site-packages'
[15.745s] Level 1:colcon.colcon_core.environment:checking '/home/f1/f1tenth_ws/install/path_follow/bin'
[15.746s] INFO:colcon.colcon_core.shell:Creating package script '/home/f1/f1tenth_ws/install/path_follow/share/path_follow/package.ps1'
[15.774s] INFO:colcon.colcon_core.shell:Creating package descriptor '/home/f1/f1tenth_ws/install/path_follow/share/path_follow/package.dsv'
[15.778s] INFO:colcon.colcon_core.shell:Creating package script '/home/f1/f1tenth_ws/install/path_follow/share/path_follow/package.sh'
[15.781s] INFO:colcon.colcon_core.shell:Creating package script '/home/f1/f1tenth_ws/install/path_follow/share/path_follow/package.bash'
[15.803s] INFO:colcon.colcon_core.shell:Creating package script '/home/f1/f1tenth_ws/install/path_follow/share/path_follow/package.zsh'
[15.807s] Level 1:colcon.colcon_core.environment:create_file_with_runtime_dependencies(/home/f1/f1tenth_ws/install/path_follow/share/colcon-core/packages/path_follow)
[15.824s] Level 1:colcon.colcon_core.environment:create_environment_scripts_only(path_follow)
[15.826s] Level 1:colcon.colcon_core.environment:checking '/home/f1/f1tenth_ws/install/path_follow' for CMake module files
[15.838s] Level 1:colcon.colcon_core.environment:checking '/home/f1/f1tenth_ws/install/path_follow' for CMake config files
[15.840s] Level 1:colcon.colcon_core.shell:create_environment_hook('path_follow', 'cmake_prefix_path')
[15.842s] INFO:colcon.colcon_core.shell:Creating environment hook '/home/f1/f1tenth_ws/install/path_follow/share/path_follow/hook/cmake_prefix_path.ps1'
[15.846s] INFO:colcon.colcon_core.shell:Creating environment descriptor '/home/f1/f1tenth_ws/install/path_follow/share/path_follow/hook/cmake_prefix_path.dsv'
[15.850s] INFO:colcon.colcon_core.shell:Creating environment hook '/home/f1/f1tenth_ws/install/path_follow/share/path_follow/hook/cmake_prefix_path.sh'
[15.857s] Level 1:colcon.colcon_core.environment:checking '/home/f1/f1tenth_ws/install/path_follow/lib'
[15.858s] Level 1:colcon.colcon_core.environment:checking '/home/f1/f1tenth_ws/install/path_follow/bin'
[15.858s] Level 1:colcon.colcon_core.environment:checking '/home/f1/f1tenth_ws/install/path_follow/lib/pkgconfig/path_follow.pc'
[15.859s] Level 1:colcon.colcon_core.environment:checking '/home/f1/f1tenth_ws/install/path_follow/lib/python3.8/site-packages'
[15.860s] Level 1:colcon.colcon_core.environment:checking '/home/f1/f1tenth_ws/install/path_follow/bin'
[15.862s] INFO:colcon.colcon_core.shell:Creating package script '/home/f1/f1tenth_ws/install/path_follow/share/path_follow/package.ps1'
[15.865s] INFO:colcon.colcon_core.shell:Creating package descriptor '/home/f1/f1tenth_ws/install/path_follow/share/path_follow/package.dsv'
[15.891s] INFO:colcon.colcon_core.shell:Creating package script '/home/f1/f1tenth_ws/install/path_follow/share/path_follow/package.sh'
[15.894s] INFO:colcon.colcon_core.shell:Creating package script '/home/f1/f1tenth_ws/install/path_follow/share/path_follow/package.bash'
[15.897s] INFO:colcon.colcon_core.shell:Creating package script '/home/f1/f1tenth_ws/install/path_follow/share/path_follow/package.zsh'
[15.908s] Level 1:colcon.colcon_core.environment:create_file_with_runtime_dependencies(/home/f1/f1tenth_ws/install/path_follow/share/colcon-core/packages/path_follow)
[15.911s] INFO:colcon.colcon_ros.task.ament_cmake.build:Building ROS package in '/home/f1/f1tenth_ws/src/f1tenth_system/vesc/vesc_driver' with build type 'ament_cmake'
[15.924s] INFO:colcon.colcon_cmake.task.cmake.build:Building CMake package in '/home/f1/f1tenth_ws/src/f1tenth_system/vesc/vesc_driver'
[15.926s] INFO:colcon.colcon_core.shell:Skip shell extension 'powershell' for command environment: Not usable outside of PowerShell
[15.927s] DEBUG:colcon.colcon_core.shell:Skip shell extension 'dsv' for command environment
[16.200s] DEBUG:colcon.colcon_core.event_handler.log_command:Invoking command in '/home/f1/f1tenth_ws/build/vesc_driver': CMAKE_PREFIX_PATH=/home/f1/f1tenth_ws/install/vesc_msgs:/home/f1/f1tenth_ws/install/f1tenth_slam_nav:/home/f1/f1tenth_ws/install/vesc:/home/f1/f1tenth_ws/install/vesc_driver:/home/f1/f1tenth_ws/install/vesc_ackermann:/home/f1/f1tenth_ws/install/teleop_tools:/home/f1/f1tenth_ws/install/teleop_tools_msgs:/home/f1/f1tenth_ws/install/real_pure_pursuit:/home/f1/f1tenth_ws/install/pure_pursuit:/home/f1/f1tenth_ws/install/path_planner:/home/f1/f1tenth_ws/install/path_follow:/home/f1/f1tenth_ws/install/lidar_processing:/home/f1/f1tenth_ws/install/center_follow_cpp:/home/f1/f1tenth_ws/install/ackermann_mux:/home/f1/f1tenth_ws/install/f1tenth_stack:/home/f1/f1tenth_ws/install/joy_teleop:/home/f1/f1tenth_ws/install/pygame_key_teleop:/home/f1/f1tenth_ws/install/mouse_teleop:/home/f1/f1tenth_ws/install/map_controller:/home/f1/f1tenth_ws/install/key_teleop:/home/f1/f1tenth_ws/install/f1tenth_path_planner:/opt/ros/foxy LD_LIBRARY_PATH=/home/f1/f1tenth_ws/install/vesc_msgs/lib:/home/f1/f1tenth_ws/install/vesc_driver/lib:/home/f1/f1tenth_ws/install/vesc_ackermann/lib:/home/f1/f1tenth_ws/install/teleop_tools_msgs/lib:/opt/ros/foxy/opt/yaml_cpp_vendor/lib:/opt/ros/foxy/opt/rviz_ogre_vendor/lib:/opt/ros/foxy/lib/aarch64-linux-gnu:/opt/ros/foxy/lib PYTHONPATH=/home/f1/f1tenth_ws/install/vesc_msgs/lib/python3.8/site-packages:/home/f1/f1tenth_ws/install/f1tenth_slam_nav/lib/python3.8/site-packages:/home/f1/f1tenth_ws/build/f1tenth_stack:/home/f1/f1tenth_ws/install/f1tenth_stack/lib/python3.8/site-packages:/home/f1/f1tenth_ws/build/joy_teleop:/home/f1/f1tenth_ws/install/joy_teleop/lib/python3.8/site-packages:/home/f1/f1tenth_ws/install/teleop_tools_msgs/lib/python3.8/site-packages:/home/f1/f1tenth_ws/build/pygame_key_teleop:/home/f1/f1tenth_ws/install/pygame_key_teleop/lib/python3.8/site-packages:/home/f1/f1tenth_ws/build/mouse_teleop:/home/f1/f1tenth_ws/install/mouse_teleop/lib/python3.8/site-packages:/home/f1/f1tenth_ws/build/map_controller:/home/f1/f1tenth_ws/install/map_controller/lib/python3.8/site-packages:/home/f1/f1tenth_ws/build/key_teleop:/home/f1/f1tenth_ws/install/key_teleop/lib/python3.8/site-packages:/home/f1/f1tenth_ws/install/f1tenth_path_planner/lib/python3.8/site-packages:/opt/ros/foxy/lib/python3.8/site-packages /usr/bin/cmake --build /home/f1/f1tenth_ws/build/vesc_driver -- -j6 -l6
[16.995s] Level 1:colcon.colcon_core.shell:create_environment_hook('map_controller', 'pythonpath_develop')
[17.010s] INFO:colcon.colcon_core.shell:Creating environment hook '/home/f1/f1tenth_ws/build/map_controller/share/map_controller/hook/pythonpath_develop.ps1'
[17.011s] DEBUG:colcon.colcon_core.event_handler.log_command:Invoked command in '/home/f1/f1tenth_ws/build/map_controller' returned '0': PYTHONPATH=/home/f1/f1tenth_ws/build/map_controller/prefix_override:/usr/lib/python3/dist-packages/colcon_core/task/python/colcon_distutils_commands:/home/f1/f1tenth_ws/install/map_controller/lib/python3.8/site-packages:${PYTHONPATH} /usr/bin/python3 -W ignore:setup.py install is deprecated -W ignore:easy_install command is deprecated setup.py develop --editable --build-directory /home/f1/f1tenth_ws/build/map_controller/build --no-deps symlink_data --force
[17.034s] INFO:colcon.colcon_core.shell:Creating environment descriptor '/home/f1/f1tenth_ws/build/map_controller/share/map_controller/hook/pythonpath_develop.dsv'
[17.049s] INFO:colcon.colcon_core.shell:Creating environment hook '/home/f1/f1tenth_ws/build/map_controller/share/map_controller/hook/pythonpath_develop.sh'
[17.060s] Level 1:colcon.colcon_core.environment:checking '/home/f1/f1tenth_ws/install/map_controller' for CMake module files
[17.064s] Level 1:colcon.colcon_core.environment:checking '/home/f1/f1tenth_ws/install/map_controller' for CMake config files
[17.080s] Level 1:colcon.colcon_core.environment:checking '/home/f1/f1tenth_ws/install/map_controller/lib'
[17.081s] Level 1:colcon.colcon_core.environment:checking '/home/f1/f1tenth_ws/install/map_controller/bin'
[17.082s] Level 1:colcon.colcon_core.environment:checking '/home/f1/f1tenth_ws/install/map_controller/lib/pkgconfig/map_controller.pc'
[17.088s] Level 1:colcon.colcon_core.environment:checking '/home/f1/f1tenth_ws/install/map_controller/lib/python3.8/site-packages'
[17.093s] Level 1:colcon.colcon_core.shell:create_environment_hook('map_controller', 'pythonpath')
[17.096s] INFO:colcon.colcon_core.shell:Creating environment hook '/home/f1/f1tenth_ws/install/map_controller/share/map_controller/hook/pythonpath.ps1'
[17.101s] INFO:colcon.colcon_core.shell:Creating environment descriptor '/home/f1/f1tenth_ws/install/map_controller/share/map_controller/hook/pythonpath.dsv'
[17.104s] INFO:colcon.colcon_core.shell:Creating environment hook '/home/f1/f1tenth_ws/install/map_controller/share/map_controller/hook/pythonpath.sh'
[17.108s] Level 1:colcon.colcon_core.environment:checking '/home/f1/f1tenth_ws/install/map_controller/bin'
[17.108s] Level 1:colcon.colcon_core.environment:create_environment_scripts_only(map_controller)
[17.111s] INFO:colcon.colcon_core.shell:Creating package script '/home/f1/f1tenth_ws/install/map_controller/share/map_controller/package.ps1'
[17.123s] INFO:colcon.colcon_core.shell:Creating package descriptor '/home/f1/f1tenth_ws/install/map_controller/share/map_controller/package.dsv'
[17.139s] INFO:colcon.colcon_core.shell:Creating package script '/home/f1/f1tenth_ws/install/map_controller/share/map_controller/package.sh'
[17.146s] INFO:colcon.colcon_core.shell:Creating package script '/home/f1/f1tenth_ws/install/map_controller/share/map_controller/package.bash'
[17.149s] INFO:colcon.colcon_core.shell:Creating package script '/home/f1/f1tenth_ws/install/map_controller/share/map_controller/package.zsh'
[17.159s] Level 1:colcon.colcon_core.environment:create_file_with_runtime_dependencies(/home/f1/f1tenth_ws/install/map_controller/share/colcon-core/packages/map_controller)
[17.166s] INFO:colcon.colcon_ros.task.ament_cmake.build:Building ROS package in '/home/f1/f1tenth_ws/src/pure_pursuit' with build type 'ament_cmake'
[17.171s] INFO:colcon.colcon_cmake.task.cmake.build:Building CMake package in '/home/f1/f1tenth_ws/src/pure_pursuit'
[17.173s] INFO:colcon.colcon_core.shell:Skip shell extension 'powershell' for command environment: Not usable outside of PowerShell
[17.177s] DEBUG:colcon.colcon_core.shell:Skip shell extension 'dsv' for command environment
[17.348s] Level 1:colcon.colcon_core.shell:create_environment_hook('key_teleop', 'pythonpath_develop')
[17.354s] DEBUG:colcon.colcon_core.event_handler.log_command:Invoked command in '/home/f1/f1tenth_ws/build/key_teleop' returned '0': PYTHONPATH=/home/f1/f1tenth_ws/build/key_teleop/prefix_override:/usr/lib/python3/dist-packages/colcon_core/task/python/colcon_distutils_commands:/home/f1/f1tenth_ws/install/key_teleop/lib/python3.8/site-packages:${PYTHONPATH} /usr/bin/python3 -W ignore:setup.py install is deprecated -W ignore:easy_install command is deprecated setup.py develop --editable --build-directory /home/f1/f1tenth_ws/build/key_teleop/build --no-deps symlink_data
[17.361s] INFO:colcon.colcon_core.shell:Creating environment hook '/home/f1/f1tenth_ws/build/key_teleop/share/key_teleop/hook/pythonpath_develop.ps1'
[17.412s] INFO:colcon.colcon_core.shell:Creating environment descriptor '/home/f1/f1tenth_ws/build/key_teleop/share/key_teleop/hook/pythonpath_develop.dsv'
[17.435s] INFO:colcon.colcon_core.shell:Creating environment hook '/home/f1/f1tenth_ws/build/key_teleop/share/key_teleop/hook/pythonpath_develop.sh'
[17.442s] Level 1:colcon.colcon_core.environment:checking '/home/f1/f1tenth_ws/install/key_teleop' for CMake module files
[17.448s] Level 1:colcon.colcon_core.environment:checking '/home/f1/f1tenth_ws/install/key_teleop' for CMake config files
[17.453s] Level 1:colcon.colcon_core.environment:checking '/home/f1/f1tenth_ws/install/key_teleop/lib'
[17.456s] Level 1:colcon.colcon_core.environment:checking '/home/f1/f1tenth_ws/install/key_teleop/bin'
[17.457s] Level 1:colcon.colcon_core.environment:checking '/home/f1/f1tenth_ws/install/key_teleop/lib/pkgconfig/key_teleop.pc'
[17.459s] Level 1:colcon.colcon_core.environment:checking '/home/f1/f1tenth_ws/install/key_teleop/lib/python3.8/site-packages'
[17.460s] Level 1:colcon.colcon_core.shell:create_environment_hook('key_teleop', 'pythonpath')
[17.462s] INFO:colcon.colcon_core.shell:Creating environment hook '/home/f1/f1tenth_ws/install/key_teleop/share/key_teleop/hook/pythonpath.ps1'
[17.468s] INFO:colcon.colcon_core.shell:Creating environment descriptor '/home/f1/f1tenth_ws/install/key_teleop/share/key_teleop/hook/pythonpath.dsv'
[17.480s] INFO:colcon.colcon_core.shell:Creating environment hook '/home/f1/f1tenth_ws/install/key_teleop/share/key_teleop/hook/pythonpath.sh'
[17.485s] Level 1:colcon.colcon_core.environment:checking '/home/f1/f1tenth_ws/install/key_teleop/bin'
[17.488s] Level 1:colcon.colcon_core.environment:create_environment_scripts_only(key_teleop)
[17.492s] INFO:colcon.colcon_core.shell:Creating package script '/home/f1/f1tenth_ws/install/key_teleop/share/key_teleop/package.ps1'
[17.501s] INFO:colcon.colcon_core.shell:Creating package descriptor '/home/f1/f1tenth_ws/install/key_teleop/share/key_teleop/package.dsv'
[17.506s] INFO:colcon.colcon_core.shell:Creating package script '/home/f1/f1tenth_ws/install/key_teleop/share/key_teleop/package.sh'
[17.511s] INFO:colcon.colcon_core.shell:Creating package script '/home/f1/f1tenth_ws/install/key_teleop/share/key_teleop/package.bash'
[17.515s] INFO:colcon.colcon_core.shell:Creating package script '/home/f1/f1tenth_ws/install/key_teleop/share/key_teleop/package.zsh'
[17.519s] Level 1:colcon.colcon_core.environment:create_file_with_runtime_dependencies(/home/f1/f1tenth_ws/install/key_teleop/share/colcon-core/packages/key_teleop)
[17.533s] INFO:colcon.colcon_ros.task.ament_python.build:Building ROS package in '/home/f1/f1tenth_ws/src/pygame_key_teleop' with build type 'ament_python'
[17.549s] Level 1:colcon.colcon_core.shell:create_environment_hook('pygame_key_teleop', 'ament_prefix_path')
[17.551s] INFO:colcon.colcon_core.shell:Creating environment hook '/home/f1/f1tenth_ws/install/pygame_key_teleop/share/pygame_key_teleop/hook/ament_prefix_path.ps1'
[17.555s] INFO:colcon.colcon_core.shell:Creating environment descriptor '/home/f1/f1tenth_ws/install/pygame_key_teleop/share/pygame_key_teleop/hook/ament_prefix_path.dsv'
[17.559s] INFO:colcon.colcon_core.shell:Creating environment hook '/home/f1/f1tenth_ws/install/pygame_key_teleop/share/pygame_key_teleop/hook/ament_prefix_path.sh'
[17.567s] INFO:colcon.colcon_core.shell:Skip shell extension 'powershell' for command environment: Not usable outside of PowerShell
[17.569s] DEBUG:colcon.colcon_core.shell:Skip shell extension 'dsv' for command environment
[17.759s] DEBUG:colcon.colcon_core.event_handler.log_command:Invoking command in '/home/f1/f1tenth_ws/build/pure_pursuit': CMAKE_PREFIX_PATH=${CMAKE_PREFIX_PATH}:/home/f1/f1tenth_ws/install/f1tenth_stack:/home/f1/f1tenth_ws/install/joy_teleop:/home/f1/f1tenth_ws/install/pygame_key_teleop:/home/f1/f1tenth_ws/install/mouse_teleop:/home/f1/f1tenth_ws/install/map_controller:/home/f1/f1tenth_ws/install/key_teleop:/home/f1/f1tenth_ws/install/f1tenth_path_planner:/opt/ros/foxy /usr/bin/cmake --build /home/f1/f1tenth_ws/build/pure_pursuit -- -j6 -l6
[17.788s] DEBUG:colcon.colcon_core.event_handler.log_command:Invoking command in '/home/f1/f1tenth_ws/build/mouse_teleop': PYTHONPATH=/home/f1/f1tenth_ws/build/mouse_teleop/prefix_override:/usr/lib/python3/dist-packages/colcon_core/task/python/colcon_distutils_commands:/home/f1/f1tenth_ws/install/mouse_teleop/lib/python3.8/site-packages:${PYTHONPATH} /usr/bin/python3 -W ignore:setup.py install is deprecated -W ignore:easy_install command is deprecated setup.py develop --editable --build-directory /home/f1/f1tenth_ws/build/mouse_teleop/build --no-deps symlink_data
[17.798s] DEBUG:colcon.colcon_core.event_handler.log_command:Invoked command in '/home/f1/f1tenth_ws/build/vesc_ackermann' returned '0': CMAKE_PREFIX_PATH=/home/f1/f1tenth_ws/install/vesc_msgs:/home/f1/f1tenth_ws/install/f1tenth_slam_nav:/home/f1/f1tenth_ws/install/vesc:/home/f1/f1tenth_ws/install/vesc_driver:/home/f1/f1tenth_ws/install/vesc_ackermann:/home/f1/f1tenth_ws/install/teleop_tools:/home/f1/f1tenth_ws/install/teleop_tools_msgs:/home/f1/f1tenth_ws/install/real_pure_pursuit:/home/f1/f1tenth_ws/install/pure_pursuit:/home/f1/f1tenth_ws/install/path_planner:/home/f1/f1tenth_ws/install/path_follow:/home/f1/f1tenth_ws/install/lidar_processing:/home/f1/f1tenth_ws/install/center_follow_cpp:/home/f1/f1tenth_ws/install/ackermann_mux:/home/f1/f1tenth_ws/install/f1tenth_stack:/home/f1/f1tenth_ws/install/joy_teleop:/home/f1/f1tenth_ws/install/pygame_key_teleop:/home/f1/f1tenth_ws/install/mouse_teleop:/home/f1/f1tenth_ws/install/map_controller:/home/f1/f1tenth_ws/install/key_teleop:/home/f1/f1tenth_ws/install/f1tenth_path_planner:/opt/ros/foxy LD_LIBRARY_PATH=/home/f1/f1tenth_ws/install/vesc_msgs/lib:/home/f1/f1tenth_ws/install/vesc_driver/lib:/home/f1/f1tenth_ws/install/vesc_ackermann/lib:/home/f1/f1tenth_ws/install/teleop_tools_msgs/lib:/opt/ros/foxy/opt/yaml_cpp_vendor/lib:/opt/ros/foxy/opt/rviz_ogre_vendor/lib:/opt/ros/foxy/lib/aarch64-linux-gnu:/opt/ros/foxy/lib PYTHONPATH=/home/f1/f1tenth_ws/install/vesc_msgs/lib/python3.8/site-packages:/home/f1/f1tenth_ws/install/f1tenth_slam_nav/lib/python3.8/site-packages:/home/f1/f1tenth_ws/build/f1tenth_stack:/home/f1/f1tenth_ws/install/f1tenth_stack/lib/python3.8/site-packages:/home/f1/f1tenth_ws/build/joy_teleop:/home/f1/f1tenth_ws/install/joy_teleop/lib/python3.8/site-packages:/home/f1/f1tenth_ws/install/teleop_tools_msgs/lib/python3.8/site-packages:/home/f1/f1tenth_ws/build/pygame_key_teleop:/home/f1/f1tenth_ws/install/pygame_key_teleop/lib/python3.8/site-packages:/home/f1/f1tenth_ws/build/mouse_teleop:/home/f1/f1tenth_ws/install/mouse_teleop/lib/python3.8/site-packages:/home/f1/f1tenth_ws/build/map_controller:/home/f1/f1tenth_ws/install/map_controller/lib/python3.8/site-packages:/home/f1/f1tenth_ws/build/key_teleop:/home/f1/f1tenth_ws/install/key_teleop/lib/python3.8/site-packages:/home/f1/f1tenth_ws/install/f1tenth_path_planner/lib/python3.8/site-packages:/opt/ros/foxy/lib/python3.8/site-packages /usr/bin/cmake --build /home/f1/f1tenth_ws/build/vesc_ackermann -- -j6 -l6
[17.813s] DEBUG:colcon.colcon_core.event_handler.log_command:Invoking command in '/home/f1/f1tenth_ws/build/vesc_ackermann': CMAKE_PREFIX_PATH=/home/f1/f1tenth_ws/install/vesc_msgs:/home/f1/f1tenth_ws/install/f1tenth_slam_nav:/home/f1/f1tenth_ws/install/vesc:/home/f1/f1tenth_ws/install/vesc_driver:/home/f1/f1tenth_ws/install/vesc_ackermann:/home/f1/f1tenth_ws/install/teleop_tools:/home/f1/f1tenth_ws/install/teleop_tools_msgs:/home/f1/f1tenth_ws/install/real_pure_pursuit:/home/f1/f1tenth_ws/install/pure_pursuit:/home/f1/f1tenth_ws/install/path_planner:/home/f1/f1tenth_ws/install/path_follow:/home/f1/f1tenth_ws/install/lidar_processing:/home/f1/f1tenth_ws/install/center_follow_cpp:/home/f1/f1tenth_ws/install/ackermann_mux:/home/f1/f1tenth_ws/install/f1tenth_stack:/home/f1/f1tenth_ws/install/joy_teleop:/home/f1/f1tenth_ws/install/pygame_key_teleop:/home/f1/f1tenth_ws/install/mouse_teleop:/home/f1/f1tenth_ws/install/map_controller:/home/f1/f1tenth_ws/install/key_teleop:/home/f1/f1tenth_ws/install/f1tenth_path_planner:/opt/ros/foxy LD_LIBRARY_PATH=/home/f1/f1tenth_ws/install/vesc_msgs/lib:/home/f1/f1tenth_ws/install/vesc_driver/lib:/home/f1/f1tenth_ws/install/vesc_ackermann/lib:/home/f1/f1tenth_ws/install/teleop_tools_msgs/lib:/opt/ros/foxy/opt/yaml_cpp_vendor/lib:/opt/ros/foxy/opt/rviz_ogre_vendor/lib:/opt/ros/foxy/lib/aarch64-linux-gnu:/opt/ros/foxy/lib PYTHONPATH=/home/f1/f1tenth_ws/install/vesc_msgs/lib/python3.8/site-packages:/home/f1/f1tenth_ws/install/f1tenth_slam_nav/lib/python3.8/site-packages:/home/f1/f1tenth_ws/build/f1tenth_stack:/home/f1/f1tenth_ws/install/f1tenth_stack/lib/python3.8/site-packages:/home/f1/f1tenth_ws/build/joy_teleop:/home/f1/f1tenth_ws/install/joy_teleop/lib/python3.8/site-packages:/home/f1/f1tenth_ws/install/teleop_tools_msgs/lib/python3.8/site-packages:/home/f1/f1tenth_ws/build/pygame_key_teleop:/home/f1/f1tenth_ws/install/pygame_key_teleop/lib/python3.8/site-packages:/home/f1/f1tenth_ws/build/mouse_teleop:/home/f1/f1tenth_ws/install/mouse_teleop/lib/python3.8/site-packages:/home/f1/f1tenth_ws/build/map_controller:/home/f1/f1tenth_ws/install/map_controller/lib/python3.8/site-packages:/home/f1/f1tenth_ws/build/key_teleop:/home/f1/f1tenth_ws/install/key_teleop/lib/python3.8/site-packages:/home/f1/f1tenth_ws/install/f1tenth_path_planner/lib/python3.8/site-packages:/opt/ros/foxy/lib/python3.8/site-packages /usr/bin/cmake --install /home/f1/f1tenth_ws/build/vesc_ackermann
[20.543s] INFO:colcon.colcon_core.task.python.build:Building Python package in '/home/f1/f1tenth_ws/src/pygame_key_teleop'
[20.549s] INFO:colcon.colcon_core.shell:Skip shell extension 'powershell' for command environment: Not usable outside of PowerShell
[20.550s] DEBUG:colcon.colcon_core.shell:Skip shell extension 'dsv' for command environment
[20.635s] Level 1:colcon.colcon_core.environment:create_environment_scripts_only(vesc_ackermann)
[20.647s] DEBUG:colcon.colcon_core.event_handler.log_command:Invoked command in '/home/f1/f1tenth_ws/build/vesc_ackermann' returned '0': CMAKE_PREFIX_PATH=/home/f1/f1tenth_ws/install/vesc_msgs:/home/f1/f1tenth_ws/install/f1tenth_slam_nav:/home/f1/f1tenth_ws/install/vesc:/home/f1/f1tenth_ws/install/vesc_driver:/home/f1/f1tenth_ws/install/vesc_ackermann:/home/f1/f1tenth_ws/install/teleop_tools:/home/f1/f1tenth_ws/install/teleop_tools_msgs:/home/f1/f1tenth_ws/install/real_pure_pursuit:/home/f1/f1tenth_ws/install/pure_pursuit:/home/f1/f1tenth_ws/install/path_planner:/home/f1/f1tenth_ws/install/path_follow:/home/f1/f1tenth_ws/install/lidar_processing:/home/f1/f1tenth_ws/install/center_follow_cpp:/home/f1/f1tenth_ws/install/ackermann_mux:/home/f1/f1tenth_ws/install/f1tenth_stack:/home/f1/f1tenth_ws/install/joy_teleop:/home/f1/f1tenth_ws/install/pygame_key_teleop:/home/f1/f1tenth_ws/install/mouse_teleop:/home/f1/f1tenth_ws/install/map_controller:/home/f1/f1tenth_ws/install/key_teleop:/home/f1/f1tenth_ws/install/f1tenth_path_planner:/opt/ros/foxy LD_LIBRARY_PATH=/home/f1/f1tenth_ws/install/vesc_msgs/lib:/home/f1/f1tenth_ws/install/vesc_driver/lib:/home/f1/f1tenth_ws/install/vesc_ackermann/lib:/home/f1/f1tenth_ws/install/teleop_tools_msgs/lib:/opt/ros/foxy/opt/yaml_cpp_vendor/lib:/opt/ros/foxy/opt/rviz_ogre_vendor/lib:/opt/ros/foxy/lib/aarch64-linux-gnu:/opt/ros/foxy/lib PYTHONPATH=/home/f1/f1tenth_ws/install/vesc_msgs/lib/python3.8/site-packages:/home/f1/f1tenth_ws/install/f1tenth_slam_nav/lib/python3.8/site-packages:/home/f1/f1tenth_ws/build/f1tenth_stack:/home/f1/f1tenth_ws/install/f1tenth_stack/lib/python3.8/site-packages:/home/f1/f1tenth_ws/build/joy_teleop:/home/f1/f1tenth_ws/install/joy_teleop/lib/python3.8/site-packages:/home/f1/f1tenth_ws/install/teleop_tools_msgs/lib/python3.8/site-packages:/home/f1/f1tenth_ws/build/pygame_key_teleop:/home/f1/f1tenth_ws/install/pygame_key_teleop/lib/python3.8/site-packages:/home/f1/f1tenth_ws/build/mouse_teleop:/home/f1/f1tenth_ws/install/mouse_teleop/lib/python3.8/site-packages:/home/f1/f1tenth_ws/build/map_controller:/home/f1/f1tenth_ws/install/map_controller/lib/python3.8/site-packages:/home/f1/f1tenth_ws/build/key_teleop:/home/f1/f1tenth_ws/install/key_teleop/lib/python3.8/site-packages:/home/f1/f1tenth_ws/install/f1tenth_path_planner/lib/python3.8/site-packages:/opt/ros/foxy/lib/python3.8/site-packages /usr/bin/cmake --install /home/f1/f1tenth_ws/build/vesc_ackermann
[20.651s] Level 1:colcon.colcon_core.environment:checking '/home/f1/f1tenth_ws/install/vesc_ackermann' for CMake module files
[20.659s] Level 1:colcon.colcon_core.environment:checking '/home/f1/f1tenth_ws/install/vesc_ackermann' for CMake config files
[20.662s] Level 1:colcon.colcon_core.shell:create_environment_hook('vesc_ackermann', 'cmake_prefix_path')
[20.665s] INFO:colcon.colcon_core.shell:Creating environment hook '/home/f1/f1tenth_ws/install/vesc_ackermann/share/vesc_ackermann/hook/cmake_prefix_path.ps1'
[20.674s] INFO:colcon.colcon_core.shell:Creating environment descriptor '/home/f1/f1tenth_ws/install/vesc_ackermann/share/vesc_ackermann/hook/cmake_prefix_path.dsv'
[20.681s] INFO:colcon.colcon_core.shell:Creating environment hook '/home/f1/f1tenth_ws/install/vesc_ackermann/share/vesc_ackermann/hook/cmake_prefix_path.sh'
[20.686s] Level 1:colcon.colcon_core.environment:checking '/home/f1/f1tenth_ws/install/vesc_ackermann/lib'
[20.687s] Level 1:colcon.colcon_core.shell:create_environment_hook('vesc_ackermann', 'ld_library_path_lib')
[20.689s] INFO:colcon.colcon_core.shell:Creating environment hook '/home/f1/f1tenth_ws/install/vesc_ackermann/share/vesc_ackermann/hook/ld_library_path_lib.ps1'
[20.691s] INFO:colcon.colcon_core.shell:Creating environment descriptor '/home/f1/f1tenth_ws/install/vesc_ackermann/share/vesc_ackermann/hook/ld_library_path_lib.dsv'
[20.694s] INFO:colcon.colcon_core.shell:Creating environment hook '/home/f1/f1tenth_ws/install/vesc_ackermann/share/vesc_ackermann/hook/ld_library_path_lib.sh'
[20.697s] Level 1:colcon.colcon_core.environment:checking '/home/f1/f1tenth_ws/install/vesc_ackermann/bin'
[20.698s] Level 1:colcon.colcon_core.environment:checking '/home/f1/f1tenth_ws/install/vesc_ackermann/lib/pkgconfig/vesc_ackermann.pc'
[20.700s] Level 1:colcon.colcon_core.environment:checking '/home/f1/f1tenth_ws/install/vesc_ackermann/lib/python3.8/site-packages'
[20.701s] Level 1:colcon.colcon_core.environment:checking '/home/f1/f1tenth_ws/install/vesc_ackermann/bin'
[20.704s] INFO:colcon.colcon_core.shell:Creating package script '/home/f1/f1tenth_ws/install/vesc_ackermann/share/vesc_ackermann/package.ps1'
[20.708s] INFO:colcon.colcon_core.shell:Creating package descriptor '/home/f1/f1tenth_ws/install/vesc_ackermann/share/vesc_ackermann/package.dsv'
[20.713s] INFO:colcon.colcon_core.shell:Creating package script '/home/f1/f1tenth_ws/install/vesc_ackermann/share/vesc_ackermann/package.sh'
[20.719s] INFO:colcon.colcon_core.shell:Creating package script '/home/f1/f1tenth_ws/install/vesc_ackermann/share/vesc_ackermann/package.bash'
[20.723s] INFO:colcon.colcon_core.shell:Creating package script '/home/f1/f1tenth_ws/install/vesc_ackermann/share/vesc_ackermann/package.zsh'
[20.726s] Level 1:colcon.colcon_core.environment:create_file_with_runtime_dependencies(/home/f1/f1tenth_ws/install/vesc_ackermann/share/colcon-core/packages/vesc_ackermann)
[20.732s] Level 1:colcon.colcon_core.environment:create_environment_scripts_only(vesc_ackermann)
[20.734s] Level 1:colcon.colcon_core.environment:checking '/home/f1/f1tenth_ws/install/vesc_ackermann' for CMake module files
[20.737s] Level 1:colcon.colcon_core.environment:checking '/home/f1/f1tenth_ws/install/vesc_ackermann' for CMake config files
[20.740s] Level 1:colcon.colcon_core.shell:create_environment_hook('vesc_ackermann', 'cmake_prefix_path')
[20.742s] INFO:colcon.colcon_core.shell:Creating environment hook '/home/f1/f1tenth_ws/install/vesc_ackermann/share/vesc_ackermann/hook/cmake_prefix_path.ps1'
[20.745s] INFO:colcon.colcon_core.shell:Creating environment descriptor '/home/f1/f1tenth_ws/install/vesc_ackermann/share/vesc_ackermann/hook/cmake_prefix_path.dsv'
[20.747s] INFO:colcon.colcon_core.shell:Creating environment hook '/home/f1/f1tenth_ws/install/vesc_ackermann/share/vesc_ackermann/hook/cmake_prefix_path.sh'
[20.753s] Level 1:colcon.colcon_core.environment:checking '/home/f1/f1tenth_ws/install/vesc_ackermann/lib'
[20.753s] Level 1:colcon.colcon_core.shell:create_environment_hook('vesc_ackermann', 'ld_library_path_lib')
[20.755s] INFO:colcon.colcon_core.shell:Creating environment hook '/home/f1/f1tenth_ws/install/vesc_ackermann/share/vesc_ackermann/hook/ld_library_path_lib.ps1'
[20.759s] INFO:colcon.colcon_core.shell:Creating environment descriptor '/home/f1/f1tenth_ws/install/vesc_ackermann/share/vesc_ackermann/hook/ld_library_path_lib.dsv'
[20.761s] INFO:colcon.colcon_core.shell:Creating environment hook '/home/f1/f1tenth_ws/install/vesc_ackermann/share/vesc_ackermann/hook/ld_library_path_lib.sh'
[20.764s] Level 1:colcon.colcon_core.environment:checking '/home/f1/f1tenth_ws/install/vesc_ackermann/bin'
[20.767s] Level 1:colcon.colcon_core.environment:checking '/home/f1/f1tenth_ws/install/vesc_ackermann/lib/pkgconfig/vesc_ackermann.pc'
[20.768s] Level 1:colcon.colcon_core.environment:checking '/home/f1/f1tenth_ws/install/vesc_ackermann/lib/python3.8/site-packages'
[20.769s] Level 1:colcon.colcon_core.environment:checking '/home/f1/f1tenth_ws/install/vesc_ackermann/bin'
[20.771s] INFO:colcon.colcon_core.shell:Creating package script '/home/f1/f1tenth_ws/install/vesc_ackermann/share/vesc_ackermann/package.ps1'
[20.776s] INFO:colcon.colcon_core.shell:Creating package descriptor '/home/f1/f1tenth_ws/install/vesc_ackermann/share/vesc_ackermann/package.dsv'
[20.779s] INFO:colcon.colcon_core.shell:Creating package script '/home/f1/f1tenth_ws/install/vesc_ackermann/share/vesc_ackermann/package.sh'
[20.782s] INFO:colcon.colcon_core.shell:Creating package script '/home/f1/f1tenth_ws/install/vesc_ackermann/share/vesc_ackermann/package.bash'
[20.785s] INFO:colcon.colcon_core.shell:Creating package script '/home/f1/f1tenth_ws/install/vesc_ackermann/share/vesc_ackermann/package.zsh'
[20.790s] Level 1:colcon.colcon_core.environment:create_file_with_runtime_dependencies(/home/f1/f1tenth_ws/install/vesc_ackermann/share/colcon-core/packages/vesc_ackermann)
[20.804s] DEBUG:colcon.colcon_core.event_handler.log_command:Invoked command in '/home/f1/f1tenth_ws/build/vesc_driver' returned '0': CMAKE_PREFIX_PATH=/home/f1/f1tenth_ws/install/vesc_msgs:/home/f1/f1tenth_ws/install/f1tenth_slam_nav:/home/f1/f1tenth_ws/install/vesc:/home/f1/f1tenth_ws/install/vesc_driver:/home/f1/f1tenth_ws/install/vesc_ackermann:/home/f1/f1tenth_ws/install/teleop_tools:/home/f1/f1tenth_ws/install/teleop_tools_msgs:/home/f1/f1tenth_ws/install/real_pure_pursuit:/home/f1/f1tenth_ws/install/pure_pursuit:/home/f1/f1tenth_ws/install/path_planner:/home/f1/f1tenth_ws/install/path_follow:/home/f1/f1tenth_ws/install/lidar_processing:/home/f1/f1tenth_ws/install/center_follow_cpp:/home/f1/f1tenth_ws/install/ackermann_mux:/home/f1/f1tenth_ws/install/f1tenth_stack:/home/f1/f1tenth_ws/install/joy_teleop:/home/f1/f1tenth_ws/install/pygame_key_teleop:/home/f1/f1tenth_ws/install/mouse_teleop:/home/f1/f1tenth_ws/install/map_controller:/home/f1/f1tenth_ws/install/key_teleop:/home/f1/f1tenth_ws/install/f1tenth_path_planner:/opt/ros/foxy LD_LIBRARY_PATH=/home/f1/f1tenth_ws/install/vesc_msgs/lib:/home/f1/f1tenth_ws/install/vesc_driver/lib:/home/f1/f1tenth_ws/install/vesc_ackermann/lib:/home/f1/f1tenth_ws/install/teleop_tools_msgs/lib:/opt/ros/foxy/opt/yaml_cpp_vendor/lib:/opt/ros/foxy/opt/rviz_ogre_vendor/lib:/opt/ros/foxy/lib/aarch64-linux-gnu:/opt/ros/foxy/lib PYTHONPATH=/home/f1/f1tenth_ws/install/vesc_msgs/lib/python3.8/site-packages:/home/f1/f1tenth_ws/install/f1tenth_slam_nav/lib/python3.8/site-packages:/home/f1/f1tenth_ws/build/f1tenth_stack:/home/f1/f1tenth_ws/install/f1tenth_stack/lib/python3.8/site-packages:/home/f1/f1tenth_ws/build/joy_teleop:/home/f1/f1tenth_ws/install/joy_teleop/lib/python3.8/site-packages:/home/f1/f1tenth_ws/install/teleop_tools_msgs/lib/python3.8/site-packages:/home/f1/f1tenth_ws/build/pygame_key_teleop:/home/f1/f1tenth_ws/install/pygame_key_teleop/lib/python3.8/site-packages:/home/f1/f1tenth_ws/build/mouse_teleop:/home/f1/f1tenth_ws/install/mouse_teleop/lib/python3.8/site-packages:/home/f1/f1tenth_ws/build/map_controller:/home/f1/f1tenth_ws/install/map_controller/lib/python3.8/site-packages:/home/f1/f1tenth_ws/build/key_teleop:/home/f1/f1tenth_ws/install/key_teleop/lib/python3.8/site-packages:/home/f1/f1tenth_ws/install/f1tenth_path_planner/lib/python3.8/site-packages:/opt/ros/foxy/lib/python3.8/site-packages /usr/bin/cmake --build /home/f1/f1tenth_ws/build/vesc_driver -- -j6 -l6
[20.842s] DEBUG:colcon.colcon_core.event_handler.log_command:Invoking command in '/home/f1/f1tenth_ws/build/vesc_driver': CMAKE_PREFIX_PATH=/home/f1/f1tenth_ws/install/vesc_msgs:/home/f1/f1tenth_ws/install/f1tenth_slam_nav:/home/f1/f1tenth_ws/install/vesc:/home/f1/f1tenth_ws/install/vesc_driver:/home/f1/f1tenth_ws/install/vesc_ackermann:/home/f1/f1tenth_ws/install/teleop_tools:/home/f1/f1tenth_ws/install/teleop_tools_msgs:/home/f1/f1tenth_ws/install/real_pure_pursuit:/home/f1/f1tenth_ws/install/pure_pursuit:/home/f1/f1tenth_ws/install/path_planner:/home/f1/f1tenth_ws/install/path_follow:/home/f1/f1tenth_ws/install/lidar_processing:/home/f1/f1tenth_ws/install/center_follow_cpp:/home/f1/f1tenth_ws/install/ackermann_mux:/home/f1/f1tenth_ws/install/f1tenth_stack:/home/f1/f1tenth_ws/install/joy_teleop:/home/f1/f1tenth_ws/install/pygame_key_teleop:/home/f1/f1tenth_ws/install/mouse_teleop:/home/f1/f1tenth_ws/install/map_controller:/home/f1/f1tenth_ws/install/key_teleop:/home/f1/f1tenth_ws/install/f1tenth_path_planner:/opt/ros/foxy LD_LIBRARY_PATH=/home/f1/f1tenth_ws/install/vesc_msgs/lib:/home/f1/f1tenth_ws/install/vesc_driver/lib:/home/f1/f1tenth_ws/install/vesc_ackermann/lib:/home/f1/f1tenth_ws/install/teleop_tools_msgs/lib:/opt/ros/foxy/opt/yaml_cpp_vendor/lib:/opt/ros/foxy/opt/rviz_ogre_vendor/lib:/opt/ros/foxy/lib/aarch64-linux-gnu:/opt/ros/foxy/lib PYTHONPATH=/home/f1/f1tenth_ws/install/vesc_msgs/lib/python3.8/site-packages:/home/f1/f1tenth_ws/install/f1tenth_slam_nav/lib/python3.8/site-packages:/home/f1/f1tenth_ws/build/f1tenth_stack:/home/f1/f1tenth_ws/install/f1tenth_stack/lib/python3.8/site-packages:/home/f1/f1tenth_ws/build/joy_teleop:/home/f1/f1tenth_ws/install/joy_teleop/lib/python3.8/site-packages:/home/f1/f1tenth_ws/install/teleop_tools_msgs/lib/python3.8/site-packages:/home/f1/f1tenth_ws/build/pygame_key_teleop:/home/f1/f1tenth_ws/install/pygame_key_teleop/lib/python3.8/site-packages:/home/f1/f1tenth_ws/build/mouse_teleop:/home/f1/f1tenth_ws/install/mouse_teleop/lib/python3.8/site-packages:/home/f1/f1tenth_ws/build/map_controller:/home/f1/f1tenth_ws/install/map_controller/lib/python3.8/site-packages:/home/f1/f1tenth_ws/build/key_teleop:/home/f1/f1tenth_ws/install/key_teleop/lib/python3.8/site-packages:/home/f1/f1tenth_ws/install/f1tenth_path_planner/lib/python3.8/site-packages:/opt/ros/foxy/lib/python3.8/site-packages /usr/bin/cmake --install /home/f1/f1tenth_ws/build/vesc_driver
[20.900s] DEBUG:colcon.colcon_core.event_handler.log_command:Invoking command in '/home/f1/f1tenth_ws/build/joy_teleop': CMAKE_PREFIX_PATH=/home/f1/f1tenth_ws/install/teleop_tools_msgs:/home/f1/f1tenth_ws/install/f1tenth_slam_nav:/home/f1/f1tenth_ws/install/vesc:/home/f1/f1tenth_ws/install/vesc_driver:/home/f1/f1tenth_ws/install/vesc_ackermann:/home/f1/f1tenth_ws/install/vesc_msgs:/home/f1/f1tenth_ws/install/teleop_tools:/home/f1/f1tenth_ws/install/real_pure_pursuit:/home/f1/f1tenth_ws/install/pure_pursuit:/home/f1/f1tenth_ws/install/path_planner:/home/f1/f1tenth_ws/install/path_follow:/home/f1/f1tenth_ws/install/lidar_processing:/home/f1/f1tenth_ws/install/center_follow_cpp:/home/f1/f1tenth_ws/install/ackermann_mux LD_LIBRARY_PATH=/home/f1/f1tenth_ws/install/teleop_tools_msgs/lib:/home/f1/f1tenth_ws/install/vesc_driver/lib:/home/f1/f1tenth_ws/install/vesc_ackermann/lib:/home/f1/f1tenth_ws/install/vesc_msgs/lib:/opt/ros/foxy/opt/yaml_cpp_vendor/lib:/opt/ros/foxy/opt/rviz_ogre_vendor/lib:/opt/ros/foxy/lib/aarch64-linux-gnu:/opt/ros/foxy/lib PYTHONPATH=/home/f1/f1tenth_ws/build/joy_teleop/prefix_override:/usr/lib/python3/dist-packages/colcon_core/task/python/colcon_distutils_commands:/home/f1/f1tenth_ws/install/joy_teleop/lib/python3.8/site-packages:/home/f1/f1tenth_ws/install/teleop_tools_msgs/lib/python3.8/site-packages:/home/f1/f1tenth_ws/install/f1tenth_slam_nav/lib/python3.8/site-packages:/home/f1/f1tenth_ws/build/f1tenth_stack:/home/f1/f1tenth_ws/install/f1tenth_stack/lib/python3.8/site-packages:/home/f1/f1tenth_ws/install/vesc_msgs/lib/python3.8/site-packages:/home/f1/f1tenth_ws/build/joy_teleop:/home/f1/f1tenth_ws/install/joy_teleop/lib/python3.8/site-packages:/home/f1/f1tenth_ws/build/pygame_key_teleop:/home/f1/f1tenth_ws/install/pygame_key_teleop/lib/python3.8/site-packages:/home/f1/f1tenth_ws/build/mouse_teleop:/home/f1/f1tenth_ws/install/mouse_teleop/lib/python3.8/site-packages:/home/f1/f1tenth_ws/build/map_controller:/home/f1/f1tenth_ws/install/map_controller/lib/python3.8/site-packages:/home/f1/f1tenth_ws/build/key_teleop:/home/f1/f1tenth_ws/install/key_teleop/lib/python3.8/site-packages:/home/f1/f1tenth_ws/install/f1tenth_path_planner/lib/python3.8/site-packages:/opt/ros/foxy/lib/python3.8/site-packages /usr/bin/python3 -W ignore:setup.py install is deprecated -W ignore:easy_install command is deprecated setup.py develop --editable --build-directory /home/f1/f1tenth_ws/build/joy_teleop/build --no-deps symlink_data
[20.918s] DEBUG:colcon.colcon_core.event_handler.log_command:Invoked command in '/home/f1/f1tenth_ws/build/pure_pursuit' returned '0': CMAKE_PREFIX_PATH=${CMAKE_PREFIX_PATH}:/home/f1/f1tenth_ws/install/f1tenth_stack:/home/f1/f1tenth_ws/install/joy_teleop:/home/f1/f1tenth_ws/install/pygame_key_teleop:/home/f1/f1tenth_ws/install/mouse_teleop:/home/f1/f1tenth_ws/install/map_controller:/home/f1/f1tenth_ws/install/key_teleop:/home/f1/f1tenth_ws/install/f1tenth_path_planner:/opt/ros/foxy /usr/bin/cmake --build /home/f1/f1tenth_ws/build/pure_pursuit -- -j6 -l6
[20.990s] DEBUG:colcon.colcon_core.event_handler.log_command:Invoking command in '/home/f1/f1tenth_ws/build/pure_pursuit': CMAKE_PREFIX_PATH=${CMAKE_PREFIX_PATH}:/home/f1/f1tenth_ws/install/f1tenth_stack:/home/f1/f1tenth_ws/install/joy_teleop:/home/f1/f1tenth_ws/install/pygame_key_teleop:/home/f1/f1tenth_ws/install/mouse_teleop:/home/f1/f1tenth_ws/install/map_controller:/home/f1/f1tenth_ws/install/key_teleop:/home/f1/f1tenth_ws/install/f1tenth_path_planner:/opt/ros/foxy /usr/bin/cmake --install /home/f1/f1tenth_ws/build/pure_pursuit
[21.309s] Level 1:colcon.colcon_core.environment:create_environment_scripts_only(vesc_driver)
[21.314s] Level 1:colcon.colcon_core.environment:checking '/home/f1/f1tenth_ws/install/vesc_driver' for CMake module files
[21.319s] DEBUG:colcon.colcon_core.event_handler.log_command:Invoked command in '/home/f1/f1tenth_ws/build/vesc_driver' returned '0': CMAKE_PREFIX_PATH=/home/f1/f1tenth_ws/install/vesc_msgs:/home/f1/f1tenth_ws/install/f1tenth_slam_nav:/home/f1/f1tenth_ws/install/vesc:/home/f1/f1tenth_ws/install/vesc_driver:/home/f1/f1tenth_ws/install/vesc_ackermann:/home/f1/f1tenth_ws/install/teleop_tools:/home/f1/f1tenth_ws/install/teleop_tools_msgs:/home/f1/f1tenth_ws/install/real_pure_pursuit:/home/f1/f1tenth_ws/install/pure_pursuit:/home/f1/f1tenth_ws/install/path_planner:/home/f1/f1tenth_ws/install/path_follow:/home/f1/f1tenth_ws/install/lidar_processing:/home/f1/f1tenth_ws/install/center_follow_cpp:/home/f1/f1tenth_ws/install/ackermann_mux:/home/f1/f1tenth_ws/install/f1tenth_stack:/home/f1/f1tenth_ws/install/joy_teleop:/home/f1/f1tenth_ws/install/pygame_key_teleop:/home/f1/f1tenth_ws/install/mouse_teleop:/home/f1/f1tenth_ws/install/map_controller:/home/f1/f1tenth_ws/install/key_teleop:/home/f1/f1tenth_ws/install/f1tenth_path_planner:/opt/ros/foxy LD_LIBRARY_PATH=/home/f1/f1tenth_ws/install/vesc_msgs/lib:/home/f1/f1tenth_ws/install/vesc_driver/lib:/home/f1/f1tenth_ws/install/vesc_ackermann/lib:/home/f1/f1tenth_ws/install/teleop_tools_msgs/lib:/opt/ros/foxy/opt/yaml_cpp_vendor/lib:/opt/ros/foxy/opt/rviz_ogre_vendor/lib:/opt/ros/foxy/lib/aarch64-linux-gnu:/opt/ros/foxy/lib PYTHONPATH=/home/f1/f1tenth_ws/install/vesc_msgs/lib/python3.8/site-packages:/home/f1/f1tenth_ws/install/f1tenth_slam_nav/lib/python3.8/site-packages:/home/f1/f1tenth_ws/build/f1tenth_stack:/home/f1/f1tenth_ws/install/f1tenth_stack/lib/python3.8/site-packages:/home/f1/f1tenth_ws/build/joy_teleop:/home/f1/f1tenth_ws/install/joy_teleop/lib/python3.8/site-packages:/home/f1/f1tenth_ws/install/teleop_tools_msgs/lib/python3.8/site-packages:/home/f1/f1tenth_ws/build/pygame_key_teleop:/home/f1/f1tenth_ws/install/pygame_key_teleop/lib/python3.8/site-packages:/home/f1/f1tenth_ws/build/mouse_teleop:/home/f1/f1tenth_ws/install/mouse_teleop/lib/python3.8/site-packages:/home/f1/f1tenth_ws/build/map_controller:/home/f1/f1tenth_ws/install/map_controller/lib/python3.8/site-packages:/home/f1/f1tenth_ws/build/key_teleop:/home/f1/f1tenth_ws/install/key_teleop/lib/python3.8/site-packages:/home/f1/f1tenth_ws/install/f1tenth_path_planner/lib/python3.8/site-packages:/opt/ros/foxy/lib/python3.8/site-packages /usr/bin/cmake --install /home/f1/f1tenth_ws/build/vesc_driver
[21.325s] Level 1:colcon.colcon_core.environment:checking '/home/f1/f1tenth_ws/install/vesc_driver' for CMake config files
[21.329s] Level 1:colcon.colcon_core.shell:create_environment_hook('vesc_driver', 'cmake_prefix_path')
[21.331s] INFO:colcon.colcon_core.shell:Creating environment hook '/home/f1/f1tenth_ws/install/vesc_driver/share/vesc_driver/hook/cmake_prefix_path.ps1'
[21.336s] INFO:colcon.colcon_core.shell:Creating environment descriptor '/home/f1/f1tenth_ws/install/vesc_driver/share/vesc_driver/hook/cmake_prefix_path.dsv'
[21.339s] INFO:colcon.colcon_core.shell:Creating environment hook '/home/f1/f1tenth_ws/install/vesc_driver/share/vesc_driver/hook/cmake_prefix_path.sh'
[21.343s] Level 1:colcon.colcon_core.environment:checking '/home/f1/f1tenth_ws/install/vesc_driver/lib'
[21.344s] Level 1:colcon.colcon_core.shell:create_environment_hook('vesc_driver', 'ld_library_path_lib')
[21.345s] INFO:colcon.colcon_core.shell:Creating environment hook '/home/f1/f1tenth_ws/install/vesc_driver/share/vesc_driver/hook/ld_library_path_lib.ps1'
[21.349s] INFO:colcon.colcon_core.shell:Creating environment descriptor '/home/f1/f1tenth_ws/install/vesc_driver/share/vesc_driver/hook/ld_library_path_lib.dsv'
[21.352s] INFO:colcon.colcon_core.shell:Creating environment hook '/home/f1/f1tenth_ws/install/vesc_driver/share/vesc_driver/hook/ld_library_path_lib.sh'
[21.355s] Level 1:colcon.colcon_core.environment:checking '/home/f1/f1tenth_ws/install/vesc_driver/bin'
[21.355s] Level 1:colcon.colcon_core.environment:checking '/home/f1/f1tenth_ws/install/vesc_driver/lib/pkgconfig/vesc_driver.pc'
[21.357s] Level 1:colcon.colcon_core.environment:checking '/home/f1/f1tenth_ws/install/vesc_driver/lib/python3.8/site-packages'
[21.358s] Level 1:colcon.colcon_core.environment:checking '/home/f1/f1tenth_ws/install/vesc_driver/bin'
[21.360s] INFO:colcon.colcon_core.shell:Creating package script '/home/f1/f1tenth_ws/install/vesc_driver/share/vesc_driver/package.ps1'
[21.380s] INFO:colcon.colcon_core.shell:Creating package descriptor '/home/f1/f1tenth_ws/install/vesc_driver/share/vesc_driver/package.dsv'
[21.386s] INFO:colcon.colcon_core.shell:Creating package script '/home/f1/f1tenth_ws/install/vesc_driver/share/vesc_driver/package.sh'
[21.397s] INFO:colcon.colcon_core.shell:Creating package script '/home/f1/f1tenth_ws/install/vesc_driver/share/vesc_driver/package.bash'
[21.402s] INFO:colcon.colcon_core.shell:Creating package script '/home/f1/f1tenth_ws/install/vesc_driver/share/vesc_driver/package.zsh'
[21.407s] Level 1:colcon.colcon_core.environment:create_file_with_runtime_dependencies(/home/f1/f1tenth_ws/install/vesc_driver/share/colcon-core/packages/vesc_driver)
[21.415s] Level 1:colcon.colcon_core.environment:create_environment_scripts_only(vesc_driver)
[21.417s] Level 1:colcon.colcon_core.environment:checking '/home/f1/f1tenth_ws/install/vesc_driver' for CMake module files
[21.421s] Level 1:colcon.colcon_core.environment:checking '/home/f1/f1tenth_ws/install/vesc_driver' for CMake config files
[21.424s] Level 1:colcon.colcon_core.shell:create_environment_hook('vesc_driver', 'cmake_prefix_path')
[21.427s] INFO:colcon.colcon_core.shell:Creating environment hook '/home/f1/f1tenth_ws/install/vesc_driver/share/vesc_driver/hook/cmake_prefix_path.ps1'
[21.431s] INFO:colcon.colcon_core.shell:Creating environment descriptor '/home/f1/f1tenth_ws/install/vesc_driver/share/vesc_driver/hook/cmake_prefix_path.dsv'
[21.435s] INFO:colcon.colcon_core.shell:Creating environment hook '/home/f1/f1tenth_ws/install/vesc_driver/share/vesc_driver/hook/cmake_prefix_path.sh'
[21.441s] Level 1:colcon.colcon_core.environment:checking '/home/f1/f1tenth_ws/install/vesc_driver/lib'
[21.442s] Level 1:colcon.colcon_core.shell:create_environment_hook('vesc_driver', 'ld_library_path_lib')
[21.444s] INFO:colcon.colcon_core.shell:Creating environment hook '/home/f1/f1tenth_ws/install/vesc_driver/share/vesc_driver/hook/ld_library_path_lib.ps1'
[21.448s] INFO:colcon.colcon_core.shell:Creating environment descriptor '/home/f1/f1tenth_ws/install/vesc_driver/share/vesc_driver/hook/ld_library_path_lib.dsv'
[21.451s] INFO:colcon.colcon_core.shell:Creating environment hook '/home/f1/f1tenth_ws/install/vesc_driver/share/vesc_driver/hook/ld_library_path_lib.sh'
[21.455s] Level 1:colcon.colcon_core.environment:checking '/home/f1/f1tenth_ws/install/vesc_driver/bin'
[21.456s] Level 1:colcon.colcon_core.environment:checking '/home/f1/f1tenth_ws/install/vesc_driver/lib/pkgconfig/vesc_driver.pc'
[21.460s] Level 1:colcon.colcon_core.environment:checking '/home/f1/f1tenth_ws/install/vesc_driver/lib/python3.8/site-packages'
[21.462s] Level 1:colcon.colcon_core.environment:checking '/home/f1/f1tenth_ws/install/vesc_driver/bin'
[21.464s] INFO:colcon.colcon_core.shell:Creating package script '/home/f1/f1tenth_ws/install/vesc_driver/share/vesc_driver/package.ps1'
[21.472s] INFO:colcon.colcon_core.shell:Creating package descriptor '/home/f1/f1tenth_ws/install/vesc_driver/share/vesc_driver/package.dsv'
[21.481s] INFO:colcon.colcon_core.shell:Creating package script '/home/f1/f1tenth_ws/install/vesc_driver/share/vesc_driver/package.sh'
[21.486s] INFO:colcon.colcon_core.shell:Creating package script '/home/f1/f1tenth_ws/install/vesc_driver/share/vesc_driver/package.bash'
[21.491s] INFO:colcon.colcon_core.shell:Creating package script '/home/f1/f1tenth_ws/install/vesc_driver/share/vesc_driver/package.zsh'
[21.496s] Level 1:colcon.colcon_core.environment:create_file_with_runtime_dependencies(/home/f1/f1tenth_ws/install/vesc_driver/share/colcon-core/packages/vesc_driver)
[21.519s] INFO:colcon.colcon_ros.task.ament_cmake.build:Building ROS package in '/home/f1/f1tenth_ws/src/f1tenth_system/vesc/vesc' with build type 'ament_cmake'
[21.522s] INFO:colcon.colcon_cmake.task.cmake.build:Building CMake package in '/home/f1/f1tenth_ws/src/f1tenth_system/vesc/vesc'
[21.526s] INFO:colcon.colcon_core.shell:Skip shell extension 'powershell' for command environment: Not usable outside of PowerShell
[21.527s] DEBUG:colcon.colcon_core.shell:Skip shell extension 'dsv' for command environment
[21.698s] Level 1:colcon.colcon_core.environment:create_environment_scripts_only(pure_pursuit)
[21.707s] DEBUG:colcon.colcon_core.event_handler.log_command:Invoked command in '/home/f1/f1tenth_ws/build/pure_pursuit' returned '0': CMAKE_PREFIX_PATH=${CMAKE_PREFIX_PATH}:/home/f1/f1tenth_ws/install/f1tenth_stack:/home/f1/f1tenth_ws/install/joy_teleop:/home/f1/f1tenth_ws/install/pygame_key_teleop:/home/f1/f1tenth_ws/install/mouse_teleop:/home/f1/f1tenth_ws/install/map_controller:/home/f1/f1tenth_ws/install/key_teleop:/home/f1/f1tenth_ws/install/f1tenth_path_planner:/opt/ros/foxy /usr/bin/cmake --install /home/f1/f1tenth_ws/build/pure_pursuit
[21.711s] Level 1:colcon.colcon_core.environment:checking '/home/f1/f1tenth_ws/install/pure_pursuit' for CMake module files
[21.721s] Level 1:colcon.colcon_core.environment:checking '/home/f1/f1tenth_ws/install/pure_pursuit' for CMake config files
[21.727s] Level 1:colcon.colcon_core.shell:create_environment_hook('pure_pursuit', 'cmake_prefix_path')
[21.736s] INFO:colcon.colcon_core.shell:Creating environment hook '/home/f1/f1tenth_ws/install/pure_pursuit/share/pure_pursuit/hook/cmake_prefix_path.ps1'
[21.745s] INFO:colcon.colcon_core.shell:Creating environment descriptor '/home/f1/f1tenth_ws/install/pure_pursuit/share/pure_pursuit/hook/cmake_prefix_path.dsv'
[21.750s] INFO:colcon.colcon_core.shell:Creating environment hook '/home/f1/f1tenth_ws/install/pure_pursuit/share/pure_pursuit/hook/cmake_prefix_path.sh'
[21.759s] Level 1:colcon.colcon_core.environment:checking '/home/f1/f1tenth_ws/install/pure_pursuit/lib'
[21.761s] Level 1:colcon.colcon_core.environment:checking '/home/f1/f1tenth_ws/install/pure_pursuit/bin'
[21.762s] Level 1:colcon.colcon_core.environment:checking '/home/f1/f1tenth_ws/install/pure_pursuit/lib/pkgconfig/pure_pursuit.pc'
[21.764s] Level 1:colcon.colcon_core.environment:checking '/home/f1/f1tenth_ws/install/pure_pursuit/lib/python3.8/site-packages'
[21.764s] Level 1:colcon.colcon_core.environment:checking '/home/f1/f1tenth_ws/install/pure_pursuit/bin'
[21.780s] INFO:colcon.colcon_core.shell:Creating package script '/home/f1/f1tenth_ws/install/pure_pursuit/share/pure_pursuit/package.ps1'
[21.789s] INFO:colcon.colcon_core.shell:Creating package descriptor '/home/f1/f1tenth_ws/install/pure_pursuit/share/pure_pursuit/package.dsv'
[21.808s] INFO:colcon.colcon_core.shell:Creating package script '/home/f1/f1tenth_ws/install/pure_pursuit/share/pure_pursuit/package.sh'
[21.829s] INFO:colcon.colcon_core.shell:Creating package script '/home/f1/f1tenth_ws/install/pure_pursuit/share/pure_pursuit/package.bash'
[21.840s] INFO:colcon.colcon_core.shell:Creating package script '/home/f1/f1tenth_ws/install/pure_pursuit/share/pure_pursuit/package.zsh'
[21.845s] Level 1:colcon.colcon_core.environment:create_file_with_runtime_dependencies(/home/f1/f1tenth_ws/install/pure_pursuit/share/colcon-core/packages/pure_pursuit)
[21.853s] Level 1:colcon.colcon_core.environment:create_environment_scripts_only(pure_pursuit)
[21.855s] Level 1:colcon.colcon_core.environment:checking '/home/f1/f1tenth_ws/install/pure_pursuit' for CMake module files
[21.860s] Level 1:colcon.colcon_core.environment:checking '/home/f1/f1tenth_ws/install/pure_pursuit' for CMake config files
[21.863s] Level 1:colcon.colcon_core.shell:create_environment_hook('pure_pursuit', 'cmake_prefix_path')
[21.865s] INFO:colcon.colcon_core.shell:Creating environment hook '/home/f1/f1tenth_ws/install/pure_pursuit/share/pure_pursuit/hook/cmake_prefix_path.ps1'
[21.883s] INFO:colcon.colcon_core.shell:Creating environment descriptor '/home/f1/f1tenth_ws/install/pure_pursuit/share/pure_pursuit/hook/cmake_prefix_path.dsv'
[21.888s] INFO:colcon.colcon_core.shell:Creating environment hook '/home/f1/f1tenth_ws/install/pure_pursuit/share/pure_pursuit/hook/cmake_prefix_path.sh'
[21.893s] Level 1:colcon.colcon_core.environment:checking '/home/f1/f1tenth_ws/install/pure_pursuit/lib'
[21.895s] Level 1:colcon.colcon_core.environment:checking '/home/f1/f1tenth_ws/install/pure_pursuit/bin'
[21.897s] Level 1:colcon.colcon_core.environment:checking '/home/f1/f1tenth_ws/install/pure_pursuit/lib/pkgconfig/pure_pursuit.pc'
[21.899s] Level 1:colcon.colcon_core.environment:checking '/home/f1/f1tenth_ws/install/pure_pursuit/lib/python3.8/site-packages'
[21.901s] Level 1:colcon.colcon_core.environment:checking '/home/f1/f1tenth_ws/install/pure_pursuit/bin'
[21.903s] INFO:colcon.colcon_core.shell:Creating package script '/home/f1/f1tenth_ws/install/pure_pursuit/share/pure_pursuit/package.ps1'
[21.907s] INFO:colcon.colcon_core.shell:Creating package descriptor '/home/f1/f1tenth_ws/install/pure_pursuit/share/pure_pursuit/package.dsv'
[21.912s] INFO:colcon.colcon_core.shell:Creating package script '/home/f1/f1tenth_ws/install/pure_pursuit/share/pure_pursuit/package.sh'
[21.915s] INFO:colcon.colcon_core.shell:Creating package script '/home/f1/f1tenth_ws/install/pure_pursuit/share/pure_pursuit/package.bash'
[21.920s] INFO:colcon.colcon_core.shell:Creating package script '/home/f1/f1tenth_ws/install/pure_pursuit/share/pure_pursuit/package.zsh'
[21.924s] Level 1:colcon.colcon_core.environment:create_file_with_runtime_dependencies(/home/f1/f1tenth_ws/install/pure_pursuit/share/colcon-core/packages/pure_pursuit)
[21.967s] DEBUG:colcon.colcon_core.event_handler.log_command:Invoking command in '/home/f1/f1tenth_ws/build/vesc': CMAKE_PREFIX_PATH=/home/f1/f1tenth_ws/install/vesc_driver:/home/f1/f1tenth_ws/install/vesc_ackermann:/home/f1/f1tenth_ws/install/vesc_msgs:/home/f1/f1tenth_ws/install/f1tenth_slam_nav:/home/f1/f1tenth_ws/install/vesc:/home/f1/f1tenth_ws/install/teleop_tools:/home/f1/f1tenth_ws/install/teleop_tools_msgs:/home/f1/f1tenth_ws/install/real_pure_pursuit:/home/f1/f1tenth_ws/install/pure_pursuit:/home/f1/f1tenth_ws/install/path_planner:/home/f1/f1tenth_ws/install/path_follow:/home/f1/f1tenth_ws/install/lidar_processing:/home/f1/f1tenth_ws/install/center_follow_cpp:/home/f1/f1tenth_ws/install/ackermann_mux:/home/f1/f1tenth_ws/install/f1tenth_stack:/home/f1/f1tenth_ws/install/joy_teleop:/home/f1/f1tenth_ws/install/pygame_key_teleop:/home/f1/f1tenth_ws/install/mouse_teleop:/home/f1/f1tenth_ws/install/map_controller:/home/f1/f1tenth_ws/install/key_teleop:/home/f1/f1tenth_ws/install/f1tenth_path_planner:/opt/ros/foxy PYTHONPATH=/home/f1/f1tenth_ws/install/vesc_msgs/lib/python3.8/site-packages:/home/f1/f1tenth_ws/install/f1tenth_slam_nav/lib/python3.8/site-packages:/home/f1/f1tenth_ws/build/f1tenth_stack:/home/f1/f1tenth_ws/install/f1tenth_stack/lib/python3.8/site-packages:/home/f1/f1tenth_ws/build/joy_teleop:/home/f1/f1tenth_ws/install/joy_teleop/lib/python3.8/site-packages:/home/f1/f1tenth_ws/install/teleop_tools_msgs/lib/python3.8/site-packages:/home/f1/f1tenth_ws/build/pygame_key_teleop:/home/f1/f1tenth_ws/install/pygame_key_teleop/lib/python3.8/site-packages:/home/f1/f1tenth_ws/build/mouse_teleop:/home/f1/f1tenth_ws/install/mouse_teleop/lib/python3.8/site-packages:/home/f1/f1tenth_ws/build/map_controller:/home/f1/f1tenth_ws/install/map_controller/lib/python3.8/site-packages:/home/f1/f1tenth_ws/build/key_teleop:/home/f1/f1tenth_ws/install/key_teleop/lib/python3.8/site-packages:/home/f1/f1tenth_ws/install/f1tenth_path_planner/lib/python3.8/site-packages:/opt/ros/foxy/lib/python3.8/site-packages /usr/bin/cmake --build /home/f1/f1tenth_ws/build/vesc -- -j6 -l6
[22.469s] DEBUG:colcon.colcon_core.event_handler.log_command:Invoked command in '/home/f1/f1tenth_ws/build/vesc' returned '0': CMAKE_PREFIX_PATH=/home/f1/f1tenth_ws/install/vesc_driver:/home/f1/f1tenth_ws/install/vesc_ackermann:/home/f1/f1tenth_ws/install/vesc_msgs:/home/f1/f1tenth_ws/install/f1tenth_slam_nav:/home/f1/f1tenth_ws/install/vesc:/home/f1/f1tenth_ws/install/teleop_tools:/home/f1/f1tenth_ws/install/teleop_tools_msgs:/home/f1/f1tenth_ws/install/real_pure_pursuit:/home/f1/f1tenth_ws/install/pure_pursuit:/home/f1/f1tenth_ws/install/path_planner:/home/f1/f1tenth_ws/install/path_follow:/home/f1/f1tenth_ws/install/lidar_processing:/home/f1/f1tenth_ws/install/center_follow_cpp:/home/f1/f1tenth_ws/install/ackermann_mux:/home/f1/f1tenth_ws/install/f1tenth_stack:/home/f1/f1tenth_ws/install/joy_teleop:/home/f1/f1tenth_ws/install/pygame_key_teleop:/home/f1/f1tenth_ws/install/mouse_teleop:/home/f1/f1tenth_ws/install/map_controller:/home/f1/f1tenth_ws/install/key_teleop:/home/f1/f1tenth_ws/install/f1tenth_path_planner:/opt/ros/foxy PYTHONPATH=/home/f1/f1tenth_ws/install/vesc_msgs/lib/python3.8/site-packages:/home/f1/f1tenth_ws/install/f1tenth_slam_nav/lib/python3.8/site-packages:/home/f1/f1tenth_ws/build/f1tenth_stack:/home/f1/f1tenth_ws/install/f1tenth_stack/lib/python3.8/site-packages:/home/f1/f1tenth_ws/build/joy_teleop:/home/f1/f1tenth_ws/install/joy_teleop/lib/python3.8/site-packages:/home/f1/f1tenth_ws/install/teleop_tools_msgs/lib/python3.8/site-packages:/home/f1/f1tenth_ws/build/pygame_key_teleop:/home/f1/f1tenth_ws/install/pygame_key_teleop/lib/python3.8/site-packages:/home/f1/f1tenth_ws/build/mouse_teleop:/home/f1/f1tenth_ws/install/mouse_teleop/lib/python3.8/site-packages:/home/f1/f1tenth_ws/build/map_controller:/home/f1/f1tenth_ws/install/map_controller/lib/python3.8/site-packages:/home/f1/f1tenth_ws/build/key_teleop:/home/f1/f1tenth_ws/install/key_teleop/lib/python3.8/site-packages:/home/f1/f1tenth_ws/install/f1tenth_path_planner/lib/python3.8/site-packages:/opt/ros/foxy/lib/python3.8/site-packages /usr/bin/cmake --build /home/f1/f1tenth_ws/build/vesc -- -j6 -l6
[22.524s] DEBUG:colcon.colcon_core.event_handler.log_command:Invoking command in '/home/f1/f1tenth_ws/build/vesc': CMAKE_PREFIX_PATH=/home/f1/f1tenth_ws/install/vesc_driver:/home/f1/f1tenth_ws/install/vesc_ackermann:/home/f1/f1tenth_ws/install/vesc_msgs:/home/f1/f1tenth_ws/install/f1tenth_slam_nav:/home/f1/f1tenth_ws/install/vesc:/home/f1/f1tenth_ws/install/teleop_tools:/home/f1/f1tenth_ws/install/teleop_tools_msgs:/home/f1/f1tenth_ws/install/real_pure_pursuit:/home/f1/f1tenth_ws/install/pure_pursuit:/home/f1/f1tenth_ws/install/path_planner:/home/f1/f1tenth_ws/install/path_follow:/home/f1/f1tenth_ws/install/lidar_processing:/home/f1/f1tenth_ws/install/center_follow_cpp:/home/f1/f1tenth_ws/install/ackermann_mux:/home/f1/f1tenth_ws/install/f1tenth_stack:/home/f1/f1tenth_ws/install/joy_teleop:/home/f1/f1tenth_ws/install/pygame_key_teleop:/home/f1/f1tenth_ws/install/mouse_teleop:/home/f1/f1tenth_ws/install/map_controller:/home/f1/f1tenth_ws/install/key_teleop:/home/f1/f1tenth_ws/install/f1tenth_path_planner:/opt/ros/foxy PYTHONPATH=/home/f1/f1tenth_ws/install/vesc_msgs/lib/python3.8/site-packages:/home/f1/f1tenth_ws/install/f1tenth_slam_nav/lib/python3.8/site-packages:/home/f1/f1tenth_ws/build/f1tenth_stack:/home/f1/f1tenth_ws/install/f1tenth_stack/lib/python3.8/site-packages:/home/f1/f1tenth_ws/build/joy_teleop:/home/f1/f1tenth_ws/install/joy_teleop/lib/python3.8/site-packages:/home/f1/f1tenth_ws/install/teleop_tools_msgs/lib/python3.8/site-packages:/home/f1/f1tenth_ws/build/pygame_key_teleop:/home/f1/f1tenth_ws/install/pygame_key_teleop/lib/python3.8/site-packages:/home/f1/f1tenth_ws/build/mouse_teleop:/home/f1/f1tenth_ws/install/mouse_teleop/lib/python3.8/site-packages:/home/f1/f1tenth_ws/build/map_controller:/home/f1/f1tenth_ws/install/map_controller/lib/python3.8/site-packages:/home/f1/f1tenth_ws/build/key_teleop:/home/f1/f1tenth_ws/install/key_teleop/lib/python3.8/site-packages:/home/f1/f1tenth_ws/install/f1tenth_path_planner/lib/python3.8/site-packages:/opt/ros/foxy/lib/python3.8/site-packages /usr/bin/cmake --install /home/f1/f1tenth_ws/build/vesc
[22.594s] Level 1:colcon.colcon_core.shell:create_environment_hook('mouse_teleop', 'pythonpath_develop')
[22.599s] DEBUG:colcon.colcon_core.event_handler.log_command:Invoked command in '/home/f1/f1tenth_ws/build/mouse_teleop' returned '0': PYTHONPATH=/home/f1/f1tenth_ws/build/mouse_teleop/prefix_override:/usr/lib/python3/dist-packages/colcon_core/task/python/colcon_distutils_commands:/home/f1/f1tenth_ws/install/mouse_teleop/lib/python3.8/site-packages:${PYTHONPATH} /usr/bin/python3 -W ignore:setup.py install is deprecated -W ignore:easy_install command is deprecated setup.py develop --editable --build-directory /home/f1/f1tenth_ws/build/mouse_teleop/build --no-deps symlink_data
[22.607s] INFO:colcon.colcon_core.shell:Creating environment hook '/home/f1/f1tenth_ws/build/mouse_teleop/share/mouse_teleop/hook/pythonpath_develop.ps1'
[22.639s] INFO:colcon.colcon_core.shell:Creating environment descriptor '/home/f1/f1tenth_ws/build/mouse_teleop/share/mouse_teleop/hook/pythonpath_develop.dsv'
[22.651s] INFO:colcon.colcon_core.shell:Creating environment hook '/home/f1/f1tenth_ws/build/mouse_teleop/share/mouse_teleop/hook/pythonpath_develop.sh'
[22.660s] Level 1:colcon.colcon_core.environment:checking '/home/f1/f1tenth_ws/install/mouse_teleop' for CMake module files
[22.680s] Level 1:colcon.colcon_core.environment:checking '/home/f1/f1tenth_ws/install/mouse_teleop' for CMake config files
[22.702s] Level 1:colcon.colcon_core.environment:checking '/home/f1/f1tenth_ws/install/mouse_teleop/lib'
[22.705s] Level 1:colcon.colcon_core.environment:checking '/home/f1/f1tenth_ws/install/mouse_teleop/bin'
[22.709s] Level 1:colcon.colcon_core.environment:checking '/home/f1/f1tenth_ws/install/mouse_teleop/lib/pkgconfig/mouse_teleop.pc'
[22.719s] Level 1:colcon.colcon_core.environment:checking '/home/f1/f1tenth_ws/install/mouse_teleop/lib/python3.8/site-packages'
[22.730s] Level 1:colcon.colcon_core.shell:create_environment_hook('mouse_teleop', 'pythonpath')
[22.743s] INFO:colcon.colcon_core.shell:Creating environment hook '/home/f1/f1tenth_ws/install/mouse_teleop/share/mouse_teleop/hook/pythonpath.ps1'
[22.755s] INFO:colcon.colcon_core.shell:Creating environment descriptor '/home/f1/f1tenth_ws/install/mouse_teleop/share/mouse_teleop/hook/pythonpath.dsv'
[22.767s] INFO:colcon.colcon_core.shell:Creating environment hook '/home/f1/f1tenth_ws/install/mouse_teleop/share/mouse_teleop/hook/pythonpath.sh'
[22.777s] Level 1:colcon.colcon_core.environment:checking '/home/f1/f1tenth_ws/install/mouse_teleop/bin'
[22.778s] Level 1:colcon.colcon_core.environment:create_environment_scripts_only(mouse_teleop)
[22.780s] INFO:colcon.colcon_core.shell:Creating package script '/home/f1/f1tenth_ws/install/mouse_teleop/share/mouse_teleop/package.ps1'
[22.790s] INFO:colcon.colcon_core.shell:Creating package descriptor '/home/f1/f1tenth_ws/install/mouse_teleop/share/mouse_teleop/package.dsv'
[22.819s] INFO:colcon.colcon_core.shell:Creating package script '/home/f1/f1tenth_ws/install/mouse_teleop/share/mouse_teleop/package.sh'
[22.825s] INFO:colcon.colcon_core.shell:Creating package script '/home/f1/f1tenth_ws/install/mouse_teleop/share/mouse_teleop/package.bash'
[22.829s] INFO:colcon.colcon_core.shell:Creating package script '/home/f1/f1tenth_ws/install/mouse_teleop/share/mouse_teleop/package.zsh'
[22.833s] Level 1:colcon.colcon_core.environment:create_file_with_runtime_dependencies(/home/f1/f1tenth_ws/install/mouse_teleop/share/colcon-core/packages/mouse_teleop)
[22.966s] Level 1:colcon.colcon_core.environment:create_environment_scripts_only(vesc)
[22.971s] Level 1:colcon.colcon_core.environment:checking '/home/f1/f1tenth_ws/install/vesc' for CMake module files
[22.986s] DEBUG:colcon.colcon_core.event_handler.log_command:Invoked command in '/home/f1/f1tenth_ws/build/vesc' returned '0': CMAKE_PREFIX_PATH=/home/f1/f1tenth_ws/install/vesc_driver:/home/f1/f1tenth_ws/install/vesc_ackermann:/home/f1/f1tenth_ws/install/vesc_msgs:/home/f1/f1tenth_ws/install/f1tenth_slam_nav:/home/f1/f1tenth_ws/install/vesc:/home/f1/f1tenth_ws/install/teleop_tools:/home/f1/f1tenth_ws/install/teleop_tools_msgs:/home/f1/f1tenth_ws/install/real_pure_pursuit:/home/f1/f1tenth_ws/install/pure_pursuit:/home/f1/f1tenth_ws/install/path_planner:/home/f1/f1tenth_ws/install/path_follow:/home/f1/f1tenth_ws/install/lidar_processing:/home/f1/f1tenth_ws/install/center_follow_cpp:/home/f1/f1tenth_ws/install/ackermann_mux:/home/f1/f1tenth_ws/install/f1tenth_stack:/home/f1/f1tenth_ws/install/joy_teleop:/home/f1/f1tenth_ws/install/pygame_key_teleop:/home/f1/f1tenth_ws/install/mouse_teleop:/home/f1/f1tenth_ws/install/map_controller:/home/f1/f1tenth_ws/install/key_teleop:/home/f1/f1tenth_ws/install/f1tenth_path_planner:/opt/ros/foxy PYTHONPATH=/home/f1/f1tenth_ws/install/vesc_msgs/lib/python3.8/site-packages:/home/f1/f1tenth_ws/install/f1tenth_slam_nav/lib/python3.8/site-packages:/home/f1/f1tenth_ws/build/f1tenth_stack:/home/f1/f1tenth_ws/install/f1tenth_stack/lib/python3.8/site-packages:/home/f1/f1tenth_ws/build/joy_teleop:/home/f1/f1tenth_ws/install/joy_teleop/lib/python3.8/site-packages:/home/f1/f1tenth_ws/install/teleop_tools_msgs/lib/python3.8/site-packages:/home/f1/f1tenth_ws/build/pygame_key_teleop:/home/f1/f1tenth_ws/install/pygame_key_teleop/lib/python3.8/site-packages:/home/f1/f1tenth_ws/build/mouse_teleop:/home/f1/f1tenth_ws/install/mouse_teleop/lib/python3.8/site-packages:/home/f1/f1tenth_ws/build/map_controller:/home/f1/f1tenth_ws/install/map_controller/lib/python3.8/site-packages:/home/f1/f1tenth_ws/build/key_teleop:/home/f1/f1tenth_ws/install/key_teleop/lib/python3.8/site-packages:/home/f1/f1tenth_ws/install/f1tenth_path_planner/lib/python3.8/site-packages:/opt/ros/foxy/lib/python3.8/site-packages /usr/bin/cmake --install /home/f1/f1tenth_ws/build/vesc
[22.990s] Level 1:colcon.colcon_core.environment:checking '/home/f1/f1tenth_ws/install/vesc' for CMake config files
[23.026s] Level 1:colcon.colcon_core.shell:create_environment_hook('vesc', 'cmake_prefix_path')
[23.029s] INFO:colcon.colcon_core.shell:Creating environment hook '/home/f1/f1tenth_ws/install/vesc/share/vesc/hook/cmake_prefix_path.ps1'
[23.066s] INFO:colcon.colcon_core.shell:Creating environment descriptor '/home/f1/f1tenth_ws/install/vesc/share/vesc/hook/cmake_prefix_path.dsv'
[23.085s] INFO:colcon.colcon_core.shell:Creating environment hook '/home/f1/f1tenth_ws/install/vesc/share/vesc/hook/cmake_prefix_path.sh'
[23.100s] Level 1:colcon.colcon_core.environment:checking '/home/f1/f1tenth_ws/install/vesc/bin'
[23.110s] Level 1:colcon.colcon_core.environment:checking '/home/f1/f1tenth_ws/install/vesc/lib/pkgconfig/vesc.pc'
[23.111s] Level 1:colcon.colcon_core.environment:checking '/home/f1/f1tenth_ws/install/vesc/lib/python3.8/site-packages'
[23.112s] Level 1:colcon.colcon_core.environment:checking '/home/f1/f1tenth_ws/install/vesc/bin'
[23.114s] INFO:colcon.colcon_core.shell:Creating package script '/home/f1/f1tenth_ws/install/vesc/share/vesc/package.ps1'
[23.119s] INFO:colcon.colcon_core.shell:Creating package descriptor '/home/f1/f1tenth_ws/install/vesc/share/vesc/package.dsv'
[23.122s] INFO:colcon.colcon_core.shell:Creating package script '/home/f1/f1tenth_ws/install/vesc/share/vesc/package.sh'
[23.126s] INFO:colcon.colcon_core.shell:Creating package script '/home/f1/f1tenth_ws/install/vesc/share/vesc/package.bash'
[23.129s] INFO:colcon.colcon_core.shell:Creating package script '/home/f1/f1tenth_ws/install/vesc/share/vesc/package.zsh'
[23.143s] Level 1:colcon.colcon_core.environment:create_file_with_runtime_dependencies(/home/f1/f1tenth_ws/install/vesc/share/colcon-core/packages/vesc)
[23.148s] Level 1:colcon.colcon_core.environment:create_environment_scripts_only(vesc)
[23.149s] Level 1:colcon.colcon_core.environment:checking '/home/f1/f1tenth_ws/install/vesc' for CMake module files
[23.167s] Level 1:colcon.colcon_core.environment:checking '/home/f1/f1tenth_ws/install/vesc' for CMake config files
[23.171s] Level 1:colcon.colcon_core.shell:create_environment_hook('vesc', 'cmake_prefix_path')
[23.176s] INFO:colcon.colcon_core.shell:Creating environment hook '/home/f1/f1tenth_ws/install/vesc/share/vesc/hook/cmake_prefix_path.ps1'
[23.197s] INFO:colcon.colcon_core.shell:Creating environment descriptor '/home/f1/f1tenth_ws/install/vesc/share/vesc/hook/cmake_prefix_path.dsv'
[23.202s] INFO:colcon.colcon_core.shell:Creating environment hook '/home/f1/f1tenth_ws/install/vesc/share/vesc/hook/cmake_prefix_path.sh'
[23.211s] Level 1:colcon.colcon_core.environment:checking '/home/f1/f1tenth_ws/install/vesc/bin'
[23.214s] Level 1:colcon.colcon_core.environment:checking '/home/f1/f1tenth_ws/install/vesc/lib/pkgconfig/vesc.pc'
[23.216s] Level 1:colcon.colcon_core.environment:checking '/home/f1/f1tenth_ws/install/vesc/lib/python3.8/site-packages'
[23.218s] Level 1:colcon.colcon_core.environment:checking '/home/f1/f1tenth_ws/install/vesc/bin'
[23.223s] INFO:colcon.colcon_core.shell:Creating package script '/home/f1/f1tenth_ws/install/vesc/share/vesc/package.ps1'
[23.231s] INFO:colcon.colcon_core.shell:Creating package descriptor '/home/f1/f1tenth_ws/install/vesc/share/vesc/package.dsv'
[23.243s] INFO:colcon.colcon_core.shell:Creating package script '/home/f1/f1tenth_ws/install/vesc/share/vesc/package.sh'
[23.276s] INFO:colcon.colcon_core.shell:Creating package script '/home/f1/f1tenth_ws/install/vesc/share/vesc/package.bash'
[23.282s] INFO:colcon.colcon_core.shell:Creating package script '/home/f1/f1tenth_ws/install/vesc/share/vesc/package.zsh'
[23.298s] Level 1:colcon.colcon_core.environment:create_file_with_runtime_dependencies(/home/f1/f1tenth_ws/install/vesc/share/colcon-core/packages/vesc)
[24.734s] DEBUG:colcon.colcon_core.event_handler.log_command:Invoking command in '/home/f1/f1tenth_ws/build/pygame_key_teleop': PYTHONPATH=/home/f1/f1tenth_ws/build/pygame_key_teleop/prefix_override:/usr/lib/python3/dist-packages/colcon_core/task/python/colcon_distutils_commands:/home/f1/f1tenth_ws/install/pygame_key_teleop/lib/python3.8/site-packages:${PYTHONPATH} /usr/bin/python3 -W ignore:setup.py install is deprecated -W ignore:easy_install command is deprecated setup.py develop --editable --build-directory /home/f1/f1tenth_ws/build/pygame_key_teleop/build --no-deps symlink_data
[25.232s] Level 1:colcon.colcon_core.shell:create_environment_hook('joy_teleop', 'pythonpath_develop')
[25.238s] INFO:colcon.colcon_core.shell:Creating environment hook '/home/f1/f1tenth_ws/build/joy_teleop/share/joy_teleop/hook/pythonpath_develop.ps1'
[25.241s] DEBUG:colcon.colcon_core.event_handler.log_command:Invoked command in '/home/f1/f1tenth_ws/build/joy_teleop' returned '0': CMAKE_PREFIX_PATH=/home/f1/f1tenth_ws/install/teleop_tools_msgs:/home/f1/f1tenth_ws/install/f1tenth_slam_nav:/home/f1/f1tenth_ws/install/vesc:/home/f1/f1tenth_ws/install/vesc_driver:/home/f1/f1tenth_ws/install/vesc_ackermann:/home/f1/f1tenth_ws/install/vesc_msgs:/home/f1/f1tenth_ws/install/teleop_tools:/home/f1/f1tenth_ws/install/real_pure_pursuit:/home/f1/f1tenth_ws/install/pure_pursuit:/home/f1/f1tenth_ws/install/path_planner:/home/f1/f1tenth_ws/install/path_follow:/home/f1/f1tenth_ws/install/lidar_processing:/home/f1/f1tenth_ws/install/center_follow_cpp:/home/f1/f1tenth_ws/install/ackermann_mux LD_LIBRARY_PATH=/home/f1/f1tenth_ws/install/teleop_tools_msgs/lib:/home/f1/f1tenth_ws/install/vesc_driver/lib:/home/f1/f1tenth_ws/install/vesc_ackermann/lib:/home/f1/f1tenth_ws/install/vesc_msgs/lib:/opt/ros/foxy/opt/yaml_cpp_vendor/lib:/opt/ros/foxy/opt/rviz_ogre_vendor/lib:/opt/ros/foxy/lib/aarch64-linux-gnu:/opt/ros/foxy/lib PYTHONPATH=/home/f1/f1tenth_ws/build/joy_teleop/prefix_override:/usr/lib/python3/dist-packages/colcon_core/task/python/colcon_distutils_commands:/home/f1/f1tenth_ws/install/joy_teleop/lib/python3.8/site-packages:/home/f1/f1tenth_ws/install/teleop_tools_msgs/lib/python3.8/site-packages:/home/f1/f1tenth_ws/install/f1tenth_slam_nav/lib/python3.8/site-packages:/home/f1/f1tenth_ws/build/f1tenth_stack:/home/f1/f1tenth_ws/install/f1tenth_stack/lib/python3.8/site-packages:/home/f1/f1tenth_ws/install/vesc_msgs/lib/python3.8/site-packages:/home/f1/f1tenth_ws/build/joy_teleop:/home/f1/f1tenth_ws/install/joy_teleop/lib/python3.8/site-packages:/home/f1/f1tenth_ws/build/pygame_key_teleop:/home/f1/f1tenth_ws/install/pygame_key_teleop/lib/python3.8/site-packages:/home/f1/f1tenth_ws/build/mouse_teleop:/home/f1/f1tenth_ws/install/mouse_teleop/lib/python3.8/site-packages:/home/f1/f1tenth_ws/build/map_controller:/home/f1/f1tenth_ws/install/map_controller/lib/python3.8/site-packages:/home/f1/f1tenth_ws/build/key_teleop:/home/f1/f1tenth_ws/install/key_teleop/lib/python3.8/site-packages:/home/f1/f1tenth_ws/install/f1tenth_path_planner/lib/python3.8/site-packages:/opt/ros/foxy/lib/python3.8/site-packages /usr/bin/python3 -W ignore:setup.py install is deprecated -W ignore:easy_install command is deprecated setup.py develop --editable --build-directory /home/f1/f1tenth_ws/build/joy_teleop/build --no-deps symlink_data
[25.248s] INFO:colcon.colcon_core.shell:Creating environment descriptor '/home/f1/f1tenth_ws/build/joy_teleop/share/joy_teleop/hook/pythonpath_develop.dsv'
[25.250s] INFO:colcon.colcon_core.shell:Creating environment hook '/home/f1/f1tenth_ws/build/joy_teleop/share/joy_teleop/hook/pythonpath_develop.sh'
[25.255s] Level 1:colcon.colcon_core.environment:checking '/home/f1/f1tenth_ws/install/joy_teleop' for CMake module files
[25.259s] Level 1:colcon.colcon_core.environment:checking '/home/f1/f1tenth_ws/install/joy_teleop' for CMake config files
[25.264s] Level 1:colcon.colcon_core.environment:checking '/home/f1/f1tenth_ws/install/joy_teleop/lib'
[25.265s] Level 1:colcon.colcon_core.environment:checking '/home/f1/f1tenth_ws/install/joy_teleop/bin'
[25.266s] Level 1:colcon.colcon_core.environment:checking '/home/f1/f1tenth_ws/install/joy_teleop/lib/pkgconfig/joy_teleop.pc'
[25.268s] Level 1:colcon.colcon_core.environment:checking '/home/f1/f1tenth_ws/install/joy_teleop/lib/python3.8/site-packages'
[25.268s] Level 1:colcon.colcon_core.shell:create_environment_hook('joy_teleop', 'pythonpath')
[25.270s] INFO:colcon.colcon_core.shell:Creating environment hook '/home/f1/f1tenth_ws/install/joy_teleop/share/joy_teleop/hook/pythonpath.ps1'
[25.272s] INFO:colcon.colcon_core.shell:Creating environment descriptor '/home/f1/f1tenth_ws/install/joy_teleop/share/joy_teleop/hook/pythonpath.dsv'
[25.275s] INFO:colcon.colcon_core.shell:Creating environment hook '/home/f1/f1tenth_ws/install/joy_teleop/share/joy_teleop/hook/pythonpath.sh'
[25.278s] Level 1:colcon.colcon_core.environment:checking '/home/f1/f1tenth_ws/install/joy_teleop/bin'
[25.279s] Level 1:colcon.colcon_core.environment:create_environment_scripts_only(joy_teleop)
[25.281s] INFO:colcon.colcon_core.shell:Creating package script '/home/f1/f1tenth_ws/install/joy_teleop/share/joy_teleop/package.ps1'
[25.285s] INFO:colcon.colcon_core.shell:Creating package descriptor '/home/f1/f1tenth_ws/install/joy_teleop/share/joy_teleop/package.dsv'
[25.289s] INFO:colcon.colcon_core.shell:Creating package script '/home/f1/f1tenth_ws/install/joy_teleop/share/joy_teleop/package.sh'
[25.294s] INFO:colcon.colcon_core.shell:Creating package script '/home/f1/f1tenth_ws/install/joy_teleop/share/joy_teleop/package.bash'
[25.297s] INFO:colcon.colcon_core.shell:Creating package script '/home/f1/f1tenth_ws/install/joy_teleop/share/joy_teleop/package.zsh'
[25.302s] Level 1:colcon.colcon_core.environment:create_file_with_runtime_dependencies(/home/f1/f1tenth_ws/install/joy_teleop/share/colcon-core/packages/joy_teleop)
[25.305s] INFO:colcon.colcon_ros.task.ament_python.build:Building ROS package in '/home/f1/f1tenth_ws/src/f1tenth_system/f1tenth_stack' with build type 'ament_python'
[25.308s] Level 1:colcon.colcon_core.shell:create_environment_hook('f1tenth_stack', 'ament_prefix_path')
[25.314s] INFO:colcon.colcon_core.shell:Creating environment hook '/home/f1/f1tenth_ws/install/f1tenth_stack/share/f1tenth_stack/hook/ament_prefix_path.ps1'
[25.320s] INFO:colcon.colcon_core.shell:Creating environment descriptor '/home/f1/f1tenth_ws/install/f1tenth_stack/share/f1tenth_stack/hook/ament_prefix_path.dsv'
[25.327s] INFO:colcon.colcon_core.shell:Creating environment hook '/home/f1/f1tenth_ws/install/f1tenth_stack/share/f1tenth_stack/hook/ament_prefix_path.sh'
[25.331s] INFO:colcon.colcon_core.shell:Skip shell extension 'powershell' for command environment: Not usable outside of PowerShell
[25.332s] DEBUG:colcon.colcon_core.shell:Skip shell extension 'dsv' for command environment
[25.389s] INFO:colcon.colcon_ros.task.ament_cmake.build:Building ROS package in '/home/f1/f1tenth_ws/src/f1tenth_system/teleop_tools/teleop_tools' with build type 'ament_cmake'
[25.394s] INFO:colcon.colcon_cmake.task.cmake.build:Building CMake package in '/home/f1/f1tenth_ws/src/f1tenth_system/teleop_tools/teleop_tools'
[25.399s] INFO:colcon.colcon_core.shell:Skip shell extension 'powershell' for command environment: Not usable outside of PowerShell
[25.401s] DEBUG:colcon.colcon_core.shell:Skip shell extension 'dsv' for command environment
[27.683s] INFO:colcon.colcon_core.task.python.build:Building Python package in '/home/f1/f1tenth_ws/src/f1tenth_system/f1tenth_stack'
[27.688s] INFO:colcon.colcon_core.shell:Skip shell extension 'powershell' for command environment: Not usable outside of PowerShell
[27.688s] DEBUG:colcon.colcon_core.shell:Skip shell extension 'dsv' for command environment
[27.819s] DEBUG:colcon.colcon_core.event_handler.log_command:Invoking command in '/home/f1/f1tenth_ws/build/teleop_tools': AMENT_PREFIX_PATH=/home/f1/f1tenth_ws/install/joy_teleop:/home/f1/f1tenth_ws/install/key_teleop:/home/f1/f1tenth_ws/install/f1tenth_slam_nav:/home/f1/f1tenth_ws/install/f1tenth_stack:/home/f1/f1tenth_ws/install/vesc:/home/f1/f1tenth_ws/install/vesc_driver:/home/f1/f1tenth_ws/install/vesc_ackermann:/home/f1/f1tenth_ws/install/vesc_msgs:/home/f1/f1tenth_ws/install/teleop_tools:/home/f1/f1tenth_ws/install/teleop_tools_msgs:/home/f1/f1tenth_ws/install/real_pure_pursuit:/home/f1/f1tenth_ws/install/pygame_key_teleop:/home/f1/f1tenth_ws/install/pure_pursuit:/home/f1/f1tenth_ws/install/path_planner:/home/f1/f1tenth_ws/install/path_follow:/home/f1/f1tenth_ws/install/mouse_teleop:/home/f1/f1tenth_ws/install/map_controller:/home/f1/f1tenth_ws/install/lidar_processing:/home/f1/f1tenth_ws/install/f1tenth_path_planner:/home/f1/f1tenth_ws/install/center_follow_cpp:/home/f1/f1tenth_ws/install/ackermann_mux:/opt/ros/foxy CMAKE_PREFIX_PATH=/home/f1/f1tenth_ws/install/teleop_tools_msgs:/home/f1/f1tenth_ws/install/f1tenth_slam_nav:/home/f1/f1tenth_ws/install/vesc:/home/f1/f1tenth_ws/install/vesc_driver:/home/f1/f1tenth_ws/install/vesc_ackermann:/home/f1/f1tenth_ws/install/vesc_msgs:/home/f1/f1tenth_ws/install/teleop_tools:/home/f1/f1tenth_ws/install/real_pure_pursuit:/home/f1/f1tenth_ws/install/pure_pursuit:/home/f1/f1tenth_ws/install/path_planner:/home/f1/f1tenth_ws/install/path_follow:/home/f1/f1tenth_ws/install/lidar_processing:/home/f1/f1tenth_ws/install/center_follow_cpp:/home/f1/f1tenth_ws/install/ackermann_mux:/home/f1/f1tenth_ws/install/f1tenth_stack:/home/f1/f1tenth_ws/install/joy_teleop:/home/f1/f1tenth_ws/install/pygame_key_teleop:/home/f1/f1tenth_ws/install/mouse_teleop:/home/f1/f1tenth_ws/install/map_controller:/home/f1/f1tenth_ws/install/key_teleop:/home/f1/f1tenth_ws/install/f1tenth_path_planner:/opt/ros/foxy LD_LIBRARY_PATH=/home/f1/f1tenth_ws/install/teleop_tools_msgs/lib:/home/f1/f1tenth_ws/install/vesc_driver/lib:/home/f1/f1tenth_ws/install/vesc_ackermann/lib:/home/f1/f1tenth_ws/install/vesc_msgs/lib:/opt/ros/foxy/opt/yaml_cpp_vendor/lib:/opt/ros/foxy/opt/rviz_ogre_vendor/lib:/opt/ros/foxy/lib/aarch64-linux-gnu:/opt/ros/foxy/lib PYTHONPATH=/home/f1/f1tenth_ws/build/joy_teleop:/home/f1/f1tenth_ws/install/joy_teleop/lib/python3.8/site-packages:/home/f1/f1tenth_ws/install/teleop_tools_msgs/lib/python3.8/site-packages:/home/f1/f1tenth_ws/build/key_teleop:/home/f1/f1tenth_ws/install/key_teleop/lib/python3.8/site-packages:/home/f1/f1tenth_ws/install/f1tenth_slam_nav/lib/python3.8/site-packages:/home/f1/f1tenth_ws/build/f1tenth_stack:/home/f1/f1tenth_ws/install/f1tenth_stack/lib/python3.8/site-packages:/home/f1/f1tenth_ws/install/vesc_msgs/lib/python3.8/site-packages:/home/f1/f1tenth_ws/build/pygame_key_teleop:/home/f1/f1tenth_ws/install/pygame_key_teleop/lib/python3.8/site-packages:/home/f1/f1tenth_ws/build/mouse_teleop:/home/f1/f1tenth_ws/install/mouse_teleop/lib/python3.8/site-packages:/home/f1/f1tenth_ws/build/map_controller:/home/f1/f1tenth_ws/install/map_controller/lib/python3.8/site-packages:/home/f1/f1tenth_ws/install/f1tenth_path_planner/lib/python3.8/site-packages:/opt/ros/foxy/lib/python3.8/site-packages /usr/bin/cmake --build /home/f1/f1tenth_ws/build/teleop_tools -- -j6 -l6
[28.151s] DEBUG:colcon.colcon_core.event_handler.log_command:Invoked command in '/home/f1/f1tenth_ws/build/teleop_tools' returned '0': AMENT_PREFIX_PATH=/home/f1/f1tenth_ws/install/joy_teleop:/home/f1/f1tenth_ws/install/key_teleop:/home/f1/f1tenth_ws/install/f1tenth_slam_nav:/home/f1/f1tenth_ws/install/f1tenth_stack:/home/f1/f1tenth_ws/install/vesc:/home/f1/f1tenth_ws/install/vesc_driver:/home/f1/f1tenth_ws/install/vesc_ackermann:/home/f1/f1tenth_ws/install/vesc_msgs:/home/f1/f1tenth_ws/install/teleop_tools:/home/f1/f1tenth_ws/install/teleop_tools_msgs:/home/f1/f1tenth_ws/install/real_pure_pursuit:/home/f1/f1tenth_ws/install/pygame_key_teleop:/home/f1/f1tenth_ws/install/pure_pursuit:/home/f1/f1tenth_ws/install/path_planner:/home/f1/f1tenth_ws/install/path_follow:/home/f1/f1tenth_ws/install/mouse_teleop:/home/f1/f1tenth_ws/install/map_controller:/home/f1/f1tenth_ws/install/lidar_processing:/home/f1/f1tenth_ws/install/f1tenth_path_planner:/home/f1/f1tenth_ws/install/center_follow_cpp:/home/f1/f1tenth_ws/install/ackermann_mux:/opt/ros/foxy CMAKE_PREFIX_PATH=/home/f1/f1tenth_ws/install/teleop_tools_msgs:/home/f1/f1tenth_ws/install/f1tenth_slam_nav:/home/f1/f1tenth_ws/install/vesc:/home/f1/f1tenth_ws/install/vesc_driver:/home/f1/f1tenth_ws/install/vesc_ackermann:/home/f1/f1tenth_ws/install/vesc_msgs:/home/f1/f1tenth_ws/install/teleop_tools:/home/f1/f1tenth_ws/install/real_pure_pursuit:/home/f1/f1tenth_ws/install/pure_pursuit:/home/f1/f1tenth_ws/install/path_planner:/home/f1/f1tenth_ws/install/path_follow:/home/f1/f1tenth_ws/install/lidar_processing:/home/f1/f1tenth_ws/install/center_follow_cpp:/home/f1/f1tenth_ws/install/ackermann_mux:/home/f1/f1tenth_ws/install/f1tenth_stack:/home/f1/f1tenth_ws/install/joy_teleop:/home/f1/f1tenth_ws/install/pygame_key_teleop:/home/f1/f1tenth_ws/install/mouse_teleop:/home/f1/f1tenth_ws/install/map_controller:/home/f1/f1tenth_ws/install/key_teleop:/home/f1/f1tenth_ws/install/f1tenth_path_planner:/opt/ros/foxy LD_LIBRARY_PATH=/home/f1/f1tenth_ws/install/teleop_tools_msgs/lib:/home/f1/f1tenth_ws/install/vesc_driver/lib:/home/f1/f1tenth_ws/install/vesc_ackermann/lib:/home/f1/f1tenth_ws/install/vesc_msgs/lib:/opt/ros/foxy/opt/yaml_cpp_vendor/lib:/opt/ros/foxy/opt/rviz_ogre_vendor/lib:/opt/ros/foxy/lib/aarch64-linux-gnu:/opt/ros/foxy/lib PYTHONPATH=/home/f1/f1tenth_ws/build/joy_teleop:/home/f1/f1tenth_ws/install/joy_teleop/lib/python3.8/site-packages:/home/f1/f1tenth_ws/install/teleop_tools_msgs/lib/python3.8/site-packages:/home/f1/f1tenth_ws/build/key_teleop:/home/f1/f1tenth_ws/install/key_teleop/lib/python3.8/site-packages:/home/f1/f1tenth_ws/install/f1tenth_slam_nav/lib/python3.8/site-packages:/home/f1/f1tenth_ws/build/f1tenth_stack:/home/f1/f1tenth_ws/install/f1tenth_stack/lib/python3.8/site-packages:/home/f1/f1tenth_ws/install/vesc_msgs/lib/python3.8/site-packages:/home/f1/f1tenth_ws/build/pygame_key_teleop:/home/f1/f1tenth_ws/install/pygame_key_teleop/lib/python3.8/site-packages:/home/f1/f1tenth_ws/build/mouse_teleop:/home/f1/f1tenth_ws/install/mouse_teleop/lib/python3.8/site-packages:/home/f1/f1tenth_ws/build/map_controller:/home/f1/f1tenth_ws/install/map_controller/lib/python3.8/site-packages:/home/f1/f1tenth_ws/install/f1tenth_path_planner/lib/python3.8/site-packages:/opt/ros/foxy/lib/python3.8/site-packages /usr/bin/cmake --build /home/f1/f1tenth_ws/build/teleop_tools -- -j6 -l6
[28.186s] DEBUG:colcon.colcon_core.event_handler.log_command:Invoking command in '/home/f1/f1tenth_ws/build/teleop_tools': AMENT_PREFIX_PATH=/home/f1/f1tenth_ws/install/joy_teleop:/home/f1/f1tenth_ws/install/key_teleop:/home/f1/f1tenth_ws/install/f1tenth_slam_nav:/home/f1/f1tenth_ws/install/f1tenth_stack:/home/f1/f1tenth_ws/install/vesc:/home/f1/f1tenth_ws/install/vesc_driver:/home/f1/f1tenth_ws/install/vesc_ackermann:/home/f1/f1tenth_ws/install/vesc_msgs:/home/f1/f1tenth_ws/install/teleop_tools:/home/f1/f1tenth_ws/install/teleop_tools_msgs:/home/f1/f1tenth_ws/install/real_pure_pursuit:/home/f1/f1tenth_ws/install/pygame_key_teleop:/home/f1/f1tenth_ws/install/pure_pursuit:/home/f1/f1tenth_ws/install/path_planner:/home/f1/f1tenth_ws/install/path_follow:/home/f1/f1tenth_ws/install/mouse_teleop:/home/f1/f1tenth_ws/install/map_controller:/home/f1/f1tenth_ws/install/lidar_processing:/home/f1/f1tenth_ws/install/f1tenth_path_planner:/home/f1/f1tenth_ws/install/center_follow_cpp:/home/f1/f1tenth_ws/install/ackermann_mux:/opt/ros/foxy CMAKE_PREFIX_PATH=/home/f1/f1tenth_ws/install/teleop_tools_msgs:/home/f1/f1tenth_ws/install/f1tenth_slam_nav:/home/f1/f1tenth_ws/install/vesc:/home/f1/f1tenth_ws/install/vesc_driver:/home/f1/f1tenth_ws/install/vesc_ackermann:/home/f1/f1tenth_ws/install/vesc_msgs:/home/f1/f1tenth_ws/install/teleop_tools:/home/f1/f1tenth_ws/install/real_pure_pursuit:/home/f1/f1tenth_ws/install/pure_pursuit:/home/f1/f1tenth_ws/install/path_planner:/home/f1/f1tenth_ws/install/path_follow:/home/f1/f1tenth_ws/install/lidar_processing:/home/f1/f1tenth_ws/install/center_follow_cpp:/home/f1/f1tenth_ws/install/ackermann_mux:/home/f1/f1tenth_ws/install/f1tenth_stack:/home/f1/f1tenth_ws/install/joy_teleop:/home/f1/f1tenth_ws/install/pygame_key_teleop:/home/f1/f1tenth_ws/install/mouse_teleop:/home/f1/f1tenth_ws/install/map_controller:/home/f1/f1tenth_ws/install/key_teleop:/home/f1/f1tenth_ws/install/f1tenth_path_planner:/opt/ros/foxy LD_LIBRARY_PATH=/home/f1/f1tenth_ws/install/teleop_tools_msgs/lib:/home/f1/f1tenth_ws/install/vesc_driver/lib:/home/f1/f1tenth_ws/install/vesc_ackermann/lib:/home/f1/f1tenth_ws/install/vesc_msgs/lib:/opt/ros/foxy/opt/yaml_cpp_vendor/lib:/opt/ros/foxy/opt/rviz_ogre_vendor/lib:/opt/ros/foxy/lib/aarch64-linux-gnu:/opt/ros/foxy/lib PYTHONPATH=/home/f1/f1tenth_ws/build/joy_teleop:/home/f1/f1tenth_ws/install/joy_teleop/lib/python3.8/site-packages:/home/f1/f1tenth_ws/install/teleop_tools_msgs/lib/python3.8/site-packages:/home/f1/f1tenth_ws/build/key_teleop:/home/f1/f1tenth_ws/install/key_teleop/lib/python3.8/site-packages:/home/f1/f1tenth_ws/install/f1tenth_slam_nav/lib/python3.8/site-packages:/home/f1/f1tenth_ws/build/f1tenth_stack:/home/f1/f1tenth_ws/install/f1tenth_stack/lib/python3.8/site-packages:/home/f1/f1tenth_ws/install/vesc_msgs/lib/python3.8/site-packages:/home/f1/f1tenth_ws/build/pygame_key_teleop:/home/f1/f1tenth_ws/install/pygame_key_teleop/lib/python3.8/site-packages:/home/f1/f1tenth_ws/build/mouse_teleop:/home/f1/f1tenth_ws/install/mouse_teleop/lib/python3.8/site-packages:/home/f1/f1tenth_ws/build/map_controller:/home/f1/f1tenth_ws/install/map_controller/lib/python3.8/site-packages:/home/f1/f1tenth_ws/install/f1tenth_path_planner/lib/python3.8/site-packages:/opt/ros/foxy/lib/python3.8/site-packages /usr/bin/cmake --install /home/f1/f1tenth_ws/build/teleop_tools
[28.425s] Level 1:colcon.colcon_core.environment:create_environment_scripts_only(teleop_tools)
[28.429s] Level 1:colcon.colcon_core.environment:checking '/home/f1/f1tenth_ws/install/teleop_tools' for CMake module files
[28.433s] Level 1:colcon.colcon_core.environment:checking '/home/f1/f1tenth_ws/install/teleop_tools' for CMake config files
[28.438s] DEBUG:colcon.colcon_core.event_handler.log_command:Invoked command in '/home/f1/f1tenth_ws/build/teleop_tools' returned '0': AMENT_PREFIX_PATH=/home/f1/f1tenth_ws/install/joy_teleop:/home/f1/f1tenth_ws/install/key_teleop:/home/f1/f1tenth_ws/install/f1tenth_slam_nav:/home/f1/f1tenth_ws/install/f1tenth_stack:/home/f1/f1tenth_ws/install/vesc:/home/f1/f1tenth_ws/install/vesc_driver:/home/f1/f1tenth_ws/install/vesc_ackermann:/home/f1/f1tenth_ws/install/vesc_msgs:/home/f1/f1tenth_ws/install/teleop_tools:/home/f1/f1tenth_ws/install/teleop_tools_msgs:/home/f1/f1tenth_ws/install/real_pure_pursuit:/home/f1/f1tenth_ws/install/pygame_key_teleop:/home/f1/f1tenth_ws/install/pure_pursuit:/home/f1/f1tenth_ws/install/path_planner:/home/f1/f1tenth_ws/install/path_follow:/home/f1/f1tenth_ws/install/mouse_teleop:/home/f1/f1tenth_ws/install/map_controller:/home/f1/f1tenth_ws/install/lidar_processing:/home/f1/f1tenth_ws/install/f1tenth_path_planner:/home/f1/f1tenth_ws/install/center_follow_cpp:/home/f1/f1tenth_ws/install/ackermann_mux:/opt/ros/foxy CMAKE_PREFIX_PATH=/home/f1/f1tenth_ws/install/teleop_tools_msgs:/home/f1/f1tenth_ws/install/f1tenth_slam_nav:/home/f1/f1tenth_ws/install/vesc:/home/f1/f1tenth_ws/install/vesc_driver:/home/f1/f1tenth_ws/install/vesc_ackermann:/home/f1/f1tenth_ws/install/vesc_msgs:/home/f1/f1tenth_ws/install/teleop_tools:/home/f1/f1tenth_ws/install/real_pure_pursuit:/home/f1/f1tenth_ws/install/pure_pursuit:/home/f1/f1tenth_ws/install/path_planner:/home/f1/f1tenth_ws/install/path_follow:/home/f1/f1tenth_ws/install/lidar_processing:/home/f1/f1tenth_ws/install/center_follow_cpp:/home/f1/f1tenth_ws/install/ackermann_mux:/home/f1/f1tenth_ws/install/f1tenth_stack:/home/f1/f1tenth_ws/install/joy_teleop:/home/f1/f1tenth_ws/install/pygame_key_teleop:/home/f1/f1tenth_ws/install/mouse_teleop:/home/f1/f1tenth_ws/install/map_controller:/home/f1/f1tenth_ws/install/key_teleop:/home/f1/f1tenth_ws/install/f1tenth_path_planner:/opt/ros/foxy LD_LIBRARY_PATH=/home/f1/f1tenth_ws/install/teleop_tools_msgs/lib:/home/f1/f1tenth_ws/install/vesc_driver/lib:/home/f1/f1tenth_ws/install/vesc_ackermann/lib:/home/f1/f1tenth_ws/install/vesc_msgs/lib:/opt/ros/foxy/opt/yaml_cpp_vendor/lib:/opt/ros/foxy/opt/rviz_ogre_vendor/lib:/opt/ros/foxy/lib/aarch64-linux-gnu:/opt/ros/foxy/lib PYTHONPATH=/home/f1/f1tenth_ws/build/joy_teleop:/home/f1/f1tenth_ws/install/joy_teleop/lib/python3.8/site-packages:/home/f1/f1tenth_ws/install/teleop_tools_msgs/lib/python3.8/site-packages:/home/f1/f1tenth_ws/build/key_teleop:/home/f1/f1tenth_ws/install/key_teleop/lib/python3.8/site-packages:/home/f1/f1tenth_ws/install/f1tenth_slam_nav/lib/python3.8/site-packages:/home/f1/f1tenth_ws/build/f1tenth_stack:/home/f1/f1tenth_ws/install/f1tenth_stack/lib/python3.8/site-packages:/home/f1/f1tenth_ws/install/vesc_msgs/lib/python3.8/site-packages:/home/f1/f1tenth_ws/build/pygame_key_teleop:/home/f1/f1tenth_ws/install/pygame_key_teleop/lib/python3.8/site-packages:/home/f1/f1tenth_ws/build/mouse_teleop:/home/f1/f1tenth_ws/install/mouse_teleop/lib/python3.8/site-packages:/home/f1/f1tenth_ws/build/map_controller:/home/f1/f1tenth_ws/install/map_controller/lib/python3.8/site-packages:/home/f1/f1tenth_ws/install/f1tenth_path_planner/lib/python3.8/site-packages:/opt/ros/foxy/lib/python3.8/site-packages /usr/bin/cmake --install /home/f1/f1tenth_ws/build/teleop_tools
[28.445s] Level 1:colcon.colcon_core.shell:create_environment_hook('teleop_tools', 'cmake_prefix_path')
[28.447s] INFO:colcon.colcon_core.shell:Creating environment hook '/home/f1/f1tenth_ws/install/teleop_tools/share/teleop_tools/hook/cmake_prefix_path.ps1'
[28.456s] INFO:colcon.colcon_core.shell:Creating environment descriptor '/home/f1/f1tenth_ws/install/teleop_tools/share/teleop_tools/hook/cmake_prefix_path.dsv'
[28.461s] INFO:colcon.colcon_core.shell:Creating environment hook '/home/f1/f1tenth_ws/install/teleop_tools/share/teleop_tools/hook/cmake_prefix_path.sh'
[28.481s] Level 1:colcon.colcon_core.environment:checking '/home/f1/f1tenth_ws/install/teleop_tools/bin'
[28.482s] Level 1:colcon.colcon_core.environment:checking '/home/f1/f1tenth_ws/install/teleop_tools/lib/pkgconfig/teleop_tools.pc'
[28.485s] Level 1:colcon.colcon_core.environment:checking '/home/f1/f1tenth_ws/install/teleop_tools/lib/python3.8/site-packages'
[28.499s] Level 1:colcon.colcon_core.environment:checking '/home/f1/f1tenth_ws/install/teleop_tools/bin'
[28.502s] INFO:colcon.colcon_core.shell:Creating package script '/home/f1/f1tenth_ws/install/teleop_tools/share/teleop_tools/package.ps1'
[28.506s] INFO:colcon.colcon_core.shell:Creating package descriptor '/home/f1/f1tenth_ws/install/teleop_tools/share/teleop_tools/package.dsv'
[28.510s] INFO:colcon.colcon_core.shell:Creating package script '/home/f1/f1tenth_ws/install/teleop_tools/share/teleop_tools/package.sh'
[28.513s] INFO:colcon.colcon_core.shell:Creating package script '/home/f1/f1tenth_ws/install/teleop_tools/share/teleop_tools/package.bash'
[28.517s] INFO:colcon.colcon_core.shell:Creating package script '/home/f1/f1tenth_ws/install/teleop_tools/share/teleop_tools/package.zsh'
[28.531s] Level 1:colcon.colcon_core.environment:create_file_with_runtime_dependencies(/home/f1/f1tenth_ws/install/teleop_tools/share/colcon-core/packages/teleop_tools)
[28.536s] Level 1:colcon.colcon_core.environment:create_environment_scripts_only(teleop_tools)
[28.538s] Level 1:colcon.colcon_core.environment:checking '/home/f1/f1tenth_ws/install/teleop_tools' for CMake module files
[28.543s] Level 1:colcon.colcon_core.environment:checking '/home/f1/f1tenth_ws/install/teleop_tools' for CMake config files
[28.546s] Level 1:colcon.colcon_core.shell:create_environment_hook('teleop_tools', 'cmake_prefix_path')
[28.549s] INFO:colcon.colcon_core.shell:Creating environment hook '/home/f1/f1tenth_ws/install/teleop_tools/share/teleop_tools/hook/cmake_prefix_path.ps1'
[28.559s] INFO:colcon.colcon_core.shell:Creating environment descriptor '/home/f1/f1tenth_ws/install/teleop_tools/share/teleop_tools/hook/cmake_prefix_path.dsv'
[28.564s] INFO:colcon.colcon_core.shell:Creating environment hook '/home/f1/f1tenth_ws/install/teleop_tools/share/teleop_tools/hook/cmake_prefix_path.sh'
[28.573s] Level 1:colcon.colcon_core.environment:checking '/home/f1/f1tenth_ws/install/teleop_tools/bin'
[28.576s] Level 1:colcon.colcon_core.environment:checking '/home/f1/f1tenth_ws/install/teleop_tools/lib/pkgconfig/teleop_tools.pc'
[28.578s] Level 1:colcon.colcon_core.environment:checking '/home/f1/f1tenth_ws/install/teleop_tools/lib/python3.8/site-packages'
[28.579s] Level 1:colcon.colcon_core.environment:checking '/home/f1/f1tenth_ws/install/teleop_tools/bin'
[28.583s] INFO:colcon.colcon_core.shell:Creating package script '/home/f1/f1tenth_ws/install/teleop_tools/share/teleop_tools/package.ps1'
[28.590s] INFO:colcon.colcon_core.shell:Creating package descriptor '/home/f1/f1tenth_ws/install/teleop_tools/share/teleop_tools/package.dsv'
[28.600s] INFO:colcon.colcon_core.shell:Creating package script '/home/f1/f1tenth_ws/install/teleop_tools/share/teleop_tools/package.sh'
[28.608s] INFO:colcon.colcon_core.shell:Creating package script '/home/f1/f1tenth_ws/install/teleop_tools/share/teleop_tools/package.bash'
[28.614s] INFO:colcon.colcon_core.shell:Creating package script '/home/f1/f1tenth_ws/install/teleop_tools/share/teleop_tools/package.zsh'
[28.619s] Level 1:colcon.colcon_core.environment:create_file_with_runtime_dependencies(/home/f1/f1tenth_ws/install/teleop_tools/share/colcon-core/packages/teleop_tools)
[28.909s] Level 1:colcon.colcon_core.shell:create_environment_hook('pygame_key_teleop', 'pythonpath_develop')
[28.912s] DEBUG:colcon.colcon_core.event_handler.log_command:Invoked command in '/home/f1/f1tenth_ws/build/pygame_key_teleop' returned '0': PYTHONPATH=/home/f1/f1tenth_ws/build/pygame_key_teleop/prefix_override:/usr/lib/python3/dist-packages/colcon_core/task/python/colcon_distutils_commands:/home/f1/f1tenth_ws/install/pygame_key_teleop/lib/python3.8/site-packages:${PYTHONPATH} /usr/bin/python3 -W ignore:setup.py install is deprecated -W ignore:easy_install command is deprecated setup.py develop --editable --build-directory /home/f1/f1tenth_ws/build/pygame_key_teleop/build --no-deps symlink_data
[28.914s] INFO:colcon.colcon_core.shell:Creating environment hook '/home/f1/f1tenth_ws/build/pygame_key_teleop/share/pygame_key_teleop/hook/pythonpath_develop.ps1'
[28.918s] INFO:colcon.colcon_core.shell:Creating environment descriptor '/home/f1/f1tenth_ws/build/pygame_key_teleop/share/pygame_key_teleop/hook/pythonpath_develop.dsv'
[28.921s] INFO:colcon.colcon_core.shell:Creating environment hook '/home/f1/f1tenth_ws/build/pygame_key_teleop/share/pygame_key_teleop/hook/pythonpath_develop.sh'
[28.924s] Level 1:colcon.colcon_core.environment:checking '/home/f1/f1tenth_ws/install/pygame_key_teleop' for CMake module files
[28.927s] Level 1:colcon.colcon_core.environment:checking '/home/f1/f1tenth_ws/install/pygame_key_teleop' for CMake config files
[28.931s] Level 1:colcon.colcon_core.environment:checking '/home/f1/f1tenth_ws/install/pygame_key_teleop/lib'
[28.932s] Level 1:colcon.colcon_core.environment:checking '/home/f1/f1tenth_ws/install/pygame_key_teleop/bin'
[28.932s] Level 1:colcon.colcon_core.environment:checking '/home/f1/f1tenth_ws/install/pygame_key_teleop/lib/pkgconfig/pygame_key_teleop.pc'
[28.933s] Level 1:colcon.colcon_core.environment:checking '/home/f1/f1tenth_ws/install/pygame_key_teleop/lib/python3.8/site-packages'
[28.934s] Level 1:colcon.colcon_core.shell:create_environment_hook('pygame_key_teleop', 'pythonpath')
[28.935s] INFO:colcon.colcon_core.shell:Creating environment hook '/home/f1/f1tenth_ws/install/pygame_key_teleop/share/pygame_key_teleop/hook/pythonpath.ps1'
[28.938s] INFO:colcon.colcon_core.shell:Creating environment descriptor '/home/f1/f1tenth_ws/install/pygame_key_teleop/share/pygame_key_teleop/hook/pythonpath.dsv'
[28.943s] INFO:colcon.colcon_core.shell:Creating environment hook '/home/f1/f1tenth_ws/install/pygame_key_teleop/share/pygame_key_teleop/hook/pythonpath.sh'
[28.948s] Level 1:colcon.colcon_core.environment:checking '/home/f1/f1tenth_ws/install/pygame_key_teleop/bin'
[28.948s] Level 1:colcon.colcon_core.environment:create_environment_scripts_only(pygame_key_teleop)
[28.950s] INFO:colcon.colcon_core.shell:Creating package script '/home/f1/f1tenth_ws/install/pygame_key_teleop/share/pygame_key_teleop/package.ps1'
[28.954s] INFO:colcon.colcon_core.shell:Creating package descriptor '/home/f1/f1tenth_ws/install/pygame_key_teleop/share/pygame_key_teleop/package.dsv'
[28.957s] INFO:colcon.colcon_core.shell:Creating package script '/home/f1/f1tenth_ws/install/pygame_key_teleop/share/pygame_key_teleop/package.sh'
[28.960s] INFO:colcon.colcon_core.shell:Creating package script '/home/f1/f1tenth_ws/install/pygame_key_teleop/share/pygame_key_teleop/package.bash'
[28.963s] INFO:colcon.colcon_core.shell:Creating package script '/home/f1/f1tenth_ws/install/pygame_key_teleop/share/pygame_key_teleop/package.zsh'
[28.968s] Level 1:colcon.colcon_core.environment:create_file_with_runtime_dependencies(/home/f1/f1tenth_ws/install/pygame_key_teleop/share/colcon-core/packages/pygame_key_teleop)
[30.900s] DEBUG:colcon.colcon_core.event_handler.log_command:Invoking command in '/home/f1/f1tenth_ws/build/f1tenth_stack': AMENT_PREFIX_PATH=/home/f1/f1tenth_ws/install/joy_teleop:/home/f1/f1tenth_ws/install/f1tenth_slam_nav:/home/f1/f1tenth_ws/install/f1tenth_stack:/home/f1/f1tenth_ws/install/vesc:/home/f1/f1tenth_ws/install/vesc_driver:/home/f1/f1tenth_ws/install/vesc_ackermann:/home/f1/f1tenth_ws/install/vesc_msgs:/home/f1/f1tenth_ws/install/teleop_tools:/home/f1/f1tenth_ws/install/teleop_tools_msgs:/home/f1/f1tenth_ws/install/real_pure_pursuit:/home/f1/f1tenth_ws/install/pygame_key_teleop:/home/f1/f1tenth_ws/install/pure_pursuit:/home/f1/f1tenth_ws/install/path_planner:/home/f1/f1tenth_ws/install/path_follow:/home/f1/f1tenth_ws/install/mouse_teleop:/home/f1/f1tenth_ws/install/map_controller:/home/f1/f1tenth_ws/install/lidar_processing:/home/f1/f1tenth_ws/install/key_teleop:/home/f1/f1tenth_ws/install/f1tenth_path_planner:/home/f1/f1tenth_ws/install/center_follow_cpp:/home/f1/f1tenth_ws/install/ackermann_mux:/opt/ros/foxy CMAKE_PREFIX_PATH=/home/f1/f1tenth_ws/install/vesc:/home/f1/f1tenth_ws/install/vesc_driver:/home/f1/f1tenth_ws/install/vesc_ackermann:/home/f1/f1tenth_ws/install/vesc_msgs:/home/f1/f1tenth_ws/install/teleop_tools_msgs:/home/f1/f1tenth_ws/install/ackermann_mux:/home/f1/f1tenth_ws/install/f1tenth_slam_nav:/home/f1/f1tenth_ws/install/teleop_tools:/home/f1/f1tenth_ws/install/real_pure_pursuit:/home/f1/f1tenth_ws/install/pure_pursuit:/home/f1/f1tenth_ws/install/path_planner:/home/f1/f1tenth_ws/install/path_follow:/home/f1/f1tenth_ws/install/lidar_processing:/home/f1/f1tenth_ws/install/center_follow_cpp PYTHONPATH=/home/f1/f1tenth_ws/build/f1tenth_stack/prefix_override:/usr/lib/python3/dist-packages/colcon_core/task/python/colcon_distutils_commands:/home/f1/f1tenth_ws/install/f1tenth_stack/lib/python3.8/site-packages:/home/f1/f1tenth_ws/build/joy_teleop:/home/f1/f1tenth_ws/install/joy_teleop/lib/python3.8/site-packages:/home/f1/f1tenth_ws/install/vesc_msgs/lib/python3.8/site-packages:/home/f1/f1tenth_ws/install/teleop_tools_msgs/lib/python3.8/site-packages:/home/f1/f1tenth_ws/install/f1tenth_slam_nav/lib/python3.8/site-packages:/home/f1/f1tenth_ws/build/f1tenth_stack:/home/f1/f1tenth_ws/install/f1tenth_stack/lib/python3.8/site-packages:/home/f1/f1tenth_ws/build/pygame_key_teleop:/home/f1/f1tenth_ws/install/pygame_key_teleop/lib/python3.8/site-packages:/home/f1/f1tenth_ws/build/mouse_teleop:/home/f1/f1tenth_ws/install/mouse_teleop/lib/python3.8/site-packages:/home/f1/f1tenth_ws/build/map_controller:/home/f1/f1tenth_ws/install/map_controller/lib/python3.8/site-packages:/home/f1/f1tenth_ws/build/key_teleop:/home/f1/f1tenth_ws/install/key_teleop/lib/python3.8/site-packages:/home/f1/f1tenth_ws/install/f1tenth_path_planner/lib/python3.8/site-packages:/opt/ros/foxy/lib/python3.8/site-packages /usr/bin/python3 -W ignore:setup.py install is deprecated -W ignore:easy_install command is deprecated setup.py develop --editable --build-directory /home/f1/f1tenth_ws/build/f1tenth_stack/build --no-deps symlink_data
[34.071s] Level 1:colcon.colcon_core.shell:create_environment_hook('f1tenth_stack', 'pythonpath_develop')
[34.076s] INFO:colcon.colcon_core.shell:Creating environment hook '/home/f1/f1tenth_ws/build/f1tenth_stack/share/f1tenth_stack/hook/pythonpath_develop.ps1'
[34.079s] DEBUG:colcon.colcon_core.event_handler.log_command:Invoked command in '/home/f1/f1tenth_ws/build/f1tenth_stack' returned '0': AMENT_PREFIX_PATH=/home/f1/f1tenth_ws/install/joy_teleop:/home/f1/f1tenth_ws/install/f1tenth_slam_nav:/home/f1/f1tenth_ws/install/f1tenth_stack:/home/f1/f1tenth_ws/install/vesc:/home/f1/f1tenth_ws/install/vesc_driver:/home/f1/f1tenth_ws/install/vesc_ackermann:/home/f1/f1tenth_ws/install/vesc_msgs:/home/f1/f1tenth_ws/install/teleop_tools:/home/f1/f1tenth_ws/install/teleop_tools_msgs:/home/f1/f1tenth_ws/install/real_pure_pursuit:/home/f1/f1tenth_ws/install/pygame_key_teleop:/home/f1/f1tenth_ws/install/pure_pursuit:/home/f1/f1tenth_ws/install/path_planner:/home/f1/f1tenth_ws/install/path_follow:/home/f1/f1tenth_ws/install/mouse_teleop:/home/f1/f1tenth_ws/install/map_controller:/home/f1/f1tenth_ws/install/lidar_processing:/home/f1/f1tenth_ws/install/key_teleop:/home/f1/f1tenth_ws/install/f1tenth_path_planner:/home/f1/f1tenth_ws/install/center_follow_cpp:/home/f1/f1tenth_ws/install/ackermann_mux:/opt/ros/foxy CMAKE_PREFIX_PATH=/home/f1/f1tenth_ws/install/vesc:/home/f1/f1tenth_ws/install/vesc_driver:/home/f1/f1tenth_ws/install/vesc_ackermann:/home/f1/f1tenth_ws/install/vesc_msgs:/home/f1/f1tenth_ws/install/teleop_tools_msgs:/home/f1/f1tenth_ws/install/ackermann_mux:/home/f1/f1tenth_ws/install/f1tenth_slam_nav:/home/f1/f1tenth_ws/install/teleop_tools:/home/f1/f1tenth_ws/install/real_pure_pursuit:/home/f1/f1tenth_ws/install/pure_pursuit:/home/f1/f1tenth_ws/install/path_planner:/home/f1/f1tenth_ws/install/path_follow:/home/f1/f1tenth_ws/install/lidar_processing:/home/f1/f1tenth_ws/install/center_follow_cpp PYTHONPATH=/home/f1/f1tenth_ws/build/f1tenth_stack/prefix_override:/usr/lib/python3/dist-packages/colcon_core/task/python/colcon_distutils_commands:/home/f1/f1tenth_ws/install/f1tenth_stack/lib/python3.8/site-packages:/home/f1/f1tenth_ws/build/joy_teleop:/home/f1/f1tenth_ws/install/joy_teleop/lib/python3.8/site-packages:/home/f1/f1tenth_ws/install/vesc_msgs/lib/python3.8/site-packages:/home/f1/f1tenth_ws/install/teleop_tools_msgs/lib/python3.8/site-packages:/home/f1/f1tenth_ws/install/f1tenth_slam_nav/lib/python3.8/site-packages:/home/f1/f1tenth_ws/build/f1tenth_stack:/home/f1/f1tenth_ws/install/f1tenth_stack/lib/python3.8/site-packages:/home/f1/f1tenth_ws/build/pygame_key_teleop:/home/f1/f1tenth_ws/install/pygame_key_teleop/lib/python3.8/site-packages:/home/f1/f1tenth_ws/build/mouse_teleop:/home/f1/f1tenth_ws/install/mouse_teleop/lib/python3.8/site-packages:/home/f1/f1tenth_ws/build/map_controller:/home/f1/f1tenth_ws/install/map_controller/lib/python3.8/site-packages:/home/f1/f1tenth_ws/build/key_teleop:/home/f1/f1tenth_ws/install/key_teleop/lib/python3.8/site-packages:/home/f1/f1tenth_ws/install/f1tenth_path_planner/lib/python3.8/site-packages:/opt/ros/foxy/lib/python3.8/site-packages /usr/bin/python3 -W ignore:setup.py install is deprecated -W ignore:easy_install command is deprecated setup.py develop --editable --build-directory /home/f1/f1tenth_ws/build/f1tenth_stack/build --no-deps symlink_data
[34.085s] INFO:colcon.colcon_core.shell:Creating environment descriptor '/home/f1/f1tenth_ws/build/f1tenth_stack/share/f1tenth_stack/hook/pythonpath_develop.dsv'
[34.089s] INFO:colcon.colcon_core.shell:Creating environment hook '/home/f1/f1tenth_ws/build/f1tenth_stack/share/f1tenth_stack/hook/pythonpath_develop.sh'
[34.093s] Level 1:colcon.colcon_core.environment:checking '/home/f1/f1tenth_ws/install/f1tenth_stack' for CMake module files
[34.096s] Level 1:colcon.colcon_core.environment:checking '/home/f1/f1tenth_ws/install/f1tenth_stack' for CMake config files
[34.101s] Level 1:colcon.colcon_core.environment:checking '/home/f1/f1tenth_ws/install/f1tenth_stack/lib'
[34.102s] Level 1:colcon.colcon_core.environment:checking '/home/f1/f1tenth_ws/install/f1tenth_stack/bin'
[34.102s] Level 1:colcon.colcon_core.environment:checking '/home/f1/f1tenth_ws/install/f1tenth_stack/lib/pkgconfig/f1tenth_stack.pc'
[34.104s] Level 1:colcon.colcon_core.environment:checking '/home/f1/f1tenth_ws/install/f1tenth_stack/lib/python3.8/site-packages'
[34.104s] Level 1:colcon.colcon_core.shell:create_environment_hook('f1tenth_stack', 'pythonpath')
[34.106s] INFO:colcon.colcon_core.shell:Creating environment hook '/home/f1/f1tenth_ws/install/f1tenth_stack/share/f1tenth_stack/hook/pythonpath.ps1'
[34.109s] INFO:colcon.colcon_core.shell:Creating environment descriptor '/home/f1/f1tenth_ws/install/f1tenth_stack/share/f1tenth_stack/hook/pythonpath.dsv'
[34.113s] INFO:colcon.colcon_core.shell:Creating environment hook '/home/f1/f1tenth_ws/install/f1tenth_stack/share/f1tenth_stack/hook/pythonpath.sh'
[34.117s] Level 1:colcon.colcon_core.environment:checking '/home/f1/f1tenth_ws/install/f1tenth_stack/bin'
[34.117s] Level 1:colcon.colcon_core.environment:create_environment_scripts_only(f1tenth_stack)
[34.120s] INFO:colcon.colcon_core.shell:Creating package script '/home/f1/f1tenth_ws/install/f1tenth_stack/share/f1tenth_stack/package.ps1'
[34.124s] INFO:colcon.colcon_core.shell:Creating package descriptor '/home/f1/f1tenth_ws/install/f1tenth_stack/share/f1tenth_stack/package.dsv'
[34.127s] INFO:colcon.colcon_core.shell:Creating package script '/home/f1/f1tenth_ws/install/f1tenth_stack/share/f1tenth_stack/package.sh'
[34.131s] INFO:colcon.colcon_core.shell:Creating package script '/home/f1/f1tenth_ws/install/f1tenth_stack/share/f1tenth_stack/package.bash'
[34.133s] INFO:colcon.colcon_core.shell:Creating package script '/home/f1/f1tenth_ws/install/f1tenth_stack/share/f1tenth_stack/package.zsh'
[34.136s] Level 1:colcon.colcon_core.environment:create_file_with_runtime_dependencies(/home/f1/f1tenth_ws/install/f1tenth_stack/share/colcon-core/packages/f1tenth_stack)
[34.138s] INFO:colcon.colcon_ros.task.ament_cmake.build:Building ROS package in '/home/f1/f1tenth_ws/src/f1tenth_slam_nav' with build type 'ament_cmake'
[34.139s] INFO:colcon.colcon_cmake.task.cmake.build:Building CMake package in '/home/f1/f1tenth_ws/src/f1tenth_slam_nav'
[34.141s] INFO:colcon.colcon_core.shell:Skip shell extension 'powershell' for command environment: Not usable outside of PowerShell
[34.142s] DEBUG:colcon.colcon_core.shell:Skip shell extension 'dsv' for command environment
[34.386s] DEBUG:colcon.colcon_core.event_handler.log_command:Invoking command in '/home/f1/f1tenth_ws/build/f1tenth_slam_nav': AMENT_PREFIX_PATH=/home/f1/f1tenth_ws/install/f1tenth_stack:/home/f1/f1tenth_ws/install/joy_teleop:/home/f1/f1tenth_ws/install/f1tenth_slam_nav:/home/f1/f1tenth_ws/install/vesc:/home/f1/f1tenth_ws/install/vesc_driver:/home/f1/f1tenth_ws/install/vesc_ackermann:/home/f1/f1tenth_ws/install/vesc_msgs:/home/f1/f1tenth_ws/install/teleop_tools:/home/f1/f1tenth_ws/install/teleop_tools_msgs:/home/f1/f1tenth_ws/install/real_pure_pursuit:/home/f1/f1tenth_ws/install/pygame_key_teleop:/home/f1/f1tenth_ws/install/pure_pursuit:/home/f1/f1tenth_ws/install/path_planner:/home/f1/f1tenth_ws/install/path_follow:/home/f1/f1tenth_ws/install/mouse_teleop:/home/f1/f1tenth_ws/install/map_controller:/home/f1/f1tenth_ws/install/lidar_processing:/home/f1/f1tenth_ws/install/key_teleop:/home/f1/f1tenth_ws/install/f1tenth_path_planner:/home/f1/f1tenth_ws/install/center_follow_cpp:/home/f1/f1tenth_ws/install/ackermann_mux:/opt/ros/foxy CMAKE_PREFIX_PATH=/home/f1/f1tenth_ws/install/vesc:/home/f1/f1tenth_ws/install/vesc_driver:/home/f1/f1tenth_ws/install/vesc_ackermann:/home/f1/f1tenth_ws/install/vesc_msgs:/home/f1/f1tenth_ws/install/teleop_tools_msgs:/home/f1/f1tenth_ws/install/ackermann_mux:/home/f1/f1tenth_ws/install/f1tenth_slam_nav:/home/f1/f1tenth_ws/install/teleop_tools:/home/f1/f1tenth_ws/install/real_pure_pursuit:/home/f1/f1tenth_ws/install/pure_pursuit:/home/f1/f1tenth_ws/install/path_planner:/home/f1/f1tenth_ws/install/path_follow:/home/f1/f1tenth_ws/install/lidar_processing:/home/f1/f1tenth_ws/install/center_follow_cpp:/home/f1/f1tenth_ws/install/f1tenth_stack:/home/f1/f1tenth_ws/install/joy_teleop:/home/f1/f1tenth_ws/install/pygame_key_teleop:/home/f1/f1tenth_ws/install/mouse_teleop:/home/f1/f1tenth_ws/install/map_controller:/home/f1/f1tenth_ws/install/key_teleop:/home/f1/f1tenth_ws/install/f1tenth_path_planner:/opt/ros/foxy PYTHONPATH=/home/f1/f1tenth_ws/build/f1tenth_stack:/home/f1/f1tenth_ws/install/f1tenth_stack/lib/python3.8/site-packages:/home/f1/f1tenth_ws/build/joy_teleop:/home/f1/f1tenth_ws/install/joy_teleop/lib/python3.8/site-packages:/home/f1/f1tenth_ws/install/vesc_msgs/lib/python3.8/site-packages:/home/f1/f1tenth_ws/install/teleop_tools_msgs/lib/python3.8/site-packages:/home/f1/f1tenth_ws/install/f1tenth_slam_nav/lib/python3.8/site-packages:/home/f1/f1tenth_ws/build/pygame_key_teleop:/home/f1/f1tenth_ws/install/pygame_key_teleop/lib/python3.8/site-packages:/home/f1/f1tenth_ws/build/mouse_teleop:/home/f1/f1tenth_ws/install/mouse_teleop/lib/python3.8/site-packages:/home/f1/f1tenth_ws/build/map_controller:/home/f1/f1tenth_ws/install/map_controller/lib/python3.8/site-packages:/home/f1/f1tenth_ws/build/key_teleop:/home/f1/f1tenth_ws/install/key_teleop/lib/python3.8/site-packages:/home/f1/f1tenth_ws/install/f1tenth_path_planner/lib/python3.8/site-packages:/opt/ros/foxy/lib/python3.8/site-packages /usr/bin/cmake --build /home/f1/f1tenth_ws/build/f1tenth_slam_nav -- -j6 -l6
[35.142s] DEBUG:colcon.colcon_core.event_handler.log_command:Invoked command in '/home/f1/f1tenth_ws/build/f1tenth_slam_nav' returned '0': AMENT_PREFIX_PATH=/home/f1/f1tenth_ws/install/f1tenth_stack:/home/f1/f1tenth_ws/install/joy_teleop:/home/f1/f1tenth_ws/install/f1tenth_slam_nav:/home/f1/f1tenth_ws/install/vesc:/home/f1/f1tenth_ws/install/vesc_driver:/home/f1/f1tenth_ws/install/vesc_ackermann:/home/f1/f1tenth_ws/install/vesc_msgs:/home/f1/f1tenth_ws/install/teleop_tools:/home/f1/f1tenth_ws/install/teleop_tools_msgs:/home/f1/f1tenth_ws/install/real_pure_pursuit:/home/f1/f1tenth_ws/install/pygame_key_teleop:/home/f1/f1tenth_ws/install/pure_pursuit:/home/f1/f1tenth_ws/install/path_planner:/home/f1/f1tenth_ws/install/path_follow:/home/f1/f1tenth_ws/install/mouse_teleop:/home/f1/f1tenth_ws/install/map_controller:/home/f1/f1tenth_ws/install/lidar_processing:/home/f1/f1tenth_ws/install/key_teleop:/home/f1/f1tenth_ws/install/f1tenth_path_planner:/home/f1/f1tenth_ws/install/center_follow_cpp:/home/f1/f1tenth_ws/install/ackermann_mux:/opt/ros/foxy CMAKE_PREFIX_PATH=/home/f1/f1tenth_ws/install/vesc:/home/f1/f1tenth_ws/install/vesc_driver:/home/f1/f1tenth_ws/install/vesc_ackermann:/home/f1/f1tenth_ws/install/vesc_msgs:/home/f1/f1tenth_ws/install/teleop_tools_msgs:/home/f1/f1tenth_ws/install/ackermann_mux:/home/f1/f1tenth_ws/install/f1tenth_slam_nav:/home/f1/f1tenth_ws/install/teleop_tools:/home/f1/f1tenth_ws/install/real_pure_pursuit:/home/f1/f1tenth_ws/install/pure_pursuit:/home/f1/f1tenth_ws/install/path_planner:/home/f1/f1tenth_ws/install/path_follow:/home/f1/f1tenth_ws/install/lidar_processing:/home/f1/f1tenth_ws/install/center_follow_cpp:/home/f1/f1tenth_ws/install/f1tenth_stack:/home/f1/f1tenth_ws/install/joy_teleop:/home/f1/f1tenth_ws/install/pygame_key_teleop:/home/f1/f1tenth_ws/install/mouse_teleop:/home/f1/f1tenth_ws/install/map_controller:/home/f1/f1tenth_ws/install/key_teleop:/home/f1/f1tenth_ws/install/f1tenth_path_planner:/opt/ros/foxy PYTHONPATH=/home/f1/f1tenth_ws/build/f1tenth_stack:/home/f1/f1tenth_ws/install/f1tenth_stack/lib/python3.8/site-packages:/home/f1/f1tenth_ws/build/joy_teleop:/home/f1/f1tenth_ws/install/joy_teleop/lib/python3.8/site-packages:/home/f1/f1tenth_ws/install/vesc_msgs/lib/python3.8/site-packages:/home/f1/f1tenth_ws/install/teleop_tools_msgs/lib/python3.8/site-packages:/home/f1/f1tenth_ws/install/f1tenth_slam_nav/lib/python3.8/site-packages:/home/f1/f1tenth_ws/build/pygame_key_teleop:/home/f1/f1tenth_ws/install/pygame_key_teleop/lib/python3.8/site-packages:/home/f1/f1tenth_ws/build/mouse_teleop:/home/f1/f1tenth_ws/install/mouse_teleop/lib/python3.8/site-packages:/home/f1/f1tenth_ws/build/map_controller:/home/f1/f1tenth_ws/install/map_controller/lib/python3.8/site-packages:/home/f1/f1tenth_ws/build/key_teleop:/home/f1/f1tenth_ws/install/key_teleop/lib/python3.8/site-packages:/home/f1/f1tenth_ws/install/f1tenth_path_planner/lib/python3.8/site-packages:/opt/ros/foxy/lib/python3.8/site-packages /usr/bin/cmake --build /home/f1/f1tenth_ws/build/f1tenth_slam_nav -- -j6 -l6
[35.166s] DEBUG:colcon.colcon_core.event_handler.log_command:Invoking command in '/home/f1/f1tenth_ws/build/f1tenth_slam_nav': AMENT_PREFIX_PATH=/home/f1/f1tenth_ws/install/f1tenth_stack:/home/f1/f1tenth_ws/install/joy_teleop:/home/f1/f1tenth_ws/install/f1tenth_slam_nav:/home/f1/f1tenth_ws/install/vesc:/home/f1/f1tenth_ws/install/vesc_driver:/home/f1/f1tenth_ws/install/vesc_ackermann:/home/f1/f1tenth_ws/install/vesc_msgs:/home/f1/f1tenth_ws/install/teleop_tools:/home/f1/f1tenth_ws/install/teleop_tools_msgs:/home/f1/f1tenth_ws/install/real_pure_pursuit:/home/f1/f1tenth_ws/install/pygame_key_teleop:/home/f1/f1tenth_ws/install/pure_pursuit:/home/f1/f1tenth_ws/install/path_planner:/home/f1/f1tenth_ws/install/path_follow:/home/f1/f1tenth_ws/install/mouse_teleop:/home/f1/f1tenth_ws/install/map_controller:/home/f1/f1tenth_ws/install/lidar_processing:/home/f1/f1tenth_ws/install/key_teleop:/home/f1/f1tenth_ws/install/f1tenth_path_planner:/home/f1/f1tenth_ws/install/center_follow_cpp:/home/f1/f1tenth_ws/install/ackermann_mux:/opt/ros/foxy CMAKE_PREFIX_PATH=/home/f1/f1tenth_ws/install/vesc:/home/f1/f1tenth_ws/install/vesc_driver:/home/f1/f1tenth_ws/install/vesc_ackermann:/home/f1/f1tenth_ws/install/vesc_msgs:/home/f1/f1tenth_ws/install/teleop_tools_msgs:/home/f1/f1tenth_ws/install/ackermann_mux:/home/f1/f1tenth_ws/install/f1tenth_slam_nav:/home/f1/f1tenth_ws/install/teleop_tools:/home/f1/f1tenth_ws/install/real_pure_pursuit:/home/f1/f1tenth_ws/install/pure_pursuit:/home/f1/f1tenth_ws/install/path_planner:/home/f1/f1tenth_ws/install/path_follow:/home/f1/f1tenth_ws/install/lidar_processing:/home/f1/f1tenth_ws/install/center_follow_cpp:/home/f1/f1tenth_ws/install/f1tenth_stack:/home/f1/f1tenth_ws/install/joy_teleop:/home/f1/f1tenth_ws/install/pygame_key_teleop:/home/f1/f1tenth_ws/install/mouse_teleop:/home/f1/f1tenth_ws/install/map_controller:/home/f1/f1tenth_ws/install/key_teleop:/home/f1/f1tenth_ws/install/f1tenth_path_planner:/opt/ros/foxy PYTHONPATH=/home/f1/f1tenth_ws/build/f1tenth_stack:/home/f1/f1tenth_ws/install/f1tenth_stack/lib/python3.8/site-packages:/home/f1/f1tenth_ws/build/joy_teleop:/home/f1/f1tenth_ws/install/joy_teleop/lib/python3.8/site-packages:/home/f1/f1tenth_ws/install/vesc_msgs/lib/python3.8/site-packages:/home/f1/f1tenth_ws/install/teleop_tools_msgs/lib/python3.8/site-packages:/home/f1/f1tenth_ws/install/f1tenth_slam_nav/lib/python3.8/site-packages:/home/f1/f1tenth_ws/build/pygame_key_teleop:/home/f1/f1tenth_ws/install/pygame_key_teleop/lib/python3.8/site-packages:/home/f1/f1tenth_ws/build/mouse_teleop:/home/f1/f1tenth_ws/install/mouse_teleop/lib/python3.8/site-packages:/home/f1/f1tenth_ws/build/map_controller:/home/f1/f1tenth_ws/install/map_controller/lib/python3.8/site-packages:/home/f1/f1tenth_ws/build/key_teleop:/home/f1/f1tenth_ws/install/key_teleop/lib/python3.8/site-packages:/home/f1/f1tenth_ws/install/f1tenth_path_planner/lib/python3.8/site-packages:/opt/ros/foxy/lib/python3.8/site-packages /usr/bin/cmake --install /home/f1/f1tenth_ws/build/f1tenth_slam_nav
[35.423s] Level 1:colcon.colcon_core.environment:create_environment_scripts_only(f1tenth_slam_nav)
[35.426s] Level 1:colcon.colcon_core.environment:checking '/home/f1/f1tenth_ws/install/f1tenth_slam_nav' for CMake module files
[35.428s] DEBUG:colcon.colcon_core.event_handler.log_command:Invoked command in '/home/f1/f1tenth_ws/build/f1tenth_slam_nav' returned '0': AMENT_PREFIX_PATH=/home/f1/f1tenth_ws/install/f1tenth_stack:/home/f1/f1tenth_ws/install/joy_teleop:/home/f1/f1tenth_ws/install/f1tenth_slam_nav:/home/f1/f1tenth_ws/install/vesc:/home/f1/f1tenth_ws/install/vesc_driver:/home/f1/f1tenth_ws/install/vesc_ackermann:/home/f1/f1tenth_ws/install/vesc_msgs:/home/f1/f1tenth_ws/install/teleop_tools:/home/f1/f1tenth_ws/install/teleop_tools_msgs:/home/f1/f1tenth_ws/install/real_pure_pursuit:/home/f1/f1tenth_ws/install/pygame_key_teleop:/home/f1/f1tenth_ws/install/pure_pursuit:/home/f1/f1tenth_ws/install/path_planner:/home/f1/f1tenth_ws/install/path_follow:/home/f1/f1tenth_ws/install/mouse_teleop:/home/f1/f1tenth_ws/install/map_controller:/home/f1/f1tenth_ws/install/lidar_processing:/home/f1/f1tenth_ws/install/key_teleop:/home/f1/f1tenth_ws/install/f1tenth_path_planner:/home/f1/f1tenth_ws/install/center_follow_cpp:/home/f1/f1tenth_ws/install/ackermann_mux:/opt/ros/foxy CMAKE_PREFIX_PATH=/home/f1/f1tenth_ws/install/vesc:/home/f1/f1tenth_ws/install/vesc_driver:/home/f1/f1tenth_ws/install/vesc_ackermann:/home/f1/f1tenth_ws/install/vesc_msgs:/home/f1/f1tenth_ws/install/teleop_tools_msgs:/home/f1/f1tenth_ws/install/ackermann_mux:/home/f1/f1tenth_ws/install/f1tenth_slam_nav:/home/f1/f1tenth_ws/install/teleop_tools:/home/f1/f1tenth_ws/install/real_pure_pursuit:/home/f1/f1tenth_ws/install/pure_pursuit:/home/f1/f1tenth_ws/install/path_planner:/home/f1/f1tenth_ws/install/path_follow:/home/f1/f1tenth_ws/install/lidar_processing:/home/f1/f1tenth_ws/install/center_follow_cpp:/home/f1/f1tenth_ws/install/f1tenth_stack:/home/f1/f1tenth_ws/install/joy_teleop:/home/f1/f1tenth_ws/install/pygame_key_teleop:/home/f1/f1tenth_ws/install/mouse_teleop:/home/f1/f1tenth_ws/install/map_controller:/home/f1/f1tenth_ws/install/key_teleop:/home/f1/f1tenth_ws/install/f1tenth_path_planner:/opt/ros/foxy PYTHONPATH=/home/f1/f1tenth_ws/build/f1tenth_stack:/home/f1/f1tenth_ws/install/f1tenth_stack/lib/python3.8/site-packages:/home/f1/f1tenth_ws/build/joy_teleop:/home/f1/f1tenth_ws/install/joy_teleop/lib/python3.8/site-packages:/home/f1/f1tenth_ws/install/vesc_msgs/lib/python3.8/site-packages:/home/f1/f1tenth_ws/install/teleop_tools_msgs/lib/python3.8/site-packages:/home/f1/f1tenth_ws/install/f1tenth_slam_nav/lib/python3.8/site-packages:/home/f1/f1tenth_ws/build/pygame_key_teleop:/home/f1/f1tenth_ws/install/pygame_key_teleop/lib/python3.8/site-packages:/home/f1/f1tenth_ws/build/mouse_teleop:/home/f1/f1tenth_ws/install/mouse_teleop/lib/python3.8/site-packages:/home/f1/f1tenth_ws/build/map_controller:/home/f1/f1tenth_ws/install/map_controller/lib/python3.8/site-packages:/home/f1/f1tenth_ws/build/key_teleop:/home/f1/f1tenth_ws/install/key_teleop/lib/python3.8/site-packages:/home/f1/f1tenth_ws/install/f1tenth_path_planner/lib/python3.8/site-packages:/opt/ros/foxy/lib/python3.8/site-packages /usr/bin/cmake --install /home/f1/f1tenth_ws/build/f1tenth_slam_nav
[35.433s] Level 1:colcon.colcon_core.environment:checking '/home/f1/f1tenth_ws/install/f1tenth_slam_nav' for CMake config files
[35.436s] Level 1:colcon.colcon_core.shell:create_environment_hook('f1tenth_slam_nav', 'cmake_prefix_path')
[35.438s] INFO:colcon.colcon_core.shell:Creating environment hook '/home/f1/f1tenth_ws/install/f1tenth_slam_nav/share/f1tenth_slam_nav/hook/cmake_prefix_path.ps1'
[35.444s] INFO:colcon.colcon_core.shell:Creating environment descriptor '/home/f1/f1tenth_ws/install/f1tenth_slam_nav/share/f1tenth_slam_nav/hook/cmake_prefix_path.dsv'
[35.447s] INFO:colcon.colcon_core.shell:Creating environment hook '/home/f1/f1tenth_ws/install/f1tenth_slam_nav/share/f1tenth_slam_nav/hook/cmake_prefix_path.sh'
[35.451s] Level 1:colcon.colcon_core.environment:checking '/home/f1/f1tenth_ws/install/f1tenth_slam_nav/lib'
[35.451s] Level 1:colcon.colcon_core.environment:checking '/home/f1/f1tenth_ws/install/f1tenth_slam_nav/bin'
[35.452s] Level 1:colcon.colcon_core.environment:checking '/home/f1/f1tenth_ws/install/f1tenth_slam_nav/lib/pkgconfig/f1tenth_slam_nav.pc'
[35.453s] Level 1:colcon.colcon_core.environment:checking '/home/f1/f1tenth_ws/install/f1tenth_slam_nav/lib/python3.8/site-packages'
[35.454s] Level 1:colcon.colcon_core.shell:create_environment_hook('f1tenth_slam_nav', 'pythonpath')
[35.455s] INFO:colcon.colcon_core.shell:Creating environment hook '/home/f1/f1tenth_ws/install/f1tenth_slam_nav/share/f1tenth_slam_nav/hook/pythonpath.ps1'
[35.457s] INFO:colcon.colcon_core.shell:Creating environment descriptor '/home/f1/f1tenth_ws/install/f1tenth_slam_nav/share/f1tenth_slam_nav/hook/pythonpath.dsv'
[35.459s] INFO:colcon.colcon_core.shell:Creating environment hook '/home/f1/f1tenth_ws/install/f1tenth_slam_nav/share/f1tenth_slam_nav/hook/pythonpath.sh'
[35.463s] Level 1:colcon.colcon_core.environment:checking '/home/f1/f1tenth_ws/install/f1tenth_slam_nav/bin'
[35.465s] INFO:colcon.colcon_core.shell:Creating package script '/home/f1/f1tenth_ws/install/f1tenth_slam_nav/share/f1tenth_slam_nav/package.ps1'
[35.469s] INFO:colcon.colcon_core.shell:Creating package descriptor '/home/f1/f1tenth_ws/install/f1tenth_slam_nav/share/f1tenth_slam_nav/package.dsv'
[35.473s] INFO:colcon.colcon_core.shell:Creating package script '/home/f1/f1tenth_ws/install/f1tenth_slam_nav/share/f1tenth_slam_nav/package.sh'
[35.478s] INFO:colcon.colcon_core.shell:Creating package script '/home/f1/f1tenth_ws/install/f1tenth_slam_nav/share/f1tenth_slam_nav/package.bash'
[35.481s] INFO:colcon.colcon_core.shell:Creating package script '/home/f1/f1tenth_ws/install/f1tenth_slam_nav/share/f1tenth_slam_nav/package.zsh'
[35.484s] Level 1:colcon.colcon_core.environment:create_file_with_runtime_dependencies(/home/f1/f1tenth_ws/install/f1tenth_slam_nav/share/colcon-core/packages/f1tenth_slam_nav)
[35.491s] Level 1:colcon.colcon_core.environment:create_environment_scripts_only(f1tenth_slam_nav)
[35.494s] Level 1:colcon.colcon_core.environment:checking '/home/f1/f1tenth_ws/install/f1tenth_slam_nav' for CMake module files
[35.500s] Level 1:colcon.colcon_core.environment:checking '/home/f1/f1tenth_ws/install/f1tenth_slam_nav' for CMake config files
[35.502s] Level 1:colcon.colcon_core.shell:create_environment_hook('f1tenth_slam_nav', 'cmake_prefix_path')
[35.504s] INFO:colcon.colcon_core.shell:Creating environment hook '/home/f1/f1tenth_ws/install/f1tenth_slam_nav/share/f1tenth_slam_nav/hook/cmake_prefix_path.ps1'
[35.507s] INFO:colcon.colcon_core.shell:Creating environment descriptor '/home/f1/f1tenth_ws/install/f1tenth_slam_nav/share/f1tenth_slam_nav/hook/cmake_prefix_path.dsv'
[35.509s] INFO:colcon.colcon_core.shell:Creating environment hook '/home/f1/f1tenth_ws/install/f1tenth_slam_nav/share/f1tenth_slam_nav/hook/cmake_prefix_path.sh'
[35.514s] Level 1:colcon.colcon_core.environment:checking '/home/f1/f1tenth_ws/install/f1tenth_slam_nav/lib'
[35.514s] Level 1:colcon.colcon_core.environment:checking '/home/f1/f1tenth_ws/install/f1tenth_slam_nav/bin'
[35.515s] Level 1:colcon.colcon_core.environment:checking '/home/f1/f1tenth_ws/install/f1tenth_slam_nav/lib/pkgconfig/f1tenth_slam_nav.pc'
[35.516s] Level 1:colcon.colcon_core.environment:checking '/home/f1/f1tenth_ws/install/f1tenth_slam_nav/lib/python3.8/site-packages'
[35.516s] Level 1:colcon.colcon_core.shell:create_environment_hook('f1tenth_slam_nav', 'pythonpath')
[35.517s] INFO:colcon.colcon_core.shell:Creating environment hook '/home/f1/f1tenth_ws/install/f1tenth_slam_nav/share/f1tenth_slam_nav/hook/pythonpath.ps1'
[35.520s] INFO:colcon.colcon_core.shell:Creating environment descriptor '/home/f1/f1tenth_ws/install/f1tenth_slam_nav/share/f1tenth_slam_nav/hook/pythonpath.dsv'
[35.524s] INFO:colcon.colcon_core.shell:Creating environment hook '/home/f1/f1tenth_ws/install/f1tenth_slam_nav/share/f1tenth_slam_nav/hook/pythonpath.sh'
[35.527s] Level 1:colcon.colcon_core.environment:checking '/home/f1/f1tenth_ws/install/f1tenth_slam_nav/bin'
[35.529s] INFO:colcon.colcon_core.shell:Creating package script '/home/f1/f1tenth_ws/install/f1tenth_slam_nav/share/f1tenth_slam_nav/package.ps1'
[35.532s] INFO:colcon.colcon_core.shell:Creating package descriptor '/home/f1/f1tenth_ws/install/f1tenth_slam_nav/share/f1tenth_slam_nav/package.dsv'
[35.535s] INFO:colcon.colcon_core.shell:Creating package script '/home/f1/f1tenth_ws/install/f1tenth_slam_nav/share/f1tenth_slam_nav/package.sh'
[35.538s] INFO:colcon.colcon_core.shell:Creating package script '/home/f1/f1tenth_ws/install/f1tenth_slam_nav/share/f1tenth_slam_nav/package.bash'
[35.541s] INFO:colcon.colcon_core.shell:Creating package script '/home/f1/f1tenth_ws/install/f1tenth_slam_nav/share/f1tenth_slam_nav/package.zsh'
[35.543s] Level 1:colcon.colcon_core.environment:create_file_with_runtime_dependencies(/home/f1/f1tenth_ws/install/f1tenth_slam_nav/share/colcon-core/packages/f1tenth_slam_nav)
[35.546s] DEBUG:colcon.colcon_parallel_executor.executor.parallel:closing loop
[35.549s] DEBUG:colcon.colcon_parallel_executor.executor.parallel:loop closed
[35.550s] DEBUG:colcon.colcon_parallel_executor.executor.parallel:run_until_complete finished with '0'
[35.551s] DEBUG:colcon.colcon_core.event_reactor:joining thread
[35.590s] INFO:colcon.colcon_core.plugin_system:Skipping extension 'colcon_notification.desktop_notification.terminal_notifier': Not used on non-Darwin systems
[35.591s] INFO:colcon.colcon_core.plugin_system:Skipping extension 'colcon_notification.desktop_notification.win32': Not used on non-Windows systems
[35.591s] INFO:colcon.colcon_notification.desktop_notification:Sending desktop notification using 'notify2'
[35.709s] DEBUG:colcon.colcon_core.event_reactor:joined thread
[35.711s] INFO:colcon.colcon_core.shell:Creating prefix script '/home/f1/f1tenth_ws/install/local_setup.ps1'
[35.717s] INFO:colcon.colcon_core.shell:Creating prefix util module '/home/f1/f1tenth_ws/install/_local_setup_util_ps1.py'
[35.731s] INFO:colcon.colcon_core.shell:Creating prefix chain script '/home/f1/f1tenth_ws/install/setup.ps1'
[35.746s] INFO:colcon.colcon_core.shell:Creating prefix script '/home/f1/f1tenth_ws/install/local_setup.sh'
[35.751s] INFO:colcon.colcon_core.shell:Creating prefix util module '/home/f1/f1tenth_ws/install/_local_setup_util_sh.py'
[35.756s] INFO:colcon.colcon_core.shell:Creating prefix chain script '/home/f1/f1tenth_ws/install/setup.sh'
[35.774s] INFO:colcon.colcon_core.shell:Creating prefix script '/home/f1/f1tenth_ws/install/local_setup.bash'
[35.781s] INFO:colcon.colcon_core.shell:Creating prefix chain script '/home/f1/f1tenth_ws/install/setup.bash'
[35.794s] INFO:colcon.colcon_core.shell:Creating prefix script '/home/f1/f1tenth_ws/install/local_setup.zsh'
[35.798s] INFO:colcon.colcon_core.shell:Creating prefix chain script '/home/f1/f1tenth_ws/install/setup.zsh'
