[0.120s] DEBUG:colcon:Command line arguments: ['/usr/bin/colcon', 'build']
[0.120s] DEBUG:colcon:Parsed command line arguments: Namespace(allow_overriding=[], ament_cmake_args=None, base_paths=['.'], build_base='build', catkin_cmake_args=None, catkin_skip_building_tests=False, cmake_args=None, cmake_clean_cache=False, cmake_clean_first=False, cmake_force_configure=False, cmake_target=None, cmake_target_skip_unavailable=False, continue_on_error=False, event_handlers=None, executor='parallel', ignore_user_meta=False, install_base='install', log_base=None, log_level=None, main=<bound method BuildVerb.main of <colcon_core.verb.build.BuildVerb object at 0x7f55ea77feb0>>, merge_install=False, metas=['./colcon.meta'], packages_above=None, packages_above_and_dependencies=None, packages_above_depth=None, packages_end=None, packages_ignore=None, packages_ignore_regex=None, packages_select=None, packages_select_build_failed=False, packages_select_by_dep=None, packages_select_regex=None, packages_select_test_failures=False, packages_skip=None, packages_skip_build_finished=False, packages_skip_by_dep=None, packages_skip_regex=None, packages_skip_test_passed=False, packages_skip_up_to=None, packages_start=None, packages_up_to=None, packages_up_to_regex=None, parallel_workers=16, paths=None, symlink_install=False, test_result_base=None, verb_extension=<colcon_core.verb.build.BuildVerb object at 0x7f55ea77feb0>, verb_name='build', verb_parser=<colcon_defaults.argument_parser.defaults.DefaultArgumentsDecorator object at 0x7f55ea641070>)
[0.208s] Level 1:colcon.colcon_core.package_discovery:discover_packages(colcon_meta) check parameters
[0.208s] Level 1:colcon.colcon_core.package_discovery:discover_packages(recursive) check parameters
[0.208s] Level 1:colcon.colcon_core.package_discovery:discover_packages(ignore) check parameters
[0.208s] Level 1:colcon.colcon_core.package_discovery:discover_packages(path) check parameters
[0.208s] Level 1:colcon.colcon_core.package_discovery:discover_packages(colcon_meta) discover
[0.209s] Level 1:colcon.colcon_core.package_discovery:discover_packages(recursive) discover
[0.209s] INFO:colcon.colcon_core.package_discovery:Crawling recursively for packages in '/home/moon/sim_ws'
[0.209s] Level 1:colcon.colcon_core.package_identification:_identify(.) by extensions ['ignore', 'ignore_ament_install']
[0.209s] Level 1:colcon.colcon_core.package_identification:_identify(.) by extension 'ignore'
[0.209s] Level 1:colcon.colcon_core.package_identification:_identify(.) by extension 'ignore_ament_install'
[0.209s] Level 1:colcon.colcon_core.package_identification:_identify(.) by extensions ['colcon_pkg']
[0.209s] Level 1:colcon.colcon_core.package_identification:_identify(.) by extension 'colcon_pkg'
[0.209s] Level 1:colcon.colcon_core.package_identification:_identify(.) by extensions ['colcon_meta']
[0.209s] Level 1:colcon.colcon_core.package_identification:_identify(.) by extension 'colcon_meta'
[0.209s] Level 1:colcon.colcon_core.package_identification:_identify(.) by extensions ['ros']
[0.209s] Level 1:colcon.colcon_core.package_identification:_identify(.) by extension 'ros'
[0.216s] Level 1:colcon.colcon_core.package_identification:_identify(.) by extensions ['cmake', 'python']
[0.216s] Level 1:colcon.colcon_core.package_identification:_identify(.) by extension 'cmake'
[0.216s] Level 1:colcon.colcon_core.package_identification:_identify(.) by extension 'python'
[0.216s] Level 1:colcon.colcon_core.package_identification:_identify(.) by extensions ['python_setup_py']
[0.216s] Level 1:colcon.colcon_core.package_identification:_identify(.) by extension 'python_setup_py'
[0.217s] Level 1:colcon.colcon_core.package_identification:_identify(bounds_out) by extensions ['ignore', 'ignore_ament_install']
[0.217s] Level 1:colcon.colcon_core.package_identification:_identify(bounds_out) by extension 'ignore'
[0.217s] Level 1:colcon.colcon_core.package_identification:_identify(bounds_out) by extension 'ignore_ament_install'
[0.217s] Level 1:colcon.colcon_core.package_identification:_identify(bounds_out) by extensions ['colcon_pkg']
[0.217s] Level 1:colcon.colcon_core.package_identification:_identify(bounds_out) by extension 'colcon_pkg'
[0.217s] Level 1:colcon.colcon_core.package_identification:_identify(bounds_out) by extensions ['colcon_meta']
[0.217s] Level 1:colcon.colcon_core.package_identification:_identify(bounds_out) by extension 'colcon_meta'
[0.217s] Level 1:colcon.colcon_core.package_identification:_identify(bounds_out) by extensions ['ros']
[0.217s] Level 1:colcon.colcon_core.package_identification:_identify(bounds_out) by extension 'ros'
[0.217s] Level 1:colcon.colcon_core.package_identification:_identify(bounds_out) by extensions ['cmake', 'python']
[0.217s] Level 1:colcon.colcon_core.package_identification:_identify(bounds_out) by extension 'cmake'
[0.217s] Level 1:colcon.colcon_core.package_identification:_identify(bounds_out) by extension 'python'
[0.217s] Level 1:colcon.colcon_core.package_identification:_identify(bounds_out) by extensions ['python_setup_py']
[0.217s] Level 1:colcon.colcon_core.package_identification:_identify(bounds_out) by extension 'python_setup_py'
[0.217s] Level 1:colcon.colcon_core.package_identification:_identify(build) by extensions ['ignore', 'ignore_ament_install']
[0.217s] Level 1:colcon.colcon_core.package_identification:_identify(build) by extension 'ignore'
[0.217s] Level 1:colcon.colcon_core.package_identification:_identify(build) ignored
[0.217s] Level 1:colcon.colcon_core.package_identification:_identify(config) by extensions ['ignore', 'ignore_ament_install']
[0.217s] Level 1:colcon.colcon_core.package_identification:_identify(config) by extension 'ignore'
[0.217s] Level 1:colcon.colcon_core.package_identification:_identify(config) by extension 'ignore_ament_install'
[0.217s] Level 1:colcon.colcon_core.package_identification:_identify(config) by extensions ['colcon_pkg']
[0.217s] Level 1:colcon.colcon_core.package_identification:_identify(config) by extension 'colcon_pkg'
[0.217s] Level 1:colcon.colcon_core.package_identification:_identify(config) by extensions ['colcon_meta']
[0.217s] Level 1:colcon.colcon_core.package_identification:_identify(config) by extension 'colcon_meta'
[0.217s] Level 1:colcon.colcon_core.package_identification:_identify(config) by extensions ['ros']
[0.217s] Level 1:colcon.colcon_core.package_identification:_identify(config) by extension 'ros'
[0.217s] Level 1:colcon.colcon_core.package_identification:_identify(config) by extensions ['cmake', 'python']
[0.217s] Level 1:colcon.colcon_core.package_identification:_identify(config) by extension 'cmake'
[0.217s] Level 1:colcon.colcon_core.package_identification:_identify(config) by extension 'python'
[0.217s] Level 1:colcon.colcon_core.package_identification:_identify(config) by extensions ['python_setup_py']
[0.217s] Level 1:colcon.colcon_core.package_identification:_identify(config) by extension 'python_setup_py'
[0.218s] Level 1:colcon.colcon_core.package_identification:_identify(install) by extensions ['ignore', 'ignore_ament_install']
[0.218s] Level 1:colcon.colcon_core.package_identification:_identify(install) by extension 'ignore'
[0.218s] Level 1:colcon.colcon_core.package_identification:_identify(install) ignored
[0.218s] Level 1:colcon.colcon_core.package_identification:_identify(log) by extensions ['ignore', 'ignore_ament_install']
[0.218s] Level 1:colcon.colcon_core.package_identification:_identify(log) by extension 'ignore'
[0.218s] Level 1:colcon.colcon_core.package_identification:_identify(log) ignored
[0.218s] Level 1:colcon.colcon_core.package_identification:_identify(maps) by extensions ['ignore', 'ignore_ament_install']
[0.218s] Level 1:colcon.colcon_core.package_identification:_identify(maps) by extension 'ignore'
[0.218s] Level 1:colcon.colcon_core.package_identification:_identify(maps) by extension 'ignore_ament_install'
[0.218s] Level 1:colcon.colcon_core.package_identification:_identify(maps) by extensions ['colcon_pkg']
[0.218s] Level 1:colcon.colcon_core.package_identification:_identify(maps) by extension 'colcon_pkg'
[0.218s] Level 1:colcon.colcon_core.package_identification:_identify(maps) by extensions ['colcon_meta']
[0.218s] Level 1:colcon.colcon_core.package_identification:_identify(maps) by extension 'colcon_meta'
[0.218s] Level 1:colcon.colcon_core.package_identification:_identify(maps) by extensions ['ros']
[0.218s] Level 1:colcon.colcon_core.package_identification:_identify(maps) by extension 'ros'
[0.218s] Level 1:colcon.colcon_core.package_identification:_identify(maps) by extensions ['cmake', 'python']
[0.218s] Level 1:colcon.colcon_core.package_identification:_identify(maps) by extension 'cmake'
[0.218s] Level 1:colcon.colcon_core.package_identification:_identify(maps) by extension 'python'
[0.218s] Level 1:colcon.colcon_core.package_identification:_identify(maps) by extensions ['python_setup_py']
[0.218s] Level 1:colcon.colcon_core.package_identification:_identify(maps) by extension 'python_setup_py'
[0.218s] Level 1:colcon.colcon_core.package_identification:_identify(path_generate) by extensions ['ignore', 'ignore_ament_install']
[0.218s] Level 1:colcon.colcon_core.package_identification:_identify(path_generate) by extension 'ignore'
[0.218s] Level 1:colcon.colcon_core.package_identification:_identify(path_generate) by extension 'ignore_ament_install'
[0.218s] Level 1:colcon.colcon_core.package_identification:_identify(path_generate) by extensions ['colcon_pkg']
[0.218s] Level 1:colcon.colcon_core.package_identification:_identify(path_generate) by extension 'colcon_pkg'
[0.218s] Level 1:colcon.colcon_core.package_identification:_identify(path_generate) by extensions ['colcon_meta']
[0.218s] Level 1:colcon.colcon_core.package_identification:_identify(path_generate) by extension 'colcon_meta'
[0.218s] Level 1:colcon.colcon_core.package_identification:_identify(path_generate) by extensions ['ros']
[0.218s] Level 1:colcon.colcon_core.package_identification:_identify(path_generate) by extension 'ros'
[0.218s] Level 1:colcon.colcon_core.package_identification:_identify(path_generate) by extensions ['cmake', 'python']
[0.218s] Level 1:colcon.colcon_core.package_identification:_identify(path_generate) by extension 'cmake'
[0.218s] Level 1:colcon.colcon_core.package_identification:_identify(path_generate) by extension 'python'
[0.219s] Level 1:colcon.colcon_core.package_identification:_identify(path_generate) by extensions ['python_setup_py']
[0.219s] Level 1:colcon.colcon_core.package_identification:_identify(path_generate) by extension 'python_setup_py'
[0.219s] Level 1:colcon.colcon_core.package_identification:_identify(path_generate/center-line-fitting) by extensions ['ignore', 'ignore_ament_install']
[0.219s] Level 1:colcon.colcon_core.package_identification:_identify(path_generate/center-line-fitting) by extension 'ignore'
[0.219s] Level 1:colcon.colcon_core.package_identification:_identify(path_generate/center-line-fitting) by extension 'ignore_ament_install'
[0.219s] Level 1:colcon.colcon_core.package_identification:_identify(path_generate/center-line-fitting) by extensions ['colcon_pkg']
[0.219s] Level 1:colcon.colcon_core.package_identification:_identify(path_generate/center-line-fitting) by extension 'colcon_pkg'
[0.219s] Level 1:colcon.colcon_core.package_identification:_identify(path_generate/center-line-fitting) by extensions ['colcon_meta']
[0.219s] Level 1:colcon.colcon_core.package_identification:_identify(path_generate/center-line-fitting) by extension 'colcon_meta'
[0.219s] Level 1:colcon.colcon_core.package_identification:_identify(path_generate/center-line-fitting) by extensions ['ros']
[0.219s] Level 1:colcon.colcon_core.package_identification:_identify(path_generate/center-line-fitting) by extension 'ros'
[0.219s] Level 1:colcon.colcon_core.package_identification:_identify(path_generate/center-line-fitting) by extensions ['cmake', 'python']
[0.219s] Level 1:colcon.colcon_core.package_identification:_identify(path_generate/center-line-fitting) by extension 'cmake'
[0.219s] Level 1:colcon.colcon_core.package_identification:_identify(path_generate/center-line-fitting) by extension 'python'
[0.219s] Level 1:colcon.colcon_core.package_identification:_identify(path_generate/center-line-fitting) by extensions ['python_setup_py']
[0.219s] Level 1:colcon.colcon_core.package_identification:_identify(path_generate/center-line-fitting) by extension 'python_setup_py'
[0.219s] Level 1:colcon.colcon_core.package_identification:_identify(path_generate/center-line-fitting/src) by extensions ['ignore', 'ignore_ament_install']
[0.219s] Level 1:colcon.colcon_core.package_identification:_identify(path_generate/center-line-fitting/src) by extension 'ignore'
[0.219s] Level 1:colcon.colcon_core.package_identification:_identify(path_generate/center-line-fitting/src) by extension 'ignore_ament_install'
[0.219s] Level 1:colcon.colcon_core.package_identification:_identify(path_generate/center-line-fitting/src) by extensions ['colcon_pkg']
[0.219s] Level 1:colcon.colcon_core.package_identification:_identify(path_generate/center-line-fitting/src) by extension 'colcon_pkg'
[0.219s] Level 1:colcon.colcon_core.package_identification:_identify(path_generate/center-line-fitting/src) by extensions ['colcon_meta']
[0.219s] Level 1:colcon.colcon_core.package_identification:_identify(path_generate/center-line-fitting/src) by extension 'colcon_meta'
[0.219s] Level 1:colcon.colcon_core.package_identification:_identify(path_generate/center-line-fitting/src) by extensions ['ros']
[0.219s] Level 1:colcon.colcon_core.package_identification:_identify(path_generate/center-line-fitting/src) by extension 'ros'
[0.219s] Level 1:colcon.colcon_core.package_identification:_identify(path_generate/center-line-fitting/src) by extensions ['cmake', 'python']
[0.219s] Level 1:colcon.colcon_core.package_identification:_identify(path_generate/center-line-fitting/src) by extension 'cmake'
[0.219s] Level 1:colcon.colcon_core.package_identification:_identify(path_generate/center-line-fitting/src) by extension 'python'
[0.219s] Level 1:colcon.colcon_core.package_identification:_identify(path_generate/center-line-fitting/src) by extensions ['python_setup_py']
[0.219s] Level 1:colcon.colcon_core.package_identification:_identify(path_generate/center-line-fitting/src) by extension 'python_setup_py'
[0.219s] Level 1:colcon.colcon_core.package_identification:_identify(path_generate/global_racetrajectory_optimization) by extensions ['ignore', 'ignore_ament_install']
[0.219s] Level 1:colcon.colcon_core.package_identification:_identify(path_generate/global_racetrajectory_optimization) by extension 'ignore'
[0.219s] Level 1:colcon.colcon_core.package_identification:_identify(path_generate/global_racetrajectory_optimization) by extension 'ignore_ament_install'
[0.219s] Level 1:colcon.colcon_core.package_identification:_identify(path_generate/global_racetrajectory_optimization) by extensions ['colcon_pkg']
[0.219s] Level 1:colcon.colcon_core.package_identification:_identify(path_generate/global_racetrajectory_optimization) by extension 'colcon_pkg'
[0.219s] Level 1:colcon.colcon_core.package_identification:_identify(path_generate/global_racetrajectory_optimization) by extensions ['colcon_meta']
[0.219s] Level 1:colcon.colcon_core.package_identification:_identify(path_generate/global_racetrajectory_optimization) by extension 'colcon_meta'
[0.220s] Level 1:colcon.colcon_core.package_identification:_identify(path_generate/global_racetrajectory_optimization) by extensions ['ros']
[0.220s] Level 1:colcon.colcon_core.package_identification:_identify(path_generate/global_racetrajectory_optimization) by extension 'ros'
[0.220s] Level 1:colcon.colcon_core.package_identification:_identify(path_generate/global_racetrajectory_optimization) by extensions ['cmake', 'python']
[0.220s] Level 1:colcon.colcon_core.package_identification:_identify(path_generate/global_racetrajectory_optimization) by extension 'cmake'
[0.220s] Level 1:colcon.colcon_core.package_identification:_identify(path_generate/global_racetrajectory_optimization) by extension 'python'
[0.220s] Level 1:colcon.colcon_core.package_identification:_identify(path_generate/global_racetrajectory_optimization) by extensions ['python_setup_py']
[0.220s] Level 1:colcon.colcon_core.package_identification:_identify(path_generate/global_racetrajectory_optimization) by extension 'python_setup_py'
[0.220s] Level 1:colcon.colcon_core.package_identification:_identify(path_generate/global_racetrajectory_optimization/frictionmap) by extensions ['ignore', 'ignore_ament_install']
[0.220s] Level 1:colcon.colcon_core.package_identification:_identify(path_generate/global_racetrajectory_optimization/frictionmap) by extension 'ignore'
[0.220s] Level 1:colcon.colcon_core.package_identification:_identify(path_generate/global_racetrajectory_optimization/frictionmap) by extension 'ignore_ament_install'
[0.220s] Level 1:colcon.colcon_core.package_identification:_identify(path_generate/global_racetrajectory_optimization/frictionmap) by extensions ['colcon_pkg']
[0.220s] Level 1:colcon.colcon_core.package_identification:_identify(path_generate/global_racetrajectory_optimization/frictionmap) by extension 'colcon_pkg'
[0.220s] Level 1:colcon.colcon_core.package_identification:_identify(path_generate/global_racetrajectory_optimization/frictionmap) by extensions ['colcon_meta']
[0.220s] Level 1:colcon.colcon_core.package_identification:_identify(path_generate/global_racetrajectory_optimization/frictionmap) by extension 'colcon_meta'
[0.220s] Level 1:colcon.colcon_core.package_identification:_identify(path_generate/global_racetrajectory_optimization/frictionmap) by extensions ['ros']
[0.220s] Level 1:colcon.colcon_core.package_identification:_identify(path_generate/global_racetrajectory_optimization/frictionmap) by extension 'ros'
[0.220s] Level 1:colcon.colcon_core.package_identification:_identify(path_generate/global_racetrajectory_optimization/frictionmap) by extensions ['cmake', 'python']
[0.220s] Level 1:colcon.colcon_core.package_identification:_identify(path_generate/global_racetrajectory_optimization/frictionmap) by extension 'cmake'
[0.220s] Level 1:colcon.colcon_core.package_identification:_identify(path_generate/global_racetrajectory_optimization/frictionmap) by extension 'python'
[0.220s] Level 1:colcon.colcon_core.package_identification:_identify(path_generate/global_racetrajectory_optimization/frictionmap) by extensions ['python_setup_py']
[0.220s] Level 1:colcon.colcon_core.package_identification:_identify(path_generate/global_racetrajectory_optimization/frictionmap) by extension 'python_setup_py'
[0.220s] Level 1:colcon.colcon_core.package_identification:_identify(path_generate/global_racetrajectory_optimization/frictionmap/src) by extensions ['ignore', 'ignore_ament_install']
[0.220s] Level 1:colcon.colcon_core.package_identification:_identify(path_generate/global_racetrajectory_optimization/frictionmap/src) by extension 'ignore'
[0.220s] Level 1:colcon.colcon_core.package_identification:_identify(path_generate/global_racetrajectory_optimization/frictionmap/src) by extension 'ignore_ament_install'
[0.220s] Level 1:colcon.colcon_core.package_identification:_identify(path_generate/global_racetrajectory_optimization/frictionmap/src) by extensions ['colcon_pkg']
[0.220s] Level 1:colcon.colcon_core.package_identification:_identify(path_generate/global_racetrajectory_optimization/frictionmap/src) by extension 'colcon_pkg'
[0.220s] Level 1:colcon.colcon_core.package_identification:_identify(path_generate/global_racetrajectory_optimization/frictionmap/src) by extensions ['colcon_meta']
[0.220s] Level 1:colcon.colcon_core.package_identification:_identify(path_generate/global_racetrajectory_optimization/frictionmap/src) by extension 'colcon_meta'
[0.220s] Level 1:colcon.colcon_core.package_identification:_identify(path_generate/global_racetrajectory_optimization/frictionmap/src) by extensions ['ros']
[0.220s] Level 1:colcon.colcon_core.package_identification:_identify(path_generate/global_racetrajectory_optimization/frictionmap/src) by extension 'ros'
[0.220s] Level 1:colcon.colcon_core.package_identification:_identify(path_generate/global_racetrajectory_optimization/frictionmap/src) by extensions ['cmake', 'python']
[0.220s] Level 1:colcon.colcon_core.package_identification:_identify(path_generate/global_racetrajectory_optimization/frictionmap/src) by extension 'cmake'
[0.220s] Level 1:colcon.colcon_core.package_identification:_identify(path_generate/global_racetrajectory_optimization/frictionmap/src) by extension 'python'
[0.220s] Level 1:colcon.colcon_core.package_identification:_identify(path_generate/global_racetrajectory_optimization/frictionmap/src) by extensions ['python_setup_py']
[0.220s] Level 1:colcon.colcon_core.package_identification:_identify(path_generate/global_racetrajectory_optimization/frictionmap/src) by extension 'python_setup_py'
[0.220s] Level 1:colcon.colcon_core.package_identification:_identify(path_generate/global_racetrajectory_optimization/helper_funcs_glob) by extensions ['ignore', 'ignore_ament_install']
[0.220s] Level 1:colcon.colcon_core.package_identification:_identify(path_generate/global_racetrajectory_optimization/helper_funcs_glob) by extension 'ignore'
[0.220s] Level 1:colcon.colcon_core.package_identification:_identify(path_generate/global_racetrajectory_optimization/helper_funcs_glob) by extension 'ignore_ament_install'
[0.220s] Level 1:colcon.colcon_core.package_identification:_identify(path_generate/global_racetrajectory_optimization/helper_funcs_glob) by extensions ['colcon_pkg']
[0.220s] Level 1:colcon.colcon_core.package_identification:_identify(path_generate/global_racetrajectory_optimization/helper_funcs_glob) by extension 'colcon_pkg'
[0.221s] Level 1:colcon.colcon_core.package_identification:_identify(path_generate/global_racetrajectory_optimization/helper_funcs_glob) by extensions ['colcon_meta']
[0.221s] Level 1:colcon.colcon_core.package_identification:_identify(path_generate/global_racetrajectory_optimization/helper_funcs_glob) by extension 'colcon_meta'
[0.221s] Level 1:colcon.colcon_core.package_identification:_identify(path_generate/global_racetrajectory_optimization/helper_funcs_glob) by extensions ['ros']
[0.221s] Level 1:colcon.colcon_core.package_identification:_identify(path_generate/global_racetrajectory_optimization/helper_funcs_glob) by extension 'ros'
[0.221s] Level 1:colcon.colcon_core.package_identification:_identify(path_generate/global_racetrajectory_optimization/helper_funcs_glob) by extensions ['cmake', 'python']
[0.221s] Level 1:colcon.colcon_core.package_identification:_identify(path_generate/global_racetrajectory_optimization/helper_funcs_glob) by extension 'cmake'
[0.221s] Level 1:colcon.colcon_core.package_identification:_identify(path_generate/global_racetrajectory_optimization/helper_funcs_glob) by extension 'python'
[0.221s] Level 1:colcon.colcon_core.package_identification:_identify(path_generate/global_racetrajectory_optimization/helper_funcs_glob) by extensions ['python_setup_py']
[0.221s] Level 1:colcon.colcon_core.package_identification:_identify(path_generate/global_racetrajectory_optimization/helper_funcs_glob) by extension 'python_setup_py'
[0.221s] Level 1:colcon.colcon_core.package_identification:_identify(path_generate/global_racetrajectory_optimization/helper_funcs_glob/src) by extensions ['ignore', 'ignore_ament_install']
[0.221s] Level 1:colcon.colcon_core.package_identification:_identify(path_generate/global_racetrajectory_optimization/helper_funcs_glob/src) by extension 'ignore'
[0.221s] Level 1:colcon.colcon_core.package_identification:_identify(path_generate/global_racetrajectory_optimization/helper_funcs_glob/src) by extension 'ignore_ament_install'
[0.221s] Level 1:colcon.colcon_core.package_identification:_identify(path_generate/global_racetrajectory_optimization/helper_funcs_glob/src) by extensions ['colcon_pkg']
[0.221s] Level 1:colcon.colcon_core.package_identification:_identify(path_generate/global_racetrajectory_optimization/helper_funcs_glob/src) by extension 'colcon_pkg'
[0.221s] Level 1:colcon.colcon_core.package_identification:_identify(path_generate/global_racetrajectory_optimization/helper_funcs_glob/src) by extensions ['colcon_meta']
[0.221s] Level 1:colcon.colcon_core.package_identification:_identify(path_generate/global_racetrajectory_optimization/helper_funcs_glob/src) by extension 'colcon_meta'
[0.221s] Level 1:colcon.colcon_core.package_identification:_identify(path_generate/global_racetrajectory_optimization/helper_funcs_glob/src) by extensions ['ros']
[0.221s] Level 1:colcon.colcon_core.package_identification:_identify(path_generate/global_racetrajectory_optimization/helper_funcs_glob/src) by extension 'ros'
[0.221s] Level 1:colcon.colcon_core.package_identification:_identify(path_generate/global_racetrajectory_optimization/helper_funcs_glob/src) by extensions ['cmake', 'python']
[0.221s] Level 1:colcon.colcon_core.package_identification:_identify(path_generate/global_racetrajectory_optimization/helper_funcs_glob/src) by extension 'cmake'
[0.221s] Level 1:colcon.colcon_core.package_identification:_identify(path_generate/global_racetrajectory_optimization/helper_funcs_glob/src) by extension 'python'
[0.221s] Level 1:colcon.colcon_core.package_identification:_identify(path_generate/global_racetrajectory_optimization/helper_funcs_glob/src) by extensions ['python_setup_py']
[0.221s] Level 1:colcon.colcon_core.package_identification:_identify(path_generate/global_racetrajectory_optimization/helper_funcs_glob/src) by extension 'python_setup_py'
[0.221s] Level 1:colcon.colcon_core.package_identification:_identify(path_generate/global_racetrajectory_optimization/inputs) by extensions ['ignore', 'ignore_ament_install']
[0.221s] Level 1:colcon.colcon_core.package_identification:_identify(path_generate/global_racetrajectory_optimization/inputs) by extension 'ignore'
[0.221s] Level 1:colcon.colcon_core.package_identification:_identify(path_generate/global_racetrajectory_optimization/inputs) by extension 'ignore_ament_install'
[0.221s] Level 1:colcon.colcon_core.package_identification:_identify(path_generate/global_racetrajectory_optimization/inputs) by extensions ['colcon_pkg']
[0.221s] Level 1:colcon.colcon_core.package_identification:_identify(path_generate/global_racetrajectory_optimization/inputs) by extension 'colcon_pkg'
[0.221s] Level 1:colcon.colcon_core.package_identification:_identify(path_generate/global_racetrajectory_optimization/inputs) by extensions ['colcon_meta']
[0.221s] Level 1:colcon.colcon_core.package_identification:_identify(path_generate/global_racetrajectory_optimization/inputs) by extension 'colcon_meta'
[0.221s] Level 1:colcon.colcon_core.package_identification:_identify(path_generate/global_racetrajectory_optimization/inputs) by extensions ['ros']
[0.221s] Level 1:colcon.colcon_core.package_identification:_identify(path_generate/global_racetrajectory_optimization/inputs) by extension 'ros'
[0.221s] Level 1:colcon.colcon_core.package_identification:_identify(path_generate/global_racetrajectory_optimization/inputs) by extensions ['cmake', 'python']
[0.221s] Level 1:colcon.colcon_core.package_identification:_identify(path_generate/global_racetrajectory_optimization/inputs) by extension 'cmake'
[0.221s] Level 1:colcon.colcon_core.package_identification:_identify(path_generate/global_racetrajectory_optimization/inputs) by extension 'python'
[0.221s] Level 1:colcon.colcon_core.package_identification:_identify(path_generate/global_racetrajectory_optimization/inputs) by extensions ['python_setup_py']
[0.221s] Level 1:colcon.colcon_core.package_identification:_identify(path_generate/global_racetrajectory_optimization/inputs) by extension 'python_setup_py'
[0.222s] Level 1:colcon.colcon_core.package_identification:_identify(path_generate/global_racetrajectory_optimization/inputs/frictionmaps) by extensions ['ignore', 'ignore_ament_install']
[0.222s] Level 1:colcon.colcon_core.package_identification:_identify(path_generate/global_racetrajectory_optimization/inputs/frictionmaps) by extension 'ignore'
[0.222s] Level 1:colcon.colcon_core.package_identification:_identify(path_generate/global_racetrajectory_optimization/inputs/frictionmaps) by extension 'ignore_ament_install'
[0.222s] Level 1:colcon.colcon_core.package_identification:_identify(path_generate/global_racetrajectory_optimization/inputs/frictionmaps) by extensions ['colcon_pkg']
[0.222s] Level 1:colcon.colcon_core.package_identification:_identify(path_generate/global_racetrajectory_optimization/inputs/frictionmaps) by extension 'colcon_pkg'
[0.222s] Level 1:colcon.colcon_core.package_identification:_identify(path_generate/global_racetrajectory_optimization/inputs/frictionmaps) by extensions ['colcon_meta']
[0.222s] Level 1:colcon.colcon_core.package_identification:_identify(path_generate/global_racetrajectory_optimization/inputs/frictionmaps) by extension 'colcon_meta'
[0.222s] Level 1:colcon.colcon_core.package_identification:_identify(path_generate/global_racetrajectory_optimization/inputs/frictionmaps) by extensions ['ros']
[0.222s] Level 1:colcon.colcon_core.package_identification:_identify(path_generate/global_racetrajectory_optimization/inputs/frictionmaps) by extension 'ros'
[0.222s] Level 1:colcon.colcon_core.package_identification:_identify(path_generate/global_racetrajectory_optimization/inputs/frictionmaps) by extensions ['cmake', 'python']
[0.222s] Level 1:colcon.colcon_core.package_identification:_identify(path_generate/global_racetrajectory_optimization/inputs/frictionmaps) by extension 'cmake'
[0.222s] Level 1:colcon.colcon_core.package_identification:_identify(path_generate/global_racetrajectory_optimization/inputs/frictionmaps) by extension 'python'
[0.222s] Level 1:colcon.colcon_core.package_identification:_identify(path_generate/global_racetrajectory_optimization/inputs/frictionmaps) by extensions ['python_setup_py']
[0.222s] Level 1:colcon.colcon_core.package_identification:_identify(path_generate/global_racetrajectory_optimization/inputs/frictionmaps) by extension 'python_setup_py'
[0.222s] Level 1:colcon.colcon_core.package_identification:_identify(path_generate/global_racetrajectory_optimization/inputs/tracks) by extensions ['ignore', 'ignore_ament_install']
[0.222s] Level 1:colcon.colcon_core.package_identification:_identify(path_generate/global_racetrajectory_optimization/inputs/tracks) by extension 'ignore'
[0.222s] Level 1:colcon.colcon_core.package_identification:_identify(path_generate/global_racetrajectory_optimization/inputs/tracks) by extension 'ignore_ament_install'
[0.222s] Level 1:colcon.colcon_core.package_identification:_identify(path_generate/global_racetrajectory_optimization/inputs/tracks) by extensions ['colcon_pkg']
[0.222s] Level 1:colcon.colcon_core.package_identification:_identify(path_generate/global_racetrajectory_optimization/inputs/tracks) by extension 'colcon_pkg'
[0.222s] Level 1:colcon.colcon_core.package_identification:_identify(path_generate/global_racetrajectory_optimization/inputs/tracks) by extensions ['colcon_meta']
[0.222s] Level 1:colcon.colcon_core.package_identification:_identify(path_generate/global_racetrajectory_optimization/inputs/tracks) by extension 'colcon_meta'
[0.222s] Level 1:colcon.colcon_core.package_identification:_identify(path_generate/global_racetrajectory_optimization/inputs/tracks) by extensions ['ros']
[0.222s] Level 1:colcon.colcon_core.package_identification:_identify(path_generate/global_racetrajectory_optimization/inputs/tracks) by extension 'ros'
[0.222s] Level 1:colcon.colcon_core.package_identification:_identify(path_generate/global_racetrajectory_optimization/inputs/tracks) by extensions ['cmake', 'python']
[0.222s] Level 1:colcon.colcon_core.package_identification:_identify(path_generate/global_racetrajectory_optimization/inputs/tracks) by extension 'cmake'
[0.222s] Level 1:colcon.colcon_core.package_identification:_identify(path_generate/global_racetrajectory_optimization/inputs/tracks) by extension 'python'
[0.222s] Level 1:colcon.colcon_core.package_identification:_identify(path_generate/global_racetrajectory_optimization/inputs/tracks) by extensions ['python_setup_py']
[0.222s] Level 1:colcon.colcon_core.package_identification:_identify(path_generate/global_racetrajectory_optimization/inputs/tracks) by extension 'python_setup_py'
[0.222s] Level 1:colcon.colcon_core.package_identification:_identify(path_generate/global_racetrajectory_optimization/inputs/veh_dyn_info) by extensions ['ignore', 'ignore_ament_install']
[0.222s] Level 1:colcon.colcon_core.package_identification:_identify(path_generate/global_racetrajectory_optimization/inputs/veh_dyn_info) by extension 'ignore'
[0.222s] Level 1:colcon.colcon_core.package_identification:_identify(path_generate/global_racetrajectory_optimization/inputs/veh_dyn_info) by extension 'ignore_ament_install'
[0.222s] Level 1:colcon.colcon_core.package_identification:_identify(path_generate/global_racetrajectory_optimization/inputs/veh_dyn_info) by extensions ['colcon_pkg']
[0.222s] Level 1:colcon.colcon_core.package_identification:_identify(path_generate/global_racetrajectory_optimization/inputs/veh_dyn_info) by extension 'colcon_pkg'
[0.222s] Level 1:colcon.colcon_core.package_identification:_identify(path_generate/global_racetrajectory_optimization/inputs/veh_dyn_info) by extensions ['colcon_meta']
[0.222s] Level 1:colcon.colcon_core.package_identification:_identify(path_generate/global_racetrajectory_optimization/inputs/veh_dyn_info) by extension 'colcon_meta'
[0.222s] Level 1:colcon.colcon_core.package_identification:_identify(path_generate/global_racetrajectory_optimization/inputs/veh_dyn_info) by extensions ['ros']
[0.222s] Level 1:colcon.colcon_core.package_identification:_identify(path_generate/global_racetrajectory_optimization/inputs/veh_dyn_info) by extension 'ros'
[0.222s] Level 1:colcon.colcon_core.package_identification:_identify(path_generate/global_racetrajectory_optimization/inputs/veh_dyn_info) by extensions ['cmake', 'python']
[0.222s] Level 1:colcon.colcon_core.package_identification:_identify(path_generate/global_racetrajectory_optimization/inputs/veh_dyn_info) by extension 'cmake'
[0.222s] Level 1:colcon.colcon_core.package_identification:_identify(path_generate/global_racetrajectory_optimization/inputs/veh_dyn_info) by extension 'python'
[0.222s] Level 1:colcon.colcon_core.package_identification:_identify(path_generate/global_racetrajectory_optimization/inputs/veh_dyn_info) by extensions ['python_setup_py']
[0.222s] Level 1:colcon.colcon_core.package_identification:_identify(path_generate/global_racetrajectory_optimization/inputs/veh_dyn_info) by extension 'python_setup_py'
[0.223s] Level 1:colcon.colcon_core.package_identification:_identify(path_generate/global_racetrajectory_optimization/opt_mintime_traj) by extensions ['ignore', 'ignore_ament_install']
[0.223s] Level 1:colcon.colcon_core.package_identification:_identify(path_generate/global_racetrajectory_optimization/opt_mintime_traj) by extension 'ignore'
[0.223s] Level 1:colcon.colcon_core.package_identification:_identify(path_generate/global_racetrajectory_optimization/opt_mintime_traj) by extension 'ignore_ament_install'
[0.223s] Level 1:colcon.colcon_core.package_identification:_identify(path_generate/global_racetrajectory_optimization/opt_mintime_traj) by extensions ['colcon_pkg']
[0.223s] Level 1:colcon.colcon_core.package_identification:_identify(path_generate/global_racetrajectory_optimization/opt_mintime_traj) by extension 'colcon_pkg'
[0.223s] Level 1:colcon.colcon_core.package_identification:_identify(path_generate/global_racetrajectory_optimization/opt_mintime_traj) by extensions ['colcon_meta']
[0.223s] Level 1:colcon.colcon_core.package_identification:_identify(path_generate/global_racetrajectory_optimization/opt_mintime_traj) by extension 'colcon_meta'
[0.223s] Level 1:colcon.colcon_core.package_identification:_identify(path_generate/global_racetrajectory_optimization/opt_mintime_traj) by extensions ['ros']
[0.223s] Level 1:colcon.colcon_core.package_identification:_identify(path_generate/global_racetrajectory_optimization/opt_mintime_traj) by extension 'ros'
[0.223s] Level 1:colcon.colcon_core.package_identification:_identify(path_generate/global_racetrajectory_optimization/opt_mintime_traj) by extensions ['cmake', 'python']
[0.223s] Level 1:colcon.colcon_core.package_identification:_identify(path_generate/global_racetrajectory_optimization/opt_mintime_traj) by extension 'cmake'
[0.223s] Level 1:colcon.colcon_core.package_identification:_identify(path_generate/global_racetrajectory_optimization/opt_mintime_traj) by extension 'python'
[0.223s] Level 1:colcon.colcon_core.package_identification:_identify(path_generate/global_racetrajectory_optimization/opt_mintime_traj) by extensions ['python_setup_py']
[0.223s] Level 1:colcon.colcon_core.package_identification:_identify(path_generate/global_racetrajectory_optimization/opt_mintime_traj) by extension 'python_setup_py'
[0.223s] Level 1:colcon.colcon_core.package_identification:_identify(path_generate/global_racetrajectory_optimization/opt_mintime_traj/powertrain_src) by extensions ['ignore', 'ignore_ament_install']
[0.223s] Level 1:colcon.colcon_core.package_identification:_identify(path_generate/global_racetrajectory_optimization/opt_mintime_traj/powertrain_src) by extension 'ignore'
[0.223s] Level 1:colcon.colcon_core.package_identification:_identify(path_generate/global_racetrajectory_optimization/opt_mintime_traj/powertrain_src) by extension 'ignore_ament_install'
[0.223s] Level 1:colcon.colcon_core.package_identification:_identify(path_generate/global_racetrajectory_optimization/opt_mintime_traj/powertrain_src) by extensions ['colcon_pkg']
[0.223s] Level 1:colcon.colcon_core.package_identification:_identify(path_generate/global_racetrajectory_optimization/opt_mintime_traj/powertrain_src) by extension 'colcon_pkg'
[0.223s] Level 1:colcon.colcon_core.package_identification:_identify(path_generate/global_racetrajectory_optimization/opt_mintime_traj/powertrain_src) by extensions ['colcon_meta']
[0.223s] Level 1:colcon.colcon_core.package_identification:_identify(path_generate/global_racetrajectory_optimization/opt_mintime_traj/powertrain_src) by extension 'colcon_meta'
[0.223s] Level 1:colcon.colcon_core.package_identification:_identify(path_generate/global_racetrajectory_optimization/opt_mintime_traj/powertrain_src) by extensions ['ros']
[0.223s] Level 1:colcon.colcon_core.package_identification:_identify(path_generate/global_racetrajectory_optimization/opt_mintime_traj/powertrain_src) by extension 'ros'
[0.223s] Level 1:colcon.colcon_core.package_identification:_identify(path_generate/global_racetrajectory_optimization/opt_mintime_traj/powertrain_src) by extensions ['cmake', 'python']
[0.223s] Level 1:colcon.colcon_core.package_identification:_identify(path_generate/global_racetrajectory_optimization/opt_mintime_traj/powertrain_src) by extension 'cmake'
[0.223s] Level 1:colcon.colcon_core.package_identification:_identify(path_generate/global_racetrajectory_optimization/opt_mintime_traj/powertrain_src) by extension 'python'
[0.223s] Level 1:colcon.colcon_core.package_identification:_identify(path_generate/global_racetrajectory_optimization/opt_mintime_traj/powertrain_src) by extensions ['python_setup_py']
[0.223s] Level 1:colcon.colcon_core.package_identification:_identify(path_generate/global_racetrajectory_optimization/opt_mintime_traj/powertrain_src) by extension 'python_setup_py'
[0.223s] Level 1:colcon.colcon_core.package_identification:_identify(path_generate/global_racetrajectory_optimization/opt_mintime_traj/powertrain_src/src) by extensions ['ignore', 'ignore_ament_install']
[0.223s] Level 1:colcon.colcon_core.package_identification:_identify(path_generate/global_racetrajectory_optimization/opt_mintime_traj/powertrain_src/src) by extension 'ignore'
[0.223s] Level 1:colcon.colcon_core.package_identification:_identify(path_generate/global_racetrajectory_optimization/opt_mintime_traj/powertrain_src/src) by extension 'ignore_ament_install'
[0.223s] Level 1:colcon.colcon_core.package_identification:_identify(path_generate/global_racetrajectory_optimization/opt_mintime_traj/powertrain_src/src) by extensions ['colcon_pkg']
[0.223s] Level 1:colcon.colcon_core.package_identification:_identify(path_generate/global_racetrajectory_optimization/opt_mintime_traj/powertrain_src/src) by extension 'colcon_pkg'
[0.223s] Level 1:colcon.colcon_core.package_identification:_identify(path_generate/global_racetrajectory_optimization/opt_mintime_traj/powertrain_src/src) by extensions ['colcon_meta']
[0.223s] Level 1:colcon.colcon_core.package_identification:_identify(path_generate/global_racetrajectory_optimization/opt_mintime_traj/powertrain_src/src) by extension 'colcon_meta'
[0.223s] Level 1:colcon.colcon_core.package_identification:_identify(path_generate/global_racetrajectory_optimization/opt_mintime_traj/powertrain_src/src) by extensions ['ros']
[0.223s] Level 1:colcon.colcon_core.package_identification:_identify(path_generate/global_racetrajectory_optimization/opt_mintime_traj/powertrain_src/src) by extension 'ros'
[0.223s] Level 1:colcon.colcon_core.package_identification:_identify(path_generate/global_racetrajectory_optimization/opt_mintime_traj/powertrain_src/src) by extensions ['cmake', 'python']
[0.224s] Level 1:colcon.colcon_core.package_identification:_identify(path_generate/global_racetrajectory_optimization/opt_mintime_traj/powertrain_src/src) by extension 'cmake'
[0.224s] Level 1:colcon.colcon_core.package_identification:_identify(path_generate/global_racetrajectory_optimization/opt_mintime_traj/powertrain_src/src) by extension 'python'
[0.224s] Level 1:colcon.colcon_core.package_identification:_identify(path_generate/global_racetrajectory_optimization/opt_mintime_traj/powertrain_src/src) by extensions ['python_setup_py']
[0.224s] Level 1:colcon.colcon_core.package_identification:_identify(path_generate/global_racetrajectory_optimization/opt_mintime_traj/powertrain_src/src) by extension 'python_setup_py'
[0.224s] Level 1:colcon.colcon_core.package_identification:_identify(path_generate/global_racetrajectory_optimization/opt_mintime_traj/src) by extensions ['ignore', 'ignore_ament_install']
[0.224s] Level 1:colcon.colcon_core.package_identification:_identify(path_generate/global_racetrajectory_optimization/opt_mintime_traj/src) by extension 'ignore'
[0.224s] Level 1:colcon.colcon_core.package_identification:_identify(path_generate/global_racetrajectory_optimization/opt_mintime_traj/src) by extension 'ignore_ament_install'
[0.224s] Level 1:colcon.colcon_core.package_identification:_identify(path_generate/global_racetrajectory_optimization/opt_mintime_traj/src) by extensions ['colcon_pkg']
[0.224s] Level 1:colcon.colcon_core.package_identification:_identify(path_generate/global_racetrajectory_optimization/opt_mintime_traj/src) by extension 'colcon_pkg'
[0.224s] Level 1:colcon.colcon_core.package_identification:_identify(path_generate/global_racetrajectory_optimization/opt_mintime_traj/src) by extensions ['colcon_meta']
[0.224s] Level 1:colcon.colcon_core.package_identification:_identify(path_generate/global_racetrajectory_optimization/opt_mintime_traj/src) by extension 'colcon_meta'
[0.224s] Level 1:colcon.colcon_core.package_identification:_identify(path_generate/global_racetrajectory_optimization/opt_mintime_traj/src) by extensions ['ros']
[0.224s] Level 1:colcon.colcon_core.package_identification:_identify(path_generate/global_racetrajectory_optimization/opt_mintime_traj/src) by extension 'ros'
[0.224s] Level 1:colcon.colcon_core.package_identification:_identify(path_generate/global_racetrajectory_optimization/opt_mintime_traj/src) by extensions ['cmake', 'python']
[0.224s] Level 1:colcon.colcon_core.package_identification:_identify(path_generate/global_racetrajectory_optimization/opt_mintime_traj/src) by extension 'cmake'
[0.224s] Level 1:colcon.colcon_core.package_identification:_identify(path_generate/global_racetrajectory_optimization/opt_mintime_traj/src) by extension 'python'
[0.224s] Level 1:colcon.colcon_core.package_identification:_identify(path_generate/global_racetrajectory_optimization/opt_mintime_traj/src) by extensions ['python_setup_py']
[0.224s] Level 1:colcon.colcon_core.package_identification:_identify(path_generate/global_racetrajectory_optimization/opt_mintime_traj/src) by extension 'python_setup_py'
[0.224s] Level 1:colcon.colcon_core.package_identification:_identify(path_generate/global_racetrajectory_optimization/params) by extensions ['ignore', 'ignore_ament_install']
[0.224s] Level 1:colcon.colcon_core.package_identification:_identify(path_generate/global_racetrajectory_optimization/params) by extension 'ignore'
[0.224s] Level 1:colcon.colcon_core.package_identification:_identify(path_generate/global_racetrajectory_optimization/params) by extension 'ignore_ament_install'
[0.224s] Level 1:colcon.colcon_core.package_identification:_identify(path_generate/global_racetrajectory_optimization/params) by extensions ['colcon_pkg']
[0.224s] Level 1:colcon.colcon_core.package_identification:_identify(path_generate/global_racetrajectory_optimization/params) by extension 'colcon_pkg'
[0.224s] Level 1:colcon.colcon_core.package_identification:_identify(path_generate/global_racetrajectory_optimization/params) by extensions ['colcon_meta']
[0.224s] Level 1:colcon.colcon_core.package_identification:_identify(path_generate/global_racetrajectory_optimization/params) by extension 'colcon_meta'
[0.224s] Level 1:colcon.colcon_core.package_identification:_identify(path_generate/global_racetrajectory_optimization/params) by extensions ['ros']
[0.224s] Level 1:colcon.colcon_core.package_identification:_identify(path_generate/global_racetrajectory_optimization/params) by extension 'ros'
[0.224s] Level 1:colcon.colcon_core.package_identification:_identify(path_generate/global_racetrajectory_optimization/params) by extensions ['cmake', 'python']
[0.224s] Level 1:colcon.colcon_core.package_identification:_identify(path_generate/global_racetrajectory_optimization/params) by extension 'cmake'
[0.224s] Level 1:colcon.colcon_core.package_identification:_identify(path_generate/global_racetrajectory_optimization/params) by extension 'python'
[0.224s] Level 1:colcon.colcon_core.package_identification:_identify(path_generate/global_racetrajectory_optimization/params) by extensions ['python_setup_py']
[0.224s] Level 1:colcon.colcon_core.package_identification:_identify(path_generate/global_racetrajectory_optimization/params) by extension 'python_setup_py'
[0.224s] Level 1:colcon.colcon_core.package_identification:_identify(path_generate/steven_gong) by extensions ['ignore', 'ignore_ament_install']
[0.224s] Level 1:colcon.colcon_core.package_identification:_identify(path_generate/steven_gong) by extension 'ignore'
[0.224s] Level 1:colcon.colcon_core.package_identification:_identify(path_generate/steven_gong) by extension 'ignore_ament_install'
[0.224s] Level 1:colcon.colcon_core.package_identification:_identify(path_generate/steven_gong) by extensions ['colcon_pkg']
[0.224s] Level 1:colcon.colcon_core.package_identification:_identify(path_generate/steven_gong) by extension 'colcon_pkg'
[0.224s] Level 1:colcon.colcon_core.package_identification:_identify(path_generate/steven_gong) by extensions ['colcon_meta']
[0.224s] Level 1:colcon.colcon_core.package_identification:_identify(path_generate/steven_gong) by extension 'colcon_meta'
[0.224s] Level 1:colcon.colcon_core.package_identification:_identify(path_generate/steven_gong) by extensions ['ros']
[0.224s] Level 1:colcon.colcon_core.package_identification:_identify(path_generate/steven_gong) by extension 'ros'
[0.225s] Level 1:colcon.colcon_core.package_identification:_identify(path_generate/steven_gong) by extensions ['cmake', 'python']
[0.225s] Level 1:colcon.colcon_core.package_identification:_identify(path_generate/steven_gong) by extension 'cmake'
[0.225s] Level 1:colcon.colcon_core.package_identification:_identify(path_generate/steven_gong) by extension 'python'
[0.225s] Level 1:colcon.colcon_core.package_identification:_identify(path_generate/steven_gong) by extensions ['python_setup_py']
[0.225s] Level 1:colcon.colcon_core.package_identification:_identify(path_generate/steven_gong) by extension 'python_setup_py'
[0.225s] Level 1:colcon.colcon_core.package_identification:_identify(path_generate/steven_gong/Raceline-Optimization) by extensions ['ignore', 'ignore_ament_install']
[0.225s] Level 1:colcon.colcon_core.package_identification:_identify(path_generate/steven_gong/Raceline-Optimization) by extension 'ignore'
[0.225s] Level 1:colcon.colcon_core.package_identification:_identify(path_generate/steven_gong/Raceline-Optimization) by extension 'ignore_ament_install'
[0.225s] Level 1:colcon.colcon_core.package_identification:_identify(path_generate/steven_gong/Raceline-Optimization) by extensions ['colcon_pkg']
[0.225s] Level 1:colcon.colcon_core.package_identification:_identify(path_generate/steven_gong/Raceline-Optimization) by extension 'colcon_pkg'
[0.225s] Level 1:colcon.colcon_core.package_identification:_identify(path_generate/steven_gong/Raceline-Optimization) by extensions ['colcon_meta']
[0.225s] Level 1:colcon.colcon_core.package_identification:_identify(path_generate/steven_gong/Raceline-Optimization) by extension 'colcon_meta'
[0.225s] Level 1:colcon.colcon_core.package_identification:_identify(path_generate/steven_gong/Raceline-Optimization) by extensions ['ros']
[0.225s] Level 1:colcon.colcon_core.package_identification:_identify(path_generate/steven_gong/Raceline-Optimization) by extension 'ros'
[0.225s] Level 1:colcon.colcon_core.package_identification:_identify(path_generate/steven_gong/Raceline-Optimization) by extensions ['cmake', 'python']
[0.225s] Level 1:colcon.colcon_core.package_identification:_identify(path_generate/steven_gong/Raceline-Optimization) by extension 'cmake'
[0.225s] Level 1:colcon.colcon_core.package_identification:_identify(path_generate/steven_gong/Raceline-Optimization) by extension 'python'
[0.225s] Level 1:colcon.colcon_core.package_identification:_identify(path_generate/steven_gong/Raceline-Optimization) by extensions ['python_setup_py']
[0.225s] Level 1:colcon.colcon_core.package_identification:_identify(path_generate/steven_gong/Raceline-Optimization) by extension 'python_setup_py'
[0.225s] Level 1:colcon.colcon_core.package_identification:_identify(path_generate/steven_gong/Raceline-Optimization/frictionmap) by extensions ['ignore', 'ignore_ament_install']
[0.225s] Level 1:colcon.colcon_core.package_identification:_identify(path_generate/steven_gong/Raceline-Optimization/frictionmap) by extension 'ignore'
[0.225s] Level 1:colcon.colcon_core.package_identification:_identify(path_generate/steven_gong/Raceline-Optimization/frictionmap) by extension 'ignore_ament_install'
[0.225s] Level 1:colcon.colcon_core.package_identification:_identify(path_generate/steven_gong/Raceline-Optimization/frictionmap) by extensions ['colcon_pkg']
[0.225s] Level 1:colcon.colcon_core.package_identification:_identify(path_generate/steven_gong/Raceline-Optimization/frictionmap) by extension 'colcon_pkg'
[0.225s] Level 1:colcon.colcon_core.package_identification:_identify(path_generate/steven_gong/Raceline-Optimization/frictionmap) by extensions ['colcon_meta']
[0.225s] Level 1:colcon.colcon_core.package_identification:_identify(path_generate/steven_gong/Raceline-Optimization/frictionmap) by extension 'colcon_meta'
[0.225s] Level 1:colcon.colcon_core.package_identification:_identify(path_generate/steven_gong/Raceline-Optimization/frictionmap) by extensions ['ros']
[0.225s] Level 1:colcon.colcon_core.package_identification:_identify(path_generate/steven_gong/Raceline-Optimization/frictionmap) by extension 'ros'
[0.225s] Level 1:colcon.colcon_core.package_identification:_identify(path_generate/steven_gong/Raceline-Optimization/frictionmap) by extensions ['cmake', 'python']
[0.225s] Level 1:colcon.colcon_core.package_identification:_identify(path_generate/steven_gong/Raceline-Optimization/frictionmap) by extension 'cmake'
[0.225s] Level 1:colcon.colcon_core.package_identification:_identify(path_generate/steven_gong/Raceline-Optimization/frictionmap) by extension 'python'
[0.225s] Level 1:colcon.colcon_core.package_identification:_identify(path_generate/steven_gong/Raceline-Optimization/frictionmap) by extensions ['python_setup_py']
[0.225s] Level 1:colcon.colcon_core.package_identification:_identify(path_generate/steven_gong/Raceline-Optimization/frictionmap) by extension 'python_setup_py'
[0.225s] Level 1:colcon.colcon_core.package_identification:_identify(path_generate/steven_gong/Raceline-Optimization/frictionmap/src) by extensions ['ignore', 'ignore_ament_install']
[0.225s] Level 1:colcon.colcon_core.package_identification:_identify(path_generate/steven_gong/Raceline-Optimization/frictionmap/src) by extension 'ignore'
[0.225s] Level 1:colcon.colcon_core.package_identification:_identify(path_generate/steven_gong/Raceline-Optimization/frictionmap/src) by extension 'ignore_ament_install'
[0.225s] Level 1:colcon.colcon_core.package_identification:_identify(path_generate/steven_gong/Raceline-Optimization/frictionmap/src) by extensions ['colcon_pkg']
[0.226s] Level 1:colcon.colcon_core.package_identification:_identify(path_generate/steven_gong/Raceline-Optimization/frictionmap/src) by extension 'colcon_pkg'
[0.226s] Level 1:colcon.colcon_core.package_identification:_identify(path_generate/steven_gong/Raceline-Optimization/frictionmap/src) by extensions ['colcon_meta']
[0.226s] Level 1:colcon.colcon_core.package_identification:_identify(path_generate/steven_gong/Raceline-Optimization/frictionmap/src) by extension 'colcon_meta'
[0.226s] Level 1:colcon.colcon_core.package_identification:_identify(path_generate/steven_gong/Raceline-Optimization/frictionmap/src) by extensions ['ros']
[0.226s] Level 1:colcon.colcon_core.package_identification:_identify(path_generate/steven_gong/Raceline-Optimization/frictionmap/src) by extension 'ros'
[0.226s] Level 1:colcon.colcon_core.package_identification:_identify(path_generate/steven_gong/Raceline-Optimization/frictionmap/src) by extensions ['cmake', 'python']
[0.226s] Level 1:colcon.colcon_core.package_identification:_identify(path_generate/steven_gong/Raceline-Optimization/frictionmap/src) by extension 'cmake'
[0.226s] Level 1:colcon.colcon_core.package_identification:_identify(path_generate/steven_gong/Raceline-Optimization/frictionmap/src) by extension 'python'
[0.226s] Level 1:colcon.colcon_core.package_identification:_identify(path_generate/steven_gong/Raceline-Optimization/frictionmap/src) by extensions ['python_setup_py']
[0.226s] Level 1:colcon.colcon_core.package_identification:_identify(path_generate/steven_gong/Raceline-Optimization/frictionmap/src) by extension 'python_setup_py'
[0.226s] Level 1:colcon.colcon_core.package_identification:_identify(path_generate/steven_gong/Raceline-Optimization/helper_funcs_glob) by extensions ['ignore', 'ignore_ament_install']
[0.226s] Level 1:colcon.colcon_core.package_identification:_identify(path_generate/steven_gong/Raceline-Optimization/helper_funcs_glob) by extension 'ignore'
[0.226s] Level 1:colcon.colcon_core.package_identification:_identify(path_generate/steven_gong/Raceline-Optimization/helper_funcs_glob) by extension 'ignore_ament_install'
[0.226s] Level 1:colcon.colcon_core.package_identification:_identify(path_generate/steven_gong/Raceline-Optimization/helper_funcs_glob) by extensions ['colcon_pkg']
[0.226s] Level 1:colcon.colcon_core.package_identification:_identify(path_generate/steven_gong/Raceline-Optimization/helper_funcs_glob) by extension 'colcon_pkg'
[0.226s] Level 1:colcon.colcon_core.package_identification:_identify(path_generate/steven_gong/Raceline-Optimization/helper_funcs_glob) by extensions ['colcon_meta']
[0.226s] Level 1:colcon.colcon_core.package_identification:_identify(path_generate/steven_gong/Raceline-Optimization/helper_funcs_glob) by extension 'colcon_meta'
[0.226s] Level 1:colcon.colcon_core.package_identification:_identify(path_generate/steven_gong/Raceline-Optimization/helper_funcs_glob) by extensions ['ros']
[0.226s] Level 1:colcon.colcon_core.package_identification:_identify(path_generate/steven_gong/Raceline-Optimization/helper_funcs_glob) by extension 'ros'
[0.226s] Level 1:colcon.colcon_core.package_identification:_identify(path_generate/steven_gong/Raceline-Optimization/helper_funcs_glob) by extensions ['cmake', 'python']
[0.226s] Level 1:colcon.colcon_core.package_identification:_identify(path_generate/steven_gong/Raceline-Optimization/helper_funcs_glob) by extension 'cmake'
[0.226s] Level 1:colcon.colcon_core.package_identification:_identify(path_generate/steven_gong/Raceline-Optimization/helper_funcs_glob) by extension 'python'
[0.226s] Level 1:colcon.colcon_core.package_identification:_identify(path_generate/steven_gong/Raceline-Optimization/helper_funcs_glob) by extensions ['python_setup_py']
[0.226s] Level 1:colcon.colcon_core.package_identification:_identify(path_generate/steven_gong/Raceline-Optimization/helper_funcs_glob) by extension 'python_setup_py'
[0.226s] Level 1:colcon.colcon_core.package_identification:_identify(path_generate/steven_gong/Raceline-Optimization/helper_funcs_glob/src) by extensions ['ignore', 'ignore_ament_install']
[0.226s] Level 1:colcon.colcon_core.package_identification:_identify(path_generate/steven_gong/Raceline-Optimization/helper_funcs_glob/src) by extension 'ignore'
[0.226s] Level 1:colcon.colcon_core.package_identification:_identify(path_generate/steven_gong/Raceline-Optimization/helper_funcs_glob/src) by extension 'ignore_ament_install'
[0.226s] Level 1:colcon.colcon_core.package_identification:_identify(path_generate/steven_gong/Raceline-Optimization/helper_funcs_glob/src) by extensions ['colcon_pkg']
[0.226s] Level 1:colcon.colcon_core.package_identification:_identify(path_generate/steven_gong/Raceline-Optimization/helper_funcs_glob/src) by extension 'colcon_pkg'
[0.226s] Level 1:colcon.colcon_core.package_identification:_identify(path_generate/steven_gong/Raceline-Optimization/helper_funcs_glob/src) by extensions ['colcon_meta']
[0.226s] Level 1:colcon.colcon_core.package_identification:_identify(path_generate/steven_gong/Raceline-Optimization/helper_funcs_glob/src) by extension 'colcon_meta'
[0.226s] Level 1:colcon.colcon_core.package_identification:_identify(path_generate/steven_gong/Raceline-Optimization/helper_funcs_glob/src) by extensions ['ros']
[0.226s] Level 1:colcon.colcon_core.package_identification:_identify(path_generate/steven_gong/Raceline-Optimization/helper_funcs_glob/src) by extension 'ros'
[0.226s] Level 1:colcon.colcon_core.package_identification:_identify(path_generate/steven_gong/Raceline-Optimization/helper_funcs_glob/src) by extensions ['cmake', 'python']
[0.226s] Level 1:colcon.colcon_core.package_identification:_identify(path_generate/steven_gong/Raceline-Optimization/helper_funcs_glob/src) by extension 'cmake'
[0.226s] Level 1:colcon.colcon_core.package_identification:_identify(path_generate/steven_gong/Raceline-Optimization/helper_funcs_glob/src) by extension 'python'
[0.226s] Level 1:colcon.colcon_core.package_identification:_identify(path_generate/steven_gong/Raceline-Optimization/helper_funcs_glob/src) by extensions ['python_setup_py']
[0.226s] Level 1:colcon.colcon_core.package_identification:_identify(path_generate/steven_gong/Raceline-Optimization/helper_funcs_glob/src) by extension 'python_setup_py'
[0.226s] Level 1:colcon.colcon_core.package_identification:_identify(path_generate/steven_gong/Raceline-Optimization/inputs) by extensions ['ignore', 'ignore_ament_install']
[0.227s] Level 1:colcon.colcon_core.package_identification:_identify(path_generate/steven_gong/Raceline-Optimization/inputs) by extension 'ignore'
[0.227s] Level 1:colcon.colcon_core.package_identification:_identify(path_generate/steven_gong/Raceline-Optimization/inputs) by extension 'ignore_ament_install'
[0.227s] Level 1:colcon.colcon_core.package_identification:_identify(path_generate/steven_gong/Raceline-Optimization/inputs) by extensions ['colcon_pkg']
[0.227s] Level 1:colcon.colcon_core.package_identification:_identify(path_generate/steven_gong/Raceline-Optimization/inputs) by extension 'colcon_pkg'
[0.227s] Level 1:colcon.colcon_core.package_identification:_identify(path_generate/steven_gong/Raceline-Optimization/inputs) by extensions ['colcon_meta']
[0.227s] Level 1:colcon.colcon_core.package_identification:_identify(path_generate/steven_gong/Raceline-Optimization/inputs) by extension 'colcon_meta'
[0.227s] Level 1:colcon.colcon_core.package_identification:_identify(path_generate/steven_gong/Raceline-Optimization/inputs) by extensions ['ros']
[0.227s] Level 1:colcon.colcon_core.package_identification:_identify(path_generate/steven_gong/Raceline-Optimization/inputs) by extension 'ros'
[0.227s] Level 1:colcon.colcon_core.package_identification:_identify(path_generate/steven_gong/Raceline-Optimization/inputs) by extensions ['cmake', 'python']
[0.227s] Level 1:colcon.colcon_core.package_identification:_identify(path_generate/steven_gong/Raceline-Optimization/inputs) by extension 'cmake'
[0.227s] Level 1:colcon.colcon_core.package_identification:_identify(path_generate/steven_gong/Raceline-Optimization/inputs) by extension 'python'
[0.227s] Level 1:colcon.colcon_core.package_identification:_identify(path_generate/steven_gong/Raceline-Optimization/inputs) by extensions ['python_setup_py']
[0.227s] Level 1:colcon.colcon_core.package_identification:_identify(path_generate/steven_gong/Raceline-Optimization/inputs) by extension 'python_setup_py'
[0.227s] Level 1:colcon.colcon_core.package_identification:_identify(path_generate/steven_gong/Raceline-Optimization/inputs/frictionmaps) by extensions ['ignore', 'ignore_ament_install']
[0.227s] Level 1:colcon.colcon_core.package_identification:_identify(path_generate/steven_gong/Raceline-Optimization/inputs/frictionmaps) by extension 'ignore'
[0.227s] Level 1:colcon.colcon_core.package_identification:_identify(path_generate/steven_gong/Raceline-Optimization/inputs/frictionmaps) by extension 'ignore_ament_install'
[0.227s] Level 1:colcon.colcon_core.package_identification:_identify(path_generate/steven_gong/Raceline-Optimization/inputs/frictionmaps) by extensions ['colcon_pkg']
[0.227s] Level 1:colcon.colcon_core.package_identification:_identify(path_generate/steven_gong/Raceline-Optimization/inputs/frictionmaps) by extension 'colcon_pkg'
[0.227s] Level 1:colcon.colcon_core.package_identification:_identify(path_generate/steven_gong/Raceline-Optimization/inputs/frictionmaps) by extensions ['colcon_meta']
[0.227s] Level 1:colcon.colcon_core.package_identification:_identify(path_generate/steven_gong/Raceline-Optimization/inputs/frictionmaps) by extension 'colcon_meta'
[0.227s] Level 1:colcon.colcon_core.package_identification:_identify(path_generate/steven_gong/Raceline-Optimization/inputs/frictionmaps) by extensions ['ros']
[0.227s] Level 1:colcon.colcon_core.package_identification:_identify(path_generate/steven_gong/Raceline-Optimization/inputs/frictionmaps) by extension 'ros'
[0.227s] Level 1:colcon.colcon_core.package_identification:_identify(path_generate/steven_gong/Raceline-Optimization/inputs/frictionmaps) by extensions ['cmake', 'python']
[0.227s] Level 1:colcon.colcon_core.package_identification:_identify(path_generate/steven_gong/Raceline-Optimization/inputs/frictionmaps) by extension 'cmake'
[0.227s] Level 1:colcon.colcon_core.package_identification:_identify(path_generate/steven_gong/Raceline-Optimization/inputs/frictionmaps) by extension 'python'
[0.227s] Level 1:colcon.colcon_core.package_identification:_identify(path_generate/steven_gong/Raceline-Optimization/inputs/frictionmaps) by extensions ['python_setup_py']
[0.227s] Level 1:colcon.colcon_core.package_identification:_identify(path_generate/steven_gong/Raceline-Optimization/inputs/frictionmaps) by extension 'python_setup_py'
[0.227s] Level 1:colcon.colcon_core.package_identification:_identify(path_generate/steven_gong/Raceline-Optimization/inputs/tracks) by extensions ['ignore', 'ignore_ament_install']
[0.227s] Level 1:colcon.colcon_core.package_identification:_identify(path_generate/steven_gong/Raceline-Optimization/inputs/tracks) by extension 'ignore'
[0.227s] Level 1:colcon.colcon_core.package_identification:_identify(path_generate/steven_gong/Raceline-Optimization/inputs/tracks) by extension 'ignore_ament_install'
[0.227s] Level 1:colcon.colcon_core.package_identification:_identify(path_generate/steven_gong/Raceline-Optimization/inputs/tracks) by extensions ['colcon_pkg']
[0.227s] Level 1:colcon.colcon_core.package_identification:_identify(path_generate/steven_gong/Raceline-Optimization/inputs/tracks) by extension 'colcon_pkg'
[0.227s] Level 1:colcon.colcon_core.package_identification:_identify(path_generate/steven_gong/Raceline-Optimization/inputs/tracks) by extensions ['colcon_meta']
[0.227s] Level 1:colcon.colcon_core.package_identification:_identify(path_generate/steven_gong/Raceline-Optimization/inputs/tracks) by extension 'colcon_meta'
[0.227s] Level 1:colcon.colcon_core.package_identification:_identify(path_generate/steven_gong/Raceline-Optimization/inputs/tracks) by extensions ['ros']
[0.228s] Level 1:colcon.colcon_core.package_identification:_identify(path_generate/steven_gong/Raceline-Optimization/inputs/tracks) by extension 'ros'
[0.228s] Level 1:colcon.colcon_core.package_identification:_identify(path_generate/steven_gong/Raceline-Optimization/inputs/tracks) by extensions ['cmake', 'python']
[0.228s] Level 1:colcon.colcon_core.package_identification:_identify(path_generate/steven_gong/Raceline-Optimization/inputs/tracks) by extension 'cmake'
[0.228s] Level 1:colcon.colcon_core.package_identification:_identify(path_generate/steven_gong/Raceline-Optimization/inputs/tracks) by extension 'python'
[0.228s] Level 1:colcon.colcon_core.package_identification:_identify(path_generate/steven_gong/Raceline-Optimization/inputs/tracks) by extensions ['python_setup_py']
[0.228s] Level 1:colcon.colcon_core.package_identification:_identify(path_generate/steven_gong/Raceline-Optimization/inputs/tracks) by extension 'python_setup_py'
[0.228s] Level 1:colcon.colcon_core.package_identification:_identify(path_generate/steven_gong/Raceline-Optimization/inputs/veh_dyn_info) by extensions ['ignore', 'ignore_ament_install']
[0.228s] Level 1:colcon.colcon_core.package_identification:_identify(path_generate/steven_gong/Raceline-Optimization/inputs/veh_dyn_info) by extension 'ignore'
[0.228s] Level 1:colcon.colcon_core.package_identification:_identify(path_generate/steven_gong/Raceline-Optimization/inputs/veh_dyn_info) by extension 'ignore_ament_install'
[0.228s] Level 1:colcon.colcon_core.package_identification:_identify(path_generate/steven_gong/Raceline-Optimization/inputs/veh_dyn_info) by extensions ['colcon_pkg']
[0.228s] Level 1:colcon.colcon_core.package_identification:_identify(path_generate/steven_gong/Raceline-Optimization/inputs/veh_dyn_info) by extension 'colcon_pkg'
[0.228s] Level 1:colcon.colcon_core.package_identification:_identify(path_generate/steven_gong/Raceline-Optimization/inputs/veh_dyn_info) by extensions ['colcon_meta']
[0.228s] Level 1:colcon.colcon_core.package_identification:_identify(path_generate/steven_gong/Raceline-Optimization/inputs/veh_dyn_info) by extension 'colcon_meta'
[0.228s] Level 1:colcon.colcon_core.package_identification:_identify(path_generate/steven_gong/Raceline-Optimization/inputs/veh_dyn_info) by extensions ['ros']
[0.228s] Level 1:colcon.colcon_core.package_identification:_identify(path_generate/steven_gong/Raceline-Optimization/inputs/veh_dyn_info) by extension 'ros'
[0.228s] Level 1:colcon.colcon_core.package_identification:_identify(path_generate/steven_gong/Raceline-Optimization/inputs/veh_dyn_info) by extensions ['cmake', 'python']
[0.228s] Level 1:colcon.colcon_core.package_identification:_identify(path_generate/steven_gong/Raceline-Optimization/inputs/veh_dyn_info) by extension 'cmake'
[0.228s] Level 1:colcon.colcon_core.package_identification:_identify(path_generate/steven_gong/Raceline-Optimization/inputs/veh_dyn_info) by extension 'python'
[0.228s] Level 1:colcon.colcon_core.package_identification:_identify(path_generate/steven_gong/Raceline-Optimization/inputs/veh_dyn_info) by extensions ['python_setup_py']
[0.228s] Level 1:colcon.colcon_core.package_identification:_identify(path_generate/steven_gong/Raceline-Optimization/inputs/veh_dyn_info) by extension 'python_setup_py'
[0.228s] Level 1:colcon.colcon_core.package_identification:_identify(path_generate/steven_gong/Raceline-Optimization/maps) by extensions ['ignore', 'ignore_ament_install']
[0.228s] Level 1:colcon.colcon_core.package_identification:_identify(path_generate/steven_gong/Raceline-Optimization/maps) by extension 'ignore'
[0.228s] Level 1:colcon.colcon_core.package_identification:_identify(path_generate/steven_gong/Raceline-Optimization/maps) by extension 'ignore_ament_install'
[0.228s] Level 1:colcon.colcon_core.package_identification:_identify(path_generate/steven_gong/Raceline-Optimization/maps) by extensions ['colcon_pkg']
[0.228s] Level 1:colcon.colcon_core.package_identification:_identify(path_generate/steven_gong/Raceline-Optimization/maps) by extension 'colcon_pkg'
[0.228s] Level 1:colcon.colcon_core.package_identification:_identify(path_generate/steven_gong/Raceline-Optimization/maps) by extensions ['colcon_meta']
[0.228s] Level 1:colcon.colcon_core.package_identification:_identify(path_generate/steven_gong/Raceline-Optimization/maps) by extension 'colcon_meta'
[0.228s] Level 1:colcon.colcon_core.package_identification:_identify(path_generate/steven_gong/Raceline-Optimization/maps) by extensions ['ros']
[0.228s] Level 1:colcon.colcon_core.package_identification:_identify(path_generate/steven_gong/Raceline-Optimization/maps) by extension 'ros'
[0.228s] Level 1:colcon.colcon_core.package_identification:_identify(path_generate/steven_gong/Raceline-Optimization/maps) by extensions ['cmake', 'python']
[0.228s] Level 1:colcon.colcon_core.package_identification:_identify(path_generate/steven_gong/Raceline-Optimization/maps) by extension 'cmake'
[0.228s] Level 1:colcon.colcon_core.package_identification:_identify(path_generate/steven_gong/Raceline-Optimization/maps) by extension 'python'
[0.228s] Level 1:colcon.colcon_core.package_identification:_identify(path_generate/steven_gong/Raceline-Optimization/maps) by extensions ['python_setup_py']
[0.228s] Level 1:colcon.colcon_core.package_identification:_identify(path_generate/steven_gong/Raceline-Optimization/maps) by extension 'python_setup_py'
[0.228s] Level 1:colcon.colcon_core.package_identification:_identify(path_generate/steven_gong/Raceline-Optimization/opt_mintime_traj) by extensions ['ignore', 'ignore_ament_install']
[0.229s] Level 1:colcon.colcon_core.package_identification:_identify(path_generate/steven_gong/Raceline-Optimization/opt_mintime_traj) by extension 'ignore'
[0.229s] Level 1:colcon.colcon_core.package_identification:_identify(path_generate/steven_gong/Raceline-Optimization/opt_mintime_traj) by extension 'ignore_ament_install'
[0.229s] Level 1:colcon.colcon_core.package_identification:_identify(path_generate/steven_gong/Raceline-Optimization/opt_mintime_traj) by extensions ['colcon_pkg']
[0.229s] Level 1:colcon.colcon_core.package_identification:_identify(path_generate/steven_gong/Raceline-Optimization/opt_mintime_traj) by extension 'colcon_pkg'
[0.229s] Level 1:colcon.colcon_core.package_identification:_identify(path_generate/steven_gong/Raceline-Optimization/opt_mintime_traj) by extensions ['colcon_meta']
[0.229s] Level 1:colcon.colcon_core.package_identification:_identify(path_generate/steven_gong/Raceline-Optimization/opt_mintime_traj) by extension 'colcon_meta'
[0.229s] Level 1:colcon.colcon_core.package_identification:_identify(path_generate/steven_gong/Raceline-Optimization/opt_mintime_traj) by extensions ['ros']
[0.229s] Level 1:colcon.colcon_core.package_identification:_identify(path_generate/steven_gong/Raceline-Optimization/opt_mintime_traj) by extension 'ros'
[0.229s] Level 1:colcon.colcon_core.package_identification:_identify(path_generate/steven_gong/Raceline-Optimization/opt_mintime_traj) by extensions ['cmake', 'python']
[0.229s] Level 1:colcon.colcon_core.package_identification:_identify(path_generate/steven_gong/Raceline-Optimization/opt_mintime_traj) by extension 'cmake'
[0.229s] Level 1:colcon.colcon_core.package_identification:_identify(path_generate/steven_gong/Raceline-Optimization/opt_mintime_traj) by extension 'python'
[0.229s] Level 1:colcon.colcon_core.package_identification:_identify(path_generate/steven_gong/Raceline-Optimization/opt_mintime_traj) by extensions ['python_setup_py']
[0.229s] Level 1:colcon.colcon_core.package_identification:_identify(path_generate/steven_gong/Raceline-Optimization/opt_mintime_traj) by extension 'python_setup_py'
[0.229s] Level 1:colcon.colcon_core.package_identification:_identify(path_generate/steven_gong/Raceline-Optimization/opt_mintime_traj/powertrain_src) by extensions ['ignore', 'ignore_ament_install']
[0.229s] Level 1:colcon.colcon_core.package_identification:_identify(path_generate/steven_gong/Raceline-Optimization/opt_mintime_traj/powertrain_src) by extension 'ignore'
[0.229s] Level 1:colcon.colcon_core.package_identification:_identify(path_generate/steven_gong/Raceline-Optimization/opt_mintime_traj/powertrain_src) by extension 'ignore_ament_install'
[0.229s] Level 1:colcon.colcon_core.package_identification:_identify(path_generate/steven_gong/Raceline-Optimization/opt_mintime_traj/powertrain_src) by extensions ['colcon_pkg']
[0.229s] Level 1:colcon.colcon_core.package_identification:_identify(path_generate/steven_gong/Raceline-Optimization/opt_mintime_traj/powertrain_src) by extension 'colcon_pkg'
[0.229s] Level 1:colcon.colcon_core.package_identification:_identify(path_generate/steven_gong/Raceline-Optimization/opt_mintime_traj/powertrain_src) by extensions ['colcon_meta']
[0.229s] Level 1:colcon.colcon_core.package_identification:_identify(path_generate/steven_gong/Raceline-Optimization/opt_mintime_traj/powertrain_src) by extension 'colcon_meta'
[0.229s] Level 1:colcon.colcon_core.package_identification:_identify(path_generate/steven_gong/Raceline-Optimization/opt_mintime_traj/powertrain_src) by extensions ['ros']
[0.229s] Level 1:colcon.colcon_core.package_identification:_identify(path_generate/steven_gong/Raceline-Optimization/opt_mintime_traj/powertrain_src) by extension 'ros'
[0.229s] Level 1:colcon.colcon_core.package_identification:_identify(path_generate/steven_gong/Raceline-Optimization/opt_mintime_traj/powertrain_src) by extensions ['cmake', 'python']
[0.229s] Level 1:colcon.colcon_core.package_identification:_identify(path_generate/steven_gong/Raceline-Optimization/opt_mintime_traj/powertrain_src) by extension 'cmake'
[0.229s] Level 1:colcon.colcon_core.package_identification:_identify(path_generate/steven_gong/Raceline-Optimization/opt_mintime_traj/powertrain_src) by extension 'python'
[0.229s] Level 1:colcon.colcon_core.package_identification:_identify(path_generate/steven_gong/Raceline-Optimization/opt_mintime_traj/powertrain_src) by extensions ['python_setup_py']
[0.229s] Level 1:colcon.colcon_core.package_identification:_identify(path_generate/steven_gong/Raceline-Optimization/opt_mintime_traj/powertrain_src) by extension 'python_setup_py'
[0.229s] Level 1:colcon.colcon_core.package_identification:_identify(path_generate/steven_gong/Raceline-Optimization/opt_mintime_traj/powertrain_src/src) by extensions ['ignore', 'ignore_ament_install']
[0.229s] Level 1:colcon.colcon_core.package_identification:_identify(path_generate/steven_gong/Raceline-Optimization/opt_mintime_traj/powertrain_src/src) by extension 'ignore'
[0.229s] Level 1:colcon.colcon_core.package_identification:_identify(path_generate/steven_gong/Raceline-Optimization/opt_mintime_traj/powertrain_src/src) by extension 'ignore_ament_install'
[0.229s] Level 1:colcon.colcon_core.package_identification:_identify(path_generate/steven_gong/Raceline-Optimization/opt_mintime_traj/powertrain_src/src) by extensions ['colcon_pkg']
[0.229s] Level 1:colcon.colcon_core.package_identification:_identify(path_generate/steven_gong/Raceline-Optimization/opt_mintime_traj/powertrain_src/src) by extension 'colcon_pkg'
[0.229s] Level 1:colcon.colcon_core.package_identification:_identify(path_generate/steven_gong/Raceline-Optimization/opt_mintime_traj/powertrain_src/src) by extensions ['colcon_meta']
[0.229s] Level 1:colcon.colcon_core.package_identification:_identify(path_generate/steven_gong/Raceline-Optimization/opt_mintime_traj/powertrain_src/src) by extension 'colcon_meta'
[0.229s] Level 1:colcon.colcon_core.package_identification:_identify(path_generate/steven_gong/Raceline-Optimization/opt_mintime_traj/powertrain_src/src) by extensions ['ros']
[0.229s] Level 1:colcon.colcon_core.package_identification:_identify(path_generate/steven_gong/Raceline-Optimization/opt_mintime_traj/powertrain_src/src) by extension 'ros'
[0.229s] Level 1:colcon.colcon_core.package_identification:_identify(path_generate/steven_gong/Raceline-Optimization/opt_mintime_traj/powertrain_src/src) by extensions ['cmake', 'python']
[0.229s] Level 1:colcon.colcon_core.package_identification:_identify(path_generate/steven_gong/Raceline-Optimization/opt_mintime_traj/powertrain_src/src) by extension 'cmake'
[0.229s] Level 1:colcon.colcon_core.package_identification:_identify(path_generate/steven_gong/Raceline-Optimization/opt_mintime_traj/powertrain_src/src) by extension 'python'
[0.230s] Level 1:colcon.colcon_core.package_identification:_identify(path_generate/steven_gong/Raceline-Optimization/opt_mintime_traj/powertrain_src/src) by extensions ['python_setup_py']
[0.230s] Level 1:colcon.colcon_core.package_identification:_identify(path_generate/steven_gong/Raceline-Optimization/opt_mintime_traj/powertrain_src/src) by extension 'python_setup_py'
[0.230s] Level 1:colcon.colcon_core.package_identification:_identify(path_generate/steven_gong/Raceline-Optimization/opt_mintime_traj/src) by extensions ['ignore', 'ignore_ament_install']
[0.230s] Level 1:colcon.colcon_core.package_identification:_identify(path_generate/steven_gong/Raceline-Optimization/opt_mintime_traj/src) by extension 'ignore'
[0.230s] Level 1:colcon.colcon_core.package_identification:_identify(path_generate/steven_gong/Raceline-Optimization/opt_mintime_traj/src) by extension 'ignore_ament_install'
[0.230s] Level 1:colcon.colcon_core.package_identification:_identify(path_generate/steven_gong/Raceline-Optimization/opt_mintime_traj/src) by extensions ['colcon_pkg']
[0.230s] Level 1:colcon.colcon_core.package_identification:_identify(path_generate/steven_gong/Raceline-Optimization/opt_mintime_traj/src) by extension 'colcon_pkg'
[0.230s] Level 1:colcon.colcon_core.package_identification:_identify(path_generate/steven_gong/Raceline-Optimization/opt_mintime_traj/src) by extensions ['colcon_meta']
[0.230s] Level 1:colcon.colcon_core.package_identification:_identify(path_generate/steven_gong/Raceline-Optimization/opt_mintime_traj/src) by extension 'colcon_meta'
[0.230s] Level 1:colcon.colcon_core.package_identification:_identify(path_generate/steven_gong/Raceline-Optimization/opt_mintime_traj/src) by extensions ['ros']
[0.230s] Level 1:colcon.colcon_core.package_identification:_identify(path_generate/steven_gong/Raceline-Optimization/opt_mintime_traj/src) by extension 'ros'
[0.230s] Level 1:colcon.colcon_core.package_identification:_identify(path_generate/steven_gong/Raceline-Optimization/opt_mintime_traj/src) by extensions ['cmake', 'python']
[0.230s] Level 1:colcon.colcon_core.package_identification:_identify(path_generate/steven_gong/Raceline-Optimization/opt_mintime_traj/src) by extension 'cmake'
[0.230s] Level 1:colcon.colcon_core.package_identification:_identify(path_generate/steven_gong/Raceline-Optimization/opt_mintime_traj/src) by extension 'python'
[0.230s] Level 1:colcon.colcon_core.package_identification:_identify(path_generate/steven_gong/Raceline-Optimization/opt_mintime_traj/src) by extensions ['python_setup_py']
[0.230s] Level 1:colcon.colcon_core.package_identification:_identify(path_generate/steven_gong/Raceline-Optimization/opt_mintime_traj/src) by extension 'python_setup_py'
[0.230s] Level 1:colcon.colcon_core.package_identification:_identify(path_generate/steven_gong/Raceline-Optimization/params) by extensions ['ignore', 'ignore_ament_install']
[0.230s] Level 1:colcon.colcon_core.package_identification:_identify(path_generate/steven_gong/Raceline-Optimization/params) by extension 'ignore'
[0.230s] Level 1:colcon.colcon_core.package_identification:_identify(path_generate/steven_gong/Raceline-Optimization/params) by extension 'ignore_ament_install'
[0.230s] Level 1:colcon.colcon_core.package_identification:_identify(path_generate/steven_gong/Raceline-Optimization/params) by extensions ['colcon_pkg']
[0.230s] Level 1:colcon.colcon_core.package_identification:_identify(path_generate/steven_gong/Raceline-Optimization/params) by extension 'colcon_pkg'
[0.230s] Level 1:colcon.colcon_core.package_identification:_identify(path_generate/steven_gong/Raceline-Optimization/params) by extensions ['colcon_meta']
[0.230s] Level 1:colcon.colcon_core.package_identification:_identify(path_generate/steven_gong/Raceline-Optimization/params) by extension 'colcon_meta'
[0.230s] Level 1:colcon.colcon_core.package_identification:_identify(path_generate/steven_gong/Raceline-Optimization/params) by extensions ['ros']
[0.230s] Level 1:colcon.colcon_core.package_identification:_identify(path_generate/steven_gong/Raceline-Optimization/params) by extension 'ros'
[0.230s] Level 1:colcon.colcon_core.package_identification:_identify(path_generate/steven_gong/Raceline-Optimization/params) by extensions ['cmake', 'python']
[0.230s] Level 1:colcon.colcon_core.package_identification:_identify(path_generate/steven_gong/Raceline-Optimization/params) by extension 'cmake'
[0.230s] Level 1:colcon.colcon_core.package_identification:_identify(path_generate/steven_gong/Raceline-Optimization/params) by extension 'python'
[0.230s] Level 1:colcon.colcon_core.package_identification:_identify(path_generate/steven_gong/Raceline-Optimization/params) by extensions ['python_setup_py']
[0.230s] Level 1:colcon.colcon_core.package_identification:_identify(path_generate/steven_gong/Raceline-Optimization/params) by extension 'python_setup_py'
[0.230s] Level 1:colcon.colcon_core.package_identification:_identify(src) by extensions ['ignore', 'ignore_ament_install']
[0.230s] Level 1:colcon.colcon_core.package_identification:_identify(src) by extension 'ignore'
[0.230s] Level 1:colcon.colcon_core.package_identification:_identify(src) by extension 'ignore_ament_install'
[0.230s] Level 1:colcon.colcon_core.package_identification:_identify(src) by extensions ['colcon_pkg']
[0.230s] Level 1:colcon.colcon_core.package_identification:_identify(src) by extension 'colcon_pkg'
[0.230s] Level 1:colcon.colcon_core.package_identification:_identify(src) by extensions ['colcon_meta']
[0.230s] Level 1:colcon.colcon_core.package_identification:_identify(src) by extension 'colcon_meta'
[0.230s] Level 1:colcon.colcon_core.package_identification:_identify(src) by extensions ['ros']
[0.230s] Level 1:colcon.colcon_core.package_identification:_identify(src) by extension 'ros'
[0.231s] Level 1:colcon.colcon_core.package_identification:_identify(src) by extensions ['cmake', 'python']
[0.231s] Level 1:colcon.colcon_core.package_identification:_identify(src) by extension 'cmake'
[0.231s] Level 1:colcon.colcon_core.package_identification:_identify(src) by extension 'python'
[0.231s] Level 1:colcon.colcon_core.package_identification:_identify(src) by extensions ['python_setup_py']
[0.231s] Level 1:colcon.colcon_core.package_identification:_identify(src) by extension 'python_setup_py'
[0.231s] Level 1:colcon.colcon_core.package_identification:_identify(src/Nonlinear_MPCC_for_autonomous_racing) by extensions ['ignore', 'ignore_ament_install']
[0.231s] Level 1:colcon.colcon_core.package_identification:_identify(src/Nonlinear_MPCC_for_autonomous_racing) by extension 'ignore'
[0.231s] Level 1:colcon.colcon_core.package_identification:_identify(src/Nonlinear_MPCC_for_autonomous_racing) by extension 'ignore_ament_install'
[0.231s] Level 1:colcon.colcon_core.package_identification:_identify(src/Nonlinear_MPCC_for_autonomous_racing) by extensions ['colcon_pkg']
[0.231s] Level 1:colcon.colcon_core.package_identification:_identify(src/Nonlinear_MPCC_for_autonomous_racing) by extension 'colcon_pkg'
[0.231s] Level 1:colcon.colcon_core.package_identification:_identify(src/Nonlinear_MPCC_for_autonomous_racing) by extensions ['colcon_meta']
[0.231s] Level 1:colcon.colcon_core.package_identification:_identify(src/Nonlinear_MPCC_for_autonomous_racing) by extension 'colcon_meta'
[0.231s] Level 1:colcon.colcon_core.package_identification:_identify(src/Nonlinear_MPCC_for_autonomous_racing) by extensions ['ros']
[0.231s] Level 1:colcon.colcon_core.package_identification:_identify(src/Nonlinear_MPCC_for_autonomous_racing) by extension 'ros'
[0.231s] Level 1:colcon.colcon_core.package_identification:_identify(src/Nonlinear_MPCC_for_autonomous_racing) by extensions ['cmake', 'python']
[0.231s] Level 1:colcon.colcon_core.package_identification:_identify(src/Nonlinear_MPCC_for_autonomous_racing) by extension 'cmake'
[0.231s] Level 1:colcon.colcon_core.package_identification:_identify(src/Nonlinear_MPCC_for_autonomous_racing) by extension 'python'
[0.231s] Level 1:colcon.colcon_core.package_identification:_identify(src/Nonlinear_MPCC_for_autonomous_racing) by extensions ['python_setup_py']
[0.231s] Level 1:colcon.colcon_core.package_identification:_identify(src/Nonlinear_MPCC_for_autonomous_racing) by extension 'python_setup_py'
[0.231s] Level 1:colcon.colcon_core.package_identification:_identify(src/Nonlinear_MPCC_for_autonomous_racing/nonlinear_mpc_casadi) by extensions ['ignore', 'ignore_ament_install']
[0.231s] Level 1:colcon.colcon_core.package_identification:_identify(src/Nonlinear_MPCC_for_autonomous_racing/nonlinear_mpc_casadi) by extension 'ignore'
[0.231s] Level 1:colcon.colcon_core.package_identification:_identify(src/Nonlinear_MPCC_for_autonomous_racing/nonlinear_mpc_casadi) by extension 'ignore_ament_install'
[0.231s] Level 1:colcon.colcon_core.package_identification:_identify(src/Nonlinear_MPCC_for_autonomous_racing/nonlinear_mpc_casadi) by extensions ['colcon_pkg']
[0.231s] Level 1:colcon.colcon_core.package_identification:_identify(src/Nonlinear_MPCC_for_autonomous_racing/nonlinear_mpc_casadi) by extension 'colcon_pkg'
[0.231s] Level 1:colcon.colcon_core.package_identification:_identify(src/Nonlinear_MPCC_for_autonomous_racing/nonlinear_mpc_casadi) by extensions ['colcon_meta']
[0.231s] Level 1:colcon.colcon_core.package_identification:_identify(src/Nonlinear_MPCC_for_autonomous_racing/nonlinear_mpc_casadi) by extension 'colcon_meta'
[0.231s] Level 1:colcon.colcon_core.package_identification:_identify(src/Nonlinear_MPCC_for_autonomous_racing/nonlinear_mpc_casadi) by extensions ['ros']
[0.231s] Level 1:colcon.colcon_core.package_identification:_identify(src/Nonlinear_MPCC_for_autonomous_racing/nonlinear_mpc_casadi) by extension 'ros'
[0.233s] DEBUG:colcon.colcon_core.package_identification:Package 'src/Nonlinear_MPCC_for_autonomous_racing/nonlinear_mpc_casadi' with type 'ros.ament_cmake' and name 'nonlinear_mpc_casadi'
[0.233s] Level 1:colcon.colcon_core.package_identification:_identify(src/bound_obstacle_detector) by extensions ['ignore', 'ignore_ament_install']
[0.233s] Level 1:colcon.colcon_core.package_identification:_identify(src/bound_obstacle_detector) by extension 'ignore'
[0.233s] Level 1:colcon.colcon_core.package_identification:_identify(src/bound_obstacle_detector) by extension 'ignore_ament_install'
[0.233s] Level 1:colcon.colcon_core.package_identification:_identify(src/bound_obstacle_detector) by extensions ['colcon_pkg']
[0.233s] Level 1:colcon.colcon_core.package_identification:_identify(src/bound_obstacle_detector) by extension 'colcon_pkg'
[0.233s] Level 1:colcon.colcon_core.package_identification:_identify(src/bound_obstacle_detector) by extensions ['colcon_meta']
[0.233s] Level 1:colcon.colcon_core.package_identification:_identify(src/bound_obstacle_detector) by extension 'colcon_meta'
[0.233s] Level 1:colcon.colcon_core.package_identification:_identify(src/bound_obstacle_detector) by extensions ['ros']
[0.233s] Level 1:colcon.colcon_core.package_identification:_identify(src/bound_obstacle_detector) by extension 'ros'
[0.234s] DEBUG:colcon.colcon_core.package_identification:Package 'src/bound_obstacle_detector' with type 'ros.ament_python' and name 'bound_obstacle_detector'
[0.234s] Level 1:colcon.colcon_core.package_identification:_identify(src/bubble_memory) by extensions ['ignore', 'ignore_ament_install']
[0.234s] Level 1:colcon.colcon_core.package_identification:_identify(src/bubble_memory) by extension 'ignore'
[0.234s] Level 1:colcon.colcon_core.package_identification:_identify(src/bubble_memory) by extension 'ignore_ament_install'
[0.234s] Level 1:colcon.colcon_core.package_identification:_identify(src/bubble_memory) by extensions ['colcon_pkg']
[0.234s] Level 1:colcon.colcon_core.package_identification:_identify(src/bubble_memory) by extension 'colcon_pkg'
[0.234s] Level 1:colcon.colcon_core.package_identification:_identify(src/bubble_memory) by extensions ['colcon_meta']
[0.234s] Level 1:colcon.colcon_core.package_identification:_identify(src/bubble_memory) by extension 'colcon_meta'
[0.234s] Level 1:colcon.colcon_core.package_identification:_identify(src/bubble_memory) by extensions ['ros']
[0.234s] Level 1:colcon.colcon_core.package_identification:_identify(src/bubble_memory) by extension 'ros'
[0.235s] DEBUG:colcon.colcon_core.package_identification:Package 'src/bubble_memory' with type 'ros.ament_python' and name 'bubble_memory'
[0.235s] Level 1:colcon.colcon_core.package_identification:_identify(src/centerline_planner) by extensions ['ignore', 'ignore_ament_install']
[0.235s] Level 1:colcon.colcon_core.package_identification:_identify(src/centerline_planner) by extension 'ignore'
[0.235s] Level 1:colcon.colcon_core.package_identification:_identify(src/centerline_planner) by extension 'ignore_ament_install'
[0.235s] Level 1:colcon.colcon_core.package_identification:_identify(src/centerline_planner) by extensions ['colcon_pkg']
[0.235s] Level 1:colcon.colcon_core.package_identification:_identify(src/centerline_planner) by extension 'colcon_pkg'
[0.235s] Level 1:colcon.colcon_core.package_identification:_identify(src/centerline_planner) by extensions ['colcon_meta']
[0.235s] Level 1:colcon.colcon_core.package_identification:_identify(src/centerline_planner) by extension 'colcon_meta'
[0.235s] Level 1:colcon.colcon_core.package_identification:_identify(src/centerline_planner) by extensions ['ros']
[0.235s] Level 1:colcon.colcon_core.package_identification:_identify(src/centerline_planner) by extension 'ros'
[0.235s] DEBUG:colcon.colcon_core.package_identification:Package 'src/centerline_planner' with type 'ros.ament_python' and name 'centerline_planner'
[0.235s] Level 1:colcon.colcon_core.package_identification:_identify(src/csv_obstacle) by extensions ['ignore', 'ignore_ament_install']
[0.236s] Level 1:colcon.colcon_core.package_identification:_identify(src/csv_obstacle) by extension 'ignore'
[0.236s] Level 1:colcon.colcon_core.package_identification:_identify(src/csv_obstacle) by extension 'ignore_ament_install'
[0.236s] Level 1:colcon.colcon_core.package_identification:_identify(src/csv_obstacle) by extensions ['colcon_pkg']
[0.236s] Level 1:colcon.colcon_core.package_identification:_identify(src/csv_obstacle) by extension 'colcon_pkg'
[0.236s] Level 1:colcon.colcon_core.package_identification:_identify(src/csv_obstacle) by extensions ['colcon_meta']
[0.236s] Level 1:colcon.colcon_core.package_identification:_identify(src/csv_obstacle) by extension 'colcon_meta'
[0.236s] Level 1:colcon.colcon_core.package_identification:_identify(src/csv_obstacle) by extensions ['ros']
[0.236s] Level 1:colcon.colcon_core.package_identification:_identify(src/csv_obstacle) by extension 'ros'
[0.236s] DEBUG:colcon.colcon_core.package_identification:Package 'src/csv_obstacle' with type 'ros.ament_python' and name 'csv_obstacle'
[0.236s] Level 1:colcon.colcon_core.package_identification:_identify(src/disparity_autodrive) by extensions ['ignore', 'ignore_ament_install']
[0.236s] Level 1:colcon.colcon_core.package_identification:_identify(src/disparity_autodrive) by extension 'ignore'
[0.236s] Level 1:colcon.colcon_core.package_identification:_identify(src/disparity_autodrive) by extension 'ignore_ament_install'
[0.236s] Level 1:colcon.colcon_core.package_identification:_identify(src/disparity_autodrive) by extensions ['colcon_pkg']
[0.236s] Level 1:colcon.colcon_core.package_identification:_identify(src/disparity_autodrive) by extension 'colcon_pkg'
[0.236s] Level 1:colcon.colcon_core.package_identification:_identify(src/disparity_autodrive) by extensions ['colcon_meta']
[0.236s] Level 1:colcon.colcon_core.package_identification:_identify(src/disparity_autodrive) by extension 'colcon_meta'
[0.236s] Level 1:colcon.colcon_core.package_identification:_identify(src/disparity_autodrive) by extensions ['ros']
[0.236s] Level 1:colcon.colcon_core.package_identification:_identify(src/disparity_autodrive) by extension 'ros'
[0.237s] DEBUG:colcon.colcon_core.package_identification:Package 'src/disparity_autodrive' with type 'ros.ament_cmake' and name 'disparity_autodrive'
[0.237s] Level 1:colcon.colcon_core.package_identification:_identify(src/f1tenth_gym_ros) by extensions ['ignore', 'ignore_ament_install']
[0.237s] Level 1:colcon.colcon_core.package_identification:_identify(src/f1tenth_gym_ros) by extension 'ignore'
[0.237s] Level 1:colcon.colcon_core.package_identification:_identify(src/f1tenth_gym_ros) by extension 'ignore_ament_install'
[0.237s] Level 1:colcon.colcon_core.package_identification:_identify(src/f1tenth_gym_ros) by extensions ['colcon_pkg']
[0.237s] Level 1:colcon.colcon_core.package_identification:_identify(src/f1tenth_gym_ros) by extension 'colcon_pkg'
[0.237s] Level 1:colcon.colcon_core.package_identification:_identify(src/f1tenth_gym_ros) by extensions ['colcon_meta']
[0.237s] Level 1:colcon.colcon_core.package_identification:_identify(src/f1tenth_gym_ros) by extension 'colcon_meta'
[0.237s] Level 1:colcon.colcon_core.package_identification:_identify(src/f1tenth_gym_ros) by extensions ['ros']
[0.237s] Level 1:colcon.colcon_core.package_identification:_identify(src/f1tenth_gym_ros) by extension 'ros'
[0.238s] DEBUG:colcon.colcon_core.package_identification:Package 'src/f1tenth_gym_ros' with type 'ros.ament_python' and name 'f1tenth_gym_ros'
[0.238s] Level 1:colcon.colcon_core.package_identification:_identify(src/key_teleop) by extensions ['ignore', 'ignore_ament_install']
[0.238s] Level 1:colcon.colcon_core.package_identification:_identify(src/key_teleop) by extension 'ignore'
[0.238s] Level 1:colcon.colcon_core.package_identification:_identify(src/key_teleop) by extension 'ignore_ament_install'
[0.238s] Level 1:colcon.colcon_core.package_identification:_identify(src/key_teleop) by extensions ['colcon_pkg']
[0.238s] Level 1:colcon.colcon_core.package_identification:_identify(src/key_teleop) by extension 'colcon_pkg'
[0.238s] Level 1:colcon.colcon_core.package_identification:_identify(src/key_teleop) by extensions ['colcon_meta']
[0.238s] Level 1:colcon.colcon_core.package_identification:_identify(src/key_teleop) by extension 'colcon_meta'
[0.238s] Level 1:colcon.colcon_core.package_identification:_identify(src/key_teleop) by extensions ['ros']
[0.238s] Level 1:colcon.colcon_core.package_identification:_identify(src/key_teleop) by extension 'ros'
[0.238s] DEBUG:colcon.colcon_core.package_identification:Package 'src/key_teleop' with type 'ros.ament_cmake' and name 'key_teleop'
[0.238s] Level 1:colcon.colcon_core.package_discovery:discover_packages(recursive) using defaults
[0.238s] Level 1:colcon.colcon_core.package_discovery:discover_packages(ignore) discover
[0.238s] Level 1:colcon.colcon_core.package_discovery:discover_packages(ignore) using defaults
[0.238s] Level 1:colcon.colcon_core.package_discovery:discover_packages(path) discover
[0.238s] Level 1:colcon.colcon_core.package_discovery:discover_packages(path) using defaults
[0.255s] Level 1:colcon.colcon_core.package_discovery:discover_packages(prefix_path) check parameters
[0.255s] Level 1:colcon.colcon_core.package_discovery:discover_packages(prefix_path) discover
[0.256s] DEBUG:colcon.colcon_installed_package_information.package_discovery:Found 9 installed packages in /home/moon/sim_ws/install
[0.257s] DEBUG:colcon.colcon_installed_package_information.package_discovery:Found 293 installed packages in /opt/ros/foxy
[0.258s] Level 1:colcon.colcon_core.package_discovery:discover_packages(prefix_path) using defaults
[0.289s] Level 5:colcon.colcon_core.verb:set package 'bound_obstacle_detector' build argument 'cmake_args' from command line to 'None'
[0.289s] Level 5:colcon.colcon_core.verb:set package 'bound_obstacle_detector' build argument 'cmake_target' from command line to 'None'
[0.289s] Level 5:colcon.colcon_core.verb:set package 'bound_obstacle_detector' build argument 'cmake_target_skip_unavailable' from command line to 'False'
[0.289s] Level 5:colcon.colcon_core.verb:set package 'bound_obstacle_detector' build argument 'cmake_clean_cache' from command line to 'False'
[0.289s] Level 5:colcon.colcon_core.verb:set package 'bound_obstacle_detector' build argument 'cmake_clean_first' from command line to 'False'
[0.289s] Level 5:colcon.colcon_core.verb:set package 'bound_obstacle_detector' build argument 'cmake_force_configure' from command line to 'False'
[0.289s] Level 5:colcon.colcon_core.verb:set package 'bound_obstacle_detector' build argument 'ament_cmake_args' from command line to 'None'
[0.289s] Level 5:colcon.colcon_core.verb:set package 'bound_obstacle_detector' build argument 'catkin_cmake_args' from command line to 'None'
[0.289s] Level 5:colcon.colcon_core.verb:set package 'bound_obstacle_detector' build argument 'catkin_skip_building_tests' from command line to 'False'
[0.289s] DEBUG:colcon.colcon_core.verb:Building package 'bound_obstacle_detector' with the following arguments: {'ament_cmake_args': None, 'build_base': '/home/moon/sim_ws/build/bound_obstacle_detector', 'catkin_cmake_args': None, 'catkin_skip_building_tests': False, 'cmake_args': None, 'cmake_clean_cache': False, 'cmake_clean_first': False, 'cmake_force_configure': False, 'cmake_target': None, 'cmake_target_skip_unavailable': False, 'install_base': '/home/moon/sim_ws/install/bound_obstacle_detector', 'merge_install': False, 'path': '/home/moon/sim_ws/src/bound_obstacle_detector', 'symlink_install': False, 'test_result_base': None}
[0.289s] Level 5:colcon.colcon_core.verb:set package 'bubble_memory' build argument 'cmake_args' from command line to 'None'
[0.289s] Level 5:colcon.colcon_core.verb:set package 'bubble_memory' build argument 'cmake_target' from command line to 'None'
[0.289s] Level 5:colcon.colcon_core.verb:set package 'bubble_memory' build argument 'cmake_target_skip_unavailable' from command line to 'False'
[0.289s] Level 5:colcon.colcon_core.verb:set package 'bubble_memory' build argument 'cmake_clean_cache' from command line to 'False'
[0.289s] Level 5:colcon.colcon_core.verb:set package 'bubble_memory' build argument 'cmake_clean_first' from command line to 'False'
[0.289s] Level 5:colcon.colcon_core.verb:set package 'bubble_memory' build argument 'cmake_force_configure' from command line to 'False'
[0.289s] Level 5:colcon.colcon_core.verb:set package 'bubble_memory' build argument 'ament_cmake_args' from command line to 'None'
[0.289s] Level 5:colcon.colcon_core.verb:set package 'bubble_memory' build argument 'catkin_cmake_args' from command line to 'None'
[0.289s] Level 5:colcon.colcon_core.verb:set package 'bubble_memory' build argument 'catkin_skip_building_tests' from command line to 'False'
[0.289s] DEBUG:colcon.colcon_core.verb:Building package 'bubble_memory' with the following arguments: {'ament_cmake_args': None, 'build_base': '/home/moon/sim_ws/build/bubble_memory', 'catkin_cmake_args': None, 'catkin_skip_building_tests': False, 'cmake_args': None, 'cmake_clean_cache': False, 'cmake_clean_first': False, 'cmake_force_configure': False, 'cmake_target': None, 'cmake_target_skip_unavailable': False, 'install_base': '/home/moon/sim_ws/install/bubble_memory', 'merge_install': False, 'path': '/home/moon/sim_ws/src/bubble_memory', 'symlink_install': False, 'test_result_base': None}
[0.289s] Level 5:colcon.colcon_core.verb:set package 'centerline_planner' build argument 'cmake_args' from command line to 'None'
[0.289s] Level 5:colcon.colcon_core.verb:set package 'centerline_planner' build argument 'cmake_target' from command line to 'None'
[0.289s] Level 5:colcon.colcon_core.verb:set package 'centerline_planner' build argument 'cmake_target_skip_unavailable' from command line to 'False'
[0.289s] Level 5:colcon.colcon_core.verb:set package 'centerline_planner' build argument 'cmake_clean_cache' from command line to 'False'
[0.289s] Level 5:colcon.colcon_core.verb:set package 'centerline_planner' build argument 'cmake_clean_first' from command line to 'False'
[0.289s] Level 5:colcon.colcon_core.verb:set package 'centerline_planner' build argument 'cmake_force_configure' from command line to 'False'
[0.289s] Level 5:colcon.colcon_core.verb:set package 'centerline_planner' build argument 'ament_cmake_args' from command line to 'None'
[0.289s] Level 5:colcon.colcon_core.verb:set package 'centerline_planner' build argument 'catkin_cmake_args' from command line to 'None'
[0.289s] Level 5:colcon.colcon_core.verb:set package 'centerline_planner' build argument 'catkin_skip_building_tests' from command line to 'False'
[0.289s] DEBUG:colcon.colcon_core.verb:Building package 'centerline_planner' with the following arguments: {'ament_cmake_args': None, 'build_base': '/home/moon/sim_ws/build/centerline_planner', 'catkin_cmake_args': None, 'catkin_skip_building_tests': False, 'cmake_args': None, 'cmake_clean_cache': False, 'cmake_clean_first': False, 'cmake_force_configure': False, 'cmake_target': None, 'cmake_target_skip_unavailable': False, 'install_base': '/home/moon/sim_ws/install/centerline_planner', 'merge_install': False, 'path': '/home/moon/sim_ws/src/centerline_planner', 'symlink_install': False, 'test_result_base': None}
[0.290s] Level 5:colcon.colcon_core.verb:set package 'csv_obstacle' build argument 'cmake_args' from command line to 'None'
[0.290s] Level 5:colcon.colcon_core.verb:set package 'csv_obstacle' build argument 'cmake_target' from command line to 'None'
[0.290s] Level 5:colcon.colcon_core.verb:set package 'csv_obstacle' build argument 'cmake_target_skip_unavailable' from command line to 'False'
[0.290s] Level 5:colcon.colcon_core.verb:set package 'csv_obstacle' build argument 'cmake_clean_cache' from command line to 'False'
[0.290s] Level 5:colcon.colcon_core.verb:set package 'csv_obstacle' build argument 'cmake_clean_first' from command line to 'False'
[0.290s] Level 5:colcon.colcon_core.verb:set package 'csv_obstacle' build argument 'cmake_force_configure' from command line to 'False'
[0.290s] Level 5:colcon.colcon_core.verb:set package 'csv_obstacle' build argument 'ament_cmake_args' from command line to 'None'
[0.290s] Level 5:colcon.colcon_core.verb:set package 'csv_obstacle' build argument 'catkin_cmake_args' from command line to 'None'
[0.290s] Level 5:colcon.colcon_core.verb:set package 'csv_obstacle' build argument 'catkin_skip_building_tests' from command line to 'False'
[0.290s] DEBUG:colcon.colcon_core.verb:Building package 'csv_obstacle' with the following arguments: {'ament_cmake_args': None, 'build_base': '/home/moon/sim_ws/build/csv_obstacle', 'catkin_cmake_args': None, 'catkin_skip_building_tests': False, 'cmake_args': None, 'cmake_clean_cache': False, 'cmake_clean_first': False, 'cmake_force_configure': False, 'cmake_target': None, 'cmake_target_skip_unavailable': False, 'install_base': '/home/moon/sim_ws/install/csv_obstacle', 'merge_install': False, 'path': '/home/moon/sim_ws/src/csv_obstacle', 'symlink_install': False, 'test_result_base': None}
[0.290s] Level 5:colcon.colcon_core.verb:set package 'disparity_autodrive' build argument 'cmake_args' from command line to 'None'
[0.290s] Level 5:colcon.colcon_core.verb:set package 'disparity_autodrive' build argument 'cmake_target' from command line to 'None'
[0.290s] Level 5:colcon.colcon_core.verb:set package 'disparity_autodrive' build argument 'cmake_target_skip_unavailable' from command line to 'False'
[0.290s] Level 5:colcon.colcon_core.verb:set package 'disparity_autodrive' build argument 'cmake_clean_cache' from command line to 'False'
[0.290s] Level 5:colcon.colcon_core.verb:set package 'disparity_autodrive' build argument 'cmake_clean_first' from command line to 'False'
[0.290s] Level 5:colcon.colcon_core.verb:set package 'disparity_autodrive' build argument 'cmake_force_configure' from command line to 'False'
[0.290s] Level 5:colcon.colcon_core.verb:set package 'disparity_autodrive' build argument 'ament_cmake_args' from command line to 'None'
[0.290s] Level 5:colcon.colcon_core.verb:set package 'disparity_autodrive' build argument 'catkin_cmake_args' from command line to 'None'
[0.290s] Level 5:colcon.colcon_core.verb:set package 'disparity_autodrive' build argument 'catkin_skip_building_tests' from command line to 'False'
[0.290s] DEBUG:colcon.colcon_core.verb:Building package 'disparity_autodrive' with the following arguments: {'ament_cmake_args': None, 'build_base': '/home/moon/sim_ws/build/disparity_autodrive', 'catkin_cmake_args': None, 'catkin_skip_building_tests': False, 'cmake_args': None, 'cmake_clean_cache': False, 'cmake_clean_first': False, 'cmake_force_configure': False, 'cmake_target': None, 'cmake_target_skip_unavailable': False, 'install_base': '/home/moon/sim_ws/install/disparity_autodrive', 'merge_install': False, 'path': '/home/moon/sim_ws/src/disparity_autodrive', 'symlink_install': False, 'test_result_base': None}
[0.290s] Level 5:colcon.colcon_core.verb:set package 'f1tenth_gym_ros' build argument 'cmake_args' from command line to 'None'
[0.290s] Level 5:colcon.colcon_core.verb:set package 'f1tenth_gym_ros' build argument 'cmake_target' from command line to 'None'
[0.290s] Level 5:colcon.colcon_core.verb:set package 'f1tenth_gym_ros' build argument 'cmake_target_skip_unavailable' from command line to 'False'
[0.290s] Level 5:colcon.colcon_core.verb:set package 'f1tenth_gym_ros' build argument 'cmake_clean_cache' from command line to 'False'
[0.290s] Level 5:colcon.colcon_core.verb:set package 'f1tenth_gym_ros' build argument 'cmake_clean_first' from command line to 'False'
[0.290s] Level 5:colcon.colcon_core.verb:set package 'f1tenth_gym_ros' build argument 'cmake_force_configure' from command line to 'False'
[0.290s] Level 5:colcon.colcon_core.verb:set package 'f1tenth_gym_ros' build argument 'ament_cmake_args' from command line to 'None'
[0.290s] Level 5:colcon.colcon_core.verb:set package 'f1tenth_gym_ros' build argument 'catkin_cmake_args' from command line to 'None'
[0.290s] Level 5:colcon.colcon_core.verb:set package 'f1tenth_gym_ros' build argument 'catkin_skip_building_tests' from command line to 'False'
[0.290s] DEBUG:colcon.colcon_core.verb:Building package 'f1tenth_gym_ros' with the following arguments: {'ament_cmake_args': None, 'build_base': '/home/moon/sim_ws/build/f1tenth_gym_ros', 'catkin_cmake_args': None, 'catkin_skip_building_tests': False, 'cmake_args': None, 'cmake_clean_cache': False, 'cmake_clean_first': False, 'cmake_force_configure': False, 'cmake_target': None, 'cmake_target_skip_unavailable': False, 'install_base': '/home/moon/sim_ws/install/f1tenth_gym_ros', 'merge_install': False, 'path': '/home/moon/sim_ws/src/f1tenth_gym_ros', 'symlink_install': False, 'test_result_base': None}
[0.290s] Level 5:colcon.colcon_core.verb:set package 'key_teleop' build argument 'cmake_args' from command line to 'None'
[0.290s] Level 5:colcon.colcon_core.verb:set package 'key_teleop' build argument 'cmake_target' from command line to 'None'
[0.290s] Level 5:colcon.colcon_core.verb:set package 'key_teleop' build argument 'cmake_target_skip_unavailable' from command line to 'False'
[0.290s] Level 5:colcon.colcon_core.verb:set package 'key_teleop' build argument 'cmake_clean_cache' from command line to 'False'
[0.290s] Level 5:colcon.colcon_core.verb:set package 'key_teleop' build argument 'cmake_clean_first' from command line to 'False'
[0.290s] Level 5:colcon.colcon_core.verb:set package 'key_teleop' build argument 'cmake_force_configure' from command line to 'False'
[0.290s] Level 5:colcon.colcon_core.verb:set package 'key_teleop' build argument 'ament_cmake_args' from command line to 'None'
[0.290s] Level 5:colcon.colcon_core.verb:set package 'key_teleop' build argument 'catkin_cmake_args' from command line to 'None'
[0.290s] Level 5:colcon.colcon_core.verb:set package 'key_teleop' build argument 'catkin_skip_building_tests' from command line to 'False'
[0.290s] DEBUG:colcon.colcon_core.verb:Building package 'key_teleop' with the following arguments: {'ament_cmake_args': None, 'build_base': '/home/moon/sim_ws/build/key_teleop', 'catkin_cmake_args': None, 'catkin_skip_building_tests': False, 'cmake_args': None, 'cmake_clean_cache': False, 'cmake_clean_first': False, 'cmake_force_configure': False, 'cmake_target': None, 'cmake_target_skip_unavailable': False, 'install_base': '/home/moon/sim_ws/install/key_teleop', 'merge_install': False, 'path': '/home/moon/sim_ws/src/key_teleop', 'symlink_install': False, 'test_result_base': None}
[0.291s] Level 5:colcon.colcon_core.verb:set package 'nonlinear_mpc_casadi' build argument 'cmake_args' from command line to 'None'
[0.291s] Level 5:colcon.colcon_core.verb:set package 'nonlinear_mpc_casadi' build argument 'cmake_target' from command line to 'None'
[0.291s] Level 5:colcon.colcon_core.verb:set package 'nonlinear_mpc_casadi' build argument 'cmake_target_skip_unavailable' from command line to 'False'
[0.291s] Level 5:colcon.colcon_core.verb:set package 'nonlinear_mpc_casadi' build argument 'cmake_clean_cache' from command line to 'False'
[0.291s] Level 5:colcon.colcon_core.verb:set package 'nonlinear_mpc_casadi' build argument 'cmake_clean_first' from command line to 'False'
[0.291s] Level 5:colcon.colcon_core.verb:set package 'nonlinear_mpc_casadi' build argument 'cmake_force_configure' from command line to 'False'
[0.291s] Level 5:colcon.colcon_core.verb:set package 'nonlinear_mpc_casadi' build argument 'ament_cmake_args' from command line to 'None'
[0.291s] Level 5:colcon.colcon_core.verb:set package 'nonlinear_mpc_casadi' build argument 'catkin_cmake_args' from command line to 'None'
[0.291s] Level 5:colcon.colcon_core.verb:set package 'nonlinear_mpc_casadi' build argument 'catkin_skip_building_tests' from command line to 'False'
[0.291s] DEBUG:colcon.colcon_core.verb:Building package 'nonlinear_mpc_casadi' with the following arguments: {'ament_cmake_args': None, 'build_base': '/home/moon/sim_ws/build/nonlinear_mpc_casadi', 'catkin_cmake_args': None, 'catkin_skip_building_tests': False, 'cmake_args': None, 'cmake_clean_cache': False, 'cmake_clean_first': False, 'cmake_force_configure': False, 'cmake_target': None, 'cmake_target_skip_unavailable': False, 'install_base': '/home/moon/sim_ws/install/nonlinear_mpc_casadi', 'merge_install': False, 'path': '/home/moon/sim_ws/src/Nonlinear_MPCC_for_autonomous_racing/nonlinear_mpc_casadi', 'symlink_install': False, 'test_result_base': None}
[0.291s] INFO:colcon.colcon_core.executor:Executing jobs using 'parallel' executor
[0.291s] DEBUG:colcon.colcon_parallel_executor.executor.parallel:run_until_complete
[0.292s] INFO:colcon.colcon_ros.task.ament_python.build:Building ROS package in '/home/moon/sim_ws/src/bound_obstacle_detector' with build type 'ament_python'
[0.292s] Level 1:colcon.colcon_core.shell:create_environment_hook('bound_obstacle_detector', 'ament_prefix_path')
[0.293s] INFO:colcon.colcon_core.plugin_system:Skipping extension 'colcon_core.shell.bat': Not used on non-Windows systems
[0.293s] INFO:colcon.colcon_core.shell:Creating environment hook '/home/moon/sim_ws/install/bound_obstacle_detector/share/bound_obstacle_detector/hook/ament_prefix_path.ps1'
[0.294s] INFO:colcon.colcon_core.shell:Creating environment descriptor '/home/moon/sim_ws/install/bound_obstacle_detector/share/bound_obstacle_detector/hook/ament_prefix_path.dsv'
[0.294s] INFO:colcon.colcon_core.shell:Creating environment hook '/home/moon/sim_ws/install/bound_obstacle_detector/share/bound_obstacle_detector/hook/ament_prefix_path.sh'
[0.294s] INFO:colcon.colcon_core.shell:Skip shell extension 'powershell' for command environment: Not usable outside of PowerShell
[0.294s] DEBUG:colcon.colcon_core.shell:Skip shell extension 'dsv' for command environment
[0.297s] INFO:colcon.colcon_ros.task.ament_python.build:Building ROS package in '/home/moon/sim_ws/src/bubble_memory' with build type 'ament_python'
[0.297s] Level 1:colcon.colcon_core.shell:create_environment_hook('bubble_memory', 'ament_prefix_path')
[0.298s] INFO:colcon.colcon_core.shell:Creating environment hook '/home/moon/sim_ws/install/bubble_memory/share/bubble_memory/hook/ament_prefix_path.ps1'
[0.298s] INFO:colcon.colcon_core.shell:Creating environment descriptor '/home/moon/sim_ws/install/bubble_memory/share/bubble_memory/hook/ament_prefix_path.dsv'
[0.298s] INFO:colcon.colcon_core.shell:Creating environment hook '/home/moon/sim_ws/install/bubble_memory/share/bubble_memory/hook/ament_prefix_path.sh'
[0.299s] INFO:colcon.colcon_core.shell:Skip shell extension 'powershell' for command environment: Not usable outside of PowerShell
[0.299s] DEBUG:colcon.colcon_core.shell:Skip shell extension 'dsv' for command environment
[0.301s] INFO:colcon.colcon_ros.task.ament_python.build:Building ROS package in '/home/moon/sim_ws/src/centerline_planner' with build type 'ament_python'
[0.302s] Level 1:colcon.colcon_core.shell:create_environment_hook('centerline_planner', 'ament_prefix_path')
[0.302s] INFO:colcon.colcon_core.shell:Creating environment hook '/home/moon/sim_ws/install/centerline_planner/share/centerline_planner/hook/ament_prefix_path.ps1'
[0.302s] INFO:colcon.colcon_core.shell:Creating environment descriptor '/home/moon/sim_ws/install/centerline_planner/share/centerline_planner/hook/ament_prefix_path.dsv'
[0.302s] INFO:colcon.colcon_core.shell:Creating environment hook '/home/moon/sim_ws/install/centerline_planner/share/centerline_planner/hook/ament_prefix_path.sh'
[0.303s] INFO:colcon.colcon_core.shell:Skip shell extension 'powershell' for command environment: Not usable outside of PowerShell
[0.303s] DEBUG:colcon.colcon_core.shell:Skip shell extension 'dsv' for command environment
[0.306s] INFO:colcon.colcon_ros.task.ament_python.build:Building ROS package in '/home/moon/sim_ws/src/csv_obstacle' with build type 'ament_python'
[0.307s] Level 1:colcon.colcon_core.shell:create_environment_hook('csv_obstacle', 'ament_prefix_path')
[0.307s] INFO:colcon.colcon_core.shell:Creating environment hook '/home/moon/sim_ws/install/csv_obstacle/share/csv_obstacle/hook/ament_prefix_path.ps1'
[0.308s] INFO:colcon.colcon_core.shell:Creating environment descriptor '/home/moon/sim_ws/install/csv_obstacle/share/csv_obstacle/hook/ament_prefix_path.dsv'
[0.308s] INFO:colcon.colcon_core.shell:Creating environment hook '/home/moon/sim_ws/install/csv_obstacle/share/csv_obstacle/hook/ament_prefix_path.sh'
[0.309s] INFO:colcon.colcon_core.shell:Skip shell extension 'powershell' for command environment: Not usable outside of PowerShell
[0.309s] DEBUG:colcon.colcon_core.shell:Skip shell extension 'dsv' for command environment
[0.312s] INFO:colcon.colcon_ros.task.ament_cmake.build:Building ROS package in '/home/moon/sim_ws/src/disparity_autodrive' with build type 'ament_cmake'
[0.313s] INFO:colcon.colcon_cmake.task.cmake.build:Building CMake package in '/home/moon/sim_ws/src/disparity_autodrive'
[0.313s] INFO:colcon.colcon_core.shell:Skip shell extension 'powershell' for command environment: Not usable outside of PowerShell
[0.313s] DEBUG:colcon.colcon_core.shell:Skip shell extension 'dsv' for command environment
[0.317s] INFO:colcon.colcon_ros.task.ament_python.build:Building ROS package in '/home/moon/sim_ws/src/f1tenth_gym_ros' with build type 'ament_python'
[0.317s] Level 1:colcon.colcon_core.shell:create_environment_hook('f1tenth_gym_ros', 'ament_prefix_path')
[0.318s] INFO:colcon.colcon_core.shell:Creating environment hook '/home/moon/sim_ws/install/f1tenth_gym_ros/share/f1tenth_gym_ros/hook/ament_prefix_path.ps1'
[0.318s] INFO:colcon.colcon_core.shell:Creating environment descriptor '/home/moon/sim_ws/install/f1tenth_gym_ros/share/f1tenth_gym_ros/hook/ament_prefix_path.dsv'
[0.318s] INFO:colcon.colcon_core.shell:Creating environment hook '/home/moon/sim_ws/install/f1tenth_gym_ros/share/f1tenth_gym_ros/hook/ament_prefix_path.sh'
[0.319s] INFO:colcon.colcon_core.shell:Skip shell extension 'powershell' for command environment: Not usable outside of PowerShell
[0.319s] DEBUG:colcon.colcon_core.shell:Skip shell extension 'dsv' for command environment
[0.321s] INFO:colcon.colcon_ros.task.ament_cmake.build:Building ROS package in '/home/moon/sim_ws/src/key_teleop' with build type 'ament_cmake'
[0.322s] INFO:colcon.colcon_cmake.task.cmake.build:Building CMake package in '/home/moon/sim_ws/src/key_teleop'
[0.322s] INFO:colcon.colcon_core.shell:Skip shell extension 'powershell' for command environment: Not usable outside of PowerShell
[0.322s] DEBUG:colcon.colcon_core.shell:Skip shell extension 'dsv' for command environment
[0.325s] INFO:colcon.colcon_ros.task.ament_cmake.build:Building ROS package in '/home/moon/sim_ws/src/Nonlinear_MPCC_for_autonomous_racing/nonlinear_mpc_casadi' with build type 'ament_cmake'
[0.325s] INFO:colcon.colcon_cmake.task.cmake.build:Building CMake package in '/home/moon/sim_ws/src/Nonlinear_MPCC_for_autonomous_racing/nonlinear_mpc_casadi'
[0.325s] INFO:colcon.colcon_core.shell:Skip shell extension 'powershell' for command environment: Not usable outside of PowerShell
[0.325s] DEBUG:colcon.colcon_core.shell:Skip shell extension 'dsv' for command environment
[0.463s] INFO:colcon.colcon_core.task.python.build:Building Python package in '/home/moon/sim_ws/src/bound_obstacle_detector'
[0.464s] INFO:colcon.colcon_core.shell:Skip shell extension 'powershell' for command environment: Not usable outside of PowerShell
[0.464s] DEBUG:colcon.colcon_core.shell:Skip shell extension 'dsv' for command environment
[0.601s] INFO:colcon.colcon_core.task.python.build:Building Python package in '/home/moon/sim_ws/src/bubble_memory'
[0.601s] INFO:colcon.colcon_core.shell:Skip shell extension 'powershell' for command environment: Not usable outside of PowerShell
[0.601s] DEBUG:colcon.colcon_core.shell:Skip shell extension 'dsv' for command environment
[0.739s] INFO:colcon.colcon_core.task.python.build:Building Python package in '/home/moon/sim_ws/src/centerline_planner'
[0.740s] INFO:colcon.colcon_core.shell:Skip shell extension 'powershell' for command environment: Not usable outside of PowerShell
[0.740s] DEBUG:colcon.colcon_core.shell:Skip shell extension 'dsv' for command environment
[0.874s] INFO:colcon.colcon_core.task.python.build:Building Python package in '/home/moon/sim_ws/src/csv_obstacle'
[0.874s] INFO:colcon.colcon_core.shell:Skip shell extension 'powershell' for command environment: Not usable outside of PowerShell
[0.874s] DEBUG:colcon.colcon_core.shell:Skip shell extension 'dsv' for command environment
[0.881s] DEBUG:colcon.colcon_core.event_handler.log_command:Invoking command in '/home/moon/sim_ws/build/disparity_autodrive': CMAKE_PREFIX_PATH=${CMAKE_PREFIX_PATH}:/home/moon/sim_ws/install/csv_obstacle:/home/moon/sim_ws/install/bound_obstacle_detector:/home/moon/sim_ws/install/bubble_memory:/home/moon/sim_ws/install/dyn_obstacle_detector:/home/moon/sim_ws/install/centerline_planner:/home/moon/sim_ws/install/f1tenth_gym_ros:/opt/ros/foxy CONDA_PROMPT_MODIFIER=(f110) /usr/bin/cmake --build /home/moon/sim_ws/build/disparity_autodrive -- -j16 -l16
[1.024s] INFO:colcon.colcon_core.task.python.build:Building Python package in '/home/moon/sim_ws/src/f1tenth_gym_ros'
[1.025s] INFO:colcon.colcon_core.shell:Skip shell extension 'powershell' for command environment: Not usable outside of PowerShell
[1.025s] DEBUG:colcon.colcon_core.shell:Skip shell extension 'dsv' for command environment
[1.031s] DEBUG:colcon.colcon_core.event_handler.log_command:Invoking command in '/home/moon/sim_ws/build/key_teleop': CMAKE_PREFIX_PATH=${CMAKE_PREFIX_PATH}:/home/moon/sim_ws/install/csv_obstacle:/home/moon/sim_ws/install/bound_obstacle_detector:/home/moon/sim_ws/install/bubble_memory:/home/moon/sim_ws/install/dyn_obstacle_detector:/home/moon/sim_ws/install/centerline_planner:/home/moon/sim_ws/install/f1tenth_gym_ros:/opt/ros/foxy CONDA_PROMPT_MODIFIER=(f110) /usr/bin/cmake --build /home/moon/sim_ws/build/key_teleop -- -j16 -l16
[1.035s] DEBUG:colcon.colcon_core.event_handler.log_command:Invoking command in '/home/moon/sim_ws/build/nonlinear_mpc_casadi': CMAKE_PREFIX_PATH=${CMAKE_PREFIX_PATH}:/home/moon/sim_ws/install/csv_obstacle:/home/moon/sim_ws/install/bound_obstacle_detector:/home/moon/sim_ws/install/bubble_memory:/home/moon/sim_ws/install/dyn_obstacle_detector:/home/moon/sim_ws/install/centerline_planner:/home/moon/sim_ws/install/f1tenth_gym_ros:/opt/ros/foxy CONDA_PROMPT_MODIFIER=(f110) /usr/bin/cmake --build /home/moon/sim_ws/build/nonlinear_mpc_casadi -- -j16 -l16
[1.037s] DEBUG:colcon.colcon_core.event_handler.log_command:Invoked command in '/home/moon/sim_ws/build/disparity_autodrive' returned '0': CMAKE_PREFIX_PATH=${CMAKE_PREFIX_PATH}:/home/moon/sim_ws/install/csv_obstacle:/home/moon/sim_ws/install/bound_obstacle_detector:/home/moon/sim_ws/install/bubble_memory:/home/moon/sim_ws/install/dyn_obstacle_detector:/home/moon/sim_ws/install/centerline_planner:/home/moon/sim_ws/install/f1tenth_gym_ros:/opt/ros/foxy CONDA_PROMPT_MODIFIER=(f110) /usr/bin/cmake --build /home/moon/sim_ws/build/disparity_autodrive -- -j16 -l16
[1.046s] DEBUG:colcon.colcon_core.event_handler.log_command:Invoking command in '/home/moon/sim_ws/build/disparity_autodrive': CMAKE_PREFIX_PATH=${CMAKE_PREFIX_PATH}:/home/moon/sim_ws/install/csv_obstacle:/home/moon/sim_ws/install/bound_obstacle_detector:/home/moon/sim_ws/install/bubble_memory:/home/moon/sim_ws/install/dyn_obstacle_detector:/home/moon/sim_ws/install/centerline_planner:/home/moon/sim_ws/install/f1tenth_gym_ros:/opt/ros/foxy CONDA_PROMPT_MODIFIER=(f110) /usr/bin/cmake --install /home/moon/sim_ws/build/disparity_autodrive
[1.063s] Level 1:colcon.colcon_core.environment:create_environment_scripts_only(disparity_autodrive)
[1.064s] DEBUG:colcon.colcon_core.event_handler.log_command:Invoked command in '/home/moon/sim_ws/build/disparity_autodrive' returned '0': CMAKE_PREFIX_PATH=${CMAKE_PREFIX_PATH}:/home/moon/sim_ws/install/csv_obstacle:/home/moon/sim_ws/install/bound_obstacle_detector:/home/moon/sim_ws/install/bubble_memory:/home/moon/sim_ws/install/dyn_obstacle_detector:/home/moon/sim_ws/install/centerline_planner:/home/moon/sim_ws/install/f1tenth_gym_ros:/opt/ros/foxy CONDA_PROMPT_MODIFIER=(f110) /usr/bin/cmake --install /home/moon/sim_ws/build/disparity_autodrive
[1.067s] Level 1:colcon.colcon_core.environment:checking '/home/moon/sim_ws/install/disparity_autodrive' for CMake module files
[1.068s] Level 1:colcon.colcon_core.environment:checking '/home/moon/sim_ws/install/disparity_autodrive' for CMake config files
[1.068s] Level 1:colcon.colcon_core.shell:create_environment_hook('disparity_autodrive', 'cmake_prefix_path')
[1.068s] INFO:colcon.colcon_core.shell:Creating environment hook '/home/moon/sim_ws/install/disparity_autodrive/share/disparity_autodrive/hook/cmake_prefix_path.ps1'
[1.069s] INFO:colcon.colcon_core.shell:Creating environment descriptor '/home/moon/sim_ws/install/disparity_autodrive/share/disparity_autodrive/hook/cmake_prefix_path.dsv'
[1.069s] INFO:colcon.colcon_core.shell:Creating environment hook '/home/moon/sim_ws/install/disparity_autodrive/share/disparity_autodrive/hook/cmake_prefix_path.sh'
[1.070s] Level 1:colcon.colcon_core.environment:checking '/home/moon/sim_ws/install/disparity_autodrive/lib'
[1.070s] Level 1:colcon.colcon_core.environment:checking '/home/moon/sim_ws/install/disparity_autodrive/bin'
[1.070s] Level 1:colcon.colcon_core.environment:checking '/home/moon/sim_ws/install/disparity_autodrive/lib/pkgconfig/disparity_autodrive.pc'
[1.071s] Level 1:colcon.colcon_core.environment:checking '/home/moon/sim_ws/install/disparity_autodrive/lib/python3.8/site-packages'
[1.071s] Level 1:colcon.colcon_core.environment:checking '/home/moon/sim_ws/install/disparity_autodrive/bin'
[1.071s] INFO:colcon.colcon_core.shell:Creating package script '/home/moon/sim_ws/install/disparity_autodrive/share/disparity_autodrive/package.ps1'
[1.072s] INFO:colcon.colcon_core.shell:Creating package descriptor '/home/moon/sim_ws/install/disparity_autodrive/share/disparity_autodrive/package.dsv'
[1.073s] INFO:colcon.colcon_core.shell:Creating package script '/home/moon/sim_ws/install/disparity_autodrive/share/disparity_autodrive/package.sh'
[1.073s] INFO:colcon.colcon_core.shell:Creating package script '/home/moon/sim_ws/install/disparity_autodrive/share/disparity_autodrive/package.bash'
[1.074s] INFO:colcon.colcon_core.shell:Creating package script '/home/moon/sim_ws/install/disparity_autodrive/share/disparity_autodrive/package.zsh'
[1.074s] Level 1:colcon.colcon_core.environment:create_file_with_runtime_dependencies(/home/moon/sim_ws/install/disparity_autodrive/share/colcon-core/packages/disparity_autodrive)
[1.075s] Level 1:colcon.colcon_core.environment:create_environment_scripts_only(disparity_autodrive)
[1.075s] Level 1:colcon.colcon_core.environment:checking '/home/moon/sim_ws/install/disparity_autodrive' for CMake module files
[1.076s] Level 1:colcon.colcon_core.environment:checking '/home/moon/sim_ws/install/disparity_autodrive' for CMake config files
[1.076s] Level 1:colcon.colcon_core.shell:create_environment_hook('disparity_autodrive', 'cmake_prefix_path')
[1.076s] INFO:colcon.colcon_core.shell:Creating environment hook '/home/moon/sim_ws/install/disparity_autodrive/share/disparity_autodrive/hook/cmake_prefix_path.ps1'
[1.076s] INFO:colcon.colcon_core.shell:Creating environment descriptor '/home/moon/sim_ws/install/disparity_autodrive/share/disparity_autodrive/hook/cmake_prefix_path.dsv'
[1.077s] INFO:colcon.colcon_core.shell:Creating environment hook '/home/moon/sim_ws/install/disparity_autodrive/share/disparity_autodrive/hook/cmake_prefix_path.sh'
[1.078s] Level 1:colcon.colcon_core.environment:checking '/home/moon/sim_ws/install/disparity_autodrive/lib'
[1.078s] Level 1:colcon.colcon_core.environment:checking '/home/moon/sim_ws/install/disparity_autodrive/bin'
[1.078s] Level 1:colcon.colcon_core.environment:checking '/home/moon/sim_ws/install/disparity_autodrive/lib/pkgconfig/disparity_autodrive.pc'
[1.078s] Level 1:colcon.colcon_core.environment:checking '/home/moon/sim_ws/install/disparity_autodrive/lib/python3.8/site-packages'
[1.078s] Level 1:colcon.colcon_core.environment:checking '/home/moon/sim_ws/install/disparity_autodrive/bin'
[1.079s] INFO:colcon.colcon_core.shell:Creating package script '/home/moon/sim_ws/install/disparity_autodrive/share/disparity_autodrive/package.ps1'
[1.079s] INFO:colcon.colcon_core.shell:Creating package descriptor '/home/moon/sim_ws/install/disparity_autodrive/share/disparity_autodrive/package.dsv'
[1.080s] INFO:colcon.colcon_core.shell:Creating package script '/home/moon/sim_ws/install/disparity_autodrive/share/disparity_autodrive/package.sh'
[1.080s] INFO:colcon.colcon_core.shell:Creating package script '/home/moon/sim_ws/install/disparity_autodrive/share/disparity_autodrive/package.bash'
[1.081s] INFO:colcon.colcon_core.shell:Creating package script '/home/moon/sim_ws/install/disparity_autodrive/share/disparity_autodrive/package.zsh'
[1.081s] Level 1:colcon.colcon_core.environment:create_file_with_runtime_dependencies(/home/moon/sim_ws/install/disparity_autodrive/share/colcon-core/packages/disparity_autodrive)
[1.082s] DEBUG:colcon.colcon_core.event_handler.log_command:Invoked command in '/home/moon/sim_ws/build/nonlinear_mpc_casadi' returned '0': CMAKE_PREFIX_PATH=${CMAKE_PREFIX_PATH}:/home/moon/sim_ws/install/csv_obstacle:/home/moon/sim_ws/install/bound_obstacle_detector:/home/moon/sim_ws/install/bubble_memory:/home/moon/sim_ws/install/dyn_obstacle_detector:/home/moon/sim_ws/install/centerline_planner:/home/moon/sim_ws/install/f1tenth_gym_ros:/opt/ros/foxy CONDA_PROMPT_MODIFIER=(f110) /usr/bin/cmake --build /home/moon/sim_ws/build/nonlinear_mpc_casadi -- -j16 -l16
[1.085s] DEBUG:colcon.colcon_core.event_handler.log_command:Invoking command in '/home/moon/sim_ws/build/nonlinear_mpc_casadi': CMAKE_PREFIX_PATH=${CMAKE_PREFIX_PATH}:/home/moon/sim_ws/install/csv_obstacle:/home/moon/sim_ws/install/bound_obstacle_detector:/home/moon/sim_ws/install/bubble_memory:/home/moon/sim_ws/install/dyn_obstacle_detector:/home/moon/sim_ws/install/centerline_planner:/home/moon/sim_ws/install/f1tenth_gym_ros:/opt/ros/foxy CONDA_PROMPT_MODIFIER=(f110) /usr/bin/cmake --install /home/moon/sim_ws/build/nonlinear_mpc_casadi
[1.091s] DEBUG:colcon.colcon_core.event_handler.log_command:Invoked command in '/home/moon/sim_ws/build/key_teleop' returned '0': CMAKE_PREFIX_PATH=${CMAKE_PREFIX_PATH}:/home/moon/sim_ws/install/csv_obstacle:/home/moon/sim_ws/install/bound_obstacle_detector:/home/moon/sim_ws/install/bubble_memory:/home/moon/sim_ws/install/dyn_obstacle_detector:/home/moon/sim_ws/install/centerline_planner:/home/moon/sim_ws/install/f1tenth_gym_ros:/opt/ros/foxy CONDA_PROMPT_MODIFIER=(f110) /usr/bin/cmake --build /home/moon/sim_ws/build/key_teleop -- -j16 -l16
[1.095s] DEBUG:colcon.colcon_core.event_handler.log_command:Invoking command in '/home/moon/sim_ws/build/key_teleop': CMAKE_PREFIX_PATH=${CMAKE_PREFIX_PATH}:/home/moon/sim_ws/install/csv_obstacle:/home/moon/sim_ws/install/bound_obstacle_detector:/home/moon/sim_ws/install/bubble_memory:/home/moon/sim_ws/install/dyn_obstacle_detector:/home/moon/sim_ws/install/centerline_planner:/home/moon/sim_ws/install/f1tenth_gym_ros:/opt/ros/foxy CONDA_PROMPT_MODIFIER=(f110) /usr/bin/cmake --install /home/moon/sim_ws/build/key_teleop
[1.101s] Level 1:colcon.colcon_core.environment:create_environment_scripts_only(key_teleop)
[1.101s] Level 1:colcon.colcon_core.environment:checking '/home/moon/sim_ws/install/key_teleop' for CMake module files
[1.102s] DEBUG:colcon.colcon_core.event_handler.log_command:Invoked command in '/home/moon/sim_ws/build/key_teleop' returned '0': CMAKE_PREFIX_PATH=${CMAKE_PREFIX_PATH}:/home/moon/sim_ws/install/csv_obstacle:/home/moon/sim_ws/install/bound_obstacle_detector:/home/moon/sim_ws/install/bubble_memory:/home/moon/sim_ws/install/dyn_obstacle_detector:/home/moon/sim_ws/install/centerline_planner:/home/moon/sim_ws/install/f1tenth_gym_ros:/opt/ros/foxy CONDA_PROMPT_MODIFIER=(f110) /usr/bin/cmake --install /home/moon/sim_ws/build/key_teleop
[1.102s] Level 1:colcon.colcon_core.environment:checking '/home/moon/sim_ws/install/key_teleop' for CMake config files
[1.102s] Level 1:colcon.colcon_core.shell:create_environment_hook('key_teleop', 'cmake_prefix_path')
[1.103s] INFO:colcon.colcon_core.shell:Creating environment hook '/home/moon/sim_ws/install/key_teleop/share/key_teleop/hook/cmake_prefix_path.ps1'
[1.103s] INFO:colcon.colcon_core.shell:Creating environment descriptor '/home/moon/sim_ws/install/key_teleop/share/key_teleop/hook/cmake_prefix_path.dsv'
[1.103s] INFO:colcon.colcon_core.shell:Creating environment hook '/home/moon/sim_ws/install/key_teleop/share/key_teleop/hook/cmake_prefix_path.sh'
[1.104s] Level 1:colcon.colcon_core.environment:checking '/home/moon/sim_ws/install/key_teleop/lib'
[1.104s] Level 1:colcon.colcon_core.environment:checking '/home/moon/sim_ws/install/key_teleop/bin'
[1.104s] Level 1:colcon.colcon_core.environment:checking '/home/moon/sim_ws/install/key_teleop/lib/pkgconfig/key_teleop.pc'
[1.104s] Level 1:colcon.colcon_core.environment:checking '/home/moon/sim_ws/install/key_teleop/lib/python3.8/site-packages'
[1.105s] Level 1:colcon.colcon_core.environment:checking '/home/moon/sim_ws/install/key_teleop/bin'
[1.105s] INFO:colcon.colcon_core.shell:Creating package script '/home/moon/sim_ws/install/key_teleop/share/key_teleop/package.ps1'
[1.105s] INFO:colcon.colcon_core.shell:Creating package descriptor '/home/moon/sim_ws/install/key_teleop/share/key_teleop/package.dsv'
[1.106s] INFO:colcon.colcon_core.shell:Creating package script '/home/moon/sim_ws/install/key_teleop/share/key_teleop/package.sh'
[1.106s] INFO:colcon.colcon_core.shell:Creating package script '/home/moon/sim_ws/install/key_teleop/share/key_teleop/package.bash'
[1.107s] INFO:colcon.colcon_core.shell:Creating package script '/home/moon/sim_ws/install/key_teleop/share/key_teleop/package.zsh'
[1.107s] Level 1:colcon.colcon_core.environment:create_file_with_runtime_dependencies(/home/moon/sim_ws/install/key_teleop/share/colcon-core/packages/key_teleop)
[1.108s] Level 1:colcon.colcon_core.environment:create_environment_scripts_only(key_teleop)
[1.108s] Level 1:colcon.colcon_core.environment:checking '/home/moon/sim_ws/install/key_teleop' for CMake module files
[1.109s] Level 1:colcon.colcon_core.environment:checking '/home/moon/sim_ws/install/key_teleop' for CMake config files
[1.109s] Level 1:colcon.colcon_core.shell:create_environment_hook('key_teleop', 'cmake_prefix_path')
[1.109s] INFO:colcon.colcon_core.shell:Creating environment hook '/home/moon/sim_ws/install/key_teleop/share/key_teleop/hook/cmake_prefix_path.ps1'
[1.110s] INFO:colcon.colcon_core.shell:Creating environment descriptor '/home/moon/sim_ws/install/key_teleop/share/key_teleop/hook/cmake_prefix_path.dsv'
[1.110s] INFO:colcon.colcon_core.shell:Creating environment hook '/home/moon/sim_ws/install/key_teleop/share/key_teleop/hook/cmake_prefix_path.sh'
[1.110s] Level 1:colcon.colcon_core.environment:checking '/home/moon/sim_ws/install/key_teleop/lib'
[1.111s] Level 1:colcon.colcon_core.environment:checking '/home/moon/sim_ws/install/key_teleop/bin'
[1.111s] Level 1:colcon.colcon_core.environment:checking '/home/moon/sim_ws/install/key_teleop/lib/pkgconfig/key_teleop.pc'
[1.111s] Level 1:colcon.colcon_core.environment:checking '/home/moon/sim_ws/install/key_teleop/lib/python3.8/site-packages'
[1.111s] Level 1:colcon.colcon_core.environment:checking '/home/moon/sim_ws/install/key_teleop/bin'
[1.111s] INFO:colcon.colcon_core.shell:Creating package script '/home/moon/sim_ws/install/key_teleop/share/key_teleop/package.ps1'
[1.112s] INFO:colcon.colcon_core.shell:Creating package descriptor '/home/moon/sim_ws/install/key_teleop/share/key_teleop/package.dsv'
[1.112s] INFO:colcon.colcon_core.shell:Creating package script '/home/moon/sim_ws/install/key_teleop/share/key_teleop/package.sh'
[1.113s] INFO:colcon.colcon_core.shell:Creating package script '/home/moon/sim_ws/install/key_teleop/share/key_teleop/package.bash'
[1.113s] INFO:colcon.colcon_core.shell:Creating package script '/home/moon/sim_ws/install/key_teleop/share/key_teleop/package.zsh'
[1.113s] Level 1:colcon.colcon_core.environment:create_file_with_runtime_dependencies(/home/moon/sim_ws/install/key_teleop/share/colcon-core/packages/key_teleop)
[1.121s] Level 1:colcon.colcon_core.environment:create_environment_scripts_only(nonlinear_mpc_casadi)
[1.121s] Level 1:colcon.colcon_core.environment:checking '/home/moon/sim_ws/install/nonlinear_mpc_casadi' for CMake module files
[1.122s] Level 1:colcon.colcon_core.environment:checking '/home/moon/sim_ws/install/nonlinear_mpc_casadi' for CMake config files
[1.123s] Level 1:colcon.colcon_core.shell:create_environment_hook('nonlinear_mpc_casadi', 'cmake_prefix_path')
[1.123s] INFO:colcon.colcon_core.shell:Creating environment hook '/home/moon/sim_ws/install/nonlinear_mpc_casadi/share/nonlinear_mpc_casadi/hook/cmake_prefix_path.ps1'
[1.123s] INFO:colcon.colcon_core.shell:Creating environment descriptor '/home/moon/sim_ws/install/nonlinear_mpc_casadi/share/nonlinear_mpc_casadi/hook/cmake_prefix_path.dsv'
[1.124s] INFO:colcon.colcon_core.shell:Creating environment hook '/home/moon/sim_ws/install/nonlinear_mpc_casadi/share/nonlinear_mpc_casadi/hook/cmake_prefix_path.sh'
[1.124s] DEBUG:colcon.colcon_core.event_handler.log_command:Invoked command in '/home/moon/sim_ws/build/nonlinear_mpc_casadi' returned '0': CMAKE_PREFIX_PATH=${CMAKE_PREFIX_PATH}:/home/moon/sim_ws/install/csv_obstacle:/home/moon/sim_ws/install/bound_obstacle_detector:/home/moon/sim_ws/install/bubble_memory:/home/moon/sim_ws/install/dyn_obstacle_detector:/home/moon/sim_ws/install/centerline_planner:/home/moon/sim_ws/install/f1tenth_gym_ros:/opt/ros/foxy CONDA_PROMPT_MODIFIER=(f110) /usr/bin/cmake --install /home/moon/sim_ws/build/nonlinear_mpc_casadi
[1.124s] Level 1:colcon.colcon_core.environment:checking '/home/moon/sim_ws/install/nonlinear_mpc_casadi/lib'
[1.125s] Level 1:colcon.colcon_core.environment:checking '/home/moon/sim_ws/install/nonlinear_mpc_casadi/bin'
[1.125s] Level 1:colcon.colcon_core.environment:checking '/home/moon/sim_ws/install/nonlinear_mpc_casadi/lib/pkgconfig/nonlinear_mpc_casadi.pc'
[1.125s] Level 1:colcon.colcon_core.environment:checking '/home/moon/sim_ws/install/nonlinear_mpc_casadi/lib/python3.8/site-packages'
[1.125s] Level 1:colcon.colcon_core.shell:create_environment_hook('nonlinear_mpc_casadi', 'pythonpath')
[1.125s] INFO:colcon.colcon_core.shell:Creating environment hook '/home/moon/sim_ws/install/nonlinear_mpc_casadi/share/nonlinear_mpc_casadi/hook/pythonpath.ps1'
[1.125s] INFO:colcon.colcon_core.shell:Creating environment descriptor '/home/moon/sim_ws/install/nonlinear_mpc_casadi/share/nonlinear_mpc_casadi/hook/pythonpath.dsv'
[1.126s] INFO:colcon.colcon_core.shell:Creating environment hook '/home/moon/sim_ws/install/nonlinear_mpc_casadi/share/nonlinear_mpc_casadi/hook/pythonpath.sh'
[1.126s] Level 1:colcon.colcon_core.environment:checking '/home/moon/sim_ws/install/nonlinear_mpc_casadi/bin'
[1.126s] INFO:colcon.colcon_core.shell:Creating package script '/home/moon/sim_ws/install/nonlinear_mpc_casadi/share/nonlinear_mpc_casadi/package.ps1'
[1.127s] INFO:colcon.colcon_core.shell:Creating package descriptor '/home/moon/sim_ws/install/nonlinear_mpc_casadi/share/nonlinear_mpc_casadi/package.dsv'
[1.127s] INFO:colcon.colcon_core.shell:Creating package script '/home/moon/sim_ws/install/nonlinear_mpc_casadi/share/nonlinear_mpc_casadi/package.sh'
[1.127s] INFO:colcon.colcon_core.shell:Creating package script '/home/moon/sim_ws/install/nonlinear_mpc_casadi/share/nonlinear_mpc_casadi/package.bash'
[1.127s] INFO:colcon.colcon_core.shell:Creating package script '/home/moon/sim_ws/install/nonlinear_mpc_casadi/share/nonlinear_mpc_casadi/package.zsh'
[1.127s] Level 1:colcon.colcon_core.environment:create_file_with_runtime_dependencies(/home/moon/sim_ws/install/nonlinear_mpc_casadi/share/colcon-core/packages/nonlinear_mpc_casadi)
[1.128s] Level 1:colcon.colcon_core.environment:create_environment_scripts_only(nonlinear_mpc_casadi)
[1.128s] Level 1:colcon.colcon_core.environment:checking '/home/moon/sim_ws/install/nonlinear_mpc_casadi' for CMake module files
[1.128s] Level 1:colcon.colcon_core.environment:checking '/home/moon/sim_ws/install/nonlinear_mpc_casadi' for CMake config files
[1.128s] Level 1:colcon.colcon_core.shell:create_environment_hook('nonlinear_mpc_casadi', 'cmake_prefix_path')
[1.129s] INFO:colcon.colcon_core.shell:Creating environment hook '/home/moon/sim_ws/install/nonlinear_mpc_casadi/share/nonlinear_mpc_casadi/hook/cmake_prefix_path.ps1'
[1.129s] INFO:colcon.colcon_core.shell:Creating environment descriptor '/home/moon/sim_ws/install/nonlinear_mpc_casadi/share/nonlinear_mpc_casadi/hook/cmake_prefix_path.dsv'
[1.129s] INFO:colcon.colcon_core.shell:Creating environment hook '/home/moon/sim_ws/install/nonlinear_mpc_casadi/share/nonlinear_mpc_casadi/hook/cmake_prefix_path.sh'
[1.130s] Level 1:colcon.colcon_core.environment:checking '/home/moon/sim_ws/install/nonlinear_mpc_casadi/lib'
[1.130s] Level 1:colcon.colcon_core.environment:checking '/home/moon/sim_ws/install/nonlinear_mpc_casadi/bin'
[1.130s] Level 1:colcon.colcon_core.environment:checking '/home/moon/sim_ws/install/nonlinear_mpc_casadi/lib/pkgconfig/nonlinear_mpc_casadi.pc'
[1.130s] Level 1:colcon.colcon_core.environment:checking '/home/moon/sim_ws/install/nonlinear_mpc_casadi/lib/python3.8/site-packages'
[1.130s] Level 1:colcon.colcon_core.shell:create_environment_hook('nonlinear_mpc_casadi', 'pythonpath')
[1.130s] INFO:colcon.colcon_core.shell:Creating environment hook '/home/moon/sim_ws/install/nonlinear_mpc_casadi/share/nonlinear_mpc_casadi/hook/pythonpath.ps1'
[1.130s] INFO:colcon.colcon_core.shell:Creating environment descriptor '/home/moon/sim_ws/install/nonlinear_mpc_casadi/share/nonlinear_mpc_casadi/hook/pythonpath.dsv'
[1.130s] INFO:colcon.colcon_core.shell:Creating environment hook '/home/moon/sim_ws/install/nonlinear_mpc_casadi/share/nonlinear_mpc_casadi/hook/pythonpath.sh'
[1.131s] Level 1:colcon.colcon_core.environment:checking '/home/moon/sim_ws/install/nonlinear_mpc_casadi/bin'
[1.131s] INFO:colcon.colcon_core.shell:Creating package script '/home/moon/sim_ws/install/nonlinear_mpc_casadi/share/nonlinear_mpc_casadi/package.ps1'
[1.131s] INFO:colcon.colcon_core.shell:Creating package descriptor '/home/moon/sim_ws/install/nonlinear_mpc_casadi/share/nonlinear_mpc_casadi/package.dsv'
[1.131s] INFO:colcon.colcon_core.shell:Creating package script '/home/moon/sim_ws/install/nonlinear_mpc_casadi/share/nonlinear_mpc_casadi/package.sh'
[1.132s] INFO:colcon.colcon_core.shell:Creating package script '/home/moon/sim_ws/install/nonlinear_mpc_casadi/share/nonlinear_mpc_casadi/package.bash'
[1.132s] INFO:colcon.colcon_core.shell:Creating package script '/home/moon/sim_ws/install/nonlinear_mpc_casadi/share/nonlinear_mpc_casadi/package.zsh'
[1.132s] Level 1:colcon.colcon_core.environment:create_file_with_runtime_dependencies(/home/moon/sim_ws/install/nonlinear_mpc_casadi/share/colcon-core/packages/nonlinear_mpc_casadi)
[1.325s] DEBUG:colcon.colcon_core.event_handler.log_command:Invoking command in '/home/moon/sim_ws/src/bound_obstacle_detector': CONDA_PROMPT_MODIFIER=(f110) PYTHONPATH=/home/moon/sim_ws/build/bound_obstacle_detector/prefix_override:/usr/lib/python3/dist-packages/colcon_core/task/python/colcon_distutils_commands:/home/moon/sim_ws/install/bound_obstacle_detector/lib/python3.8/site-packages:${PYTHONPATH} /usr/bin/python3 -W ignore:setup.py install is deprecated -W ignore:easy_install command is deprecated setup.py egg_info --egg-base ../../build/bound_obstacle_detector build --build-base /home/moon/sim_ws/build/bound_obstacle_detector/build install --record /home/moon/sim_ws/build/bound_obstacle_detector/install.log --single-version-externally-managed install_data
[1.336s] DEBUG:colcon.colcon_core.event_handler.log_command:Invoking command in '/home/moon/sim_ws/src/bubble_memory': CONDA_PROMPT_MODIFIER=(f110) PYTHONPATH=/home/moon/sim_ws/build/bubble_memory/prefix_override:/usr/lib/python3/dist-packages/colcon_core/task/python/colcon_distutils_commands:/home/moon/sim_ws/install/bubble_memory/lib/python3.8/site-packages:${PYTHONPATH} /usr/bin/python3 -W ignore:setup.py install is deprecated -W ignore:easy_install command is deprecated setup.py egg_info --egg-base ../../build/bubble_memory build --build-base /home/moon/sim_ws/build/bubble_memory/build install --record /home/moon/sim_ws/build/bubble_memory/install.log --install-scripts $base/lib/bubble_memory --single-version-externally-managed install_data
[1.339s] DEBUG:colcon.colcon_core.event_handler.log_command:Invoking command in '/home/moon/sim_ws/src/centerline_planner': CONDA_PROMPT_MODIFIER=(f110) PYTHONPATH=/home/moon/sim_ws/build/centerline_planner/prefix_override:/usr/lib/python3/dist-packages/colcon_core/task/python/colcon_distutils_commands:/home/moon/sim_ws/install/centerline_planner/lib/python3.8/site-packages:${PYTHONPATH} /usr/bin/python3 -W ignore:setup.py install is deprecated -W ignore:easy_install command is deprecated setup.py egg_info --egg-base ../../build/centerline_planner build --build-base /home/moon/sim_ws/build/centerline_planner/build install --record /home/moon/sim_ws/build/centerline_planner/install.log --install-scripts $base/lib/centerline_planner --single-version-externally-managed install_data
[1.344s] DEBUG:colcon.colcon_core.event_handler.log_command:Invoking command in '/home/moon/sim_ws/src/csv_obstacle': CONDA_PROMPT_MODIFIER=(f110) PYTHONPATH=/home/moon/sim_ws/build/csv_obstacle/prefix_override:/usr/lib/python3/dist-packages/colcon_core/task/python/colcon_distutils_commands:/home/moon/sim_ws/install/csv_obstacle/lib/python3.8/site-packages:${PYTHONPATH} /usr/bin/python3 -W ignore:setup.py install is deprecated -W ignore:easy_install command is deprecated setup.py egg_info --egg-base ../../build/csv_obstacle build --build-base /home/moon/sim_ws/build/csv_obstacle/build install --record /home/moon/sim_ws/build/csv_obstacle/install.log --single-version-externally-managed install_data
[1.378s] DEBUG:colcon.colcon_core.event_handler.log_command:Invoking command in '/home/moon/sim_ws/src/f1tenth_gym_ros': CONDA_PROMPT_MODIFIER=(f110) PYTHONPATH=/home/moon/sim_ws/build/f1tenth_gym_ros/prefix_override:/usr/lib/python3/dist-packages/colcon_core/task/python/colcon_distutils_commands:/home/moon/sim_ws/install/f1tenth_gym_ros/lib/python3.8/site-packages:${PYTHONPATH} /usr/bin/python3 -W ignore:setup.py install is deprecated -W ignore:easy_install command is deprecated setup.py egg_info --egg-base ../../build/f1tenth_gym_ros build --build-base /home/moon/sim_ws/build/f1tenth_gym_ros/build install --record /home/moon/sim_ws/build/f1tenth_gym_ros/install.log --single-version-externally-managed install_data
[1.505s] Level 1:colcon.colcon_core.environment:checking '/home/moon/sim_ws/install/bound_obstacle_detector' for CMake module files
[1.505s] DEBUG:colcon.colcon_core.event_handler.log_command:Invoked command in '/home/moon/sim_ws/src/bound_obstacle_detector' returned '0': CONDA_PROMPT_MODIFIER=(f110) PYTHONPATH=/home/moon/sim_ws/build/bound_obstacle_detector/prefix_override:/usr/lib/python3/dist-packages/colcon_core/task/python/colcon_distutils_commands:/home/moon/sim_ws/install/bound_obstacle_detector/lib/python3.8/site-packages:${PYTHONPATH} /usr/bin/python3 -W ignore:setup.py install is deprecated -W ignore:easy_install command is deprecated setup.py egg_info --egg-base ../../build/bound_obstacle_detector build --build-base /home/moon/sim_ws/build/bound_obstacle_detector/build install --record /home/moon/sim_ws/build/bound_obstacle_detector/install.log --single-version-externally-managed install_data
[1.506s] Level 1:colcon.colcon_core.environment:checking '/home/moon/sim_ws/install/bound_obstacle_detector' for CMake config files
[1.506s] Level 1:colcon.colcon_core.environment:checking '/home/moon/sim_ws/install/bound_obstacle_detector/lib'
[1.506s] Level 1:colcon.colcon_core.environment:checking '/home/moon/sim_ws/install/bound_obstacle_detector/bin'
[1.506s] Level 1:colcon.colcon_core.environment:checking '/home/moon/sim_ws/install/bound_obstacle_detector/lib/pkgconfig/bound_obstacle_detector.pc'
[1.507s] Level 1:colcon.colcon_core.environment:checking '/home/moon/sim_ws/install/bound_obstacle_detector/lib/python3.8/site-packages'
[1.507s] Level 1:colcon.colcon_core.shell:create_environment_hook('bound_obstacle_detector', 'pythonpath')
[1.507s] INFO:colcon.colcon_core.shell:Creating environment hook '/home/moon/sim_ws/install/bound_obstacle_detector/share/bound_obstacle_detector/hook/pythonpath.ps1'
[1.508s] INFO:colcon.colcon_core.shell:Creating environment descriptor '/home/moon/sim_ws/install/bound_obstacle_detector/share/bound_obstacle_detector/hook/pythonpath.dsv'
[1.509s] INFO:colcon.colcon_core.shell:Creating environment hook '/home/moon/sim_ws/install/bound_obstacle_detector/share/bound_obstacle_detector/hook/pythonpath.sh'
[1.509s] Level 1:colcon.colcon_core.environment:checking '/home/moon/sim_ws/install/bound_obstacle_detector/bin'
[1.509s] Level 1:colcon.colcon_core.environment:create_environment_scripts_only(bound_obstacle_detector)
[1.510s] INFO:colcon.colcon_core.shell:Creating package script '/home/moon/sim_ws/install/bound_obstacle_detector/share/bound_obstacle_detector/package.ps1'
[1.511s] INFO:colcon.colcon_core.shell:Creating package descriptor '/home/moon/sim_ws/install/bound_obstacle_detector/share/bound_obstacle_detector/package.dsv'
[1.511s] INFO:colcon.colcon_core.shell:Creating package script '/home/moon/sim_ws/install/bound_obstacle_detector/share/bound_obstacle_detector/package.sh'
[1.512s] INFO:colcon.colcon_core.shell:Creating package script '/home/moon/sim_ws/install/bound_obstacle_detector/share/bound_obstacle_detector/package.bash'
[1.512s] INFO:colcon.colcon_core.shell:Creating package script '/home/moon/sim_ws/install/bound_obstacle_detector/share/bound_obstacle_detector/package.zsh'
[1.513s] Level 1:colcon.colcon_core.environment:create_file_with_runtime_dependencies(/home/moon/sim_ws/install/bound_obstacle_detector/share/colcon-core/packages/bound_obstacle_detector)
[1.518s] Level 1:colcon.colcon_core.environment:checking '/home/moon/sim_ws/install/bubble_memory' for CMake module files
[1.518s] DEBUG:colcon.colcon_core.event_handler.log_command:Invoked command in '/home/moon/sim_ws/src/bubble_memory' returned '0': CONDA_PROMPT_MODIFIER=(f110) PYTHONPATH=/home/moon/sim_ws/build/bubble_memory/prefix_override:/usr/lib/python3/dist-packages/colcon_core/task/python/colcon_distutils_commands:/home/moon/sim_ws/install/bubble_memory/lib/python3.8/site-packages:${PYTHONPATH} /usr/bin/python3 -W ignore:setup.py install is deprecated -W ignore:easy_install command is deprecated setup.py egg_info --egg-base ../../build/bubble_memory build --build-base /home/moon/sim_ws/build/bubble_memory/build install --record /home/moon/sim_ws/build/bubble_memory/install.log --install-scripts $base/lib/bubble_memory --single-version-externally-managed install_data
[1.519s] Level 1:colcon.colcon_core.environment:checking '/home/moon/sim_ws/install/bubble_memory' for CMake config files
[1.519s] Level 1:colcon.colcon_core.environment:checking '/home/moon/sim_ws/install/bubble_memory/lib'
[1.519s] Level 1:colcon.colcon_core.environment:checking '/home/moon/sim_ws/install/bubble_memory/bin'
[1.519s] Level 1:colcon.colcon_core.environment:checking '/home/moon/sim_ws/install/bubble_memory/lib/pkgconfig/bubble_memory.pc'
[1.519s] Level 1:colcon.colcon_core.environment:checking '/home/moon/sim_ws/install/bubble_memory/lib/python3.8/site-packages'
[1.519s] Level 1:colcon.colcon_core.shell:create_environment_hook('bubble_memory', 'pythonpath')
[1.519s] INFO:colcon.colcon_core.shell:Creating environment hook '/home/moon/sim_ws/install/bubble_memory/share/bubble_memory/hook/pythonpath.ps1'
[1.520s] INFO:colcon.colcon_core.shell:Creating environment descriptor '/home/moon/sim_ws/install/bubble_memory/share/bubble_memory/hook/pythonpath.dsv'
[1.520s] INFO:colcon.colcon_core.shell:Creating environment hook '/home/moon/sim_ws/install/bubble_memory/share/bubble_memory/hook/pythonpath.sh'
[1.520s] Level 1:colcon.colcon_core.environment:checking '/home/moon/sim_ws/install/bubble_memory/bin'
[1.520s] Level 1:colcon.colcon_core.environment:create_environment_scripts_only(bubble_memory)
[1.520s] INFO:colcon.colcon_core.shell:Creating package script '/home/moon/sim_ws/install/bubble_memory/share/bubble_memory/package.ps1'
[1.521s] INFO:colcon.colcon_core.shell:Creating package descriptor '/home/moon/sim_ws/install/bubble_memory/share/bubble_memory/package.dsv'
[1.521s] INFO:colcon.colcon_core.shell:Creating package script '/home/moon/sim_ws/install/bubble_memory/share/bubble_memory/package.sh'
[1.521s] INFO:colcon.colcon_core.shell:Creating package script '/home/moon/sim_ws/install/bubble_memory/share/bubble_memory/package.bash'
[1.521s] INFO:colcon.colcon_core.shell:Creating package script '/home/moon/sim_ws/install/bubble_memory/share/bubble_memory/package.zsh'
[1.521s] Level 1:colcon.colcon_core.environment:create_file_with_runtime_dependencies(/home/moon/sim_ws/install/bubble_memory/share/colcon-core/packages/bubble_memory)
[1.522s] Level 1:colcon.colcon_core.environment:checking '/home/moon/sim_ws/install/centerline_planner' for CMake module files
[1.522s] Level 1:colcon.colcon_core.environment:checking '/home/moon/sim_ws/install/centerline_planner' for CMake config files
[1.523s] DEBUG:colcon.colcon_core.event_handler.log_command:Invoked command in '/home/moon/sim_ws/src/centerline_planner' returned '0': CONDA_PROMPT_MODIFIER=(f110) PYTHONPATH=/home/moon/sim_ws/build/centerline_planner/prefix_override:/usr/lib/python3/dist-packages/colcon_core/task/python/colcon_distutils_commands:/home/moon/sim_ws/install/centerline_planner/lib/python3.8/site-packages:${PYTHONPATH} /usr/bin/python3 -W ignore:setup.py install is deprecated -W ignore:easy_install command is deprecated setup.py egg_info --egg-base ../../build/centerline_planner build --build-base /home/moon/sim_ws/build/centerline_planner/build install --record /home/moon/sim_ws/build/centerline_planner/install.log --install-scripts $base/lib/centerline_planner --single-version-externally-managed install_data
[1.523s] Level 1:colcon.colcon_core.environment:checking '/home/moon/sim_ws/install/centerline_planner/lib'
[1.523s] Level 1:colcon.colcon_core.environment:checking '/home/moon/sim_ws/install/centerline_planner/bin'
[1.523s] Level 1:colcon.colcon_core.environment:checking '/home/moon/sim_ws/install/centerline_planner/lib/pkgconfig/centerline_planner.pc'
[1.523s] Level 1:colcon.colcon_core.environment:checking '/home/moon/sim_ws/install/centerline_planner/lib/python3.8/site-packages'
[1.523s] Level 1:colcon.colcon_core.shell:create_environment_hook('centerline_planner', 'pythonpath')
[1.523s] INFO:colcon.colcon_core.shell:Creating environment hook '/home/moon/sim_ws/install/centerline_planner/share/centerline_planner/hook/pythonpath.ps1'
[1.524s] INFO:colcon.colcon_core.shell:Creating environment descriptor '/home/moon/sim_ws/install/centerline_planner/share/centerline_planner/hook/pythonpath.dsv'
[1.524s] INFO:colcon.colcon_core.shell:Creating environment hook '/home/moon/sim_ws/install/centerline_planner/share/centerline_planner/hook/pythonpath.sh'
[1.524s] Level 1:colcon.colcon_core.environment:checking '/home/moon/sim_ws/install/centerline_planner/bin'
[1.524s] Level 1:colcon.colcon_core.environment:create_environment_scripts_only(centerline_planner)
[1.524s] INFO:colcon.colcon_core.shell:Creating package script '/home/moon/sim_ws/install/centerline_planner/share/centerline_planner/package.ps1'
[1.525s] INFO:colcon.colcon_core.shell:Creating package descriptor '/home/moon/sim_ws/install/centerline_planner/share/centerline_planner/package.dsv'
[1.525s] INFO:colcon.colcon_core.shell:Creating package script '/home/moon/sim_ws/install/centerline_planner/share/centerline_planner/package.sh'
[1.525s] INFO:colcon.colcon_core.shell:Creating package script '/home/moon/sim_ws/install/centerline_planner/share/centerline_planner/package.bash'
[1.525s] INFO:colcon.colcon_core.shell:Creating package script '/home/moon/sim_ws/install/centerline_planner/share/centerline_planner/package.zsh'
[1.526s] Level 1:colcon.colcon_core.environment:create_file_with_runtime_dependencies(/home/moon/sim_ws/install/centerline_planner/share/colcon-core/packages/centerline_planner)
[1.538s] Level 1:colcon.colcon_core.environment:checking '/home/moon/sim_ws/install/csv_obstacle' for CMake module files
[1.539s] DEBUG:colcon.colcon_core.event_handler.log_command:Invoked command in '/home/moon/sim_ws/src/csv_obstacle' returned '0': CONDA_PROMPT_MODIFIER=(f110) PYTHONPATH=/home/moon/sim_ws/build/csv_obstacle/prefix_override:/usr/lib/python3/dist-packages/colcon_core/task/python/colcon_distutils_commands:/home/moon/sim_ws/install/csv_obstacle/lib/python3.8/site-packages:${PYTHONPATH} /usr/bin/python3 -W ignore:setup.py install is deprecated -W ignore:easy_install command is deprecated setup.py egg_info --egg-base ../../build/csv_obstacle build --build-base /home/moon/sim_ws/build/csv_obstacle/build install --record /home/moon/sim_ws/build/csv_obstacle/install.log --single-version-externally-managed install_data
[1.539s] Level 1:colcon.colcon_core.environment:checking '/home/moon/sim_ws/install/csv_obstacle' for CMake config files
[1.539s] Level 1:colcon.colcon_core.environment:checking '/home/moon/sim_ws/install/csv_obstacle/lib'
[1.539s] Level 1:colcon.colcon_core.environment:checking '/home/moon/sim_ws/install/csv_obstacle/bin'
[1.539s] Level 1:colcon.colcon_core.environment:checking '/home/moon/sim_ws/install/csv_obstacle/lib/pkgconfig/csv_obstacle.pc'
[1.539s] Level 1:colcon.colcon_core.environment:checking '/home/moon/sim_ws/install/csv_obstacle/lib/python3.8/site-packages'
[1.539s] Level 1:colcon.colcon_core.shell:create_environment_hook('csv_obstacle', 'pythonpath')
[1.539s] INFO:colcon.colcon_core.shell:Creating environment hook '/home/moon/sim_ws/install/csv_obstacle/share/csv_obstacle/hook/pythonpath.ps1'
[1.540s] INFO:colcon.colcon_core.shell:Creating environment descriptor '/home/moon/sim_ws/install/csv_obstacle/share/csv_obstacle/hook/pythonpath.dsv'
[1.540s] INFO:colcon.colcon_core.shell:Creating environment hook '/home/moon/sim_ws/install/csv_obstacle/share/csv_obstacle/hook/pythonpath.sh'
[1.540s] Level 1:colcon.colcon_core.environment:checking '/home/moon/sim_ws/install/csv_obstacle/bin'
[1.540s] Level 1:colcon.colcon_core.environment:create_environment_scripts_only(csv_obstacle)
[1.541s] INFO:colcon.colcon_core.shell:Creating package script '/home/moon/sim_ws/install/csv_obstacle/share/csv_obstacle/package.ps1'
[1.541s] INFO:colcon.colcon_core.shell:Creating package descriptor '/home/moon/sim_ws/install/csv_obstacle/share/csv_obstacle/package.dsv'
[1.541s] INFO:colcon.colcon_core.shell:Creating package script '/home/moon/sim_ws/install/csv_obstacle/share/csv_obstacle/package.sh'
[1.541s] INFO:colcon.colcon_core.shell:Creating package script '/home/moon/sim_ws/install/csv_obstacle/share/csv_obstacle/package.bash'
[1.541s] INFO:colcon.colcon_core.shell:Creating package script '/home/moon/sim_ws/install/csv_obstacle/share/csv_obstacle/package.zsh'
[1.542s] Level 1:colcon.colcon_core.environment:create_file_with_runtime_dependencies(/home/moon/sim_ws/install/csv_obstacle/share/colcon-core/packages/csv_obstacle)
[1.578s] Level 1:colcon.colcon_core.environment:checking '/home/moon/sim_ws/install/f1tenth_gym_ros' for CMake module files
[1.579s] DEBUG:colcon.colcon_core.event_handler.log_command:Invoked command in '/home/moon/sim_ws/src/f1tenth_gym_ros' returned '0': CONDA_PROMPT_MODIFIER=(f110) PYTHONPATH=/home/moon/sim_ws/build/f1tenth_gym_ros/prefix_override:/usr/lib/python3/dist-packages/colcon_core/task/python/colcon_distutils_commands:/home/moon/sim_ws/install/f1tenth_gym_ros/lib/python3.8/site-packages:${PYTHONPATH} /usr/bin/python3 -W ignore:setup.py install is deprecated -W ignore:easy_install command is deprecated setup.py egg_info --egg-base ../../build/f1tenth_gym_ros build --build-base /home/moon/sim_ws/build/f1tenth_gym_ros/build install --record /home/moon/sim_ws/build/f1tenth_gym_ros/install.log --single-version-externally-managed install_data
[1.579s] Level 1:colcon.colcon_core.environment:checking '/home/moon/sim_ws/install/f1tenth_gym_ros' for CMake config files
[1.579s] Level 1:colcon.colcon_core.environment:checking '/home/moon/sim_ws/install/f1tenth_gym_ros/lib'
[1.579s] Level 1:colcon.colcon_core.environment:checking '/home/moon/sim_ws/install/f1tenth_gym_ros/bin'
[1.579s] Level 1:colcon.colcon_core.environment:checking '/home/moon/sim_ws/install/f1tenth_gym_ros/lib/pkgconfig/f1tenth_gym_ros.pc'
[1.580s] Level 1:colcon.colcon_core.environment:checking '/home/moon/sim_ws/install/f1tenth_gym_ros/lib/python3.8/site-packages'
[1.580s] Level 1:colcon.colcon_core.shell:create_environment_hook('f1tenth_gym_ros', 'pythonpath')
[1.580s] INFO:colcon.colcon_core.shell:Creating environment hook '/home/moon/sim_ws/install/f1tenth_gym_ros/share/f1tenth_gym_ros/hook/pythonpath.ps1'
[1.580s] INFO:colcon.colcon_core.shell:Creating environment descriptor '/home/moon/sim_ws/install/f1tenth_gym_ros/share/f1tenth_gym_ros/hook/pythonpath.dsv'
[1.580s] INFO:colcon.colcon_core.shell:Creating environment hook '/home/moon/sim_ws/install/f1tenth_gym_ros/share/f1tenth_gym_ros/hook/pythonpath.sh'
[1.580s] Level 1:colcon.colcon_core.environment:checking '/home/moon/sim_ws/install/f1tenth_gym_ros/bin'
[1.581s] Level 1:colcon.colcon_core.environment:create_environment_scripts_only(f1tenth_gym_ros)
[1.581s] INFO:colcon.colcon_core.shell:Creating package script '/home/moon/sim_ws/install/f1tenth_gym_ros/share/f1tenth_gym_ros/package.ps1'
[1.581s] INFO:colcon.colcon_core.shell:Creating package descriptor '/home/moon/sim_ws/install/f1tenth_gym_ros/share/f1tenth_gym_ros/package.dsv'
[1.581s] INFO:colcon.colcon_core.shell:Creating package script '/home/moon/sim_ws/install/f1tenth_gym_ros/share/f1tenth_gym_ros/package.sh'
[1.581s] INFO:colcon.colcon_core.shell:Creating package script '/home/moon/sim_ws/install/f1tenth_gym_ros/share/f1tenth_gym_ros/package.bash'
[1.582s] INFO:colcon.colcon_core.shell:Creating package script '/home/moon/sim_ws/install/f1tenth_gym_ros/share/f1tenth_gym_ros/package.zsh'
[1.582s] Level 1:colcon.colcon_core.environment:create_file_with_runtime_dependencies(/home/moon/sim_ws/install/f1tenth_gym_ros/share/colcon-core/packages/f1tenth_gym_ros)
[1.582s] DEBUG:colcon.colcon_parallel_executor.executor.parallel:closing loop
[1.582s] DEBUG:colcon.colcon_parallel_executor.executor.parallel:loop closed
[1.582s] DEBUG:colcon.colcon_parallel_executor.executor.parallel:run_until_complete finished with '0'
[1.582s] DEBUG:colcon.colcon_core.event_reactor:joining thread
[1.587s] INFO:colcon.colcon_core.plugin_system:Skipping extension 'colcon_notification.desktop_notification.terminal_notifier': Not used on non-Darwin systems
[1.587s] INFO:colcon.colcon_core.plugin_system:Skipping extension 'colcon_notification.desktop_notification.win32': Not used on non-Windows systems
[1.587s] INFO:colcon.colcon_notification.desktop_notification:Sending desktop notification using 'notify2'
[1.598s] DEBUG:colcon.colcon_core.event_reactor:joined thread
[1.599s] INFO:colcon.colcon_core.shell:Creating prefix script '/home/moon/sim_ws/install/local_setup.ps1'
[1.599s] INFO:colcon.colcon_core.shell:Creating prefix util module '/home/moon/sim_ws/install/_local_setup_util_ps1.py'
[1.600s] INFO:colcon.colcon_core.shell:Creating prefix chain script '/home/moon/sim_ws/install/setup.ps1'
[1.601s] INFO:colcon.colcon_core.shell:Creating prefix script '/home/moon/sim_ws/install/local_setup.sh'
[1.601s] INFO:colcon.colcon_core.shell:Creating prefix util module '/home/moon/sim_ws/install/_local_setup_util_sh.py'
[1.601s] INFO:colcon.colcon_core.shell:Creating prefix chain script '/home/moon/sim_ws/install/setup.sh'
[1.602s] INFO:colcon.colcon_core.shell:Creating prefix script '/home/moon/sim_ws/install/local_setup.bash'
[1.602s] INFO:colcon.colcon_core.shell:Creating prefix chain script '/home/moon/sim_ws/install/setup.bash'
[1.603s] INFO:colcon.colcon_core.shell:Creating prefix script '/home/moon/sim_ws/install/local_setup.zsh'
[1.603s] INFO:colcon.colcon_core.shell:Creating prefix chain script '/home/moon/sim_ws/install/setup.zsh'
