[1.167s] DEBUG:colcon:Command line arguments: ['/usr/bin/colcon', 'build', '--symlink-install', '--cmake-args', '-DCMAKE_BUILD_TYPE=Release']
[1.167s] DEBUG:colcon:Parsed command line arguments: Namespace(allow_overriding=[], ament_cmake_args=None, base_paths=['.'], build_base='build', catkin_cmake_args=None, catkin_skip_building_tests=False, cmake_args=['-DCMAKE_BUILD_TYPE=Release'], cmake_clean_cache=False, cmake_clean_first=False, cmake_force_configure=False, cmake_target=None, cmake_target_skip_unavailable=False, continue_on_error=False, event_handlers=None, executor='parallel', ignore_user_meta=False, install_base='install', log_base=None, log_level=None, main=<bound method BuildVerb.main of <colcon_core.verb.build.BuildVerb object at 0xffffb6b74b20>>, merge_install=False, metas=['./colcon.meta'], mixin=None, mixin_files=None, mixin_verb=('build',), packages_above=None, packages_above_and_dependencies=None, packages_above_depth=None, packages_end=None, packages_ignore=None, packages_ignore_regex=None, packages_select=None, packages_select_build_failed=False, packages_select_by_dep=None, packages_select_regex=None, packages_select_test_failures=False, packages_skip=None, packages_skip_build_finished=False, packages_skip_by_dep=None, packages_skip_regex=None, packages_skip_test_passed=False, packages_skip_up_to=None, packages_start=None, packages_up_to=None, packages_up_to_regex=None, parallel_workers=6, paths=None, symlink_install=True, test_result_base=None, verb_extension=<colcon_core.verb.build.BuildVerb object at 0xffffb6b74b20>, verb_name='build', verb_parser=<colcon_mixin.mixin.mixin_argument.MixinArgumentDecorator object at 0xffffb6ab61c0>)
[2.130s] Level 1:colcon.colcon_core.package_discovery:discover_packages(colcon_meta) check parameters
[2.131s] Level 1:colcon.colcon_core.package_discovery:discover_packages(recursive) check parameters
[2.131s] Level 1:colcon.colcon_core.package_discovery:discover_packages(ignore) check parameters
[2.131s] Level 1:colcon.colcon_core.package_discovery:discover_packages(path) check parameters
[2.132s] Level 1:colcon.colcon_core.package_discovery:discover_packages(colcon_meta) discover
[2.132s] Level 1:colcon.colcon_core.package_discovery:discover_packages(recursive) discover
[2.132s] INFO:colcon.colcon_core.package_discovery:Crawling recursively for packages in '/home/f1/f1tenth_ws'
[2.134s] Level 1:colcon.colcon_core.package_identification:_identify(.) by extensions ['ignore', 'ignore_ament_install']
[2.135s] Level 1:colcon.colcon_core.package_identification:_identify(.) by extension 'ignore'
[2.136s] Level 1:colcon.colcon_core.package_identification:_identify(.) by extension 'ignore_ament_install'
[2.137s] Level 1:colcon.colcon_core.package_identification:_identify(.) by extensions ['colcon_pkg']
[2.137s] Level 1:colcon.colcon_core.package_identification:_identify(.) by extension 'colcon_pkg'
[2.138s] Level 1:colcon.colcon_core.package_identification:_identify(.) by extensions ['colcon_meta']
[2.138s] Level 1:colcon.colcon_core.package_identification:_identify(.) by extension 'colcon_meta'
[2.138s] Level 1:colcon.colcon_core.package_identification:_identify(.) by extensions ['ros']
[2.138s] Level 1:colcon.colcon_core.package_identification:_identify(.) by extension 'ros'
[2.209s] Level 1:colcon.colcon_core.package_identification:_identify(.) by extensions ['cmake', 'python']
[2.209s] Level 1:colcon.colcon_core.package_identification:_identify(.) by extension 'cmake'
[2.209s] Level 1:colcon.colcon_core.package_identification:_identify(.) by extension 'python'
[2.210s] Level 1:colcon.colcon_core.package_identification:_identify(.) by extensions ['python_setup_py']
[2.210s] Level 1:colcon.colcon_core.package_identification:_identify(.) by extension 'python_setup_py'
[2.211s] Level 1:colcon.colcon_core.package_identification:_identify(bags) by extensions ['ignore', 'ignore_ament_install']
[2.212s] Level 1:colcon.colcon_core.package_identification:_identify(bags) by extension 'ignore'
[2.213s] Level 1:colcon.colcon_core.package_identification:_identify(bags) by extension 'ignore_ament_install'
[2.215s] Level 1:colcon.colcon_core.package_identification:_identify(bags) by extensions ['colcon_pkg']
[2.215s] Level 1:colcon.colcon_core.package_identification:_identify(bags) by extension 'colcon_pkg'
[2.216s] Level 1:colcon.colcon_core.package_identification:_identify(bags) by extensions ['colcon_meta']
[2.217s] Level 1:colcon.colcon_core.package_identification:_identify(bags) by extension 'colcon_meta'
[2.218s] Level 1:colcon.colcon_core.package_identification:_identify(bags) by extensions ['ros']
[2.218s] Level 1:colcon.colcon_core.package_identification:_identify(bags) by extension 'ros'
[2.219s] Level 1:colcon.colcon_core.package_identification:_identify(bags) by extensions ['cmake', 'python']
[2.219s] Level 1:colcon.colcon_core.package_identification:_identify(bags) by extension 'cmake'
[2.219s] Level 1:colcon.colcon_core.package_identification:_identify(bags) by extension 'python'
[2.220s] Level 1:colcon.colcon_core.package_identification:_identify(bags) by extensions ['python_setup_py']
[2.220s] Level 1:colcon.colcon_core.package_identification:_identify(bags) by extension 'python_setup_py'
[2.221s] Level 1:colcon.colcon_core.package_identification:_identify(bags/maps) by extensions ['ignore', 'ignore_ament_install']
[2.222s] Level 1:colcon.colcon_core.package_identification:_identify(bags/maps) by extension 'ignore'
[2.222s] Level 1:colcon.colcon_core.package_identification:_identify(bags/maps) by extension 'ignore_ament_install'
[2.223s] Level 1:colcon.colcon_core.package_identification:_identify(bags/maps) by extensions ['colcon_pkg']
[2.223s] Level 1:colcon.colcon_core.package_identification:_identify(bags/maps) by extension 'colcon_pkg'
[2.224s] Level 1:colcon.colcon_core.package_identification:_identify(bags/maps) by extensions ['colcon_meta']
[2.224s] Level 1:colcon.colcon_core.package_identification:_identify(bags/maps) by extension 'colcon_meta'
[2.224s] Level 1:colcon.colcon_core.package_identification:_identify(bags/maps) by extensions ['ros']
[2.225s] Level 1:colcon.colcon_core.package_identification:_identify(bags/maps) by extension 'ros'
[2.225s] Level 1:colcon.colcon_core.package_identification:_identify(bags/maps) by extensions ['cmake', 'python']
[2.225s] Level 1:colcon.colcon_core.package_identification:_identify(bags/maps) by extension 'cmake'
[2.226s] Level 1:colcon.colcon_core.package_identification:_identify(bags/maps) by extension 'python'
[2.226s] Level 1:colcon.colcon_core.package_identification:_identify(bags/maps) by extensions ['python_setup_py']
[2.226s] Level 1:colcon.colcon_core.package_identification:_identify(bags/maps) by extension 'python_setup_py'
[2.227s] Level 1:colcon.colcon_core.package_identification:_identify(bags/maps/1017_with_obs_1) by extensions ['ignore', 'ignore_ament_install']
[2.228s] Level 1:colcon.colcon_core.package_identification:_identify(bags/maps/1017_with_obs_1) by extension 'ignore'
[2.228s] Level 1:colcon.colcon_core.package_identification:_identify(bags/maps/1017_with_obs_1) by extension 'ignore_ament_install'
[2.229s] Level 1:colcon.colcon_core.package_identification:_identify(bags/maps/1017_with_obs_1) by extensions ['colcon_pkg']
[2.229s] Level 1:colcon.colcon_core.package_identification:_identify(bags/maps/1017_with_obs_1) by extension 'colcon_pkg'
[2.229s] Level 1:colcon.colcon_core.package_identification:_identify(bags/maps/1017_with_obs_1) by extensions ['colcon_meta']
[2.229s] Level 1:colcon.colcon_core.package_identification:_identify(bags/maps/1017_with_obs_1) by extension 'colcon_meta'
[2.230s] Level 1:colcon.colcon_core.package_identification:_identify(bags/maps/1017_with_obs_1) by extensions ['ros']
[2.230s] Level 1:colcon.colcon_core.package_identification:_identify(bags/maps/1017_with_obs_1) by extension 'ros'
[2.230s] Level 1:colcon.colcon_core.package_identification:_identify(bags/maps/1017_with_obs_1) by extensions ['cmake', 'python']
[2.231s] Level 1:colcon.colcon_core.package_identification:_identify(bags/maps/1017_with_obs_1) by extension 'cmake'
[2.231s] Level 1:colcon.colcon_core.package_identification:_identify(bags/maps/1017_with_obs_1) by extension 'python'
[2.231s] Level 1:colcon.colcon_core.package_identification:_identify(bags/maps/1017_with_obs_1) by extensions ['python_setup_py']
[2.232s] Level 1:colcon.colcon_core.package_identification:_identify(bags/maps/1017_with_obs_1) by extension 'python_setup_py'
[2.233s] Level 1:colcon.colcon_core.package_identification:_identify(bags/maps/1017_with_obs_2) by extensions ['ignore', 'ignore_ament_install']
[2.234s] Level 1:colcon.colcon_core.package_identification:_identify(bags/maps/1017_with_obs_2) by extension 'ignore'
[2.234s] Level 1:colcon.colcon_core.package_identification:_identify(bags/maps/1017_with_obs_2) by extension 'ignore_ament_install'
[2.234s] Level 1:colcon.colcon_core.package_identification:_identify(bags/maps/1017_with_obs_2) by extensions ['colcon_pkg']
[2.234s] Level 1:colcon.colcon_core.package_identification:_identify(bags/maps/1017_with_obs_2) by extension 'colcon_pkg'
[2.235s] Level 1:colcon.colcon_core.package_identification:_identify(bags/maps/1017_with_obs_2) by extensions ['colcon_meta']
[2.235s] Level 1:colcon.colcon_core.package_identification:_identify(bags/maps/1017_with_obs_2) by extension 'colcon_meta'
[2.235s] Level 1:colcon.colcon_core.package_identification:_identify(bags/maps/1017_with_obs_2) by extensions ['ros']
[2.236s] Level 1:colcon.colcon_core.package_identification:_identify(bags/maps/1017_with_obs_2) by extension 'ros'
[2.237s] Level 1:colcon.colcon_core.package_identification:_identify(bags/maps/1017_with_obs_2) by extensions ['cmake', 'python']
[2.237s] Level 1:colcon.colcon_core.package_identification:_identify(bags/maps/1017_with_obs_2) by extension 'cmake'
[2.237s] Level 1:colcon.colcon_core.package_identification:_identify(bags/maps/1017_with_obs_2) by extension 'python'
[2.238s] Level 1:colcon.colcon_core.package_identification:_identify(bags/maps/1017_with_obs_2) by extensions ['python_setup_py']
[2.238s] Level 1:colcon.colcon_core.package_identification:_identify(bags/maps/1017_with_obs_2) by extension 'python_setup_py'
[2.239s] Level 1:colcon.colcon_core.package_identification:_identify(bags/maps/1017_without_obs) by extensions ['ignore', 'ignore_ament_install']
[2.239s] Level 1:colcon.colcon_core.package_identification:_identify(bags/maps/1017_without_obs) by extension 'ignore'
[2.241s] Level 1:colcon.colcon_core.package_identification:_identify(bags/maps/1017_without_obs) by extension 'ignore_ament_install'
[2.241s] Level 1:colcon.colcon_core.package_identification:_identify(bags/maps/1017_without_obs) by extensions ['colcon_pkg']
[2.241s] Level 1:colcon.colcon_core.package_identification:_identify(bags/maps/1017_without_obs) by extension 'colcon_pkg'
[2.242s] Level 1:colcon.colcon_core.package_identification:_identify(bags/maps/1017_without_obs) by extensions ['colcon_meta']
[2.242s] Level 1:colcon.colcon_core.package_identification:_identify(bags/maps/1017_without_obs) by extension 'colcon_meta'
[2.243s] Level 1:colcon.colcon_core.package_identification:_identify(bags/maps/1017_without_obs) by extensions ['ros']
[2.243s] Level 1:colcon.colcon_core.package_identification:_identify(bags/maps/1017_without_obs) by extension 'ros'
[2.243s] Level 1:colcon.colcon_core.package_identification:_identify(bags/maps/1017_without_obs) by extensions ['cmake', 'python']
[2.244s] Level 1:colcon.colcon_core.package_identification:_identify(bags/maps/1017_without_obs) by extension 'cmake'
[2.244s] Level 1:colcon.colcon_core.package_identification:_identify(bags/maps/1017_without_obs) by extension 'python'
[2.244s] Level 1:colcon.colcon_core.package_identification:_identify(bags/maps/1017_without_obs) by extensions ['python_setup_py']
[2.244s] Level 1:colcon.colcon_core.package_identification:_identify(bags/maps/1017_without_obs) by extension 'python_setup_py'
[2.245s] Level 1:colcon.colcon_core.package_identification:_identify(build) by extensions ['ignore', 'ignore_ament_install']
[2.246s] Level 1:colcon.colcon_core.package_identification:_identify(build) by extension 'ignore'
[2.246s] Level 1:colcon.colcon_core.package_identification:_identify(build) ignored
[2.247s] Level 1:colcon.colcon_core.package_identification:_identify(config) by extensions ['ignore', 'ignore_ament_install']
[2.247s] Level 1:colcon.colcon_core.package_identification:_identify(config) by extension 'ignore'
[2.248s] Level 1:colcon.colcon_core.package_identification:_identify(config) by extension 'ignore_ament_install'
[2.248s] Level 1:colcon.colcon_core.package_identification:_identify(config) by extensions ['colcon_pkg']
[2.248s] Level 1:colcon.colcon_core.package_identification:_identify(config) by extension 'colcon_pkg'
[2.249s] Level 1:colcon.colcon_core.package_identification:_identify(config) by extensions ['colcon_meta']
[2.249s] Level 1:colcon.colcon_core.package_identification:_identify(config) by extension 'colcon_meta'
[2.249s] Level 1:colcon.colcon_core.package_identification:_identify(config) by extensions ['ros']
[2.249s] Level 1:colcon.colcon_core.package_identification:_identify(config) by extension 'ros'
[2.250s] Level 1:colcon.colcon_core.package_identification:_identify(config) by extensions ['cmake', 'python']
[2.250s] Level 1:colcon.colcon_core.package_identification:_identify(config) by extension 'cmake'
[2.250s] Level 1:colcon.colcon_core.package_identification:_identify(config) by extension 'python'
[2.251s] Level 1:colcon.colcon_core.package_identification:_identify(config) by extensions ['python_setup_py']
[2.251s] Level 1:colcon.colcon_core.package_identification:_identify(config) by extension 'python_setup_py'
[2.252s] Level 1:colcon.colcon_core.package_identification:_identify(install) by extensions ['ignore', 'ignore_ament_install']
[2.252s] Level 1:colcon.colcon_core.package_identification:_identify(install) by extension 'ignore'
[2.252s] Level 1:colcon.colcon_core.package_identification:_identify(install) ignored
[2.253s] Level 1:colcon.colcon_core.package_identification:_identify(launch) by extensions ['ignore', 'ignore_ament_install']
[2.254s] Level 1:colcon.colcon_core.package_identification:_identify(launch) by extension 'ignore'
[2.254s] Level 1:colcon.colcon_core.package_identification:_identify(launch) by extension 'ignore_ament_install'
[2.254s] Level 1:colcon.colcon_core.package_identification:_identify(launch) by extensions ['colcon_pkg']
[2.254s] Level 1:colcon.colcon_core.package_identification:_identify(launch) by extension 'colcon_pkg'
[2.255s] Level 1:colcon.colcon_core.package_identification:_identify(launch) by extensions ['colcon_meta']
[2.255s] Level 1:colcon.colcon_core.package_identification:_identify(launch) by extension 'colcon_meta'
[2.255s] Level 1:colcon.colcon_core.package_identification:_identify(launch) by extensions ['ros']
[2.255s] Level 1:colcon.colcon_core.package_identification:_identify(launch) by extension 'ros'
[2.256s] Level 1:colcon.colcon_core.package_identification:_identify(launch) by extensions ['cmake', 'python']
[2.256s] Level 1:colcon.colcon_core.package_identification:_identify(launch) by extension 'cmake'
[2.256s] Level 1:colcon.colcon_core.package_identification:_identify(launch) by extension 'python'
[2.257s] Level 1:colcon.colcon_core.package_identification:_identify(launch) by extensions ['python_setup_py']
[2.257s] Level 1:colcon.colcon_core.package_identification:_identify(launch) by extension 'python_setup_py'
[2.258s] Level 1:colcon.colcon_core.package_identification:_identify(launch/__pycache__) by extensions ['ignore', 'ignore_ament_install']
[2.258s] Level 1:colcon.colcon_core.package_identification:_identify(launch/__pycache__) by extension 'ignore'
[2.258s] Level 1:colcon.colcon_core.package_identification:_identify(launch/__pycache__) by extension 'ignore_ament_install'
[2.259s] Level 1:colcon.colcon_core.package_identification:_identify(launch/__pycache__) by extensions ['colcon_pkg']
[2.259s] Level 1:colcon.colcon_core.package_identification:_identify(launch/__pycache__) by extension 'colcon_pkg'
[2.259s] Level 1:colcon.colcon_core.package_identification:_identify(launch/__pycache__) by extensions ['colcon_meta']
[2.259s] Level 1:colcon.colcon_core.package_identification:_identify(launch/__pycache__) by extension 'colcon_meta'
[2.260s] Level 1:colcon.colcon_core.package_identification:_identify(launch/__pycache__) by extensions ['ros']
[2.260s] Level 1:colcon.colcon_core.package_identification:_identify(launch/__pycache__) by extension 'ros'
[2.260s] Level 1:colcon.colcon_core.package_identification:_identify(launch/__pycache__) by extensions ['cmake', 'python']
[2.261s] Level 1:colcon.colcon_core.package_identification:_identify(launch/__pycache__) by extension 'cmake'
[2.261s] Level 1:colcon.colcon_core.package_identification:_identify(launch/__pycache__) by extension 'python'
[2.261s] Level 1:colcon.colcon_core.package_identification:_identify(launch/__pycache__) by extensions ['python_setup_py']
[2.261s] Level 1:colcon.colcon_core.package_identification:_identify(launch/__pycache__) by extension 'python_setup_py'
[2.264s] Level 1:colcon.colcon_core.package_identification:_identify(log) by extensions ['ignore', 'ignore_ament_install']
[2.265s] Level 1:colcon.colcon_core.package_identification:_identify(log) by extension 'ignore'
[2.265s] Level 1:colcon.colcon_core.package_identification:_identify(log) ignored
[2.266s] Level 1:colcon.colcon_core.package_identification:_identify(maps_racelines_) by extensions ['ignore', 'ignore_ament_install']
[2.266s] Level 1:colcon.colcon_core.package_identification:_identify(maps_racelines_) by extension 'ignore'
[2.267s] Level 1:colcon.colcon_core.package_identification:_identify(maps_racelines_) by extension 'ignore_ament_install'
[2.267s] Level 1:colcon.colcon_core.package_identification:_identify(maps_racelines_) by extensions ['colcon_pkg']
[2.267s] Level 1:colcon.colcon_core.package_identification:_identify(maps_racelines_) by extension 'colcon_pkg'
[2.267s] Level 1:colcon.colcon_core.package_identification:_identify(maps_racelines_) by extensions ['colcon_meta']
[2.268s] Level 1:colcon.colcon_core.package_identification:_identify(maps_racelines_) by extension 'colcon_meta'
[2.268s] Level 1:colcon.colcon_core.package_identification:_identify(maps_racelines_) by extensions ['ros']
[2.268s] Level 1:colcon.colcon_core.package_identification:_identify(maps_racelines_) by extension 'ros'
[2.269s] Level 1:colcon.colcon_core.package_identification:_identify(maps_racelines_) by extensions ['cmake', 'python']
[2.269s] Level 1:colcon.colcon_core.package_identification:_identify(maps_racelines_) by extension 'cmake'
[2.269s] Level 1:colcon.colcon_core.package_identification:_identify(maps_racelines_) by extension 'python'
[2.269s] Level 1:colcon.colcon_core.package_identification:_identify(maps_racelines_) by extensions ['python_setup_py']
[2.270s] Level 1:colcon.colcon_core.package_identification:_identify(maps_racelines_) by extension 'python_setup_py'
[2.270s] Level 1:colcon.colcon_core.package_identification:_identify(maps_racelines_/maps) by extensions ['ignore', 'ignore_ament_install']
[2.271s] Level 1:colcon.colcon_core.package_identification:_identify(maps_racelines_/maps) by extension 'ignore'
[2.271s] Level 1:colcon.colcon_core.package_identification:_identify(maps_racelines_/maps) by extension 'ignore_ament_install'
[2.271s] Level 1:colcon.colcon_core.package_identification:_identify(maps_racelines_/maps) by extensions ['colcon_pkg']
[2.272s] Level 1:colcon.colcon_core.package_identification:_identify(maps_racelines_/maps) by extension 'colcon_pkg'
[2.272s] Level 1:colcon.colcon_core.package_identification:_identify(maps_racelines_/maps) by extensions ['colcon_meta']
[2.272s] Level 1:colcon.colcon_core.package_identification:_identify(maps_racelines_/maps) by extension 'colcon_meta'
[2.273s] Level 1:colcon.colcon_core.package_identification:_identify(maps_racelines_/maps) by extensions ['ros']
[2.273s] Level 1:colcon.colcon_core.package_identification:_identify(maps_racelines_/maps) by extension 'ros'
[2.274s] Level 1:colcon.colcon_core.package_identification:_identify(maps_racelines_/maps) by extensions ['cmake', 'python']
[2.274s] Level 1:colcon.colcon_core.package_identification:_identify(maps_racelines_/maps) by extension 'cmake'
[2.274s] Level 1:colcon.colcon_core.package_identification:_identify(maps_racelines_/maps) by extension 'python'
[2.274s] Level 1:colcon.colcon_core.package_identification:_identify(maps_racelines_/maps) by extensions ['python_setup_py']
[2.275s] Level 1:colcon.colcon_core.package_identification:_identify(maps_racelines_/maps) by extension 'python_setup_py'
[2.275s] Level 1:colcon.colcon_core.package_identification:_identify(maps_racelines_/raceline) by extensions ['ignore', 'ignore_ament_install']
[2.276s] Level 1:colcon.colcon_core.package_identification:_identify(maps_racelines_/raceline) by extension 'ignore'
[2.276s] Level 1:colcon.colcon_core.package_identification:_identify(maps_racelines_/raceline) by extension 'ignore_ament_install'
[2.276s] Level 1:colcon.colcon_core.package_identification:_identify(maps_racelines_/raceline) by extensions ['colcon_pkg']
[2.277s] Level 1:colcon.colcon_core.package_identification:_identify(maps_racelines_/raceline) by extension 'colcon_pkg'
[2.277s] Level 1:colcon.colcon_core.package_identification:_identify(maps_racelines_/raceline) by extensions ['colcon_meta']
[2.277s] Level 1:colcon.colcon_core.package_identification:_identify(maps_racelines_/raceline) by extension 'colcon_meta'
[2.278s] Level 1:colcon.colcon_core.package_identification:_identify(maps_racelines_/raceline) by extensions ['ros']
[2.278s] Level 1:colcon.colcon_core.package_identification:_identify(maps_racelines_/raceline) by extension 'ros'
[2.278s] Level 1:colcon.colcon_core.package_identification:_identify(maps_racelines_/raceline) by extensions ['cmake', 'python']
[2.279s] Level 1:colcon.colcon_core.package_identification:_identify(maps_racelines_/raceline) by extension 'cmake'
[2.279s] Level 1:colcon.colcon_core.package_identification:_identify(maps_racelines_/raceline) by extension 'python'
[2.279s] Level 1:colcon.colcon_core.package_identification:_identify(maps_racelines_/raceline) by extensions ['python_setup_py']
[2.279s] Level 1:colcon.colcon_core.package_identification:_identify(maps_racelines_/raceline) by extension 'python_setup_py'
[2.280s] Level 1:colcon.colcon_core.package_identification:_identify(maps_racelines_/src) by extensions ['ignore', 'ignore_ament_install']
[2.280s] Level 1:colcon.colcon_core.package_identification:_identify(maps_racelines_/src) by extension 'ignore'
[2.281s] Level 1:colcon.colcon_core.package_identification:_identify(maps_racelines_/src) by extension 'ignore_ament_install'
[2.281s] Level 1:colcon.colcon_core.package_identification:_identify(maps_racelines_/src) by extensions ['colcon_pkg']
[2.281s] Level 1:colcon.colcon_core.package_identification:_identify(maps_racelines_/src) by extension 'colcon_pkg'
[2.282s] Level 1:colcon.colcon_core.package_identification:_identify(maps_racelines_/src) by extensions ['colcon_meta']
[2.282s] Level 1:colcon.colcon_core.package_identification:_identify(maps_racelines_/src) by extension 'colcon_meta'
[2.282s] Level 1:colcon.colcon_core.package_identification:_identify(maps_racelines_/src) by extensions ['ros']
[2.282s] Level 1:colcon.colcon_core.package_identification:_identify(maps_racelines_/src) by extension 'ros'
[2.283s] Level 1:colcon.colcon_core.package_identification:_identify(maps_racelines_/src) by extensions ['cmake', 'python']
[2.283s] Level 1:colcon.colcon_core.package_identification:_identify(maps_racelines_/src) by extension 'cmake'
[2.283s] Level 1:colcon.colcon_core.package_identification:_identify(maps_racelines_/src) by extension 'python'
[2.283s] Level 1:colcon.colcon_core.package_identification:_identify(maps_racelines_/src) by extensions ['python_setup_py']
[2.284s] Level 1:colcon.colcon_core.package_identification:_identify(maps_racelines_/src) by extension 'python_setup_py'
[2.284s] Level 1:colcon.colcon_core.package_identification:_identify(maps_racelines_/src/__pycache__) by extensions ['ignore', 'ignore_ament_install']
[2.285s] Level 1:colcon.colcon_core.package_identification:_identify(maps_racelines_/src/__pycache__) by extension 'ignore'
[2.285s] Level 1:colcon.colcon_core.package_identification:_identify(maps_racelines_/src/__pycache__) by extension 'ignore_ament_install'
[2.286s] Level 1:colcon.colcon_core.package_identification:_identify(maps_racelines_/src/__pycache__) by extensions ['colcon_pkg']
[2.286s] Level 1:colcon.colcon_core.package_identification:_identify(maps_racelines_/src/__pycache__) by extension 'colcon_pkg'
[2.286s] Level 1:colcon.colcon_core.package_identification:_identify(maps_racelines_/src/__pycache__) by extensions ['colcon_meta']
[2.286s] Level 1:colcon.colcon_core.package_identification:_identify(maps_racelines_/src/__pycache__) by extension 'colcon_meta'
[2.287s] Level 1:colcon.colcon_core.package_identification:_identify(maps_racelines_/src/__pycache__) by extensions ['ros']
[2.287s] Level 1:colcon.colcon_core.package_identification:_identify(maps_racelines_/src/__pycache__) by extension 'ros'
[2.287s] Level 1:colcon.colcon_core.package_identification:_identify(maps_racelines_/src/__pycache__) by extensions ['cmake', 'python']
[2.287s] Level 1:colcon.colcon_core.package_identification:_identify(maps_racelines_/src/__pycache__) by extension 'cmake'
[2.288s] Level 1:colcon.colcon_core.package_identification:_identify(maps_racelines_/src/__pycache__) by extension 'python'
[2.288s] Level 1:colcon.colcon_core.package_identification:_identify(maps_racelines_/src/__pycache__) by extensions ['python_setup_py']
[2.288s] Level 1:colcon.colcon_core.package_identification:_identify(maps_racelines_/src/__pycache__) by extension 'python_setup_py'
[2.289s] Level 1:colcon.colcon_core.package_identification:_identify(maps_racelines_/src/outputs) by extensions ['ignore', 'ignore_ament_install']
[2.289s] Level 1:colcon.colcon_core.package_identification:_identify(maps_racelines_/src/outputs) by extension 'ignore'
[2.290s] Level 1:colcon.colcon_core.package_identification:_identify(maps_racelines_/src/outputs) by extension 'ignore_ament_install'
[2.290s] Level 1:colcon.colcon_core.package_identification:_identify(maps_racelines_/src/outputs) by extensions ['colcon_pkg']
[2.290s] Level 1:colcon.colcon_core.package_identification:_identify(maps_racelines_/src/outputs) by extension 'colcon_pkg'
[2.291s] Level 1:colcon.colcon_core.package_identification:_identify(maps_racelines_/src/outputs) by extensions ['colcon_meta']
[2.291s] Level 1:colcon.colcon_core.package_identification:_identify(maps_racelines_/src/outputs) by extension 'colcon_meta'
[2.292s] Level 1:colcon.colcon_core.package_identification:_identify(maps_racelines_/src/outputs) by extensions ['ros']
[2.292s] Level 1:colcon.colcon_core.package_identification:_identify(maps_racelines_/src/outputs) by extension 'ros'
[2.293s] Level 1:colcon.colcon_core.package_identification:_identify(maps_racelines_/src/outputs) by extensions ['cmake', 'python']
[2.293s] Level 1:colcon.colcon_core.package_identification:_identify(maps_racelines_/src/outputs) by extension 'cmake'
[2.294s] Level 1:colcon.colcon_core.package_identification:_identify(maps_racelines_/src/outputs) by extension 'python'
[2.294s] Level 1:colcon.colcon_core.package_identification:_identify(maps_racelines_/src/outputs) by extensions ['python_setup_py']
[2.294s] Level 1:colcon.colcon_core.package_identification:_identify(maps_racelines_/src/outputs) by extension 'python_setup_py'
[2.295s] Level 1:colcon.colcon_core.package_identification:_identify(maps_racelines_/src/outputs/gap_map_path) by extensions ['ignore', 'ignore_ament_install']
[2.295s] Level 1:colcon.colcon_core.package_identification:_identify(maps_racelines_/src/outputs/gap_map_path) by extension 'ignore'
[2.296s] Level 1:colcon.colcon_core.package_identification:_identify(maps_racelines_/src/outputs/gap_map_path) by extension 'ignore_ament_install'
[2.296s] Level 1:colcon.colcon_core.package_identification:_identify(maps_racelines_/src/outputs/gap_map_path) by extensions ['colcon_pkg']
[2.296s] Level 1:colcon.colcon_core.package_identification:_identify(maps_racelines_/src/outputs/gap_map_path) by extension 'colcon_pkg'
[2.296s] Level 1:colcon.colcon_core.package_identification:_identify(maps_racelines_/src/outputs/gap_map_path) by extensions ['colcon_meta']
[2.297s] Level 1:colcon.colcon_core.package_identification:_identify(maps_racelines_/src/outputs/gap_map_path) by extension 'colcon_meta'
[2.297s] Level 1:colcon.colcon_core.package_identification:_identify(maps_racelines_/src/outputs/gap_map_path) by extensions ['ros']
[2.297s] Level 1:colcon.colcon_core.package_identification:_identify(maps_racelines_/src/outputs/gap_map_path) by extension 'ros'
[2.298s] Level 1:colcon.colcon_core.package_identification:_identify(maps_racelines_/src/outputs/gap_map_path) by extensions ['cmake', 'python']
[2.298s] Level 1:colcon.colcon_core.package_identification:_identify(maps_racelines_/src/outputs/gap_map_path) by extension 'cmake'
[2.298s] Level 1:colcon.colcon_core.package_identification:_identify(maps_racelines_/src/outputs/gap_map_path) by extension 'python'
[2.299s] Level 1:colcon.colcon_core.package_identification:_identify(maps_racelines_/src/outputs/gap_map_path) by extensions ['python_setup_py']
[2.299s] Level 1:colcon.colcon_core.package_identification:_identify(maps_racelines_/src/outputs/gap_map_path) by extension 'python_setup_py'
[2.300s] Level 1:colcon.colcon_core.package_identification:_identify(maps_racelines_/src/params) by extensions ['ignore', 'ignore_ament_install']
[2.300s] Level 1:colcon.colcon_core.package_identification:_identify(maps_racelines_/src/params) by extension 'ignore'
[2.300s] Level 1:colcon.colcon_core.package_identification:_identify(maps_racelines_/src/params) by extension 'ignore_ament_install'
[2.301s] Level 1:colcon.colcon_core.package_identification:_identify(maps_racelines_/src/params) by extensions ['colcon_pkg']
[2.301s] Level 1:colcon.colcon_core.package_identification:_identify(maps_racelines_/src/params) by extension 'colcon_pkg'
[2.301s] Level 1:colcon.colcon_core.package_identification:_identify(maps_racelines_/src/params) by extensions ['colcon_meta']
[2.302s] Level 1:colcon.colcon_core.package_identification:_identify(maps_racelines_/src/params) by extension 'colcon_meta'
[2.302s] Level 1:colcon.colcon_core.package_identification:_identify(maps_racelines_/src/params) by extensions ['ros']
[2.302s] Level 1:colcon.colcon_core.package_identification:_identify(maps_racelines_/src/params) by extension 'ros'
[2.303s] Level 1:colcon.colcon_core.package_identification:_identify(maps_racelines_/src/params) by extensions ['cmake', 'python']
[2.303s] Level 1:colcon.colcon_core.package_identification:_identify(maps_racelines_/src/params) by extension 'cmake'
[2.303s] Level 1:colcon.colcon_core.package_identification:_identify(maps_racelines_/src/params) by extension 'python'
[2.303s] Level 1:colcon.colcon_core.package_identification:_identify(maps_racelines_/src/params) by extensions ['python_setup_py']
[2.304s] Level 1:colcon.colcon_core.package_identification:_identify(maps_racelines_/src/params) by extension 'python_setup_py'
[2.304s] Level 1:colcon.colcon_core.package_identification:_identify(maps_racelines_/src/temp) by extensions ['ignore', 'ignore_ament_install']
[2.305s] Level 1:colcon.colcon_core.package_identification:_identify(maps_racelines_/src/temp) by extension 'ignore'
[2.305s] Level 1:colcon.colcon_core.package_identification:_identify(maps_racelines_/src/temp) by extension 'ignore_ament_install'
[2.306s] Level 1:colcon.colcon_core.package_identification:_identify(maps_racelines_/src/temp) by extensions ['colcon_pkg']
[2.306s] Level 1:colcon.colcon_core.package_identification:_identify(maps_racelines_/src/temp) by extension 'colcon_pkg'
[2.306s] Level 1:colcon.colcon_core.package_identification:_identify(maps_racelines_/src/temp) by extensions ['colcon_meta']
[2.306s] Level 1:colcon.colcon_core.package_identification:_identify(maps_racelines_/src/temp) by extension 'colcon_meta'
[2.307s] Level 1:colcon.colcon_core.package_identification:_identify(maps_racelines_/src/temp) by extensions ['ros']
[2.307s] Level 1:colcon.colcon_core.package_identification:_identify(maps_racelines_/src/temp) by extension 'ros'
[2.308s] Level 1:colcon.colcon_core.package_identification:_identify(maps_racelines_/src/temp) by extensions ['cmake', 'python']
[2.308s] Level 1:colcon.colcon_core.package_identification:_identify(maps_racelines_/src/temp) by extension 'cmake'
[2.309s] Level 1:colcon.colcon_core.package_identification:_identify(maps_racelines_/src/temp) by extension 'python'
[2.310s] Level 1:colcon.colcon_core.package_identification:_identify(maps_racelines_/src/temp) by extensions ['python_setup_py']
[2.310s] Level 1:colcon.colcon_core.package_identification:_identify(maps_racelines_/src/temp) by extension 'python_setup_py'
[2.310s] Level 1:colcon.colcon_core.package_identification:_identify(rosbag) by extensions ['ignore', 'ignore_ament_install']
[2.311s] Level 1:colcon.colcon_core.package_identification:_identify(rosbag) by extension 'ignore'
[2.311s] Level 1:colcon.colcon_core.package_identification:_identify(rosbag) by extension 'ignore_ament_install'
[2.312s] Level 1:colcon.colcon_core.package_identification:_identify(rosbag) by extensions ['colcon_pkg']
[2.312s] Level 1:colcon.colcon_core.package_identification:_identify(rosbag) by extension 'colcon_pkg'
[2.312s] Level 1:colcon.colcon_core.package_identification:_identify(rosbag) by extensions ['colcon_meta']
[2.312s] Level 1:colcon.colcon_core.package_identification:_identify(rosbag) by extension 'colcon_meta'
[2.313s] Level 1:colcon.colcon_core.package_identification:_identify(rosbag) by extensions ['ros']
[2.313s] Level 1:colcon.colcon_core.package_identification:_identify(rosbag) by extension 'ros'
[2.313s] Level 1:colcon.colcon_core.package_identification:_identify(rosbag) by extensions ['cmake', 'python']
[2.314s] Level 1:colcon.colcon_core.package_identification:_identify(rosbag) by extension 'cmake'
[2.314s] Level 1:colcon.colcon_core.package_identification:_identify(rosbag) by extension 'python'
[2.314s] Level 1:colcon.colcon_core.package_identification:_identify(rosbag) by extensions ['python_setup_py']
[2.314s] Level 1:colcon.colcon_core.package_identification:_identify(rosbag) by extension 'python_setup_py'
[2.315s] Level 1:colcon.colcon_core.package_identification:_identify(rosbag/rosbag2_2025_09_18-18_36_26) by extensions ['ignore', 'ignore_ament_install']
[2.316s] Level 1:colcon.colcon_core.package_identification:_identify(rosbag/rosbag2_2025_09_18-18_36_26) by extension 'ignore'
[2.316s] Level 1:colcon.colcon_core.package_identification:_identify(rosbag/rosbag2_2025_09_18-18_36_26) by extension 'ignore_ament_install'
[2.316s] Level 1:colcon.colcon_core.package_identification:_identify(rosbag/rosbag2_2025_09_18-18_36_26) by extensions ['colcon_pkg']
[2.316s] Level 1:colcon.colcon_core.package_identification:_identify(rosbag/rosbag2_2025_09_18-18_36_26) by extension 'colcon_pkg'
[2.317s] Level 1:colcon.colcon_core.package_identification:_identify(rosbag/rosbag2_2025_09_18-18_36_26) by extensions ['colcon_meta']
[2.317s] Level 1:colcon.colcon_core.package_identification:_identify(rosbag/rosbag2_2025_09_18-18_36_26) by extension 'colcon_meta'
[2.317s] Level 1:colcon.colcon_core.package_identification:_identify(rosbag/rosbag2_2025_09_18-18_36_26) by extensions ['ros']
[2.318s] Level 1:colcon.colcon_core.package_identification:_identify(rosbag/rosbag2_2025_09_18-18_36_26) by extension 'ros'
[2.318s] Level 1:colcon.colcon_core.package_identification:_identify(rosbag/rosbag2_2025_09_18-18_36_26) by extensions ['cmake', 'python']
[2.318s] Level 1:colcon.colcon_core.package_identification:_identify(rosbag/rosbag2_2025_09_18-18_36_26) by extension 'cmake'
[2.319s] Level 1:colcon.colcon_core.package_identification:_identify(rosbag/rosbag2_2025_09_18-18_36_26) by extension 'python'
[2.319s] Level 1:colcon.colcon_core.package_identification:_identify(rosbag/rosbag2_2025_09_18-18_36_26) by extensions ['python_setup_py']
[2.319s] Level 1:colcon.colcon_core.package_identification:_identify(rosbag/rosbag2_2025_09_18-18_36_26) by extension 'python_setup_py'
[2.320s] Level 1:colcon.colcon_core.package_identification:_identify(src) by extensions ['ignore', 'ignore_ament_install']
[2.320s] Level 1:colcon.colcon_core.package_identification:_identify(src) by extension 'ignore'
[2.321s] Level 1:colcon.colcon_core.package_identification:_identify(src) by extension 'ignore_ament_install'
[2.321s] Level 1:colcon.colcon_core.package_identification:_identify(src) by extensions ['colcon_pkg']
[2.321s] Level 1:colcon.colcon_core.package_identification:_identify(src) by extension 'colcon_pkg'
[2.322s] Level 1:colcon.colcon_core.package_identification:_identify(src) by extensions ['colcon_meta']
[2.322s] Level 1:colcon.colcon_core.package_identification:_identify(src) by extension 'colcon_meta'
[2.322s] Level 1:colcon.colcon_core.package_identification:_identify(src) by extensions ['ros']
[2.322s] Level 1:colcon.colcon_core.package_identification:_identify(src) by extension 'ros'
[2.323s] Level 1:colcon.colcon_core.package_identification:_identify(src) by extensions ['cmake', 'python']
[2.323s] Level 1:colcon.colcon_core.package_identification:_identify(src) by extension 'cmake'
[2.323s] Level 1:colcon.colcon_core.package_identification:_identify(src) by extension 'python'
[2.324s] Level 1:colcon.colcon_core.package_identification:_identify(src) by extensions ['python_setup_py']
[2.324s] Level 1:colcon.colcon_core.package_identification:_identify(src) by extension 'python_setup_py'
[2.324s] Level 1:colcon.colcon_core.package_identification:_identify(src/build) by extensions ['ignore', 'ignore_ament_install']
[2.325s] Level 1:colcon.colcon_core.package_identification:_identify(src/build) by extension 'ignore'
[2.325s] Level 1:colcon.colcon_core.package_identification:_identify(src/build) ignored
[2.326s] Level 1:colcon.colcon_core.package_identification:_identify(src/center_follow_cpp) by extensions ['ignore', 'ignore_ament_install']
[2.327s] Level 1:colcon.colcon_core.package_identification:_identify(src/center_follow_cpp) by extension 'ignore'
[2.327s] Level 1:colcon.colcon_core.package_identification:_identify(src/center_follow_cpp) by extension 'ignore_ament_install'
[2.328s] Level 1:colcon.colcon_core.package_identification:_identify(src/center_follow_cpp) by extensions ['colcon_pkg']
[2.328s] Level 1:colcon.colcon_core.package_identification:_identify(src/center_follow_cpp) by extension 'colcon_pkg'
[2.328s] Level 1:colcon.colcon_core.package_identification:_identify(src/center_follow_cpp) by extensions ['colcon_meta']
[2.328s] Level 1:colcon.colcon_core.package_identification:_identify(src/center_follow_cpp) by extension 'colcon_meta'
[2.329s] Level 1:colcon.colcon_core.package_identification:_identify(src/center_follow_cpp) by extensions ['ros']
[2.330s] Level 1:colcon.colcon_core.package_identification:_identify(src/center_follow_cpp) by extension 'ros'
[2.347s] DEBUG:colcon.colcon_core.package_identification:Package 'src/center_follow_cpp' with type 'ros.ament_cmake' and name 'center_follow_cpp'
[2.348s] Level 1:colcon.colcon_core.package_identification:_identify(src/f1tenth_slam_nav) by extensions ['ignore', 'ignore_ament_install']
[2.349s] Level 1:colcon.colcon_core.package_identification:_identify(src/f1tenth_slam_nav) by extension 'ignore'
[2.349s] Level 1:colcon.colcon_core.package_identification:_identify(src/f1tenth_slam_nav) by extension 'ignore_ament_install'
[2.349s] Level 1:colcon.colcon_core.package_identification:_identify(src/f1tenth_slam_nav) by extensions ['colcon_pkg']
[2.350s] Level 1:colcon.colcon_core.package_identification:_identify(src/f1tenth_slam_nav) by extension 'colcon_pkg'
[2.350s] Level 1:colcon.colcon_core.package_identification:_identify(src/f1tenth_slam_nav) by extensions ['colcon_meta']
[2.350s] Level 1:colcon.colcon_core.package_identification:_identify(src/f1tenth_slam_nav) by extension 'colcon_meta'
[2.350s] Level 1:colcon.colcon_core.package_identification:_identify(src/f1tenth_slam_nav) by extensions ['ros']
[2.351s] Level 1:colcon.colcon_core.package_identification:_identify(src/f1tenth_slam_nav) by extension 'ros'
[2.370s] DEBUG:colcon.colcon_core.package_identification:Package 'src/f1tenth_slam_nav' with type 'ros.ament_cmake' and name 'f1tenth_slam_nav'
[2.371s] Level 1:colcon.colcon_core.package_identification:_identify(src/f1tenth_system) by extensions ['ignore', 'ignore_ament_install']
[2.372s] Level 1:colcon.colcon_core.package_identification:_identify(src/f1tenth_system) by extension 'ignore'
[2.372s] Level 1:colcon.colcon_core.package_identification:_identify(src/f1tenth_system) by extension 'ignore_ament_install'
[2.373s] Level 1:colcon.colcon_core.package_identification:_identify(src/f1tenth_system) by extensions ['colcon_pkg']
[2.373s] Level 1:colcon.colcon_core.package_identification:_identify(src/f1tenth_system) by extension 'colcon_pkg'
[2.373s] Level 1:colcon.colcon_core.package_identification:_identify(src/f1tenth_system) by extensions ['colcon_meta']
[2.373s] Level 1:colcon.colcon_core.package_identification:_identify(src/f1tenth_system) by extension 'colcon_meta'
[2.374s] Level 1:colcon.colcon_core.package_identification:_identify(src/f1tenth_system) by extensions ['ros']
[2.374s] Level 1:colcon.colcon_core.package_identification:_identify(src/f1tenth_system) by extension 'ros'
[2.375s] Level 1:colcon.colcon_core.package_identification:_identify(src/f1tenth_system) by extensions ['cmake', 'python']
[2.375s] Level 1:colcon.colcon_core.package_identification:_identify(src/f1tenth_system) by extension 'cmake'
[2.375s] Level 1:colcon.colcon_core.package_identification:_identify(src/f1tenth_system) by extension 'python'
[2.375s] Level 1:colcon.colcon_core.package_identification:_identify(src/f1tenth_system) by extensions ['python_setup_py']
[2.375s] Level 1:colcon.colcon_core.package_identification:_identify(src/f1tenth_system) by extension 'python_setup_py'
[2.376s] Level 1:colcon.colcon_core.package_identification:_identify(src/f1tenth_system/ackermann_mux) by extensions ['ignore', 'ignore_ament_install']
[2.377s] Level 1:colcon.colcon_core.package_identification:_identify(src/f1tenth_system/ackermann_mux) by extension 'ignore'
[2.377s] Level 1:colcon.colcon_core.package_identification:_identify(src/f1tenth_system/ackermann_mux) by extension 'ignore_ament_install'
[2.379s] Level 1:colcon.colcon_core.package_identification:_identify(src/f1tenth_system/ackermann_mux) by extensions ['colcon_pkg']
[2.379s] Level 1:colcon.colcon_core.package_identification:_identify(src/f1tenth_system/ackermann_mux) by extension 'colcon_pkg'
[2.379s] Level 1:colcon.colcon_core.package_identification:_identify(src/f1tenth_system/ackermann_mux) by extensions ['colcon_meta']
[2.380s] Level 1:colcon.colcon_core.package_identification:_identify(src/f1tenth_system/ackermann_mux) by extension 'colcon_meta'
[2.380s] Level 1:colcon.colcon_core.package_identification:_identify(src/f1tenth_system/ackermann_mux) by extensions ['ros']
[2.380s] Level 1:colcon.colcon_core.package_identification:_identify(src/f1tenth_system/ackermann_mux) by extension 'ros'
[2.386s] DEBUG:colcon.colcon_core.package_identification:Package 'src/f1tenth_system/ackermann_mux' with type 'ros.ament_cmake' and name 'ackermann_mux'
[2.387s] Level 1:colcon.colcon_core.package_identification:_identify(src/f1tenth_system/f1tenth_stack) by extensions ['ignore', 'ignore_ament_install']
[2.388s] Level 1:colcon.colcon_core.package_identification:_identify(src/f1tenth_system/f1tenth_stack) by extension 'ignore'
[2.388s] Level 1:colcon.colcon_core.package_identification:_identify(src/f1tenth_system/f1tenth_stack) by extension 'ignore_ament_install'
[2.388s] Level 1:colcon.colcon_core.package_identification:_identify(src/f1tenth_system/f1tenth_stack) by extensions ['colcon_pkg']
[2.389s] Level 1:colcon.colcon_core.package_identification:_identify(src/f1tenth_system/f1tenth_stack) by extension 'colcon_pkg'
[2.389s] Level 1:colcon.colcon_core.package_identification:_identify(src/f1tenth_system/f1tenth_stack) by extensions ['colcon_meta']
[2.389s] Level 1:colcon.colcon_core.package_identification:_identify(src/f1tenth_system/f1tenth_stack) by extension 'colcon_meta'
[2.389s] Level 1:colcon.colcon_core.package_identification:_identify(src/f1tenth_system/f1tenth_stack) by extensions ['ros']
[2.390s] Level 1:colcon.colcon_core.package_identification:_identify(src/f1tenth_system/f1tenth_stack) by extension 'ros'
[2.396s] DEBUG:colcon.colcon_core.package_identification:Package 'src/f1tenth_system/f1tenth_stack' with type 'ros.ament_python' and name 'f1tenth_stack'
[2.397s] Level 1:colcon.colcon_core.package_identification:_identify(src/f1tenth_system/scripts) by extensions ['ignore', 'ignore_ament_install']
[2.397s] Level 1:colcon.colcon_core.package_identification:_identify(src/f1tenth_system/scripts) by extension 'ignore'
[2.398s] Level 1:colcon.colcon_core.package_identification:_identify(src/f1tenth_system/scripts) by extension 'ignore_ament_install'
[2.398s] Level 1:colcon.colcon_core.package_identification:_identify(src/f1tenth_system/scripts) by extensions ['colcon_pkg']
[2.398s] Level 1:colcon.colcon_core.package_identification:_identify(src/f1tenth_system/scripts) by extension 'colcon_pkg'
[2.399s] Level 1:colcon.colcon_core.package_identification:_identify(src/f1tenth_system/scripts) by extensions ['colcon_meta']
[2.399s] Level 1:colcon.colcon_core.package_identification:_identify(src/f1tenth_system/scripts) by extension 'colcon_meta'
[2.399s] Level 1:colcon.colcon_core.package_identification:_identify(src/f1tenth_system/scripts) by extensions ['ros']
[2.399s] Level 1:colcon.colcon_core.package_identification:_identify(src/f1tenth_system/scripts) by extension 'ros'
[2.400s] Level 1:colcon.colcon_core.package_identification:_identify(src/f1tenth_system/scripts) by extensions ['cmake', 'python']
[2.400s] Level 1:colcon.colcon_core.package_identification:_identify(src/f1tenth_system/scripts) by extension 'cmake'
[2.400s] Level 1:colcon.colcon_core.package_identification:_identify(src/f1tenth_system/scripts) by extension 'python'
[2.400s] Level 1:colcon.colcon_core.package_identification:_identify(src/f1tenth_system/scripts) by extensions ['python_setup_py']
[2.401s] Level 1:colcon.colcon_core.package_identification:_identify(src/f1tenth_system/scripts) by extension 'python_setup_py'
[2.401s] Level 1:colcon.colcon_core.package_identification:_identify(src/f1tenth_system/teleop_tools) by extensions ['ignore', 'ignore_ament_install']
[2.402s] Level 1:colcon.colcon_core.package_identification:_identify(src/f1tenth_system/teleop_tools) by extension 'ignore'
[2.402s] Level 1:colcon.colcon_core.package_identification:_identify(src/f1tenth_system/teleop_tools) by extension 'ignore_ament_install'
[2.402s] Level 1:colcon.colcon_core.package_identification:_identify(src/f1tenth_system/teleop_tools) by extensions ['colcon_pkg']
[2.403s] Level 1:colcon.colcon_core.package_identification:_identify(src/f1tenth_system/teleop_tools) by extension 'colcon_pkg'
[2.403s] Level 1:colcon.colcon_core.package_identification:_identify(src/f1tenth_system/teleop_tools) by extensions ['colcon_meta']
[2.403s] Level 1:colcon.colcon_core.package_identification:_identify(src/f1tenth_system/teleop_tools) by extension 'colcon_meta'
[2.403s] Level 1:colcon.colcon_core.package_identification:_identify(src/f1tenth_system/teleop_tools) by extensions ['ros']
[2.404s] Level 1:colcon.colcon_core.package_identification:_identify(src/f1tenth_system/teleop_tools) by extension 'ros'
[2.404s] Level 1:colcon.colcon_core.package_identification:_identify(src/f1tenth_system/teleop_tools) by extensions ['cmake', 'python']
[2.404s] Level 1:colcon.colcon_core.package_identification:_identify(src/f1tenth_system/teleop_tools) by extension 'cmake'
[2.404s] Level 1:colcon.colcon_core.package_identification:_identify(src/f1tenth_system/teleop_tools) by extension 'python'
[2.405s] Level 1:colcon.colcon_core.package_identification:_identify(src/f1tenth_system/teleop_tools) by extensions ['python_setup_py']
[2.405s] Level 1:colcon.colcon_core.package_identification:_identify(src/f1tenth_system/teleop_tools) by extension 'python_setup_py'
[2.406s] Level 1:colcon.colcon_core.package_identification:_identify(src/f1tenth_system/teleop_tools/joy_teleop) by extensions ['ignore', 'ignore_ament_install']
[2.406s] Level 1:colcon.colcon_core.package_identification:_identify(src/f1tenth_system/teleop_tools/joy_teleop) by extension 'ignore'
[2.406s] Level 1:colcon.colcon_core.package_identification:_identify(src/f1tenth_system/teleop_tools/joy_teleop) by extension 'ignore_ament_install'
[2.407s] Level 1:colcon.colcon_core.package_identification:_identify(src/f1tenth_system/teleop_tools/joy_teleop) by extensions ['colcon_pkg']
[2.407s] Level 1:colcon.colcon_core.package_identification:_identify(src/f1tenth_system/teleop_tools/joy_teleop) by extension 'colcon_pkg'
[2.407s] Level 1:colcon.colcon_core.package_identification:_identify(src/f1tenth_system/teleop_tools/joy_teleop) by extensions ['colcon_meta']
[2.408s] Level 1:colcon.colcon_core.package_identification:_identify(src/f1tenth_system/teleop_tools/joy_teleop) by extension 'colcon_meta'
[2.408s] Level 1:colcon.colcon_core.package_identification:_identify(src/f1tenth_system/teleop_tools/joy_teleop) by extensions ['ros']
[2.408s] Level 1:colcon.colcon_core.package_identification:_identify(src/f1tenth_system/teleop_tools/joy_teleop) by extension 'ros'
[2.413s] DEBUG:colcon.colcon_core.package_identification:Package 'src/f1tenth_system/teleop_tools/joy_teleop' with type 'ros.ament_python' and name 'joy_teleop'
[2.414s] Level 1:colcon.colcon_core.package_identification:_identify(src/f1tenth_system/teleop_tools/key_teleop) by extensions ['ignore', 'ignore_ament_install']
[2.414s] Level 1:colcon.colcon_core.package_identification:_identify(src/f1tenth_system/teleop_tools/key_teleop) by extension 'ignore'
[2.415s] Level 1:colcon.colcon_core.package_identification:_identify(src/f1tenth_system/teleop_tools/key_teleop) by extension 'ignore_ament_install'
[2.415s] Level 1:colcon.colcon_core.package_identification:_identify(src/f1tenth_system/teleop_tools/key_teleop) by extensions ['colcon_pkg']
[2.415s] Level 1:colcon.colcon_core.package_identification:_identify(src/f1tenth_system/teleop_tools/key_teleop) by extension 'colcon_pkg'
[2.415s] Level 1:colcon.colcon_core.package_identification:_identify(src/f1tenth_system/teleop_tools/key_teleop) by extensions ['colcon_meta']
[2.416s] Level 1:colcon.colcon_core.package_identification:_identify(src/f1tenth_system/teleop_tools/key_teleop) by extension 'colcon_meta'
[2.416s] Level 1:colcon.colcon_core.package_identification:_identify(src/f1tenth_system/teleop_tools/key_teleop) by extensions ['ros']
[2.416s] Level 1:colcon.colcon_core.package_identification:_identify(src/f1tenth_system/teleop_tools/key_teleop) by extension 'ros'
[2.420s] DEBUG:colcon.colcon_core.package_identification:Package 'src/f1tenth_system/teleop_tools/key_teleop' with type 'ros.ament_python' and name 'key_teleop'
[2.421s] Level 1:colcon.colcon_core.package_identification:_identify(src/f1tenth_system/teleop_tools/mouse_teleop) by extensions ['ignore', 'ignore_ament_install']
[2.422s] Level 1:colcon.colcon_core.package_identification:_identify(src/f1tenth_system/teleop_tools/mouse_teleop) by extension 'ignore'
[2.422s] Level 1:colcon.colcon_core.package_identification:_identify(src/f1tenth_system/teleop_tools/mouse_teleop) by extension 'ignore_ament_install'
[2.423s] Level 1:colcon.colcon_core.package_identification:_identify(src/f1tenth_system/teleop_tools/mouse_teleop) by extensions ['colcon_pkg']
[2.423s] Level 1:colcon.colcon_core.package_identification:_identify(src/f1tenth_system/teleop_tools/mouse_teleop) by extension 'colcon_pkg'
[2.423s] Level 1:colcon.colcon_core.package_identification:_identify(src/f1tenth_system/teleop_tools/mouse_teleop) by extensions ['colcon_meta']
[2.423s] Level 1:colcon.colcon_core.package_identification:_identify(src/f1tenth_system/teleop_tools/mouse_teleop) by extension 'colcon_meta'
[2.424s] Level 1:colcon.colcon_core.package_identification:_identify(src/f1tenth_system/teleop_tools/mouse_teleop) by extensions ['ros']
[2.424s] Level 1:colcon.colcon_core.package_identification:_identify(src/f1tenth_system/teleop_tools/mouse_teleop) by extension 'ros'
[2.427s] DEBUG:colcon.colcon_core.package_identification:Package 'src/f1tenth_system/teleop_tools/mouse_teleop' with type 'ros.ament_python' and name 'mouse_teleop'
[2.428s] Level 1:colcon.colcon_core.package_identification:_identify(src/f1tenth_system/teleop_tools/teleop_tools) by extensions ['ignore', 'ignore_ament_install']
[2.429s] Level 1:colcon.colcon_core.package_identification:_identify(src/f1tenth_system/teleop_tools/teleop_tools) by extension 'ignore'
[2.429s] Level 1:colcon.colcon_core.package_identification:_identify(src/f1tenth_system/teleop_tools/teleop_tools) by extension 'ignore_ament_install'
[2.430s] Level 1:colcon.colcon_core.package_identification:_identify(src/f1tenth_system/teleop_tools/teleop_tools) by extensions ['colcon_pkg']
[2.430s] Level 1:colcon.colcon_core.package_identification:_identify(src/f1tenth_system/teleop_tools/teleop_tools) by extension 'colcon_pkg'
[2.430s] Level 1:colcon.colcon_core.package_identification:_identify(src/f1tenth_system/teleop_tools/teleop_tools) by extensions ['colcon_meta']
[2.430s] Level 1:colcon.colcon_core.package_identification:_identify(src/f1tenth_system/teleop_tools/teleop_tools) by extension 'colcon_meta'
[2.431s] Level 1:colcon.colcon_core.package_identification:_identify(src/f1tenth_system/teleop_tools/teleop_tools) by extensions ['ros']
[2.431s] Level 1:colcon.colcon_core.package_identification:_identify(src/f1tenth_system/teleop_tools/teleop_tools) by extension 'ros'
[2.434s] DEBUG:colcon.colcon_core.package_identification:Package 'src/f1tenth_system/teleop_tools/teleop_tools' with type 'ros.ament_cmake' and name 'teleop_tools'
[2.435s] Level 1:colcon.colcon_core.package_identification:_identify(src/f1tenth_system/teleop_tools/teleop_tools_msgs) by extensions ['ignore', 'ignore_ament_install']
[2.435s] Level 1:colcon.colcon_core.package_identification:_identify(src/f1tenth_system/teleop_tools/teleop_tools_msgs) by extension 'ignore'
[2.435s] Level 1:colcon.colcon_core.package_identification:_identify(src/f1tenth_system/teleop_tools/teleop_tools_msgs) by extension 'ignore_ament_install'
[2.437s] Level 1:colcon.colcon_core.package_identification:_identify(src/f1tenth_system/teleop_tools/teleop_tools_msgs) by extensions ['colcon_pkg']
[2.437s] Level 1:colcon.colcon_core.package_identification:_identify(src/f1tenth_system/teleop_tools/teleop_tools_msgs) by extension 'colcon_pkg'
[2.437s] Level 1:colcon.colcon_core.package_identification:_identify(src/f1tenth_system/teleop_tools/teleop_tools_msgs) by extensions ['colcon_meta']
[2.438s] Level 1:colcon.colcon_core.package_identification:_identify(src/f1tenth_system/teleop_tools/teleop_tools_msgs) by extension 'colcon_meta'
[2.438s] Level 1:colcon.colcon_core.package_identification:_identify(src/f1tenth_system/teleop_tools/teleop_tools_msgs) by extensions ['ros']
[2.438s] Level 1:colcon.colcon_core.package_identification:_identify(src/f1tenth_system/teleop_tools/teleop_tools_msgs) by extension 'ros'
[2.442s] DEBUG:colcon.colcon_core.package_identification:Package 'src/f1tenth_system/teleop_tools/teleop_tools_msgs' with type 'ros.ament_cmake' and name 'teleop_tools_msgs'
[2.443s] Level 1:colcon.colcon_core.package_identification:_identify(src/f1tenth_system/vesc) by extensions ['ignore', 'ignore_ament_install']
[2.443s] Level 1:colcon.colcon_core.package_identification:_identify(src/f1tenth_system/vesc) by extension 'ignore'
[2.444s] Level 1:colcon.colcon_core.package_identification:_identify(src/f1tenth_system/vesc) by extension 'ignore_ament_install'
[2.444s] Level 1:colcon.colcon_core.package_identification:_identify(src/f1tenth_system/vesc) by extensions ['colcon_pkg']
[2.444s] Level 1:colcon.colcon_core.package_identification:_identify(src/f1tenth_system/vesc) by extension 'colcon_pkg'
[2.444s] Level 1:colcon.colcon_core.package_identification:_identify(src/f1tenth_system/vesc) by extensions ['colcon_meta']
[2.445s] Level 1:colcon.colcon_core.package_identification:_identify(src/f1tenth_system/vesc) by extension 'colcon_meta'
[2.445s] Level 1:colcon.colcon_core.package_identification:_identify(src/f1tenth_system/vesc) by extensions ['ros']
[2.445s] Level 1:colcon.colcon_core.package_identification:_identify(src/f1tenth_system/vesc) by extension 'ros'
[2.446s] Level 1:colcon.colcon_core.package_identification:_identify(src/f1tenth_system/vesc) by extensions ['cmake', 'python']
[2.446s] Level 1:colcon.colcon_core.package_identification:_identify(src/f1tenth_system/vesc) by extension 'cmake'
[2.446s] Level 1:colcon.colcon_core.package_identification:_identify(src/f1tenth_system/vesc) by extension 'python'
[2.446s] Level 1:colcon.colcon_core.package_identification:_identify(src/f1tenth_system/vesc) by extensions ['python_setup_py']
[2.447s] Level 1:colcon.colcon_core.package_identification:_identify(src/f1tenth_system/vesc) by extension 'python_setup_py'
[2.447s] Level 1:colcon.colcon_core.package_identification:_identify(src/f1tenth_system/vesc/vesc) by extensions ['ignore', 'ignore_ament_install']
[2.448s] Level 1:colcon.colcon_core.package_identification:_identify(src/f1tenth_system/vesc/vesc) by extension 'ignore'
[2.448s] Level 1:colcon.colcon_core.package_identification:_identify(src/f1tenth_system/vesc/vesc) by extension 'ignore_ament_install'
[2.449s] Level 1:colcon.colcon_core.package_identification:_identify(src/f1tenth_system/vesc/vesc) by extensions ['colcon_pkg']
[2.449s] Level 1:colcon.colcon_core.package_identification:_identify(src/f1tenth_system/vesc/vesc) by extension 'colcon_pkg'
[2.449s] Level 1:colcon.colcon_core.package_identification:_identify(src/f1tenth_system/vesc/vesc) by extensions ['colcon_meta']
[2.449s] Level 1:colcon.colcon_core.package_identification:_identify(src/f1tenth_system/vesc/vesc) by extension 'colcon_meta'
[2.450s] Level 1:colcon.colcon_core.package_identification:_identify(src/f1tenth_system/vesc/vesc) by extensions ['ros']
[2.450s] Level 1:colcon.colcon_core.package_identification:_identify(src/f1tenth_system/vesc/vesc) by extension 'ros'
[2.454s] DEBUG:colcon.colcon_core.package_identification:Package 'src/f1tenth_system/vesc/vesc' with type 'ros.ament_cmake' and name 'vesc'
[2.455s] Level 1:colcon.colcon_core.package_identification:_identify(src/f1tenth_system/vesc/vesc_ackermann) by extensions ['ignore', 'ignore_ament_install']
[2.455s] Level 1:colcon.colcon_core.package_identification:_identify(src/f1tenth_system/vesc/vesc_ackermann) by extension 'ignore'
[2.455s] Level 1:colcon.colcon_core.package_identification:_identify(src/f1tenth_system/vesc/vesc_ackermann) by extension 'ignore_ament_install'
[2.456s] Level 1:colcon.colcon_core.package_identification:_identify(src/f1tenth_system/vesc/vesc_ackermann) by extensions ['colcon_pkg']
[2.456s] Level 1:colcon.colcon_core.package_identification:_identify(src/f1tenth_system/vesc/vesc_ackermann) by extension 'colcon_pkg'
[2.456s] Level 1:colcon.colcon_core.package_identification:_identify(src/f1tenth_system/vesc/vesc_ackermann) by extensions ['colcon_meta']
[2.456s] Level 1:colcon.colcon_core.package_identification:_identify(src/f1tenth_system/vesc/vesc_ackermann) by extension 'colcon_meta'
[2.457s] Level 1:colcon.colcon_core.package_identification:_identify(src/f1tenth_system/vesc/vesc_ackermann) by extensions ['ros']
[2.457s] Level 1:colcon.colcon_core.package_identification:_identify(src/f1tenth_system/vesc/vesc_ackermann) by extension 'ros'
[2.465s] DEBUG:colcon.colcon_core.package_identification:Package 'src/f1tenth_system/vesc/vesc_ackermann' with type 'ros.ament_cmake' and name 'vesc_ackermann'
[2.466s] Level 1:colcon.colcon_core.package_identification:_identify(src/f1tenth_system/vesc/vesc_driver) by extensions ['ignore', 'ignore_ament_install']
[2.466s] Level 1:colcon.colcon_core.package_identification:_identify(src/f1tenth_system/vesc/vesc_driver) by extension 'ignore'
[2.467s] Level 1:colcon.colcon_core.package_identification:_identify(src/f1tenth_system/vesc/vesc_driver) by extension 'ignore_ament_install'
[2.467s] Level 1:colcon.colcon_core.package_identification:_identify(src/f1tenth_system/vesc/vesc_driver) by extensions ['colcon_pkg']
[2.467s] Level 1:colcon.colcon_core.package_identification:_identify(src/f1tenth_system/vesc/vesc_driver) by extension 'colcon_pkg'
[2.468s] Level 1:colcon.colcon_core.package_identification:_identify(src/f1tenth_system/vesc/vesc_driver) by extensions ['colcon_meta']
[2.468s] Level 1:colcon.colcon_core.package_identification:_identify(src/f1tenth_system/vesc/vesc_driver) by extension 'colcon_meta'
[2.468s] Level 1:colcon.colcon_core.package_identification:_identify(src/f1tenth_system/vesc/vesc_driver) by extensions ['ros']
[2.468s] Level 1:colcon.colcon_core.package_identification:_identify(src/f1tenth_system/vesc/vesc_driver) by extension 'ros'
[2.475s] DEBUG:colcon.colcon_core.package_identification:Package 'src/f1tenth_system/vesc/vesc_driver' with type 'ros.ament_cmake' and name 'vesc_driver'
[2.476s] Level 1:colcon.colcon_core.package_identification:_identify(src/f1tenth_system/vesc/vesc_msgs) by extensions ['ignore', 'ignore_ament_install']
[2.476s] Level 1:colcon.colcon_core.package_identification:_identify(src/f1tenth_system/vesc/vesc_msgs) by extension 'ignore'
[2.476s] Level 1:colcon.colcon_core.package_identification:_identify(src/f1tenth_system/vesc/vesc_msgs) by extension 'ignore_ament_install'
[2.477s] Level 1:colcon.colcon_core.package_identification:_identify(src/f1tenth_system/vesc/vesc_msgs) by extensions ['colcon_pkg']
[2.477s] Level 1:colcon.colcon_core.package_identification:_identify(src/f1tenth_system/vesc/vesc_msgs) by extension 'colcon_pkg'
[2.477s] Level 1:colcon.colcon_core.package_identification:_identify(src/f1tenth_system/vesc/vesc_msgs) by extensions ['colcon_meta']
[2.477s] Level 1:colcon.colcon_core.package_identification:_identify(src/f1tenth_system/vesc/vesc_msgs) by extension 'colcon_meta'
[2.478s] Level 1:colcon.colcon_core.package_identification:_identify(src/f1tenth_system/vesc/vesc_msgs) by extensions ['ros']
[2.478s] Level 1:colcon.colcon_core.package_identification:_identify(src/f1tenth_system/vesc/vesc_msgs) by extension 'ros'
[2.483s] DEBUG:colcon.colcon_core.package_identification:Package 'src/f1tenth_system/vesc/vesc_msgs' with type 'ros.ament_cmake' and name 'vesc_msgs'
[2.483s] Level 1:colcon.colcon_core.package_identification:_identify(src/install) by extensions ['ignore', 'ignore_ament_install']
[2.484s] Level 1:colcon.colcon_core.package_identification:_identify(src/install) by extension 'ignore'
[2.484s] Level 1:colcon.colcon_core.package_identification:_identify(src/install) ignored
[2.485s] Level 1:colcon.colcon_core.package_identification:_identify(src/log) by extensions ['ignore', 'ignore_ament_install']
[2.485s] Level 1:colcon.colcon_core.package_identification:_identify(src/log) by extension 'ignore'
[2.485s] Level 1:colcon.colcon_core.package_identification:_identify(src/log) ignored
[2.486s] Level 1:colcon.colcon_core.package_identification:_identify(src/path_follow) by extensions ['ignore', 'ignore_ament_install']
[2.486s] Level 1:colcon.colcon_core.package_identification:_identify(src/path_follow) by extension 'ignore'
[2.487s] Level 1:colcon.colcon_core.package_identification:_identify(src/path_follow) by extension 'ignore_ament_install'
[2.487s] Level 1:colcon.colcon_core.package_identification:_identify(src/path_follow) by extensions ['colcon_pkg']
[2.487s] Level 1:colcon.colcon_core.package_identification:_identify(src/path_follow) by extension 'colcon_pkg'
[2.487s] Level 1:colcon.colcon_core.package_identification:_identify(src/path_follow) by extensions ['colcon_meta']
[2.488s] Level 1:colcon.colcon_core.package_identification:_identify(src/path_follow) by extension 'colcon_meta'
[2.488s] Level 1:colcon.colcon_core.package_identification:_identify(src/path_follow) by extensions ['ros']
[2.488s] Level 1:colcon.colcon_core.package_identification:_identify(src/path_follow) by extension 'ros'
[2.494s] DEBUG:colcon.colcon_core.package_identification:Package 'src/path_follow' with type 'ros.ament_cmake' and name 'path_follow'
[2.495s] Level 1:colcon.colcon_core.package_identification:_identify(src/pure_pursuit) by extensions ['ignore', 'ignore_ament_install']
[2.495s] Level 1:colcon.colcon_core.package_identification:_identify(src/pure_pursuit) by extension 'ignore'
[2.496s] Level 1:colcon.colcon_core.package_identification:_identify(src/pure_pursuit) by extension 'ignore_ament_install'
[2.496s] Level 1:colcon.colcon_core.package_identification:_identify(src/pure_pursuit) by extensions ['colcon_pkg']
[2.496s] Level 1:colcon.colcon_core.package_identification:_identify(src/pure_pursuit) by extension 'colcon_pkg'
[2.497s] Level 1:colcon.colcon_core.package_identification:_identify(src/pure_pursuit) by extensions ['colcon_meta']
[2.497s] Level 1:colcon.colcon_core.package_identification:_identify(src/pure_pursuit) by extension 'colcon_meta'
[2.497s] Level 1:colcon.colcon_core.package_identification:_identify(src/pure_pursuit) by extensions ['ros']
[2.497s] Level 1:colcon.colcon_core.package_identification:_identify(src/pure_pursuit) by extension 'ros'
[2.504s] DEBUG:colcon.colcon_core.package_identification:Package 'src/pure_pursuit' with type 'ros.ament_cmake' and name 'pure_pursuit'
[2.504s] Level 1:colcon.colcon_core.package_identification:_identify(src/pygame_key_teleop) by extensions ['ignore', 'ignore_ament_install']
[2.505s] Level 1:colcon.colcon_core.package_identification:_identify(src/pygame_key_teleop) by extension 'ignore'
[2.505s] Level 1:colcon.colcon_core.package_identification:_identify(src/pygame_key_teleop) by extension 'ignore_ament_install'
[2.505s] Level 1:colcon.colcon_core.package_identification:_identify(src/pygame_key_teleop) by extensions ['colcon_pkg']
[2.506s] Level 1:colcon.colcon_core.package_identification:_identify(src/pygame_key_teleop) by extension 'colcon_pkg'
[2.506s] Level 1:colcon.colcon_core.package_identification:_identify(src/pygame_key_teleop) by extensions ['colcon_meta']
[2.506s] Level 1:colcon.colcon_core.package_identification:_identify(src/pygame_key_teleop) by extension 'colcon_meta'
[2.506s] Level 1:colcon.colcon_core.package_identification:_identify(src/pygame_key_teleop) by extensions ['ros']
[2.507s] Level 1:colcon.colcon_core.package_identification:_identify(src/pygame_key_teleop) by extension 'ros'
[2.510s] DEBUG:colcon.colcon_core.package_identification:Package 'src/pygame_key_teleop' with type 'ros.ament_python' and name 'pygame_key_teleop'
[2.510s] Level 1:colcon.colcon_core.package_discovery:discover_packages(recursive) using defaults
[2.510s] Level 1:colcon.colcon_core.package_discovery:discover_packages(ignore) discover
[2.510s] Level 1:colcon.colcon_core.package_discovery:discover_packages(ignore) using defaults
[2.511s] Level 1:colcon.colcon_core.package_discovery:discover_packages(path) discover
[2.511s] Level 1:colcon.colcon_core.package_discovery:discover_packages(path) using defaults
[2.672s] Level 1:colcon.colcon_core.package_discovery:discover_packages(prefix_path) check parameters
[2.672s] Level 1:colcon.colcon_core.package_discovery:discover_packages(prefix_path) discover
[2.693s] DEBUG:colcon.colcon_installed_package_information.package_discovery:Found 21 installed packages in /home/f1/f1tenth_ws/install
[2.705s] DEBUG:colcon.colcon_installed_package_information.package_discovery:Found 311 installed packages in /opt/ros/foxy
[2.718s] Level 1:colcon.colcon_core.package_discovery:discover_packages(prefix_path) using defaults
[3.096s] Level 5:colcon.colcon_core.verb:set package 'ackermann_mux' build argument 'cmake_args' from command line to '['-DCMAKE_BUILD_TYPE=Release']'
[3.096s] Level 5:colcon.colcon_core.verb:set package 'ackermann_mux' build argument 'cmake_target' from command line to 'None'
[3.096s] Level 5:colcon.colcon_core.verb:set package 'ackermann_mux' build argument 'cmake_target_skip_unavailable' from command line to 'False'
[3.096s] Level 5:colcon.colcon_core.verb:set package 'ackermann_mux' build argument 'cmake_clean_cache' from command line to 'False'
[3.097s] Level 5:colcon.colcon_core.verb:set package 'ackermann_mux' build argument 'cmake_clean_first' from command line to 'False'
[3.097s] Level 5:colcon.colcon_core.verb:set package 'ackermann_mux' build argument 'cmake_force_configure' from command line to 'False'
[3.097s] Level 5:colcon.colcon_core.verb:set package 'ackermann_mux' build argument 'ament_cmake_args' from command line to 'None'
[3.097s] Level 5:colcon.colcon_core.verb:set package 'ackermann_mux' build argument 'catkin_cmake_args' from command line to 'None'
[3.097s] Level 5:colcon.colcon_core.verb:set package 'ackermann_mux' build argument 'catkin_skip_building_tests' from command line to 'False'
[3.098s] DEBUG:colcon.colcon_core.verb:Building package 'ackermann_mux' with the following arguments: {'ament_cmake_args': None, 'build_base': '/home/f1/f1tenth_ws/build/ackermann_mux', 'catkin_cmake_args': None, 'catkin_skip_building_tests': False, 'cmake_args': ['-DCMAKE_BUILD_TYPE=Release'], 'cmake_clean_cache': False, 'cmake_clean_first': False, 'cmake_force_configure': False, 'cmake_target': None, 'cmake_target_skip_unavailable': False, 'install_base': '/home/f1/f1tenth_ws/install/ackermann_mux', 'merge_install': False, 'path': '/home/f1/f1tenth_ws/src/f1tenth_system/ackermann_mux', 'symlink_install': True, 'test_result_base': None}
[3.100s] Level 5:colcon.colcon_core.verb:set package 'center_follow_cpp' build argument 'cmake_args' from command line to '['-DCMAKE_BUILD_TYPE=Release']'
[3.100s] Level 5:colcon.colcon_core.verb:set package 'center_follow_cpp' build argument 'cmake_target' from command line to 'None'
[3.100s] Level 5:colcon.colcon_core.verb:set package 'center_follow_cpp' build argument 'cmake_target_skip_unavailable' from command line to 'False'
[3.101s] Level 5:colcon.colcon_core.verb:set package 'center_follow_cpp' build argument 'cmake_clean_cache' from command line to 'False'
[3.101s] Level 5:colcon.colcon_core.verb:set package 'center_follow_cpp' build argument 'cmake_clean_first' from command line to 'False'
[3.101s] Level 5:colcon.colcon_core.verb:set package 'center_follow_cpp' build argument 'cmake_force_configure' from command line to 'False'
[3.101s] Level 5:colcon.colcon_core.verb:set package 'center_follow_cpp' build argument 'ament_cmake_args' from command line to 'None'
[3.101s] Level 5:colcon.colcon_core.verb:set package 'center_follow_cpp' build argument 'catkin_cmake_args' from command line to 'None'
[3.102s] Level 5:colcon.colcon_core.verb:set package 'center_follow_cpp' build argument 'catkin_skip_building_tests' from command line to 'False'
[3.102s] DEBUG:colcon.colcon_core.verb:Building package 'center_follow_cpp' with the following arguments: {'ament_cmake_args': None, 'build_base': '/home/f1/f1tenth_ws/build/center_follow_cpp', 'catkin_cmake_args': None, 'catkin_skip_building_tests': False, 'cmake_args': ['-DCMAKE_BUILD_TYPE=Release'], 'cmake_clean_cache': False, 'cmake_clean_first': False, 'cmake_force_configure': False, 'cmake_target': None, 'cmake_target_skip_unavailable': False, 'install_base': '/home/f1/f1tenth_ws/install/center_follow_cpp', 'merge_install': False, 'path': '/home/f1/f1tenth_ws/src/center_follow_cpp', 'symlink_install': True, 'test_result_base': None}
[3.104s] Level 5:colcon.colcon_core.verb:set package 'key_teleop' build argument 'cmake_args' from command line to '['-DCMAKE_BUILD_TYPE=Release']'
[3.104s] Level 5:colcon.colcon_core.verb:set package 'key_teleop' build argument 'cmake_target' from command line to 'None'
[3.104s] Level 5:colcon.colcon_core.verb:set package 'key_teleop' build argument 'cmake_target_skip_unavailable' from command line to 'False'
[3.105s] Level 5:colcon.colcon_core.verb:set package 'key_teleop' build argument 'cmake_clean_cache' from command line to 'False'
[3.105s] Level 5:colcon.colcon_core.verb:set package 'key_teleop' build argument 'cmake_clean_first' from command line to 'False'
[3.105s] Level 5:colcon.colcon_core.verb:set package 'key_teleop' build argument 'cmake_force_configure' from command line to 'False'
[3.105s] Level 5:colcon.colcon_core.verb:set package 'key_teleop' build argument 'ament_cmake_args' from command line to 'None'
[3.105s] Level 5:colcon.colcon_core.verb:set package 'key_teleop' build argument 'catkin_cmake_args' from command line to 'None'
[3.106s] Level 5:colcon.colcon_core.verb:set package 'key_teleop' build argument 'catkin_skip_building_tests' from command line to 'False'
[3.106s] DEBUG:colcon.colcon_core.verb:Building package 'key_teleop' with the following arguments: {'ament_cmake_args': None, 'build_base': '/home/f1/f1tenth_ws/build/key_teleop', 'catkin_cmake_args': None, 'catkin_skip_building_tests': False, 'cmake_args': ['-DCMAKE_BUILD_TYPE=Release'], 'cmake_clean_cache': False, 'cmake_clean_first': False, 'cmake_force_configure': False, 'cmake_target': None, 'cmake_target_skip_unavailable': False, 'install_base': '/home/f1/f1tenth_ws/install/key_teleop', 'merge_install': False, 'path': '/home/f1/f1tenth_ws/src/f1tenth_system/teleop_tools/key_teleop', 'symlink_install': True, 'test_result_base': None}
[3.108s] Level 5:colcon.colcon_core.verb:set package 'mouse_teleop' build argument 'cmake_args' from command line to '['-DCMAKE_BUILD_TYPE=Release']'
[3.108s] Level 5:colcon.colcon_core.verb:set package 'mouse_teleop' build argument 'cmake_target' from command line to 'None'
[3.108s] Level 5:colcon.colcon_core.verb:set package 'mouse_teleop' build argument 'cmake_target_skip_unavailable' from command line to 'False'
[3.109s] Level 5:colcon.colcon_core.verb:set package 'mouse_teleop' build argument 'cmake_clean_cache' from command line to 'False'
[3.109s] Level 5:colcon.colcon_core.verb:set package 'mouse_teleop' build argument 'cmake_clean_first' from command line to 'False'
[3.109s] Level 5:colcon.colcon_core.verb:set package 'mouse_teleop' build argument 'cmake_force_configure' from command line to 'False'
[3.109s] Level 5:colcon.colcon_core.verb:set package 'mouse_teleop' build argument 'ament_cmake_args' from command line to 'None'
[3.109s] Level 5:colcon.colcon_core.verb:set package 'mouse_teleop' build argument 'catkin_cmake_args' from command line to 'None'
[3.109s] Level 5:colcon.colcon_core.verb:set package 'mouse_teleop' build argument 'catkin_skip_building_tests' from command line to 'False'
[3.110s] DEBUG:colcon.colcon_core.verb:Building package 'mouse_teleop' with the following arguments: {'ament_cmake_args': None, 'build_base': '/home/f1/f1tenth_ws/build/mouse_teleop', 'catkin_cmake_args': None, 'catkin_skip_building_tests': False, 'cmake_args': ['-DCMAKE_BUILD_TYPE=Release'], 'cmake_clean_cache': False, 'cmake_clean_first': False, 'cmake_force_configure': False, 'cmake_target': None, 'cmake_target_skip_unavailable': False, 'install_base': '/home/f1/f1tenth_ws/install/mouse_teleop', 'merge_install': False, 'path': '/home/f1/f1tenth_ws/src/f1tenth_system/teleop_tools/mouse_teleop', 'symlink_install': True, 'test_result_base': None}
[3.112s] Level 5:colcon.colcon_core.verb:set package 'path_follow' build argument 'cmake_args' from command line to '['-DCMAKE_BUILD_TYPE=Release']'
[3.112s] Level 5:colcon.colcon_core.verb:set package 'path_follow' build argument 'cmake_target' from command line to 'None'
[3.112s] Level 5:colcon.colcon_core.verb:set package 'path_follow' build argument 'cmake_target_skip_unavailable' from command line to 'False'
[3.112s] Level 5:colcon.colcon_core.verb:set package 'path_follow' build argument 'cmake_clean_cache' from command line to 'False'
[3.112s] Level 5:colcon.colcon_core.verb:set package 'path_follow' build argument 'cmake_clean_first' from command line to 'False'
[3.113s] Level 5:colcon.colcon_core.verb:set package 'path_follow' build argument 'cmake_force_configure' from command line to 'False'
[3.113s] Level 5:colcon.colcon_core.verb:set package 'path_follow' build argument 'ament_cmake_args' from command line to 'None'
[3.113s] Level 5:colcon.colcon_core.verb:set package 'path_follow' build argument 'catkin_cmake_args' from command line to 'None'
[3.113s] Level 5:colcon.colcon_core.verb:set package 'path_follow' build argument 'catkin_skip_building_tests' from command line to 'False'
[3.113s] DEBUG:colcon.colcon_core.verb:Building package 'path_follow' with the following arguments: {'ament_cmake_args': None, 'build_base': '/home/f1/f1tenth_ws/build/path_follow', 'catkin_cmake_args': None, 'catkin_skip_building_tests': False, 'cmake_args': ['-DCMAKE_BUILD_TYPE=Release'], 'cmake_clean_cache': False, 'cmake_clean_first': False, 'cmake_force_configure': False, 'cmake_target': None, 'cmake_target_skip_unavailable': False, 'install_base': '/home/f1/f1tenth_ws/install/path_follow', 'merge_install': False, 'path': '/home/f1/f1tenth_ws/src/path_follow', 'symlink_install': True, 'test_result_base': None}
[3.115s] Level 5:colcon.colcon_core.verb:set package 'pure_pursuit' build argument 'cmake_args' from command line to '['-DCMAKE_BUILD_TYPE=Release']'
[3.116s] Level 5:colcon.colcon_core.verb:set package 'pure_pursuit' build argument 'cmake_target' from command line to 'None'
[3.116s] Level 5:colcon.colcon_core.verb:set package 'pure_pursuit' build argument 'cmake_target_skip_unavailable' from command line to 'False'
[3.116s] Level 5:colcon.colcon_core.verb:set package 'pure_pursuit' build argument 'cmake_clean_cache' from command line to 'False'
[3.116s] Level 5:colcon.colcon_core.verb:set package 'pure_pursuit' build argument 'cmake_clean_first' from command line to 'False'
[3.116s] Level 5:colcon.colcon_core.verb:set package 'pure_pursuit' build argument 'cmake_force_configure' from command line to 'False'
[3.116s] Level 5:colcon.colcon_core.verb:set package 'pure_pursuit' build argument 'ament_cmake_args' from command line to 'None'
[3.117s] Level 5:colcon.colcon_core.verb:set package 'pure_pursuit' build argument 'catkin_cmake_args' from command line to 'None'
[3.117s] Level 5:colcon.colcon_core.verb:set package 'pure_pursuit' build argument 'catkin_skip_building_tests' from command line to 'False'
[3.117s] DEBUG:colcon.colcon_core.verb:Building package 'pure_pursuit' with the following arguments: {'ament_cmake_args': None, 'build_base': '/home/f1/f1tenth_ws/build/pure_pursuit', 'catkin_cmake_args': None, 'catkin_skip_building_tests': False, 'cmake_args': ['-DCMAKE_BUILD_TYPE=Release'], 'cmake_clean_cache': False, 'cmake_clean_first': False, 'cmake_force_configure': False, 'cmake_target': None, 'cmake_target_skip_unavailable': False, 'install_base': '/home/f1/f1tenth_ws/install/pure_pursuit', 'merge_install': False, 'path': '/home/f1/f1tenth_ws/src/pure_pursuit', 'symlink_install': True, 'test_result_base': None}
[3.119s] Level 5:colcon.colcon_core.verb:set package 'pygame_key_teleop' build argument 'cmake_args' from command line to '['-DCMAKE_BUILD_TYPE=Release']'
[3.119s] Level 5:colcon.colcon_core.verb:set package 'pygame_key_teleop' build argument 'cmake_target' from command line to 'None'
[3.119s] Level 5:colcon.colcon_core.verb:set package 'pygame_key_teleop' build argument 'cmake_target_skip_unavailable' from command line to 'False'
[3.119s] Level 5:colcon.colcon_core.verb:set package 'pygame_key_teleop' build argument 'cmake_clean_cache' from command line to 'False'
[3.120s] Level 5:colcon.colcon_core.verb:set package 'pygame_key_teleop' build argument 'cmake_clean_first' from command line to 'False'
[3.120s] Level 5:colcon.colcon_core.verb:set package 'pygame_key_teleop' build argument 'cmake_force_configure' from command line to 'False'
[3.120s] Level 5:colcon.colcon_core.verb:set package 'pygame_key_teleop' build argument 'ament_cmake_args' from command line to 'None'
[3.120s] Level 5:colcon.colcon_core.verb:set package 'pygame_key_teleop' build argument 'catkin_cmake_args' from command line to 'None'
[3.120s] Level 5:colcon.colcon_core.verb:set package 'pygame_key_teleop' build argument 'catkin_skip_building_tests' from command line to 'False'
[3.120s] DEBUG:colcon.colcon_core.verb:Building package 'pygame_key_teleop' with the following arguments: {'ament_cmake_args': None, 'build_base': '/home/f1/f1tenth_ws/build/pygame_key_teleop', 'catkin_cmake_args': None, 'catkin_skip_building_tests': False, 'cmake_args': ['-DCMAKE_BUILD_TYPE=Release'], 'cmake_clean_cache': False, 'cmake_clean_first': False, 'cmake_force_configure': False, 'cmake_target': None, 'cmake_target_skip_unavailable': False, 'install_base': '/home/f1/f1tenth_ws/install/pygame_key_teleop', 'merge_install': False, 'path': '/home/f1/f1tenth_ws/src/pygame_key_teleop', 'symlink_install': True, 'test_result_base': None}
[3.123s] Level 5:colcon.colcon_core.verb:set package 'teleop_tools_msgs' build argument 'cmake_args' from command line to '['-DCMAKE_BUILD_TYPE=Release']'
[3.123s] Level 5:colcon.colcon_core.verb:set package 'teleop_tools_msgs' build argument 'cmake_target' from command line to 'None'
[3.124s] Level 5:colcon.colcon_core.verb:set package 'teleop_tools_msgs' build argument 'cmake_target_skip_unavailable' from command line to 'False'
[3.124s] Level 5:colcon.colcon_core.verb:set package 'teleop_tools_msgs' build argument 'cmake_clean_cache' from command line to 'False'
[3.124s] Level 5:colcon.colcon_core.verb:set package 'teleop_tools_msgs' build argument 'cmake_clean_first' from command line to 'False'
[3.124s] Level 5:colcon.colcon_core.verb:set package 'teleop_tools_msgs' build argument 'cmake_force_configure' from command line to 'False'
[3.124s] Level 5:colcon.colcon_core.verb:set package 'teleop_tools_msgs' build argument 'ament_cmake_args' from command line to 'None'
[3.124s] Level 5:colcon.colcon_core.verb:set package 'teleop_tools_msgs' build argument 'catkin_cmake_args' from command line to 'None'
[3.125s] Level 5:colcon.colcon_core.verb:set package 'teleop_tools_msgs' build argument 'catkin_skip_building_tests' from command line to 'False'
[3.125s] DEBUG:colcon.colcon_core.verb:Building package 'teleop_tools_msgs' with the following arguments: {'ament_cmake_args': None, 'build_base': '/home/f1/f1tenth_ws/build/teleop_tools_msgs', 'catkin_cmake_args': None, 'catkin_skip_building_tests': False, 'cmake_args': ['-DCMAKE_BUILD_TYPE=Release'], 'cmake_clean_cache': False, 'cmake_clean_first': False, 'cmake_force_configure': False, 'cmake_target': None, 'cmake_target_skip_unavailable': False, 'install_base': '/home/f1/f1tenth_ws/install/teleop_tools_msgs', 'merge_install': False, 'path': '/home/f1/f1tenth_ws/src/f1tenth_system/teleop_tools/teleop_tools_msgs', 'symlink_install': True, 'test_result_base': None}
[3.128s] Level 5:colcon.colcon_core.verb:set package 'vesc_msgs' build argument 'cmake_args' from command line to '['-DCMAKE_BUILD_TYPE=Release']'
[3.128s] Level 5:colcon.colcon_core.verb:set package 'vesc_msgs' build argument 'cmake_target' from command line to 'None'
[3.128s] Level 5:colcon.colcon_core.verb:set package 'vesc_msgs' build argument 'cmake_target_skip_unavailable' from command line to 'False'
[3.128s] Level 5:colcon.colcon_core.verb:set package 'vesc_msgs' build argument 'cmake_clean_cache' from command line to 'False'
[3.128s] Level 5:colcon.colcon_core.verb:set package 'vesc_msgs' build argument 'cmake_clean_first' from command line to 'False'
[3.129s] Level 5:colcon.colcon_core.verb:set package 'vesc_msgs' build argument 'cmake_force_configure' from command line to 'False'
[3.129s] Level 5:colcon.colcon_core.verb:set package 'vesc_msgs' build argument 'ament_cmake_args' from command line to 'None'
[3.129s] Level 5:colcon.colcon_core.verb:set package 'vesc_msgs' build argument 'catkin_cmake_args' from command line to 'None'
[3.129s] Level 5:colcon.colcon_core.verb:set package 'vesc_msgs' build argument 'catkin_skip_building_tests' from command line to 'False'
[3.129s] DEBUG:colcon.colcon_core.verb:Building package 'vesc_msgs' with the following arguments: {'ament_cmake_args': None, 'build_base': '/home/f1/f1tenth_ws/build/vesc_msgs', 'catkin_cmake_args': None, 'catkin_skip_building_tests': False, 'cmake_args': ['-DCMAKE_BUILD_TYPE=Release'], 'cmake_clean_cache': False, 'cmake_clean_first': False, 'cmake_force_configure': False, 'cmake_target': None, 'cmake_target_skip_unavailable': False, 'install_base': '/home/f1/f1tenth_ws/install/vesc_msgs', 'merge_install': False, 'path': '/home/f1/f1tenth_ws/src/f1tenth_system/vesc/vesc_msgs', 'symlink_install': True, 'test_result_base': None}
[3.131s] Level 5:colcon.colcon_core.verb:set package 'joy_teleop' build argument 'cmake_args' from command line to '['-DCMAKE_BUILD_TYPE=Release']'
[3.132s] Level 5:colcon.colcon_core.verb:set package 'joy_teleop' build argument 'cmake_target' from command line to 'None'
[3.132s] Level 5:colcon.colcon_core.verb:set package 'joy_teleop' build argument 'cmake_target_skip_unavailable' from command line to 'False'
[3.132s] Level 5:colcon.colcon_core.verb:set package 'joy_teleop' build argument 'cmake_clean_cache' from command line to 'False'
[3.132s] Level 5:colcon.colcon_core.verb:set package 'joy_teleop' build argument 'cmake_clean_first' from command line to 'False'
[3.132s] Level 5:colcon.colcon_core.verb:set package 'joy_teleop' build argument 'cmake_force_configure' from command line to 'False'
[3.133s] Level 5:colcon.colcon_core.verb:set package 'joy_teleop' build argument 'ament_cmake_args' from command line to 'None'
[3.133s] Level 5:colcon.colcon_core.verb:set package 'joy_teleop' build argument 'catkin_cmake_args' from command line to 'None'
[3.133s] Level 5:colcon.colcon_core.verb:set package 'joy_teleop' build argument 'catkin_skip_building_tests' from command line to 'False'
[3.133s] DEBUG:colcon.colcon_core.verb:Building package 'joy_teleop' with the following arguments: {'ament_cmake_args': None, 'build_base': '/home/f1/f1tenth_ws/build/joy_teleop', 'catkin_cmake_args': None, 'catkin_skip_building_tests': False, 'cmake_args': ['-DCMAKE_BUILD_TYPE=Release'], 'cmake_clean_cache': False, 'cmake_clean_first': False, 'cmake_force_configure': False, 'cmake_target': None, 'cmake_target_skip_unavailable': False, 'install_base': '/home/f1/f1tenth_ws/install/joy_teleop', 'merge_install': False, 'path': '/home/f1/f1tenth_ws/src/f1tenth_system/teleop_tools/joy_teleop', 'symlink_install': True, 'test_result_base': None}
[3.135s] Level 5:colcon.colcon_core.verb:set package 'vesc_ackermann' build argument 'cmake_args' from command line to '['-DCMAKE_BUILD_TYPE=Release']'
[3.135s] Level 5:colcon.colcon_core.verb:set package 'vesc_ackermann' build argument 'cmake_target' from command line to 'None'
[3.135s] Level 5:colcon.colcon_core.verb:set package 'vesc_ackermann' build argument 'cmake_target_skip_unavailable' from command line to 'False'
[3.136s] Level 5:colcon.colcon_core.verb:set package 'vesc_ackermann' build argument 'cmake_clean_cache' from command line to 'False'
[3.136s] Level 5:colcon.colcon_core.verb:set package 'vesc_ackermann' build argument 'cmake_clean_first' from command line to 'False'
[3.136s] Level 5:colcon.colcon_core.verb:set package 'vesc_ackermann' build argument 'cmake_force_configure' from command line to 'False'
[3.136s] Level 5:colcon.colcon_core.verb:set package 'vesc_ackermann' build argument 'ament_cmake_args' from command line to 'None'
[3.136s] Level 5:colcon.colcon_core.verb:set package 'vesc_ackermann' build argument 'catkin_cmake_args' from command line to 'None'
[3.136s] Level 5:colcon.colcon_core.verb:set package 'vesc_ackermann' build argument 'catkin_skip_building_tests' from command line to 'False'
[3.137s] DEBUG:colcon.colcon_core.verb:Building package 'vesc_ackermann' with the following arguments: {'ament_cmake_args': None, 'build_base': '/home/f1/f1tenth_ws/build/vesc_ackermann', 'catkin_cmake_args': None, 'catkin_skip_building_tests': False, 'cmake_args': ['-DCMAKE_BUILD_TYPE=Release'], 'cmake_clean_cache': False, 'cmake_clean_first': False, 'cmake_force_configure': False, 'cmake_target': None, 'cmake_target_skip_unavailable': False, 'install_base': '/home/f1/f1tenth_ws/install/vesc_ackermann', 'merge_install': False, 'path': '/home/f1/f1tenth_ws/src/f1tenth_system/vesc/vesc_ackermann', 'symlink_install': True, 'test_result_base': None}
[3.139s] Level 5:colcon.colcon_core.verb:set package 'vesc_driver' build argument 'cmake_args' from command line to '['-DCMAKE_BUILD_TYPE=Release']'
[3.139s] Level 5:colcon.colcon_core.verb:set package 'vesc_driver' build argument 'cmake_target' from command line to 'None'
[3.139s] Level 5:colcon.colcon_core.verb:set package 'vesc_driver' build argument 'cmake_target_skip_unavailable' from command line to 'False'
[3.139s] Level 5:colcon.colcon_core.verb:set package 'vesc_driver' build argument 'cmake_clean_cache' from command line to 'False'
[3.139s] Level 5:colcon.colcon_core.verb:set package 'vesc_driver' build argument 'cmake_clean_first' from command line to 'False'
[3.140s] Level 5:colcon.colcon_core.verb:set package 'vesc_driver' build argument 'cmake_force_configure' from command line to 'False'
[3.140s] Level 5:colcon.colcon_core.verb:set package 'vesc_driver' build argument 'ament_cmake_args' from command line to 'None'
[3.140s] Level 5:colcon.colcon_core.verb:set package 'vesc_driver' build argument 'catkin_cmake_args' from command line to 'None'
[3.140s] Level 5:colcon.colcon_core.verb:set package 'vesc_driver' build argument 'catkin_skip_building_tests' from command line to 'False'
[3.140s] DEBUG:colcon.colcon_core.verb:Building package 'vesc_driver' with the following arguments: {'ament_cmake_args': None, 'build_base': '/home/f1/f1tenth_ws/build/vesc_driver', 'catkin_cmake_args': None, 'catkin_skip_building_tests': False, 'cmake_args': ['-DCMAKE_BUILD_TYPE=Release'], 'cmake_clean_cache': False, 'cmake_clean_first': False, 'cmake_force_configure': False, 'cmake_target': None, 'cmake_target_skip_unavailable': False, 'install_base': '/home/f1/f1tenth_ws/install/vesc_driver', 'merge_install': False, 'path': '/home/f1/f1tenth_ws/src/f1tenth_system/vesc/vesc_driver', 'symlink_install': True, 'test_result_base': None}
[3.142s] Level 5:colcon.colcon_core.verb:set package 'teleop_tools' build argument 'cmake_args' from command line to '['-DCMAKE_BUILD_TYPE=Release']'
[3.143s] Level 5:colcon.colcon_core.verb:set package 'teleop_tools' build argument 'cmake_target' from command line to 'None'
[3.143s] Level 5:colcon.colcon_core.verb:set package 'teleop_tools' build argument 'cmake_target_skip_unavailable' from command line to 'False'
[3.143s] Level 5:colcon.colcon_core.verb:set package 'teleop_tools' build argument 'cmake_clean_cache' from command line to 'False'
[3.143s] Level 5:colcon.colcon_core.verb:set package 'teleop_tools' build argument 'cmake_clean_first' from command line to 'False'
[3.143s] Level 5:colcon.colcon_core.verb:set package 'teleop_tools' build argument 'cmake_force_configure' from command line to 'False'
[3.143s] Level 5:colcon.colcon_core.verb:set package 'teleop_tools' build argument 'ament_cmake_args' from command line to 'None'
[3.143s] Level 5:colcon.colcon_core.verb:set package 'teleop_tools' build argument 'catkin_cmake_args' from command line to 'None'
[3.144s] Level 5:colcon.colcon_core.verb:set package 'teleop_tools' build argument 'catkin_skip_building_tests' from command line to 'False'
[3.144s] DEBUG:colcon.colcon_core.verb:Building package 'teleop_tools' with the following arguments: {'ament_cmake_args': None, 'build_base': '/home/f1/f1tenth_ws/build/teleop_tools', 'catkin_cmake_args': None, 'catkin_skip_building_tests': False, 'cmake_args': ['-DCMAKE_BUILD_TYPE=Release'], 'cmake_clean_cache': False, 'cmake_clean_first': False, 'cmake_force_configure': False, 'cmake_target': None, 'cmake_target_skip_unavailable': False, 'install_base': '/home/f1/f1tenth_ws/install/teleop_tools', 'merge_install': False, 'path': '/home/f1/f1tenth_ws/src/f1tenth_system/teleop_tools/teleop_tools', 'symlink_install': True, 'test_result_base': None}
[3.146s] Level 5:colcon.colcon_core.verb:set package 'vesc' build argument 'cmake_args' from command line to '['-DCMAKE_BUILD_TYPE=Release']'
[3.146s] Level 5:colcon.colcon_core.verb:set package 'vesc' build argument 'cmake_target' from command line to 'None'
[3.146s] Level 5:colcon.colcon_core.verb:set package 'vesc' build argument 'cmake_target_skip_unavailable' from command line to 'False'
[3.146s] Level 5:colcon.colcon_core.verb:set package 'vesc' build argument 'cmake_clean_cache' from command line to 'False'
[3.146s] Level 5:colcon.colcon_core.verb:set package 'vesc' build argument 'cmake_clean_first' from command line to 'False'
[3.147s] Level 5:colcon.colcon_core.verb:set package 'vesc' build argument 'cmake_force_configure' from command line to 'False'
[3.147s] Level 5:colcon.colcon_core.verb:set package 'vesc' build argument 'ament_cmake_args' from command line to 'None'
[3.147s] Level 5:colcon.colcon_core.verb:set package 'vesc' build argument 'catkin_cmake_args' from command line to 'None'
[3.147s] Level 5:colcon.colcon_core.verb:set package 'vesc' build argument 'catkin_skip_building_tests' from command line to 'False'
[3.147s] DEBUG:colcon.colcon_core.verb:Building package 'vesc' with the following arguments: {'ament_cmake_args': None, 'build_base': '/home/f1/f1tenth_ws/build/vesc', 'catkin_cmake_args': None, 'catkin_skip_building_tests': False, 'cmake_args': ['-DCMAKE_BUILD_TYPE=Release'], 'cmake_clean_cache': False, 'cmake_clean_first': False, 'cmake_force_configure': False, 'cmake_target': None, 'cmake_target_skip_unavailable': False, 'install_base': '/home/f1/f1tenth_ws/install/vesc', 'merge_install': False, 'path': '/home/f1/f1tenth_ws/src/f1tenth_system/vesc/vesc', 'symlink_install': True, 'test_result_base': None}
[3.149s] Level 5:colcon.colcon_core.verb:set package 'f1tenth_stack' build argument 'cmake_args' from command line to '['-DCMAKE_BUILD_TYPE=Release']'
[3.150s] Level 5:colcon.colcon_core.verb:set package 'f1tenth_stack' build argument 'cmake_target' from command line to 'None'
[3.150s] Level 5:colcon.colcon_core.verb:set package 'f1tenth_stack' build argument 'cmake_target_skip_unavailable' from command line to 'False'
[3.150s] Level 5:colcon.colcon_core.verb:set package 'f1tenth_stack' build argument 'cmake_clean_cache' from command line to 'False'
[3.150s] Level 5:colcon.colcon_core.verb:set package 'f1tenth_stack' build argument 'cmake_clean_first' from command line to 'False'
[3.150s] Level 5:colcon.colcon_core.verb:set package 'f1tenth_stack' build argument 'cmake_force_configure' from command line to 'False'
[3.150s] Level 5:colcon.colcon_core.verb:set package 'f1tenth_stack' build argument 'ament_cmake_args' from command line to 'None'
[3.151s] Level 5:colcon.colcon_core.verb:set package 'f1tenth_stack' build argument 'catkin_cmake_args' from command line to 'None'
[3.151s] Level 5:colcon.colcon_core.verb:set package 'f1tenth_stack' build argument 'catkin_skip_building_tests' from command line to 'False'
[3.151s] DEBUG:colcon.colcon_core.verb:Building package 'f1tenth_stack' with the following arguments: {'ament_cmake_args': None, 'build_base': '/home/f1/f1tenth_ws/build/f1tenth_stack', 'catkin_cmake_args': None, 'catkin_skip_building_tests': False, 'cmake_args': ['-DCMAKE_BUILD_TYPE=Release'], 'cmake_clean_cache': False, 'cmake_clean_first': False, 'cmake_force_configure': False, 'cmake_target': None, 'cmake_target_skip_unavailable': False, 'install_base': '/home/f1/f1tenth_ws/install/f1tenth_stack', 'merge_install': False, 'path': '/home/f1/f1tenth_ws/src/f1tenth_system/f1tenth_stack', 'symlink_install': True, 'test_result_base': None}
[3.153s] Level 5:colcon.colcon_core.verb:set package 'f1tenth_slam_nav' build argument 'cmake_args' from command line to '['-DCMAKE_BUILD_TYPE=Release']'
[3.153s] Level 5:colcon.colcon_core.verb:set package 'f1tenth_slam_nav' build argument 'cmake_target' from command line to 'None'
[3.153s] Level 5:colcon.colcon_core.verb:set package 'f1tenth_slam_nav' build argument 'cmake_target_skip_unavailable' from command line to 'False'
[3.153s] Level 5:colcon.colcon_core.verb:set package 'f1tenth_slam_nav' build argument 'cmake_clean_cache' from command line to 'False'
[3.154s] Level 5:colcon.colcon_core.verb:set package 'f1tenth_slam_nav' build argument 'cmake_clean_first' from command line to 'False'
[3.154s] Level 5:colcon.colcon_core.verb:set package 'f1tenth_slam_nav' build argument 'cmake_force_configure' from command line to 'False'
[3.154s] Level 5:colcon.colcon_core.verb:set package 'f1tenth_slam_nav' build argument 'ament_cmake_args' from command line to 'None'
[3.154s] Level 5:colcon.colcon_core.verb:set package 'f1tenth_slam_nav' build argument 'catkin_cmake_args' from command line to 'None'
[3.154s] Level 5:colcon.colcon_core.verb:set package 'f1tenth_slam_nav' build argument 'catkin_skip_building_tests' from command line to 'False'
[3.154s] DEBUG:colcon.colcon_core.verb:Building package 'f1tenth_slam_nav' with the following arguments: {'ament_cmake_args': None, 'build_base': '/home/f1/f1tenth_ws/build/f1tenth_slam_nav', 'catkin_cmake_args': None, 'catkin_skip_building_tests': False, 'cmake_args': ['-DCMAKE_BUILD_TYPE=Release'], 'cmake_clean_cache': False, 'cmake_clean_first': False, 'cmake_force_configure': False, 'cmake_target': None, 'cmake_target_skip_unavailable': False, 'install_base': '/home/f1/f1tenth_ws/install/f1tenth_slam_nav', 'merge_install': False, 'path': '/home/f1/f1tenth_ws/src/f1tenth_slam_nav', 'symlink_install': True, 'test_result_base': None}
[3.155s] INFO:colcon.colcon_core.executor:Executing jobs using 'parallel' executor
[3.160s] DEBUG:colcon.colcon_parallel_executor.executor.parallel:run_until_complete
[3.162s] INFO:colcon.colcon_ros.task.ament_cmake.build:Building ROS package in '/home/f1/f1tenth_ws/src/f1tenth_system/vesc/vesc_msgs' with build type 'ament_cmake'
[3.163s] INFO:colcon.colcon_cmake.task.cmake.build:Building CMake package in '/home/f1/f1tenth_ws/src/f1tenth_system/vesc/vesc_msgs'
[3.178s] INFO:colcon.colcon_core.plugin_system:Skipping extension 'colcon_core.shell.bat': Not used on non-Windows systems
[3.180s] INFO:colcon.colcon_core.shell:Skip shell extension 'powershell' for command environment: Not usable outside of PowerShell
[3.180s] DEBUG:colcon.colcon_core.shell:Skip shell extension 'dsv' for command environment
[3.224s] INFO:colcon.colcon_ros.task.ament_cmake.build:Building ROS package in '/home/f1/f1tenth_ws/src/f1tenth_system/teleop_tools/teleop_tools_msgs' with build type 'ament_cmake'
[3.229s] INFO:colcon.colcon_cmake.task.cmake.build:Building CMake package in '/home/f1/f1tenth_ws/src/f1tenth_system/teleop_tools/teleop_tools_msgs'
[3.233s] INFO:colcon.colcon_core.shell:Skip shell extension 'powershell' for command environment: Not usable outside of PowerShell
[3.234s] DEBUG:colcon.colcon_core.shell:Skip shell extension 'dsv' for command environment
[3.296s] INFO:colcon.colcon_ros.task.ament_cmake.build:Building ROS package in '/home/f1/f1tenth_ws/src/f1tenth_system/ackermann_mux' with build type 'ament_cmake'
[3.301s] INFO:colcon.colcon_cmake.task.cmake.build:Building CMake package in '/home/f1/f1tenth_ws/src/f1tenth_system/ackermann_mux'
[3.305s] INFO:colcon.colcon_core.shell:Skip shell extension 'powershell' for command environment: Not usable outside of PowerShell
[3.306s] DEBUG:colcon.colcon_core.shell:Skip shell extension 'dsv' for command environment
[3.359s] INFO:colcon.colcon_ros.task.ament_python.build:Building ROS package in '/home/f1/f1tenth_ws/src/f1tenth_system/teleop_tools/key_teleop' with build type 'ament_python'
[3.369s] Level 1:colcon.colcon_core.shell:create_environment_hook('key_teleop', 'ament_prefix_path')
[3.373s] INFO:colcon.colcon_core.shell:Creating environment hook '/home/f1/f1tenth_ws/install/key_teleop/share/key_teleop/hook/ament_prefix_path.ps1'
[3.381s] INFO:colcon.colcon_core.shell:Creating environment descriptor '/home/f1/f1tenth_ws/install/key_teleop/share/key_teleop/hook/ament_prefix_path.dsv'
[3.384s] INFO:colcon.colcon_core.shell:Creating environment hook '/home/f1/f1tenth_ws/install/key_teleop/share/key_teleop/hook/ament_prefix_path.sh'
[3.390s] INFO:colcon.colcon_core.shell:Skip shell extension 'powershell' for command environment: Not usable outside of PowerShell
[3.391s] DEBUG:colcon.colcon_core.shell:Skip shell extension 'dsv' for command environment
[3.433s] INFO:colcon.colcon_ros.task.ament_cmake.build:Building ROS package in '/home/f1/f1tenth_ws/src/center_follow_cpp' with build type 'ament_cmake'
[3.436s] INFO:colcon.colcon_cmake.task.cmake.build:Building CMake package in '/home/f1/f1tenth_ws/src/center_follow_cpp'
[3.441s] INFO:colcon.colcon_core.shell:Skip shell extension 'powershell' for command environment: Not usable outside of PowerShell
[3.444s] DEBUG:colcon.colcon_core.shell:Skip shell extension 'dsv' for command environment
[3.496s] INFO:colcon.colcon_ros.task.ament_python.build:Building ROS package in '/home/f1/f1tenth_ws/src/f1tenth_system/teleop_tools/mouse_teleop' with build type 'ament_python'
[3.501s] Level 1:colcon.colcon_core.shell:create_environment_hook('mouse_teleop', 'ament_prefix_path')
[3.505s] INFO:colcon.colcon_core.shell:Creating environment hook '/home/f1/f1tenth_ws/install/mouse_teleop/share/mouse_teleop/hook/ament_prefix_path.ps1'
[3.511s] INFO:colcon.colcon_core.shell:Creating environment descriptor '/home/f1/f1tenth_ws/install/mouse_teleop/share/mouse_teleop/hook/ament_prefix_path.dsv'
[3.514s] INFO:colcon.colcon_core.shell:Creating environment hook '/home/f1/f1tenth_ws/install/mouse_teleop/share/mouse_teleop/hook/ament_prefix_path.sh'
[3.522s] INFO:colcon.colcon_core.shell:Skip shell extension 'powershell' for command environment: Not usable outside of PowerShell
[3.523s] DEBUG:colcon.colcon_core.shell:Skip shell extension 'dsv' for command environment
[3.619s] DEBUG:colcon.colcon_core.event_handler.log_command:Invoking command in '/home/f1/f1tenth_ws/build/vesc_msgs': CMAKE_PREFIX_PATH=${CMAKE_PREFIX_PATH}:/home/f1/f1tenth_ws/install/f1tenth_stack:/home/f1/f1tenth_ws/install/joy_teleop:/home/f1/f1tenth_ws/install/pygame_key_teleop:/home/f1/f1tenth_ws/install/mouse_teleop:/home/f1/f1tenth_ws/install/key_teleop:/home/f1/f1tenth_ws/install/f1tenth_path_planner:/opt/ros/foxy /usr/bin/cmake --build /home/f1/f1tenth_ws/build/vesc_msgs -- -j6 -l6
[3.697s] DEBUG:colcon.colcon_core.event_handler.log_command:Invoking command in '/home/f1/f1tenth_ws/build/teleop_tools_msgs': CMAKE_PREFIX_PATH=${CMAKE_PREFIX_PATH}:/home/f1/f1tenth_ws/install/f1tenth_stack:/home/f1/f1tenth_ws/install/joy_teleop:/home/f1/f1tenth_ws/install/pygame_key_teleop:/home/f1/f1tenth_ws/install/mouse_teleop:/home/f1/f1tenth_ws/install/key_teleop:/home/f1/f1tenth_ws/install/f1tenth_path_planner:/opt/ros/foxy /usr/bin/cmake --build /home/f1/f1tenth_ws/build/teleop_tools_msgs -- -j6 -l6
[3.747s] DEBUG:colcon.colcon_core.event_handler.log_command:Invoking command in '/home/f1/f1tenth_ws/build/ackermann_mux': CMAKE_PREFIX_PATH=${CMAKE_PREFIX_PATH}:/home/f1/f1tenth_ws/install/f1tenth_stack:/home/f1/f1tenth_ws/install/joy_teleop:/home/f1/f1tenth_ws/install/pygame_key_teleop:/home/f1/f1tenth_ws/install/mouse_teleop:/home/f1/f1tenth_ws/install/key_teleop:/home/f1/f1tenth_ws/install/f1tenth_path_planner:/opt/ros/foxy /usr/bin/cmake --build /home/f1/f1tenth_ws/build/ackermann_mux -- -j6 -l6
[5.909s] INFO:colcon.colcon_core.task.python.build:Building Python package in '/home/f1/f1tenth_ws/src/f1tenth_system/teleop_tools/key_teleop'
[5.912s] INFO:colcon.colcon_core.shell:Skip shell extension 'powershell' for command environment: Not usable outside of PowerShell
[5.913s] DEBUG:colcon.colcon_core.shell:Skip shell extension 'dsv' for command environment
[6.007s] DEBUG:colcon.colcon_core.event_handler.log_command:Invoking command in '/home/f1/f1tenth_ws/build/center_follow_cpp': CMAKE_PREFIX_PATH=${CMAKE_PREFIX_PATH}:/home/f1/f1tenth_ws/install/f1tenth_stack:/home/f1/f1tenth_ws/install/joy_teleop:/home/f1/f1tenth_ws/install/pygame_key_teleop:/home/f1/f1tenth_ws/install/mouse_teleop:/home/f1/f1tenth_ws/install/key_teleop:/home/f1/f1tenth_ws/install/f1tenth_path_planner:/opt/ros/foxy /usr/bin/cmake --build /home/f1/f1tenth_ws/build/center_follow_cpp -- -j6 -l6
[7.624s] INFO:colcon.colcon_core.task.python.build:Building Python package in '/home/f1/f1tenth_ws/src/f1tenth_system/teleop_tools/mouse_teleop'
[7.629s] INFO:colcon.colcon_core.shell:Skip shell extension 'powershell' for command environment: Not usable outside of PowerShell
[7.629s] DEBUG:colcon.colcon_core.shell:Skip shell extension 'dsv' for command environment
[7.748s] DEBUG:colcon.colcon_core.event_handler.log_command:Invoked command in '/home/f1/f1tenth_ws/build/vesc_msgs' returned '0': CMAKE_PREFIX_PATH=${CMAKE_PREFIX_PATH}:/home/f1/f1tenth_ws/install/f1tenth_stack:/home/f1/f1tenth_ws/install/joy_teleop:/home/f1/f1tenth_ws/install/pygame_key_teleop:/home/f1/f1tenth_ws/install/mouse_teleop:/home/f1/f1tenth_ws/install/key_teleop:/home/f1/f1tenth_ws/install/f1tenth_path_planner:/opt/ros/foxy /usr/bin/cmake --build /home/f1/f1tenth_ws/build/vesc_msgs -- -j6 -l6
[7.812s] DEBUG:colcon.colcon_core.event_handler.log_command:Invoking command in '/home/f1/f1tenth_ws/build/vesc_msgs': CMAKE_PREFIX_PATH=${CMAKE_PREFIX_PATH}:/home/f1/f1tenth_ws/install/f1tenth_stack:/home/f1/f1tenth_ws/install/joy_teleop:/home/f1/f1tenth_ws/install/pygame_key_teleop:/home/f1/f1tenth_ws/install/mouse_teleop:/home/f1/f1tenth_ws/install/key_teleop:/home/f1/f1tenth_ws/install/f1tenth_path_planner:/opt/ros/foxy /usr/bin/cmake --install /home/f1/f1tenth_ws/build/vesc_msgs
[7.821s] DEBUG:colcon.colcon_core.event_handler.log_command:Invoked command in '/home/f1/f1tenth_ws/build/teleop_tools_msgs' returned '0': CMAKE_PREFIX_PATH=${CMAKE_PREFIX_PATH}:/home/f1/f1tenth_ws/install/f1tenth_stack:/home/f1/f1tenth_ws/install/joy_teleop:/home/f1/f1tenth_ws/install/pygame_key_teleop:/home/f1/f1tenth_ws/install/mouse_teleop:/home/f1/f1tenth_ws/install/key_teleop:/home/f1/f1tenth_ws/install/f1tenth_path_planner:/opt/ros/foxy /usr/bin/cmake --build /home/f1/f1tenth_ws/build/teleop_tools_msgs -- -j6 -l6
[7.840s] DEBUG:colcon.colcon_core.event_handler.log_command:Invoking command in '/home/f1/f1tenth_ws/build/teleop_tools_msgs': CMAKE_PREFIX_PATH=${CMAKE_PREFIX_PATH}:/home/f1/f1tenth_ws/install/f1tenth_stack:/home/f1/f1tenth_ws/install/joy_teleop:/home/f1/f1tenth_ws/install/pygame_key_teleop:/home/f1/f1tenth_ws/install/mouse_teleop:/home/f1/f1tenth_ws/install/key_teleop:/home/f1/f1tenth_ws/install/f1tenth_path_planner:/opt/ros/foxy /usr/bin/cmake --install /home/f1/f1tenth_ws/build/teleop_tools_msgs
[7.861s] DEBUG:colcon.colcon_core.event_handler.log_command:Invoked command in '/home/f1/f1tenth_ws/build/ackermann_mux' returned '0': CMAKE_PREFIX_PATH=${CMAKE_PREFIX_PATH}:/home/f1/f1tenth_ws/install/f1tenth_stack:/home/f1/f1tenth_ws/install/joy_teleop:/home/f1/f1tenth_ws/install/pygame_key_teleop:/home/f1/f1tenth_ws/install/mouse_teleop:/home/f1/f1tenth_ws/install/key_teleop:/home/f1/f1tenth_ws/install/f1tenth_path_planner:/opt/ros/foxy /usr/bin/cmake --build /home/f1/f1tenth_ws/build/ackermann_mux -- -j6 -l6
[7.888s] DEBUG:colcon.colcon_core.event_handler.log_command:Invoking command in '/home/f1/f1tenth_ws/build/ackermann_mux': CMAKE_PREFIX_PATH=${CMAKE_PREFIX_PATH}:/home/f1/f1tenth_ws/install/f1tenth_stack:/home/f1/f1tenth_ws/install/joy_teleop:/home/f1/f1tenth_ws/install/pygame_key_teleop:/home/f1/f1tenth_ws/install/mouse_teleop:/home/f1/f1tenth_ws/install/key_teleop:/home/f1/f1tenth_ws/install/f1tenth_path_planner:/opt/ros/foxy /usr/bin/cmake --install /home/f1/f1tenth_ws/build/ackermann_mux
[7.941s] DEBUG:colcon.colcon_core.event_handler.log_command:Invoked command in '/home/f1/f1tenth_ws/build/center_follow_cpp' returned '0': CMAKE_PREFIX_PATH=${CMAKE_PREFIX_PATH}:/home/f1/f1tenth_ws/install/f1tenth_stack:/home/f1/f1tenth_ws/install/joy_teleop:/home/f1/f1tenth_ws/install/pygame_key_teleop:/home/f1/f1tenth_ws/install/mouse_teleop:/home/f1/f1tenth_ws/install/key_teleop:/home/f1/f1tenth_ws/install/f1tenth_path_planner:/opt/ros/foxy /usr/bin/cmake --build /home/f1/f1tenth_ws/build/center_follow_cpp -- -j6 -l6
[7.948s] DEBUG:colcon.colcon_core.event_handler.log_command:Invoking command in '/home/f1/f1tenth_ws/build/center_follow_cpp': CMAKE_PREFIX_PATH=${CMAKE_PREFIX_PATH}:/home/f1/f1tenth_ws/install/f1tenth_stack:/home/f1/f1tenth_ws/install/joy_teleop:/home/f1/f1tenth_ws/install/pygame_key_teleop:/home/f1/f1tenth_ws/install/mouse_teleop:/home/f1/f1tenth_ws/install/key_teleop:/home/f1/f1tenth_ws/install/f1tenth_path_planner:/opt/ros/foxy /usr/bin/cmake --install /home/f1/f1tenth_ws/build/center_follow_cpp
[8.180s] Level 1:colcon.colcon_core.environment:create_environment_scripts_only(ackermann_mux)
[8.274s] DEBUG:colcon.colcon_core.event_handler.log_command:Invoked command in '/home/f1/f1tenth_ws/build/ackermann_mux' returned '0': CMAKE_PREFIX_PATH=${CMAKE_PREFIX_PATH}:/home/f1/f1tenth_ws/install/f1tenth_stack:/home/f1/f1tenth_ws/install/joy_teleop:/home/f1/f1tenth_ws/install/pygame_key_teleop:/home/f1/f1tenth_ws/install/mouse_teleop:/home/f1/f1tenth_ws/install/key_teleop:/home/f1/f1tenth_ws/install/f1tenth_path_planner:/opt/ros/foxy /usr/bin/cmake --install /home/f1/f1tenth_ws/build/ackermann_mux
[8.278s] Level 1:colcon.colcon_core.environment:checking '/home/f1/f1tenth_ws/install/ackermann_mux' for CMake module files
[8.297s] Level 1:colcon.colcon_core.environment:checking '/home/f1/f1tenth_ws/install/ackermann_mux' for CMake config files
[8.310s] Level 1:colcon.colcon_core.shell:create_environment_hook('ackermann_mux', 'cmake_prefix_path')
[8.312s] INFO:colcon.colcon_core.shell:Creating environment hook '/home/f1/f1tenth_ws/install/ackermann_mux/share/ackermann_mux/hook/cmake_prefix_path.ps1'
[8.319s] INFO:colcon.colcon_core.shell:Creating environment descriptor '/home/f1/f1tenth_ws/install/ackermann_mux/share/ackermann_mux/hook/cmake_prefix_path.dsv'
[8.343s] INFO:colcon.colcon_core.shell:Creating environment hook '/home/f1/f1tenth_ws/install/ackermann_mux/share/ackermann_mux/hook/cmake_prefix_path.sh'
[8.373s] Level 1:colcon.colcon_core.environment:checking '/home/f1/f1tenth_ws/install/ackermann_mux/lib'
[8.374s] Level 1:colcon.colcon_core.environment:checking '/home/f1/f1tenth_ws/install/ackermann_mux/bin'
[8.374s] Level 1:colcon.colcon_core.environment:checking '/home/f1/f1tenth_ws/install/ackermann_mux/lib/pkgconfig/ackermann_mux.pc'
[8.376s] Level 1:colcon.colcon_core.environment:checking '/home/f1/f1tenth_ws/install/ackermann_mux/lib/python3.8/site-packages'
[8.377s] Level 1:colcon.colcon_core.environment:checking '/home/f1/f1tenth_ws/install/ackermann_mux/bin'
[8.379s] INFO:colcon.colcon_core.shell:Creating package script '/home/f1/f1tenth_ws/install/ackermann_mux/share/ackermann_mux/package.ps1'
[8.384s] INFO:colcon.colcon_core.shell:Creating package descriptor '/home/f1/f1tenth_ws/install/ackermann_mux/share/ackermann_mux/package.dsv'
[8.397s] INFO:colcon.colcon_core.shell:Creating package script '/home/f1/f1tenth_ws/install/ackermann_mux/share/ackermann_mux/package.sh'
[8.407s] INFO:colcon.colcon_core.shell:Creating package script '/home/f1/f1tenth_ws/install/ackermann_mux/share/ackermann_mux/package.bash'
[8.414s] INFO:colcon.colcon_core.shell:Creating package script '/home/f1/f1tenth_ws/install/ackermann_mux/share/ackermann_mux/package.zsh'
[8.434s] Level 1:colcon.colcon_core.environment:create_file_with_runtime_dependencies(/home/f1/f1tenth_ws/install/ackermann_mux/share/colcon-core/packages/ackermann_mux)
[8.443s] Level 1:colcon.colcon_core.environment:create_environment_scripts_only(ackermann_mux)
[8.447s] Level 1:colcon.colcon_core.environment:checking '/home/f1/f1tenth_ws/install/ackermann_mux' for CMake module files
[8.454s] Level 1:colcon.colcon_core.environment:checking '/home/f1/f1tenth_ws/install/ackermann_mux' for CMake config files
[8.455s] Level 1:colcon.colcon_core.shell:create_environment_hook('ackermann_mux', 'cmake_prefix_path')
[8.457s] INFO:colcon.colcon_core.shell:Creating environment hook '/home/f1/f1tenth_ws/install/ackermann_mux/share/ackermann_mux/hook/cmake_prefix_path.ps1'
[8.461s] INFO:colcon.colcon_core.shell:Creating environment descriptor '/home/f1/f1tenth_ws/install/ackermann_mux/share/ackermann_mux/hook/cmake_prefix_path.dsv'
[8.463s] INFO:colcon.colcon_core.shell:Creating environment hook '/home/f1/f1tenth_ws/install/ackermann_mux/share/ackermann_mux/hook/cmake_prefix_path.sh'
[8.470s] Level 1:colcon.colcon_core.environment:checking '/home/f1/f1tenth_ws/install/ackermann_mux/lib'
[8.471s] Level 1:colcon.colcon_core.environment:checking '/home/f1/f1tenth_ws/install/ackermann_mux/bin'
[8.471s] Level 1:colcon.colcon_core.environment:checking '/home/f1/f1tenth_ws/install/ackermann_mux/lib/pkgconfig/ackermann_mux.pc'
[8.472s] Level 1:colcon.colcon_core.environment:checking '/home/f1/f1tenth_ws/install/ackermann_mux/lib/python3.8/site-packages'
[8.473s] Level 1:colcon.colcon_core.environment:checking '/home/f1/f1tenth_ws/install/ackermann_mux/bin'
[8.475s] INFO:colcon.colcon_core.shell:Creating package script '/home/f1/f1tenth_ws/install/ackermann_mux/share/ackermann_mux/package.ps1'
[8.478s] INFO:colcon.colcon_core.shell:Creating package descriptor '/home/f1/f1tenth_ws/install/ackermann_mux/share/ackermann_mux/package.dsv'
[8.483s] INFO:colcon.colcon_core.shell:Creating package script '/home/f1/f1tenth_ws/install/ackermann_mux/share/ackermann_mux/package.sh'
[8.486s] INFO:colcon.colcon_core.shell:Creating package script '/home/f1/f1tenth_ws/install/ackermann_mux/share/ackermann_mux/package.bash'
[8.488s] INFO:colcon.colcon_core.shell:Creating package script '/home/f1/f1tenth_ws/install/ackermann_mux/share/ackermann_mux/package.zsh'
[8.504s] Level 1:colcon.colcon_core.environment:create_file_with_runtime_dependencies(/home/f1/f1tenth_ws/install/ackermann_mux/share/colcon-core/packages/ackermann_mux)
[8.517s] INFO:colcon.colcon_ros.task.ament_cmake.build:Building ROS package in '/home/f1/f1tenth_ws/src/path_follow' with build type 'ament_cmake'
[8.519s] INFO:colcon.colcon_cmake.task.cmake.build:Building CMake package in '/home/f1/f1tenth_ws/src/path_follow'
[8.520s] INFO:colcon.colcon_core.shell:Skip shell extension 'powershell' for command environment: Not usable outside of PowerShell
[8.521s] DEBUG:colcon.colcon_core.shell:Skip shell extension 'dsv' for command environment
[8.654s] Level 1:colcon.colcon_core.environment:create_environment_scripts_only(center_follow_cpp)
[8.667s] DEBUG:colcon.colcon_core.event_handler.log_command:Invoked command in '/home/f1/f1tenth_ws/build/center_follow_cpp' returned '0': CMAKE_PREFIX_PATH=${CMAKE_PREFIX_PATH}:/home/f1/f1tenth_ws/install/f1tenth_stack:/home/f1/f1tenth_ws/install/joy_teleop:/home/f1/f1tenth_ws/install/pygame_key_teleop:/home/f1/f1tenth_ws/install/mouse_teleop:/home/f1/f1tenth_ws/install/key_teleop:/home/f1/f1tenth_ws/install/f1tenth_path_planner:/opt/ros/foxy /usr/bin/cmake --install /home/f1/f1tenth_ws/build/center_follow_cpp
[8.682s] Level 1:colcon.colcon_core.environment:checking '/home/f1/f1tenth_ws/install/center_follow_cpp' for CMake module files
[8.696s] Level 1:colcon.colcon_core.environment:checking '/home/f1/f1tenth_ws/install/center_follow_cpp' for CMake config files
[8.706s] Level 1:colcon.colcon_core.shell:create_environment_hook('center_follow_cpp', 'cmake_prefix_path')
[8.709s] INFO:colcon.colcon_core.shell:Creating environment hook '/home/f1/f1tenth_ws/install/center_follow_cpp/share/center_follow_cpp/hook/cmake_prefix_path.ps1'
[8.716s] INFO:colcon.colcon_core.shell:Creating environment descriptor '/home/f1/f1tenth_ws/install/center_follow_cpp/share/center_follow_cpp/hook/cmake_prefix_path.dsv'
[8.719s] INFO:colcon.colcon_core.shell:Creating environment hook '/home/f1/f1tenth_ws/install/center_follow_cpp/share/center_follow_cpp/hook/cmake_prefix_path.sh'
[8.724s] Level 1:colcon.colcon_core.environment:checking '/home/f1/f1tenth_ws/install/center_follow_cpp/lib'
[8.725s] Level 1:colcon.colcon_core.environment:checking '/home/f1/f1tenth_ws/install/center_follow_cpp/bin'
[8.725s] Level 1:colcon.colcon_core.environment:checking '/home/f1/f1tenth_ws/install/center_follow_cpp/lib/pkgconfig/center_follow_cpp.pc'
[8.727s] Level 1:colcon.colcon_core.environment:checking '/home/f1/f1tenth_ws/install/center_follow_cpp/lib/python3.8/site-packages'
[8.728s] Level 1:colcon.colcon_core.environment:checking '/home/f1/f1tenth_ws/install/center_follow_cpp/bin'
[8.730s] INFO:colcon.colcon_core.shell:Creating package script '/home/f1/f1tenth_ws/install/center_follow_cpp/share/center_follow_cpp/package.ps1'
[8.735s] INFO:colcon.colcon_core.shell:Creating package descriptor '/home/f1/f1tenth_ws/install/center_follow_cpp/share/center_follow_cpp/package.dsv'
[8.738s] INFO:colcon.colcon_core.shell:Creating package script '/home/f1/f1tenth_ws/install/center_follow_cpp/share/center_follow_cpp/package.sh'
[8.745s] INFO:colcon.colcon_core.shell:Creating package script '/home/f1/f1tenth_ws/install/center_follow_cpp/share/center_follow_cpp/package.bash'
[8.749s] INFO:colcon.colcon_core.shell:Creating package script '/home/f1/f1tenth_ws/install/center_follow_cpp/share/center_follow_cpp/package.zsh'
[8.752s] Level 1:colcon.colcon_core.environment:create_file_with_runtime_dependencies(/home/f1/f1tenth_ws/install/center_follow_cpp/share/colcon-core/packages/center_follow_cpp)
[8.757s] Level 1:colcon.colcon_core.environment:create_environment_scripts_only(center_follow_cpp)
[8.758s] Level 1:colcon.colcon_core.environment:checking '/home/f1/f1tenth_ws/install/center_follow_cpp' for CMake module files
[8.762s] Level 1:colcon.colcon_core.environment:checking '/home/f1/f1tenth_ws/install/center_follow_cpp' for CMake config files
[8.764s] Level 1:colcon.colcon_core.shell:create_environment_hook('center_follow_cpp', 'cmake_prefix_path')
[8.767s] INFO:colcon.colcon_core.shell:Creating environment hook '/home/f1/f1tenth_ws/install/center_follow_cpp/share/center_follow_cpp/hook/cmake_prefix_path.ps1'
[8.772s] INFO:colcon.colcon_core.shell:Creating environment descriptor '/home/f1/f1tenth_ws/install/center_follow_cpp/share/center_follow_cpp/hook/cmake_prefix_path.dsv'
[8.778s] INFO:colcon.colcon_core.shell:Creating environment hook '/home/f1/f1tenth_ws/install/center_follow_cpp/share/center_follow_cpp/hook/cmake_prefix_path.sh'
[8.783s] Level 1:colcon.colcon_core.environment:checking '/home/f1/f1tenth_ws/install/center_follow_cpp/lib'
[8.784s] Level 1:colcon.colcon_core.environment:checking '/home/f1/f1tenth_ws/install/center_follow_cpp/bin'
[8.784s] Level 1:colcon.colcon_core.environment:checking '/home/f1/f1tenth_ws/install/center_follow_cpp/lib/pkgconfig/center_follow_cpp.pc'
[8.785s] Level 1:colcon.colcon_core.environment:checking '/home/f1/f1tenth_ws/install/center_follow_cpp/lib/python3.8/site-packages'
[8.786s] Level 1:colcon.colcon_core.environment:checking '/home/f1/f1tenth_ws/install/center_follow_cpp/bin'
[8.788s] INFO:colcon.colcon_core.shell:Creating package script '/home/f1/f1tenth_ws/install/center_follow_cpp/share/center_follow_cpp/package.ps1'
[8.792s] INFO:colcon.colcon_core.shell:Creating package descriptor '/home/f1/f1tenth_ws/install/center_follow_cpp/share/center_follow_cpp/package.dsv'
[8.796s] INFO:colcon.colcon_core.shell:Creating package script '/home/f1/f1tenth_ws/install/center_follow_cpp/share/center_follow_cpp/package.sh'
[8.799s] INFO:colcon.colcon_core.shell:Creating package script '/home/f1/f1tenth_ws/install/center_follow_cpp/share/center_follow_cpp/package.bash'
[8.802s] INFO:colcon.colcon_core.shell:Creating package script '/home/f1/f1tenth_ws/install/center_follow_cpp/share/center_follow_cpp/package.zsh'
[8.806s] Level 1:colcon.colcon_core.environment:create_file_with_runtime_dependencies(/home/f1/f1tenth_ws/install/center_follow_cpp/share/colcon-core/packages/center_follow_cpp)
[8.819s] INFO:colcon.colcon_ros.task.ament_cmake.build:Building ROS package in '/home/f1/f1tenth_ws/src/pure_pursuit' with build type 'ament_cmake'
[8.821s] INFO:colcon.colcon_cmake.task.cmake.build:Building CMake package in '/home/f1/f1tenth_ws/src/pure_pursuit'
[8.823s] INFO:colcon.colcon_core.shell:Skip shell extension 'powershell' for command environment: Not usable outside of PowerShell
[8.823s] DEBUG:colcon.colcon_core.shell:Skip shell extension 'dsv' for command environment
[8.891s] Level 1:colcon.colcon_core.environment:create_environment_scripts_only(vesc_msgs)
[8.897s] DEBUG:colcon.colcon_core.event_handler.log_command:Invoked command in '/home/f1/f1tenth_ws/build/vesc_msgs' returned '0': CMAKE_PREFIX_PATH=${CMAKE_PREFIX_PATH}:/home/f1/f1tenth_ws/install/f1tenth_stack:/home/f1/f1tenth_ws/install/joy_teleop:/home/f1/f1tenth_ws/install/pygame_key_teleop:/home/f1/f1tenth_ws/install/mouse_teleop:/home/f1/f1tenth_ws/install/key_teleop:/home/f1/f1tenth_ws/install/f1tenth_path_planner:/opt/ros/foxy /usr/bin/cmake --install /home/f1/f1tenth_ws/build/vesc_msgs
[8.901s] Level 1:colcon.colcon_core.environment:checking '/home/f1/f1tenth_ws/install/vesc_msgs' for CMake module files
[8.908s] Level 1:colcon.colcon_core.environment:checking '/home/f1/f1tenth_ws/install/vesc_msgs' for CMake config files
[8.911s] Level 1:colcon.colcon_core.shell:create_environment_hook('vesc_msgs', 'cmake_prefix_path')
[8.913s] INFO:colcon.colcon_core.shell:Creating environment hook '/home/f1/f1tenth_ws/install/vesc_msgs/share/vesc_msgs/hook/cmake_prefix_path.ps1'
[8.919s] INFO:colcon.colcon_core.shell:Creating environment descriptor '/home/f1/f1tenth_ws/install/vesc_msgs/share/vesc_msgs/hook/cmake_prefix_path.dsv'
[8.922s] INFO:colcon.colcon_core.shell:Creating environment hook '/home/f1/f1tenth_ws/install/vesc_msgs/share/vesc_msgs/hook/cmake_prefix_path.sh'
[8.930s] Level 1:colcon.colcon_core.environment:checking '/home/f1/f1tenth_ws/install/vesc_msgs/lib'
[8.931s] Level 1:colcon.colcon_core.shell:create_environment_hook('vesc_msgs', 'ld_library_path_lib')
[8.934s] INFO:colcon.colcon_core.shell:Creating environment hook '/home/f1/f1tenth_ws/install/vesc_msgs/share/vesc_msgs/hook/ld_library_path_lib.ps1'
[8.947s] INFO:colcon.colcon_core.shell:Creating environment descriptor '/home/f1/f1tenth_ws/install/vesc_msgs/share/vesc_msgs/hook/ld_library_path_lib.dsv'
[8.950s] INFO:colcon.colcon_core.shell:Creating environment hook '/home/f1/f1tenth_ws/install/vesc_msgs/share/vesc_msgs/hook/ld_library_path_lib.sh'
[8.953s] Level 1:colcon.colcon_core.environment:checking '/home/f1/f1tenth_ws/install/vesc_msgs/bin'
[8.954s] Level 1:colcon.colcon_core.environment:checking '/home/f1/f1tenth_ws/install/vesc_msgs/lib/pkgconfig/vesc_msgs.pc'
[8.955s] Level 1:colcon.colcon_core.environment:checking '/home/f1/f1tenth_ws/install/vesc_msgs/lib/python3.8/site-packages'
[8.956s] Level 1:colcon.colcon_core.shell:create_environment_hook('vesc_msgs', 'pythonpath')
[8.957s] INFO:colcon.colcon_core.shell:Creating environment hook '/home/f1/f1tenth_ws/install/vesc_msgs/share/vesc_msgs/hook/pythonpath.ps1'
[8.960s] INFO:colcon.colcon_core.shell:Creating environment descriptor '/home/f1/f1tenth_ws/install/vesc_msgs/share/vesc_msgs/hook/pythonpath.dsv'
[8.962s] INFO:colcon.colcon_core.shell:Creating environment hook '/home/f1/f1tenth_ws/install/vesc_msgs/share/vesc_msgs/hook/pythonpath.sh'
[8.965s] Level 1:colcon.colcon_core.environment:checking '/home/f1/f1tenth_ws/install/vesc_msgs/bin'
[8.968s] INFO:colcon.colcon_core.shell:Creating package script '/home/f1/f1tenth_ws/install/vesc_msgs/share/vesc_msgs/package.ps1'
[8.972s] INFO:colcon.colcon_core.shell:Creating package descriptor '/home/f1/f1tenth_ws/install/vesc_msgs/share/vesc_msgs/package.dsv'
[8.976s] INFO:colcon.colcon_core.shell:Creating package script '/home/f1/f1tenth_ws/install/vesc_msgs/share/vesc_msgs/package.sh'
[8.979s] INFO:colcon.colcon_core.shell:Creating package script '/home/f1/f1tenth_ws/install/vesc_msgs/share/vesc_msgs/package.bash'
[8.982s] INFO:colcon.colcon_core.shell:Creating package script '/home/f1/f1tenth_ws/install/vesc_msgs/share/vesc_msgs/package.zsh'
[8.984s] Level 1:colcon.colcon_core.environment:create_file_with_runtime_dependencies(/home/f1/f1tenth_ws/install/vesc_msgs/share/colcon-core/packages/vesc_msgs)
[8.989s] Level 1:colcon.colcon_core.environment:create_environment_scripts_only(vesc_msgs)
[8.990s] Level 1:colcon.colcon_core.environment:checking '/home/f1/f1tenth_ws/install/vesc_msgs' for CMake module files
[8.997s] Level 1:colcon.colcon_core.environment:checking '/home/f1/f1tenth_ws/install/vesc_msgs' for CMake config files
[9.002s] Level 1:colcon.colcon_core.shell:create_environment_hook('vesc_msgs', 'cmake_prefix_path')
[9.004s] INFO:colcon.colcon_core.shell:Creating environment hook '/home/f1/f1tenth_ws/install/vesc_msgs/share/vesc_msgs/hook/cmake_prefix_path.ps1'
[9.007s] INFO:colcon.colcon_core.shell:Creating environment descriptor '/home/f1/f1tenth_ws/install/vesc_msgs/share/vesc_msgs/hook/cmake_prefix_path.dsv'
[9.009s] INFO:colcon.colcon_core.shell:Creating environment hook '/home/f1/f1tenth_ws/install/vesc_msgs/share/vesc_msgs/hook/cmake_prefix_path.sh'
[9.017s] Level 1:colcon.colcon_core.environment:checking '/home/f1/f1tenth_ws/install/vesc_msgs/lib'
[9.018s] Level 1:colcon.colcon_core.shell:create_environment_hook('vesc_msgs', 'ld_library_path_lib')
[9.019s] INFO:colcon.colcon_core.shell:Creating environment hook '/home/f1/f1tenth_ws/install/vesc_msgs/share/vesc_msgs/hook/ld_library_path_lib.ps1'
[9.022s] INFO:colcon.colcon_core.shell:Creating environment descriptor '/home/f1/f1tenth_ws/install/vesc_msgs/share/vesc_msgs/hook/ld_library_path_lib.dsv'
[9.025s] INFO:colcon.colcon_core.shell:Creating environment hook '/home/f1/f1tenth_ws/install/vesc_msgs/share/vesc_msgs/hook/ld_library_path_lib.sh'
[9.028s] Level 1:colcon.colcon_core.environment:checking '/home/f1/f1tenth_ws/install/vesc_msgs/bin'
[9.028s] Level 1:colcon.colcon_core.environment:checking '/home/f1/f1tenth_ws/install/vesc_msgs/lib/pkgconfig/vesc_msgs.pc'
[9.030s] Level 1:colcon.colcon_core.environment:checking '/home/f1/f1tenth_ws/install/vesc_msgs/lib/python3.8/site-packages'
[9.031s] Level 1:colcon.colcon_core.shell:create_environment_hook('vesc_msgs', 'pythonpath')
[9.033s] INFO:colcon.colcon_core.shell:Creating environment hook '/home/f1/f1tenth_ws/install/vesc_msgs/share/vesc_msgs/hook/pythonpath.ps1'
[9.036s] INFO:colcon.colcon_core.shell:Creating environment descriptor '/home/f1/f1tenth_ws/install/vesc_msgs/share/vesc_msgs/hook/pythonpath.dsv'
[9.039s] INFO:colcon.colcon_core.shell:Creating environment hook '/home/f1/f1tenth_ws/install/vesc_msgs/share/vesc_msgs/hook/pythonpath.sh'
[9.042s] Level 1:colcon.colcon_core.environment:checking '/home/f1/f1tenth_ws/install/vesc_msgs/bin'
[9.044s] INFO:colcon.colcon_core.shell:Creating package script '/home/f1/f1tenth_ws/install/vesc_msgs/share/vesc_msgs/package.ps1'
[9.048s] INFO:colcon.colcon_core.shell:Creating package descriptor '/home/f1/f1tenth_ws/install/vesc_msgs/share/vesc_msgs/package.dsv'
[9.052s] INFO:colcon.colcon_core.shell:Creating package script '/home/f1/f1tenth_ws/install/vesc_msgs/share/vesc_msgs/package.sh'
[9.056s] INFO:colcon.colcon_core.shell:Creating package script '/home/f1/f1tenth_ws/install/vesc_msgs/share/vesc_msgs/package.bash'
[9.060s] INFO:colcon.colcon_core.shell:Creating package script '/home/f1/f1tenth_ws/install/vesc_msgs/share/vesc_msgs/package.zsh'
[9.063s] Level 1:colcon.colcon_core.environment:create_file_with_runtime_dependencies(/home/f1/f1tenth_ws/install/vesc_msgs/share/colcon-core/packages/vesc_msgs)
[9.105s] DEBUG:colcon.colcon_core.event_handler.log_command:Invoking command in '/home/f1/f1tenth_ws/build/path_follow': CMAKE_PREFIX_PATH=${CMAKE_PREFIX_PATH}:/home/f1/f1tenth_ws/install/f1tenth_stack:/home/f1/f1tenth_ws/install/joy_teleop:/home/f1/f1tenth_ws/install/pygame_key_teleop:/home/f1/f1tenth_ws/install/mouse_teleop:/home/f1/f1tenth_ws/install/key_teleop:/home/f1/f1tenth_ws/install/f1tenth_path_planner:/opt/ros/foxy /usr/bin/cmake --build /home/f1/f1tenth_ws/build/path_follow -- -j6 -l6
[9.121s] INFO:colcon.colcon_ros.task.ament_cmake.build:Building ROS package in '/home/f1/f1tenth_ws/src/f1tenth_system/vesc/vesc_ackermann' with build type 'ament_cmake'
[9.127s] INFO:colcon.colcon_cmake.task.cmake.build:Building CMake package in '/home/f1/f1tenth_ws/src/f1tenth_system/vesc/vesc_ackermann'
[9.133s] INFO:colcon.colcon_core.shell:Skip shell extension 'powershell' for command environment: Not usable outside of PowerShell
[9.134s] DEBUG:colcon.colcon_core.shell:Skip shell extension 'dsv' for command environment
[9.264s] Level 1:colcon.colcon_core.environment:create_environment_scripts_only(teleop_tools_msgs)
[9.276s] DEBUG:colcon.colcon_core.event_handler.log_command:Invoked command in '/home/f1/f1tenth_ws/build/teleop_tools_msgs' returned '0': CMAKE_PREFIX_PATH=${CMAKE_PREFIX_PATH}:/home/f1/f1tenth_ws/install/f1tenth_stack:/home/f1/f1tenth_ws/install/joy_teleop:/home/f1/f1tenth_ws/install/pygame_key_teleop:/home/f1/f1tenth_ws/install/mouse_teleop:/home/f1/f1tenth_ws/install/key_teleop:/home/f1/f1tenth_ws/install/f1tenth_path_planner:/opt/ros/foxy /usr/bin/cmake --install /home/f1/f1tenth_ws/build/teleop_tools_msgs
[9.278s] Level 1:colcon.colcon_core.environment:checking '/home/f1/f1tenth_ws/install/teleop_tools_msgs' for CMake module files
[9.297s] Level 1:colcon.colcon_core.environment:checking '/home/f1/f1tenth_ws/install/teleop_tools_msgs' for CMake config files
[9.304s] Level 1:colcon.colcon_core.shell:create_environment_hook('teleop_tools_msgs', 'cmake_prefix_path')
[9.315s] INFO:colcon.colcon_core.shell:Creating environment hook '/home/f1/f1tenth_ws/install/teleop_tools_msgs/share/teleop_tools_msgs/hook/cmake_prefix_path.ps1'
[9.324s] INFO:colcon.colcon_core.shell:Creating environment descriptor '/home/f1/f1tenth_ws/install/teleop_tools_msgs/share/teleop_tools_msgs/hook/cmake_prefix_path.dsv'
[9.327s] INFO:colcon.colcon_core.shell:Creating environment hook '/home/f1/f1tenth_ws/install/teleop_tools_msgs/share/teleop_tools_msgs/hook/cmake_prefix_path.sh'
[9.333s] Level 1:colcon.colcon_core.environment:checking '/home/f1/f1tenth_ws/install/teleop_tools_msgs/lib'
[9.334s] Level 1:colcon.colcon_core.shell:create_environment_hook('teleop_tools_msgs', 'ld_library_path_lib')
[9.336s] INFO:colcon.colcon_core.shell:Creating environment hook '/home/f1/f1tenth_ws/install/teleop_tools_msgs/share/teleop_tools_msgs/hook/ld_library_path_lib.ps1'
[9.339s] INFO:colcon.colcon_core.shell:Creating environment descriptor '/home/f1/f1tenth_ws/install/teleop_tools_msgs/share/teleop_tools_msgs/hook/ld_library_path_lib.dsv'
[9.345s] INFO:colcon.colcon_core.shell:Creating environment hook '/home/f1/f1tenth_ws/install/teleop_tools_msgs/share/teleop_tools_msgs/hook/ld_library_path_lib.sh'
[9.350s] Level 1:colcon.colcon_core.environment:checking '/home/f1/f1tenth_ws/install/teleop_tools_msgs/bin'
[9.350s] Level 1:colcon.colcon_core.environment:checking '/home/f1/f1tenth_ws/install/teleop_tools_msgs/lib/pkgconfig/teleop_tools_msgs.pc'
[9.352s] Level 1:colcon.colcon_core.environment:checking '/home/f1/f1tenth_ws/install/teleop_tools_msgs/lib/python3.8/site-packages'
[9.353s] Level 1:colcon.colcon_core.shell:create_environment_hook('teleop_tools_msgs', 'pythonpath')
[9.356s] INFO:colcon.colcon_core.shell:Creating environment hook '/home/f1/f1tenth_ws/install/teleop_tools_msgs/share/teleop_tools_msgs/hook/pythonpath.ps1'
[9.359s] INFO:colcon.colcon_core.shell:Creating environment descriptor '/home/f1/f1tenth_ws/install/teleop_tools_msgs/share/teleop_tools_msgs/hook/pythonpath.dsv'
[9.363s] INFO:colcon.colcon_core.shell:Creating environment hook '/home/f1/f1tenth_ws/install/teleop_tools_msgs/share/teleop_tools_msgs/hook/pythonpath.sh'
[9.371s] Level 1:colcon.colcon_core.environment:checking '/home/f1/f1tenth_ws/install/teleop_tools_msgs/bin'
[9.374s] INFO:colcon.colcon_core.shell:Creating package script '/home/f1/f1tenth_ws/install/teleop_tools_msgs/share/teleop_tools_msgs/package.ps1'
[9.378s] INFO:colcon.colcon_core.shell:Creating package descriptor '/home/f1/f1tenth_ws/install/teleop_tools_msgs/share/teleop_tools_msgs/package.dsv'
[9.381s] INFO:colcon.colcon_core.shell:Creating package script '/home/f1/f1tenth_ws/install/teleop_tools_msgs/share/teleop_tools_msgs/package.sh'
[9.388s] INFO:colcon.colcon_core.shell:Creating package script '/home/f1/f1tenth_ws/install/teleop_tools_msgs/share/teleop_tools_msgs/package.bash'
[9.391s] INFO:colcon.colcon_core.shell:Creating package script '/home/f1/f1tenth_ws/install/teleop_tools_msgs/share/teleop_tools_msgs/package.zsh'
[9.395s] Level 1:colcon.colcon_core.environment:create_file_with_runtime_dependencies(/home/f1/f1tenth_ws/install/teleop_tools_msgs/share/colcon-core/packages/teleop_tools_msgs)
[9.401s] Level 1:colcon.colcon_core.environment:create_environment_scripts_only(teleop_tools_msgs)
[9.404s] Level 1:colcon.colcon_core.environment:checking '/home/f1/f1tenth_ws/install/teleop_tools_msgs' for CMake module files
[9.408s] Level 1:colcon.colcon_core.environment:checking '/home/f1/f1tenth_ws/install/teleop_tools_msgs' for CMake config files
[9.411s] Level 1:colcon.colcon_core.shell:create_environment_hook('teleop_tools_msgs', 'cmake_prefix_path')
[9.412s] INFO:colcon.colcon_core.shell:Creating environment hook '/home/f1/f1tenth_ws/install/teleop_tools_msgs/share/teleop_tools_msgs/hook/cmake_prefix_path.ps1'
[9.415s] INFO:colcon.colcon_core.shell:Creating environment descriptor '/home/f1/f1tenth_ws/install/teleop_tools_msgs/share/teleop_tools_msgs/hook/cmake_prefix_path.dsv'
[9.419s] INFO:colcon.colcon_core.shell:Creating environment hook '/home/f1/f1tenth_ws/install/teleop_tools_msgs/share/teleop_tools_msgs/hook/cmake_prefix_path.sh'
[9.425s] Level 1:colcon.colcon_core.environment:checking '/home/f1/f1tenth_ws/install/teleop_tools_msgs/lib'
[9.426s] Level 1:colcon.colcon_core.shell:create_environment_hook('teleop_tools_msgs', 'ld_library_path_lib')
[9.428s] INFO:colcon.colcon_core.shell:Creating environment hook '/home/f1/f1tenth_ws/install/teleop_tools_msgs/share/teleop_tools_msgs/hook/ld_library_path_lib.ps1'
[9.435s] INFO:colcon.colcon_core.shell:Creating environment descriptor '/home/f1/f1tenth_ws/install/teleop_tools_msgs/share/teleop_tools_msgs/hook/ld_library_path_lib.dsv'
[9.438s] INFO:colcon.colcon_core.shell:Creating environment hook '/home/f1/f1tenth_ws/install/teleop_tools_msgs/share/teleop_tools_msgs/hook/ld_library_path_lib.sh'
[9.443s] Level 1:colcon.colcon_core.environment:checking '/home/f1/f1tenth_ws/install/teleop_tools_msgs/bin'
[9.444s] Level 1:colcon.colcon_core.environment:checking '/home/f1/f1tenth_ws/install/teleop_tools_msgs/lib/pkgconfig/teleop_tools_msgs.pc'
[9.446s] Level 1:colcon.colcon_core.environment:checking '/home/f1/f1tenth_ws/install/teleop_tools_msgs/lib/python3.8/site-packages'
[9.446s] Level 1:colcon.colcon_core.shell:create_environment_hook('teleop_tools_msgs', 'pythonpath')
[9.449s] INFO:colcon.colcon_core.shell:Creating environment hook '/home/f1/f1tenth_ws/install/teleop_tools_msgs/share/teleop_tools_msgs/hook/pythonpath.ps1'
[9.454s] INFO:colcon.colcon_core.shell:Creating environment descriptor '/home/f1/f1tenth_ws/install/teleop_tools_msgs/share/teleop_tools_msgs/hook/pythonpath.dsv'
[9.459s] INFO:colcon.colcon_core.shell:Creating environment hook '/home/f1/f1tenth_ws/install/teleop_tools_msgs/share/teleop_tools_msgs/hook/pythonpath.sh'
[9.464s] Level 1:colcon.colcon_core.environment:checking '/home/f1/f1tenth_ws/install/teleop_tools_msgs/bin'
[9.471s] INFO:colcon.colcon_core.shell:Creating package script '/home/f1/f1tenth_ws/install/teleop_tools_msgs/share/teleop_tools_msgs/package.ps1'
[9.476s] INFO:colcon.colcon_core.shell:Creating package descriptor '/home/f1/f1tenth_ws/install/teleop_tools_msgs/share/teleop_tools_msgs/package.dsv'
[9.490s] INFO:colcon.colcon_core.shell:Creating package script '/home/f1/f1tenth_ws/install/teleop_tools_msgs/share/teleop_tools_msgs/package.sh'
[9.503s] INFO:colcon.colcon_core.shell:Creating package script '/home/f1/f1tenth_ws/install/teleop_tools_msgs/share/teleop_tools_msgs/package.bash'
[9.507s] INFO:colcon.colcon_core.shell:Creating package script '/home/f1/f1tenth_ws/install/teleop_tools_msgs/share/teleop_tools_msgs/package.zsh'
[9.509s] Level 1:colcon.colcon_core.environment:create_file_with_runtime_dependencies(/home/f1/f1tenth_ws/install/teleop_tools_msgs/share/colcon-core/packages/teleop_tools_msgs)
[9.529s] DEBUG:colcon.colcon_core.event_handler.log_command:Invoking command in '/home/f1/f1tenth_ws/build/pure_pursuit': CMAKE_PREFIX_PATH=${CMAKE_PREFIX_PATH}:/home/f1/f1tenth_ws/install/f1tenth_stack:/home/f1/f1tenth_ws/install/joy_teleop:/home/f1/f1tenth_ws/install/pygame_key_teleop:/home/f1/f1tenth_ws/install/mouse_teleop:/home/f1/f1tenth_ws/install/key_teleop:/home/f1/f1tenth_ws/install/f1tenth_path_planner:/opt/ros/foxy /usr/bin/cmake --build /home/f1/f1tenth_ws/build/pure_pursuit -- -j6 -l6
[9.554s] INFO:colcon.colcon_ros.task.ament_python.build:Building ROS package in '/home/f1/f1tenth_ws/src/f1tenth_system/teleop_tools/joy_teleop' with build type 'ament_python'
[9.559s] Level 1:colcon.colcon_core.shell:create_environment_hook('joy_teleop', 'ament_prefix_path')
[9.581s] INFO:colcon.colcon_core.shell:Creating environment hook '/home/f1/f1tenth_ws/install/joy_teleop/share/joy_teleop/hook/ament_prefix_path.ps1'
[9.588s] INFO:colcon.colcon_core.shell:Creating environment descriptor '/home/f1/f1tenth_ws/install/joy_teleop/share/joy_teleop/hook/ament_prefix_path.dsv'
[9.591s] INFO:colcon.colcon_core.shell:Creating environment hook '/home/f1/f1tenth_ws/install/joy_teleop/share/joy_teleop/hook/ament_prefix_path.sh'
[9.598s] INFO:colcon.colcon_core.shell:Skip shell extension 'powershell' for command environment: Not usable outside of PowerShell
[9.598s] DEBUG:colcon.colcon_core.shell:Skip shell extension 'dsv' for command environment
[9.731s] DEBUG:colcon.colcon_core.event_handler.log_command:Invoking command in '/home/f1/f1tenth_ws/build/vesc_ackermann': CMAKE_PREFIX_PATH=/home/f1/f1tenth_ws/install/vesc_msgs:/home/f1/f1tenth_ws/install/f1tenth_slam_nav:/home/f1/f1tenth_ws/install/vesc:/home/f1/f1tenth_ws/install/vesc_driver:/home/f1/f1tenth_ws/install/vesc_ackermann:/home/f1/f1tenth_ws/install/teleop_tools:/home/f1/f1tenth_ws/install/teleop_tools_msgs:/home/f1/f1tenth_ws/install/real_pure_pursuit:/home/f1/f1tenth_ws/install/pure_pursuit:/home/f1/f1tenth_ws/install/path_planner:/home/f1/f1tenth_ws/install/path_follow:/home/f1/f1tenth_ws/install/lidar_processing:/home/f1/f1tenth_ws/install/center_follow_cpp:/home/f1/f1tenth_ws/install/ackermann_mux:/home/f1/f1tenth_ws/install/f1tenth_stack:/home/f1/f1tenth_ws/install/joy_teleop:/home/f1/f1tenth_ws/install/pygame_key_teleop:/home/f1/f1tenth_ws/install/mouse_teleop:/home/f1/f1tenth_ws/install/key_teleop:/home/f1/f1tenth_ws/install/f1tenth_path_planner:/opt/ros/foxy LD_LIBRARY_PATH=/home/f1/f1tenth_ws/install/vesc_msgs/lib:/home/f1/f1tenth_ws/install/vesc_driver/lib:/home/f1/f1tenth_ws/install/vesc_ackermann/lib:/home/f1/f1tenth_ws/install/teleop_tools_msgs/lib:/opt/ros/foxy/opt/yaml_cpp_vendor/lib:/opt/ros/foxy/opt/rviz_ogre_vendor/lib:/opt/ros/foxy/lib/aarch64-linux-gnu:/opt/ros/foxy/lib PYTHONPATH=/home/f1/f1tenth_ws/install/vesc_msgs/lib/python3.8/site-packages:/home/f1/f1tenth_ws/install/f1tenth_slam_nav/lib/python3.8/site-packages:/home/f1/f1tenth_ws/build/f1tenth_stack:/home/f1/f1tenth_ws/install/f1tenth_stack/lib/python3.8/site-packages:/home/f1/f1tenth_ws/build/joy_teleop:/home/f1/f1tenth_ws/install/joy_teleop/lib/python3.8/site-packages:/home/f1/f1tenth_ws/install/teleop_tools_msgs/lib/python3.8/site-packages:/home/f1/f1tenth_ws/build/pygame_key_teleop:/home/f1/f1tenth_ws/install/pygame_key_teleop/lib/python3.8/site-packages:/home/f1/f1tenth_ws/build/mouse_teleop:/home/f1/f1tenth_ws/install/mouse_teleop/lib/python3.8/site-packages:/home/f1/f1tenth_ws/build/key_teleop:/home/f1/f1tenth_ws/install/key_teleop/lib/python3.8/site-packages:/home/f1/f1tenth_ws/install/f1tenth_path_planner/lib/python3.8/site-packages:/opt/ros/foxy/lib/python3.8/site-packages /usr/bin/cmake /home/f1/f1tenth_ws/src/f1tenth_system/vesc/vesc_ackermann -DCMAKE_BUILD_TYPE=Release -DAMENT_CMAKE_SYMLINK_INSTALL=1 -DCMAKE_INSTALL_PREFIX=/home/f1/f1tenth_ws/install/vesc_ackermann
[11.915s] INFO:colcon.colcon_core.task.python.build:Building Python package in '/home/f1/f1tenth_ws/src/f1tenth_system/teleop_tools/joy_teleop'
[11.922s] INFO:colcon.colcon_core.shell:Skip shell extension 'powershell' for command environment: Not usable outside of PowerShell
[11.923s] DEBUG:colcon.colcon_core.shell:Skip shell extension 'dsv' for command environment
[12.055s] DEBUG:colcon.colcon_core.event_handler.log_command:Invoking command in '/home/f1/f1tenth_ws/build/key_teleop': PYTHONPATH=/home/f1/f1tenth_ws/build/key_teleop/prefix_override:/usr/lib/python3/dist-packages/colcon_core/task/python/colcon_distutils_commands:/home/f1/f1tenth_ws/install/key_teleop/lib/python3.8/site-packages:${PYTHONPATH} /usr/bin/python3 -W ignore:setup.py install is deprecated -W ignore:easy_install command is deprecated setup.py develop --editable --build-directory /home/f1/f1tenth_ws/build/key_teleop/build --no-deps symlink_data
[12.062s] DEBUG:colcon.colcon_core.event_handler.log_command:Invoking command in '/home/f1/f1tenth_ws/build/mouse_teleop': PYTHONPATH=/home/f1/f1tenth_ws/build/mouse_teleop/prefix_override:/usr/lib/python3/dist-packages/colcon_core/task/python/colcon_distutils_commands:/home/f1/f1tenth_ws/install/mouse_teleop/lib/python3.8/site-packages:${PYTHONPATH} /usr/bin/python3 -W ignore:setup.py install is deprecated -W ignore:easy_install command is deprecated setup.py develop --editable --build-directory /home/f1/f1tenth_ws/build/mouse_teleop/build --no-deps symlink_data
[12.075s] DEBUG:colcon.colcon_core.event_handler.log_command:Invoked command in '/home/f1/f1tenth_ws/build/path_follow' returned '0': CMAKE_PREFIX_PATH=${CMAKE_PREFIX_PATH}:/home/f1/f1tenth_ws/install/f1tenth_stack:/home/f1/f1tenth_ws/install/joy_teleop:/home/f1/f1tenth_ws/install/pygame_key_teleop:/home/f1/f1tenth_ws/install/mouse_teleop:/home/f1/f1tenth_ws/install/key_teleop:/home/f1/f1tenth_ws/install/f1tenth_path_planner:/opt/ros/foxy /usr/bin/cmake --build /home/f1/f1tenth_ws/build/path_follow -- -j6 -l6
[12.104s] DEBUG:colcon.colcon_core.event_handler.log_command:Invoking command in '/home/f1/f1tenth_ws/build/path_follow': CMAKE_PREFIX_PATH=${CMAKE_PREFIX_PATH}:/home/f1/f1tenth_ws/install/f1tenth_stack:/home/f1/f1tenth_ws/install/joy_teleop:/home/f1/f1tenth_ws/install/pygame_key_teleop:/home/f1/f1tenth_ws/install/mouse_teleop:/home/f1/f1tenth_ws/install/key_teleop:/home/f1/f1tenth_ws/install/f1tenth_path_planner:/opt/ros/foxy /usr/bin/cmake --install /home/f1/f1tenth_ws/build/path_follow
[12.131s] DEBUG:colcon.colcon_core.event_handler.log_command:Invoked command in '/home/f1/f1tenth_ws/build/pure_pursuit' returned '0': CMAKE_PREFIX_PATH=${CMAKE_PREFIX_PATH}:/home/f1/f1tenth_ws/install/f1tenth_stack:/home/f1/f1tenth_ws/install/joy_teleop:/home/f1/f1tenth_ws/install/pygame_key_teleop:/home/f1/f1tenth_ws/install/mouse_teleop:/home/f1/f1tenth_ws/install/key_teleop:/home/f1/f1tenth_ws/install/f1tenth_path_planner:/opt/ros/foxy /usr/bin/cmake --build /home/f1/f1tenth_ws/build/pure_pursuit -- -j6 -l6
[12.138s] DEBUG:colcon.colcon_core.event_handler.log_command:Invoking command in '/home/f1/f1tenth_ws/build/pure_pursuit': CMAKE_PREFIX_PATH=${CMAKE_PREFIX_PATH}:/home/f1/f1tenth_ws/install/f1tenth_stack:/home/f1/f1tenth_ws/install/joy_teleop:/home/f1/f1tenth_ws/install/pygame_key_teleop:/home/f1/f1tenth_ws/install/mouse_teleop:/home/f1/f1tenth_ws/install/key_teleop:/home/f1/f1tenth_ws/install/f1tenth_path_planner:/opt/ros/foxy /usr/bin/cmake --install /home/f1/f1tenth_ws/build/pure_pursuit
[12.491s] Level 1:colcon.colcon_core.environment:create_environment_scripts_only(pure_pursuit)
[12.496s] Level 1:colcon.colcon_core.environment:checking '/home/f1/f1tenth_ws/install/pure_pursuit' for CMake module files
[12.499s] DEBUG:colcon.colcon_core.event_handler.log_command:Invoked command in '/home/f1/f1tenth_ws/build/pure_pursuit' returned '0': CMAKE_PREFIX_PATH=${CMAKE_PREFIX_PATH}:/home/f1/f1tenth_ws/install/f1tenth_stack:/home/f1/f1tenth_ws/install/joy_teleop:/home/f1/f1tenth_ws/install/pygame_key_teleop:/home/f1/f1tenth_ws/install/mouse_teleop:/home/f1/f1tenth_ws/install/key_teleop:/home/f1/f1tenth_ws/install/f1tenth_path_planner:/opt/ros/foxy /usr/bin/cmake --install /home/f1/f1tenth_ws/build/pure_pursuit
[12.503s] Level 1:colcon.colcon_core.environment:checking '/home/f1/f1tenth_ws/install/pure_pursuit' for CMake config files
[12.506s] Level 1:colcon.colcon_core.shell:create_environment_hook('pure_pursuit', 'cmake_prefix_path')
[12.508s] INFO:colcon.colcon_core.shell:Creating environment hook '/home/f1/f1tenth_ws/install/pure_pursuit/share/pure_pursuit/hook/cmake_prefix_path.ps1'
[12.514s] INFO:colcon.colcon_core.shell:Creating environment descriptor '/home/f1/f1tenth_ws/install/pure_pursuit/share/pure_pursuit/hook/cmake_prefix_path.dsv'
[12.517s] INFO:colcon.colcon_core.shell:Creating environment hook '/home/f1/f1tenth_ws/install/pure_pursuit/share/pure_pursuit/hook/cmake_prefix_path.sh'
[12.522s] Level 1:colcon.colcon_core.environment:checking '/home/f1/f1tenth_ws/install/pure_pursuit/lib'
[12.522s] Level 1:colcon.colcon_core.environment:checking '/home/f1/f1tenth_ws/install/pure_pursuit/bin'
[12.523s] Level 1:colcon.colcon_core.environment:checking '/home/f1/f1tenth_ws/install/pure_pursuit/lib/pkgconfig/pure_pursuit.pc'
[12.525s] Level 1:colcon.colcon_core.environment:checking '/home/f1/f1tenth_ws/install/pure_pursuit/lib/python3.8/site-packages'
[12.526s] Level 1:colcon.colcon_core.environment:checking '/home/f1/f1tenth_ws/install/pure_pursuit/bin'
[12.527s] INFO:colcon.colcon_core.shell:Creating package script '/home/f1/f1tenth_ws/install/pure_pursuit/share/pure_pursuit/package.ps1'
[12.531s] INFO:colcon.colcon_core.shell:Creating package descriptor '/home/f1/f1tenth_ws/install/pure_pursuit/share/pure_pursuit/package.dsv'
[12.535s] INFO:colcon.colcon_core.shell:Creating package script '/home/f1/f1tenth_ws/install/pure_pursuit/share/pure_pursuit/package.sh'
[12.538s] INFO:colcon.colcon_core.shell:Creating package script '/home/f1/f1tenth_ws/install/pure_pursuit/share/pure_pursuit/package.bash'
[12.540s] INFO:colcon.colcon_core.shell:Creating package script '/home/f1/f1tenth_ws/install/pure_pursuit/share/pure_pursuit/package.zsh'
[12.543s] Level 1:colcon.colcon_core.environment:create_file_with_runtime_dependencies(/home/f1/f1tenth_ws/install/pure_pursuit/share/colcon-core/packages/pure_pursuit)
[12.547s] Level 1:colcon.colcon_core.environment:create_environment_scripts_only(pure_pursuit)
[12.548s] Level 1:colcon.colcon_core.environment:checking '/home/f1/f1tenth_ws/install/pure_pursuit' for CMake module files
[12.552s] Level 1:colcon.colcon_core.environment:checking '/home/f1/f1tenth_ws/install/pure_pursuit' for CMake config files
[12.554s] Level 1:colcon.colcon_core.shell:create_environment_hook('pure_pursuit', 'cmake_prefix_path')
[12.555s] INFO:colcon.colcon_core.shell:Creating environment hook '/home/f1/f1tenth_ws/install/pure_pursuit/share/pure_pursuit/hook/cmake_prefix_path.ps1'
[12.558s] INFO:colcon.colcon_core.shell:Creating environment descriptor '/home/f1/f1tenth_ws/install/pure_pursuit/share/pure_pursuit/hook/cmake_prefix_path.dsv'
[12.562s] INFO:colcon.colcon_core.shell:Creating environment hook '/home/f1/f1tenth_ws/install/pure_pursuit/share/pure_pursuit/hook/cmake_prefix_path.sh'
[12.565s] Level 1:colcon.colcon_core.environment:checking '/home/f1/f1tenth_ws/install/pure_pursuit/lib'
[12.566s] Level 1:colcon.colcon_core.environment:checking '/home/f1/f1tenth_ws/install/pure_pursuit/bin'
[12.566s] Level 1:colcon.colcon_core.environment:checking '/home/f1/f1tenth_ws/install/pure_pursuit/lib/pkgconfig/pure_pursuit.pc'
[12.567s] Level 1:colcon.colcon_core.environment:checking '/home/f1/f1tenth_ws/install/pure_pursuit/lib/python3.8/site-packages'
[12.568s] Level 1:colcon.colcon_core.environment:checking '/home/f1/f1tenth_ws/install/pure_pursuit/bin'
[12.569s] INFO:colcon.colcon_core.shell:Creating package script '/home/f1/f1tenth_ws/install/pure_pursuit/share/pure_pursuit/package.ps1'
[12.572s] INFO:colcon.colcon_core.shell:Creating package descriptor '/home/f1/f1tenth_ws/install/pure_pursuit/share/pure_pursuit/package.dsv'
[12.576s] INFO:colcon.colcon_core.shell:Creating package script '/home/f1/f1tenth_ws/install/pure_pursuit/share/pure_pursuit/package.sh'
[12.578s] INFO:colcon.colcon_core.shell:Creating package script '/home/f1/f1tenth_ws/install/pure_pursuit/share/pure_pursuit/package.bash'
[12.581s] INFO:colcon.colcon_core.shell:Creating package script '/home/f1/f1tenth_ws/install/pure_pursuit/share/pure_pursuit/package.zsh'
[12.585s] Level 1:colcon.colcon_core.environment:create_file_with_runtime_dependencies(/home/f1/f1tenth_ws/install/pure_pursuit/share/colcon-core/packages/pure_pursuit)
[12.592s] INFO:colcon.colcon_ros.task.ament_cmake.build:Building ROS package in '/home/f1/f1tenth_ws/src/f1tenth_system/vesc/vesc_driver' with build type 'ament_cmake'
[12.595s] INFO:colcon.colcon_cmake.task.cmake.build:Building CMake package in '/home/f1/f1tenth_ws/src/f1tenth_system/vesc/vesc_driver'
[12.596s] INFO:colcon.colcon_core.shell:Skip shell extension 'powershell' for command environment: Not usable outside of PowerShell
[12.597s] DEBUG:colcon.colcon_core.shell:Skip shell extension 'dsv' for command environment
[12.678s] Level 1:colcon.colcon_core.environment:create_environment_scripts_only(path_follow)
[12.687s] DEBUG:colcon.colcon_core.event_handler.log_command:Invoked command in '/home/f1/f1tenth_ws/build/path_follow' returned '0': CMAKE_PREFIX_PATH=${CMAKE_PREFIX_PATH}:/home/f1/f1tenth_ws/install/f1tenth_stack:/home/f1/f1tenth_ws/install/joy_teleop:/home/f1/f1tenth_ws/install/pygame_key_teleop:/home/f1/f1tenth_ws/install/mouse_teleop:/home/f1/f1tenth_ws/install/key_teleop:/home/f1/f1tenth_ws/install/f1tenth_path_planner:/opt/ros/foxy /usr/bin/cmake --install /home/f1/f1tenth_ws/build/path_follow
[12.692s] Level 1:colcon.colcon_core.environment:checking '/home/f1/f1tenth_ws/install/path_follow' for CMake module files
[12.700s] Level 1:colcon.colcon_core.environment:checking '/home/f1/f1tenth_ws/install/path_follow' for CMake config files
[12.708s] Level 1:colcon.colcon_core.shell:create_environment_hook('path_follow', 'cmake_prefix_path')
[12.710s] INFO:colcon.colcon_core.shell:Creating environment hook '/home/f1/f1tenth_ws/install/path_follow/share/path_follow/hook/cmake_prefix_path.ps1'
[12.726s] INFO:colcon.colcon_core.shell:Creating environment descriptor '/home/f1/f1tenth_ws/install/path_follow/share/path_follow/hook/cmake_prefix_path.dsv'
[12.729s] INFO:colcon.colcon_core.shell:Creating environment hook '/home/f1/f1tenth_ws/install/path_follow/share/path_follow/hook/cmake_prefix_path.sh'
[12.733s] Level 1:colcon.colcon_core.environment:checking '/home/f1/f1tenth_ws/install/path_follow/lib'
[12.734s] Level 1:colcon.colcon_core.environment:checking '/home/f1/f1tenth_ws/install/path_follow/bin'
[12.734s] Level 1:colcon.colcon_core.environment:checking '/home/f1/f1tenth_ws/install/path_follow/lib/pkgconfig/path_follow.pc'
[12.736s] Level 1:colcon.colcon_core.environment:checking '/home/f1/f1tenth_ws/install/path_follow/lib/python3.8/site-packages'
[12.745s] Level 1:colcon.colcon_core.environment:checking '/home/f1/f1tenth_ws/install/path_follow/bin'
[12.749s] INFO:colcon.colcon_core.shell:Creating package script '/home/f1/f1tenth_ws/install/path_follow/share/path_follow/package.ps1'
[12.753s] INFO:colcon.colcon_core.shell:Creating package descriptor '/home/f1/f1tenth_ws/install/path_follow/share/path_follow/package.dsv'
[12.756s] INFO:colcon.colcon_core.shell:Creating package script '/home/f1/f1tenth_ws/install/path_follow/share/path_follow/package.sh'
[12.762s] INFO:colcon.colcon_core.shell:Creating package script '/home/f1/f1tenth_ws/install/path_follow/share/path_follow/package.bash'
[12.764s] INFO:colcon.colcon_core.shell:Creating package script '/home/f1/f1tenth_ws/install/path_follow/share/path_follow/package.zsh'
[12.767s] Level 1:colcon.colcon_core.environment:create_file_with_runtime_dependencies(/home/f1/f1tenth_ws/install/path_follow/share/colcon-core/packages/path_follow)
[12.772s] Level 1:colcon.colcon_core.environment:create_environment_scripts_only(path_follow)
[12.774s] Level 1:colcon.colcon_core.environment:checking '/home/f1/f1tenth_ws/install/path_follow' for CMake module files
[12.777s] Level 1:colcon.colcon_core.environment:checking '/home/f1/f1tenth_ws/install/path_follow' for CMake config files
[12.779s] Level 1:colcon.colcon_core.shell:create_environment_hook('path_follow', 'cmake_prefix_path')
[12.780s] INFO:colcon.colcon_core.shell:Creating environment hook '/home/f1/f1tenth_ws/install/path_follow/share/path_follow/hook/cmake_prefix_path.ps1'
[12.783s] INFO:colcon.colcon_core.shell:Creating environment descriptor '/home/f1/f1tenth_ws/install/path_follow/share/path_follow/hook/cmake_prefix_path.dsv'
[12.787s] INFO:colcon.colcon_core.shell:Creating environment hook '/home/f1/f1tenth_ws/install/path_follow/share/path_follow/hook/cmake_prefix_path.sh'
[12.793s] Level 1:colcon.colcon_core.environment:checking '/home/f1/f1tenth_ws/install/path_follow/lib'
[12.793s] Level 1:colcon.colcon_core.environment:checking '/home/f1/f1tenth_ws/install/path_follow/bin'
[12.794s] Level 1:colcon.colcon_core.environment:checking '/home/f1/f1tenth_ws/install/path_follow/lib/pkgconfig/path_follow.pc'
[12.795s] Level 1:colcon.colcon_core.environment:checking '/home/f1/f1tenth_ws/install/path_follow/lib/python3.8/site-packages'
[12.796s] Level 1:colcon.colcon_core.environment:checking '/home/f1/f1tenth_ws/install/path_follow/bin'
[12.797s] INFO:colcon.colcon_core.shell:Creating package script '/home/f1/f1tenth_ws/install/path_follow/share/path_follow/package.ps1'
[12.801s] INFO:colcon.colcon_core.shell:Creating package descriptor '/home/f1/f1tenth_ws/install/path_follow/share/path_follow/package.dsv'
[12.804s] INFO:colcon.colcon_core.shell:Creating package script '/home/f1/f1tenth_ws/install/path_follow/share/path_follow/package.sh'
[12.806s] INFO:colcon.colcon_core.shell:Creating package script '/home/f1/f1tenth_ws/install/path_follow/share/path_follow/package.bash'
[12.811s] INFO:colcon.colcon_core.shell:Creating package script '/home/f1/f1tenth_ws/install/path_follow/share/path_follow/package.zsh'
[12.815s] Level 1:colcon.colcon_core.environment:create_file_with_runtime_dependencies(/home/f1/f1tenth_ws/install/path_follow/share/colcon-core/packages/path_follow)
[12.826s] INFO:colcon.colcon_ros.task.ament_python.build:Building ROS package in '/home/f1/f1tenth_ws/src/pygame_key_teleop' with build type 'ament_python'
[12.828s] Level 1:colcon.colcon_core.shell:create_environment_hook('pygame_key_teleop', 'ament_prefix_path')
[12.834s] INFO:colcon.colcon_core.shell:Creating environment hook '/home/f1/f1tenth_ws/install/pygame_key_teleop/share/pygame_key_teleop/hook/ament_prefix_path.ps1'
[12.854s] INFO:colcon.colcon_core.shell:Creating environment descriptor '/home/f1/f1tenth_ws/install/pygame_key_teleop/share/pygame_key_teleop/hook/ament_prefix_path.dsv'
[12.859s] INFO:colcon.colcon_core.shell:Creating environment hook '/home/f1/f1tenth_ws/install/pygame_key_teleop/share/pygame_key_teleop/hook/ament_prefix_path.sh'
[12.864s] INFO:colcon.colcon_core.shell:Skip shell extension 'powershell' for command environment: Not usable outside of PowerShell
[12.865s] DEBUG:colcon.colcon_core.shell:Skip shell extension 'dsv' for command environment
[12.994s] DEBUG:colcon.colcon_core.event_handler.log_command:Invoking command in '/home/f1/f1tenth_ws/build/vesc_driver': CMAKE_PREFIX_PATH=/home/f1/f1tenth_ws/install/vesc_msgs:/home/f1/f1tenth_ws/install/f1tenth_slam_nav:/home/f1/f1tenth_ws/install/vesc:/home/f1/f1tenth_ws/install/vesc_driver:/home/f1/f1tenth_ws/install/vesc_ackermann:/home/f1/f1tenth_ws/install/teleop_tools:/home/f1/f1tenth_ws/install/teleop_tools_msgs:/home/f1/f1tenth_ws/install/real_pure_pursuit:/home/f1/f1tenth_ws/install/pure_pursuit:/home/f1/f1tenth_ws/install/path_planner:/home/f1/f1tenth_ws/install/path_follow:/home/f1/f1tenth_ws/install/lidar_processing:/home/f1/f1tenth_ws/install/center_follow_cpp:/home/f1/f1tenth_ws/install/ackermann_mux:/home/f1/f1tenth_ws/install/f1tenth_stack:/home/f1/f1tenth_ws/install/joy_teleop:/home/f1/f1tenth_ws/install/pygame_key_teleop:/home/f1/f1tenth_ws/install/mouse_teleop:/home/f1/f1tenth_ws/install/key_teleop:/home/f1/f1tenth_ws/install/f1tenth_path_planner:/opt/ros/foxy LD_LIBRARY_PATH=/home/f1/f1tenth_ws/install/vesc_msgs/lib:/home/f1/f1tenth_ws/install/vesc_driver/lib:/home/f1/f1tenth_ws/install/vesc_ackermann/lib:/home/f1/f1tenth_ws/install/teleop_tools_msgs/lib:/opt/ros/foxy/opt/yaml_cpp_vendor/lib:/opt/ros/foxy/opt/rviz_ogre_vendor/lib:/opt/ros/foxy/lib/aarch64-linux-gnu:/opt/ros/foxy/lib PYTHONPATH=/home/f1/f1tenth_ws/install/vesc_msgs/lib/python3.8/site-packages:/home/f1/f1tenth_ws/install/f1tenth_slam_nav/lib/python3.8/site-packages:/home/f1/f1tenth_ws/build/f1tenth_stack:/home/f1/f1tenth_ws/install/f1tenth_stack/lib/python3.8/site-packages:/home/f1/f1tenth_ws/build/joy_teleop:/home/f1/f1tenth_ws/install/joy_teleop/lib/python3.8/site-packages:/home/f1/f1tenth_ws/install/teleop_tools_msgs/lib/python3.8/site-packages:/home/f1/f1tenth_ws/build/pygame_key_teleop:/home/f1/f1tenth_ws/install/pygame_key_teleop/lib/python3.8/site-packages:/home/f1/f1tenth_ws/build/mouse_teleop:/home/f1/f1tenth_ws/install/mouse_teleop/lib/python3.8/site-packages:/home/f1/f1tenth_ws/build/key_teleop:/home/f1/f1tenth_ws/install/key_teleop/lib/python3.8/site-packages:/home/f1/f1tenth_ws/install/f1tenth_path_planner/lib/python3.8/site-packages:/opt/ros/foxy/lib/python3.8/site-packages /usr/bin/cmake --build /home/f1/f1tenth_ws/build/vesc_driver -- -j6 -l6
[15.141s] INFO:colcon.colcon_core.task.python.build:Building Python package in '/home/f1/f1tenth_ws/src/pygame_key_teleop'
[15.152s] INFO:colcon.colcon_core.shell:Skip shell extension 'powershell' for command environment: Not usable outside of PowerShell
[15.154s] DEBUG:colcon.colcon_core.shell:Skip shell extension 'dsv' for command environment
[15.339s] DEBUG:colcon.colcon_core.event_handler.log_command:Invoked command in '/home/f1/f1tenth_ws/build/vesc_driver' returned '0': CMAKE_PREFIX_PATH=/home/f1/f1tenth_ws/install/vesc_msgs:/home/f1/f1tenth_ws/install/f1tenth_slam_nav:/home/f1/f1tenth_ws/install/vesc:/home/f1/f1tenth_ws/install/vesc_driver:/home/f1/f1tenth_ws/install/vesc_ackermann:/home/f1/f1tenth_ws/install/teleop_tools:/home/f1/f1tenth_ws/install/teleop_tools_msgs:/home/f1/f1tenth_ws/install/real_pure_pursuit:/home/f1/f1tenth_ws/install/pure_pursuit:/home/f1/f1tenth_ws/install/path_planner:/home/f1/f1tenth_ws/install/path_follow:/home/f1/f1tenth_ws/install/lidar_processing:/home/f1/f1tenth_ws/install/center_follow_cpp:/home/f1/f1tenth_ws/install/ackermann_mux:/home/f1/f1tenth_ws/install/f1tenth_stack:/home/f1/f1tenth_ws/install/joy_teleop:/home/f1/f1tenth_ws/install/pygame_key_teleop:/home/f1/f1tenth_ws/install/mouse_teleop:/home/f1/f1tenth_ws/install/key_teleop:/home/f1/f1tenth_ws/install/f1tenth_path_planner:/opt/ros/foxy LD_LIBRARY_PATH=/home/f1/f1tenth_ws/install/vesc_msgs/lib:/home/f1/f1tenth_ws/install/vesc_driver/lib:/home/f1/f1tenth_ws/install/vesc_ackermann/lib:/home/f1/f1tenth_ws/install/teleop_tools_msgs/lib:/opt/ros/foxy/opt/yaml_cpp_vendor/lib:/opt/ros/foxy/opt/rviz_ogre_vendor/lib:/opt/ros/foxy/lib/aarch64-linux-gnu:/opt/ros/foxy/lib PYTHONPATH=/home/f1/f1tenth_ws/install/vesc_msgs/lib/python3.8/site-packages:/home/f1/f1tenth_ws/install/f1tenth_slam_nav/lib/python3.8/site-packages:/home/f1/f1tenth_ws/build/f1tenth_stack:/home/f1/f1tenth_ws/install/f1tenth_stack/lib/python3.8/site-packages:/home/f1/f1tenth_ws/build/joy_teleop:/home/f1/f1tenth_ws/install/joy_teleop/lib/python3.8/site-packages:/home/f1/f1tenth_ws/install/teleop_tools_msgs/lib/python3.8/site-packages:/home/f1/f1tenth_ws/build/pygame_key_teleop:/home/f1/f1tenth_ws/install/pygame_key_teleop/lib/python3.8/site-packages:/home/f1/f1tenth_ws/build/mouse_teleop:/home/f1/f1tenth_ws/install/mouse_teleop/lib/python3.8/site-packages:/home/f1/f1tenth_ws/build/key_teleop:/home/f1/f1tenth_ws/install/key_teleop/lib/python3.8/site-packages:/home/f1/f1tenth_ws/install/f1tenth_path_planner/lib/python3.8/site-packages:/opt/ros/foxy/lib/python3.8/site-packages /usr/bin/cmake --build /home/f1/f1tenth_ws/build/vesc_driver -- -j6 -l6
[15.356s] DEBUG:colcon.colcon_core.event_handler.log_command:Invoking command in '/home/f1/f1tenth_ws/build/vesc_driver': CMAKE_PREFIX_PATH=/home/f1/f1tenth_ws/install/vesc_msgs:/home/f1/f1tenth_ws/install/f1tenth_slam_nav:/home/f1/f1tenth_ws/install/vesc:/home/f1/f1tenth_ws/install/vesc_driver:/home/f1/f1tenth_ws/install/vesc_ackermann:/home/f1/f1tenth_ws/install/teleop_tools:/home/f1/f1tenth_ws/install/teleop_tools_msgs:/home/f1/f1tenth_ws/install/real_pure_pursuit:/home/f1/f1tenth_ws/install/pure_pursuit:/home/f1/f1tenth_ws/install/path_planner:/home/f1/f1tenth_ws/install/path_follow:/home/f1/f1tenth_ws/install/lidar_processing:/home/f1/f1tenth_ws/install/center_follow_cpp:/home/f1/f1tenth_ws/install/ackermann_mux:/home/f1/f1tenth_ws/install/f1tenth_stack:/home/f1/f1tenth_ws/install/joy_teleop:/home/f1/f1tenth_ws/install/pygame_key_teleop:/home/f1/f1tenth_ws/install/mouse_teleop:/home/f1/f1tenth_ws/install/key_teleop:/home/f1/f1tenth_ws/install/f1tenth_path_planner:/opt/ros/foxy LD_LIBRARY_PATH=/home/f1/f1tenth_ws/install/vesc_msgs/lib:/home/f1/f1tenth_ws/install/vesc_driver/lib:/home/f1/f1tenth_ws/install/vesc_ackermann/lib:/home/f1/f1tenth_ws/install/teleop_tools_msgs/lib:/opt/ros/foxy/opt/yaml_cpp_vendor/lib:/opt/ros/foxy/opt/rviz_ogre_vendor/lib:/opt/ros/foxy/lib/aarch64-linux-gnu:/opt/ros/foxy/lib PYTHONPATH=/home/f1/f1tenth_ws/install/vesc_msgs/lib/python3.8/site-packages:/home/f1/f1tenth_ws/install/f1tenth_slam_nav/lib/python3.8/site-packages:/home/f1/f1tenth_ws/build/f1tenth_stack:/home/f1/f1tenth_ws/install/f1tenth_stack/lib/python3.8/site-packages:/home/f1/f1tenth_ws/build/joy_teleop:/home/f1/f1tenth_ws/install/joy_teleop/lib/python3.8/site-packages:/home/f1/f1tenth_ws/install/teleop_tools_msgs/lib/python3.8/site-packages:/home/f1/f1tenth_ws/build/pygame_key_teleop:/home/f1/f1tenth_ws/install/pygame_key_teleop/lib/python3.8/site-packages:/home/f1/f1tenth_ws/build/mouse_teleop:/home/f1/f1tenth_ws/install/mouse_teleop/lib/python3.8/site-packages:/home/f1/f1tenth_ws/build/key_teleop:/home/f1/f1tenth_ws/install/key_teleop/lib/python3.8/site-packages:/home/f1/f1tenth_ws/install/f1tenth_path_planner/lib/python3.8/site-packages:/opt/ros/foxy/lib/python3.8/site-packages /usr/bin/cmake --install /home/f1/f1tenth_ws/build/vesc_driver
[15.637s] Level 1:colcon.colcon_core.environment:create_environment_scripts_only(vesc_driver)
[15.642s] Level 1:colcon.colcon_core.environment:checking '/home/f1/f1tenth_ws/install/vesc_driver' for CMake module files
[15.648s] Level 1:colcon.colcon_core.environment:checking '/home/f1/f1tenth_ws/install/vesc_driver' for CMake config files
[15.652s] DEBUG:colcon.colcon_core.event_handler.log_command:Invoked command in '/home/f1/f1tenth_ws/build/vesc_driver' returned '0': CMAKE_PREFIX_PATH=/home/f1/f1tenth_ws/install/vesc_msgs:/home/f1/f1tenth_ws/install/f1tenth_slam_nav:/home/f1/f1tenth_ws/install/vesc:/home/f1/f1tenth_ws/install/vesc_driver:/home/f1/f1tenth_ws/install/vesc_ackermann:/home/f1/f1tenth_ws/install/teleop_tools:/home/f1/f1tenth_ws/install/teleop_tools_msgs:/home/f1/f1tenth_ws/install/real_pure_pursuit:/home/f1/f1tenth_ws/install/pure_pursuit:/home/f1/f1tenth_ws/install/path_planner:/home/f1/f1tenth_ws/install/path_follow:/home/f1/f1tenth_ws/install/lidar_processing:/home/f1/f1tenth_ws/install/center_follow_cpp:/home/f1/f1tenth_ws/install/ackermann_mux:/home/f1/f1tenth_ws/install/f1tenth_stack:/home/f1/f1tenth_ws/install/joy_teleop:/home/f1/f1tenth_ws/install/pygame_key_teleop:/home/f1/f1tenth_ws/install/mouse_teleop:/home/f1/f1tenth_ws/install/key_teleop:/home/f1/f1tenth_ws/install/f1tenth_path_planner:/opt/ros/foxy LD_LIBRARY_PATH=/home/f1/f1tenth_ws/install/vesc_msgs/lib:/home/f1/f1tenth_ws/install/vesc_driver/lib:/home/f1/f1tenth_ws/install/vesc_ackermann/lib:/home/f1/f1tenth_ws/install/teleop_tools_msgs/lib:/opt/ros/foxy/opt/yaml_cpp_vendor/lib:/opt/ros/foxy/opt/rviz_ogre_vendor/lib:/opt/ros/foxy/lib/aarch64-linux-gnu:/opt/ros/foxy/lib PYTHONPATH=/home/f1/f1tenth_ws/install/vesc_msgs/lib/python3.8/site-packages:/home/f1/f1tenth_ws/install/f1tenth_slam_nav/lib/python3.8/site-packages:/home/f1/f1tenth_ws/build/f1tenth_stack:/home/f1/f1tenth_ws/install/f1tenth_stack/lib/python3.8/site-packages:/home/f1/f1tenth_ws/build/joy_teleop:/home/f1/f1tenth_ws/install/joy_teleop/lib/python3.8/site-packages:/home/f1/f1tenth_ws/install/teleop_tools_msgs/lib/python3.8/site-packages:/home/f1/f1tenth_ws/build/pygame_key_teleop:/home/f1/f1tenth_ws/install/pygame_key_teleop/lib/python3.8/site-packages:/home/f1/f1tenth_ws/build/mouse_teleop:/home/f1/f1tenth_ws/install/mouse_teleop/lib/python3.8/site-packages:/home/f1/f1tenth_ws/build/key_teleop:/home/f1/f1tenth_ws/install/key_teleop/lib/python3.8/site-packages:/home/f1/f1tenth_ws/install/f1tenth_path_planner/lib/python3.8/site-packages:/opt/ros/foxy/lib/python3.8/site-packages /usr/bin/cmake --install /home/f1/f1tenth_ws/build/vesc_driver
[15.662s] Level 1:colcon.colcon_core.shell:create_environment_hook('vesc_driver', 'cmake_prefix_path')
[15.664s] INFO:colcon.colcon_core.shell:Creating environment hook '/home/f1/f1tenth_ws/install/vesc_driver/share/vesc_driver/hook/cmake_prefix_path.ps1'
[15.669s] INFO:colcon.colcon_core.shell:Creating environment descriptor '/home/f1/f1tenth_ws/install/vesc_driver/share/vesc_driver/hook/cmake_prefix_path.dsv'
[15.674s] INFO:colcon.colcon_core.shell:Creating environment hook '/home/f1/f1tenth_ws/install/vesc_driver/share/vesc_driver/hook/cmake_prefix_path.sh'
[15.681s] Level 1:colcon.colcon_core.environment:checking '/home/f1/f1tenth_ws/install/vesc_driver/lib'
[15.682s] Level 1:colcon.colcon_core.shell:create_environment_hook('vesc_driver', 'ld_library_path_lib')
[15.691s] INFO:colcon.colcon_core.shell:Creating environment hook '/home/f1/f1tenth_ws/install/vesc_driver/share/vesc_driver/hook/ld_library_path_lib.ps1'
[15.694s] INFO:colcon.colcon_core.shell:Creating environment descriptor '/home/f1/f1tenth_ws/install/vesc_driver/share/vesc_driver/hook/ld_library_path_lib.dsv'
[15.698s] INFO:colcon.colcon_core.shell:Creating environment hook '/home/f1/f1tenth_ws/install/vesc_driver/share/vesc_driver/hook/ld_library_path_lib.sh'
[15.701s] Level 1:colcon.colcon_core.environment:checking '/home/f1/f1tenth_ws/install/vesc_driver/bin'
[15.702s] Level 1:colcon.colcon_core.environment:checking '/home/f1/f1tenth_ws/install/vesc_driver/lib/pkgconfig/vesc_driver.pc'
[15.704s] Level 1:colcon.colcon_core.environment:checking '/home/f1/f1tenth_ws/install/vesc_driver/lib/python3.8/site-packages'
[15.707s] Level 1:colcon.colcon_core.environment:checking '/home/f1/f1tenth_ws/install/vesc_driver/bin'
[15.714s] INFO:colcon.colcon_core.shell:Creating package script '/home/f1/f1tenth_ws/install/vesc_driver/share/vesc_driver/package.ps1'
[15.728s] INFO:colcon.colcon_core.shell:Creating package descriptor '/home/f1/f1tenth_ws/install/vesc_driver/share/vesc_driver/package.dsv'
[15.733s] INFO:colcon.colcon_core.shell:Creating package script '/home/f1/f1tenth_ws/install/vesc_driver/share/vesc_driver/package.sh'
[15.740s] INFO:colcon.colcon_core.shell:Creating package script '/home/f1/f1tenth_ws/install/vesc_driver/share/vesc_driver/package.bash'
[15.755s] INFO:colcon.colcon_core.shell:Creating package script '/home/f1/f1tenth_ws/install/vesc_driver/share/vesc_driver/package.zsh'
[15.760s] Level 1:colcon.colcon_core.environment:create_file_with_runtime_dependencies(/home/f1/f1tenth_ws/install/vesc_driver/share/colcon-core/packages/vesc_driver)
[15.775s] Level 1:colcon.colcon_core.environment:create_environment_scripts_only(vesc_driver)
[15.777s] Level 1:colcon.colcon_core.environment:checking '/home/f1/f1tenth_ws/install/vesc_driver' for CMake module files
[15.781s] Level 1:colcon.colcon_core.environment:checking '/home/f1/f1tenth_ws/install/vesc_driver' for CMake config files
[15.788s] Level 1:colcon.colcon_core.shell:create_environment_hook('vesc_driver', 'cmake_prefix_path')
[15.790s] INFO:colcon.colcon_core.shell:Creating environment hook '/home/f1/f1tenth_ws/install/vesc_driver/share/vesc_driver/hook/cmake_prefix_path.ps1'
[15.803s] INFO:colcon.colcon_core.shell:Creating environment descriptor '/home/f1/f1tenth_ws/install/vesc_driver/share/vesc_driver/hook/cmake_prefix_path.dsv'
[15.806s] INFO:colcon.colcon_core.shell:Creating environment hook '/home/f1/f1tenth_ws/install/vesc_driver/share/vesc_driver/hook/cmake_prefix_path.sh'
[15.819s] Level 1:colcon.colcon_core.environment:checking '/home/f1/f1tenth_ws/install/vesc_driver/lib'
[15.820s] Level 1:colcon.colcon_core.shell:create_environment_hook('vesc_driver', 'ld_library_path_lib')
[15.824s] INFO:colcon.colcon_core.shell:Creating environment hook '/home/f1/f1tenth_ws/install/vesc_driver/share/vesc_driver/hook/ld_library_path_lib.ps1'
[15.830s] INFO:colcon.colcon_core.shell:Creating environment descriptor '/home/f1/f1tenth_ws/install/vesc_driver/share/vesc_driver/hook/ld_library_path_lib.dsv'
[15.837s] INFO:colcon.colcon_core.shell:Creating environment hook '/home/f1/f1tenth_ws/install/vesc_driver/share/vesc_driver/hook/ld_library_path_lib.sh'
[15.846s] Level 1:colcon.colcon_core.environment:checking '/home/f1/f1tenth_ws/install/vesc_driver/bin'
[15.849s] Level 1:colcon.colcon_core.environment:checking '/home/f1/f1tenth_ws/install/vesc_driver/lib/pkgconfig/vesc_driver.pc'
[15.852s] Level 1:colcon.colcon_core.environment:checking '/home/f1/f1tenth_ws/install/vesc_driver/lib/python3.8/site-packages'
[15.857s] Level 1:colcon.colcon_core.environment:checking '/home/f1/f1tenth_ws/install/vesc_driver/bin'
[15.864s] INFO:colcon.colcon_core.shell:Creating package script '/home/f1/f1tenth_ws/install/vesc_driver/share/vesc_driver/package.ps1'
[15.869s] INFO:colcon.colcon_core.shell:Creating package descriptor '/home/f1/f1tenth_ws/install/vesc_driver/share/vesc_driver/package.dsv'
[15.874s] INFO:colcon.colcon_core.shell:Creating package script '/home/f1/f1tenth_ws/install/vesc_driver/share/vesc_driver/package.sh'
[15.887s] INFO:colcon.colcon_core.shell:Creating package script '/home/f1/f1tenth_ws/install/vesc_driver/share/vesc_driver/package.bash'
[15.890s] INFO:colcon.colcon_core.shell:Creating package script '/home/f1/f1tenth_ws/install/vesc_driver/share/vesc_driver/package.zsh'
[15.893s] Level 1:colcon.colcon_core.environment:create_file_with_runtime_dependencies(/home/f1/f1tenth_ws/install/vesc_driver/share/colcon-core/packages/vesc_driver)
[16.293s] DEBUG:colcon.colcon_core.event_handler.log_command:Invoking command in '/home/f1/f1tenth_ws/build/joy_teleop': CMAKE_PREFIX_PATH=/home/f1/f1tenth_ws/install/teleop_tools_msgs:/home/f1/f1tenth_ws/install/f1tenth_slam_nav:/home/f1/f1tenth_ws/install/vesc:/home/f1/f1tenth_ws/install/vesc_driver:/home/f1/f1tenth_ws/install/vesc_ackermann:/home/f1/f1tenth_ws/install/vesc_msgs:/home/f1/f1tenth_ws/install/teleop_tools:/home/f1/f1tenth_ws/install/real_pure_pursuit:/home/f1/f1tenth_ws/install/pure_pursuit:/home/f1/f1tenth_ws/install/path_planner:/home/f1/f1tenth_ws/install/path_follow:/home/f1/f1tenth_ws/install/lidar_processing:/home/f1/f1tenth_ws/install/center_follow_cpp:/home/f1/f1tenth_ws/install/ackermann_mux LD_LIBRARY_PATH=/home/f1/f1tenth_ws/install/teleop_tools_msgs/lib:/home/f1/f1tenth_ws/install/vesc_driver/lib:/home/f1/f1tenth_ws/install/vesc_ackermann/lib:/home/f1/f1tenth_ws/install/vesc_msgs/lib:/opt/ros/foxy/opt/yaml_cpp_vendor/lib:/opt/ros/foxy/opt/rviz_ogre_vendor/lib:/opt/ros/foxy/lib/aarch64-linux-gnu:/opt/ros/foxy/lib PYTHONPATH=/home/f1/f1tenth_ws/build/joy_teleop/prefix_override:/usr/lib/python3/dist-packages/colcon_core/task/python/colcon_distutils_commands:/home/f1/f1tenth_ws/install/joy_teleop/lib/python3.8/site-packages:/home/f1/f1tenth_ws/install/teleop_tools_msgs/lib/python3.8/site-packages:/home/f1/f1tenth_ws/install/f1tenth_slam_nav/lib/python3.8/site-packages:/home/f1/f1tenth_ws/build/f1tenth_stack:/home/f1/f1tenth_ws/install/f1tenth_stack/lib/python3.8/site-packages:/home/f1/f1tenth_ws/install/vesc_msgs/lib/python3.8/site-packages:/home/f1/f1tenth_ws/build/joy_teleop:/home/f1/f1tenth_ws/install/joy_teleop/lib/python3.8/site-packages:/home/f1/f1tenth_ws/build/pygame_key_teleop:/home/f1/f1tenth_ws/install/pygame_key_teleop/lib/python3.8/site-packages:/home/f1/f1tenth_ws/build/mouse_teleop:/home/f1/f1tenth_ws/install/mouse_teleop/lib/python3.8/site-packages:/home/f1/f1tenth_ws/build/key_teleop:/home/f1/f1tenth_ws/install/key_teleop/lib/python3.8/site-packages:/home/f1/f1tenth_ws/install/f1tenth_path_planner/lib/python3.8/site-packages:/opt/ros/foxy/lib/python3.8/site-packages /usr/bin/python3 -W ignore:setup.py install is deprecated -W ignore:easy_install command is deprecated setup.py develop --editable --build-directory /home/f1/f1tenth_ws/build/joy_teleop/build --no-deps symlink_data
[16.676s] Level 1:colcon.colcon_core.shell:create_environment_hook('key_teleop', 'pythonpath_develop')
[16.690s] INFO:colcon.colcon_core.shell:Creating environment hook '/home/f1/f1tenth_ws/build/key_teleop/share/key_teleop/hook/pythonpath_develop.ps1'
[16.692s] DEBUG:colcon.colcon_core.event_handler.log_command:Invoked command in '/home/f1/f1tenth_ws/build/key_teleop' returned '0': PYTHONPATH=/home/f1/f1tenth_ws/build/key_teleop/prefix_override:/usr/lib/python3/dist-packages/colcon_core/task/python/colcon_distutils_commands:/home/f1/f1tenth_ws/install/key_teleop/lib/python3.8/site-packages:${PYTHONPATH} /usr/bin/python3 -W ignore:setup.py install is deprecated -W ignore:easy_install command is deprecated setup.py develop --editable --build-directory /home/f1/f1tenth_ws/build/key_teleop/build --no-deps symlink_data
[16.701s] INFO:colcon.colcon_core.shell:Creating environment descriptor '/home/f1/f1tenth_ws/build/key_teleop/share/key_teleop/hook/pythonpath_develop.dsv'
[16.704s] INFO:colcon.colcon_core.shell:Creating environment hook '/home/f1/f1tenth_ws/build/key_teleop/share/key_teleop/hook/pythonpath_develop.sh'
[16.709s] Level 1:colcon.colcon_core.environment:checking '/home/f1/f1tenth_ws/install/key_teleop' for CMake module files
[16.719s] Level 1:colcon.colcon_core.environment:checking '/home/f1/f1tenth_ws/install/key_teleop' for CMake config files
[16.726s] Level 1:colcon.colcon_core.environment:checking '/home/f1/f1tenth_ws/install/key_teleop/lib'
[16.729s] Level 1:colcon.colcon_core.environment:checking '/home/f1/f1tenth_ws/install/key_teleop/bin'
[16.731s] Level 1:colcon.colcon_core.environment:checking '/home/f1/f1tenth_ws/install/key_teleop/lib/pkgconfig/key_teleop.pc'
[16.739s] Level 1:colcon.colcon_core.environment:checking '/home/f1/f1tenth_ws/install/key_teleop/lib/python3.8/site-packages'
[16.739s] Level 1:colcon.colcon_core.shell:create_environment_hook('key_teleop', 'pythonpath')
[16.740s] INFO:colcon.colcon_core.shell:Creating environment hook '/home/f1/f1tenth_ws/install/key_teleop/share/key_teleop/hook/pythonpath.ps1'
[16.744s] INFO:colcon.colcon_core.shell:Creating environment descriptor '/home/f1/f1tenth_ws/install/key_teleop/share/key_teleop/hook/pythonpath.dsv'
[16.750s] INFO:colcon.colcon_core.shell:Creating environment hook '/home/f1/f1tenth_ws/install/key_teleop/share/key_teleop/hook/pythonpath.sh'
[16.758s] Level 1:colcon.colcon_core.environment:checking '/home/f1/f1tenth_ws/install/key_teleop/bin'
[16.759s] Level 1:colcon.colcon_core.environment:create_environment_scripts_only(key_teleop)
[16.763s] INFO:colcon.colcon_core.shell:Creating package script '/home/f1/f1tenth_ws/install/key_teleop/share/key_teleop/package.ps1'
[16.768s] INFO:colcon.colcon_core.shell:Creating package descriptor '/home/f1/f1tenth_ws/install/key_teleop/share/key_teleop/package.dsv'
[16.773s] INFO:colcon.colcon_core.shell:Creating package script '/home/f1/f1tenth_ws/install/key_teleop/share/key_teleop/package.sh'
[16.777s] INFO:colcon.colcon_core.shell:Creating package script '/home/f1/f1tenth_ws/install/key_teleop/share/key_teleop/package.bash'
[16.783s] INFO:colcon.colcon_core.shell:Creating package script '/home/f1/f1tenth_ws/install/key_teleop/share/key_teleop/package.zsh'
[16.788s] Level 1:colcon.colcon_core.environment:create_file_with_runtime_dependencies(/home/f1/f1tenth_ws/install/key_teleop/share/colcon-core/packages/key_teleop)
[17.123s] Level 1:colcon.colcon_core.shell:create_environment_hook('mouse_teleop', 'pythonpath_develop')
[17.124s] INFO:colcon.colcon_core.shell:Creating environment hook '/home/f1/f1tenth_ws/build/mouse_teleop/share/mouse_teleop/hook/pythonpath_develop.ps1'
[17.128s] INFO:colcon.colcon_core.shell:Creating environment descriptor '/home/f1/f1tenth_ws/build/mouse_teleop/share/mouse_teleop/hook/pythonpath_develop.dsv'
[17.130s] DEBUG:colcon.colcon_core.event_handler.log_command:Invoked command in '/home/f1/f1tenth_ws/build/mouse_teleop' returned '0': PYTHONPATH=/home/f1/f1tenth_ws/build/mouse_teleop/prefix_override:/usr/lib/python3/dist-packages/colcon_core/task/python/colcon_distutils_commands:/home/f1/f1tenth_ws/install/mouse_teleop/lib/python3.8/site-packages:${PYTHONPATH} /usr/bin/python3 -W ignore:setup.py install is deprecated -W ignore:easy_install command is deprecated setup.py develop --editable --build-directory /home/f1/f1tenth_ws/build/mouse_teleop/build --no-deps symlink_data
[17.135s] INFO:colcon.colcon_core.shell:Creating environment hook '/home/f1/f1tenth_ws/build/mouse_teleop/share/mouse_teleop/hook/pythonpath_develop.sh'
[17.165s] Level 1:colcon.colcon_core.environment:checking '/home/f1/f1tenth_ws/install/mouse_teleop' for CMake module files
[17.171s] Level 1:colcon.colcon_core.environment:checking '/home/f1/f1tenth_ws/install/mouse_teleop' for CMake config files
[17.181s] Level 1:colcon.colcon_core.environment:checking '/home/f1/f1tenth_ws/install/mouse_teleop/lib'
[17.182s] Level 1:colcon.colcon_core.environment:checking '/home/f1/f1tenth_ws/install/mouse_teleop/bin'
[17.182s] Level 1:colcon.colcon_core.environment:checking '/home/f1/f1tenth_ws/install/mouse_teleop/lib/pkgconfig/mouse_teleop.pc'
[17.183s] Level 1:colcon.colcon_core.environment:checking '/home/f1/f1tenth_ws/install/mouse_teleop/lib/python3.8/site-packages'
[17.184s] Level 1:colcon.colcon_core.shell:create_environment_hook('mouse_teleop', 'pythonpath')
[17.185s] INFO:colcon.colcon_core.shell:Creating environment hook '/home/f1/f1tenth_ws/install/mouse_teleop/share/mouse_teleop/hook/pythonpath.ps1'
[17.189s] INFO:colcon.colcon_core.shell:Creating environment descriptor '/home/f1/f1tenth_ws/install/mouse_teleop/share/mouse_teleop/hook/pythonpath.dsv'
[17.192s] INFO:colcon.colcon_core.shell:Creating environment hook '/home/f1/f1tenth_ws/install/mouse_teleop/share/mouse_teleop/hook/pythonpath.sh'
[17.195s] Level 1:colcon.colcon_core.environment:checking '/home/f1/f1tenth_ws/install/mouse_teleop/bin'
[17.195s] Level 1:colcon.colcon_core.environment:create_environment_scripts_only(mouse_teleop)
[17.198s] INFO:colcon.colcon_core.shell:Creating package script '/home/f1/f1tenth_ws/install/mouse_teleop/share/mouse_teleop/package.ps1'
[17.201s] INFO:colcon.colcon_core.shell:Creating package descriptor '/home/f1/f1tenth_ws/install/mouse_teleop/share/mouse_teleop/package.dsv'
[17.204s] INFO:colcon.colcon_core.shell:Creating package script '/home/f1/f1tenth_ws/install/mouse_teleop/share/mouse_teleop/package.sh'
[17.208s] INFO:colcon.colcon_core.shell:Creating package script '/home/f1/f1tenth_ws/install/mouse_teleop/share/mouse_teleop/package.bash'
[17.210s] INFO:colcon.colcon_core.shell:Creating package script '/home/f1/f1tenth_ws/install/mouse_teleop/share/mouse_teleop/package.zsh'
[17.212s] Level 1:colcon.colcon_core.environment:create_file_with_runtime_dependencies(/home/f1/f1tenth_ws/install/mouse_teleop/share/colcon-core/packages/mouse_teleop)
[18.382s] DEBUG:colcon.colcon_core.event_handler.log_command:Invoking command in '/home/f1/f1tenth_ws/build/pygame_key_teleop': PYTHONPATH=/home/f1/f1tenth_ws/build/pygame_key_teleop/prefix_override:/usr/lib/python3/dist-packages/colcon_core/task/python/colcon_distutils_commands:/home/f1/f1tenth_ws/install/pygame_key_teleop/lib/python3.8/site-packages:${PYTHONPATH} /usr/bin/python3 -W ignore:setup.py install is deprecated -W ignore:easy_install command is deprecated setup.py develop --editable --build-directory /home/f1/f1tenth_ws/build/pygame_key_teleop/build --no-deps symlink_data
[19.290s] DEBUG:colcon.colcon_core.event_handler.log_command:Invoked command in '/home/f1/f1tenth_ws/build/vesc_ackermann' returned '0': CMAKE_PREFIX_PATH=/home/f1/f1tenth_ws/install/vesc_msgs:/home/f1/f1tenth_ws/install/f1tenth_slam_nav:/home/f1/f1tenth_ws/install/vesc:/home/f1/f1tenth_ws/install/vesc_driver:/home/f1/f1tenth_ws/install/vesc_ackermann:/home/f1/f1tenth_ws/install/teleop_tools:/home/f1/f1tenth_ws/install/teleop_tools_msgs:/home/f1/f1tenth_ws/install/real_pure_pursuit:/home/f1/f1tenth_ws/install/pure_pursuit:/home/f1/f1tenth_ws/install/path_planner:/home/f1/f1tenth_ws/install/path_follow:/home/f1/f1tenth_ws/install/lidar_processing:/home/f1/f1tenth_ws/install/center_follow_cpp:/home/f1/f1tenth_ws/install/ackermann_mux:/home/f1/f1tenth_ws/install/f1tenth_stack:/home/f1/f1tenth_ws/install/joy_teleop:/home/f1/f1tenth_ws/install/pygame_key_teleop:/home/f1/f1tenth_ws/install/mouse_teleop:/home/f1/f1tenth_ws/install/key_teleop:/home/f1/f1tenth_ws/install/f1tenth_path_planner:/opt/ros/foxy LD_LIBRARY_PATH=/home/f1/f1tenth_ws/install/vesc_msgs/lib:/home/f1/f1tenth_ws/install/vesc_driver/lib:/home/f1/f1tenth_ws/install/vesc_ackermann/lib:/home/f1/f1tenth_ws/install/teleop_tools_msgs/lib:/opt/ros/foxy/opt/yaml_cpp_vendor/lib:/opt/ros/foxy/opt/rviz_ogre_vendor/lib:/opt/ros/foxy/lib/aarch64-linux-gnu:/opt/ros/foxy/lib PYTHONPATH=/home/f1/f1tenth_ws/install/vesc_msgs/lib/python3.8/site-packages:/home/f1/f1tenth_ws/install/f1tenth_slam_nav/lib/python3.8/site-packages:/home/f1/f1tenth_ws/build/f1tenth_stack:/home/f1/f1tenth_ws/install/f1tenth_stack/lib/python3.8/site-packages:/home/f1/f1tenth_ws/build/joy_teleop:/home/f1/f1tenth_ws/install/joy_teleop/lib/python3.8/site-packages:/home/f1/f1tenth_ws/install/teleop_tools_msgs/lib/python3.8/site-packages:/home/f1/f1tenth_ws/build/pygame_key_teleop:/home/f1/f1tenth_ws/install/pygame_key_teleop/lib/python3.8/site-packages:/home/f1/f1tenth_ws/build/mouse_teleop:/home/f1/f1tenth_ws/install/mouse_teleop/lib/python3.8/site-packages:/home/f1/f1tenth_ws/build/key_teleop:/home/f1/f1tenth_ws/install/key_teleop/lib/python3.8/site-packages:/home/f1/f1tenth_ws/install/f1tenth_path_planner/lib/python3.8/site-packages:/opt/ros/foxy/lib/python3.8/site-packages /usr/bin/cmake /home/f1/f1tenth_ws/src/f1tenth_system/vesc/vesc_ackermann -DCMAKE_BUILD_TYPE=Release -DAMENT_CMAKE_SYMLINK_INSTALL=1 -DCMAKE_INSTALL_PREFIX=/home/f1/f1tenth_ws/install/vesc_ackermann
[19.316s] DEBUG:colcon.colcon_core.event_handler.log_command:Invoking command in '/home/f1/f1tenth_ws/build/vesc_ackermann': CMAKE_PREFIX_PATH=/home/f1/f1tenth_ws/install/vesc_msgs:/home/f1/f1tenth_ws/install/f1tenth_slam_nav:/home/f1/f1tenth_ws/install/vesc:/home/f1/f1tenth_ws/install/vesc_driver:/home/f1/f1tenth_ws/install/vesc_ackermann:/home/f1/f1tenth_ws/install/teleop_tools:/home/f1/f1tenth_ws/install/teleop_tools_msgs:/home/f1/f1tenth_ws/install/real_pure_pursuit:/home/f1/f1tenth_ws/install/pure_pursuit:/home/f1/f1tenth_ws/install/path_planner:/home/f1/f1tenth_ws/install/path_follow:/home/f1/f1tenth_ws/install/lidar_processing:/home/f1/f1tenth_ws/install/center_follow_cpp:/home/f1/f1tenth_ws/install/ackermann_mux:/home/f1/f1tenth_ws/install/f1tenth_stack:/home/f1/f1tenth_ws/install/joy_teleop:/home/f1/f1tenth_ws/install/pygame_key_teleop:/home/f1/f1tenth_ws/install/mouse_teleop:/home/f1/f1tenth_ws/install/key_teleop:/home/f1/f1tenth_ws/install/f1tenth_path_planner:/opt/ros/foxy LD_LIBRARY_PATH=/home/f1/f1tenth_ws/install/vesc_msgs/lib:/home/f1/f1tenth_ws/install/vesc_driver/lib:/home/f1/f1tenth_ws/install/vesc_ackermann/lib:/home/f1/f1tenth_ws/install/teleop_tools_msgs/lib:/opt/ros/foxy/opt/yaml_cpp_vendor/lib:/opt/ros/foxy/opt/rviz_ogre_vendor/lib:/opt/ros/foxy/lib/aarch64-linux-gnu:/opt/ros/foxy/lib PYTHONPATH=/home/f1/f1tenth_ws/install/vesc_msgs/lib/python3.8/site-packages:/home/f1/f1tenth_ws/install/f1tenth_slam_nav/lib/python3.8/site-packages:/home/f1/f1tenth_ws/build/f1tenth_stack:/home/f1/f1tenth_ws/install/f1tenth_stack/lib/python3.8/site-packages:/home/f1/f1tenth_ws/build/joy_teleop:/home/f1/f1tenth_ws/install/joy_teleop/lib/python3.8/site-packages:/home/f1/f1tenth_ws/install/teleop_tools_msgs/lib/python3.8/site-packages:/home/f1/f1tenth_ws/build/pygame_key_teleop:/home/f1/f1tenth_ws/install/pygame_key_teleop/lib/python3.8/site-packages:/home/f1/f1tenth_ws/build/mouse_teleop:/home/f1/f1tenth_ws/install/mouse_teleop/lib/python3.8/site-packages:/home/f1/f1tenth_ws/build/key_teleop:/home/f1/f1tenth_ws/install/key_teleop/lib/python3.8/site-packages:/home/f1/f1tenth_ws/install/f1tenth_path_planner/lib/python3.8/site-packages:/opt/ros/foxy/lib/python3.8/site-packages /usr/bin/cmake --build /home/f1/f1tenth_ws/build/vesc_ackermann -- -j6 -l6
[19.724s] Level 1:colcon.colcon_core.shell:create_environment_hook('joy_teleop', 'pythonpath_develop')
[19.727s] INFO:colcon.colcon_core.shell:Creating environment hook '/home/f1/f1tenth_ws/build/joy_teleop/share/joy_teleop/hook/pythonpath_develop.ps1'
[19.730s] DEBUG:colcon.colcon_core.event_handler.log_command:Invoked command in '/home/f1/f1tenth_ws/build/joy_teleop' returned '0': CMAKE_PREFIX_PATH=/home/f1/f1tenth_ws/install/teleop_tools_msgs:/home/f1/f1tenth_ws/install/f1tenth_slam_nav:/home/f1/f1tenth_ws/install/vesc:/home/f1/f1tenth_ws/install/vesc_driver:/home/f1/f1tenth_ws/install/vesc_ackermann:/home/f1/f1tenth_ws/install/vesc_msgs:/home/f1/f1tenth_ws/install/teleop_tools:/home/f1/f1tenth_ws/install/real_pure_pursuit:/home/f1/f1tenth_ws/install/pure_pursuit:/home/f1/f1tenth_ws/install/path_planner:/home/f1/f1tenth_ws/install/path_follow:/home/f1/f1tenth_ws/install/lidar_processing:/home/f1/f1tenth_ws/install/center_follow_cpp:/home/f1/f1tenth_ws/install/ackermann_mux LD_LIBRARY_PATH=/home/f1/f1tenth_ws/install/teleop_tools_msgs/lib:/home/f1/f1tenth_ws/install/vesc_driver/lib:/home/f1/f1tenth_ws/install/vesc_ackermann/lib:/home/f1/f1tenth_ws/install/vesc_msgs/lib:/opt/ros/foxy/opt/yaml_cpp_vendor/lib:/opt/ros/foxy/opt/rviz_ogre_vendor/lib:/opt/ros/foxy/lib/aarch64-linux-gnu:/opt/ros/foxy/lib PYTHONPATH=/home/f1/f1tenth_ws/build/joy_teleop/prefix_override:/usr/lib/python3/dist-packages/colcon_core/task/python/colcon_distutils_commands:/home/f1/f1tenth_ws/install/joy_teleop/lib/python3.8/site-packages:/home/f1/f1tenth_ws/install/teleop_tools_msgs/lib/python3.8/site-packages:/home/f1/f1tenth_ws/install/f1tenth_slam_nav/lib/python3.8/site-packages:/home/f1/f1tenth_ws/build/f1tenth_stack:/home/f1/f1tenth_ws/install/f1tenth_stack/lib/python3.8/site-packages:/home/f1/f1tenth_ws/install/vesc_msgs/lib/python3.8/site-packages:/home/f1/f1tenth_ws/build/joy_teleop:/home/f1/f1tenth_ws/install/joy_teleop/lib/python3.8/site-packages:/home/f1/f1tenth_ws/build/pygame_key_teleop:/home/f1/f1tenth_ws/install/pygame_key_teleop/lib/python3.8/site-packages:/home/f1/f1tenth_ws/build/mouse_teleop:/home/f1/f1tenth_ws/install/mouse_teleop/lib/python3.8/site-packages:/home/f1/f1tenth_ws/build/key_teleop:/home/f1/f1tenth_ws/install/key_teleop/lib/python3.8/site-packages:/home/f1/f1tenth_ws/install/f1tenth_path_planner/lib/python3.8/site-packages:/opt/ros/foxy/lib/python3.8/site-packages /usr/bin/python3 -W ignore:setup.py install is deprecated -W ignore:easy_install command is deprecated setup.py develop --editable --build-directory /home/f1/f1tenth_ws/build/joy_teleop/build --no-deps symlink_data
[19.735s] INFO:colcon.colcon_core.shell:Creating environment descriptor '/home/f1/f1tenth_ws/build/joy_teleop/share/joy_teleop/hook/pythonpath_develop.dsv'
[19.739s] INFO:colcon.colcon_core.shell:Creating environment hook '/home/f1/f1tenth_ws/build/joy_teleop/share/joy_teleop/hook/pythonpath_develop.sh'
[19.744s] Level 1:colcon.colcon_core.environment:checking '/home/f1/f1tenth_ws/install/joy_teleop' for CMake module files
[19.748s] Level 1:colcon.colcon_core.environment:checking '/home/f1/f1tenth_ws/install/joy_teleop' for CMake config files
[19.752s] Level 1:colcon.colcon_core.environment:checking '/home/f1/f1tenth_ws/install/joy_teleop/lib'
[19.753s] Level 1:colcon.colcon_core.environment:checking '/home/f1/f1tenth_ws/install/joy_teleop/bin'
[19.754s] Level 1:colcon.colcon_core.environment:checking '/home/f1/f1tenth_ws/install/joy_teleop/lib/pkgconfig/joy_teleop.pc'
[19.755s] Level 1:colcon.colcon_core.environment:checking '/home/f1/f1tenth_ws/install/joy_teleop/lib/python3.8/site-packages'
[19.756s] Level 1:colcon.colcon_core.shell:create_environment_hook('joy_teleop', 'pythonpath')
[19.757s] INFO:colcon.colcon_core.shell:Creating environment hook '/home/f1/f1tenth_ws/install/joy_teleop/share/joy_teleop/hook/pythonpath.ps1'
[19.760s] INFO:colcon.colcon_core.shell:Creating environment descriptor '/home/f1/f1tenth_ws/install/joy_teleop/share/joy_teleop/hook/pythonpath.dsv'
[19.764s] INFO:colcon.colcon_core.shell:Creating environment hook '/home/f1/f1tenth_ws/install/joy_teleop/share/joy_teleop/hook/pythonpath.sh'
[19.768s] Level 1:colcon.colcon_core.environment:checking '/home/f1/f1tenth_ws/install/joy_teleop/bin'
[19.768s] Level 1:colcon.colcon_core.environment:create_environment_scripts_only(joy_teleop)
[19.771s] INFO:colcon.colcon_core.shell:Creating package script '/home/f1/f1tenth_ws/install/joy_teleop/share/joy_teleop/package.ps1'
[19.774s] INFO:colcon.colcon_core.shell:Creating package descriptor '/home/f1/f1tenth_ws/install/joy_teleop/share/joy_teleop/package.dsv'
[19.778s] INFO:colcon.colcon_core.shell:Creating package script '/home/f1/f1tenth_ws/install/joy_teleop/share/joy_teleop/package.sh'
[19.781s] INFO:colcon.colcon_core.shell:Creating package script '/home/f1/f1tenth_ws/install/joy_teleop/share/joy_teleop/package.bash'
[19.784s] INFO:colcon.colcon_core.shell:Creating package script '/home/f1/f1tenth_ws/install/joy_teleop/share/joy_teleop/package.zsh'
[19.787s] Level 1:colcon.colcon_core.environment:create_file_with_runtime_dependencies(/home/f1/f1tenth_ws/install/joy_teleop/share/colcon-core/packages/joy_teleop)
[19.793s] INFO:colcon.colcon_ros.task.ament_cmake.build:Building ROS package in '/home/f1/f1tenth_ws/src/f1tenth_system/teleop_tools/teleop_tools' with build type 'ament_cmake'
[19.795s] INFO:colcon.colcon_cmake.task.cmake.build:Building CMake package in '/home/f1/f1tenth_ws/src/f1tenth_system/teleop_tools/teleop_tools'
[19.796s] INFO:colcon.colcon_core.shell:Skip shell extension 'powershell' for command environment: Not usable outside of PowerShell
[19.797s] DEBUG:colcon.colcon_core.shell:Skip shell extension 'dsv' for command environment
[19.966s] DEBUG:colcon.colcon_core.event_handler.log_command:Invoking command in '/home/f1/f1tenth_ws/build/teleop_tools': AMENT_PREFIX_PATH=/home/f1/f1tenth_ws/install/joy_teleop:/home/f1/f1tenth_ws/install/key_teleop:/home/f1/f1tenth_ws/install/f1tenth_slam_nav:/home/f1/f1tenth_ws/install/f1tenth_stack:/home/f1/f1tenth_ws/install/vesc:/home/f1/f1tenth_ws/install/vesc_driver:/home/f1/f1tenth_ws/install/vesc_ackermann:/home/f1/f1tenth_ws/install/vesc_msgs:/home/f1/f1tenth_ws/install/teleop_tools:/home/f1/f1tenth_ws/install/teleop_tools_msgs:/home/f1/f1tenth_ws/install/real_pure_pursuit:/home/f1/f1tenth_ws/install/pygame_key_teleop:/home/f1/f1tenth_ws/install/pure_pursuit:/home/f1/f1tenth_ws/install/path_planner:/home/f1/f1tenth_ws/install/path_follow:/home/f1/f1tenth_ws/install/mouse_teleop:/home/f1/f1tenth_ws/install/lidar_processing:/home/f1/f1tenth_ws/install/f1tenth_path_planner:/home/f1/f1tenth_ws/install/center_follow_cpp:/home/f1/f1tenth_ws/install/ackermann_mux:/opt/ros/foxy CMAKE_PREFIX_PATH=/home/f1/f1tenth_ws/install/teleop_tools_msgs:/home/f1/f1tenth_ws/install/f1tenth_slam_nav:/home/f1/f1tenth_ws/install/vesc:/home/f1/f1tenth_ws/install/vesc_driver:/home/f1/f1tenth_ws/install/vesc_ackermann:/home/f1/f1tenth_ws/install/vesc_msgs:/home/f1/f1tenth_ws/install/teleop_tools:/home/f1/f1tenth_ws/install/real_pure_pursuit:/home/f1/f1tenth_ws/install/pure_pursuit:/home/f1/f1tenth_ws/install/path_planner:/home/f1/f1tenth_ws/install/path_follow:/home/f1/f1tenth_ws/install/lidar_processing:/home/f1/f1tenth_ws/install/center_follow_cpp:/home/f1/f1tenth_ws/install/ackermann_mux:/home/f1/f1tenth_ws/install/f1tenth_stack:/home/f1/f1tenth_ws/install/joy_teleop:/home/f1/f1tenth_ws/install/pygame_key_teleop:/home/f1/f1tenth_ws/install/mouse_teleop:/home/f1/f1tenth_ws/install/key_teleop:/home/f1/f1tenth_ws/install/f1tenth_path_planner:/opt/ros/foxy LD_LIBRARY_PATH=/home/f1/f1tenth_ws/install/teleop_tools_msgs/lib:/home/f1/f1tenth_ws/install/vesc_driver/lib:/home/f1/f1tenth_ws/install/vesc_ackermann/lib:/home/f1/f1tenth_ws/install/vesc_msgs/lib:/opt/ros/foxy/opt/yaml_cpp_vendor/lib:/opt/ros/foxy/opt/rviz_ogre_vendor/lib:/opt/ros/foxy/lib/aarch64-linux-gnu:/opt/ros/foxy/lib PYTHONPATH=/home/f1/f1tenth_ws/build/joy_teleop:/home/f1/f1tenth_ws/install/joy_teleop/lib/python3.8/site-packages:/home/f1/f1tenth_ws/install/teleop_tools_msgs/lib/python3.8/site-packages:/home/f1/f1tenth_ws/build/key_teleop:/home/f1/f1tenth_ws/install/key_teleop/lib/python3.8/site-packages:/home/f1/f1tenth_ws/install/f1tenth_slam_nav/lib/python3.8/site-packages:/home/f1/f1tenth_ws/build/f1tenth_stack:/home/f1/f1tenth_ws/install/f1tenth_stack/lib/python3.8/site-packages:/home/f1/f1tenth_ws/install/vesc_msgs/lib/python3.8/site-packages:/home/f1/f1tenth_ws/build/pygame_key_teleop:/home/f1/f1tenth_ws/install/pygame_key_teleop/lib/python3.8/site-packages:/home/f1/f1tenth_ws/build/mouse_teleop:/home/f1/f1tenth_ws/install/mouse_teleop/lib/python3.8/site-packages:/home/f1/f1tenth_ws/install/f1tenth_path_planner/lib/python3.8/site-packages:/opt/ros/foxy/lib/python3.8/site-packages /usr/bin/cmake --build /home/f1/f1tenth_ws/build/teleop_tools -- -j6 -l6
[20.229s] DEBUG:colcon.colcon_core.event_handler.log_command:Invoked command in '/home/f1/f1tenth_ws/build/teleop_tools' returned '0': AMENT_PREFIX_PATH=/home/f1/f1tenth_ws/install/joy_teleop:/home/f1/f1tenth_ws/install/key_teleop:/home/f1/f1tenth_ws/install/f1tenth_slam_nav:/home/f1/f1tenth_ws/install/f1tenth_stack:/home/f1/f1tenth_ws/install/vesc:/home/f1/f1tenth_ws/install/vesc_driver:/home/f1/f1tenth_ws/install/vesc_ackermann:/home/f1/f1tenth_ws/install/vesc_msgs:/home/f1/f1tenth_ws/install/teleop_tools:/home/f1/f1tenth_ws/install/teleop_tools_msgs:/home/f1/f1tenth_ws/install/real_pure_pursuit:/home/f1/f1tenth_ws/install/pygame_key_teleop:/home/f1/f1tenth_ws/install/pure_pursuit:/home/f1/f1tenth_ws/install/path_planner:/home/f1/f1tenth_ws/install/path_follow:/home/f1/f1tenth_ws/install/mouse_teleop:/home/f1/f1tenth_ws/install/lidar_processing:/home/f1/f1tenth_ws/install/f1tenth_path_planner:/home/f1/f1tenth_ws/install/center_follow_cpp:/home/f1/f1tenth_ws/install/ackermann_mux:/opt/ros/foxy CMAKE_PREFIX_PATH=/home/f1/f1tenth_ws/install/teleop_tools_msgs:/home/f1/f1tenth_ws/install/f1tenth_slam_nav:/home/f1/f1tenth_ws/install/vesc:/home/f1/f1tenth_ws/install/vesc_driver:/home/f1/f1tenth_ws/install/vesc_ackermann:/home/f1/f1tenth_ws/install/vesc_msgs:/home/f1/f1tenth_ws/install/teleop_tools:/home/f1/f1tenth_ws/install/real_pure_pursuit:/home/f1/f1tenth_ws/install/pure_pursuit:/home/f1/f1tenth_ws/install/path_planner:/home/f1/f1tenth_ws/install/path_follow:/home/f1/f1tenth_ws/install/lidar_processing:/home/f1/f1tenth_ws/install/center_follow_cpp:/home/f1/f1tenth_ws/install/ackermann_mux:/home/f1/f1tenth_ws/install/f1tenth_stack:/home/f1/f1tenth_ws/install/joy_teleop:/home/f1/f1tenth_ws/install/pygame_key_teleop:/home/f1/f1tenth_ws/install/mouse_teleop:/home/f1/f1tenth_ws/install/key_teleop:/home/f1/f1tenth_ws/install/f1tenth_path_planner:/opt/ros/foxy LD_LIBRARY_PATH=/home/f1/f1tenth_ws/install/teleop_tools_msgs/lib:/home/f1/f1tenth_ws/install/vesc_driver/lib:/home/f1/f1tenth_ws/install/vesc_ackermann/lib:/home/f1/f1tenth_ws/install/vesc_msgs/lib:/opt/ros/foxy/opt/yaml_cpp_vendor/lib:/opt/ros/foxy/opt/rviz_ogre_vendor/lib:/opt/ros/foxy/lib/aarch64-linux-gnu:/opt/ros/foxy/lib PYTHONPATH=/home/f1/f1tenth_ws/build/joy_teleop:/home/f1/f1tenth_ws/install/joy_teleop/lib/python3.8/site-packages:/home/f1/f1tenth_ws/install/teleop_tools_msgs/lib/python3.8/site-packages:/home/f1/f1tenth_ws/build/key_teleop:/home/f1/f1tenth_ws/install/key_teleop/lib/python3.8/site-packages:/home/f1/f1tenth_ws/install/f1tenth_slam_nav/lib/python3.8/site-packages:/home/f1/f1tenth_ws/build/f1tenth_stack:/home/f1/f1tenth_ws/install/f1tenth_stack/lib/python3.8/site-packages:/home/f1/f1tenth_ws/install/vesc_msgs/lib/python3.8/site-packages:/home/f1/f1tenth_ws/build/pygame_key_teleop:/home/f1/f1tenth_ws/install/pygame_key_teleop/lib/python3.8/site-packages:/home/f1/f1tenth_ws/build/mouse_teleop:/home/f1/f1tenth_ws/install/mouse_teleop/lib/python3.8/site-packages:/home/f1/f1tenth_ws/install/f1tenth_path_planner/lib/python3.8/site-packages:/opt/ros/foxy/lib/python3.8/site-packages /usr/bin/cmake --build /home/f1/f1tenth_ws/build/teleop_tools -- -j6 -l6
[20.241s] DEBUG:colcon.colcon_core.event_handler.log_command:Invoking command in '/home/f1/f1tenth_ws/build/teleop_tools': AMENT_PREFIX_PATH=/home/f1/f1tenth_ws/install/joy_teleop:/home/f1/f1tenth_ws/install/key_teleop:/home/f1/f1tenth_ws/install/f1tenth_slam_nav:/home/f1/f1tenth_ws/install/f1tenth_stack:/home/f1/f1tenth_ws/install/vesc:/home/f1/f1tenth_ws/install/vesc_driver:/home/f1/f1tenth_ws/install/vesc_ackermann:/home/f1/f1tenth_ws/install/vesc_msgs:/home/f1/f1tenth_ws/install/teleop_tools:/home/f1/f1tenth_ws/install/teleop_tools_msgs:/home/f1/f1tenth_ws/install/real_pure_pursuit:/home/f1/f1tenth_ws/install/pygame_key_teleop:/home/f1/f1tenth_ws/install/pure_pursuit:/home/f1/f1tenth_ws/install/path_planner:/home/f1/f1tenth_ws/install/path_follow:/home/f1/f1tenth_ws/install/mouse_teleop:/home/f1/f1tenth_ws/install/lidar_processing:/home/f1/f1tenth_ws/install/f1tenth_path_planner:/home/f1/f1tenth_ws/install/center_follow_cpp:/home/f1/f1tenth_ws/install/ackermann_mux:/opt/ros/foxy CMAKE_PREFIX_PATH=/home/f1/f1tenth_ws/install/teleop_tools_msgs:/home/f1/f1tenth_ws/install/f1tenth_slam_nav:/home/f1/f1tenth_ws/install/vesc:/home/f1/f1tenth_ws/install/vesc_driver:/home/f1/f1tenth_ws/install/vesc_ackermann:/home/f1/f1tenth_ws/install/vesc_msgs:/home/f1/f1tenth_ws/install/teleop_tools:/home/f1/f1tenth_ws/install/real_pure_pursuit:/home/f1/f1tenth_ws/install/pure_pursuit:/home/f1/f1tenth_ws/install/path_planner:/home/f1/f1tenth_ws/install/path_follow:/home/f1/f1tenth_ws/install/lidar_processing:/home/f1/f1tenth_ws/install/center_follow_cpp:/home/f1/f1tenth_ws/install/ackermann_mux:/home/f1/f1tenth_ws/install/f1tenth_stack:/home/f1/f1tenth_ws/install/joy_teleop:/home/f1/f1tenth_ws/install/pygame_key_teleop:/home/f1/f1tenth_ws/install/mouse_teleop:/home/f1/f1tenth_ws/install/key_teleop:/home/f1/f1tenth_ws/install/f1tenth_path_planner:/opt/ros/foxy LD_LIBRARY_PATH=/home/f1/f1tenth_ws/install/teleop_tools_msgs/lib:/home/f1/f1tenth_ws/install/vesc_driver/lib:/home/f1/f1tenth_ws/install/vesc_ackermann/lib:/home/f1/f1tenth_ws/install/vesc_msgs/lib:/opt/ros/foxy/opt/yaml_cpp_vendor/lib:/opt/ros/foxy/opt/rviz_ogre_vendor/lib:/opt/ros/foxy/lib/aarch64-linux-gnu:/opt/ros/foxy/lib PYTHONPATH=/home/f1/f1tenth_ws/build/joy_teleop:/home/f1/f1tenth_ws/install/joy_teleop/lib/python3.8/site-packages:/home/f1/f1tenth_ws/install/teleop_tools_msgs/lib/python3.8/site-packages:/home/f1/f1tenth_ws/build/key_teleop:/home/f1/f1tenth_ws/install/key_teleop/lib/python3.8/site-packages:/home/f1/f1tenth_ws/install/f1tenth_slam_nav/lib/python3.8/site-packages:/home/f1/f1tenth_ws/build/f1tenth_stack:/home/f1/f1tenth_ws/install/f1tenth_stack/lib/python3.8/site-packages:/home/f1/f1tenth_ws/install/vesc_msgs/lib/python3.8/site-packages:/home/f1/f1tenth_ws/build/pygame_key_teleop:/home/f1/f1tenth_ws/install/pygame_key_teleop/lib/python3.8/site-packages:/home/f1/f1tenth_ws/build/mouse_teleop:/home/f1/f1tenth_ws/install/mouse_teleop/lib/python3.8/site-packages:/home/f1/f1tenth_ws/install/f1tenth_path_planner/lib/python3.8/site-packages:/opt/ros/foxy/lib/python3.8/site-packages /usr/bin/cmake --install /home/f1/f1tenth_ws/build/teleop_tools
[20.443s] DEBUG:colcon.colcon_core.event_handler.log_command:Invoked command in '/home/f1/f1tenth_ws/build/vesc_ackermann' returned '0': CMAKE_PREFIX_PATH=/home/f1/f1tenth_ws/install/vesc_msgs:/home/f1/f1tenth_ws/install/f1tenth_slam_nav:/home/f1/f1tenth_ws/install/vesc:/home/f1/f1tenth_ws/install/vesc_driver:/home/f1/f1tenth_ws/install/vesc_ackermann:/home/f1/f1tenth_ws/install/teleop_tools:/home/f1/f1tenth_ws/install/teleop_tools_msgs:/home/f1/f1tenth_ws/install/real_pure_pursuit:/home/f1/f1tenth_ws/install/pure_pursuit:/home/f1/f1tenth_ws/install/path_planner:/home/f1/f1tenth_ws/install/path_follow:/home/f1/f1tenth_ws/install/lidar_processing:/home/f1/f1tenth_ws/install/center_follow_cpp:/home/f1/f1tenth_ws/install/ackermann_mux:/home/f1/f1tenth_ws/install/f1tenth_stack:/home/f1/f1tenth_ws/install/joy_teleop:/home/f1/f1tenth_ws/install/pygame_key_teleop:/home/f1/f1tenth_ws/install/mouse_teleop:/home/f1/f1tenth_ws/install/key_teleop:/home/f1/f1tenth_ws/install/f1tenth_path_planner:/opt/ros/foxy LD_LIBRARY_PATH=/home/f1/f1tenth_ws/install/vesc_msgs/lib:/home/f1/f1tenth_ws/install/vesc_driver/lib:/home/f1/f1tenth_ws/install/vesc_ackermann/lib:/home/f1/f1tenth_ws/install/teleop_tools_msgs/lib:/opt/ros/foxy/opt/yaml_cpp_vendor/lib:/opt/ros/foxy/opt/rviz_ogre_vendor/lib:/opt/ros/foxy/lib/aarch64-linux-gnu:/opt/ros/foxy/lib PYTHONPATH=/home/f1/f1tenth_ws/install/vesc_msgs/lib/python3.8/site-packages:/home/f1/f1tenth_ws/install/f1tenth_slam_nav/lib/python3.8/site-packages:/home/f1/f1tenth_ws/build/f1tenth_stack:/home/f1/f1tenth_ws/install/f1tenth_stack/lib/python3.8/site-packages:/home/f1/f1tenth_ws/build/joy_teleop:/home/f1/f1tenth_ws/install/joy_teleop/lib/python3.8/site-packages:/home/f1/f1tenth_ws/install/teleop_tools_msgs/lib/python3.8/site-packages:/home/f1/f1tenth_ws/build/pygame_key_teleop:/home/f1/f1tenth_ws/install/pygame_key_teleop/lib/python3.8/site-packages:/home/f1/f1tenth_ws/build/mouse_teleop:/home/f1/f1tenth_ws/install/mouse_teleop/lib/python3.8/site-packages:/home/f1/f1tenth_ws/build/key_teleop:/home/f1/f1tenth_ws/install/key_teleop/lib/python3.8/site-packages:/home/f1/f1tenth_ws/install/f1tenth_path_planner/lib/python3.8/site-packages:/opt/ros/foxy/lib/python3.8/site-packages /usr/bin/cmake --build /home/f1/f1tenth_ws/build/vesc_ackermann -- -j6 -l6
[20.464s] DEBUG:colcon.colcon_core.event_handler.log_command:Invoking command in '/home/f1/f1tenth_ws/build/vesc_ackermann': CMAKE_PREFIX_PATH=/home/f1/f1tenth_ws/install/vesc_msgs:/home/f1/f1tenth_ws/install/f1tenth_slam_nav:/home/f1/f1tenth_ws/install/vesc:/home/f1/f1tenth_ws/install/vesc_driver:/home/f1/f1tenth_ws/install/vesc_ackermann:/home/f1/f1tenth_ws/install/teleop_tools:/home/f1/f1tenth_ws/install/teleop_tools_msgs:/home/f1/f1tenth_ws/install/real_pure_pursuit:/home/f1/f1tenth_ws/install/pure_pursuit:/home/f1/f1tenth_ws/install/path_planner:/home/f1/f1tenth_ws/install/path_follow:/home/f1/f1tenth_ws/install/lidar_processing:/home/f1/f1tenth_ws/install/center_follow_cpp:/home/f1/f1tenth_ws/install/ackermann_mux:/home/f1/f1tenth_ws/install/f1tenth_stack:/home/f1/f1tenth_ws/install/joy_teleop:/home/f1/f1tenth_ws/install/pygame_key_teleop:/home/f1/f1tenth_ws/install/mouse_teleop:/home/f1/f1tenth_ws/install/key_teleop:/home/f1/f1tenth_ws/install/f1tenth_path_planner:/opt/ros/foxy LD_LIBRARY_PATH=/home/f1/f1tenth_ws/install/vesc_msgs/lib:/home/f1/f1tenth_ws/install/vesc_driver/lib:/home/f1/f1tenth_ws/install/vesc_ackermann/lib:/home/f1/f1tenth_ws/install/teleop_tools_msgs/lib:/opt/ros/foxy/opt/yaml_cpp_vendor/lib:/opt/ros/foxy/opt/rviz_ogre_vendor/lib:/opt/ros/foxy/lib/aarch64-linux-gnu:/opt/ros/foxy/lib PYTHONPATH=/home/f1/f1tenth_ws/install/vesc_msgs/lib/python3.8/site-packages:/home/f1/f1tenth_ws/install/f1tenth_slam_nav/lib/python3.8/site-packages:/home/f1/f1tenth_ws/build/f1tenth_stack:/home/f1/f1tenth_ws/install/f1tenth_stack/lib/python3.8/site-packages:/home/f1/f1tenth_ws/build/joy_teleop:/home/f1/f1tenth_ws/install/joy_teleop/lib/python3.8/site-packages:/home/f1/f1tenth_ws/install/teleop_tools_msgs/lib/python3.8/site-packages:/home/f1/f1tenth_ws/build/pygame_key_teleop:/home/f1/f1tenth_ws/install/pygame_key_teleop/lib/python3.8/site-packages:/home/f1/f1tenth_ws/build/mouse_teleop:/home/f1/f1tenth_ws/install/mouse_teleop/lib/python3.8/site-packages:/home/f1/f1tenth_ws/build/key_teleop:/home/f1/f1tenth_ws/install/key_teleop/lib/python3.8/site-packages:/home/f1/f1tenth_ws/install/f1tenth_path_planner/lib/python3.8/site-packages:/opt/ros/foxy/lib/python3.8/site-packages /usr/bin/cmake --install /home/f1/f1tenth_ws/build/vesc_ackermann
[20.480s] Level 1:colcon.colcon_core.environment:create_environment_scripts_only(teleop_tools)
[20.483s] Level 1:colcon.colcon_core.environment:checking '/home/f1/f1tenth_ws/install/teleop_tools' for CMake module files
[20.488s] DEBUG:colcon.colcon_core.event_handler.log_command:Invoked command in '/home/f1/f1tenth_ws/build/teleop_tools' returned '0': AMENT_PREFIX_PATH=/home/f1/f1tenth_ws/install/joy_teleop:/home/f1/f1tenth_ws/install/key_teleop:/home/f1/f1tenth_ws/install/f1tenth_slam_nav:/home/f1/f1tenth_ws/install/f1tenth_stack:/home/f1/f1tenth_ws/install/vesc:/home/f1/f1tenth_ws/install/vesc_driver:/home/f1/f1tenth_ws/install/vesc_ackermann:/home/f1/f1tenth_ws/install/vesc_msgs:/home/f1/f1tenth_ws/install/teleop_tools:/home/f1/f1tenth_ws/install/teleop_tools_msgs:/home/f1/f1tenth_ws/install/real_pure_pursuit:/home/f1/f1tenth_ws/install/pygame_key_teleop:/home/f1/f1tenth_ws/install/pure_pursuit:/home/f1/f1tenth_ws/install/path_planner:/home/f1/f1tenth_ws/install/path_follow:/home/f1/f1tenth_ws/install/mouse_teleop:/home/f1/f1tenth_ws/install/lidar_processing:/home/f1/f1tenth_ws/install/f1tenth_path_planner:/home/f1/f1tenth_ws/install/center_follow_cpp:/home/f1/f1tenth_ws/install/ackermann_mux:/opt/ros/foxy CMAKE_PREFIX_PATH=/home/f1/f1tenth_ws/install/teleop_tools_msgs:/home/f1/f1tenth_ws/install/f1tenth_slam_nav:/home/f1/f1tenth_ws/install/vesc:/home/f1/f1tenth_ws/install/vesc_driver:/home/f1/f1tenth_ws/install/vesc_ackermann:/home/f1/f1tenth_ws/install/vesc_msgs:/home/f1/f1tenth_ws/install/teleop_tools:/home/f1/f1tenth_ws/install/real_pure_pursuit:/home/f1/f1tenth_ws/install/pure_pursuit:/home/f1/f1tenth_ws/install/path_planner:/home/f1/f1tenth_ws/install/path_follow:/home/f1/f1tenth_ws/install/lidar_processing:/home/f1/f1tenth_ws/install/center_follow_cpp:/home/f1/f1tenth_ws/install/ackermann_mux:/home/f1/f1tenth_ws/install/f1tenth_stack:/home/f1/f1tenth_ws/install/joy_teleop:/home/f1/f1tenth_ws/install/pygame_key_teleop:/home/f1/f1tenth_ws/install/mouse_teleop:/home/f1/f1tenth_ws/install/key_teleop:/home/f1/f1tenth_ws/install/f1tenth_path_planner:/opt/ros/foxy LD_LIBRARY_PATH=/home/f1/f1tenth_ws/install/teleop_tools_msgs/lib:/home/f1/f1tenth_ws/install/vesc_driver/lib:/home/f1/f1tenth_ws/install/vesc_ackermann/lib:/home/f1/f1tenth_ws/install/vesc_msgs/lib:/opt/ros/foxy/opt/yaml_cpp_vendor/lib:/opt/ros/foxy/opt/rviz_ogre_vendor/lib:/opt/ros/foxy/lib/aarch64-linux-gnu:/opt/ros/foxy/lib PYTHONPATH=/home/f1/f1tenth_ws/build/joy_teleop:/home/f1/f1tenth_ws/install/joy_teleop/lib/python3.8/site-packages:/home/f1/f1tenth_ws/install/teleop_tools_msgs/lib/python3.8/site-packages:/home/f1/f1tenth_ws/build/key_teleop:/home/f1/f1tenth_ws/install/key_teleop/lib/python3.8/site-packages:/home/f1/f1tenth_ws/install/f1tenth_slam_nav/lib/python3.8/site-packages:/home/f1/f1tenth_ws/build/f1tenth_stack:/home/f1/f1tenth_ws/install/f1tenth_stack/lib/python3.8/site-packages:/home/f1/f1tenth_ws/install/vesc_msgs/lib/python3.8/site-packages:/home/f1/f1tenth_ws/build/pygame_key_teleop:/home/f1/f1tenth_ws/install/pygame_key_teleop/lib/python3.8/site-packages:/home/f1/f1tenth_ws/build/mouse_teleop:/home/f1/f1tenth_ws/install/mouse_teleop/lib/python3.8/site-packages:/home/f1/f1tenth_ws/install/f1tenth_path_planner/lib/python3.8/site-packages:/opt/ros/foxy/lib/python3.8/site-packages /usr/bin/cmake --install /home/f1/f1tenth_ws/build/teleop_tools
[20.491s] Level 1:colcon.colcon_core.environment:checking '/home/f1/f1tenth_ws/install/teleop_tools' for CMake config files
[20.494s] Level 1:colcon.colcon_core.shell:create_environment_hook('teleop_tools', 'cmake_prefix_path')
[20.495s] INFO:colcon.colcon_core.shell:Creating environment hook '/home/f1/f1tenth_ws/install/teleop_tools/share/teleop_tools/hook/cmake_prefix_path.ps1'
[20.500s] INFO:colcon.colcon_core.shell:Creating environment descriptor '/home/f1/f1tenth_ws/install/teleop_tools/share/teleop_tools/hook/cmake_prefix_path.dsv'
[20.503s] INFO:colcon.colcon_core.shell:Creating environment hook '/home/f1/f1tenth_ws/install/teleop_tools/share/teleop_tools/hook/cmake_prefix_path.sh'
[20.508s] Level 1:colcon.colcon_core.environment:checking '/home/f1/f1tenth_ws/install/teleop_tools/bin'
[20.508s] Level 1:colcon.colcon_core.environment:checking '/home/f1/f1tenth_ws/install/teleop_tools/lib/pkgconfig/teleop_tools.pc'
[20.510s] Level 1:colcon.colcon_core.environment:checking '/home/f1/f1tenth_ws/install/teleop_tools/lib/python3.8/site-packages'
[20.511s] Level 1:colcon.colcon_core.environment:checking '/home/f1/f1tenth_ws/install/teleop_tools/bin'
[20.515s] INFO:colcon.colcon_core.shell:Creating package script '/home/f1/f1tenth_ws/install/teleop_tools/share/teleop_tools/package.ps1'
[20.523s] INFO:colcon.colcon_core.shell:Creating package descriptor '/home/f1/f1tenth_ws/install/teleop_tools/share/teleop_tools/package.dsv'
[20.527s] INFO:colcon.colcon_core.shell:Creating package script '/home/f1/f1tenth_ws/install/teleop_tools/share/teleop_tools/package.sh'
[20.531s] INFO:colcon.colcon_core.shell:Creating package script '/home/f1/f1tenth_ws/install/teleop_tools/share/teleop_tools/package.bash'
[20.536s] INFO:colcon.colcon_core.shell:Creating package script '/home/f1/f1tenth_ws/install/teleop_tools/share/teleop_tools/package.zsh'
[20.544s] Level 1:colcon.colcon_core.environment:create_file_with_runtime_dependencies(/home/f1/f1tenth_ws/install/teleop_tools/share/colcon-core/packages/teleop_tools)
[20.551s] Level 1:colcon.colcon_core.environment:create_environment_scripts_only(teleop_tools)
[20.552s] Level 1:colcon.colcon_core.environment:checking '/home/f1/f1tenth_ws/install/teleop_tools' for CMake module files
[20.557s] Level 1:colcon.colcon_core.environment:checking '/home/f1/f1tenth_ws/install/teleop_tools' for CMake config files
[20.565s] Level 1:colcon.colcon_core.shell:create_environment_hook('teleop_tools', 'cmake_prefix_path')
[20.568s] INFO:colcon.colcon_core.shell:Creating environment hook '/home/f1/f1tenth_ws/install/teleop_tools/share/teleop_tools/hook/cmake_prefix_path.ps1'
[20.573s] INFO:colcon.colcon_core.shell:Creating environment descriptor '/home/f1/f1tenth_ws/install/teleop_tools/share/teleop_tools/hook/cmake_prefix_path.dsv'
[20.586s] INFO:colcon.colcon_core.shell:Creating environment hook '/home/f1/f1tenth_ws/install/teleop_tools/share/teleop_tools/hook/cmake_prefix_path.sh'
[20.590s] Level 1:colcon.colcon_core.environment:checking '/home/f1/f1tenth_ws/install/teleop_tools/bin'
[20.590s] Level 1:colcon.colcon_core.environment:checking '/home/f1/f1tenth_ws/install/teleop_tools/lib/pkgconfig/teleop_tools.pc'
[20.591s] Level 1:colcon.colcon_core.environment:checking '/home/f1/f1tenth_ws/install/teleop_tools/lib/python3.8/site-packages'
[20.592s] Level 1:colcon.colcon_core.environment:checking '/home/f1/f1tenth_ws/install/teleop_tools/bin'
[20.594s] INFO:colcon.colcon_core.shell:Creating package script '/home/f1/f1tenth_ws/install/teleop_tools/share/teleop_tools/package.ps1'
[20.597s] INFO:colcon.colcon_core.shell:Creating package descriptor '/home/f1/f1tenth_ws/install/teleop_tools/share/teleop_tools/package.dsv'
[20.603s] INFO:colcon.colcon_core.shell:Creating package script '/home/f1/f1tenth_ws/install/teleop_tools/share/teleop_tools/package.sh'
[20.610s] INFO:colcon.colcon_core.shell:Creating package script '/home/f1/f1tenth_ws/install/teleop_tools/share/teleop_tools/package.bash'
[20.616s] INFO:colcon.colcon_core.shell:Creating package script '/home/f1/f1tenth_ws/install/teleop_tools/share/teleop_tools/package.zsh'
[20.623s] Level 1:colcon.colcon_core.environment:create_file_with_runtime_dependencies(/home/f1/f1tenth_ws/install/teleop_tools/share/colcon-core/packages/teleop_tools)
[20.684s] Level 1:colcon.colcon_core.environment:create_environment_scripts_only(vesc_ackermann)
[20.689s] Level 1:colcon.colcon_core.environment:checking '/home/f1/f1tenth_ws/install/vesc_ackermann' for CMake module files
[20.690s] DEBUG:colcon.colcon_core.event_handler.log_command:Invoked command in '/home/f1/f1tenth_ws/build/vesc_ackermann' returned '0': CMAKE_PREFIX_PATH=/home/f1/f1tenth_ws/install/vesc_msgs:/home/f1/f1tenth_ws/install/f1tenth_slam_nav:/home/f1/f1tenth_ws/install/vesc:/home/f1/f1tenth_ws/install/vesc_driver:/home/f1/f1tenth_ws/install/vesc_ackermann:/home/f1/f1tenth_ws/install/teleop_tools:/home/f1/f1tenth_ws/install/teleop_tools_msgs:/home/f1/f1tenth_ws/install/real_pure_pursuit:/home/f1/f1tenth_ws/install/pure_pursuit:/home/f1/f1tenth_ws/install/path_planner:/home/f1/f1tenth_ws/install/path_follow:/home/f1/f1tenth_ws/install/lidar_processing:/home/f1/f1tenth_ws/install/center_follow_cpp:/home/f1/f1tenth_ws/install/ackermann_mux:/home/f1/f1tenth_ws/install/f1tenth_stack:/home/f1/f1tenth_ws/install/joy_teleop:/home/f1/f1tenth_ws/install/pygame_key_teleop:/home/f1/f1tenth_ws/install/mouse_teleop:/home/f1/f1tenth_ws/install/key_teleop:/home/f1/f1tenth_ws/install/f1tenth_path_planner:/opt/ros/foxy LD_LIBRARY_PATH=/home/f1/f1tenth_ws/install/vesc_msgs/lib:/home/f1/f1tenth_ws/install/vesc_driver/lib:/home/f1/f1tenth_ws/install/vesc_ackermann/lib:/home/f1/f1tenth_ws/install/teleop_tools_msgs/lib:/opt/ros/foxy/opt/yaml_cpp_vendor/lib:/opt/ros/foxy/opt/rviz_ogre_vendor/lib:/opt/ros/foxy/lib/aarch64-linux-gnu:/opt/ros/foxy/lib PYTHONPATH=/home/f1/f1tenth_ws/install/vesc_msgs/lib/python3.8/site-packages:/home/f1/f1tenth_ws/install/f1tenth_slam_nav/lib/python3.8/site-packages:/home/f1/f1tenth_ws/build/f1tenth_stack:/home/f1/f1tenth_ws/install/f1tenth_stack/lib/python3.8/site-packages:/home/f1/f1tenth_ws/build/joy_teleop:/home/f1/f1tenth_ws/install/joy_teleop/lib/python3.8/site-packages:/home/f1/f1tenth_ws/install/teleop_tools_msgs/lib/python3.8/site-packages:/home/f1/f1tenth_ws/build/pygame_key_teleop:/home/f1/f1tenth_ws/install/pygame_key_teleop/lib/python3.8/site-packages:/home/f1/f1tenth_ws/build/mouse_teleop:/home/f1/f1tenth_ws/install/mouse_teleop/lib/python3.8/site-packages:/home/f1/f1tenth_ws/build/key_teleop:/home/f1/f1tenth_ws/install/key_teleop/lib/python3.8/site-packages:/home/f1/f1tenth_ws/install/f1tenth_path_planner/lib/python3.8/site-packages:/opt/ros/foxy/lib/python3.8/site-packages /usr/bin/cmake --install /home/f1/f1tenth_ws/build/vesc_ackermann
[20.694s] Level 1:colcon.colcon_core.environment:checking '/home/f1/f1tenth_ws/install/vesc_ackermann' for CMake config files
[20.697s] Level 1:colcon.colcon_core.shell:create_environment_hook('vesc_ackermann', 'cmake_prefix_path')
[20.698s] INFO:colcon.colcon_core.shell:Creating environment hook '/home/f1/f1tenth_ws/install/vesc_ackermann/share/vesc_ackermann/hook/cmake_prefix_path.ps1'
[20.701s] INFO:colcon.colcon_core.shell:Creating environment descriptor '/home/f1/f1tenth_ws/install/vesc_ackermann/share/vesc_ackermann/hook/cmake_prefix_path.dsv'
[20.703s] INFO:colcon.colcon_core.shell:Creating environment hook '/home/f1/f1tenth_ws/install/vesc_ackermann/share/vesc_ackermann/hook/cmake_prefix_path.sh'
[20.707s] Level 1:colcon.colcon_core.environment:checking '/home/f1/f1tenth_ws/install/vesc_ackermann/lib'
[20.708s] Level 1:colcon.colcon_core.shell:create_environment_hook('vesc_ackermann', 'ld_library_path_lib')
[20.709s] INFO:colcon.colcon_core.shell:Creating environment hook '/home/f1/f1tenth_ws/install/vesc_ackermann/share/vesc_ackermann/hook/ld_library_path_lib.ps1'
[20.712s] INFO:colcon.colcon_core.shell:Creating environment descriptor '/home/f1/f1tenth_ws/install/vesc_ackermann/share/vesc_ackermann/hook/ld_library_path_lib.dsv'
[20.718s] INFO:colcon.colcon_core.shell:Creating environment hook '/home/f1/f1tenth_ws/install/vesc_ackermann/share/vesc_ackermann/hook/ld_library_path_lib.sh'
[20.723s] Level 1:colcon.colcon_core.environment:checking '/home/f1/f1tenth_ws/install/vesc_ackermann/bin'
[20.723s] Level 1:colcon.colcon_core.environment:checking '/home/f1/f1tenth_ws/install/vesc_ackermann/lib/pkgconfig/vesc_ackermann.pc'
[20.725s] Level 1:colcon.colcon_core.environment:checking '/home/f1/f1tenth_ws/install/vesc_ackermann/lib/python3.8/site-packages'
[20.728s] Level 1:colcon.colcon_core.environment:checking '/home/f1/f1tenth_ws/install/vesc_ackermann/bin'
[20.733s] INFO:colcon.colcon_core.shell:Creating package script '/home/f1/f1tenth_ws/install/vesc_ackermann/share/vesc_ackermann/package.ps1'
[20.737s] INFO:colcon.colcon_core.shell:Creating package descriptor '/home/f1/f1tenth_ws/install/vesc_ackermann/share/vesc_ackermann/package.dsv'
[20.740s] INFO:colcon.colcon_core.shell:Creating package script '/home/f1/f1tenth_ws/install/vesc_ackermann/share/vesc_ackermann/package.sh'
[20.743s] INFO:colcon.colcon_core.shell:Creating package script '/home/f1/f1tenth_ws/install/vesc_ackermann/share/vesc_ackermann/package.bash'
[20.746s] INFO:colcon.colcon_core.shell:Creating package script '/home/f1/f1tenth_ws/install/vesc_ackermann/share/vesc_ackermann/package.zsh'
[20.748s] Level 1:colcon.colcon_core.environment:create_file_with_runtime_dependencies(/home/f1/f1tenth_ws/install/vesc_ackermann/share/colcon-core/packages/vesc_ackermann)
[20.752s] Level 1:colcon.colcon_core.environment:create_environment_scripts_only(vesc_ackermann)
[20.753s] Level 1:colcon.colcon_core.environment:checking '/home/f1/f1tenth_ws/install/vesc_ackermann' for CMake module files
[20.756s] Level 1:colcon.colcon_core.environment:checking '/home/f1/f1tenth_ws/install/vesc_ackermann' for CMake config files
[20.758s] Level 1:colcon.colcon_core.shell:create_environment_hook('vesc_ackermann', 'cmake_prefix_path')
[20.759s] INFO:colcon.colcon_core.shell:Creating environment hook '/home/f1/f1tenth_ws/install/vesc_ackermann/share/vesc_ackermann/hook/cmake_prefix_path.ps1'
[20.763s] INFO:colcon.colcon_core.shell:Creating environment descriptor '/home/f1/f1tenth_ws/install/vesc_ackermann/share/vesc_ackermann/hook/cmake_prefix_path.dsv'
[20.767s] INFO:colcon.colcon_core.shell:Creating environment hook '/home/f1/f1tenth_ws/install/vesc_ackermann/share/vesc_ackermann/hook/cmake_prefix_path.sh'
[20.771s] Level 1:colcon.colcon_core.environment:checking '/home/f1/f1tenth_ws/install/vesc_ackermann/lib'
[20.772s] Level 1:colcon.colcon_core.shell:create_environment_hook('vesc_ackermann', 'ld_library_path_lib')
[20.773s] INFO:colcon.colcon_core.shell:Creating environment hook '/home/f1/f1tenth_ws/install/vesc_ackermann/share/vesc_ackermann/hook/ld_library_path_lib.ps1'
[20.778s] INFO:colcon.colcon_core.shell:Creating environment descriptor '/home/f1/f1tenth_ws/install/vesc_ackermann/share/vesc_ackermann/hook/ld_library_path_lib.dsv'
[20.780s] INFO:colcon.colcon_core.shell:Creating environment hook '/home/f1/f1tenth_ws/install/vesc_ackermann/share/vesc_ackermann/hook/ld_library_path_lib.sh'
[20.783s] Level 1:colcon.colcon_core.environment:checking '/home/f1/f1tenth_ws/install/vesc_ackermann/bin'
[20.783s] Level 1:colcon.colcon_core.environment:checking '/home/f1/f1tenth_ws/install/vesc_ackermann/lib/pkgconfig/vesc_ackermann.pc'
[20.784s] Level 1:colcon.colcon_core.environment:checking '/home/f1/f1tenth_ws/install/vesc_ackermann/lib/python3.8/site-packages'
[20.785s] Level 1:colcon.colcon_core.environment:checking '/home/f1/f1tenth_ws/install/vesc_ackermann/bin'
[20.787s] INFO:colcon.colcon_core.shell:Creating package script '/home/f1/f1tenth_ws/install/vesc_ackermann/share/vesc_ackermann/package.ps1'
[20.793s] INFO:colcon.colcon_core.shell:Creating package descriptor '/home/f1/f1tenth_ws/install/vesc_ackermann/share/vesc_ackermann/package.dsv'
[20.796s] INFO:colcon.colcon_core.shell:Creating package script '/home/f1/f1tenth_ws/install/vesc_ackermann/share/vesc_ackermann/package.sh'
[20.799s] INFO:colcon.colcon_core.shell:Creating package script '/home/f1/f1tenth_ws/install/vesc_ackermann/share/vesc_ackermann/package.bash'
[20.801s] INFO:colcon.colcon_core.shell:Creating package script '/home/f1/f1tenth_ws/install/vesc_ackermann/share/vesc_ackermann/package.zsh'
[20.804s] Level 1:colcon.colcon_core.environment:create_file_with_runtime_dependencies(/home/f1/f1tenth_ws/install/vesc_ackermann/share/colcon-core/packages/vesc_ackermann)
[20.807s] INFO:colcon.colcon_ros.task.ament_cmake.build:Building ROS package in '/home/f1/f1tenth_ws/src/f1tenth_system/vesc/vesc' with build type 'ament_cmake'
[20.809s] INFO:colcon.colcon_cmake.task.cmake.build:Building CMake package in '/home/f1/f1tenth_ws/src/f1tenth_system/vesc/vesc'
[20.810s] INFO:colcon.colcon_core.shell:Skip shell extension 'powershell' for command environment: Not usable outside of PowerShell
[20.813s] DEBUG:colcon.colcon_core.shell:Skip shell extension 'dsv' for command environment
[20.987s] DEBUG:colcon.colcon_core.event_handler.log_command:Invoking command in '/home/f1/f1tenth_ws/build/vesc': CMAKE_PREFIX_PATH=/home/f1/f1tenth_ws/install/vesc_driver:/home/f1/f1tenth_ws/install/vesc_ackermann:/home/f1/f1tenth_ws/install/vesc_msgs:/home/f1/f1tenth_ws/install/f1tenth_slam_nav:/home/f1/f1tenth_ws/install/vesc:/home/f1/f1tenth_ws/install/teleop_tools:/home/f1/f1tenth_ws/install/teleop_tools_msgs:/home/f1/f1tenth_ws/install/real_pure_pursuit:/home/f1/f1tenth_ws/install/pure_pursuit:/home/f1/f1tenth_ws/install/path_planner:/home/f1/f1tenth_ws/install/path_follow:/home/f1/f1tenth_ws/install/lidar_processing:/home/f1/f1tenth_ws/install/center_follow_cpp:/home/f1/f1tenth_ws/install/ackermann_mux:/home/f1/f1tenth_ws/install/f1tenth_stack:/home/f1/f1tenth_ws/install/joy_teleop:/home/f1/f1tenth_ws/install/pygame_key_teleop:/home/f1/f1tenth_ws/install/mouse_teleop:/home/f1/f1tenth_ws/install/key_teleop:/home/f1/f1tenth_ws/install/f1tenth_path_planner:/opt/ros/foxy PYTHONPATH=/home/f1/f1tenth_ws/install/vesc_msgs/lib/python3.8/site-packages:/home/f1/f1tenth_ws/install/f1tenth_slam_nav/lib/python3.8/site-packages:/home/f1/f1tenth_ws/build/f1tenth_stack:/home/f1/f1tenth_ws/install/f1tenth_stack/lib/python3.8/site-packages:/home/f1/f1tenth_ws/build/joy_teleop:/home/f1/f1tenth_ws/install/joy_teleop/lib/python3.8/site-packages:/home/f1/f1tenth_ws/install/teleop_tools_msgs/lib/python3.8/site-packages:/home/f1/f1tenth_ws/build/pygame_key_teleop:/home/f1/f1tenth_ws/install/pygame_key_teleop/lib/python3.8/site-packages:/home/f1/f1tenth_ws/build/mouse_teleop:/home/f1/f1tenth_ws/install/mouse_teleop/lib/python3.8/site-packages:/home/f1/f1tenth_ws/build/key_teleop:/home/f1/f1tenth_ws/install/key_teleop/lib/python3.8/site-packages:/home/f1/f1tenth_ws/install/f1tenth_path_planner/lib/python3.8/site-packages:/opt/ros/foxy/lib/python3.8/site-packages /usr/bin/cmake --build /home/f1/f1tenth_ws/build/vesc -- -j6 -l6
[21.252s] DEBUG:colcon.colcon_core.event_handler.log_command:Invoked command in '/home/f1/f1tenth_ws/build/vesc' returned '0': CMAKE_PREFIX_PATH=/home/f1/f1tenth_ws/install/vesc_driver:/home/f1/f1tenth_ws/install/vesc_ackermann:/home/f1/f1tenth_ws/install/vesc_msgs:/home/f1/f1tenth_ws/install/f1tenth_slam_nav:/home/f1/f1tenth_ws/install/vesc:/home/f1/f1tenth_ws/install/teleop_tools:/home/f1/f1tenth_ws/install/teleop_tools_msgs:/home/f1/f1tenth_ws/install/real_pure_pursuit:/home/f1/f1tenth_ws/install/pure_pursuit:/home/f1/f1tenth_ws/install/path_planner:/home/f1/f1tenth_ws/install/path_follow:/home/f1/f1tenth_ws/install/lidar_processing:/home/f1/f1tenth_ws/install/center_follow_cpp:/home/f1/f1tenth_ws/install/ackermann_mux:/home/f1/f1tenth_ws/install/f1tenth_stack:/home/f1/f1tenth_ws/install/joy_teleop:/home/f1/f1tenth_ws/install/pygame_key_teleop:/home/f1/f1tenth_ws/install/mouse_teleop:/home/f1/f1tenth_ws/install/key_teleop:/home/f1/f1tenth_ws/install/f1tenth_path_planner:/opt/ros/foxy PYTHONPATH=/home/f1/f1tenth_ws/install/vesc_msgs/lib/python3.8/site-packages:/home/f1/f1tenth_ws/install/f1tenth_slam_nav/lib/python3.8/site-packages:/home/f1/f1tenth_ws/build/f1tenth_stack:/home/f1/f1tenth_ws/install/f1tenth_stack/lib/python3.8/site-packages:/home/f1/f1tenth_ws/build/joy_teleop:/home/f1/f1tenth_ws/install/joy_teleop/lib/python3.8/site-packages:/home/f1/f1tenth_ws/install/teleop_tools_msgs/lib/python3.8/site-packages:/home/f1/f1tenth_ws/build/pygame_key_teleop:/home/f1/f1tenth_ws/install/pygame_key_teleop/lib/python3.8/site-packages:/home/f1/f1tenth_ws/build/mouse_teleop:/home/f1/f1tenth_ws/install/mouse_teleop/lib/python3.8/site-packages:/home/f1/f1tenth_ws/build/key_teleop:/home/f1/f1tenth_ws/install/key_teleop/lib/python3.8/site-packages:/home/f1/f1tenth_ws/install/f1tenth_path_planner/lib/python3.8/site-packages:/opt/ros/foxy/lib/python3.8/site-packages /usr/bin/cmake --build /home/f1/f1tenth_ws/build/vesc -- -j6 -l6
[21.273s] DEBUG:colcon.colcon_core.event_handler.log_command:Invoking command in '/home/f1/f1tenth_ws/build/vesc': CMAKE_PREFIX_PATH=/home/f1/f1tenth_ws/install/vesc_driver:/home/f1/f1tenth_ws/install/vesc_ackermann:/home/f1/f1tenth_ws/install/vesc_msgs:/home/f1/f1tenth_ws/install/f1tenth_slam_nav:/home/f1/f1tenth_ws/install/vesc:/home/f1/f1tenth_ws/install/teleop_tools:/home/f1/f1tenth_ws/install/teleop_tools_msgs:/home/f1/f1tenth_ws/install/real_pure_pursuit:/home/f1/f1tenth_ws/install/pure_pursuit:/home/f1/f1tenth_ws/install/path_planner:/home/f1/f1tenth_ws/install/path_follow:/home/f1/f1tenth_ws/install/lidar_processing:/home/f1/f1tenth_ws/install/center_follow_cpp:/home/f1/f1tenth_ws/install/ackermann_mux:/home/f1/f1tenth_ws/install/f1tenth_stack:/home/f1/f1tenth_ws/install/joy_teleop:/home/f1/f1tenth_ws/install/pygame_key_teleop:/home/f1/f1tenth_ws/install/mouse_teleop:/home/f1/f1tenth_ws/install/key_teleop:/home/f1/f1tenth_ws/install/f1tenth_path_planner:/opt/ros/foxy PYTHONPATH=/home/f1/f1tenth_ws/install/vesc_msgs/lib/python3.8/site-packages:/home/f1/f1tenth_ws/install/f1tenth_slam_nav/lib/python3.8/site-packages:/home/f1/f1tenth_ws/build/f1tenth_stack:/home/f1/f1tenth_ws/install/f1tenth_stack/lib/python3.8/site-packages:/home/f1/f1tenth_ws/build/joy_teleop:/home/f1/f1tenth_ws/install/joy_teleop/lib/python3.8/site-packages:/home/f1/f1tenth_ws/install/teleop_tools_msgs/lib/python3.8/site-packages:/home/f1/f1tenth_ws/build/pygame_key_teleop:/home/f1/f1tenth_ws/install/pygame_key_teleop/lib/python3.8/site-packages:/home/f1/f1tenth_ws/build/mouse_teleop:/home/f1/f1tenth_ws/install/mouse_teleop/lib/python3.8/site-packages:/home/f1/f1tenth_ws/build/key_teleop:/home/f1/f1tenth_ws/install/key_teleop/lib/python3.8/site-packages:/home/f1/f1tenth_ws/install/f1tenth_path_planner/lib/python3.8/site-packages:/opt/ros/foxy/lib/python3.8/site-packages /usr/bin/cmake --install /home/f1/f1tenth_ws/build/vesc
[21.409s] Level 1:colcon.colcon_core.environment:create_environment_scripts_only(vesc)
[21.412s] Level 1:colcon.colcon_core.environment:checking '/home/f1/f1tenth_ws/install/vesc' for CMake module files
[21.417s] DEBUG:colcon.colcon_core.event_handler.log_command:Invoked command in '/home/f1/f1tenth_ws/build/vesc' returned '0': CMAKE_PREFIX_PATH=/home/f1/f1tenth_ws/install/vesc_driver:/home/f1/f1tenth_ws/install/vesc_ackermann:/home/f1/f1tenth_ws/install/vesc_msgs:/home/f1/f1tenth_ws/install/f1tenth_slam_nav:/home/f1/f1tenth_ws/install/vesc:/home/f1/f1tenth_ws/install/teleop_tools:/home/f1/f1tenth_ws/install/teleop_tools_msgs:/home/f1/f1tenth_ws/install/real_pure_pursuit:/home/f1/f1tenth_ws/install/pure_pursuit:/home/f1/f1tenth_ws/install/path_planner:/home/f1/f1tenth_ws/install/path_follow:/home/f1/f1tenth_ws/install/lidar_processing:/home/f1/f1tenth_ws/install/center_follow_cpp:/home/f1/f1tenth_ws/install/ackermann_mux:/home/f1/f1tenth_ws/install/f1tenth_stack:/home/f1/f1tenth_ws/install/joy_teleop:/home/f1/f1tenth_ws/install/pygame_key_teleop:/home/f1/f1tenth_ws/install/mouse_teleop:/home/f1/f1tenth_ws/install/key_teleop:/home/f1/f1tenth_ws/install/f1tenth_path_planner:/opt/ros/foxy PYTHONPATH=/home/f1/f1tenth_ws/install/vesc_msgs/lib/python3.8/site-packages:/home/f1/f1tenth_ws/install/f1tenth_slam_nav/lib/python3.8/site-packages:/home/f1/f1tenth_ws/build/f1tenth_stack:/home/f1/f1tenth_ws/install/f1tenth_stack/lib/python3.8/site-packages:/home/f1/f1tenth_ws/build/joy_teleop:/home/f1/f1tenth_ws/install/joy_teleop/lib/python3.8/site-packages:/home/f1/f1tenth_ws/install/teleop_tools_msgs/lib/python3.8/site-packages:/home/f1/f1tenth_ws/build/pygame_key_teleop:/home/f1/f1tenth_ws/install/pygame_key_teleop/lib/python3.8/site-packages:/home/f1/f1tenth_ws/build/mouse_teleop:/home/f1/f1tenth_ws/install/mouse_teleop/lib/python3.8/site-packages:/home/f1/f1tenth_ws/build/key_teleop:/home/f1/f1tenth_ws/install/key_teleop/lib/python3.8/site-packages:/home/f1/f1tenth_ws/install/f1tenth_path_planner/lib/python3.8/site-packages:/opt/ros/foxy/lib/python3.8/site-packages /usr/bin/cmake --install /home/f1/f1tenth_ws/build/vesc
[21.426s] Level 1:colcon.colcon_core.environment:checking '/home/f1/f1tenth_ws/install/vesc' for CMake config files
[21.429s] Level 1:colcon.colcon_core.shell:create_environment_hook('vesc', 'cmake_prefix_path')
[21.431s] INFO:colcon.colcon_core.shell:Creating environment hook '/home/f1/f1tenth_ws/install/vesc/share/vesc/hook/cmake_prefix_path.ps1'
[21.436s] INFO:colcon.colcon_core.shell:Creating environment descriptor '/home/f1/f1tenth_ws/install/vesc/share/vesc/hook/cmake_prefix_path.dsv'
[21.446s] INFO:colcon.colcon_core.shell:Creating environment hook '/home/f1/f1tenth_ws/install/vesc/share/vesc/hook/cmake_prefix_path.sh'
[21.454s] Level 1:colcon.colcon_core.environment:checking '/home/f1/f1tenth_ws/install/vesc/bin'
[21.454s] Level 1:colcon.colcon_core.environment:checking '/home/f1/f1tenth_ws/install/vesc/lib/pkgconfig/vesc.pc'
[21.456s] Level 1:colcon.colcon_core.environment:checking '/home/f1/f1tenth_ws/install/vesc/lib/python3.8/site-packages'
[21.457s] Level 1:colcon.colcon_core.environment:checking '/home/f1/f1tenth_ws/install/vesc/bin'
[21.459s] INFO:colcon.colcon_core.shell:Creating package script '/home/f1/f1tenth_ws/install/vesc/share/vesc/package.ps1'
[21.466s] INFO:colcon.colcon_core.shell:Creating package descriptor '/home/f1/f1tenth_ws/install/vesc/share/vesc/package.dsv'
[21.470s] INFO:colcon.colcon_core.shell:Creating package script '/home/f1/f1tenth_ws/install/vesc/share/vesc/package.sh'
[21.474s] INFO:colcon.colcon_core.shell:Creating package script '/home/f1/f1tenth_ws/install/vesc/share/vesc/package.bash'
[21.481s] INFO:colcon.colcon_core.shell:Creating package script '/home/f1/f1tenth_ws/install/vesc/share/vesc/package.zsh'
[21.485s] Level 1:colcon.colcon_core.environment:create_file_with_runtime_dependencies(/home/f1/f1tenth_ws/install/vesc/share/colcon-core/packages/vesc)
[21.490s] Level 1:colcon.colcon_core.environment:create_environment_scripts_only(vesc)
[21.491s] Level 1:colcon.colcon_core.environment:checking '/home/f1/f1tenth_ws/install/vesc' for CMake module files
[21.494s] Level 1:colcon.colcon_core.environment:checking '/home/f1/f1tenth_ws/install/vesc' for CMake config files
[21.496s] Level 1:colcon.colcon_core.shell:create_environment_hook('vesc', 'cmake_prefix_path')
[21.497s] INFO:colcon.colcon_core.shell:Creating environment hook '/home/f1/f1tenth_ws/install/vesc/share/vesc/hook/cmake_prefix_path.ps1'
[21.500s] INFO:colcon.colcon_core.shell:Creating environment descriptor '/home/f1/f1tenth_ws/install/vesc/share/vesc/hook/cmake_prefix_path.dsv'
[21.502s] INFO:colcon.colcon_core.shell:Creating environment hook '/home/f1/f1tenth_ws/install/vesc/share/vesc/hook/cmake_prefix_path.sh'
[21.507s] Level 1:colcon.colcon_core.environment:checking '/home/f1/f1tenth_ws/install/vesc/bin'
[21.507s] Level 1:colcon.colcon_core.environment:checking '/home/f1/f1tenth_ws/install/vesc/lib/pkgconfig/vesc.pc'
[21.508s] Level 1:colcon.colcon_core.environment:checking '/home/f1/f1tenth_ws/install/vesc/lib/python3.8/site-packages'
[21.509s] Level 1:colcon.colcon_core.environment:checking '/home/f1/f1tenth_ws/install/vesc/bin'
[21.511s] INFO:colcon.colcon_core.shell:Creating package script '/home/f1/f1tenth_ws/install/vesc/share/vesc/package.ps1'
[21.514s] INFO:colcon.colcon_core.shell:Creating package descriptor '/home/f1/f1tenth_ws/install/vesc/share/vesc/package.dsv'
[21.518s] INFO:colcon.colcon_core.shell:Creating package script '/home/f1/f1tenth_ws/install/vesc/share/vesc/package.sh'
[21.521s] INFO:colcon.colcon_core.shell:Creating package script '/home/f1/f1tenth_ws/install/vesc/share/vesc/package.bash'
[21.524s] INFO:colcon.colcon_core.shell:Creating package script '/home/f1/f1tenth_ws/install/vesc/share/vesc/package.zsh'
[21.527s] Level 1:colcon.colcon_core.environment:create_file_with_runtime_dependencies(/home/f1/f1tenth_ws/install/vesc/share/colcon-core/packages/vesc)
[21.530s] INFO:colcon.colcon_ros.task.ament_python.build:Building ROS package in '/home/f1/f1tenth_ws/src/f1tenth_system/f1tenth_stack' with build type 'ament_python'
[21.531s] Level 1:colcon.colcon_core.shell:create_environment_hook('f1tenth_stack', 'ament_prefix_path')
[21.533s] INFO:colcon.colcon_core.shell:Creating environment hook '/home/f1/f1tenth_ws/install/f1tenth_stack/share/f1tenth_stack/hook/ament_prefix_path.ps1'
[21.540s] INFO:colcon.colcon_core.shell:Creating environment descriptor '/home/f1/f1tenth_ws/install/f1tenth_stack/share/f1tenth_stack/hook/ament_prefix_path.dsv'
[21.545s] INFO:colcon.colcon_core.shell:Creating environment hook '/home/f1/f1tenth_ws/install/f1tenth_stack/share/f1tenth_stack/hook/ament_prefix_path.sh'
[21.550s] INFO:colcon.colcon_core.shell:Skip shell extension 'powershell' for command environment: Not usable outside of PowerShell
[21.550s] DEBUG:colcon.colcon_core.shell:Skip shell extension 'dsv' for command environment
[21.603s] Level 1:colcon.colcon_core.shell:create_environment_hook('pygame_key_teleop', 'pythonpath_develop')
[21.608s] INFO:colcon.colcon_core.shell:Creating environment hook '/home/f1/f1tenth_ws/build/pygame_key_teleop/share/pygame_key_teleop/hook/pythonpath_develop.ps1'
[21.615s] DEBUG:colcon.colcon_core.event_handler.log_command:Invoked command in '/home/f1/f1tenth_ws/build/pygame_key_teleop' returned '0': PYTHONPATH=/home/f1/f1tenth_ws/build/pygame_key_teleop/prefix_override:/usr/lib/python3/dist-packages/colcon_core/task/python/colcon_distutils_commands:/home/f1/f1tenth_ws/install/pygame_key_teleop/lib/python3.8/site-packages:${PYTHONPATH} /usr/bin/python3 -W ignore:setup.py install is deprecated -W ignore:easy_install command is deprecated setup.py develop --editable --build-directory /home/f1/f1tenth_ws/build/pygame_key_teleop/build --no-deps symlink_data
[21.617s] INFO:colcon.colcon_core.shell:Creating environment descriptor '/home/f1/f1tenth_ws/build/pygame_key_teleop/share/pygame_key_teleop/hook/pythonpath_develop.dsv'
[21.620s] INFO:colcon.colcon_core.shell:Creating environment hook '/home/f1/f1tenth_ws/build/pygame_key_teleop/share/pygame_key_teleop/hook/pythonpath_develop.sh'
[21.624s] Level 1:colcon.colcon_core.environment:checking '/home/f1/f1tenth_ws/install/pygame_key_teleop' for CMake module files
[21.627s] Level 1:colcon.colcon_core.environment:checking '/home/f1/f1tenth_ws/install/pygame_key_teleop' for CMake config files
[21.631s] Level 1:colcon.colcon_core.environment:checking '/home/f1/f1tenth_ws/install/pygame_key_teleop/lib'
[21.631s] Level 1:colcon.colcon_core.environment:checking '/home/f1/f1tenth_ws/install/pygame_key_teleop/bin'
[21.632s] Level 1:colcon.colcon_core.environment:checking '/home/f1/f1tenth_ws/install/pygame_key_teleop/lib/pkgconfig/pygame_key_teleop.pc'
[21.633s] Level 1:colcon.colcon_core.environment:checking '/home/f1/f1tenth_ws/install/pygame_key_teleop/lib/python3.8/site-packages'
[21.634s] Level 1:colcon.colcon_core.shell:create_environment_hook('pygame_key_teleop', 'pythonpath')
[21.635s] INFO:colcon.colcon_core.shell:Creating environment hook '/home/f1/f1tenth_ws/install/pygame_key_teleop/share/pygame_key_teleop/hook/pythonpath.ps1'
[21.638s] INFO:colcon.colcon_core.shell:Creating environment descriptor '/home/f1/f1tenth_ws/install/pygame_key_teleop/share/pygame_key_teleop/hook/pythonpath.dsv'
[21.640s] INFO:colcon.colcon_core.shell:Creating environment hook '/home/f1/f1tenth_ws/install/pygame_key_teleop/share/pygame_key_teleop/hook/pythonpath.sh'
[21.643s] Level 1:colcon.colcon_core.environment:checking '/home/f1/f1tenth_ws/install/pygame_key_teleop/bin'
[21.644s] Level 1:colcon.colcon_core.environment:create_environment_scripts_only(pygame_key_teleop)
[21.646s] INFO:colcon.colcon_core.shell:Creating package script '/home/f1/f1tenth_ws/install/pygame_key_teleop/share/pygame_key_teleop/package.ps1'
[21.650s] INFO:colcon.colcon_core.shell:Creating package descriptor '/home/f1/f1tenth_ws/install/pygame_key_teleop/share/pygame_key_teleop/package.dsv'
[21.653s] INFO:colcon.colcon_core.shell:Creating package script '/home/f1/f1tenth_ws/install/pygame_key_teleop/share/pygame_key_teleop/package.sh'
[21.656s] INFO:colcon.colcon_core.shell:Creating package script '/home/f1/f1tenth_ws/install/pygame_key_teleop/share/pygame_key_teleop/package.bash'
[21.660s] INFO:colcon.colcon_core.shell:Creating package script '/home/f1/f1tenth_ws/install/pygame_key_teleop/share/pygame_key_teleop/package.zsh'
[21.663s] Level 1:colcon.colcon_core.environment:create_file_with_runtime_dependencies(/home/f1/f1tenth_ws/install/pygame_key_teleop/share/colcon-core/packages/pygame_key_teleop)
[23.178s] INFO:colcon.colcon_core.task.python.build:Building Python package in '/home/f1/f1tenth_ws/src/f1tenth_system/f1tenth_stack'
[23.183s] INFO:colcon.colcon_core.shell:Skip shell extension 'powershell' for command environment: Not usable outside of PowerShell
[23.184s] DEBUG:colcon.colcon_core.shell:Skip shell extension 'dsv' for command environment
[25.668s] DEBUG:colcon.colcon_core.event_handler.log_command:Invoking command in '/home/f1/f1tenth_ws/build/f1tenth_stack': AMENT_PREFIX_PATH=/home/f1/f1tenth_ws/install/joy_teleop:/home/f1/f1tenth_ws/install/f1tenth_slam_nav:/home/f1/f1tenth_ws/install/f1tenth_stack:/home/f1/f1tenth_ws/install/vesc:/home/f1/f1tenth_ws/install/vesc_driver:/home/f1/f1tenth_ws/install/vesc_ackermann:/home/f1/f1tenth_ws/install/vesc_msgs:/home/f1/f1tenth_ws/install/teleop_tools:/home/f1/f1tenth_ws/install/teleop_tools_msgs:/home/f1/f1tenth_ws/install/real_pure_pursuit:/home/f1/f1tenth_ws/install/pygame_key_teleop:/home/f1/f1tenth_ws/install/pure_pursuit:/home/f1/f1tenth_ws/install/path_planner:/home/f1/f1tenth_ws/install/path_follow:/home/f1/f1tenth_ws/install/mouse_teleop:/home/f1/f1tenth_ws/install/lidar_processing:/home/f1/f1tenth_ws/install/key_teleop:/home/f1/f1tenth_ws/install/f1tenth_path_planner:/home/f1/f1tenth_ws/install/center_follow_cpp:/home/f1/f1tenth_ws/install/ackermann_mux:/opt/ros/foxy CMAKE_PREFIX_PATH=/home/f1/f1tenth_ws/install/vesc:/home/f1/f1tenth_ws/install/vesc_driver:/home/f1/f1tenth_ws/install/vesc_ackermann:/home/f1/f1tenth_ws/install/vesc_msgs:/home/f1/f1tenth_ws/install/teleop_tools_msgs:/home/f1/f1tenth_ws/install/ackermann_mux:/home/f1/f1tenth_ws/install/f1tenth_slam_nav:/home/f1/f1tenth_ws/install/teleop_tools:/home/f1/f1tenth_ws/install/real_pure_pursuit:/home/f1/f1tenth_ws/install/pure_pursuit:/home/f1/f1tenth_ws/install/path_planner:/home/f1/f1tenth_ws/install/path_follow:/home/f1/f1tenth_ws/install/lidar_processing:/home/f1/f1tenth_ws/install/center_follow_cpp PYTHONPATH=/home/f1/f1tenth_ws/build/f1tenth_stack/prefix_override:/usr/lib/python3/dist-packages/colcon_core/task/python/colcon_distutils_commands:/home/f1/f1tenth_ws/install/f1tenth_stack/lib/python3.8/site-packages:/home/f1/f1tenth_ws/build/joy_teleop:/home/f1/f1tenth_ws/install/joy_teleop/lib/python3.8/site-packages:/home/f1/f1tenth_ws/install/vesc_msgs/lib/python3.8/site-packages:/home/f1/f1tenth_ws/install/teleop_tools_msgs/lib/python3.8/site-packages:/home/f1/f1tenth_ws/install/f1tenth_slam_nav/lib/python3.8/site-packages:/home/f1/f1tenth_ws/build/f1tenth_stack:/home/f1/f1tenth_ws/install/f1tenth_stack/lib/python3.8/site-packages:/home/f1/f1tenth_ws/build/pygame_key_teleop:/home/f1/f1tenth_ws/install/pygame_key_teleop/lib/python3.8/site-packages:/home/f1/f1tenth_ws/build/mouse_teleop:/home/f1/f1tenth_ws/install/mouse_teleop/lib/python3.8/site-packages:/home/f1/f1tenth_ws/build/key_teleop:/home/f1/f1tenth_ws/install/key_teleop/lib/python3.8/site-packages:/home/f1/f1tenth_ws/install/f1tenth_path_planner/lib/python3.8/site-packages:/opt/ros/foxy/lib/python3.8/site-packages /usr/bin/python3 -W ignore:setup.py install is deprecated -W ignore:easy_install command is deprecated setup.py develop --editable --build-directory /home/f1/f1tenth_ws/build/f1tenth_stack/build --no-deps symlink_data
[28.528s] Level 1:colcon.colcon_core.shell:create_environment_hook('f1tenth_stack', 'pythonpath_develop')
[28.532s] INFO:colcon.colcon_core.shell:Creating environment hook '/home/f1/f1tenth_ws/build/f1tenth_stack/share/f1tenth_stack/hook/pythonpath_develop.ps1'
[28.535s] DEBUG:colcon.colcon_core.event_handler.log_command:Invoked command in '/home/f1/f1tenth_ws/build/f1tenth_stack' returned '0': AMENT_PREFIX_PATH=/home/f1/f1tenth_ws/install/joy_teleop:/home/f1/f1tenth_ws/install/f1tenth_slam_nav:/home/f1/f1tenth_ws/install/f1tenth_stack:/home/f1/f1tenth_ws/install/vesc:/home/f1/f1tenth_ws/install/vesc_driver:/home/f1/f1tenth_ws/install/vesc_ackermann:/home/f1/f1tenth_ws/install/vesc_msgs:/home/f1/f1tenth_ws/install/teleop_tools:/home/f1/f1tenth_ws/install/teleop_tools_msgs:/home/f1/f1tenth_ws/install/real_pure_pursuit:/home/f1/f1tenth_ws/install/pygame_key_teleop:/home/f1/f1tenth_ws/install/pure_pursuit:/home/f1/f1tenth_ws/install/path_planner:/home/f1/f1tenth_ws/install/path_follow:/home/f1/f1tenth_ws/install/mouse_teleop:/home/f1/f1tenth_ws/install/lidar_processing:/home/f1/f1tenth_ws/install/key_teleop:/home/f1/f1tenth_ws/install/f1tenth_path_planner:/home/f1/f1tenth_ws/install/center_follow_cpp:/home/f1/f1tenth_ws/install/ackermann_mux:/opt/ros/foxy CMAKE_PREFIX_PATH=/home/f1/f1tenth_ws/install/vesc:/home/f1/f1tenth_ws/install/vesc_driver:/home/f1/f1tenth_ws/install/vesc_ackermann:/home/f1/f1tenth_ws/install/vesc_msgs:/home/f1/f1tenth_ws/install/teleop_tools_msgs:/home/f1/f1tenth_ws/install/ackermann_mux:/home/f1/f1tenth_ws/install/f1tenth_slam_nav:/home/f1/f1tenth_ws/install/teleop_tools:/home/f1/f1tenth_ws/install/real_pure_pursuit:/home/f1/f1tenth_ws/install/pure_pursuit:/home/f1/f1tenth_ws/install/path_planner:/home/f1/f1tenth_ws/install/path_follow:/home/f1/f1tenth_ws/install/lidar_processing:/home/f1/f1tenth_ws/install/center_follow_cpp PYTHONPATH=/home/f1/f1tenth_ws/build/f1tenth_stack/prefix_override:/usr/lib/python3/dist-packages/colcon_core/task/python/colcon_distutils_commands:/home/f1/f1tenth_ws/install/f1tenth_stack/lib/python3.8/site-packages:/home/f1/f1tenth_ws/build/joy_teleop:/home/f1/f1tenth_ws/install/joy_teleop/lib/python3.8/site-packages:/home/f1/f1tenth_ws/install/vesc_msgs/lib/python3.8/site-packages:/home/f1/f1tenth_ws/install/teleop_tools_msgs/lib/python3.8/site-packages:/home/f1/f1tenth_ws/install/f1tenth_slam_nav/lib/python3.8/site-packages:/home/f1/f1tenth_ws/build/f1tenth_stack:/home/f1/f1tenth_ws/install/f1tenth_stack/lib/python3.8/site-packages:/home/f1/f1tenth_ws/build/pygame_key_teleop:/home/f1/f1tenth_ws/install/pygame_key_teleop/lib/python3.8/site-packages:/home/f1/f1tenth_ws/build/mouse_teleop:/home/f1/f1tenth_ws/install/mouse_teleop/lib/python3.8/site-packages:/home/f1/f1tenth_ws/build/key_teleop:/home/f1/f1tenth_ws/install/key_teleop/lib/python3.8/site-packages:/home/f1/f1tenth_ws/install/f1tenth_path_planner/lib/python3.8/site-packages:/opt/ros/foxy/lib/python3.8/site-packages /usr/bin/python3 -W ignore:setup.py install is deprecated -W ignore:easy_install command is deprecated setup.py develop --editable --build-directory /home/f1/f1tenth_ws/build/f1tenth_stack/build --no-deps symlink_data
[28.539s] INFO:colcon.colcon_core.shell:Creating environment descriptor '/home/f1/f1tenth_ws/build/f1tenth_stack/share/f1tenth_stack/hook/pythonpath_develop.dsv'
[28.542s] INFO:colcon.colcon_core.shell:Creating environment hook '/home/f1/f1tenth_ws/build/f1tenth_stack/share/f1tenth_stack/hook/pythonpath_develop.sh'
[28.547s] Level 1:colcon.colcon_core.environment:checking '/home/f1/f1tenth_ws/install/f1tenth_stack' for CMake module files
[28.550s] Level 1:colcon.colcon_core.environment:checking '/home/f1/f1tenth_ws/install/f1tenth_stack' for CMake config files
[28.555s] Level 1:colcon.colcon_core.environment:checking '/home/f1/f1tenth_ws/install/f1tenth_stack/lib'
[28.556s] Level 1:colcon.colcon_core.environment:checking '/home/f1/f1tenth_ws/install/f1tenth_stack/bin'
[28.556s] Level 1:colcon.colcon_core.environment:checking '/home/f1/f1tenth_ws/install/f1tenth_stack/lib/pkgconfig/f1tenth_stack.pc'
[28.558s] Level 1:colcon.colcon_core.environment:checking '/home/f1/f1tenth_ws/install/f1tenth_stack/lib/python3.8/site-packages'
[28.558s] Level 1:colcon.colcon_core.shell:create_environment_hook('f1tenth_stack', 'pythonpath')
[28.559s] INFO:colcon.colcon_core.shell:Creating environment hook '/home/f1/f1tenth_ws/install/f1tenth_stack/share/f1tenth_stack/hook/pythonpath.ps1'
[28.562s] INFO:colcon.colcon_core.shell:Creating environment descriptor '/home/f1/f1tenth_ws/install/f1tenth_stack/share/f1tenth_stack/hook/pythonpath.dsv'
[28.564s] INFO:colcon.colcon_core.shell:Creating environment hook '/home/f1/f1tenth_ws/install/f1tenth_stack/share/f1tenth_stack/hook/pythonpath.sh'
[28.567s] Level 1:colcon.colcon_core.environment:checking '/home/f1/f1tenth_ws/install/f1tenth_stack/bin'
[28.567s] Level 1:colcon.colcon_core.environment:create_environment_scripts_only(f1tenth_stack)
[28.570s] INFO:colcon.colcon_core.shell:Creating package script '/home/f1/f1tenth_ws/install/f1tenth_stack/share/f1tenth_stack/package.ps1'
[28.573s] INFO:colcon.colcon_core.shell:Creating package descriptor '/home/f1/f1tenth_ws/install/f1tenth_stack/share/f1tenth_stack/package.dsv'
[28.576s] INFO:colcon.colcon_core.shell:Creating package script '/home/f1/f1tenth_ws/install/f1tenth_stack/share/f1tenth_stack/package.sh'
[28.579s] INFO:colcon.colcon_core.shell:Creating package script '/home/f1/f1tenth_ws/install/f1tenth_stack/share/f1tenth_stack/package.bash'
[28.581s] INFO:colcon.colcon_core.shell:Creating package script '/home/f1/f1tenth_ws/install/f1tenth_stack/share/f1tenth_stack/package.zsh'
[28.583s] Level 1:colcon.colcon_core.environment:create_file_with_runtime_dependencies(/home/f1/f1tenth_ws/install/f1tenth_stack/share/colcon-core/packages/f1tenth_stack)
[28.586s] INFO:colcon.colcon_ros.task.ament_cmake.build:Building ROS package in '/home/f1/f1tenth_ws/src/f1tenth_slam_nav' with build type 'ament_cmake'
[28.587s] INFO:colcon.colcon_cmake.task.cmake.build:Building CMake package in '/home/f1/f1tenth_ws/src/f1tenth_slam_nav'
[28.589s] INFO:colcon.colcon_core.shell:Skip shell extension 'powershell' for command environment: Not usable outside of PowerShell
[28.589s] DEBUG:colcon.colcon_core.shell:Skip shell extension 'dsv' for command environment
[28.800s] DEBUG:colcon.colcon_core.event_handler.log_command:Invoking command in '/home/f1/f1tenth_ws/build/f1tenth_slam_nav': AMENT_PREFIX_PATH=/home/f1/f1tenth_ws/install/f1tenth_stack:/home/f1/f1tenth_ws/install/joy_teleop:/home/f1/f1tenth_ws/install/f1tenth_slam_nav:/home/f1/f1tenth_ws/install/vesc:/home/f1/f1tenth_ws/install/vesc_driver:/home/f1/f1tenth_ws/install/vesc_ackermann:/home/f1/f1tenth_ws/install/vesc_msgs:/home/f1/f1tenth_ws/install/teleop_tools:/home/f1/f1tenth_ws/install/teleop_tools_msgs:/home/f1/f1tenth_ws/install/real_pure_pursuit:/home/f1/f1tenth_ws/install/pygame_key_teleop:/home/f1/f1tenth_ws/install/pure_pursuit:/home/f1/f1tenth_ws/install/path_planner:/home/f1/f1tenth_ws/install/path_follow:/home/f1/f1tenth_ws/install/mouse_teleop:/home/f1/f1tenth_ws/install/lidar_processing:/home/f1/f1tenth_ws/install/key_teleop:/home/f1/f1tenth_ws/install/f1tenth_path_planner:/home/f1/f1tenth_ws/install/center_follow_cpp:/home/f1/f1tenth_ws/install/ackermann_mux:/opt/ros/foxy CMAKE_PREFIX_PATH=/home/f1/f1tenth_ws/install/vesc:/home/f1/f1tenth_ws/install/vesc_driver:/home/f1/f1tenth_ws/install/vesc_ackermann:/home/f1/f1tenth_ws/install/vesc_msgs:/home/f1/f1tenth_ws/install/teleop_tools_msgs:/home/f1/f1tenth_ws/install/ackermann_mux:/home/f1/f1tenth_ws/install/f1tenth_slam_nav:/home/f1/f1tenth_ws/install/teleop_tools:/home/f1/f1tenth_ws/install/real_pure_pursuit:/home/f1/f1tenth_ws/install/pure_pursuit:/home/f1/f1tenth_ws/install/path_planner:/home/f1/f1tenth_ws/install/path_follow:/home/f1/f1tenth_ws/install/lidar_processing:/home/f1/f1tenth_ws/install/center_follow_cpp:/home/f1/f1tenth_ws/install/f1tenth_stack:/home/f1/f1tenth_ws/install/joy_teleop:/home/f1/f1tenth_ws/install/pygame_key_teleop:/home/f1/f1tenth_ws/install/mouse_teleop:/home/f1/f1tenth_ws/install/key_teleop:/home/f1/f1tenth_ws/install/f1tenth_path_planner:/opt/ros/foxy PYTHONPATH=/home/f1/f1tenth_ws/build/f1tenth_stack:/home/f1/f1tenth_ws/install/f1tenth_stack/lib/python3.8/site-packages:/home/f1/f1tenth_ws/build/joy_teleop:/home/f1/f1tenth_ws/install/joy_teleop/lib/python3.8/site-packages:/home/f1/f1tenth_ws/install/vesc_msgs/lib/python3.8/site-packages:/home/f1/f1tenth_ws/install/teleop_tools_msgs/lib/python3.8/site-packages:/home/f1/f1tenth_ws/install/f1tenth_slam_nav/lib/python3.8/site-packages:/home/f1/f1tenth_ws/build/pygame_key_teleop:/home/f1/f1tenth_ws/install/pygame_key_teleop/lib/python3.8/site-packages:/home/f1/f1tenth_ws/build/mouse_teleop:/home/f1/f1tenth_ws/install/mouse_teleop/lib/python3.8/site-packages:/home/f1/f1tenth_ws/build/key_teleop:/home/f1/f1tenth_ws/install/key_teleop/lib/python3.8/site-packages:/home/f1/f1tenth_ws/install/f1tenth_path_planner/lib/python3.8/site-packages:/opt/ros/foxy/lib/python3.8/site-packages /usr/bin/cmake --build /home/f1/f1tenth_ws/build/f1tenth_slam_nav -- -j6 -l6
[29.460s] DEBUG:colcon.colcon_core.event_handler.log_command:Invoked command in '/home/f1/f1tenth_ws/build/f1tenth_slam_nav' returned '0': AMENT_PREFIX_PATH=/home/f1/f1tenth_ws/install/f1tenth_stack:/home/f1/f1tenth_ws/install/joy_teleop:/home/f1/f1tenth_ws/install/f1tenth_slam_nav:/home/f1/f1tenth_ws/install/vesc:/home/f1/f1tenth_ws/install/vesc_driver:/home/f1/f1tenth_ws/install/vesc_ackermann:/home/f1/f1tenth_ws/install/vesc_msgs:/home/f1/f1tenth_ws/install/teleop_tools:/home/f1/f1tenth_ws/install/teleop_tools_msgs:/home/f1/f1tenth_ws/install/real_pure_pursuit:/home/f1/f1tenth_ws/install/pygame_key_teleop:/home/f1/f1tenth_ws/install/pure_pursuit:/home/f1/f1tenth_ws/install/path_planner:/home/f1/f1tenth_ws/install/path_follow:/home/f1/f1tenth_ws/install/mouse_teleop:/home/f1/f1tenth_ws/install/lidar_processing:/home/f1/f1tenth_ws/install/key_teleop:/home/f1/f1tenth_ws/install/f1tenth_path_planner:/home/f1/f1tenth_ws/install/center_follow_cpp:/home/f1/f1tenth_ws/install/ackermann_mux:/opt/ros/foxy CMAKE_PREFIX_PATH=/home/f1/f1tenth_ws/install/vesc:/home/f1/f1tenth_ws/install/vesc_driver:/home/f1/f1tenth_ws/install/vesc_ackermann:/home/f1/f1tenth_ws/install/vesc_msgs:/home/f1/f1tenth_ws/install/teleop_tools_msgs:/home/f1/f1tenth_ws/install/ackermann_mux:/home/f1/f1tenth_ws/install/f1tenth_slam_nav:/home/f1/f1tenth_ws/install/teleop_tools:/home/f1/f1tenth_ws/install/real_pure_pursuit:/home/f1/f1tenth_ws/install/pure_pursuit:/home/f1/f1tenth_ws/install/path_planner:/home/f1/f1tenth_ws/install/path_follow:/home/f1/f1tenth_ws/install/lidar_processing:/home/f1/f1tenth_ws/install/center_follow_cpp:/home/f1/f1tenth_ws/install/f1tenth_stack:/home/f1/f1tenth_ws/install/joy_teleop:/home/f1/f1tenth_ws/install/pygame_key_teleop:/home/f1/f1tenth_ws/install/mouse_teleop:/home/f1/f1tenth_ws/install/key_teleop:/home/f1/f1tenth_ws/install/f1tenth_path_planner:/opt/ros/foxy PYTHONPATH=/home/f1/f1tenth_ws/build/f1tenth_stack:/home/f1/f1tenth_ws/install/f1tenth_stack/lib/python3.8/site-packages:/home/f1/f1tenth_ws/build/joy_teleop:/home/f1/f1tenth_ws/install/joy_teleop/lib/python3.8/site-packages:/home/f1/f1tenth_ws/install/vesc_msgs/lib/python3.8/site-packages:/home/f1/f1tenth_ws/install/teleop_tools_msgs/lib/python3.8/site-packages:/home/f1/f1tenth_ws/install/f1tenth_slam_nav/lib/python3.8/site-packages:/home/f1/f1tenth_ws/build/pygame_key_teleop:/home/f1/f1tenth_ws/install/pygame_key_teleop/lib/python3.8/site-packages:/home/f1/f1tenth_ws/build/mouse_teleop:/home/f1/f1tenth_ws/install/mouse_teleop/lib/python3.8/site-packages:/home/f1/f1tenth_ws/build/key_teleop:/home/f1/f1tenth_ws/install/key_teleop/lib/python3.8/site-packages:/home/f1/f1tenth_ws/install/f1tenth_path_planner/lib/python3.8/site-packages:/opt/ros/foxy/lib/python3.8/site-packages /usr/bin/cmake --build /home/f1/f1tenth_ws/build/f1tenth_slam_nav -- -j6 -l6
[29.481s] DEBUG:colcon.colcon_core.event_handler.log_command:Invoking command in '/home/f1/f1tenth_ws/build/f1tenth_slam_nav': AMENT_PREFIX_PATH=/home/f1/f1tenth_ws/install/f1tenth_stack:/home/f1/f1tenth_ws/install/joy_teleop:/home/f1/f1tenth_ws/install/f1tenth_slam_nav:/home/f1/f1tenth_ws/install/vesc:/home/f1/f1tenth_ws/install/vesc_driver:/home/f1/f1tenth_ws/install/vesc_ackermann:/home/f1/f1tenth_ws/install/vesc_msgs:/home/f1/f1tenth_ws/install/teleop_tools:/home/f1/f1tenth_ws/install/teleop_tools_msgs:/home/f1/f1tenth_ws/install/real_pure_pursuit:/home/f1/f1tenth_ws/install/pygame_key_teleop:/home/f1/f1tenth_ws/install/pure_pursuit:/home/f1/f1tenth_ws/install/path_planner:/home/f1/f1tenth_ws/install/path_follow:/home/f1/f1tenth_ws/install/mouse_teleop:/home/f1/f1tenth_ws/install/lidar_processing:/home/f1/f1tenth_ws/install/key_teleop:/home/f1/f1tenth_ws/install/f1tenth_path_planner:/home/f1/f1tenth_ws/install/center_follow_cpp:/home/f1/f1tenth_ws/install/ackermann_mux:/opt/ros/foxy CMAKE_PREFIX_PATH=/home/f1/f1tenth_ws/install/vesc:/home/f1/f1tenth_ws/install/vesc_driver:/home/f1/f1tenth_ws/install/vesc_ackermann:/home/f1/f1tenth_ws/install/vesc_msgs:/home/f1/f1tenth_ws/install/teleop_tools_msgs:/home/f1/f1tenth_ws/install/ackermann_mux:/home/f1/f1tenth_ws/install/f1tenth_slam_nav:/home/f1/f1tenth_ws/install/teleop_tools:/home/f1/f1tenth_ws/install/real_pure_pursuit:/home/f1/f1tenth_ws/install/pure_pursuit:/home/f1/f1tenth_ws/install/path_planner:/home/f1/f1tenth_ws/install/path_follow:/home/f1/f1tenth_ws/install/lidar_processing:/home/f1/f1tenth_ws/install/center_follow_cpp:/home/f1/f1tenth_ws/install/f1tenth_stack:/home/f1/f1tenth_ws/install/joy_teleop:/home/f1/f1tenth_ws/install/pygame_key_teleop:/home/f1/f1tenth_ws/install/mouse_teleop:/home/f1/f1tenth_ws/install/key_teleop:/home/f1/f1tenth_ws/install/f1tenth_path_planner:/opt/ros/foxy PYTHONPATH=/home/f1/f1tenth_ws/build/f1tenth_stack:/home/f1/f1tenth_ws/install/f1tenth_stack/lib/python3.8/site-packages:/home/f1/f1tenth_ws/build/joy_teleop:/home/f1/f1tenth_ws/install/joy_teleop/lib/python3.8/site-packages:/home/f1/f1tenth_ws/install/vesc_msgs/lib/python3.8/site-packages:/home/f1/f1tenth_ws/install/teleop_tools_msgs/lib/python3.8/site-packages:/home/f1/f1tenth_ws/install/f1tenth_slam_nav/lib/python3.8/site-packages:/home/f1/f1tenth_ws/build/pygame_key_teleop:/home/f1/f1tenth_ws/install/pygame_key_teleop/lib/python3.8/site-packages:/home/f1/f1tenth_ws/build/mouse_teleop:/home/f1/f1tenth_ws/install/mouse_teleop/lib/python3.8/site-packages:/home/f1/f1tenth_ws/build/key_teleop:/home/f1/f1tenth_ws/install/key_teleop/lib/python3.8/site-packages:/home/f1/f1tenth_ws/install/f1tenth_path_planner/lib/python3.8/site-packages:/opt/ros/foxy/lib/python3.8/site-packages /usr/bin/cmake --install /home/f1/f1tenth_ws/build/f1tenth_slam_nav
[29.725s] Level 1:colcon.colcon_core.environment:create_environment_scripts_only(f1tenth_slam_nav)
[29.732s] Level 1:colcon.colcon_core.environment:checking '/home/f1/f1tenth_ws/install/f1tenth_slam_nav' for CMake module files
[29.736s] DEBUG:colcon.colcon_core.event_handler.log_command:Invoked command in '/home/f1/f1tenth_ws/build/f1tenth_slam_nav' returned '0': AMENT_PREFIX_PATH=/home/f1/f1tenth_ws/install/f1tenth_stack:/home/f1/f1tenth_ws/install/joy_teleop:/home/f1/f1tenth_ws/install/f1tenth_slam_nav:/home/f1/f1tenth_ws/install/vesc:/home/f1/f1tenth_ws/install/vesc_driver:/home/f1/f1tenth_ws/install/vesc_ackermann:/home/f1/f1tenth_ws/install/vesc_msgs:/home/f1/f1tenth_ws/install/teleop_tools:/home/f1/f1tenth_ws/install/teleop_tools_msgs:/home/f1/f1tenth_ws/install/real_pure_pursuit:/home/f1/f1tenth_ws/install/pygame_key_teleop:/home/f1/f1tenth_ws/install/pure_pursuit:/home/f1/f1tenth_ws/install/path_planner:/home/f1/f1tenth_ws/install/path_follow:/home/f1/f1tenth_ws/install/mouse_teleop:/home/f1/f1tenth_ws/install/lidar_processing:/home/f1/f1tenth_ws/install/key_teleop:/home/f1/f1tenth_ws/install/f1tenth_path_planner:/home/f1/f1tenth_ws/install/center_follow_cpp:/home/f1/f1tenth_ws/install/ackermann_mux:/opt/ros/foxy CMAKE_PREFIX_PATH=/home/f1/f1tenth_ws/install/vesc:/home/f1/f1tenth_ws/install/vesc_driver:/home/f1/f1tenth_ws/install/vesc_ackermann:/home/f1/f1tenth_ws/install/vesc_msgs:/home/f1/f1tenth_ws/install/teleop_tools_msgs:/home/f1/f1tenth_ws/install/ackermann_mux:/home/f1/f1tenth_ws/install/f1tenth_slam_nav:/home/f1/f1tenth_ws/install/teleop_tools:/home/f1/f1tenth_ws/install/real_pure_pursuit:/home/f1/f1tenth_ws/install/pure_pursuit:/home/f1/f1tenth_ws/install/path_planner:/home/f1/f1tenth_ws/install/path_follow:/home/f1/f1tenth_ws/install/lidar_processing:/home/f1/f1tenth_ws/install/center_follow_cpp:/home/f1/f1tenth_ws/install/f1tenth_stack:/home/f1/f1tenth_ws/install/joy_teleop:/home/f1/f1tenth_ws/install/pygame_key_teleop:/home/f1/f1tenth_ws/install/mouse_teleop:/home/f1/f1tenth_ws/install/key_teleop:/home/f1/f1tenth_ws/install/f1tenth_path_planner:/opt/ros/foxy PYTHONPATH=/home/f1/f1tenth_ws/build/f1tenth_stack:/home/f1/f1tenth_ws/install/f1tenth_stack/lib/python3.8/site-packages:/home/f1/f1tenth_ws/build/joy_teleop:/home/f1/f1tenth_ws/install/joy_teleop/lib/python3.8/site-packages:/home/f1/f1tenth_ws/install/vesc_msgs/lib/python3.8/site-packages:/home/f1/f1tenth_ws/install/teleop_tools_msgs/lib/python3.8/site-packages:/home/f1/f1tenth_ws/install/f1tenth_slam_nav/lib/python3.8/site-packages:/home/f1/f1tenth_ws/build/pygame_key_teleop:/home/f1/f1tenth_ws/install/pygame_key_teleop/lib/python3.8/site-packages:/home/f1/f1tenth_ws/build/mouse_teleop:/home/f1/f1tenth_ws/install/mouse_teleop/lib/python3.8/site-packages:/home/f1/f1tenth_ws/build/key_teleop:/home/f1/f1tenth_ws/install/key_teleop/lib/python3.8/site-packages:/home/f1/f1tenth_ws/install/f1tenth_path_planner/lib/python3.8/site-packages:/opt/ros/foxy/lib/python3.8/site-packages /usr/bin/cmake --install /home/f1/f1tenth_ws/build/f1tenth_slam_nav
[29.740s] Level 1:colcon.colcon_core.environment:checking '/home/f1/f1tenth_ws/install/f1tenth_slam_nav' for CMake config files
[29.743s] Level 1:colcon.colcon_core.shell:create_environment_hook('f1tenth_slam_nav', 'cmake_prefix_path')
[29.745s] INFO:colcon.colcon_core.shell:Creating environment hook '/home/f1/f1tenth_ws/install/f1tenth_slam_nav/share/f1tenth_slam_nav/hook/cmake_prefix_path.ps1'
[29.749s] INFO:colcon.colcon_core.shell:Creating environment descriptor '/home/f1/f1tenth_ws/install/f1tenth_slam_nav/share/f1tenth_slam_nav/hook/cmake_prefix_path.dsv'
[29.752s] INFO:colcon.colcon_core.shell:Creating environment hook '/home/f1/f1tenth_ws/install/f1tenth_slam_nav/share/f1tenth_slam_nav/hook/cmake_prefix_path.sh'
[29.756s] Level 1:colcon.colcon_core.environment:checking '/home/f1/f1tenth_ws/install/f1tenth_slam_nav/lib'
[29.757s] Level 1:colcon.colcon_core.environment:checking '/home/f1/f1tenth_ws/install/f1tenth_slam_nav/bin'
[29.757s] Level 1:colcon.colcon_core.environment:checking '/home/f1/f1tenth_ws/install/f1tenth_slam_nav/lib/pkgconfig/f1tenth_slam_nav.pc'
[29.759s] Level 1:colcon.colcon_core.environment:checking '/home/f1/f1tenth_ws/install/f1tenth_slam_nav/lib/python3.8/site-packages'
[29.759s] Level 1:colcon.colcon_core.shell:create_environment_hook('f1tenth_slam_nav', 'pythonpath')
[29.761s] INFO:colcon.colcon_core.shell:Creating environment hook '/home/f1/f1tenth_ws/install/f1tenth_slam_nav/share/f1tenth_slam_nav/hook/pythonpath.ps1'
[29.763s] INFO:colcon.colcon_core.shell:Creating environment descriptor '/home/f1/f1tenth_ws/install/f1tenth_slam_nav/share/f1tenth_slam_nav/hook/pythonpath.dsv'
[29.766s] INFO:colcon.colcon_core.shell:Creating environment hook '/home/f1/f1tenth_ws/install/f1tenth_slam_nav/share/f1tenth_slam_nav/hook/pythonpath.sh'
[29.768s] Level 1:colcon.colcon_core.environment:checking '/home/f1/f1tenth_ws/install/f1tenth_slam_nav/bin'
[29.770s] INFO:colcon.colcon_core.shell:Creating package script '/home/f1/f1tenth_ws/install/f1tenth_slam_nav/share/f1tenth_slam_nav/package.ps1'
[29.774s] INFO:colcon.colcon_core.shell:Creating package descriptor '/home/f1/f1tenth_ws/install/f1tenth_slam_nav/share/f1tenth_slam_nav/package.dsv'
[29.777s] INFO:colcon.colcon_core.shell:Creating package script '/home/f1/f1tenth_ws/install/f1tenth_slam_nav/share/f1tenth_slam_nav/package.sh'
[29.780s] INFO:colcon.colcon_core.shell:Creating package script '/home/f1/f1tenth_ws/install/f1tenth_slam_nav/share/f1tenth_slam_nav/package.bash'
[29.783s] INFO:colcon.colcon_core.shell:Creating package script '/home/f1/f1tenth_ws/install/f1tenth_slam_nav/share/f1tenth_slam_nav/package.zsh'
[29.785s] Level 1:colcon.colcon_core.environment:create_file_with_runtime_dependencies(/home/f1/f1tenth_ws/install/f1tenth_slam_nav/share/colcon-core/packages/f1tenth_slam_nav)
[29.789s] Level 1:colcon.colcon_core.environment:create_environment_scripts_only(f1tenth_slam_nav)
[29.790s] Level 1:colcon.colcon_core.environment:checking '/home/f1/f1tenth_ws/install/f1tenth_slam_nav' for CMake module files
[29.793s] Level 1:colcon.colcon_core.environment:checking '/home/f1/f1tenth_ws/install/f1tenth_slam_nav' for CMake config files
[29.795s] Level 1:colcon.colcon_core.shell:create_environment_hook('f1tenth_slam_nav', 'cmake_prefix_path')
[29.797s] INFO:colcon.colcon_core.shell:Creating environment hook '/home/f1/f1tenth_ws/install/f1tenth_slam_nav/share/f1tenth_slam_nav/hook/cmake_prefix_path.ps1'
[29.799s] INFO:colcon.colcon_core.shell:Creating environment descriptor '/home/f1/f1tenth_ws/install/f1tenth_slam_nav/share/f1tenth_slam_nav/hook/cmake_prefix_path.dsv'
[29.802s] INFO:colcon.colcon_core.shell:Creating environment hook '/home/f1/f1tenth_ws/install/f1tenth_slam_nav/share/f1tenth_slam_nav/hook/cmake_prefix_path.sh'
[29.805s] Level 1:colcon.colcon_core.environment:checking '/home/f1/f1tenth_ws/install/f1tenth_slam_nav/lib'
[29.805s] Level 1:colcon.colcon_core.environment:checking '/home/f1/f1tenth_ws/install/f1tenth_slam_nav/bin'
[29.806s] Level 1:colcon.colcon_core.environment:checking '/home/f1/f1tenth_ws/install/f1tenth_slam_nav/lib/pkgconfig/f1tenth_slam_nav.pc'
[29.806s] Level 1:colcon.colcon_core.environment:checking '/home/f1/f1tenth_ws/install/f1tenth_slam_nav/lib/python3.8/site-packages'
[29.807s] Level 1:colcon.colcon_core.shell:create_environment_hook('f1tenth_slam_nav', 'pythonpath')
[29.808s] INFO:colcon.colcon_core.shell:Creating environment hook '/home/f1/f1tenth_ws/install/f1tenth_slam_nav/share/f1tenth_slam_nav/hook/pythonpath.ps1'
[29.810s] INFO:colcon.colcon_core.shell:Creating environment descriptor '/home/f1/f1tenth_ws/install/f1tenth_slam_nav/share/f1tenth_slam_nav/hook/pythonpath.dsv'
[29.812s] INFO:colcon.colcon_core.shell:Creating environment hook '/home/f1/f1tenth_ws/install/f1tenth_slam_nav/share/f1tenth_slam_nav/hook/pythonpath.sh'
[29.816s] Level 1:colcon.colcon_core.environment:checking '/home/f1/f1tenth_ws/install/f1tenth_slam_nav/bin'
[29.818s] INFO:colcon.colcon_core.shell:Creating package script '/home/f1/f1tenth_ws/install/f1tenth_slam_nav/share/f1tenth_slam_nav/package.ps1'
[29.821s] INFO:colcon.colcon_core.shell:Creating package descriptor '/home/f1/f1tenth_ws/install/f1tenth_slam_nav/share/f1tenth_slam_nav/package.dsv'
[29.824s] INFO:colcon.colcon_core.shell:Creating package script '/home/f1/f1tenth_ws/install/f1tenth_slam_nav/share/f1tenth_slam_nav/package.sh'
[29.829s] INFO:colcon.colcon_core.shell:Creating package script '/home/f1/f1tenth_ws/install/f1tenth_slam_nav/share/f1tenth_slam_nav/package.bash'
[29.833s] INFO:colcon.colcon_core.shell:Creating package script '/home/f1/f1tenth_ws/install/f1tenth_slam_nav/share/f1tenth_slam_nav/package.zsh'
[29.836s] Level 1:colcon.colcon_core.environment:create_file_with_runtime_dependencies(/home/f1/f1tenth_ws/install/f1tenth_slam_nav/share/colcon-core/packages/f1tenth_slam_nav)
[29.841s] DEBUG:colcon.colcon_parallel_executor.executor.parallel:closing loop
[29.843s] DEBUG:colcon.colcon_parallel_executor.executor.parallel:loop closed
[29.844s] DEBUG:colcon.colcon_parallel_executor.executor.parallel:run_until_complete finished with '0'
[29.845s] DEBUG:colcon.colcon_core.event_reactor:joining thread
[29.883s] INFO:colcon.colcon_core.plugin_system:Skipping extension 'colcon_notification.desktop_notification.terminal_notifier': Not used on non-Darwin systems
[29.884s] INFO:colcon.colcon_core.plugin_system:Skipping extension 'colcon_notification.desktop_notification.win32': Not used on non-Windows systems
[29.884s] INFO:colcon.colcon_notification.desktop_notification:Sending desktop notification using 'notify2'
[29.998s] DEBUG:colcon.colcon_core.event_reactor:joined thread
[30.000s] INFO:colcon.colcon_core.shell:Creating prefix script '/home/f1/f1tenth_ws/install/local_setup.ps1'
[30.007s] INFO:colcon.colcon_core.shell:Creating prefix util module '/home/f1/f1tenth_ws/install/_local_setup_util_ps1.py'
[30.017s] INFO:colcon.colcon_core.shell:Creating prefix chain script '/home/f1/f1tenth_ws/install/setup.ps1'
[30.033s] INFO:colcon.colcon_core.shell:Creating prefix script '/home/f1/f1tenth_ws/install/local_setup.sh'
[30.036s] INFO:colcon.colcon_core.shell:Creating prefix util module '/home/f1/f1tenth_ws/install/_local_setup_util_sh.py'
[30.040s] INFO:colcon.colcon_core.shell:Creating prefix chain script '/home/f1/f1tenth_ws/install/setup.sh'
[30.053s] INFO:colcon.colcon_core.shell:Creating prefix script '/home/f1/f1tenth_ws/install/local_setup.bash'
[30.056s] INFO:colcon.colcon_core.shell:Creating prefix chain script '/home/f1/f1tenth_ws/install/setup.bash'
[30.068s] INFO:colcon.colcon_core.shell:Creating prefix script '/home/f1/f1tenth_ws/install/local_setup.zsh'
[30.071s] INFO:colcon.colcon_core.shell:Creating prefix chain script '/home/f1/f1tenth_ws/install/setup.zsh'
