[1.174s] DEBUG:colcon:Command line arguments: ['/usr/bin/colcon', 'build', '--packages-select', 'f1tenth_stack']
[1.174s] DEBUG:colcon:Parsed command line arguments: Namespace(allow_overriding=[], ament_cmake_args=None, base_paths=['.'], build_base='build', catkin_cmake_args=None, catkin_skip_building_tests=False, cmake_args=None, cmake_clean_cache=False, cmake_clean_first=False, cmake_force_configure=False, cmake_target=None, cmake_target_skip_unavailable=False, continue_on_error=False, event_handlers=None, executor='parallel', ignore_user_meta=False, install_base='install', log_base=None, log_level=None, main=<bound method BuildVerb.main of <colcon_core.verb.build.BuildVerb object at 0xffff90988100>>, merge_install=False, metas=['./colcon.meta'], mixin=None, mixin_files=None, mixin_verb=('build',), packages_above=None, packages_above_and_dependencies=None, packages_above_depth=None, packages_end=None, packages_ignore=None, packages_ignore_regex=None, packages_select=['f1tenth_stack'], packages_select_build_failed=False, packages_select_by_dep=None, packages_select_regex=None, packages_select_test_failures=False, packages_skip=None, packages_skip_build_finished=False, packages_skip_by_dep=None, packages_skip_regex=None, packages_skip_test_passed=False, packages_skip_up_to=None, packages_start=None, packages_up_to=None, packages_up_to_regex=None, parallel_workers=6, paths=None, symlink_install=False, test_result_base=None, verb_extension=<colcon_core.verb.build.BuildVerb object at 0xffff90988100>, verb_name='build', verb_parser=<colcon_mixin.mixin.mixin_argument.MixinArgumentDecorator object at 0xffff908445b0>)
[2.223s] Level 1:colcon.colcon_core.package_discovery:discover_packages(colcon_meta) check parameters
[2.224s] Level 1:colcon.colcon_core.package_discovery:discover_packages(recursive) check parameters
[2.225s] Level 1:colcon.colcon_core.package_discovery:discover_packages(ignore) check parameters
[2.225s] Level 1:colcon.colcon_core.package_discovery:discover_packages(path) check parameters
[2.225s] Level 1:colcon.colcon_core.package_discovery:discover_packages(colcon_meta) discover
[2.225s] Level 1:colcon.colcon_core.package_discovery:discover_packages(recursive) discover
[2.226s] INFO:colcon.colcon_core.package_discovery:Crawling recursively for packages in '/home/f1/f1tenth_ws'
[2.227s] Level 1:colcon.colcon_core.package_identification:_identify(.) by extensions ['ignore', 'ignore_ament_install']
[2.228s] Level 1:colcon.colcon_core.package_identification:_identify(.) by extension 'ignore'
[2.228s] Level 1:colcon.colcon_core.package_identification:_identify(.) by extension 'ignore_ament_install'
[2.229s] Level 1:colcon.colcon_core.package_identification:_identify(.) by extensions ['colcon_pkg']
[2.229s] Level 1:colcon.colcon_core.package_identification:_identify(.) by extension 'colcon_pkg'
[2.229s] Level 1:colcon.colcon_core.package_identification:_identify(.) by extensions ['colcon_meta']
[2.229s] Level 1:colcon.colcon_core.package_identification:_identify(.) by extension 'colcon_meta'
[2.230s] Level 1:colcon.colcon_core.package_identification:_identify(.) by extensions ['ros']
[2.230s] Level 1:colcon.colcon_core.package_identification:_identify(.) by extension 'ros'
[2.297s] Level 1:colcon.colcon_core.package_identification:_identify(.) by extensions ['cmake', 'python']
[2.297s] Level 1:colcon.colcon_core.package_identification:_identify(.) by extension 'cmake'
[2.298s] Level 1:colcon.colcon_core.package_identification:_identify(.) by extension 'python'
[2.298s] Level 1:colcon.colcon_core.package_identification:_identify(.) by extensions ['python_setup_py']
[2.298s] Level 1:colcon.colcon_core.package_identification:_identify(.) by extension 'python_setup_py'
[2.299s] Level 1:colcon.colcon_core.package_identification:_identify(bags) by extensions ['ignore', 'ignore_ament_install']
[2.299s] Level 1:colcon.colcon_core.package_identification:_identify(bags) by extension 'ignore'
[2.299s] Level 1:colcon.colcon_core.package_identification:_identify(bags) by extension 'ignore_ament_install'
[2.300s] Level 1:colcon.colcon_core.package_identification:_identify(bags) by extensions ['colcon_pkg']
[2.300s] Level 1:colcon.colcon_core.package_identification:_identify(bags) by extension 'colcon_pkg'
[2.300s] Level 1:colcon.colcon_core.package_identification:_identify(bags) by extensions ['colcon_meta']
[2.301s] Level 1:colcon.colcon_core.package_identification:_identify(bags) by extension 'colcon_meta'
[2.301s] Level 1:colcon.colcon_core.package_identification:_identify(bags) by extensions ['ros']
[2.301s] Level 1:colcon.colcon_core.package_identification:_identify(bags) by extension 'ros'
[2.302s] Level 1:colcon.colcon_core.package_identification:_identify(bags) by extensions ['cmake', 'python']
[2.302s] Level 1:colcon.colcon_core.package_identification:_identify(bags) by extension 'cmake'
[2.302s] Level 1:colcon.colcon_core.package_identification:_identify(bags) by extension 'python'
[2.302s] Level 1:colcon.colcon_core.package_identification:_identify(bags) by extensions ['python_setup_py']
[2.303s] Level 1:colcon.colcon_core.package_identification:_identify(bags) by extension 'python_setup_py'
[2.303s] Level 1:colcon.colcon_core.package_identification:_identify(bags/maps) by extensions ['ignore', 'ignore_ament_install']
[2.304s] Level 1:colcon.colcon_core.package_identification:_identify(bags/maps) by extension 'ignore'
[2.304s] Level 1:colcon.colcon_core.package_identification:_identify(bags/maps) by extension 'ignore_ament_install'
[2.305s] Level 1:colcon.colcon_core.package_identification:_identify(bags/maps) by extensions ['colcon_pkg']
[2.305s] Level 1:colcon.colcon_core.package_identification:_identify(bags/maps) by extension 'colcon_pkg'
[2.305s] Level 1:colcon.colcon_core.package_identification:_identify(bags/maps) by extensions ['colcon_meta']
[2.305s] Level 1:colcon.colcon_core.package_identification:_identify(bags/maps) by extension 'colcon_meta'
[2.306s] Level 1:colcon.colcon_core.package_identification:_identify(bags/maps) by extensions ['ros']
[2.306s] Level 1:colcon.colcon_core.package_identification:_identify(bags/maps) by extension 'ros'
[2.306s] Level 1:colcon.colcon_core.package_identification:_identify(bags/maps) by extensions ['cmake', 'python']
[2.306s] Level 1:colcon.colcon_core.package_identification:_identify(bags/maps) by extension 'cmake'
[2.307s] Level 1:colcon.colcon_core.package_identification:_identify(bags/maps) by extension 'python'
[2.307s] Level 1:colcon.colcon_core.package_identification:_identify(bags/maps) by extensions ['python_setup_py']
[2.307s] Level 1:colcon.colcon_core.package_identification:_identify(bags/maps) by extension 'python_setup_py'
[2.308s] Level 1:colcon.colcon_core.package_identification:_identify(bags/maps/my_carto_map) by extensions ['ignore', 'ignore_ament_install']
[2.309s] Level 1:colcon.colcon_core.package_identification:_identify(bags/maps/my_carto_map) by extension 'ignore'
[2.309s] Level 1:colcon.colcon_core.package_identification:_identify(bags/maps/my_carto_map) by extension 'ignore_ament_install'
[2.309s] Level 1:colcon.colcon_core.package_identification:_identify(bags/maps/my_carto_map) by extensions ['colcon_pkg']
[2.309s] Level 1:colcon.colcon_core.package_identification:_identify(bags/maps/my_carto_map) by extension 'colcon_pkg'
[2.310s] Level 1:colcon.colcon_core.package_identification:_identify(bags/maps/my_carto_map) by extensions ['colcon_meta']
[2.311s] Level 1:colcon.colcon_core.package_identification:_identify(bags/maps/my_carto_map) by extension 'colcon_meta'
[2.311s] Level 1:colcon.colcon_core.package_identification:_identify(bags/maps/my_carto_map) by extensions ['ros']
[2.311s] Level 1:colcon.colcon_core.package_identification:_identify(bags/maps/my_carto_map) by extension 'ros'
[2.312s] Level 1:colcon.colcon_core.package_identification:_identify(bags/maps/my_carto_map) by extensions ['cmake', 'python']
[2.312s] Level 1:colcon.colcon_core.package_identification:_identify(bags/maps/my_carto_map) by extension 'cmake'
[2.312s] Level 1:colcon.colcon_core.package_identification:_identify(bags/maps/my_carto_map) by extension 'python'
[2.313s] Level 1:colcon.colcon_core.package_identification:_identify(bags/maps/my_carto_map) by extensions ['python_setup_py']
[2.313s] Level 1:colcon.colcon_core.package_identification:_identify(bags/maps/my_carto_map) by extension 'python_setup_py'
[2.314s] Level 1:colcon.colcon_core.package_identification:_identify(bags/maps/with_jg) by extensions ['ignore', 'ignore_ament_install']
[2.314s] Level 1:colcon.colcon_core.package_identification:_identify(bags/maps/with_jg) by extension 'ignore'
[2.315s] Level 1:colcon.colcon_core.package_identification:_identify(bags/maps/with_jg) by extension 'ignore_ament_install'
[2.315s] Level 1:colcon.colcon_core.package_identification:_identify(bags/maps/with_jg) by extensions ['colcon_pkg']
[2.315s] Level 1:colcon.colcon_core.package_identification:_identify(bags/maps/with_jg) by extension 'colcon_pkg'
[2.315s] Level 1:colcon.colcon_core.package_identification:_identify(bags/maps/with_jg) by extensions ['colcon_meta']
[2.316s] Level 1:colcon.colcon_core.package_identification:_identify(bags/maps/with_jg) by extension 'colcon_meta'
[2.316s] Level 1:colcon.colcon_core.package_identification:_identify(bags/maps/with_jg) by extensions ['ros']
[2.316s] Level 1:colcon.colcon_core.package_identification:_identify(bags/maps/with_jg) by extension 'ros'
[2.317s] Level 1:colcon.colcon_core.package_identification:_identify(bags/maps/with_jg) by extensions ['cmake', 'python']
[2.317s] Level 1:colcon.colcon_core.package_identification:_identify(bags/maps/with_jg) by extension 'cmake'
[2.317s] Level 1:colcon.colcon_core.package_identification:_identify(bags/maps/with_jg) by extension 'python'
[2.318s] Level 1:colcon.colcon_core.package_identification:_identify(bags/maps/with_jg) by extensions ['python_setup_py']
[2.318s] Level 1:colcon.colcon_core.package_identification:_identify(bags/maps/with_jg) by extension 'python_setup_py'
[2.319s] Level 1:colcon.colcon_core.package_identification:_identify(build) by extensions ['ignore', 'ignore_ament_install']
[2.319s] Level 1:colcon.colcon_core.package_identification:_identify(build) by extension 'ignore'
[2.320s] Level 1:colcon.colcon_core.package_identification:_identify(build) ignored
[2.320s] Level 1:colcon.colcon_core.package_identification:_identify(config) by extensions ['ignore', 'ignore_ament_install']
[2.321s] Level 1:colcon.colcon_core.package_identification:_identify(config) by extension 'ignore'
[2.321s] Level 1:colcon.colcon_core.package_identification:_identify(config) by extension 'ignore_ament_install'
[2.321s] Level 1:colcon.colcon_core.package_identification:_identify(config) by extensions ['colcon_pkg']
[2.322s] Level 1:colcon.colcon_core.package_identification:_identify(config) by extension 'colcon_pkg'
[2.322s] Level 1:colcon.colcon_core.package_identification:_identify(config) by extensions ['colcon_meta']
[2.322s] Level 1:colcon.colcon_core.package_identification:_identify(config) by extension 'colcon_meta'
[2.322s] Level 1:colcon.colcon_core.package_identification:_identify(config) by extensions ['ros']
[2.323s] Level 1:colcon.colcon_core.package_identification:_identify(config) by extension 'ros'
[2.323s] Level 1:colcon.colcon_core.package_identification:_identify(config) by extensions ['cmake', 'python']
[2.323s] Level 1:colcon.colcon_core.package_identification:_identify(config) by extension 'cmake'
[2.324s] Level 1:colcon.colcon_core.package_identification:_identify(config) by extension 'python'
[2.324s] Level 1:colcon.colcon_core.package_identification:_identify(config) by extensions ['python_setup_py']
[2.324s] Level 1:colcon.colcon_core.package_identification:_identify(config) by extension 'python_setup_py'
[2.325s] Level 1:colcon.colcon_core.package_identification:_identify(install) by extensions ['ignore', 'ignore_ament_install']
[2.325s] Level 1:colcon.colcon_core.package_identification:_identify(install) by extension 'ignore'
[2.326s] Level 1:colcon.colcon_core.package_identification:_identify(install) ignored
[2.326s] Level 1:colcon.colcon_core.package_identification:_identify(joon_path_generate) by extensions ['ignore', 'ignore_ament_install']
[2.327s] Level 1:colcon.colcon_core.package_identification:_identify(joon_path_generate) by extension 'ignore'
[2.327s] Level 1:colcon.colcon_core.package_identification:_identify(joon_path_generate) by extension 'ignore_ament_install'
[2.327s] Level 1:colcon.colcon_core.package_identification:_identify(joon_path_generate) by extensions ['colcon_pkg']
[2.328s] Level 1:colcon.colcon_core.package_identification:_identify(joon_path_generate) by extension 'colcon_pkg'
[2.328s] Level 1:colcon.colcon_core.package_identification:_identify(joon_path_generate) by extensions ['colcon_meta']
[2.328s] Level 1:colcon.colcon_core.package_identification:_identify(joon_path_generate) by extension 'colcon_meta'
[2.328s] Level 1:colcon.colcon_core.package_identification:_identify(joon_path_generate) by extensions ['ros']
[2.328s] Level 1:colcon.colcon_core.package_identification:_identify(joon_path_generate) by extension 'ros'
[2.329s] Level 1:colcon.colcon_core.package_identification:_identify(joon_path_generate) by extensions ['cmake', 'python']
[2.329s] Level 1:colcon.colcon_core.package_identification:_identify(joon_path_generate) by extension 'cmake'
[2.329s] Level 1:colcon.colcon_core.package_identification:_identify(joon_path_generate) by extension 'python'
[2.330s] Level 1:colcon.colcon_core.package_identification:_identify(joon_path_generate) by extensions ['python_setup_py']
[2.330s] Level 1:colcon.colcon_core.package_identification:_identify(joon_path_generate) by extension 'python_setup_py'
[2.330s] Level 1:colcon.colcon_core.package_identification:_identify(joon_path_generate/etc) by extensions ['ignore', 'ignore_ament_install']
[2.331s] Level 1:colcon.colcon_core.package_identification:_identify(joon_path_generate/etc) by extension 'ignore'
[2.331s] Level 1:colcon.colcon_core.package_identification:_identify(joon_path_generate/etc) by extension 'ignore_ament_install'
[2.332s] Level 1:colcon.colcon_core.package_identification:_identify(joon_path_generate/etc) by extensions ['colcon_pkg']
[2.332s] Level 1:colcon.colcon_core.package_identification:_identify(joon_path_generate/etc) by extension 'colcon_pkg'
[2.332s] Level 1:colcon.colcon_core.package_identification:_identify(joon_path_generate/etc) by extensions ['colcon_meta']
[2.332s] Level 1:colcon.colcon_core.package_identification:_identify(joon_path_generate/etc) by extension 'colcon_meta'
[2.333s] Level 1:colcon.colcon_core.package_identification:_identify(joon_path_generate/etc) by extensions ['ros']
[2.333s] Level 1:colcon.colcon_core.package_identification:_identify(joon_path_generate/etc) by extension 'ros'
[2.333s] Level 1:colcon.colcon_core.package_identification:_identify(joon_path_generate/etc) by extensions ['cmake', 'python']
[2.333s] Level 1:colcon.colcon_core.package_identification:_identify(joon_path_generate/etc) by extension 'cmake'
[2.334s] Level 1:colcon.colcon_core.package_identification:_identify(joon_path_generate/etc) by extension 'python'
[2.334s] Level 1:colcon.colcon_core.package_identification:_identify(joon_path_generate/etc) by extensions ['python_setup_py']
[2.334s] Level 1:colcon.colcon_core.package_identification:_identify(joon_path_generate/etc) by extension 'python_setup_py'
[2.335s] Level 1:colcon.colcon_core.package_identification:_identify(joon_path_generate/etc/centerline) by extensions ['ignore', 'ignore_ament_install']
[2.335s] Level 1:colcon.colcon_core.package_identification:_identify(joon_path_generate/etc/centerline) by extension 'ignore'
[2.335s] Level 1:colcon.colcon_core.package_identification:_identify(joon_path_generate/etc/centerline) by extension 'ignore_ament_install'
[2.336s] Level 1:colcon.colcon_core.package_identification:_identify(joon_path_generate/etc/centerline) by extensions ['colcon_pkg']
[2.336s] Level 1:colcon.colcon_core.package_identification:_identify(joon_path_generate/etc/centerline) by extension 'colcon_pkg'
[2.336s] Level 1:colcon.colcon_core.package_identification:_identify(joon_path_generate/etc/centerline) by extensions ['colcon_meta']
[2.337s] Level 1:colcon.colcon_core.package_identification:_identify(joon_path_generate/etc/centerline) by extension 'colcon_meta'
[2.337s] Level 1:colcon.colcon_core.package_identification:_identify(joon_path_generate/etc/centerline) by extensions ['ros']
[2.337s] Level 1:colcon.colcon_core.package_identification:_identify(joon_path_generate/etc/centerline) by extension 'ros'
[2.338s] Level 1:colcon.colcon_core.package_identification:_identify(joon_path_generate/etc/centerline) by extensions ['cmake', 'python']
[2.338s] Level 1:colcon.colcon_core.package_identification:_identify(joon_path_generate/etc/centerline) by extension 'cmake'
[2.338s] Level 1:colcon.colcon_core.package_identification:_identify(joon_path_generate/etc/centerline) by extension 'python'
[2.338s] Level 1:colcon.colcon_core.package_identification:_identify(joon_path_generate/etc/centerline) by extensions ['python_setup_py']
[2.339s] Level 1:colcon.colcon_core.package_identification:_identify(joon_path_generate/etc/centerline) by extension 'python_setup_py'
[2.339s] Level 1:colcon.colcon_core.package_identification:_identify(joon_path_generate/etc/centerline_with_boundary) by extensions ['ignore', 'ignore_ament_install']
[2.340s] Level 1:colcon.colcon_core.package_identification:_identify(joon_path_generate/etc/centerline_with_boundary) by extension 'ignore'
[2.340s] Level 1:colcon.colcon_core.package_identification:_identify(joon_path_generate/etc/centerline_with_boundary) by extension 'ignore_ament_install'
[2.341s] Level 1:colcon.colcon_core.package_identification:_identify(joon_path_generate/etc/centerline_with_boundary) by extensions ['colcon_pkg']
[2.341s] Level 1:colcon.colcon_core.package_identification:_identify(joon_path_generate/etc/centerline_with_boundary) by extension 'colcon_pkg'
[2.341s] Level 1:colcon.colcon_core.package_identification:_identify(joon_path_generate/etc/centerline_with_boundary) by extensions ['colcon_meta']
[2.341s] Level 1:colcon.colcon_core.package_identification:_identify(joon_path_generate/etc/centerline_with_boundary) by extension 'colcon_meta'
[2.342s] Level 1:colcon.colcon_core.package_identification:_identify(joon_path_generate/etc/centerline_with_boundary) by extensions ['ros']
[2.342s] Level 1:colcon.colcon_core.package_identification:_identify(joon_path_generate/etc/centerline_with_boundary) by extension 'ros'
[2.342s] Level 1:colcon.colcon_core.package_identification:_identify(joon_path_generate/etc/centerline_with_boundary) by extensions ['cmake', 'python']
[2.342s] Level 1:colcon.colcon_core.package_identification:_identify(joon_path_generate/etc/centerline_with_boundary) by extension 'cmake'
[2.343s] Level 1:colcon.colcon_core.package_identification:_identify(joon_path_generate/etc/centerline_with_boundary) by extension 'python'
[2.343s] Level 1:colcon.colcon_core.package_identification:_identify(joon_path_generate/etc/centerline_with_boundary) by extensions ['python_setup_py']
[2.343s] Level 1:colcon.colcon_core.package_identification:_identify(joon_path_generate/etc/centerline_with_boundary) by extension 'python_setup_py'
[2.344s] Level 1:colcon.colcon_core.package_identification:_identify(joon_path_generate/etc/edt_results) by extensions ['ignore', 'ignore_ament_install']
[2.345s] Level 1:colcon.colcon_core.package_identification:_identify(joon_path_generate/etc/edt_results) by extension 'ignore'
[2.345s] Level 1:colcon.colcon_core.package_identification:_identify(joon_path_generate/etc/edt_results) by extension 'ignore_ament_install'
[2.345s] Level 1:colcon.colcon_core.package_identification:_identify(joon_path_generate/etc/edt_results) by extensions ['colcon_pkg']
[2.345s] Level 1:colcon.colcon_core.package_identification:_identify(joon_path_generate/etc/edt_results) by extension 'colcon_pkg'
[2.346s] Level 1:colcon.colcon_core.package_identification:_identify(joon_path_generate/etc/edt_results) by extensions ['colcon_meta']
[2.346s] Level 1:colcon.colcon_core.package_identification:_identify(joon_path_generate/etc/edt_results) by extension 'colcon_meta'
[2.346s] Level 1:colcon.colcon_core.package_identification:_identify(joon_path_generate/etc/edt_results) by extensions ['ros']
[2.346s] Level 1:colcon.colcon_core.package_identification:_identify(joon_path_generate/etc/edt_results) by extension 'ros'
[2.347s] Level 1:colcon.colcon_core.package_identification:_identify(joon_path_generate/etc/edt_results) by extensions ['cmake', 'python']
[2.347s] Level 1:colcon.colcon_core.package_identification:_identify(joon_path_generate/etc/edt_results) by extension 'cmake'
[2.347s] Level 1:colcon.colcon_core.package_identification:_identify(joon_path_generate/etc/edt_results) by extension 'python'
[2.348s] Level 1:colcon.colcon_core.package_identification:_identify(joon_path_generate/etc/edt_results) by extensions ['python_setup_py']
[2.348s] Level 1:colcon.colcon_core.package_identification:_identify(joon_path_generate/etc/edt_results) by extension 'python_setup_py'
[2.349s] Level 1:colcon.colcon_core.package_identification:_identify(joon_path_generate/etc/global_path) by extensions ['ignore', 'ignore_ament_install']
[2.349s] Level 1:colcon.colcon_core.package_identification:_identify(joon_path_generate/etc/global_path) by extension 'ignore'
[2.350s] Level 1:colcon.colcon_core.package_identification:_identify(joon_path_generate/etc/global_path) by extension 'ignore_ament_install'
[2.350s] Level 1:colcon.colcon_core.package_identification:_identify(joon_path_generate/etc/global_path) by extensions ['colcon_pkg']
[2.350s] Level 1:colcon.colcon_core.package_identification:_identify(joon_path_generate/etc/global_path) by extension 'colcon_pkg'
[2.350s] Level 1:colcon.colcon_core.package_identification:_identify(joon_path_generate/etc/global_path) by extensions ['colcon_meta']
[2.351s] Level 1:colcon.colcon_core.package_identification:_identify(joon_path_generate/etc/global_path) by extension 'colcon_meta'
[2.351s] Level 1:colcon.colcon_core.package_identification:_identify(joon_path_generate/etc/global_path) by extensions ['ros']
[2.351s] Level 1:colcon.colcon_core.package_identification:_identify(joon_path_generate/etc/global_path) by extension 'ros'
[2.352s] Level 1:colcon.colcon_core.package_identification:_identify(joon_path_generate/etc/global_path) by extensions ['cmake', 'python']
[2.352s] Level 1:colcon.colcon_core.package_identification:_identify(joon_path_generate/etc/global_path) by extension 'cmake'
[2.352s] Level 1:colcon.colcon_core.package_identification:_identify(joon_path_generate/etc/global_path) by extension 'python'
[2.353s] Level 1:colcon.colcon_core.package_identification:_identify(joon_path_generate/etc/global_path) by extensions ['python_setup_py']
[2.353s] Level 1:colcon.colcon_core.package_identification:_identify(joon_path_generate/etc/global_path) by extension 'python_setup_py'
[2.354s] Level 1:colcon.colcon_core.package_identification:_identify(joon_path_generate/final_centerline) by extensions ['ignore', 'ignore_ament_install']
[2.354s] Level 1:colcon.colcon_core.package_identification:_identify(joon_path_generate/final_centerline) by extension 'ignore'
[2.354s] Level 1:colcon.colcon_core.package_identification:_identify(joon_path_generate/final_centerline) by extension 'ignore_ament_install'
[2.355s] Level 1:colcon.colcon_core.package_identification:_identify(joon_path_generate/final_centerline) by extensions ['colcon_pkg']
[2.355s] Level 1:colcon.colcon_core.package_identification:_identify(joon_path_generate/final_centerline) by extension 'colcon_pkg'
[2.355s] Level 1:colcon.colcon_core.package_identification:_identify(joon_path_generate/final_centerline) by extensions ['colcon_meta']
[2.355s] Level 1:colcon.colcon_core.package_identification:_identify(joon_path_generate/final_centerline) by extension 'colcon_meta'
[2.356s] Level 1:colcon.colcon_core.package_identification:_identify(joon_path_generate/final_centerline) by extensions ['ros']
[2.356s] Level 1:colcon.colcon_core.package_identification:_identify(joon_path_generate/final_centerline) by extension 'ros'
[2.357s] Level 1:colcon.colcon_core.package_identification:_identify(joon_path_generate/final_centerline) by extensions ['cmake', 'python']
[2.357s] Level 1:colcon.colcon_core.package_identification:_identify(joon_path_generate/final_centerline) by extension 'cmake'
[2.357s] Level 1:colcon.colcon_core.package_identification:_identify(joon_path_generate/final_centerline) by extension 'python'
[2.358s] Level 1:colcon.colcon_core.package_identification:_identify(joon_path_generate/final_centerline) by extensions ['python_setup_py']
[2.358s] Level 1:colcon.colcon_core.package_identification:_identify(joon_path_generate/final_centerline) by extension 'python_setup_py'
[2.358s] Level 1:colcon.colcon_core.package_identification:_identify(joon_path_generate/final_centerline/output) by extensions ['ignore', 'ignore_ament_install']
[2.360s] Level 1:colcon.colcon_core.package_identification:_identify(joon_path_generate/final_centerline/output) by extension 'ignore'
[2.360s] Level 1:colcon.colcon_core.package_identification:_identify(joon_path_generate/final_centerline/output) by extension 'ignore_ament_install'
[2.361s] Level 1:colcon.colcon_core.package_identification:_identify(joon_path_generate/final_centerline/output) by extensions ['colcon_pkg']
[2.361s] Level 1:colcon.colcon_core.package_identification:_identify(joon_path_generate/final_centerline/output) by extension 'colcon_pkg'
[2.361s] Level 1:colcon.colcon_core.package_identification:_identify(joon_path_generate/final_centerline/output) by extensions ['colcon_meta']
[2.361s] Level 1:colcon.colcon_core.package_identification:_identify(joon_path_generate/final_centerline/output) by extension 'colcon_meta'
[2.362s] Level 1:colcon.colcon_core.package_identification:_identify(joon_path_generate/final_centerline/output) by extensions ['ros']
[2.362s] Level 1:colcon.colcon_core.package_identification:_identify(joon_path_generate/final_centerline/output) by extension 'ros'
[2.362s] Level 1:colcon.colcon_core.package_identification:_identify(joon_path_generate/final_centerline/output) by extensions ['cmake', 'python']
[2.362s] Level 1:colcon.colcon_core.package_identification:_identify(joon_path_generate/final_centerline/output) by extension 'cmake'
[2.363s] Level 1:colcon.colcon_core.package_identification:_identify(joon_path_generate/final_centerline/output) by extension 'python'
[2.363s] Level 1:colcon.colcon_core.package_identification:_identify(joon_path_generate/final_centerline/output) by extensions ['python_setup_py']
[2.363s] Level 1:colcon.colcon_core.package_identification:_identify(joon_path_generate/final_centerline/output) by extension 'python_setup_py'
[2.364s] Level 1:colcon.colcon_core.package_identification:_identify(joon_path_generate/final_centerline/src) by extensions ['ignore', 'ignore_ament_install']
[2.365s] Level 1:colcon.colcon_core.package_identification:_identify(joon_path_generate/final_centerline/src) by extension 'ignore'
[2.365s] Level 1:colcon.colcon_core.package_identification:_identify(joon_path_generate/final_centerline/src) by extension 'ignore_ament_install'
[2.365s] Level 1:colcon.colcon_core.package_identification:_identify(joon_path_generate/final_centerline/src) by extensions ['colcon_pkg']
[2.365s] Level 1:colcon.colcon_core.package_identification:_identify(joon_path_generate/final_centerline/src) by extension 'colcon_pkg'
[2.366s] Level 1:colcon.colcon_core.package_identification:_identify(joon_path_generate/final_centerline/src) by extensions ['colcon_meta']
[2.366s] Level 1:colcon.colcon_core.package_identification:_identify(joon_path_generate/final_centerline/src) by extension 'colcon_meta'
[2.366s] Level 1:colcon.colcon_core.package_identification:_identify(joon_path_generate/final_centerline/src) by extensions ['ros']
[2.366s] Level 1:colcon.colcon_core.package_identification:_identify(joon_path_generate/final_centerline/src) by extension 'ros'
[2.367s] Level 1:colcon.colcon_core.package_identification:_identify(joon_path_generate/final_centerline/src) by extensions ['cmake', 'python']
[2.367s] Level 1:colcon.colcon_core.package_identification:_identify(joon_path_generate/final_centerline/src) by extension 'cmake'
[2.367s] Level 1:colcon.colcon_core.package_identification:_identify(joon_path_generate/final_centerline/src) by extension 'python'
[2.368s] Level 1:colcon.colcon_core.package_identification:_identify(joon_path_generate/final_centerline/src) by extensions ['python_setup_py']
[2.368s] Level 1:colcon.colcon_core.package_identification:_identify(joon_path_generate/final_centerline/src) by extension 'python_setup_py'
[2.369s] Level 1:colcon.colcon_core.package_identification:_identify(joon_path_generate/final_centerline/src/__pycache__) by extensions ['ignore', 'ignore_ament_install']
[2.370s] Level 1:colcon.colcon_core.package_identification:_identify(joon_path_generate/final_centerline/src/__pycache__) by extension 'ignore'
[2.370s] Level 1:colcon.colcon_core.package_identification:_identify(joon_path_generate/final_centerline/src/__pycache__) by extension 'ignore_ament_install'
[2.370s] Level 1:colcon.colcon_core.package_identification:_identify(joon_path_generate/final_centerline/src/__pycache__) by extensions ['colcon_pkg']
[2.370s] Level 1:colcon.colcon_core.package_identification:_identify(joon_path_generate/final_centerline/src/__pycache__) by extension 'colcon_pkg'
[2.371s] Level 1:colcon.colcon_core.package_identification:_identify(joon_path_generate/final_centerline/src/__pycache__) by extensions ['colcon_meta']
[2.371s] Level 1:colcon.colcon_core.package_identification:_identify(joon_path_generate/final_centerline/src/__pycache__) by extension 'colcon_meta'
[2.371s] Level 1:colcon.colcon_core.package_identification:_identify(joon_path_generate/final_centerline/src/__pycache__) by extensions ['ros']
[2.372s] Level 1:colcon.colcon_core.package_identification:_identify(joon_path_generate/final_centerline/src/__pycache__) by extension 'ros'
[2.372s] Level 1:colcon.colcon_core.package_identification:_identify(joon_path_generate/final_centerline/src/__pycache__) by extensions ['cmake', 'python']
[2.372s] Level 1:colcon.colcon_core.package_identification:_identify(joon_path_generate/final_centerline/src/__pycache__) by extension 'cmake'
[2.373s] Level 1:colcon.colcon_core.package_identification:_identify(joon_path_generate/final_centerline/src/__pycache__) by extension 'python'
[2.373s] Level 1:colcon.colcon_core.package_identification:_identify(joon_path_generate/final_centerline/src/__pycache__) by extensions ['python_setup_py']
[2.373s] Level 1:colcon.colcon_core.package_identification:_identify(joon_path_generate/final_centerline/src/__pycache__) by extension 'python_setup_py'
[2.374s] Level 1:colcon.colcon_core.package_identification:_identify(joon_path_generate/final_steven_gong) by extensions ['ignore', 'ignore_ament_install']
[2.374s] Level 1:colcon.colcon_core.package_identification:_identify(joon_path_generate/final_steven_gong) by extension 'ignore'
[2.374s] Level 1:colcon.colcon_core.package_identification:_identify(joon_path_generate/final_steven_gong) by extension 'ignore_ament_install'
[2.375s] Level 1:colcon.colcon_core.package_identification:_identify(joon_path_generate/final_steven_gong) by extensions ['colcon_pkg']
[2.375s] Level 1:colcon.colcon_core.package_identification:_identify(joon_path_generate/final_steven_gong) by extension 'colcon_pkg'
[2.376s] Level 1:colcon.colcon_core.package_identification:_identify(joon_path_generate/final_steven_gong) by extensions ['colcon_meta']
[2.376s] Level 1:colcon.colcon_core.package_identification:_identify(joon_path_generate/final_steven_gong) by extension 'colcon_meta'
[2.376s] Level 1:colcon.colcon_core.package_identification:_identify(joon_path_generate/final_steven_gong) by extensions ['ros']
[2.376s] Level 1:colcon.colcon_core.package_identification:_identify(joon_path_generate/final_steven_gong) by extension 'ros'
[2.377s] Level 1:colcon.colcon_core.package_identification:_identify(joon_path_generate/final_steven_gong) by extensions ['cmake', 'python']
[2.377s] Level 1:colcon.colcon_core.package_identification:_identify(joon_path_generate/final_steven_gong) by extension 'cmake'
[2.377s] Level 1:colcon.colcon_core.package_identification:_identify(joon_path_generate/final_steven_gong) by extension 'python'
[2.379s] Level 1:colcon.colcon_core.package_identification:_identify(joon_path_generate/final_steven_gong) by extensions ['python_setup_py']
[2.379s] Level 1:colcon.colcon_core.package_identification:_identify(joon_path_generate/final_steven_gong) by extension 'python_setup_py'
[2.380s] Level 1:colcon.colcon_core.package_identification:_identify(joon_path_generate/final_steven_gong/Raceline-Optimization) by extensions ['ignore', 'ignore_ament_install']
[2.381s] Level 1:colcon.colcon_core.package_identification:_identify(joon_path_generate/final_steven_gong/Raceline-Optimization) by extension 'ignore'
[2.381s] Level 1:colcon.colcon_core.package_identification:_identify(joon_path_generate/final_steven_gong/Raceline-Optimization) by extension 'ignore_ament_install'
[2.381s] Level 1:colcon.colcon_core.package_identification:_identify(joon_path_generate/final_steven_gong/Raceline-Optimization) by extensions ['colcon_pkg']
[2.381s] Level 1:colcon.colcon_core.package_identification:_identify(joon_path_generate/final_steven_gong/Raceline-Optimization) by extension 'colcon_pkg'
[2.382s] Level 1:colcon.colcon_core.package_identification:_identify(joon_path_generate/final_steven_gong/Raceline-Optimization) by extensions ['colcon_meta']
[2.382s] Level 1:colcon.colcon_core.package_identification:_identify(joon_path_generate/final_steven_gong/Raceline-Optimization) by extension 'colcon_meta'
[2.382s] Level 1:colcon.colcon_core.package_identification:_identify(joon_path_generate/final_steven_gong/Raceline-Optimization) by extensions ['ros']
[2.382s] Level 1:colcon.colcon_core.package_identification:_identify(joon_path_generate/final_steven_gong/Raceline-Optimization) by extension 'ros'
[2.383s] Level 1:colcon.colcon_core.package_identification:_identify(joon_path_generate/final_steven_gong/Raceline-Optimization) by extensions ['cmake', 'python']
[2.383s] Level 1:colcon.colcon_core.package_identification:_identify(joon_path_generate/final_steven_gong/Raceline-Optimization) by extension 'cmake'
[2.383s] Level 1:colcon.colcon_core.package_identification:_identify(joon_path_generate/final_steven_gong/Raceline-Optimization) by extension 'python'
[2.384s] Level 1:colcon.colcon_core.package_identification:_identify(joon_path_generate/final_steven_gong/Raceline-Optimization) by extensions ['python_setup_py']
[2.384s] Level 1:colcon.colcon_core.package_identification:_identify(joon_path_generate/final_steven_gong/Raceline-Optimization) by extension 'python_setup_py'
[2.385s] Level 1:colcon.colcon_core.package_identification:_identify(joon_path_generate/final_steven_gong/Raceline-Optimization/frictionmap) by extensions ['ignore', 'ignore_ament_install']
[2.385s] Level 1:colcon.colcon_core.package_identification:_identify(joon_path_generate/final_steven_gong/Raceline-Optimization/frictionmap) by extension 'ignore'
[2.386s] Level 1:colcon.colcon_core.package_identification:_identify(joon_path_generate/final_steven_gong/Raceline-Optimization/frictionmap) by extension 'ignore_ament_install'
[2.386s] Level 1:colcon.colcon_core.package_identification:_identify(joon_path_generate/final_steven_gong/Raceline-Optimization/frictionmap) by extensions ['colcon_pkg']
[2.386s] Level 1:colcon.colcon_core.package_identification:_identify(joon_path_generate/final_steven_gong/Raceline-Optimization/frictionmap) by extension 'colcon_pkg'
[2.387s] Level 1:colcon.colcon_core.package_identification:_identify(joon_path_generate/final_steven_gong/Raceline-Optimization/frictionmap) by extensions ['colcon_meta']
[2.387s] Level 1:colcon.colcon_core.package_identification:_identify(joon_path_generate/final_steven_gong/Raceline-Optimization/frictionmap) by extension 'colcon_meta'
[2.387s] Level 1:colcon.colcon_core.package_identification:_identify(joon_path_generate/final_steven_gong/Raceline-Optimization/frictionmap) by extensions ['ros']
[2.387s] Level 1:colcon.colcon_core.package_identification:_identify(joon_path_generate/final_steven_gong/Raceline-Optimization/frictionmap) by extension 'ros'
[2.388s] Level 1:colcon.colcon_core.package_identification:_identify(joon_path_generate/final_steven_gong/Raceline-Optimization/frictionmap) by extensions ['cmake', 'python']
[2.388s] Level 1:colcon.colcon_core.package_identification:_identify(joon_path_generate/final_steven_gong/Raceline-Optimization/frictionmap) by extension 'cmake'
[2.388s] Level 1:colcon.colcon_core.package_identification:_identify(joon_path_generate/final_steven_gong/Raceline-Optimization/frictionmap) by extension 'python'
[2.389s] Level 1:colcon.colcon_core.package_identification:_identify(joon_path_generate/final_steven_gong/Raceline-Optimization/frictionmap) by extensions ['python_setup_py']
[2.389s] Level 1:colcon.colcon_core.package_identification:_identify(joon_path_generate/final_steven_gong/Raceline-Optimization/frictionmap) by extension 'python_setup_py'
[2.390s] Level 1:colcon.colcon_core.package_identification:_identify(joon_path_generate/final_steven_gong/Raceline-Optimization/frictionmap/src) by extensions ['ignore', 'ignore_ament_install']
[2.390s] Level 1:colcon.colcon_core.package_identification:_identify(joon_path_generate/final_steven_gong/Raceline-Optimization/frictionmap/src) by extension 'ignore'
[2.390s] Level 1:colcon.colcon_core.package_identification:_identify(joon_path_generate/final_steven_gong/Raceline-Optimization/frictionmap/src) by extension 'ignore_ament_install'
[2.391s] Level 1:colcon.colcon_core.package_identification:_identify(joon_path_generate/final_steven_gong/Raceline-Optimization/frictionmap/src) by extensions ['colcon_pkg']
[2.391s] Level 1:colcon.colcon_core.package_identification:_identify(joon_path_generate/final_steven_gong/Raceline-Optimization/frictionmap/src) by extension 'colcon_pkg'
[2.391s] Level 1:colcon.colcon_core.package_identification:_identify(joon_path_generate/final_steven_gong/Raceline-Optimization/frictionmap/src) by extensions ['colcon_meta']
[2.391s] Level 1:colcon.colcon_core.package_identification:_identify(joon_path_generate/final_steven_gong/Raceline-Optimization/frictionmap/src) by extension 'colcon_meta'
[2.392s] Level 1:colcon.colcon_core.package_identification:_identify(joon_path_generate/final_steven_gong/Raceline-Optimization/frictionmap/src) by extensions ['ros']
[2.392s] Level 1:colcon.colcon_core.package_identification:_identify(joon_path_generate/final_steven_gong/Raceline-Optimization/frictionmap/src) by extension 'ros'
[2.392s] Level 1:colcon.colcon_core.package_identification:_identify(joon_path_generate/final_steven_gong/Raceline-Optimization/frictionmap/src) by extensions ['cmake', 'python']
[2.393s] Level 1:colcon.colcon_core.package_identification:_identify(joon_path_generate/final_steven_gong/Raceline-Optimization/frictionmap/src) by extension 'cmake'
[2.393s] Level 1:colcon.colcon_core.package_identification:_identify(joon_path_generate/final_steven_gong/Raceline-Optimization/frictionmap/src) by extension 'python'
[2.393s] Level 1:colcon.colcon_core.package_identification:_identify(joon_path_generate/final_steven_gong/Raceline-Optimization/frictionmap/src) by extensions ['python_setup_py']
[2.393s] Level 1:colcon.colcon_core.package_identification:_identify(joon_path_generate/final_steven_gong/Raceline-Optimization/frictionmap/src) by extension 'python_setup_py'
[2.394s] Level 1:colcon.colcon_core.package_identification:_identify(joon_path_generate/final_steven_gong/Raceline-Optimization/helper_funcs_glob) by extensions ['ignore', 'ignore_ament_install']
[2.395s] Level 1:colcon.colcon_core.package_identification:_identify(joon_path_generate/final_steven_gong/Raceline-Optimization/helper_funcs_glob) by extension 'ignore'
[2.395s] Level 1:colcon.colcon_core.package_identification:_identify(joon_path_generate/final_steven_gong/Raceline-Optimization/helper_funcs_glob) by extension 'ignore_ament_install'
[2.395s] Level 1:colcon.colcon_core.package_identification:_identify(joon_path_generate/final_steven_gong/Raceline-Optimization/helper_funcs_glob) by extensions ['colcon_pkg']
[2.395s] Level 1:colcon.colcon_core.package_identification:_identify(joon_path_generate/final_steven_gong/Raceline-Optimization/helper_funcs_glob) by extension 'colcon_pkg'
[2.396s] Level 1:colcon.colcon_core.package_identification:_identify(joon_path_generate/final_steven_gong/Raceline-Optimization/helper_funcs_glob) by extensions ['colcon_meta']
[2.396s] Level 1:colcon.colcon_core.package_identification:_identify(joon_path_generate/final_steven_gong/Raceline-Optimization/helper_funcs_glob) by extension 'colcon_meta'
[2.396s] Level 1:colcon.colcon_core.package_identification:_identify(joon_path_generate/final_steven_gong/Raceline-Optimization/helper_funcs_glob) by extensions ['ros']
[2.396s] Level 1:colcon.colcon_core.package_identification:_identify(joon_path_generate/final_steven_gong/Raceline-Optimization/helper_funcs_glob) by extension 'ros'
[2.397s] Level 1:colcon.colcon_core.package_identification:_identify(joon_path_generate/final_steven_gong/Raceline-Optimization/helper_funcs_glob) by extensions ['cmake', 'python']
[2.397s] Level 1:colcon.colcon_core.package_identification:_identify(joon_path_generate/final_steven_gong/Raceline-Optimization/helper_funcs_glob) by extension 'cmake'
[2.397s] Level 1:colcon.colcon_core.package_identification:_identify(joon_path_generate/final_steven_gong/Raceline-Optimization/helper_funcs_glob) by extension 'python'
[2.398s] Level 1:colcon.colcon_core.package_identification:_identify(joon_path_generate/final_steven_gong/Raceline-Optimization/helper_funcs_glob) by extensions ['python_setup_py']
[2.398s] Level 1:colcon.colcon_core.package_identification:_identify(joon_path_generate/final_steven_gong/Raceline-Optimization/helper_funcs_glob) by extension 'python_setup_py'
[2.398s] Level 1:colcon.colcon_core.package_identification:_identify(joon_path_generate/final_steven_gong/Raceline-Optimization/helper_funcs_glob/__pycache__) by extensions ['ignore', 'ignore_ament_install']
[2.399s] Level 1:colcon.colcon_core.package_identification:_identify(joon_path_generate/final_steven_gong/Raceline-Optimization/helper_funcs_glob/__pycache__) by extension 'ignore'
[2.399s] Level 1:colcon.colcon_core.package_identification:_identify(joon_path_generate/final_steven_gong/Raceline-Optimization/helper_funcs_glob/__pycache__) by extension 'ignore_ament_install'
[2.400s] Level 1:colcon.colcon_core.package_identification:_identify(joon_path_generate/final_steven_gong/Raceline-Optimization/helper_funcs_glob/__pycache__) by extensions ['colcon_pkg']
[2.400s] Level 1:colcon.colcon_core.package_identification:_identify(joon_path_generate/final_steven_gong/Raceline-Optimization/helper_funcs_glob/__pycache__) by extension 'colcon_pkg'
[2.400s] Level 1:colcon.colcon_core.package_identification:_identify(joon_path_generate/final_steven_gong/Raceline-Optimization/helper_funcs_glob/__pycache__) by extensions ['colcon_meta']
[2.400s] Level 1:colcon.colcon_core.package_identification:_identify(joon_path_generate/final_steven_gong/Raceline-Optimization/helper_funcs_glob/__pycache__) by extension 'colcon_meta'
[2.401s] Level 1:colcon.colcon_core.package_identification:_identify(joon_path_generate/final_steven_gong/Raceline-Optimization/helper_funcs_glob/__pycache__) by extensions ['ros']
[2.401s] Level 1:colcon.colcon_core.package_identification:_identify(joon_path_generate/final_steven_gong/Raceline-Optimization/helper_funcs_glob/__pycache__) by extension 'ros'
[2.402s] Level 1:colcon.colcon_core.package_identification:_identify(joon_path_generate/final_steven_gong/Raceline-Optimization/helper_funcs_glob/__pycache__) by extensions ['cmake', 'python']
[2.402s] Level 1:colcon.colcon_core.package_identification:_identify(joon_path_generate/final_steven_gong/Raceline-Optimization/helper_funcs_glob/__pycache__) by extension 'cmake'
[2.402s] Level 1:colcon.colcon_core.package_identification:_identify(joon_path_generate/final_steven_gong/Raceline-Optimization/helper_funcs_glob/__pycache__) by extension 'python'
[2.402s] Level 1:colcon.colcon_core.package_identification:_identify(joon_path_generate/final_steven_gong/Raceline-Optimization/helper_funcs_glob/__pycache__) by extensions ['python_setup_py']
[2.403s] Level 1:colcon.colcon_core.package_identification:_identify(joon_path_generate/final_steven_gong/Raceline-Optimization/helper_funcs_glob/__pycache__) by extension 'python_setup_py'
[2.404s] Level 1:colcon.colcon_core.package_identification:_identify(joon_path_generate/final_steven_gong/Raceline-Optimization/helper_funcs_glob/src) by extensions ['ignore', 'ignore_ament_install']
[2.405s] Level 1:colcon.colcon_core.package_identification:_identify(joon_path_generate/final_steven_gong/Raceline-Optimization/helper_funcs_glob/src) by extension 'ignore'
[2.405s] Level 1:colcon.colcon_core.package_identification:_identify(joon_path_generate/final_steven_gong/Raceline-Optimization/helper_funcs_glob/src) by extension 'ignore_ament_install'
[2.406s] Level 1:colcon.colcon_core.package_identification:_identify(joon_path_generate/final_steven_gong/Raceline-Optimization/helper_funcs_glob/src) by extensions ['colcon_pkg']
[2.406s] Level 1:colcon.colcon_core.package_identification:_identify(joon_path_generate/final_steven_gong/Raceline-Optimization/helper_funcs_glob/src) by extension 'colcon_pkg'
[2.406s] Level 1:colcon.colcon_core.package_identification:_identify(joon_path_generate/final_steven_gong/Raceline-Optimization/helper_funcs_glob/src) by extensions ['colcon_meta']
[2.406s] Level 1:colcon.colcon_core.package_identification:_identify(joon_path_generate/final_steven_gong/Raceline-Optimization/helper_funcs_glob/src) by extension 'colcon_meta'
[2.407s] Level 1:colcon.colcon_core.package_identification:_identify(joon_path_generate/final_steven_gong/Raceline-Optimization/helper_funcs_glob/src) by extensions ['ros']
[2.407s] Level 1:colcon.colcon_core.package_identification:_identify(joon_path_generate/final_steven_gong/Raceline-Optimization/helper_funcs_glob/src) by extension 'ros'
[2.407s] Level 1:colcon.colcon_core.package_identification:_identify(joon_path_generate/final_steven_gong/Raceline-Optimization/helper_funcs_glob/src) by extensions ['cmake', 'python']
[2.408s] Level 1:colcon.colcon_core.package_identification:_identify(joon_path_generate/final_steven_gong/Raceline-Optimization/helper_funcs_glob/src) by extension 'cmake'
[2.408s] Level 1:colcon.colcon_core.package_identification:_identify(joon_path_generate/final_steven_gong/Raceline-Optimization/helper_funcs_glob/src) by extension 'python'
[2.408s] Level 1:colcon.colcon_core.package_identification:_identify(joon_path_generate/final_steven_gong/Raceline-Optimization/helper_funcs_glob/src) by extensions ['python_setup_py']
[2.408s] Level 1:colcon.colcon_core.package_identification:_identify(joon_path_generate/final_steven_gong/Raceline-Optimization/helper_funcs_glob/src) by extension 'python_setup_py'
[2.409s] Level 1:colcon.colcon_core.package_identification:_identify(joon_path_generate/final_steven_gong/Raceline-Optimization/helper_funcs_glob/src/__pycache__) by extensions ['ignore', 'ignore_ament_install']
[2.410s] Level 1:colcon.colcon_core.package_identification:_identify(joon_path_generate/final_steven_gong/Raceline-Optimization/helper_funcs_glob/src/__pycache__) by extension 'ignore'
[2.410s] Level 1:colcon.colcon_core.package_identification:_identify(joon_path_generate/final_steven_gong/Raceline-Optimization/helper_funcs_glob/src/__pycache__) by extension 'ignore_ament_install'
[2.410s] Level 1:colcon.colcon_core.package_identification:_identify(joon_path_generate/final_steven_gong/Raceline-Optimization/helper_funcs_glob/src/__pycache__) by extensions ['colcon_pkg']
[2.411s] Level 1:colcon.colcon_core.package_identification:_identify(joon_path_generate/final_steven_gong/Raceline-Optimization/helper_funcs_glob/src/__pycache__) by extension 'colcon_pkg'
[2.411s] Level 1:colcon.colcon_core.package_identification:_identify(joon_path_generate/final_steven_gong/Raceline-Optimization/helper_funcs_glob/src/__pycache__) by extensions ['colcon_meta']
[2.411s] Level 1:colcon.colcon_core.package_identification:_identify(joon_path_generate/final_steven_gong/Raceline-Optimization/helper_funcs_glob/src/__pycache__) by extension 'colcon_meta'
[2.411s] Level 1:colcon.colcon_core.package_identification:_identify(joon_path_generate/final_steven_gong/Raceline-Optimization/helper_funcs_glob/src/__pycache__) by extensions ['ros']
[2.412s] Level 1:colcon.colcon_core.package_identification:_identify(joon_path_generate/final_steven_gong/Raceline-Optimization/helper_funcs_glob/src/__pycache__) by extension 'ros'
[2.412s] Level 1:colcon.colcon_core.package_identification:_identify(joon_path_generate/final_steven_gong/Raceline-Optimization/helper_funcs_glob/src/__pycache__) by extensions ['cmake', 'python']
[2.413s] Level 1:colcon.colcon_core.package_identification:_identify(joon_path_generate/final_steven_gong/Raceline-Optimization/helper_funcs_glob/src/__pycache__) by extension 'cmake'
[2.413s] Level 1:colcon.colcon_core.package_identification:_identify(joon_path_generate/final_steven_gong/Raceline-Optimization/helper_funcs_glob/src/__pycache__) by extension 'python'
[2.413s] Level 1:colcon.colcon_core.package_identification:_identify(joon_path_generate/final_steven_gong/Raceline-Optimization/helper_funcs_glob/src/__pycache__) by extensions ['python_setup_py']
[2.413s] Level 1:colcon.colcon_core.package_identification:_identify(joon_path_generate/final_steven_gong/Raceline-Optimization/helper_funcs_glob/src/__pycache__) by extension 'python_setup_py'
[2.414s] Level 1:colcon.colcon_core.package_identification:_identify(joon_path_generate/final_steven_gong/Raceline-Optimization/inputs) by extensions ['ignore', 'ignore_ament_install']
[2.415s] Level 1:colcon.colcon_core.package_identification:_identify(joon_path_generate/final_steven_gong/Raceline-Optimization/inputs) by extension 'ignore'
[2.415s] Level 1:colcon.colcon_core.package_identification:_identify(joon_path_generate/final_steven_gong/Raceline-Optimization/inputs) by extension 'ignore_ament_install'
[2.415s] Level 1:colcon.colcon_core.package_identification:_identify(joon_path_generate/final_steven_gong/Raceline-Optimization/inputs) by extensions ['colcon_pkg']
[2.415s] Level 1:colcon.colcon_core.package_identification:_identify(joon_path_generate/final_steven_gong/Raceline-Optimization/inputs) by extension 'colcon_pkg'
[2.416s] Level 1:colcon.colcon_core.package_identification:_identify(joon_path_generate/final_steven_gong/Raceline-Optimization/inputs) by extensions ['colcon_meta']
[2.416s] Level 1:colcon.colcon_core.package_identification:_identify(joon_path_generate/final_steven_gong/Raceline-Optimization/inputs) by extension 'colcon_meta'
[2.416s] Level 1:colcon.colcon_core.package_identification:_identify(joon_path_generate/final_steven_gong/Raceline-Optimization/inputs) by extensions ['ros']
[2.416s] Level 1:colcon.colcon_core.package_identification:_identify(joon_path_generate/final_steven_gong/Raceline-Optimization/inputs) by extension 'ros'
[2.417s] Level 1:colcon.colcon_core.package_identification:_identify(joon_path_generate/final_steven_gong/Raceline-Optimization/inputs) by extensions ['cmake', 'python']
[2.417s] Level 1:colcon.colcon_core.package_identification:_identify(joon_path_generate/final_steven_gong/Raceline-Optimization/inputs) by extension 'cmake'
[2.417s] Level 1:colcon.colcon_core.package_identification:_identify(joon_path_generate/final_steven_gong/Raceline-Optimization/inputs) by extension 'python'
[2.418s] Level 1:colcon.colcon_core.package_identification:_identify(joon_path_generate/final_steven_gong/Raceline-Optimization/inputs) by extensions ['python_setup_py']
[2.418s] Level 1:colcon.colcon_core.package_identification:_identify(joon_path_generate/final_steven_gong/Raceline-Optimization/inputs) by extension 'python_setup_py'
[2.418s] Level 1:colcon.colcon_core.package_identification:_identify(joon_path_generate/final_steven_gong/Raceline-Optimization/inputs/frictionmaps) by extensions ['ignore', 'ignore_ament_install']
[2.419s] Level 1:colcon.colcon_core.package_identification:_identify(joon_path_generate/final_steven_gong/Raceline-Optimization/inputs/frictionmaps) by extension 'ignore'
[2.419s] Level 1:colcon.colcon_core.package_identification:_identify(joon_path_generate/final_steven_gong/Raceline-Optimization/inputs/frictionmaps) by extension 'ignore_ament_install'
[2.420s] Level 1:colcon.colcon_core.package_identification:_identify(joon_path_generate/final_steven_gong/Raceline-Optimization/inputs/frictionmaps) by extensions ['colcon_pkg']
[2.420s] Level 1:colcon.colcon_core.package_identification:_identify(joon_path_generate/final_steven_gong/Raceline-Optimization/inputs/frictionmaps) by extension 'colcon_pkg'
[2.421s] Level 1:colcon.colcon_core.package_identification:_identify(joon_path_generate/final_steven_gong/Raceline-Optimization/inputs/frictionmaps) by extensions ['colcon_meta']
[2.421s] Level 1:colcon.colcon_core.package_identification:_identify(joon_path_generate/final_steven_gong/Raceline-Optimization/inputs/frictionmaps) by extension 'colcon_meta'
[2.421s] Level 1:colcon.colcon_core.package_identification:_identify(joon_path_generate/final_steven_gong/Raceline-Optimization/inputs/frictionmaps) by extensions ['ros']
[2.421s] Level 1:colcon.colcon_core.package_identification:_identify(joon_path_generate/final_steven_gong/Raceline-Optimization/inputs/frictionmaps) by extension 'ros'
[2.422s] Level 1:colcon.colcon_core.package_identification:_identify(joon_path_generate/final_steven_gong/Raceline-Optimization/inputs/frictionmaps) by extensions ['cmake', 'python']
[2.422s] Level 1:colcon.colcon_core.package_identification:_identify(joon_path_generate/final_steven_gong/Raceline-Optimization/inputs/frictionmaps) by extension 'cmake'
[2.422s] Level 1:colcon.colcon_core.package_identification:_identify(joon_path_generate/final_steven_gong/Raceline-Optimization/inputs/frictionmaps) by extension 'python'
[2.422s] Level 1:colcon.colcon_core.package_identification:_identify(joon_path_generate/final_steven_gong/Raceline-Optimization/inputs/frictionmaps) by extensions ['python_setup_py']
[2.423s] Level 1:colcon.colcon_core.package_identification:_identify(joon_path_generate/final_steven_gong/Raceline-Optimization/inputs/frictionmaps) by extension 'python_setup_py'
[2.424s] Level 1:colcon.colcon_core.package_identification:_identify(joon_path_generate/final_steven_gong/Raceline-Optimization/inputs/tracks) by extensions ['ignore', 'ignore_ament_install']
[2.424s] Level 1:colcon.colcon_core.package_identification:_identify(joon_path_generate/final_steven_gong/Raceline-Optimization/inputs/tracks) by extension 'ignore'
[2.425s] Level 1:colcon.colcon_core.package_identification:_identify(joon_path_generate/final_steven_gong/Raceline-Optimization/inputs/tracks) by extension 'ignore_ament_install'
[2.425s] Level 1:colcon.colcon_core.package_identification:_identify(joon_path_generate/final_steven_gong/Raceline-Optimization/inputs/tracks) by extensions ['colcon_pkg']
[2.425s] Level 1:colcon.colcon_core.package_identification:_identify(joon_path_generate/final_steven_gong/Raceline-Optimization/inputs/tracks) by extension 'colcon_pkg'
[2.425s] Level 1:colcon.colcon_core.package_identification:_identify(joon_path_generate/final_steven_gong/Raceline-Optimization/inputs/tracks) by extensions ['colcon_meta']
[2.425s] Level 1:colcon.colcon_core.package_identification:_identify(joon_path_generate/final_steven_gong/Raceline-Optimization/inputs/tracks) by extension 'colcon_meta'
[2.426s] Level 1:colcon.colcon_core.package_identification:_identify(joon_path_generate/final_steven_gong/Raceline-Optimization/inputs/tracks) by extensions ['ros']
[2.426s] Level 1:colcon.colcon_core.package_identification:_identify(joon_path_generate/final_steven_gong/Raceline-Optimization/inputs/tracks) by extension 'ros'
[2.426s] Level 1:colcon.colcon_core.package_identification:_identify(joon_path_generate/final_steven_gong/Raceline-Optimization/inputs/tracks) by extensions ['cmake', 'python']
[2.427s] Level 1:colcon.colcon_core.package_identification:_identify(joon_path_generate/final_steven_gong/Raceline-Optimization/inputs/tracks) by extension 'cmake'
[2.427s] Level 1:colcon.colcon_core.package_identification:_identify(joon_path_generate/final_steven_gong/Raceline-Optimization/inputs/tracks) by extension 'python'
[2.427s] Level 1:colcon.colcon_core.package_identification:_identify(joon_path_generate/final_steven_gong/Raceline-Optimization/inputs/tracks) by extensions ['python_setup_py']
[2.427s] Level 1:colcon.colcon_core.package_identification:_identify(joon_path_generate/final_steven_gong/Raceline-Optimization/inputs/tracks) by extension 'python_setup_py'
[2.446s] Level 1:colcon.colcon_core.package_identification:_identify(joon_path_generate/final_steven_gong/Raceline-Optimization/inputs/veh_dyn_info) by extensions ['ignore', 'ignore_ament_install']
[2.447s] Level 1:colcon.colcon_core.package_identification:_identify(joon_path_generate/final_steven_gong/Raceline-Optimization/inputs/veh_dyn_info) by extension 'ignore'
[2.447s] Level 1:colcon.colcon_core.package_identification:_identify(joon_path_generate/final_steven_gong/Raceline-Optimization/inputs/veh_dyn_info) by extension 'ignore_ament_install'
[2.448s] Level 1:colcon.colcon_core.package_identification:_identify(joon_path_generate/final_steven_gong/Raceline-Optimization/inputs/veh_dyn_info) by extensions ['colcon_pkg']
[2.448s] Level 1:colcon.colcon_core.package_identification:_identify(joon_path_generate/final_steven_gong/Raceline-Optimization/inputs/veh_dyn_info) by extension 'colcon_pkg'
[2.449s] Level 1:colcon.colcon_core.package_identification:_identify(joon_path_generate/final_steven_gong/Raceline-Optimization/inputs/veh_dyn_info) by extensions ['colcon_meta']
[2.449s] Level 1:colcon.colcon_core.package_identification:_identify(joon_path_generate/final_steven_gong/Raceline-Optimization/inputs/veh_dyn_info) by extension 'colcon_meta'
[2.449s] Level 1:colcon.colcon_core.package_identification:_identify(joon_path_generate/final_steven_gong/Raceline-Optimization/inputs/veh_dyn_info) by extensions ['ros']
[2.449s] Level 1:colcon.colcon_core.package_identification:_identify(joon_path_generate/final_steven_gong/Raceline-Optimization/inputs/veh_dyn_info) by extension 'ros'
[2.454s] Level 1:colcon.colcon_core.package_identification:_identify(joon_path_generate/final_steven_gong/Raceline-Optimization/inputs/veh_dyn_info) by extensions ['cmake', 'python']
[2.454s] Level 1:colcon.colcon_core.package_identification:_identify(joon_path_generate/final_steven_gong/Raceline-Optimization/inputs/veh_dyn_info) by extension 'cmake'
[2.454s] Level 1:colcon.colcon_core.package_identification:_identify(joon_path_generate/final_steven_gong/Raceline-Optimization/inputs/veh_dyn_info) by extension 'python'
[2.455s] Level 1:colcon.colcon_core.package_identification:_identify(joon_path_generate/final_steven_gong/Raceline-Optimization/inputs/veh_dyn_info) by extensions ['python_setup_py']
[2.455s] Level 1:colcon.colcon_core.package_identification:_identify(joon_path_generate/final_steven_gong/Raceline-Optimization/inputs/veh_dyn_info) by extension 'python_setup_py'
[2.457s] Level 1:colcon.colcon_core.package_identification:_identify(joon_path_generate/final_steven_gong/Raceline-Optimization/maps) by extensions ['ignore', 'ignore_ament_install']
[2.459s] Level 1:colcon.colcon_core.package_identification:_identify(joon_path_generate/final_steven_gong/Raceline-Optimization/maps) by extension 'ignore'
[2.459s] Level 1:colcon.colcon_core.package_identification:_identify(joon_path_generate/final_steven_gong/Raceline-Optimization/maps) by extension 'ignore_ament_install'
[2.460s] Level 1:colcon.colcon_core.package_identification:_identify(joon_path_generate/final_steven_gong/Raceline-Optimization/maps) by extensions ['colcon_pkg']
[2.460s] Level 1:colcon.colcon_core.package_identification:_identify(joon_path_generate/final_steven_gong/Raceline-Optimization/maps) by extension 'colcon_pkg'
[2.460s] Level 1:colcon.colcon_core.package_identification:_identify(joon_path_generate/final_steven_gong/Raceline-Optimization/maps) by extensions ['colcon_meta']
[2.460s] Level 1:colcon.colcon_core.package_identification:_identify(joon_path_generate/final_steven_gong/Raceline-Optimization/maps) by extension 'colcon_meta'
[2.461s] Level 1:colcon.colcon_core.package_identification:_identify(joon_path_generate/final_steven_gong/Raceline-Optimization/maps) by extensions ['ros']
[2.461s] Level 1:colcon.colcon_core.package_identification:_identify(joon_path_generate/final_steven_gong/Raceline-Optimization/maps) by extension 'ros'
[2.462s] Level 1:colcon.colcon_core.package_identification:_identify(joon_path_generate/final_steven_gong/Raceline-Optimization/maps) by extensions ['cmake', 'python']
[2.462s] Level 1:colcon.colcon_core.package_identification:_identify(joon_path_generate/final_steven_gong/Raceline-Optimization/maps) by extension 'cmake'
[2.462s] Level 1:colcon.colcon_core.package_identification:_identify(joon_path_generate/final_steven_gong/Raceline-Optimization/maps) by extension 'python'
[2.462s] Level 1:colcon.colcon_core.package_identification:_identify(joon_path_generate/final_steven_gong/Raceline-Optimization/maps) by extensions ['python_setup_py']
[2.462s] Level 1:colcon.colcon_core.package_identification:_identify(joon_path_generate/final_steven_gong/Raceline-Optimization/maps) by extension 'python_setup_py'
[2.463s] Level 1:colcon.colcon_core.package_identification:_identify(joon_path_generate/final_steven_gong/Raceline-Optimization/opt_mintime_traj) by extensions ['ignore', 'ignore_ament_install']
[2.464s] Level 1:colcon.colcon_core.package_identification:_identify(joon_path_generate/final_steven_gong/Raceline-Optimization/opt_mintime_traj) by extension 'ignore'
[2.465s] Level 1:colcon.colcon_core.package_identification:_identify(joon_path_generate/final_steven_gong/Raceline-Optimization/opt_mintime_traj) by extension 'ignore_ament_install'
[2.465s] Level 1:colcon.colcon_core.package_identification:_identify(joon_path_generate/final_steven_gong/Raceline-Optimization/opt_mintime_traj) by extensions ['colcon_pkg']
[2.465s] Level 1:colcon.colcon_core.package_identification:_identify(joon_path_generate/final_steven_gong/Raceline-Optimization/opt_mintime_traj) by extension 'colcon_pkg'
[2.466s] Level 1:colcon.colcon_core.package_identification:_identify(joon_path_generate/final_steven_gong/Raceline-Optimization/opt_mintime_traj) by extensions ['colcon_meta']
[2.466s] Level 1:colcon.colcon_core.package_identification:_identify(joon_path_generate/final_steven_gong/Raceline-Optimization/opt_mintime_traj) by extension 'colcon_meta'
[2.466s] Level 1:colcon.colcon_core.package_identification:_identify(joon_path_generate/final_steven_gong/Raceline-Optimization/opt_mintime_traj) by extensions ['ros']
[2.466s] Level 1:colcon.colcon_core.package_identification:_identify(joon_path_generate/final_steven_gong/Raceline-Optimization/opt_mintime_traj) by extension 'ros'
[2.467s] Level 1:colcon.colcon_core.package_identification:_identify(joon_path_generate/final_steven_gong/Raceline-Optimization/opt_mintime_traj) by extensions ['cmake', 'python']
[2.467s] Level 1:colcon.colcon_core.package_identification:_identify(joon_path_generate/final_steven_gong/Raceline-Optimization/opt_mintime_traj) by extension 'cmake'
[2.467s] Level 1:colcon.colcon_core.package_identification:_identify(joon_path_generate/final_steven_gong/Raceline-Optimization/opt_mintime_traj) by extension 'python'
[2.468s] Level 1:colcon.colcon_core.package_identification:_identify(joon_path_generate/final_steven_gong/Raceline-Optimization/opt_mintime_traj) by extensions ['python_setup_py']
[2.468s] Level 1:colcon.colcon_core.package_identification:_identify(joon_path_generate/final_steven_gong/Raceline-Optimization/opt_mintime_traj) by extension 'python_setup_py'
[2.469s] Level 1:colcon.colcon_core.package_identification:_identify(joon_path_generate/final_steven_gong/Raceline-Optimization/opt_mintime_traj/__pycache__) by extensions ['ignore', 'ignore_ament_install']
[2.469s] Level 1:colcon.colcon_core.package_identification:_identify(joon_path_generate/final_steven_gong/Raceline-Optimization/opt_mintime_traj/__pycache__) by extension 'ignore'
[2.469s] Level 1:colcon.colcon_core.package_identification:_identify(joon_path_generate/final_steven_gong/Raceline-Optimization/opt_mintime_traj/__pycache__) by extension 'ignore_ament_install'
[2.470s] Level 1:colcon.colcon_core.package_identification:_identify(joon_path_generate/final_steven_gong/Raceline-Optimization/opt_mintime_traj/__pycache__) by extensions ['colcon_pkg']
[2.470s] Level 1:colcon.colcon_core.package_identification:_identify(joon_path_generate/final_steven_gong/Raceline-Optimization/opt_mintime_traj/__pycache__) by extension 'colcon_pkg'
[2.470s] Level 1:colcon.colcon_core.package_identification:_identify(joon_path_generate/final_steven_gong/Raceline-Optimization/opt_mintime_traj/__pycache__) by extensions ['colcon_meta']
[2.471s] Level 1:colcon.colcon_core.package_identification:_identify(joon_path_generate/final_steven_gong/Raceline-Optimization/opt_mintime_traj/__pycache__) by extension 'colcon_meta'
[2.472s] Level 1:colcon.colcon_core.package_identification:_identify(joon_path_generate/final_steven_gong/Raceline-Optimization/opt_mintime_traj/__pycache__) by extensions ['ros']
[2.473s] Level 1:colcon.colcon_core.package_identification:_identify(joon_path_generate/final_steven_gong/Raceline-Optimization/opt_mintime_traj/__pycache__) by extension 'ros'
[2.474s] Level 1:colcon.colcon_core.package_identification:_identify(joon_path_generate/final_steven_gong/Raceline-Optimization/opt_mintime_traj/__pycache__) by extensions ['cmake', 'python']
[2.474s] Level 1:colcon.colcon_core.package_identification:_identify(joon_path_generate/final_steven_gong/Raceline-Optimization/opt_mintime_traj/__pycache__) by extension 'cmake'
[2.474s] Level 1:colcon.colcon_core.package_identification:_identify(joon_path_generate/final_steven_gong/Raceline-Optimization/opt_mintime_traj/__pycache__) by extension 'python'
[2.475s] Level 1:colcon.colcon_core.package_identification:_identify(joon_path_generate/final_steven_gong/Raceline-Optimization/opt_mintime_traj/__pycache__) by extensions ['python_setup_py']
[2.475s] Level 1:colcon.colcon_core.package_identification:_identify(joon_path_generate/final_steven_gong/Raceline-Optimization/opt_mintime_traj/__pycache__) by extension 'python_setup_py'
[2.476s] Level 1:colcon.colcon_core.package_identification:_identify(joon_path_generate/final_steven_gong/Raceline-Optimization/opt_mintime_traj/powertrain_src) by extensions ['ignore', 'ignore_ament_install']
[2.478s] Level 1:colcon.colcon_core.package_identification:_identify(joon_path_generate/final_steven_gong/Raceline-Optimization/opt_mintime_traj/powertrain_src) by extension 'ignore'
[2.478s] Level 1:colcon.colcon_core.package_identification:_identify(joon_path_generate/final_steven_gong/Raceline-Optimization/opt_mintime_traj/powertrain_src) by extension 'ignore_ament_install'
[2.479s] Level 1:colcon.colcon_core.package_identification:_identify(joon_path_generate/final_steven_gong/Raceline-Optimization/opt_mintime_traj/powertrain_src) by extensions ['colcon_pkg']
[2.480s] Level 1:colcon.colcon_core.package_identification:_identify(joon_path_generate/final_steven_gong/Raceline-Optimization/opt_mintime_traj/powertrain_src) by extension 'colcon_pkg'
[2.481s] Level 1:colcon.colcon_core.package_identification:_identify(joon_path_generate/final_steven_gong/Raceline-Optimization/opt_mintime_traj/powertrain_src) by extensions ['colcon_meta']
[2.482s] Level 1:colcon.colcon_core.package_identification:_identify(joon_path_generate/final_steven_gong/Raceline-Optimization/opt_mintime_traj/powertrain_src) by extension 'colcon_meta'
[2.482s] Level 1:colcon.colcon_core.package_identification:_identify(joon_path_generate/final_steven_gong/Raceline-Optimization/opt_mintime_traj/powertrain_src) by extensions ['ros']
[2.483s] Level 1:colcon.colcon_core.package_identification:_identify(joon_path_generate/final_steven_gong/Raceline-Optimization/opt_mintime_traj/powertrain_src) by extension 'ros'
[2.483s] Level 1:colcon.colcon_core.package_identification:_identify(joon_path_generate/final_steven_gong/Raceline-Optimization/opt_mintime_traj/powertrain_src) by extensions ['cmake', 'python']
[2.483s] Level 1:colcon.colcon_core.package_identification:_identify(joon_path_generate/final_steven_gong/Raceline-Optimization/opt_mintime_traj/powertrain_src) by extension 'cmake'
[2.485s] Level 1:colcon.colcon_core.package_identification:_identify(joon_path_generate/final_steven_gong/Raceline-Optimization/opt_mintime_traj/powertrain_src) by extension 'python'
[2.485s] Level 1:colcon.colcon_core.package_identification:_identify(joon_path_generate/final_steven_gong/Raceline-Optimization/opt_mintime_traj/powertrain_src) by extensions ['python_setup_py']
[2.485s] Level 1:colcon.colcon_core.package_identification:_identify(joon_path_generate/final_steven_gong/Raceline-Optimization/opt_mintime_traj/powertrain_src) by extension 'python_setup_py'
[2.486s] Level 1:colcon.colcon_core.package_identification:_identify(joon_path_generate/final_steven_gong/Raceline-Optimization/opt_mintime_traj/powertrain_src/__pycache__) by extensions ['ignore', 'ignore_ament_install']
[2.487s] Level 1:colcon.colcon_core.package_identification:_identify(joon_path_generate/final_steven_gong/Raceline-Optimization/opt_mintime_traj/powertrain_src/__pycache__) by extension 'ignore'
[2.487s] Level 1:colcon.colcon_core.package_identification:_identify(joon_path_generate/final_steven_gong/Raceline-Optimization/opt_mintime_traj/powertrain_src/__pycache__) by extension 'ignore_ament_install'
[2.488s] Level 1:colcon.colcon_core.package_identification:_identify(joon_path_generate/final_steven_gong/Raceline-Optimization/opt_mintime_traj/powertrain_src/__pycache__) by extensions ['colcon_pkg']
[2.488s] Level 1:colcon.colcon_core.package_identification:_identify(joon_path_generate/final_steven_gong/Raceline-Optimization/opt_mintime_traj/powertrain_src/__pycache__) by extension 'colcon_pkg'
[2.488s] Level 1:colcon.colcon_core.package_identification:_identify(joon_path_generate/final_steven_gong/Raceline-Optimization/opt_mintime_traj/powertrain_src/__pycache__) by extensions ['colcon_meta']
[2.488s] Level 1:colcon.colcon_core.package_identification:_identify(joon_path_generate/final_steven_gong/Raceline-Optimization/opt_mintime_traj/powertrain_src/__pycache__) by extension 'colcon_meta'
[2.489s] Level 1:colcon.colcon_core.package_identification:_identify(joon_path_generate/final_steven_gong/Raceline-Optimization/opt_mintime_traj/powertrain_src/__pycache__) by extensions ['ros']
[2.489s] Level 1:colcon.colcon_core.package_identification:_identify(joon_path_generate/final_steven_gong/Raceline-Optimization/opt_mintime_traj/powertrain_src/__pycache__) by extension 'ros'
[2.489s] Level 1:colcon.colcon_core.package_identification:_identify(joon_path_generate/final_steven_gong/Raceline-Optimization/opt_mintime_traj/powertrain_src/__pycache__) by extensions ['cmake', 'python']
[2.490s] Level 1:colcon.colcon_core.package_identification:_identify(joon_path_generate/final_steven_gong/Raceline-Optimization/opt_mintime_traj/powertrain_src/__pycache__) by extension 'cmake'
[2.490s] Level 1:colcon.colcon_core.package_identification:_identify(joon_path_generate/final_steven_gong/Raceline-Optimization/opt_mintime_traj/powertrain_src/__pycache__) by extension 'python'
[2.490s] Level 1:colcon.colcon_core.package_identification:_identify(joon_path_generate/final_steven_gong/Raceline-Optimization/opt_mintime_traj/powertrain_src/__pycache__) by extensions ['python_setup_py']
[2.490s] Level 1:colcon.colcon_core.package_identification:_identify(joon_path_generate/final_steven_gong/Raceline-Optimization/opt_mintime_traj/powertrain_src/__pycache__) by extension 'python_setup_py'
[2.491s] Level 1:colcon.colcon_core.package_identification:_identify(joon_path_generate/final_steven_gong/Raceline-Optimization/opt_mintime_traj/powertrain_src/src) by extensions ['ignore', 'ignore_ament_install']
[2.492s] Level 1:colcon.colcon_core.package_identification:_identify(joon_path_generate/final_steven_gong/Raceline-Optimization/opt_mintime_traj/powertrain_src/src) by extension 'ignore'
[2.492s] Level 1:colcon.colcon_core.package_identification:_identify(joon_path_generate/final_steven_gong/Raceline-Optimization/opt_mintime_traj/powertrain_src/src) by extension 'ignore_ament_install'
[2.493s] Level 1:colcon.colcon_core.package_identification:_identify(joon_path_generate/final_steven_gong/Raceline-Optimization/opt_mintime_traj/powertrain_src/src) by extensions ['colcon_pkg']
[2.493s] Level 1:colcon.colcon_core.package_identification:_identify(joon_path_generate/final_steven_gong/Raceline-Optimization/opt_mintime_traj/powertrain_src/src) by extension 'colcon_pkg'
[2.493s] Level 1:colcon.colcon_core.package_identification:_identify(joon_path_generate/final_steven_gong/Raceline-Optimization/opt_mintime_traj/powertrain_src/src) by extensions ['colcon_meta']
[2.493s] Level 1:colcon.colcon_core.package_identification:_identify(joon_path_generate/final_steven_gong/Raceline-Optimization/opt_mintime_traj/powertrain_src/src) by extension 'colcon_meta'
[2.494s] Level 1:colcon.colcon_core.package_identification:_identify(joon_path_generate/final_steven_gong/Raceline-Optimization/opt_mintime_traj/powertrain_src/src) by extensions ['ros']
[2.494s] Level 1:colcon.colcon_core.package_identification:_identify(joon_path_generate/final_steven_gong/Raceline-Optimization/opt_mintime_traj/powertrain_src/src) by extension 'ros'
[2.497s] Level 1:colcon.colcon_core.package_identification:_identify(joon_path_generate/final_steven_gong/Raceline-Optimization/opt_mintime_traj/powertrain_src/src) by extensions ['cmake', 'python']
[2.497s] Level 1:colcon.colcon_core.package_identification:_identify(joon_path_generate/final_steven_gong/Raceline-Optimization/opt_mintime_traj/powertrain_src/src) by extension 'cmake'
[2.498s] Level 1:colcon.colcon_core.package_identification:_identify(joon_path_generate/final_steven_gong/Raceline-Optimization/opt_mintime_traj/powertrain_src/src) by extension 'python'
[2.498s] Level 1:colcon.colcon_core.package_identification:_identify(joon_path_generate/final_steven_gong/Raceline-Optimization/opt_mintime_traj/powertrain_src/src) by extensions ['python_setup_py']
[2.498s] Level 1:colcon.colcon_core.package_identification:_identify(joon_path_generate/final_steven_gong/Raceline-Optimization/opt_mintime_traj/powertrain_src/src) by extension 'python_setup_py'
[2.499s] Level 1:colcon.colcon_core.package_identification:_identify(joon_path_generate/final_steven_gong/Raceline-Optimization/opt_mintime_traj/powertrain_src/src/__pycache__) by extensions ['ignore', 'ignore_ament_install']
[2.500s] Level 1:colcon.colcon_core.package_identification:_identify(joon_path_generate/final_steven_gong/Raceline-Optimization/opt_mintime_traj/powertrain_src/src/__pycache__) by extension 'ignore'
[2.500s] Level 1:colcon.colcon_core.package_identification:_identify(joon_path_generate/final_steven_gong/Raceline-Optimization/opt_mintime_traj/powertrain_src/src/__pycache__) by extension 'ignore_ament_install'
[2.501s] Level 1:colcon.colcon_core.package_identification:_identify(joon_path_generate/final_steven_gong/Raceline-Optimization/opt_mintime_traj/powertrain_src/src/__pycache__) by extensions ['colcon_pkg']
[2.501s] Level 1:colcon.colcon_core.package_identification:_identify(joon_path_generate/final_steven_gong/Raceline-Optimization/opt_mintime_traj/powertrain_src/src/__pycache__) by extension 'colcon_pkg'
[2.501s] Level 1:colcon.colcon_core.package_identification:_identify(joon_path_generate/final_steven_gong/Raceline-Optimization/opt_mintime_traj/powertrain_src/src/__pycache__) by extensions ['colcon_meta']
[2.501s] Level 1:colcon.colcon_core.package_identification:_identify(joon_path_generate/final_steven_gong/Raceline-Optimization/opt_mintime_traj/powertrain_src/src/__pycache__) by extension 'colcon_meta'
[2.502s] Level 1:colcon.colcon_core.package_identification:_identify(joon_path_generate/final_steven_gong/Raceline-Optimization/opt_mintime_traj/powertrain_src/src/__pycache__) by extensions ['ros']
[2.502s] Level 1:colcon.colcon_core.package_identification:_identify(joon_path_generate/final_steven_gong/Raceline-Optimization/opt_mintime_traj/powertrain_src/src/__pycache__) by extension 'ros'
[2.503s] Level 1:colcon.colcon_core.package_identification:_identify(joon_path_generate/final_steven_gong/Raceline-Optimization/opt_mintime_traj/powertrain_src/src/__pycache__) by extensions ['cmake', 'python']
[2.505s] Level 1:colcon.colcon_core.package_identification:_identify(joon_path_generate/final_steven_gong/Raceline-Optimization/opt_mintime_traj/powertrain_src/src/__pycache__) by extension 'cmake'
[2.505s] Level 1:colcon.colcon_core.package_identification:_identify(joon_path_generate/final_steven_gong/Raceline-Optimization/opt_mintime_traj/powertrain_src/src/__pycache__) by extension 'python'
[2.505s] Level 1:colcon.colcon_core.package_identification:_identify(joon_path_generate/final_steven_gong/Raceline-Optimization/opt_mintime_traj/powertrain_src/src/__pycache__) by extensions ['python_setup_py']
[2.506s] Level 1:colcon.colcon_core.package_identification:_identify(joon_path_generate/final_steven_gong/Raceline-Optimization/opt_mintime_traj/powertrain_src/src/__pycache__) by extension 'python_setup_py'
[2.507s] Level 1:colcon.colcon_core.package_identification:_identify(joon_path_generate/final_steven_gong/Raceline-Optimization/opt_mintime_traj/src) by extensions ['ignore', 'ignore_ament_install']
[2.508s] Level 1:colcon.colcon_core.package_identification:_identify(joon_path_generate/final_steven_gong/Raceline-Optimization/opt_mintime_traj/src) by extension 'ignore'
[2.508s] Level 1:colcon.colcon_core.package_identification:_identify(joon_path_generate/final_steven_gong/Raceline-Optimization/opt_mintime_traj/src) by extension 'ignore_ament_install'
[2.508s] Level 1:colcon.colcon_core.package_identification:_identify(joon_path_generate/final_steven_gong/Raceline-Optimization/opt_mintime_traj/src) by extensions ['colcon_pkg']
[2.509s] Level 1:colcon.colcon_core.package_identification:_identify(joon_path_generate/final_steven_gong/Raceline-Optimization/opt_mintime_traj/src) by extension 'colcon_pkg'
[2.509s] Level 1:colcon.colcon_core.package_identification:_identify(joon_path_generate/final_steven_gong/Raceline-Optimization/opt_mintime_traj/src) by extensions ['colcon_meta']
[2.509s] Level 1:colcon.colcon_core.package_identification:_identify(joon_path_generate/final_steven_gong/Raceline-Optimization/opt_mintime_traj/src) by extension 'colcon_meta'
[2.509s] Level 1:colcon.colcon_core.package_identification:_identify(joon_path_generate/final_steven_gong/Raceline-Optimization/opt_mintime_traj/src) by extensions ['ros']
[2.510s] Level 1:colcon.colcon_core.package_identification:_identify(joon_path_generate/final_steven_gong/Raceline-Optimization/opt_mintime_traj/src) by extension 'ros'
[2.510s] Level 1:colcon.colcon_core.package_identification:_identify(joon_path_generate/final_steven_gong/Raceline-Optimization/opt_mintime_traj/src) by extensions ['cmake', 'python']
[2.510s] Level 1:colcon.colcon_core.package_identification:_identify(joon_path_generate/final_steven_gong/Raceline-Optimization/opt_mintime_traj/src) by extension 'cmake'
[2.511s] Level 1:colcon.colcon_core.package_identification:_identify(joon_path_generate/final_steven_gong/Raceline-Optimization/opt_mintime_traj/src) by extension 'python'
[2.511s] Level 1:colcon.colcon_core.package_identification:_identify(joon_path_generate/final_steven_gong/Raceline-Optimization/opt_mintime_traj/src) by extensions ['python_setup_py']
[2.511s] Level 1:colcon.colcon_core.package_identification:_identify(joon_path_generate/final_steven_gong/Raceline-Optimization/opt_mintime_traj/src) by extension 'python_setup_py'
[2.512s] Level 1:colcon.colcon_core.package_identification:_identify(joon_path_generate/final_steven_gong/Raceline-Optimization/opt_mintime_traj/src/__pycache__) by extensions ['ignore', 'ignore_ament_install']
[2.513s] Level 1:colcon.colcon_core.package_identification:_identify(joon_path_generate/final_steven_gong/Raceline-Optimization/opt_mintime_traj/src/__pycache__) by extension 'ignore'
[2.513s] Level 1:colcon.colcon_core.package_identification:_identify(joon_path_generate/final_steven_gong/Raceline-Optimization/opt_mintime_traj/src/__pycache__) by extension 'ignore_ament_install'
[2.514s] Level 1:colcon.colcon_core.package_identification:_identify(joon_path_generate/final_steven_gong/Raceline-Optimization/opt_mintime_traj/src/__pycache__) by extensions ['colcon_pkg']
[2.514s] Level 1:colcon.colcon_core.package_identification:_identify(joon_path_generate/final_steven_gong/Raceline-Optimization/opt_mintime_traj/src/__pycache__) by extension 'colcon_pkg'
[2.514s] Level 1:colcon.colcon_core.package_identification:_identify(joon_path_generate/final_steven_gong/Raceline-Optimization/opt_mintime_traj/src/__pycache__) by extensions ['colcon_meta']
[2.515s] Level 1:colcon.colcon_core.package_identification:_identify(joon_path_generate/final_steven_gong/Raceline-Optimization/opt_mintime_traj/src/__pycache__) by extension 'colcon_meta'
[2.516s] Level 1:colcon.colcon_core.package_identification:_identify(joon_path_generate/final_steven_gong/Raceline-Optimization/opt_mintime_traj/src/__pycache__) by extensions ['ros']
[2.516s] Level 1:colcon.colcon_core.package_identification:_identify(joon_path_generate/final_steven_gong/Raceline-Optimization/opt_mintime_traj/src/__pycache__) by extension 'ros'
[2.519s] Level 1:colcon.colcon_core.package_identification:_identify(joon_path_generate/final_steven_gong/Raceline-Optimization/opt_mintime_traj/src/__pycache__) by extensions ['cmake', 'python']
[2.519s] Level 1:colcon.colcon_core.package_identification:_identify(joon_path_generate/final_steven_gong/Raceline-Optimization/opt_mintime_traj/src/__pycache__) by extension 'cmake'
[2.520s] Level 1:colcon.colcon_core.package_identification:_identify(joon_path_generate/final_steven_gong/Raceline-Optimization/opt_mintime_traj/src/__pycache__) by extension 'python'
[2.520s] Level 1:colcon.colcon_core.package_identification:_identify(joon_path_generate/final_steven_gong/Raceline-Optimization/opt_mintime_traj/src/__pycache__) by extensions ['python_setup_py']
[2.520s] Level 1:colcon.colcon_core.package_identification:_identify(joon_path_generate/final_steven_gong/Raceline-Optimization/opt_mintime_traj/src/__pycache__) by extension 'python_setup_py'
[2.521s] Level 1:colcon.colcon_core.package_identification:_identify(joon_path_generate/final_steven_gong/Raceline-Optimization/outputs) by extensions ['ignore', 'ignore_ament_install']
[2.522s] Level 1:colcon.colcon_core.package_identification:_identify(joon_path_generate/final_steven_gong/Raceline-Optimization/outputs) by extension 'ignore'
[2.522s] Level 1:colcon.colcon_core.package_identification:_identify(joon_path_generate/final_steven_gong/Raceline-Optimization/outputs) by extension 'ignore_ament_install'
[2.522s] Level 1:colcon.colcon_core.package_identification:_identify(joon_path_generate/final_steven_gong/Raceline-Optimization/outputs) by extensions ['colcon_pkg']
[2.522s] Level 1:colcon.colcon_core.package_identification:_identify(joon_path_generate/final_steven_gong/Raceline-Optimization/outputs) by extension 'colcon_pkg'
[2.523s] Level 1:colcon.colcon_core.package_identification:_identify(joon_path_generate/final_steven_gong/Raceline-Optimization/outputs) by extensions ['colcon_meta']
[2.523s] Level 1:colcon.colcon_core.package_identification:_identify(joon_path_generate/final_steven_gong/Raceline-Optimization/outputs) by extension 'colcon_meta'
[2.523s] Level 1:colcon.colcon_core.package_identification:_identify(joon_path_generate/final_steven_gong/Raceline-Optimization/outputs) by extensions ['ros']
[2.523s] Level 1:colcon.colcon_core.package_identification:_identify(joon_path_generate/final_steven_gong/Raceline-Optimization/outputs) by extension 'ros'
[2.524s] Level 1:colcon.colcon_core.package_identification:_identify(joon_path_generate/final_steven_gong/Raceline-Optimization/outputs) by extensions ['cmake', 'python']
[2.524s] Level 1:colcon.colcon_core.package_identification:_identify(joon_path_generate/final_steven_gong/Raceline-Optimization/outputs) by extension 'cmake'
[2.525s] Level 1:colcon.colcon_core.package_identification:_identify(joon_path_generate/final_steven_gong/Raceline-Optimization/outputs) by extension 'python'
[2.525s] Level 1:colcon.colcon_core.package_identification:_identify(joon_path_generate/final_steven_gong/Raceline-Optimization/outputs) by extensions ['python_setup_py']
[2.525s] Level 1:colcon.colcon_core.package_identification:_identify(joon_path_generate/final_steven_gong/Raceline-Optimization/outputs) by extension 'python_setup_py'
[2.526s] Level 1:colcon.colcon_core.package_identification:_identify(joon_path_generate/final_steven_gong/Raceline-Optimization/outputs/e7_floor5_square) by extensions ['ignore', 'ignore_ament_install']
[2.526s] Level 1:colcon.colcon_core.package_identification:_identify(joon_path_generate/final_steven_gong/Raceline-Optimization/outputs/e7_floor5_square) by extension 'ignore'
[2.526s] Level 1:colcon.colcon_core.package_identification:_identify(joon_path_generate/final_steven_gong/Raceline-Optimization/outputs/e7_floor5_square) by extension 'ignore_ament_install'
[2.527s] Level 1:colcon.colcon_core.package_identification:_identify(joon_path_generate/final_steven_gong/Raceline-Optimization/outputs/e7_floor5_square) by extensions ['colcon_pkg']
[2.527s] Level 1:colcon.colcon_core.package_identification:_identify(joon_path_generate/final_steven_gong/Raceline-Optimization/outputs/e7_floor5_square) by extension 'colcon_pkg'
[2.527s] Level 1:colcon.colcon_core.package_identification:_identify(joon_path_generate/final_steven_gong/Raceline-Optimization/outputs/e7_floor5_square) by extensions ['colcon_meta']
[2.527s] Level 1:colcon.colcon_core.package_identification:_identify(joon_path_generate/final_steven_gong/Raceline-Optimization/outputs/e7_floor5_square) by extension 'colcon_meta'
[2.528s] Level 1:colcon.colcon_core.package_identification:_identify(joon_path_generate/final_steven_gong/Raceline-Optimization/outputs/e7_floor5_square) by extensions ['ros']
[2.528s] Level 1:colcon.colcon_core.package_identification:_identify(joon_path_generate/final_steven_gong/Raceline-Optimization/outputs/e7_floor5_square) by extension 'ros'
[2.529s] Level 1:colcon.colcon_core.package_identification:_identify(joon_path_generate/final_steven_gong/Raceline-Optimization/outputs/e7_floor5_square) by extensions ['cmake', 'python']
[2.529s] Level 1:colcon.colcon_core.package_identification:_identify(joon_path_generate/final_steven_gong/Raceline-Optimization/outputs/e7_floor5_square) by extension 'cmake'
[2.529s] Level 1:colcon.colcon_core.package_identification:_identify(joon_path_generate/final_steven_gong/Raceline-Optimization/outputs/e7_floor5_square) by extension 'python'
[2.529s] Level 1:colcon.colcon_core.package_identification:_identify(joon_path_generate/final_steven_gong/Raceline-Optimization/outputs/e7_floor5_square) by extensions ['python_setup_py']
[2.529s] Level 1:colcon.colcon_core.package_identification:_identify(joon_path_generate/final_steven_gong/Raceline-Optimization/outputs/e7_floor5_square) by extension 'python_setup_py'
[2.530s] Level 1:colcon.colcon_core.package_identification:_identify(joon_path_generate/final_steven_gong/Raceline-Optimization/outputs/e7_floor5_square/mintime-2025-08-29 18:03:12.609310) by extensions ['ignore', 'ignore_ament_install']
[2.531s] Level 1:colcon.colcon_core.package_identification:_identify(joon_path_generate/final_steven_gong/Raceline-Optimization/outputs/e7_floor5_square/mintime-2025-08-29 18:03:12.609310) by extension 'ignore'
[2.531s] Level 1:colcon.colcon_core.package_identification:_identify(joon_path_generate/final_steven_gong/Raceline-Optimization/outputs/e7_floor5_square/mintime-2025-08-29 18:03:12.609310) by extension 'ignore_ament_install'
[2.531s] Level 1:colcon.colcon_core.package_identification:_identify(joon_path_generate/final_steven_gong/Raceline-Optimization/outputs/e7_floor5_square/mintime-2025-08-29 18:03:12.609310) by extensions ['colcon_pkg']
[2.531s] Level 1:colcon.colcon_core.package_identification:_identify(joon_path_generate/final_steven_gong/Raceline-Optimization/outputs/e7_floor5_square/mintime-2025-08-29 18:03:12.609310) by extension 'colcon_pkg'
[2.532s] Level 1:colcon.colcon_core.package_identification:_identify(joon_path_generate/final_steven_gong/Raceline-Optimization/outputs/e7_floor5_square/mintime-2025-08-29 18:03:12.609310) by extensions ['colcon_meta']
[2.532s] Level 1:colcon.colcon_core.package_identification:_identify(joon_path_generate/final_steven_gong/Raceline-Optimization/outputs/e7_floor5_square/mintime-2025-08-29 18:03:12.609310) by extension 'colcon_meta'
[2.532s] Level 1:colcon.colcon_core.package_identification:_identify(joon_path_generate/final_steven_gong/Raceline-Optimization/outputs/e7_floor5_square/mintime-2025-08-29 18:03:12.609310) by extensions ['ros']
[2.533s] Level 1:colcon.colcon_core.package_identification:_identify(joon_path_generate/final_steven_gong/Raceline-Optimization/outputs/e7_floor5_square/mintime-2025-08-29 18:03:12.609310) by extension 'ros'
[2.533s] Level 1:colcon.colcon_core.package_identification:_identify(joon_path_generate/final_steven_gong/Raceline-Optimization/outputs/e7_floor5_square/mintime-2025-08-29 18:03:12.609310) by extensions ['cmake', 'python']
[2.533s] Level 1:colcon.colcon_core.package_identification:_identify(joon_path_generate/final_steven_gong/Raceline-Optimization/outputs/e7_floor5_square/mintime-2025-08-29 18:03:12.609310) by extension 'cmake'
[2.534s] Level 1:colcon.colcon_core.package_identification:_identify(joon_path_generate/final_steven_gong/Raceline-Optimization/outputs/e7_floor5_square/mintime-2025-08-29 18:03:12.609310) by extension 'python'
[2.534s] Level 1:colcon.colcon_core.package_identification:_identify(joon_path_generate/final_steven_gong/Raceline-Optimization/outputs/e7_floor5_square/mintime-2025-08-29 18:03:12.609310) by extensions ['python_setup_py']
[2.534s] Level 1:colcon.colcon_core.package_identification:_identify(joon_path_generate/final_steven_gong/Raceline-Optimization/outputs/e7_floor5_square/mintime-2025-08-29 18:03:12.609310) by extension 'python_setup_py'
[2.535s] Level 1:colcon.colcon_core.package_identification:_identify(joon_path_generate/final_steven_gong/Raceline-Optimization/outputs/e7_floor5_square/mintime-2025-08-29 18:09:37.018979) by extensions ['ignore', 'ignore_ament_install']
[2.535s] Level 1:colcon.colcon_core.package_identification:_identify(joon_path_generate/final_steven_gong/Raceline-Optimization/outputs/e7_floor5_square/mintime-2025-08-29 18:09:37.018979) by extension 'ignore'
[2.537s] Level 1:colcon.colcon_core.package_identification:_identify(joon_path_generate/final_steven_gong/Raceline-Optimization/outputs/e7_floor5_square/mintime-2025-08-29 18:09:37.018979) by extension 'ignore_ament_install'
[2.537s] Level 1:colcon.colcon_core.package_identification:_identify(joon_path_generate/final_steven_gong/Raceline-Optimization/outputs/e7_floor5_square/mintime-2025-08-29 18:09:37.018979) by extensions ['colcon_pkg']
[2.537s] Level 1:colcon.colcon_core.package_identification:_identify(joon_path_generate/final_steven_gong/Raceline-Optimization/outputs/e7_floor5_square/mintime-2025-08-29 18:09:37.018979) by extension 'colcon_pkg'
[2.538s] Level 1:colcon.colcon_core.package_identification:_identify(joon_path_generate/final_steven_gong/Raceline-Optimization/outputs/e7_floor5_square/mintime-2025-08-29 18:09:37.018979) by extensions ['colcon_meta']
[2.538s] Level 1:colcon.colcon_core.package_identification:_identify(joon_path_generate/final_steven_gong/Raceline-Optimization/outputs/e7_floor5_square/mintime-2025-08-29 18:09:37.018979) by extension 'colcon_meta'
[2.538s] Level 1:colcon.colcon_core.package_identification:_identify(joon_path_generate/final_steven_gong/Raceline-Optimization/outputs/e7_floor5_square/mintime-2025-08-29 18:09:37.018979) by extensions ['ros']
[2.538s] Level 1:colcon.colcon_core.package_identification:_identify(joon_path_generate/final_steven_gong/Raceline-Optimization/outputs/e7_floor5_square/mintime-2025-08-29 18:09:37.018979) by extension 'ros'
[2.539s] Level 1:colcon.colcon_core.package_identification:_identify(joon_path_generate/final_steven_gong/Raceline-Optimization/outputs/e7_floor5_square/mintime-2025-08-29 18:09:37.018979) by extensions ['cmake', 'python']
[2.539s] Level 1:colcon.colcon_core.package_identification:_identify(joon_path_generate/final_steven_gong/Raceline-Optimization/outputs/e7_floor5_square/mintime-2025-08-29 18:09:37.018979) by extension 'cmake'
[2.539s] Level 1:colcon.colcon_core.package_identification:_identify(joon_path_generate/final_steven_gong/Raceline-Optimization/outputs/e7_floor5_square/mintime-2025-08-29 18:09:37.018979) by extension 'python'
[2.540s] Level 1:colcon.colcon_core.package_identification:_identify(joon_path_generate/final_steven_gong/Raceline-Optimization/outputs/e7_floor5_square/mintime-2025-08-29 18:09:37.018979) by extensions ['python_setup_py']
[2.540s] Level 1:colcon.colcon_core.package_identification:_identify(joon_path_generate/final_steven_gong/Raceline-Optimization/outputs/e7_floor5_square/mintime-2025-08-29 18:09:37.018979) by extension 'python_setup_py'
[2.541s] Level 1:colcon.colcon_core.package_identification:_identify(joon_path_generate/final_steven_gong/Raceline-Optimization/outputs/e7_floor5_square/mintime-2025-08-29 18:09:53.220174) by extensions ['ignore', 'ignore_ament_install']
[2.541s] Level 1:colcon.colcon_core.package_identification:_identify(joon_path_generate/final_steven_gong/Raceline-Optimization/outputs/e7_floor5_square/mintime-2025-08-29 18:09:53.220174) by extension 'ignore'
[2.542s] Level 1:colcon.colcon_core.package_identification:_identify(joon_path_generate/final_steven_gong/Raceline-Optimization/outputs/e7_floor5_square/mintime-2025-08-29 18:09:53.220174) by extension 'ignore_ament_install'
[2.543s] Level 1:colcon.colcon_core.package_identification:_identify(joon_path_generate/final_steven_gong/Raceline-Optimization/outputs/e7_floor5_square/mintime-2025-08-29 18:09:53.220174) by extensions ['colcon_pkg']
[2.543s] Level 1:colcon.colcon_core.package_identification:_identify(joon_path_generate/final_steven_gong/Raceline-Optimization/outputs/e7_floor5_square/mintime-2025-08-29 18:09:53.220174) by extension 'colcon_pkg'
[2.544s] Level 1:colcon.colcon_core.package_identification:_identify(joon_path_generate/final_steven_gong/Raceline-Optimization/outputs/e7_floor5_square/mintime-2025-08-29 18:09:53.220174) by extensions ['colcon_meta']
[2.544s] Level 1:colcon.colcon_core.package_identification:_identify(joon_path_generate/final_steven_gong/Raceline-Optimization/outputs/e7_floor5_square/mintime-2025-08-29 18:09:53.220174) by extension 'colcon_meta'
[2.545s] Level 1:colcon.colcon_core.package_identification:_identify(joon_path_generate/final_steven_gong/Raceline-Optimization/outputs/e7_floor5_square/mintime-2025-08-29 18:09:53.220174) by extensions ['ros']
[2.545s] Level 1:colcon.colcon_core.package_identification:_identify(joon_path_generate/final_steven_gong/Raceline-Optimization/outputs/e7_floor5_square/mintime-2025-08-29 18:09:53.220174) by extension 'ros'
[2.546s] Level 1:colcon.colcon_core.package_identification:_identify(joon_path_generate/final_steven_gong/Raceline-Optimization/outputs/e7_floor5_square/mintime-2025-08-29 18:09:53.220174) by extensions ['cmake', 'python']
[2.546s] Level 1:colcon.colcon_core.package_identification:_identify(joon_path_generate/final_steven_gong/Raceline-Optimization/outputs/e7_floor5_square/mintime-2025-08-29 18:09:53.220174) by extension 'cmake'
[2.546s] Level 1:colcon.colcon_core.package_identification:_identify(joon_path_generate/final_steven_gong/Raceline-Optimization/outputs/e7_floor5_square/mintime-2025-08-29 18:09:53.220174) by extension 'python'
[2.546s] Level 1:colcon.colcon_core.package_identification:_identify(joon_path_generate/final_steven_gong/Raceline-Optimization/outputs/e7_floor5_square/mintime-2025-08-29 18:09:53.220174) by extensions ['python_setup_py']
[2.546s] Level 1:colcon.colcon_core.package_identification:_identify(joon_path_generate/final_steven_gong/Raceline-Optimization/outputs/e7_floor5_square/mintime-2025-08-29 18:09:53.220174) by extension 'python_setup_py'
[2.547s] Level 1:colcon.colcon_core.package_identification:_identify(joon_path_generate/final_steven_gong/Raceline-Optimization/outputs/e7_floor5_square/mintime-2025-08-29 18:13:03.765429) by extensions ['ignore', 'ignore_ament_install']
[2.548s] Level 1:colcon.colcon_core.package_identification:_identify(joon_path_generate/final_steven_gong/Raceline-Optimization/outputs/e7_floor5_square/mintime-2025-08-29 18:13:03.765429) by extension 'ignore'
[2.548s] Level 1:colcon.colcon_core.package_identification:_identify(joon_path_generate/final_steven_gong/Raceline-Optimization/outputs/e7_floor5_square/mintime-2025-08-29 18:13:03.765429) by extension 'ignore_ament_install'
[2.549s] Level 1:colcon.colcon_core.package_identification:_identify(joon_path_generate/final_steven_gong/Raceline-Optimization/outputs/e7_floor5_square/mintime-2025-08-29 18:13:03.765429) by extensions ['colcon_pkg']
[2.549s] Level 1:colcon.colcon_core.package_identification:_identify(joon_path_generate/final_steven_gong/Raceline-Optimization/outputs/e7_floor5_square/mintime-2025-08-29 18:13:03.765429) by extension 'colcon_pkg'
[2.549s] Level 1:colcon.colcon_core.package_identification:_identify(joon_path_generate/final_steven_gong/Raceline-Optimization/outputs/e7_floor5_square/mintime-2025-08-29 18:13:03.765429) by extensions ['colcon_meta']
[2.549s] Level 1:colcon.colcon_core.package_identification:_identify(joon_path_generate/final_steven_gong/Raceline-Optimization/outputs/e7_floor5_square/mintime-2025-08-29 18:13:03.765429) by extension 'colcon_meta'
[2.550s] Level 1:colcon.colcon_core.package_identification:_identify(joon_path_generate/final_steven_gong/Raceline-Optimization/outputs/e7_floor5_square/mintime-2025-08-29 18:13:03.765429) by extensions ['ros']
[2.550s] Level 1:colcon.colcon_core.package_identification:_identify(joon_path_generate/final_steven_gong/Raceline-Optimization/outputs/e7_floor5_square/mintime-2025-08-29 18:13:03.765429) by extension 'ros'
[2.550s] Level 1:colcon.colcon_core.package_identification:_identify(joon_path_generate/final_steven_gong/Raceline-Optimization/outputs/e7_floor5_square/mintime-2025-08-29 18:13:03.765429) by extensions ['cmake', 'python']
[2.551s] Level 1:colcon.colcon_core.package_identification:_identify(joon_path_generate/final_steven_gong/Raceline-Optimization/outputs/e7_floor5_square/mintime-2025-08-29 18:13:03.765429) by extension 'cmake'
[2.551s] Level 1:colcon.colcon_core.package_identification:_identify(joon_path_generate/final_steven_gong/Raceline-Optimization/outputs/e7_floor5_square/mintime-2025-08-29 18:13:03.765429) by extension 'python'
[2.551s] Level 1:colcon.colcon_core.package_identification:_identify(joon_path_generate/final_steven_gong/Raceline-Optimization/outputs/e7_floor5_square/mintime-2025-08-29 18:13:03.765429) by extensions ['python_setup_py']
[2.551s] Level 1:colcon.colcon_core.package_identification:_identify(joon_path_generate/final_steven_gong/Raceline-Optimization/outputs/e7_floor5_square/mintime-2025-08-29 18:13:03.765429) by extension 'python_setup_py'
[2.552s] Level 1:colcon.colcon_core.package_identification:_identify(joon_path_generate/final_steven_gong/Raceline-Optimization/outputs/f1tenth_korea_3rd) by extensions ['ignore', 'ignore_ament_install']
[2.553s] Level 1:colcon.colcon_core.package_identification:_identify(joon_path_generate/final_steven_gong/Raceline-Optimization/outputs/f1tenth_korea_3rd) by extension 'ignore'
[2.553s] Level 1:colcon.colcon_core.package_identification:_identify(joon_path_generate/final_steven_gong/Raceline-Optimization/outputs/f1tenth_korea_3rd) by extension 'ignore_ament_install'
[2.554s] Level 1:colcon.colcon_core.package_identification:_identify(joon_path_generate/final_steven_gong/Raceline-Optimization/outputs/f1tenth_korea_3rd) by extensions ['colcon_pkg']
[2.554s] Level 1:colcon.colcon_core.package_identification:_identify(joon_path_generate/final_steven_gong/Raceline-Optimization/outputs/f1tenth_korea_3rd) by extension 'colcon_pkg'
[2.554s] Level 1:colcon.colcon_core.package_identification:_identify(joon_path_generate/final_steven_gong/Raceline-Optimization/outputs/f1tenth_korea_3rd) by extensions ['colcon_meta']
[2.554s] Level 1:colcon.colcon_core.package_identification:_identify(joon_path_generate/final_steven_gong/Raceline-Optimization/outputs/f1tenth_korea_3rd) by extension 'colcon_meta'
[2.555s] Level 1:colcon.colcon_core.package_identification:_identify(joon_path_generate/final_steven_gong/Raceline-Optimization/outputs/f1tenth_korea_3rd) by extensions ['ros']
[2.555s] Level 1:colcon.colcon_core.package_identification:_identify(joon_path_generate/final_steven_gong/Raceline-Optimization/outputs/f1tenth_korea_3rd) by extension 'ros'
[2.555s] Level 1:colcon.colcon_core.package_identification:_identify(joon_path_generate/final_steven_gong/Raceline-Optimization/outputs/f1tenth_korea_3rd) by extensions ['cmake', 'python']
[2.556s] Level 1:colcon.colcon_core.package_identification:_identify(joon_path_generate/final_steven_gong/Raceline-Optimization/outputs/f1tenth_korea_3rd) by extension 'cmake'
[2.557s] Level 1:colcon.colcon_core.package_identification:_identify(joon_path_generate/final_steven_gong/Raceline-Optimization/outputs/f1tenth_korea_3rd) by extension 'python'
[2.557s] Level 1:colcon.colcon_core.package_identification:_identify(joon_path_generate/final_steven_gong/Raceline-Optimization/outputs/f1tenth_korea_3rd) by extensions ['python_setup_py']
[2.557s] Level 1:colcon.colcon_core.package_identification:_identify(joon_path_generate/final_steven_gong/Raceline-Optimization/outputs/f1tenth_korea_3rd) by extension 'python_setup_py'
[2.558s] Level 1:colcon.colcon_core.package_identification:_identify(joon_path_generate/final_steven_gong/Raceline-Optimization/outputs/f1tenth_korea_3rd/mintime-2025-08-29 18:18:37.534407) by extensions ['ignore', 'ignore_ament_install']
[2.559s] Level 1:colcon.colcon_core.package_identification:_identify(joon_path_generate/final_steven_gong/Raceline-Optimization/outputs/f1tenth_korea_3rd/mintime-2025-08-29 18:18:37.534407) by extension 'ignore'
[2.559s] Level 1:colcon.colcon_core.package_identification:_identify(joon_path_generate/final_steven_gong/Raceline-Optimization/outputs/f1tenth_korea_3rd/mintime-2025-08-29 18:18:37.534407) by extension 'ignore_ament_install'
[2.559s] Level 1:colcon.colcon_core.package_identification:_identify(joon_path_generate/final_steven_gong/Raceline-Optimization/outputs/f1tenth_korea_3rd/mintime-2025-08-29 18:18:37.534407) by extensions ['colcon_pkg']
[2.559s] Level 1:colcon.colcon_core.package_identification:_identify(joon_path_generate/final_steven_gong/Raceline-Optimization/outputs/f1tenth_korea_3rd/mintime-2025-08-29 18:18:37.534407) by extension 'colcon_pkg'
[2.560s] Level 1:colcon.colcon_core.package_identification:_identify(joon_path_generate/final_steven_gong/Raceline-Optimization/outputs/f1tenth_korea_3rd/mintime-2025-08-29 18:18:37.534407) by extensions ['colcon_meta']
[2.560s] Level 1:colcon.colcon_core.package_identification:_identify(joon_path_generate/final_steven_gong/Raceline-Optimization/outputs/f1tenth_korea_3rd/mintime-2025-08-29 18:18:37.534407) by extension 'colcon_meta'
[2.560s] Level 1:colcon.colcon_core.package_identification:_identify(joon_path_generate/final_steven_gong/Raceline-Optimization/outputs/f1tenth_korea_3rd/mintime-2025-08-29 18:18:37.534407) by extensions ['ros']
[2.561s] Level 1:colcon.colcon_core.package_identification:_identify(joon_path_generate/final_steven_gong/Raceline-Optimization/outputs/f1tenth_korea_3rd/mintime-2025-08-29 18:18:37.534407) by extension 'ros'
[2.561s] Level 1:colcon.colcon_core.package_identification:_identify(joon_path_generate/final_steven_gong/Raceline-Optimization/outputs/f1tenth_korea_3rd/mintime-2025-08-29 18:18:37.534407) by extensions ['cmake', 'python']
[2.561s] Level 1:colcon.colcon_core.package_identification:_identify(joon_path_generate/final_steven_gong/Raceline-Optimization/outputs/f1tenth_korea_3rd/mintime-2025-08-29 18:18:37.534407) by extension 'cmake'
[2.561s] Level 1:colcon.colcon_core.package_identification:_identify(joon_path_generate/final_steven_gong/Raceline-Optimization/outputs/f1tenth_korea_3rd/mintime-2025-08-29 18:18:37.534407) by extension 'python'
[2.562s] Level 1:colcon.colcon_core.package_identification:_identify(joon_path_generate/final_steven_gong/Raceline-Optimization/outputs/f1tenth_korea_3rd/mintime-2025-08-29 18:18:37.534407) by extensions ['python_setup_py']
[2.562s] Level 1:colcon.colcon_core.package_identification:_identify(joon_path_generate/final_steven_gong/Raceline-Optimization/outputs/f1tenth_korea_3rd/mintime-2025-08-29 18:18:37.534407) by extension 'python_setup_py'
[2.563s] Level 1:colcon.colcon_core.package_identification:_identify(joon_path_generate/final_steven_gong/Raceline-Optimization/outputs/f1tenth_korea_3rd_centerline) by extensions ['ignore', 'ignore_ament_install']
[2.563s] Level 1:colcon.colcon_core.package_identification:_identify(joon_path_generate/final_steven_gong/Raceline-Optimization/outputs/f1tenth_korea_3rd_centerline) by extension 'ignore'
[2.564s] Level 1:colcon.colcon_core.package_identification:_identify(joon_path_generate/final_steven_gong/Raceline-Optimization/outputs/f1tenth_korea_3rd_centerline) by extension 'ignore_ament_install'
[2.564s] Level 1:colcon.colcon_core.package_identification:_identify(joon_path_generate/final_steven_gong/Raceline-Optimization/outputs/f1tenth_korea_3rd_centerline) by extensions ['colcon_pkg']
[2.564s] Level 1:colcon.colcon_core.package_identification:_identify(joon_path_generate/final_steven_gong/Raceline-Optimization/outputs/f1tenth_korea_3rd_centerline) by extension 'colcon_pkg'
[2.565s] Level 1:colcon.colcon_core.package_identification:_identify(joon_path_generate/final_steven_gong/Raceline-Optimization/outputs/f1tenth_korea_3rd_centerline) by extensions ['colcon_meta']
[2.565s] Level 1:colcon.colcon_core.package_identification:_identify(joon_path_generate/final_steven_gong/Raceline-Optimization/outputs/f1tenth_korea_3rd_centerline) by extension 'colcon_meta'
[2.567s] Level 1:colcon.colcon_core.package_identification:_identify(joon_path_generate/final_steven_gong/Raceline-Optimization/outputs/f1tenth_korea_3rd_centerline) by extensions ['ros']
[2.568s] Level 1:colcon.colcon_core.package_identification:_identify(joon_path_generate/final_steven_gong/Raceline-Optimization/outputs/f1tenth_korea_3rd_centerline) by extension 'ros'
[2.568s] Level 1:colcon.colcon_core.package_identification:_identify(joon_path_generate/final_steven_gong/Raceline-Optimization/outputs/f1tenth_korea_3rd_centerline) by extensions ['cmake', 'python']
[2.570s] Level 1:colcon.colcon_core.package_identification:_identify(joon_path_generate/final_steven_gong/Raceline-Optimization/outputs/f1tenth_korea_3rd_centerline) by extension 'cmake'
[2.570s] Level 1:colcon.colcon_core.package_identification:_identify(joon_path_generate/final_steven_gong/Raceline-Optimization/outputs/f1tenth_korea_3rd_centerline) by extension 'python'
[2.571s] Level 1:colcon.colcon_core.package_identification:_identify(joon_path_generate/final_steven_gong/Raceline-Optimization/outputs/f1tenth_korea_3rd_centerline) by extensions ['python_setup_py']
[2.571s] Level 1:colcon.colcon_core.package_identification:_identify(joon_path_generate/final_steven_gong/Raceline-Optimization/outputs/f1tenth_korea_3rd_centerline) by extension 'python_setup_py'
[2.572s] Level 1:colcon.colcon_core.package_identification:_identify(joon_path_generate/final_steven_gong/Raceline-Optimization/outputs/f1tenth_korea_3rd_centerline/mintime-2025-08-29 18:19:28.126033) by extensions ['ignore', 'ignore_ament_install']
[2.573s] Level 1:colcon.colcon_core.package_identification:_identify(joon_path_generate/final_steven_gong/Raceline-Optimization/outputs/f1tenth_korea_3rd_centerline/mintime-2025-08-29 18:19:28.126033) by extension 'ignore'
[2.573s] Level 1:colcon.colcon_core.package_identification:_identify(joon_path_generate/final_steven_gong/Raceline-Optimization/outputs/f1tenth_korea_3rd_centerline/mintime-2025-08-29 18:19:28.126033) by extension 'ignore_ament_install'
[2.574s] Level 1:colcon.colcon_core.package_identification:_identify(joon_path_generate/final_steven_gong/Raceline-Optimization/outputs/f1tenth_korea_3rd_centerline/mintime-2025-08-29 18:19:28.126033) by extensions ['colcon_pkg']
[2.576s] Level 1:colcon.colcon_core.package_identification:_identify(joon_path_generate/final_steven_gong/Raceline-Optimization/outputs/f1tenth_korea_3rd_centerline/mintime-2025-08-29 18:19:28.126033) by extension 'colcon_pkg'
[2.576s] Level 1:colcon.colcon_core.package_identification:_identify(joon_path_generate/final_steven_gong/Raceline-Optimization/outputs/f1tenth_korea_3rd_centerline/mintime-2025-08-29 18:19:28.126033) by extensions ['colcon_meta']
[2.576s] Level 1:colcon.colcon_core.package_identification:_identify(joon_path_generate/final_steven_gong/Raceline-Optimization/outputs/f1tenth_korea_3rd_centerline/mintime-2025-08-29 18:19:28.126033) by extension 'colcon_meta'
[2.578s] Level 1:colcon.colcon_core.package_identification:_identify(joon_path_generate/final_steven_gong/Raceline-Optimization/outputs/f1tenth_korea_3rd_centerline/mintime-2025-08-29 18:19:28.126033) by extensions ['ros']
[2.579s] Level 1:colcon.colcon_core.package_identification:_identify(joon_path_generate/final_steven_gong/Raceline-Optimization/outputs/f1tenth_korea_3rd_centerline/mintime-2025-08-29 18:19:28.126033) by extension 'ros'
[2.579s] Level 1:colcon.colcon_core.package_identification:_identify(joon_path_generate/final_steven_gong/Raceline-Optimization/outputs/f1tenth_korea_3rd_centerline/mintime-2025-08-29 18:19:28.126033) by extensions ['cmake', 'python']
[2.579s] Level 1:colcon.colcon_core.package_identification:_identify(joon_path_generate/final_steven_gong/Raceline-Optimization/outputs/f1tenth_korea_3rd_centerline/mintime-2025-08-29 18:19:28.126033) by extension 'cmake'
[2.579s] Level 1:colcon.colcon_core.package_identification:_identify(joon_path_generate/final_steven_gong/Raceline-Optimization/outputs/f1tenth_korea_3rd_centerline/mintime-2025-08-29 18:19:28.126033) by extension 'python'
[2.580s] Level 1:colcon.colcon_core.package_identification:_identify(joon_path_generate/final_steven_gong/Raceline-Optimization/outputs/f1tenth_korea_3rd_centerline/mintime-2025-08-29 18:19:28.126033) by extensions ['python_setup_py']
[2.580s] Level 1:colcon.colcon_core.package_identification:_identify(joon_path_generate/final_steven_gong/Raceline-Optimization/outputs/f1tenth_korea_3rd_centerline/mintime-2025-08-29 18:19:28.126033) by extension 'python_setup_py'
[2.581s] Level 1:colcon.colcon_core.package_identification:_identify(joon_path_generate/final_steven_gong/Raceline-Optimization/outputs/f1tenth_korea_3rd_centerline_with_widths) by extensions ['ignore', 'ignore_ament_install']
[2.581s] Level 1:colcon.colcon_core.package_identification:_identify(joon_path_generate/final_steven_gong/Raceline-Optimization/outputs/f1tenth_korea_3rd_centerline_with_widths) by extension 'ignore'
[2.581s] Level 1:colcon.colcon_core.package_identification:_identify(joon_path_generate/final_steven_gong/Raceline-Optimization/outputs/f1tenth_korea_3rd_centerline_with_widths) by extension 'ignore_ament_install'
[2.582s] Level 1:colcon.colcon_core.package_identification:_identify(joon_path_generate/final_steven_gong/Raceline-Optimization/outputs/f1tenth_korea_3rd_centerline_with_widths) by extensions ['colcon_pkg']
[2.582s] Level 1:colcon.colcon_core.package_identification:_identify(joon_path_generate/final_steven_gong/Raceline-Optimization/outputs/f1tenth_korea_3rd_centerline_with_widths) by extension 'colcon_pkg'
[2.582s] Level 1:colcon.colcon_core.package_identification:_identify(joon_path_generate/final_steven_gong/Raceline-Optimization/outputs/f1tenth_korea_3rd_centerline_with_widths) by extensions ['colcon_meta']
[2.583s] Level 1:colcon.colcon_core.package_identification:_identify(joon_path_generate/final_steven_gong/Raceline-Optimization/outputs/f1tenth_korea_3rd_centerline_with_widths) by extension 'colcon_meta'
[2.583s] Level 1:colcon.colcon_core.package_identification:_identify(joon_path_generate/final_steven_gong/Raceline-Optimization/outputs/f1tenth_korea_3rd_centerline_with_widths) by extensions ['ros']
[2.584s] Level 1:colcon.colcon_core.package_identification:_identify(joon_path_generate/final_steven_gong/Raceline-Optimization/outputs/f1tenth_korea_3rd_centerline_with_widths) by extension 'ros'
[2.584s] Level 1:colcon.colcon_core.package_identification:_identify(joon_path_generate/final_steven_gong/Raceline-Optimization/outputs/f1tenth_korea_3rd_centerline_with_widths) by extensions ['cmake', 'python']
[2.584s] Level 1:colcon.colcon_core.package_identification:_identify(joon_path_generate/final_steven_gong/Raceline-Optimization/outputs/f1tenth_korea_3rd_centerline_with_widths) by extension 'cmake'
[2.585s] Level 1:colcon.colcon_core.package_identification:_identify(joon_path_generate/final_steven_gong/Raceline-Optimization/outputs/f1tenth_korea_3rd_centerline_with_widths) by extension 'python'
[2.585s] Level 1:colcon.colcon_core.package_identification:_identify(joon_path_generate/final_steven_gong/Raceline-Optimization/outputs/f1tenth_korea_3rd_centerline_with_widths) by extensions ['python_setup_py']
[2.585s] Level 1:colcon.colcon_core.package_identification:_identify(joon_path_generate/final_steven_gong/Raceline-Optimization/outputs/f1tenth_korea_3rd_centerline_with_widths) by extension 'python_setup_py'
[2.586s] Level 1:colcon.colcon_core.package_identification:_identify(joon_path_generate/final_steven_gong/Raceline-Optimization/outputs/f1tenth_korea_3rd_centerline_with_widths/mintime-2025-08-29 18:30:01.666133) by extensions ['ignore', 'ignore_ament_install']
[2.586s] Level 1:colcon.colcon_core.package_identification:_identify(joon_path_generate/final_steven_gong/Raceline-Optimization/outputs/f1tenth_korea_3rd_centerline_with_widths/mintime-2025-08-29 18:30:01.666133) by extension 'ignore'
[2.588s] Level 1:colcon.colcon_core.package_identification:_identify(joon_path_generate/final_steven_gong/Raceline-Optimization/outputs/f1tenth_korea_3rd_centerline_with_widths/mintime-2025-08-29 18:30:01.666133) by extension 'ignore_ament_install'
[2.589s] Level 1:colcon.colcon_core.package_identification:_identify(joon_path_generate/final_steven_gong/Raceline-Optimization/outputs/f1tenth_korea_3rd_centerline_with_widths/mintime-2025-08-29 18:30:01.666133) by extensions ['colcon_pkg']
[2.589s] Level 1:colcon.colcon_core.package_identification:_identify(joon_path_generate/final_steven_gong/Raceline-Optimization/outputs/f1tenth_korea_3rd_centerline_with_widths/mintime-2025-08-29 18:30:01.666133) by extension 'colcon_pkg'
[2.589s] Level 1:colcon.colcon_core.package_identification:_identify(joon_path_generate/final_steven_gong/Raceline-Optimization/outputs/f1tenth_korea_3rd_centerline_with_widths/mintime-2025-08-29 18:30:01.666133) by extensions ['colcon_meta']
[2.589s] Level 1:colcon.colcon_core.package_identification:_identify(joon_path_generate/final_steven_gong/Raceline-Optimization/outputs/f1tenth_korea_3rd_centerline_with_widths/mintime-2025-08-29 18:30:01.666133) by extension 'colcon_meta'
[2.590s] Level 1:colcon.colcon_core.package_identification:_identify(joon_path_generate/final_steven_gong/Raceline-Optimization/outputs/f1tenth_korea_3rd_centerline_with_widths/mintime-2025-08-29 18:30:01.666133) by extensions ['ros']
[2.590s] Level 1:colcon.colcon_core.package_identification:_identify(joon_path_generate/final_steven_gong/Raceline-Optimization/outputs/f1tenth_korea_3rd_centerline_with_widths/mintime-2025-08-29 18:30:01.666133) by extension 'ros'
[2.590s] Level 1:colcon.colcon_core.package_identification:_identify(joon_path_generate/final_steven_gong/Raceline-Optimization/outputs/f1tenth_korea_3rd_centerline_with_widths/mintime-2025-08-29 18:30:01.666133) by extensions ['cmake', 'python']
[2.591s] Level 1:colcon.colcon_core.package_identification:_identify(joon_path_generate/final_steven_gong/Raceline-Optimization/outputs/f1tenth_korea_3rd_centerline_with_widths/mintime-2025-08-29 18:30:01.666133) by extension 'cmake'
[2.591s] Level 1:colcon.colcon_core.package_identification:_identify(joon_path_generate/final_steven_gong/Raceline-Optimization/outputs/f1tenth_korea_3rd_centerline_with_widths/mintime-2025-08-29 18:30:01.666133) by extension 'python'
[2.591s] Level 1:colcon.colcon_core.package_identification:_identify(joon_path_generate/final_steven_gong/Raceline-Optimization/outputs/f1tenth_korea_3rd_centerline_with_widths/mintime-2025-08-29 18:30:01.666133) by extensions ['python_setup_py']
[2.591s] Level 1:colcon.colcon_core.package_identification:_identify(joon_path_generate/final_steven_gong/Raceline-Optimization/outputs/f1tenth_korea_3rd_centerline_with_widths/mintime-2025-08-29 18:30:01.666133) by extension 'python_setup_py'
[2.592s] Level 1:colcon.colcon_core.package_identification:_identify(joon_path_generate/final_steven_gong/Raceline-Optimization/outputs/f1tenth_korea_3rd_centerline_with_widths_fixed) by extensions ['ignore', 'ignore_ament_install']
[2.593s] Level 1:colcon.colcon_core.package_identification:_identify(joon_path_generate/final_steven_gong/Raceline-Optimization/outputs/f1tenth_korea_3rd_centerline_with_widths_fixed) by extension 'ignore'
[2.593s] Level 1:colcon.colcon_core.package_identification:_identify(joon_path_generate/final_steven_gong/Raceline-Optimization/outputs/f1tenth_korea_3rd_centerline_with_widths_fixed) by extension 'ignore_ament_install'
[2.593s] Level 1:colcon.colcon_core.package_identification:_identify(joon_path_generate/final_steven_gong/Raceline-Optimization/outputs/f1tenth_korea_3rd_centerline_with_widths_fixed) by extensions ['colcon_pkg']
[2.593s] Level 1:colcon.colcon_core.package_identification:_identify(joon_path_generate/final_steven_gong/Raceline-Optimization/outputs/f1tenth_korea_3rd_centerline_with_widths_fixed) by extension 'colcon_pkg'
[2.594s] Level 1:colcon.colcon_core.package_identification:_identify(joon_path_generate/final_steven_gong/Raceline-Optimization/outputs/f1tenth_korea_3rd_centerline_with_widths_fixed) by extensions ['colcon_meta']
[2.594s] Level 1:colcon.colcon_core.package_identification:_identify(joon_path_generate/final_steven_gong/Raceline-Optimization/outputs/f1tenth_korea_3rd_centerline_with_widths_fixed) by extension 'colcon_meta'
[2.594s] Level 1:colcon.colcon_core.package_identification:_identify(joon_path_generate/final_steven_gong/Raceline-Optimization/outputs/f1tenth_korea_3rd_centerline_with_widths_fixed) by extensions ['ros']
[2.595s] Level 1:colcon.colcon_core.package_identification:_identify(joon_path_generate/final_steven_gong/Raceline-Optimization/outputs/f1tenth_korea_3rd_centerline_with_widths_fixed) by extension 'ros'
[2.595s] Level 1:colcon.colcon_core.package_identification:_identify(joon_path_generate/final_steven_gong/Raceline-Optimization/outputs/f1tenth_korea_3rd_centerline_with_widths_fixed) by extensions ['cmake', 'python']
[2.595s] Level 1:colcon.colcon_core.package_identification:_identify(joon_path_generate/final_steven_gong/Raceline-Optimization/outputs/f1tenth_korea_3rd_centerline_with_widths_fixed) by extension 'cmake'
[2.595s] Level 1:colcon.colcon_core.package_identification:_identify(joon_path_generate/final_steven_gong/Raceline-Optimization/outputs/f1tenth_korea_3rd_centerline_with_widths_fixed) by extension 'python'
[2.596s] Level 1:colcon.colcon_core.package_identification:_identify(joon_path_generate/final_steven_gong/Raceline-Optimization/outputs/f1tenth_korea_3rd_centerline_with_widths_fixed) by extensions ['python_setup_py']
[2.596s] Level 1:colcon.colcon_core.package_identification:_identify(joon_path_generate/final_steven_gong/Raceline-Optimization/outputs/f1tenth_korea_3rd_centerline_with_widths_fixed) by extension 'python_setup_py'
[2.598s] Level 1:colcon.colcon_core.package_identification:_identify(joon_path_generate/final_steven_gong/Raceline-Optimization/outputs/f1tenth_korea_3rd_centerline_with_widths_fixed/mintime-2025-08-29 18:24:42.547684) by extensions ['ignore', 'ignore_ament_install']
[2.598s] Level 1:colcon.colcon_core.package_identification:_identify(joon_path_generate/final_steven_gong/Raceline-Optimization/outputs/f1tenth_korea_3rd_centerline_with_widths_fixed/mintime-2025-08-29 18:24:42.547684) by extension 'ignore'
[2.599s] Level 1:colcon.colcon_core.package_identification:_identify(joon_path_generate/final_steven_gong/Raceline-Optimization/outputs/f1tenth_korea_3rd_centerline_with_widths_fixed/mintime-2025-08-29 18:24:42.547684) by extension 'ignore_ament_install'
[2.599s] Level 1:colcon.colcon_core.package_identification:_identify(joon_path_generate/final_steven_gong/Raceline-Optimization/outputs/f1tenth_korea_3rd_centerline_with_widths_fixed/mintime-2025-08-29 18:24:42.547684) by extensions ['colcon_pkg']
[2.599s] Level 1:colcon.colcon_core.package_identification:_identify(joon_path_generate/final_steven_gong/Raceline-Optimization/outputs/f1tenth_korea_3rd_centerline_with_widths_fixed/mintime-2025-08-29 18:24:42.547684) by extension 'colcon_pkg'
[2.600s] Level 1:colcon.colcon_core.package_identification:_identify(joon_path_generate/final_steven_gong/Raceline-Optimization/outputs/f1tenth_korea_3rd_centerline_with_widths_fixed/mintime-2025-08-29 18:24:42.547684) by extensions ['colcon_meta']
[2.600s] Level 1:colcon.colcon_core.package_identification:_identify(joon_path_generate/final_steven_gong/Raceline-Optimization/outputs/f1tenth_korea_3rd_centerline_with_widths_fixed/mintime-2025-08-29 18:24:42.547684) by extension 'colcon_meta'
[2.600s] Level 1:colcon.colcon_core.package_identification:_identify(joon_path_generate/final_steven_gong/Raceline-Optimization/outputs/f1tenth_korea_3rd_centerline_with_widths_fixed/mintime-2025-08-29 18:24:42.547684) by extensions ['ros']
[2.600s] Level 1:colcon.colcon_core.package_identification:_identify(joon_path_generate/final_steven_gong/Raceline-Optimization/outputs/f1tenth_korea_3rd_centerline_with_widths_fixed/mintime-2025-08-29 18:24:42.547684) by extension 'ros'
[2.601s] Level 1:colcon.colcon_core.package_identification:_identify(joon_path_generate/final_steven_gong/Raceline-Optimization/outputs/f1tenth_korea_3rd_centerline_with_widths_fixed/mintime-2025-08-29 18:24:42.547684) by extensions ['cmake', 'python']
[2.601s] Level 1:colcon.colcon_core.package_identification:_identify(joon_path_generate/final_steven_gong/Raceline-Optimization/outputs/f1tenth_korea_3rd_centerline_with_widths_fixed/mintime-2025-08-29 18:24:42.547684) by extension 'cmake'
[2.602s] Level 1:colcon.colcon_core.package_identification:_identify(joon_path_generate/final_steven_gong/Raceline-Optimization/outputs/f1tenth_korea_3rd_centerline_with_widths_fixed/mintime-2025-08-29 18:24:42.547684) by extension 'python'
[2.602s] Level 1:colcon.colcon_core.package_identification:_identify(joon_path_generate/final_steven_gong/Raceline-Optimization/outputs/f1tenth_korea_3rd_centerline_with_widths_fixed/mintime-2025-08-29 18:24:42.547684) by extensions ['python_setup_py']
[2.602s] Level 1:colcon.colcon_core.package_identification:_identify(joon_path_generate/final_steven_gong/Raceline-Optimization/outputs/f1tenth_korea_3rd_centerline_with_widths_fixed/mintime-2025-08-29 18:24:42.547684) by extension 'python_setup_py'
[2.603s] Level 1:colcon.colcon_core.package_identification:_identify(joon_path_generate/final_steven_gong/Raceline-Optimization/params) by extensions ['ignore', 'ignore_ament_install']
[2.605s] Level 1:colcon.colcon_core.package_identification:_identify(joon_path_generate/final_steven_gong/Raceline-Optimization/params) by extension 'ignore'
[2.605s] Level 1:colcon.colcon_core.package_identification:_identify(joon_path_generate/final_steven_gong/Raceline-Optimization/params) by extension 'ignore_ament_install'
[2.605s] Level 1:colcon.colcon_core.package_identification:_identify(joon_path_generate/final_steven_gong/Raceline-Optimization/params) by extensions ['colcon_pkg']
[2.606s] Level 1:colcon.colcon_core.package_identification:_identify(joon_path_generate/final_steven_gong/Raceline-Optimization/params) by extension 'colcon_pkg'
[2.606s] Level 1:colcon.colcon_core.package_identification:_identify(joon_path_generate/final_steven_gong/Raceline-Optimization/params) by extensions ['colcon_meta']
[2.606s] Level 1:colcon.colcon_core.package_identification:_identify(joon_path_generate/final_steven_gong/Raceline-Optimization/params) by extension 'colcon_meta'
[2.606s] Level 1:colcon.colcon_core.package_identification:_identify(joon_path_generate/final_steven_gong/Raceline-Optimization/params) by extensions ['ros']
[2.607s] Level 1:colcon.colcon_core.package_identification:_identify(joon_path_generate/final_steven_gong/Raceline-Optimization/params) by extension 'ros'
[2.607s] Level 1:colcon.colcon_core.package_identification:_identify(joon_path_generate/final_steven_gong/Raceline-Optimization/params) by extensions ['cmake', 'python']
[2.607s] Level 1:colcon.colcon_core.package_identification:_identify(joon_path_generate/final_steven_gong/Raceline-Optimization/params) by extension 'cmake'
[2.608s] Level 1:colcon.colcon_core.package_identification:_identify(joon_path_generate/final_steven_gong/Raceline-Optimization/params) by extension 'python'
[2.608s] Level 1:colcon.colcon_core.package_identification:_identify(joon_path_generate/final_steven_gong/Raceline-Optimization/params) by extensions ['python_setup_py']
[2.608s] Level 1:colcon.colcon_core.package_identification:_identify(joon_path_generate/final_steven_gong/Raceline-Optimization/params) by extension 'python_setup_py'
[2.609s] Level 1:colcon.colcon_core.package_identification:_identify(joon_path_generate/global_racetrajectory_optimization) by extensions ['ignore', 'ignore_ament_install']
[2.609s] Level 1:colcon.colcon_core.package_identification:_identify(joon_path_generate/global_racetrajectory_optimization) by extension 'ignore'
[2.610s] Level 1:colcon.colcon_core.package_identification:_identify(joon_path_generate/global_racetrajectory_optimization) by extension 'ignore_ament_install'
[2.610s] Level 1:colcon.colcon_core.package_identification:_identify(joon_path_generate/global_racetrajectory_optimization) by extensions ['colcon_pkg']
[2.610s] Level 1:colcon.colcon_core.package_identification:_identify(joon_path_generate/global_racetrajectory_optimization) by extension 'colcon_pkg'
[2.610s] Level 1:colcon.colcon_core.package_identification:_identify(joon_path_generate/global_racetrajectory_optimization) by extensions ['colcon_meta']
[2.610s] Level 1:colcon.colcon_core.package_identification:_identify(joon_path_generate/global_racetrajectory_optimization) by extension 'colcon_meta'
[2.611s] Level 1:colcon.colcon_core.package_identification:_identify(joon_path_generate/global_racetrajectory_optimization) by extensions ['ros']
[2.611s] Level 1:colcon.colcon_core.package_identification:_identify(joon_path_generate/global_racetrajectory_optimization) by extension 'ros'
[2.611s] Level 1:colcon.colcon_core.package_identification:_identify(joon_path_generate/global_racetrajectory_optimization) by extensions ['cmake', 'python']
[2.612s] Level 1:colcon.colcon_core.package_identification:_identify(joon_path_generate/global_racetrajectory_optimization) by extension 'cmake'
[2.612s] Level 1:colcon.colcon_core.package_identification:_identify(joon_path_generate/global_racetrajectory_optimization) by extension 'python'
[2.612s] Level 1:colcon.colcon_core.package_identification:_identify(joon_path_generate/global_racetrajectory_optimization) by extensions ['python_setup_py']
[2.613s] Level 1:colcon.colcon_core.package_identification:_identify(joon_path_generate/global_racetrajectory_optimization) by extension 'python_setup_py'
[2.613s] Level 1:colcon.colcon_core.package_identification:_identify(joon_path_generate/global_racetrajectory_optimization/frictionmap) by extensions ['ignore', 'ignore_ament_install']
[2.614s] Level 1:colcon.colcon_core.package_identification:_identify(joon_path_generate/global_racetrajectory_optimization/frictionmap) by extension 'ignore'
[2.614s] Level 1:colcon.colcon_core.package_identification:_identify(joon_path_generate/global_racetrajectory_optimization/frictionmap) by extension 'ignore_ament_install'
[2.614s] Level 1:colcon.colcon_core.package_identification:_identify(joon_path_generate/global_racetrajectory_optimization/frictionmap) by extensions ['colcon_pkg']
[2.615s] Level 1:colcon.colcon_core.package_identification:_identify(joon_path_generate/global_racetrajectory_optimization/frictionmap) by extension 'colcon_pkg'
[2.615s] Level 1:colcon.colcon_core.package_identification:_identify(joon_path_generate/global_racetrajectory_optimization/frictionmap) by extensions ['colcon_meta']
[2.615s] Level 1:colcon.colcon_core.package_identification:_identify(joon_path_generate/global_racetrajectory_optimization/frictionmap) by extension 'colcon_meta'
[2.615s] Level 1:colcon.colcon_core.package_identification:_identify(joon_path_generate/global_racetrajectory_optimization/frictionmap) by extensions ['ros']
[2.616s] Level 1:colcon.colcon_core.package_identification:_identify(joon_path_generate/global_racetrajectory_optimization/frictionmap) by extension 'ros'
[2.616s] Level 1:colcon.colcon_core.package_identification:_identify(joon_path_generate/global_racetrajectory_optimization/frictionmap) by extensions ['cmake', 'python']
[2.616s] Level 1:colcon.colcon_core.package_identification:_identify(joon_path_generate/global_racetrajectory_optimization/frictionmap) by extension 'cmake'
[2.618s] Level 1:colcon.colcon_core.package_identification:_identify(joon_path_generate/global_racetrajectory_optimization/frictionmap) by extension 'python'
[2.618s] Level 1:colcon.colcon_core.package_identification:_identify(joon_path_generate/global_racetrajectory_optimization/frictionmap) by extensions ['python_setup_py']
[2.618s] Level 1:colcon.colcon_core.package_identification:_identify(joon_path_generate/global_racetrajectory_optimization/frictionmap) by extension 'python_setup_py'
[2.622s] Level 1:colcon.colcon_core.package_identification:_identify(joon_path_generate/global_racetrajectory_optimization/frictionmap/src) by extensions ['ignore', 'ignore_ament_install']
[2.623s] Level 1:colcon.colcon_core.package_identification:_identify(joon_path_generate/global_racetrajectory_optimization/frictionmap/src) by extension 'ignore'
[2.624s] Level 1:colcon.colcon_core.package_identification:_identify(joon_path_generate/global_racetrajectory_optimization/frictionmap/src) by extension 'ignore_ament_install'
[2.625s] Level 1:colcon.colcon_core.package_identification:_identify(joon_path_generate/global_racetrajectory_optimization/frictionmap/src) by extensions ['colcon_pkg']
[2.625s] Level 1:colcon.colcon_core.package_identification:_identify(joon_path_generate/global_racetrajectory_optimization/frictionmap/src) by extension 'colcon_pkg'
[2.625s] Level 1:colcon.colcon_core.package_identification:_identify(joon_path_generate/global_racetrajectory_optimization/frictionmap/src) by extensions ['colcon_meta']
[2.626s] Level 1:colcon.colcon_core.package_identification:_identify(joon_path_generate/global_racetrajectory_optimization/frictionmap/src) by extension 'colcon_meta'
[2.626s] Level 1:colcon.colcon_core.package_identification:_identify(joon_path_generate/global_racetrajectory_optimization/frictionmap/src) by extensions ['ros']
[2.626s] Level 1:colcon.colcon_core.package_identification:_identify(joon_path_generate/global_racetrajectory_optimization/frictionmap/src) by extension 'ros'
[2.627s] Level 1:colcon.colcon_core.package_identification:_identify(joon_path_generate/global_racetrajectory_optimization/frictionmap/src) by extensions ['cmake', 'python']
[2.627s] Level 1:colcon.colcon_core.package_identification:_identify(joon_path_generate/global_racetrajectory_optimization/frictionmap/src) by extension 'cmake'
[2.627s] Level 1:colcon.colcon_core.package_identification:_identify(joon_path_generate/global_racetrajectory_optimization/frictionmap/src) by extension 'python'
[2.628s] Level 1:colcon.colcon_core.package_identification:_identify(joon_path_generate/global_racetrajectory_optimization/frictionmap/src) by extensions ['python_setup_py']
[2.628s] Level 1:colcon.colcon_core.package_identification:_identify(joon_path_generate/global_racetrajectory_optimization/frictionmap/src) by extension 'python_setup_py'
[2.629s] Level 1:colcon.colcon_core.package_identification:_identify(joon_path_generate/global_racetrajectory_optimization/helper_funcs_glob) by extensions ['ignore', 'ignore_ament_install']
[2.629s] Level 1:colcon.colcon_core.package_identification:_identify(joon_path_generate/global_racetrajectory_optimization/helper_funcs_glob) by extension 'ignore'
[2.629s] Level 1:colcon.colcon_core.package_identification:_identify(joon_path_generate/global_racetrajectory_optimization/helper_funcs_glob) by extension 'ignore_ament_install'
[2.630s] Level 1:colcon.colcon_core.package_identification:_identify(joon_path_generate/global_racetrajectory_optimization/helper_funcs_glob) by extensions ['colcon_pkg']
[2.630s] Level 1:colcon.colcon_core.package_identification:_identify(joon_path_generate/global_racetrajectory_optimization/helper_funcs_glob) by extension 'colcon_pkg'
[2.630s] Level 1:colcon.colcon_core.package_identification:_identify(joon_path_generate/global_racetrajectory_optimization/helper_funcs_glob) by extensions ['colcon_meta']
[2.630s] Level 1:colcon.colcon_core.package_identification:_identify(joon_path_generate/global_racetrajectory_optimization/helper_funcs_glob) by extension 'colcon_meta'
[2.631s] Level 1:colcon.colcon_core.package_identification:_identify(joon_path_generate/global_racetrajectory_optimization/helper_funcs_glob) by extensions ['ros']
[2.631s] Level 1:colcon.colcon_core.package_identification:_identify(joon_path_generate/global_racetrajectory_optimization/helper_funcs_glob) by extension 'ros'
[2.631s] Level 1:colcon.colcon_core.package_identification:_identify(joon_path_generate/global_racetrajectory_optimization/helper_funcs_glob) by extensions ['cmake', 'python']
[2.631s] Level 1:colcon.colcon_core.package_identification:_identify(joon_path_generate/global_racetrajectory_optimization/helper_funcs_glob) by extension 'cmake'
[2.632s] Level 1:colcon.colcon_core.package_identification:_identify(joon_path_generate/global_racetrajectory_optimization/helper_funcs_glob) by extension 'python'
[2.632s] Level 1:colcon.colcon_core.package_identification:_identify(joon_path_generate/global_racetrajectory_optimization/helper_funcs_glob) by extensions ['python_setup_py']
[2.632s] Level 1:colcon.colcon_core.package_identification:_identify(joon_path_generate/global_racetrajectory_optimization/helper_funcs_glob) by extension 'python_setup_py'
[2.633s] Level 1:colcon.colcon_core.package_identification:_identify(joon_path_generate/global_racetrajectory_optimization/helper_funcs_glob/src) by extensions ['ignore', 'ignore_ament_install']
[2.633s] Level 1:colcon.colcon_core.package_identification:_identify(joon_path_generate/global_racetrajectory_optimization/helper_funcs_glob/src) by extension 'ignore'
[2.634s] Level 1:colcon.colcon_core.package_identification:_identify(joon_path_generate/global_racetrajectory_optimization/helper_funcs_glob/src) by extension 'ignore_ament_install'
[2.634s] Level 1:colcon.colcon_core.package_identification:_identify(joon_path_generate/global_racetrajectory_optimization/helper_funcs_glob/src) by extensions ['colcon_pkg']
[2.634s] Level 1:colcon.colcon_core.package_identification:_identify(joon_path_generate/global_racetrajectory_optimization/helper_funcs_glob/src) by extension 'colcon_pkg'
[2.634s] Level 1:colcon.colcon_core.package_identification:_identify(joon_path_generate/global_racetrajectory_optimization/helper_funcs_glob/src) by extensions ['colcon_meta']
[2.634s] Level 1:colcon.colcon_core.package_identification:_identify(joon_path_generate/global_racetrajectory_optimization/helper_funcs_glob/src) by extension 'colcon_meta'
[2.635s] Level 1:colcon.colcon_core.package_identification:_identify(joon_path_generate/global_racetrajectory_optimization/helper_funcs_glob/src) by extensions ['ros']
[2.635s] Level 1:colcon.colcon_core.package_identification:_identify(joon_path_generate/global_racetrajectory_optimization/helper_funcs_glob/src) by extension 'ros'
[2.635s] Level 1:colcon.colcon_core.package_identification:_identify(joon_path_generate/global_racetrajectory_optimization/helper_funcs_glob/src) by extensions ['cmake', 'python']
[2.636s] Level 1:colcon.colcon_core.package_identification:_identify(joon_path_generate/global_racetrajectory_optimization/helper_funcs_glob/src) by extension 'cmake'
[2.637s] Level 1:colcon.colcon_core.package_identification:_identify(joon_path_generate/global_racetrajectory_optimization/helper_funcs_glob/src) by extension 'python'
[2.638s] Level 1:colcon.colcon_core.package_identification:_identify(joon_path_generate/global_racetrajectory_optimization/helper_funcs_glob/src) by extensions ['python_setup_py']
[2.638s] Level 1:colcon.colcon_core.package_identification:_identify(joon_path_generate/global_racetrajectory_optimization/helper_funcs_glob/src) by extension 'python_setup_py'
[2.639s] Level 1:colcon.colcon_core.package_identification:_identify(joon_path_generate/global_racetrajectory_optimization/inputs) by extensions ['ignore', 'ignore_ament_install']
[2.640s] Level 1:colcon.colcon_core.package_identification:_identify(joon_path_generate/global_racetrajectory_optimization/inputs) by extension 'ignore'
[2.640s] Level 1:colcon.colcon_core.package_identification:_identify(joon_path_generate/global_racetrajectory_optimization/inputs) by extension 'ignore_ament_install'
[2.640s] Level 1:colcon.colcon_core.package_identification:_identify(joon_path_generate/global_racetrajectory_optimization/inputs) by extensions ['colcon_pkg']
[2.641s] Level 1:colcon.colcon_core.package_identification:_identify(joon_path_generate/global_racetrajectory_optimization/inputs) by extension 'colcon_pkg'
[2.641s] Level 1:colcon.colcon_core.package_identification:_identify(joon_path_generate/global_racetrajectory_optimization/inputs) by extensions ['colcon_meta']
[2.642s] Level 1:colcon.colcon_core.package_identification:_identify(joon_path_generate/global_racetrajectory_optimization/inputs) by extension 'colcon_meta'
[2.643s] Level 1:colcon.colcon_core.package_identification:_identify(joon_path_generate/global_racetrajectory_optimization/inputs) by extensions ['ros']
[2.643s] Level 1:colcon.colcon_core.package_identification:_identify(joon_path_generate/global_racetrajectory_optimization/inputs) by extension 'ros'
[2.644s] Level 1:colcon.colcon_core.package_identification:_identify(joon_path_generate/global_racetrajectory_optimization/inputs) by extensions ['cmake', 'python']
[2.644s] Level 1:colcon.colcon_core.package_identification:_identify(joon_path_generate/global_racetrajectory_optimization/inputs) by extension 'cmake'
[2.644s] Level 1:colcon.colcon_core.package_identification:_identify(joon_path_generate/global_racetrajectory_optimization/inputs) by extension 'python'
[2.644s] Level 1:colcon.colcon_core.package_identification:_identify(joon_path_generate/global_racetrajectory_optimization/inputs) by extensions ['python_setup_py']
[2.645s] Level 1:colcon.colcon_core.package_identification:_identify(joon_path_generate/global_racetrajectory_optimization/inputs) by extension 'python_setup_py'
[2.645s] Level 1:colcon.colcon_core.package_identification:_identify(joon_path_generate/global_racetrajectory_optimization/inputs/frictionmaps) by extensions ['ignore', 'ignore_ament_install']
[2.646s] Level 1:colcon.colcon_core.package_identification:_identify(joon_path_generate/global_racetrajectory_optimization/inputs/frictionmaps) by extension 'ignore'
[2.646s] Level 1:colcon.colcon_core.package_identification:_identify(joon_path_generate/global_racetrajectory_optimization/inputs/frictionmaps) by extension 'ignore_ament_install'
[2.646s] Level 1:colcon.colcon_core.package_identification:_identify(joon_path_generate/global_racetrajectory_optimization/inputs/frictionmaps) by extensions ['colcon_pkg']
[2.646s] Level 1:colcon.colcon_core.package_identification:_identify(joon_path_generate/global_racetrajectory_optimization/inputs/frictionmaps) by extension 'colcon_pkg'
[2.647s] Level 1:colcon.colcon_core.package_identification:_identify(joon_path_generate/global_racetrajectory_optimization/inputs/frictionmaps) by extensions ['colcon_meta']
[2.647s] Level 1:colcon.colcon_core.package_identification:_identify(joon_path_generate/global_racetrajectory_optimization/inputs/frictionmaps) by extension 'colcon_meta'
[2.647s] Level 1:colcon.colcon_core.package_identification:_identify(joon_path_generate/global_racetrajectory_optimization/inputs/frictionmaps) by extensions ['ros']
[2.647s] Level 1:colcon.colcon_core.package_identification:_identify(joon_path_generate/global_racetrajectory_optimization/inputs/frictionmaps) by extension 'ros'
[2.648s] Level 1:colcon.colcon_core.package_identification:_identify(joon_path_generate/global_racetrajectory_optimization/inputs/frictionmaps) by extensions ['cmake', 'python']
[2.648s] Level 1:colcon.colcon_core.package_identification:_identify(joon_path_generate/global_racetrajectory_optimization/inputs/frictionmaps) by extension 'cmake'
[2.649s] Level 1:colcon.colcon_core.package_identification:_identify(joon_path_generate/global_racetrajectory_optimization/inputs/frictionmaps) by extension 'python'
[2.649s] Level 1:colcon.colcon_core.package_identification:_identify(joon_path_generate/global_racetrajectory_optimization/inputs/frictionmaps) by extensions ['python_setup_py']
[2.649s] Level 1:colcon.colcon_core.package_identification:_identify(joon_path_generate/global_racetrajectory_optimization/inputs/frictionmaps) by extension 'python_setup_py'
[2.650s] Level 1:colcon.colcon_core.package_identification:_identify(joon_path_generate/global_racetrajectory_optimization/inputs/tracks) by extensions ['ignore', 'ignore_ament_install']
[2.651s] Level 1:colcon.colcon_core.package_identification:_identify(joon_path_generate/global_racetrajectory_optimization/inputs/tracks) by extension 'ignore'
[2.651s] Level 1:colcon.colcon_core.package_identification:_identify(joon_path_generate/global_racetrajectory_optimization/inputs/tracks) by extension 'ignore_ament_install'
[2.651s] Level 1:colcon.colcon_core.package_identification:_identify(joon_path_generate/global_racetrajectory_optimization/inputs/tracks) by extensions ['colcon_pkg']
[2.651s] Level 1:colcon.colcon_core.package_identification:_identify(joon_path_generate/global_racetrajectory_optimization/inputs/tracks) by extension 'colcon_pkg'
[2.652s] Level 1:colcon.colcon_core.package_identification:_identify(joon_path_generate/global_racetrajectory_optimization/inputs/tracks) by extensions ['colcon_meta']
[2.652s] Level 1:colcon.colcon_core.package_identification:_identify(joon_path_generate/global_racetrajectory_optimization/inputs/tracks) by extension 'colcon_meta'
[2.652s] Level 1:colcon.colcon_core.package_identification:_identify(joon_path_generate/global_racetrajectory_optimization/inputs/tracks) by extensions ['ros']
[2.652s] Level 1:colcon.colcon_core.package_identification:_identify(joon_path_generate/global_racetrajectory_optimization/inputs/tracks) by extension 'ros'
[2.653s] Level 1:colcon.colcon_core.package_identification:_identify(joon_path_generate/global_racetrajectory_optimization/inputs/tracks) by extensions ['cmake', 'python']
[2.653s] Level 1:colcon.colcon_core.package_identification:_identify(joon_path_generate/global_racetrajectory_optimization/inputs/tracks) by extension 'cmake'
[2.654s] Level 1:colcon.colcon_core.package_identification:_identify(joon_path_generate/global_racetrajectory_optimization/inputs/tracks) by extension 'python'
[2.655s] Level 1:colcon.colcon_core.package_identification:_identify(joon_path_generate/global_racetrajectory_optimization/inputs/tracks) by extensions ['python_setup_py']
[2.655s] Level 1:colcon.colcon_core.package_identification:_identify(joon_path_generate/global_racetrajectory_optimization/inputs/tracks) by extension 'python_setup_py'
[2.656s] Level 1:colcon.colcon_core.package_identification:_identify(joon_path_generate/global_racetrajectory_optimization/inputs/veh_dyn_info) by extensions ['ignore', 'ignore_ament_install']
[2.656s] Level 1:colcon.colcon_core.package_identification:_identify(joon_path_generate/global_racetrajectory_optimization/inputs/veh_dyn_info) by extension 'ignore'
[2.656s] Level 1:colcon.colcon_core.package_identification:_identify(joon_path_generate/global_racetrajectory_optimization/inputs/veh_dyn_info) by extension 'ignore_ament_install'
[2.658s] Level 1:colcon.colcon_core.package_identification:_identify(joon_path_generate/global_racetrajectory_optimization/inputs/veh_dyn_info) by extensions ['colcon_pkg']
[2.658s] Level 1:colcon.colcon_core.package_identification:_identify(joon_path_generate/global_racetrajectory_optimization/inputs/veh_dyn_info) by extension 'colcon_pkg'
[2.659s] Level 1:colcon.colcon_core.package_identification:_identify(joon_path_generate/global_racetrajectory_optimization/inputs/veh_dyn_info) by extensions ['colcon_meta']
[2.659s] Level 1:colcon.colcon_core.package_identification:_identify(joon_path_generate/global_racetrajectory_optimization/inputs/veh_dyn_info) by extension 'colcon_meta'
[2.659s] Level 1:colcon.colcon_core.package_identification:_identify(joon_path_generate/global_racetrajectory_optimization/inputs/veh_dyn_info) by extensions ['ros']
[2.659s] Level 1:colcon.colcon_core.package_identification:_identify(joon_path_generate/global_racetrajectory_optimization/inputs/veh_dyn_info) by extension 'ros'
[2.660s] Level 1:colcon.colcon_core.package_identification:_identify(joon_path_generate/global_racetrajectory_optimization/inputs/veh_dyn_info) by extensions ['cmake', 'python']
[2.660s] Level 1:colcon.colcon_core.package_identification:_identify(joon_path_generate/global_racetrajectory_optimization/inputs/veh_dyn_info) by extension 'cmake'
[2.661s] Level 1:colcon.colcon_core.package_identification:_identify(joon_path_generate/global_racetrajectory_optimization/inputs/veh_dyn_info) by extension 'python'
[2.661s] Level 1:colcon.colcon_core.package_identification:_identify(joon_path_generate/global_racetrajectory_optimization/inputs/veh_dyn_info) by extensions ['python_setup_py']
[2.661s] Level 1:colcon.colcon_core.package_identification:_identify(joon_path_generate/global_racetrajectory_optimization/inputs/veh_dyn_info) by extension 'python_setup_py'
[2.662s] Level 1:colcon.colcon_core.package_identification:_identify(joon_path_generate/global_racetrajectory_optimization/opt_mintime_traj) by extensions ['ignore', 'ignore_ament_install']
[2.663s] Level 1:colcon.colcon_core.package_identification:_identify(joon_path_generate/global_racetrajectory_optimization/opt_mintime_traj) by extension 'ignore'
[2.663s] Level 1:colcon.colcon_core.package_identification:_identify(joon_path_generate/global_racetrajectory_optimization/opt_mintime_traj) by extension 'ignore_ament_install'
[2.664s] Level 1:colcon.colcon_core.package_identification:_identify(joon_path_generate/global_racetrajectory_optimization/opt_mintime_traj) by extensions ['colcon_pkg']
[2.664s] Level 1:colcon.colcon_core.package_identification:_identify(joon_path_generate/global_racetrajectory_optimization/opt_mintime_traj) by extension 'colcon_pkg'
[2.664s] Level 1:colcon.colcon_core.package_identification:_identify(joon_path_generate/global_racetrajectory_optimization/opt_mintime_traj) by extensions ['colcon_meta']
[2.664s] Level 1:colcon.colcon_core.package_identification:_identify(joon_path_generate/global_racetrajectory_optimization/opt_mintime_traj) by extension 'colcon_meta'
[2.665s] Level 1:colcon.colcon_core.package_identification:_identify(joon_path_generate/global_racetrajectory_optimization/opt_mintime_traj) by extensions ['ros']
[2.665s] Level 1:colcon.colcon_core.package_identification:_identify(joon_path_generate/global_racetrajectory_optimization/opt_mintime_traj) by extension 'ros'
[2.665s] Level 1:colcon.colcon_core.package_identification:_identify(joon_path_generate/global_racetrajectory_optimization/opt_mintime_traj) by extensions ['cmake', 'python']
[2.665s] Level 1:colcon.colcon_core.package_identification:_identify(joon_path_generate/global_racetrajectory_optimization/opt_mintime_traj) by extension 'cmake'
[2.666s] Level 1:colcon.colcon_core.package_identification:_identify(joon_path_generate/global_racetrajectory_optimization/opt_mintime_traj) by extension 'python'
[2.666s] Level 1:colcon.colcon_core.package_identification:_identify(joon_path_generate/global_racetrajectory_optimization/opt_mintime_traj) by extensions ['python_setup_py']
[2.666s] Level 1:colcon.colcon_core.package_identification:_identify(joon_path_generate/global_racetrajectory_optimization/opt_mintime_traj) by extension 'python_setup_py'
[2.667s] Level 1:colcon.colcon_core.package_identification:_identify(joon_path_generate/global_racetrajectory_optimization/opt_mintime_traj/powertrain_src) by extensions ['ignore', 'ignore_ament_install']
[2.667s] Level 1:colcon.colcon_core.package_identification:_identify(joon_path_generate/global_racetrajectory_optimization/opt_mintime_traj/powertrain_src) by extension 'ignore'
[2.667s] Level 1:colcon.colcon_core.package_identification:_identify(joon_path_generate/global_racetrajectory_optimization/opt_mintime_traj/powertrain_src) by extension 'ignore_ament_install'
[2.668s] Level 1:colcon.colcon_core.package_identification:_identify(joon_path_generate/global_racetrajectory_optimization/opt_mintime_traj/powertrain_src) by extensions ['colcon_pkg']
[2.668s] Level 1:colcon.colcon_core.package_identification:_identify(joon_path_generate/global_racetrajectory_optimization/opt_mintime_traj/powertrain_src) by extension 'colcon_pkg'
[2.668s] Level 1:colcon.colcon_core.package_identification:_identify(joon_path_generate/global_racetrajectory_optimization/opt_mintime_traj/powertrain_src) by extensions ['colcon_meta']
[2.669s] Level 1:colcon.colcon_core.package_identification:_identify(joon_path_generate/global_racetrajectory_optimization/opt_mintime_traj/powertrain_src) by extension 'colcon_meta'
[2.669s] Level 1:colcon.colcon_core.package_identification:_identify(joon_path_generate/global_racetrajectory_optimization/opt_mintime_traj/powertrain_src) by extensions ['ros']
[2.669s] Level 1:colcon.colcon_core.package_identification:_identify(joon_path_generate/global_racetrajectory_optimization/opt_mintime_traj/powertrain_src) by extension 'ros'
[2.670s] Level 1:colcon.colcon_core.package_identification:_identify(joon_path_generate/global_racetrajectory_optimization/opt_mintime_traj/powertrain_src) by extensions ['cmake', 'python']
[2.671s] Level 1:colcon.colcon_core.package_identification:_identify(joon_path_generate/global_racetrajectory_optimization/opt_mintime_traj/powertrain_src) by extension 'cmake'
[2.672s] Level 1:colcon.colcon_core.package_identification:_identify(joon_path_generate/global_racetrajectory_optimization/opt_mintime_traj/powertrain_src) by extension 'python'
[2.672s] Level 1:colcon.colcon_core.package_identification:_identify(joon_path_generate/global_racetrajectory_optimization/opt_mintime_traj/powertrain_src) by extensions ['python_setup_py']
[2.673s] Level 1:colcon.colcon_core.package_identification:_identify(joon_path_generate/global_racetrajectory_optimization/opt_mintime_traj/powertrain_src) by extension 'python_setup_py'
[2.673s] Level 1:colcon.colcon_core.package_identification:_identify(joon_path_generate/global_racetrajectory_optimization/opt_mintime_traj/powertrain_src/src) by extensions ['ignore', 'ignore_ament_install']
[2.674s] Level 1:colcon.colcon_core.package_identification:_identify(joon_path_generate/global_racetrajectory_optimization/opt_mintime_traj/powertrain_src/src) by extension 'ignore'
[2.674s] Level 1:colcon.colcon_core.package_identification:_identify(joon_path_generate/global_racetrajectory_optimization/opt_mintime_traj/powertrain_src/src) by extension 'ignore_ament_install'
[2.674s] Level 1:colcon.colcon_core.package_identification:_identify(joon_path_generate/global_racetrajectory_optimization/opt_mintime_traj/powertrain_src/src) by extensions ['colcon_pkg']
[2.675s] Level 1:colcon.colcon_core.package_identification:_identify(joon_path_generate/global_racetrajectory_optimization/opt_mintime_traj/powertrain_src/src) by extension 'colcon_pkg'
[2.676s] Level 1:colcon.colcon_core.package_identification:_identify(joon_path_generate/global_racetrajectory_optimization/opt_mintime_traj/powertrain_src/src) by extensions ['colcon_meta']
[2.676s] Level 1:colcon.colcon_core.package_identification:_identify(joon_path_generate/global_racetrajectory_optimization/opt_mintime_traj/powertrain_src/src) by extension 'colcon_meta'
[2.678s] Level 1:colcon.colcon_core.package_identification:_identify(joon_path_generate/global_racetrajectory_optimization/opt_mintime_traj/powertrain_src/src) by extensions ['ros']
[2.678s] Level 1:colcon.colcon_core.package_identification:_identify(joon_path_generate/global_racetrajectory_optimization/opt_mintime_traj/powertrain_src/src) by extension 'ros'
[2.679s] Level 1:colcon.colcon_core.package_identification:_identify(joon_path_generate/global_racetrajectory_optimization/opt_mintime_traj/powertrain_src/src) by extensions ['cmake', 'python']
[2.679s] Level 1:colcon.colcon_core.package_identification:_identify(joon_path_generate/global_racetrajectory_optimization/opt_mintime_traj/powertrain_src/src) by extension 'cmake'
[2.679s] Level 1:colcon.colcon_core.package_identification:_identify(joon_path_generate/global_racetrajectory_optimization/opt_mintime_traj/powertrain_src/src) by extension 'python'
[2.679s] Level 1:colcon.colcon_core.package_identification:_identify(joon_path_generate/global_racetrajectory_optimization/opt_mintime_traj/powertrain_src/src) by extensions ['python_setup_py']
[2.680s] Level 1:colcon.colcon_core.package_identification:_identify(joon_path_generate/global_racetrajectory_optimization/opt_mintime_traj/powertrain_src/src) by extension 'python_setup_py'
[2.682s] Level 1:colcon.colcon_core.package_identification:_identify(joon_path_generate/global_racetrajectory_optimization/opt_mintime_traj/src) by extensions ['ignore', 'ignore_ament_install']
[2.683s] Level 1:colcon.colcon_core.package_identification:_identify(joon_path_generate/global_racetrajectory_optimization/opt_mintime_traj/src) by extension 'ignore'
[2.685s] Level 1:colcon.colcon_core.package_identification:_identify(joon_path_generate/global_racetrajectory_optimization/opt_mintime_traj/src) by extension 'ignore_ament_install'
[2.685s] Level 1:colcon.colcon_core.package_identification:_identify(joon_path_generate/global_racetrajectory_optimization/opt_mintime_traj/src) by extensions ['colcon_pkg']
[2.685s] Level 1:colcon.colcon_core.package_identification:_identify(joon_path_generate/global_racetrajectory_optimization/opt_mintime_traj/src) by extension 'colcon_pkg'
[2.686s] Level 1:colcon.colcon_core.package_identification:_identify(joon_path_generate/global_racetrajectory_optimization/opt_mintime_traj/src) by extensions ['colcon_meta']
[2.686s] Level 1:colcon.colcon_core.package_identification:_identify(joon_path_generate/global_racetrajectory_optimization/opt_mintime_traj/src) by extension 'colcon_meta'
[2.686s] Level 1:colcon.colcon_core.package_identification:_identify(joon_path_generate/global_racetrajectory_optimization/opt_mintime_traj/src) by extensions ['ros']
[2.686s] Level 1:colcon.colcon_core.package_identification:_identify(joon_path_generate/global_racetrajectory_optimization/opt_mintime_traj/src) by extension 'ros'
[2.687s] Level 1:colcon.colcon_core.package_identification:_identify(joon_path_generate/global_racetrajectory_optimization/opt_mintime_traj/src) by extensions ['cmake', 'python']
[2.687s] Level 1:colcon.colcon_core.package_identification:_identify(joon_path_generate/global_racetrajectory_optimization/opt_mintime_traj/src) by extension 'cmake'
[2.687s] Level 1:colcon.colcon_core.package_identification:_identify(joon_path_generate/global_racetrajectory_optimization/opt_mintime_traj/src) by extension 'python'
[2.688s] Level 1:colcon.colcon_core.package_identification:_identify(joon_path_generate/global_racetrajectory_optimization/opt_mintime_traj/src) by extensions ['python_setup_py']
[2.688s] Level 1:colcon.colcon_core.package_identification:_identify(joon_path_generate/global_racetrajectory_optimization/opt_mintime_traj/src) by extension 'python_setup_py'
[2.689s] Level 1:colcon.colcon_core.package_identification:_identify(joon_path_generate/global_racetrajectory_optimization/params) by extensions ['ignore', 'ignore_ament_install']
[2.689s] Level 1:colcon.colcon_core.package_identification:_identify(joon_path_generate/global_racetrajectory_optimization/params) by extension 'ignore'
[2.689s] Level 1:colcon.colcon_core.package_identification:_identify(joon_path_generate/global_racetrajectory_optimization/params) by extension 'ignore_ament_install'
[2.690s] Level 1:colcon.colcon_core.package_identification:_identify(joon_path_generate/global_racetrajectory_optimization/params) by extensions ['colcon_pkg']
[2.690s] Level 1:colcon.colcon_core.package_identification:_identify(joon_path_generate/global_racetrajectory_optimization/params) by extension 'colcon_pkg'
[2.690s] Level 1:colcon.colcon_core.package_identification:_identify(joon_path_generate/global_racetrajectory_optimization/params) by extensions ['colcon_meta']
[2.690s] Level 1:colcon.colcon_core.package_identification:_identify(joon_path_generate/global_racetrajectory_optimization/params) by extension 'colcon_meta'
[2.690s] Level 1:colcon.colcon_core.package_identification:_identify(joon_path_generate/global_racetrajectory_optimization/params) by extensions ['ros']
[2.691s] Level 1:colcon.colcon_core.package_identification:_identify(joon_path_generate/global_racetrajectory_optimization/params) by extension 'ros'
[2.691s] Level 1:colcon.colcon_core.package_identification:_identify(joon_path_generate/global_racetrajectory_optimization/params) by extensions ['cmake', 'python']
[2.691s] Level 1:colcon.colcon_core.package_identification:_identify(joon_path_generate/global_racetrajectory_optimization/params) by extension 'cmake'
[2.692s] Level 1:colcon.colcon_core.package_identification:_identify(joon_path_generate/global_racetrajectory_optimization/params) by extension 'python'
[2.692s] Level 1:colcon.colcon_core.package_identification:_identify(joon_path_generate/global_racetrajectory_optimization/params) by extensions ['python_setup_py']
[2.695s] Level 1:colcon.colcon_core.package_identification:_identify(joon_path_generate/global_racetrajectory_optimization/params) by extension 'python_setup_py'
[2.698s] Level 1:colcon.colcon_core.package_identification:_identify(joon_path_generate/maps) by extensions ['ignore', 'ignore_ament_install']
[2.698s] Level 1:colcon.colcon_core.package_identification:_identify(joon_path_generate/maps) by extension 'ignore'
[2.699s] Level 1:colcon.colcon_core.package_identification:_identify(joon_path_generate/maps) by extension 'ignore_ament_install'
[2.699s] Level 1:colcon.colcon_core.package_identification:_identify(joon_path_generate/maps) by extensions ['colcon_pkg']
[2.699s] Level 1:colcon.colcon_core.package_identification:_identify(joon_path_generate/maps) by extension 'colcon_pkg'
[2.699s] Level 1:colcon.colcon_core.package_identification:_identify(joon_path_generate/maps) by extensions ['colcon_meta']
[2.699s] Level 1:colcon.colcon_core.package_identification:_identify(joon_path_generate/maps) by extension 'colcon_meta'
[2.700s] Level 1:colcon.colcon_core.package_identification:_identify(joon_path_generate/maps) by extensions ['ros']
[2.700s] Level 1:colcon.colcon_core.package_identification:_identify(joon_path_generate/maps) by extension 'ros'
[2.701s] Level 1:colcon.colcon_core.package_identification:_identify(joon_path_generate/maps) by extensions ['cmake', 'python']
[2.701s] Level 1:colcon.colcon_core.package_identification:_identify(joon_path_generate/maps) by extension 'cmake'
[2.701s] Level 1:colcon.colcon_core.package_identification:_identify(joon_path_generate/maps) by extension 'python'
[2.701s] Level 1:colcon.colcon_core.package_identification:_identify(joon_path_generate/maps) by extensions ['python_setup_py']
[2.701s] Level 1:colcon.colcon_core.package_identification:_identify(joon_path_generate/maps) by extension 'python_setup_py'
[2.702s] Level 1:colcon.colcon_core.package_identification:_identify(joon_path_generate/raceline) by extensions ['ignore', 'ignore_ament_install']
[2.703s] Level 1:colcon.colcon_core.package_identification:_identify(joon_path_generate/raceline) by extension 'ignore'
[2.703s] Level 1:colcon.colcon_core.package_identification:_identify(joon_path_generate/raceline) by extension 'ignore_ament_install'
[2.705s] Level 1:colcon.colcon_core.package_identification:_identify(joon_path_generate/raceline) by extensions ['colcon_pkg']
[2.705s] Level 1:colcon.colcon_core.package_identification:_identify(joon_path_generate/raceline) by extension 'colcon_pkg'
[2.705s] Level 1:colcon.colcon_core.package_identification:_identify(joon_path_generate/raceline) by extensions ['colcon_meta']
[2.705s] Level 1:colcon.colcon_core.package_identification:_identify(joon_path_generate/raceline) by extension 'colcon_meta'
[2.706s] Level 1:colcon.colcon_core.package_identification:_identify(joon_path_generate/raceline) by extensions ['ros']
[2.706s] Level 1:colcon.colcon_core.package_identification:_identify(joon_path_generate/raceline) by extension 'ros'
[2.706s] Level 1:colcon.colcon_core.package_identification:_identify(joon_path_generate/raceline) by extensions ['cmake', 'python']
[2.706s] Level 1:colcon.colcon_core.package_identification:_identify(joon_path_generate/raceline) by extension 'cmake'
[2.707s] Level 1:colcon.colcon_core.package_identification:_identify(joon_path_generate/raceline) by extension 'python'
[2.707s] Level 1:colcon.colcon_core.package_identification:_identify(joon_path_generate/raceline) by extensions ['python_setup_py']
[2.707s] Level 1:colcon.colcon_core.package_identification:_identify(joon_path_generate/raceline) by extension 'python_setup_py'
[2.708s] Level 1:colcon.colcon_core.package_identification:_identify(joon_path_generate/src) by extensions ['ignore', 'ignore_ament_install']
[2.709s] Level 1:colcon.colcon_core.package_identification:_identify(joon_path_generate/src) by extension 'ignore'
[2.709s] Level 1:colcon.colcon_core.package_identification:_identify(joon_path_generate/src) by extension 'ignore_ament_install'
[2.709s] Level 1:colcon.colcon_core.package_identification:_identify(joon_path_generate/src) by extensions ['colcon_pkg']
[2.710s] Level 1:colcon.colcon_core.package_identification:_identify(joon_path_generate/src) by extension 'colcon_pkg'
[2.711s] Level 1:colcon.colcon_core.package_identification:_identify(joon_path_generate/src) by extensions ['colcon_meta']
[2.711s] Level 1:colcon.colcon_core.package_identification:_identify(joon_path_generate/src) by extension 'colcon_meta'
[2.711s] Level 1:colcon.colcon_core.package_identification:_identify(joon_path_generate/src) by extensions ['ros']
[2.711s] Level 1:colcon.colcon_core.package_identification:_identify(joon_path_generate/src) by extension 'ros'
[2.712s] Level 1:colcon.colcon_core.package_identification:_identify(joon_path_generate/src) by extensions ['cmake', 'python']
[2.712s] Level 1:colcon.colcon_core.package_identification:_identify(joon_path_generate/src) by extension 'cmake'
[2.712s] Level 1:colcon.colcon_core.package_identification:_identify(joon_path_generate/src) by extension 'python'
[2.714s] Level 1:colcon.colcon_core.package_identification:_identify(joon_path_generate/src) by extensions ['python_setup_py']
[2.714s] Level 1:colcon.colcon_core.package_identification:_identify(joon_path_generate/src) by extension 'python_setup_py'
[2.715s] Level 1:colcon.colcon_core.package_identification:_identify(joon_path_generate/src/__pycache__) by extensions ['ignore', 'ignore_ament_install']
[2.716s] Level 1:colcon.colcon_core.package_identification:_identify(joon_path_generate/src/__pycache__) by extension 'ignore'
[2.716s] Level 1:colcon.colcon_core.package_identification:_identify(joon_path_generate/src/__pycache__) by extension 'ignore_ament_install'
[2.716s] Level 1:colcon.colcon_core.package_identification:_identify(joon_path_generate/src/__pycache__) by extensions ['colcon_pkg']
[2.717s] Level 1:colcon.colcon_core.package_identification:_identify(joon_path_generate/src/__pycache__) by extension 'colcon_pkg'
[2.717s] Level 1:colcon.colcon_core.package_identification:_identify(joon_path_generate/src/__pycache__) by extensions ['colcon_meta']
[2.717s] Level 1:colcon.colcon_core.package_identification:_identify(joon_path_generate/src/__pycache__) by extension 'colcon_meta'
[2.717s] Level 1:colcon.colcon_core.package_identification:_identify(joon_path_generate/src/__pycache__) by extensions ['ros']
[2.718s] Level 1:colcon.colcon_core.package_identification:_identify(joon_path_generate/src/__pycache__) by extension 'ros'
[2.718s] Level 1:colcon.colcon_core.package_identification:_identify(joon_path_generate/src/__pycache__) by extensions ['cmake', 'python']
[2.718s] Level 1:colcon.colcon_core.package_identification:_identify(joon_path_generate/src/__pycache__) by extension 'cmake'
[2.718s] Level 1:colcon.colcon_core.package_identification:_identify(joon_path_generate/src/__pycache__) by extension 'python'
[2.719s] Level 1:colcon.colcon_core.package_identification:_identify(joon_path_generate/src/__pycache__) by extensions ['python_setup_py']
[2.719s] Level 1:colcon.colcon_core.package_identification:_identify(joon_path_generate/src/__pycache__) by extension 'python_setup_py'
[2.720s] Level 1:colcon.colcon_core.package_identification:_identify(joon_path_generate/src/outputs) by extensions ['ignore', 'ignore_ament_install']
[2.720s] Level 1:colcon.colcon_core.package_identification:_identify(joon_path_generate/src/outputs) by extension 'ignore'
[2.720s] Level 1:colcon.colcon_core.package_identification:_identify(joon_path_generate/src/outputs) by extension 'ignore_ament_install'
[2.721s] Level 1:colcon.colcon_core.package_identification:_identify(joon_path_generate/src/outputs) by extensions ['colcon_pkg']
[2.721s] Level 1:colcon.colcon_core.package_identification:_identify(joon_path_generate/src/outputs) by extension 'colcon_pkg'
[2.721s] Level 1:colcon.colcon_core.package_identification:_identify(joon_path_generate/src/outputs) by extensions ['colcon_meta']
[2.721s] Level 1:colcon.colcon_core.package_identification:_identify(joon_path_generate/src/outputs) by extension 'colcon_meta'
[2.722s] Level 1:colcon.colcon_core.package_identification:_identify(joon_path_generate/src/outputs) by extensions ['ros']
[2.722s] Level 1:colcon.colcon_core.package_identification:_identify(joon_path_generate/src/outputs) by extension 'ros'
[2.723s] Level 1:colcon.colcon_core.package_identification:_identify(joon_path_generate/src/outputs) by extensions ['cmake', 'python']
[2.723s] Level 1:colcon.colcon_core.package_identification:_identify(joon_path_generate/src/outputs) by extension 'cmake'
[2.723s] Level 1:colcon.colcon_core.package_identification:_identify(joon_path_generate/src/outputs) by extension 'python'
[2.723s] Level 1:colcon.colcon_core.package_identification:_identify(joon_path_generate/src/outputs) by extensions ['python_setup_py']
[2.724s] Level 1:colcon.colcon_core.package_identification:_identify(joon_path_generate/src/outputs) by extension 'python_setup_py'
[2.724s] Level 1:colcon.colcon_core.package_identification:_identify(joon_path_generate/src/outputs/gap_map_path) by extensions ['ignore', 'ignore_ament_install']
[2.725s] Level 1:colcon.colcon_core.package_identification:_identify(joon_path_generate/src/outputs/gap_map_path) by extension 'ignore'
[2.725s] Level 1:colcon.colcon_core.package_identification:_identify(joon_path_generate/src/outputs/gap_map_path) by extension 'ignore_ament_install'
[2.725s] Level 1:colcon.colcon_core.package_identification:_identify(joon_path_generate/src/outputs/gap_map_path) by extensions ['colcon_pkg']
[2.726s] Level 1:colcon.colcon_core.package_identification:_identify(joon_path_generate/src/outputs/gap_map_path) by extension 'colcon_pkg'
[2.726s] Level 1:colcon.colcon_core.package_identification:_identify(joon_path_generate/src/outputs/gap_map_path) by extensions ['colcon_meta']
[2.726s] Level 1:colcon.colcon_core.package_identification:_identify(joon_path_generate/src/outputs/gap_map_path) by extension 'colcon_meta'
[2.726s] Level 1:colcon.colcon_core.package_identification:_identify(joon_path_generate/src/outputs/gap_map_path) by extensions ['ros']
[2.727s] Level 1:colcon.colcon_core.package_identification:_identify(joon_path_generate/src/outputs/gap_map_path) by extension 'ros'
[2.727s] Level 1:colcon.colcon_core.package_identification:_identify(joon_path_generate/src/outputs/gap_map_path) by extensions ['cmake', 'python']
[2.727s] Level 1:colcon.colcon_core.package_identification:_identify(joon_path_generate/src/outputs/gap_map_path) by extension 'cmake'
[2.727s] Level 1:colcon.colcon_core.package_identification:_identify(joon_path_generate/src/outputs/gap_map_path) by extension 'python'
[2.728s] Level 1:colcon.colcon_core.package_identification:_identify(joon_path_generate/src/outputs/gap_map_path) by extensions ['python_setup_py']
[2.728s] Level 1:colcon.colcon_core.package_identification:_identify(joon_path_generate/src/outputs/gap_map_path) by extension 'python_setup_py'
[2.729s] Level 1:colcon.colcon_core.package_identification:_identify(joon_path_generate/src/params) by extensions ['ignore', 'ignore_ament_install']
[2.729s] Level 1:colcon.colcon_core.package_identification:_identify(joon_path_generate/src/params) by extension 'ignore'
[2.729s] Level 1:colcon.colcon_core.package_identification:_identify(joon_path_generate/src/params) by extension 'ignore_ament_install'
[2.730s] Level 1:colcon.colcon_core.package_identification:_identify(joon_path_generate/src/params) by extensions ['colcon_pkg']
[2.730s] Level 1:colcon.colcon_core.package_identification:_identify(joon_path_generate/src/params) by extension 'colcon_pkg'
[2.730s] Level 1:colcon.colcon_core.package_identification:_identify(joon_path_generate/src/params) by extensions ['colcon_meta']
[2.730s] Level 1:colcon.colcon_core.package_identification:_identify(joon_path_generate/src/params) by extension 'colcon_meta'
[2.731s] Level 1:colcon.colcon_core.package_identification:_identify(joon_path_generate/src/params) by extensions ['ros']
[2.731s] Level 1:colcon.colcon_core.package_identification:_identify(joon_path_generate/src/params) by extension 'ros'
[2.731s] Level 1:colcon.colcon_core.package_identification:_identify(joon_path_generate/src/params) by extensions ['cmake', 'python']
[2.732s] Level 1:colcon.colcon_core.package_identification:_identify(joon_path_generate/src/params) by extension 'cmake'
[2.732s] Level 1:colcon.colcon_core.package_identification:_identify(joon_path_generate/src/params) by extension 'python'
[2.733s] Level 1:colcon.colcon_core.package_identification:_identify(joon_path_generate/src/params) by extensions ['python_setup_py']
[2.734s] Level 1:colcon.colcon_core.package_identification:_identify(joon_path_generate/src/params) by extension 'python_setup_py'
[2.735s] Level 1:colcon.colcon_core.package_identification:_identify(joon_path_generate/src/temp) by extensions ['ignore', 'ignore_ament_install']
[2.735s] Level 1:colcon.colcon_core.package_identification:_identify(joon_path_generate/src/temp) by extension 'ignore'
[2.736s] Level 1:colcon.colcon_core.package_identification:_identify(joon_path_generate/src/temp) by extension 'ignore_ament_install'
[2.736s] Level 1:colcon.colcon_core.package_identification:_identify(joon_path_generate/src/temp) by extensions ['colcon_pkg']
[2.736s] Level 1:colcon.colcon_core.package_identification:_identify(joon_path_generate/src/temp) by extension 'colcon_pkg'
[2.736s] Level 1:colcon.colcon_core.package_identification:_identify(joon_path_generate/src/temp) by extensions ['colcon_meta']
[2.737s] Level 1:colcon.colcon_core.package_identification:_identify(joon_path_generate/src/temp) by extension 'colcon_meta'
[2.737s] Level 1:colcon.colcon_core.package_identification:_identify(joon_path_generate/src/temp) by extensions ['ros']
[2.737s] Level 1:colcon.colcon_core.package_identification:_identify(joon_path_generate/src/temp) by extension 'ros'
[2.738s] Level 1:colcon.colcon_core.package_identification:_identify(joon_path_generate/src/temp) by extensions ['cmake', 'python']
[2.738s] Level 1:colcon.colcon_core.package_identification:_identify(joon_path_generate/src/temp) by extension 'cmake'
[2.738s] Level 1:colcon.colcon_core.package_identification:_identify(joon_path_generate/src/temp) by extension 'python'
[2.738s] Level 1:colcon.colcon_core.package_identification:_identify(joon_path_generate/src/temp) by extensions ['python_setup_py']
[2.738s] Level 1:colcon.colcon_core.package_identification:_identify(joon_path_generate/src/temp) by extension 'python_setup_py'
[2.739s] Level 1:colcon.colcon_core.package_identification:_identify(launch) by extensions ['ignore', 'ignore_ament_install']
[2.739s] Level 1:colcon.colcon_core.package_identification:_identify(launch) by extension 'ignore'
[2.740s] Level 1:colcon.colcon_core.package_identification:_identify(launch) by extension 'ignore_ament_install'
[2.740s] Level 1:colcon.colcon_core.package_identification:_identify(launch) by extensions ['colcon_pkg']
[2.740s] Level 1:colcon.colcon_core.package_identification:_identify(launch) by extension 'colcon_pkg'
[2.741s] Level 1:colcon.colcon_core.package_identification:_identify(launch) by extensions ['colcon_meta']
[2.741s] Level 1:colcon.colcon_core.package_identification:_identify(launch) by extension 'colcon_meta'
[2.741s] Level 1:colcon.colcon_core.package_identification:_identify(launch) by extensions ['ros']
[2.741s] Level 1:colcon.colcon_core.package_identification:_identify(launch) by extension 'ros'
[2.742s] Level 1:colcon.colcon_core.package_identification:_identify(launch) by extensions ['cmake', 'python']
[2.742s] Level 1:colcon.colcon_core.package_identification:_identify(launch) by extension 'cmake'
[2.742s] Level 1:colcon.colcon_core.package_identification:_identify(launch) by extension 'python'
[2.742s] Level 1:colcon.colcon_core.package_identification:_identify(launch) by extensions ['python_setup_py']
[2.743s] Level 1:colcon.colcon_core.package_identification:_identify(launch) by extension 'python_setup_py'
[2.743s] Level 1:colcon.colcon_core.package_identification:_identify(launch/__pycache__) by extensions ['ignore', 'ignore_ament_install']
[2.744s] Level 1:colcon.colcon_core.package_identification:_identify(launch/__pycache__) by extension 'ignore'
[2.744s] Level 1:colcon.colcon_core.package_identification:_identify(launch/__pycache__) by extension 'ignore_ament_install'
[2.744s] Level 1:colcon.colcon_core.package_identification:_identify(launch/__pycache__) by extensions ['colcon_pkg']
[2.745s] Level 1:colcon.colcon_core.package_identification:_identify(launch/__pycache__) by extension 'colcon_pkg'
[2.745s] Level 1:colcon.colcon_core.package_identification:_identify(launch/__pycache__) by extensions ['colcon_meta']
[2.745s] Level 1:colcon.colcon_core.package_identification:_identify(launch/__pycache__) by extension 'colcon_meta'
[2.745s] Level 1:colcon.colcon_core.package_identification:_identify(launch/__pycache__) by extensions ['ros']
[2.746s] Level 1:colcon.colcon_core.package_identification:_identify(launch/__pycache__) by extension 'ros'
[2.746s] Level 1:colcon.colcon_core.package_identification:_identify(launch/__pycache__) by extensions ['cmake', 'python']
[2.746s] Level 1:colcon.colcon_core.package_identification:_identify(launch/__pycache__) by extension 'cmake'
[2.747s] Level 1:colcon.colcon_core.package_identification:_identify(launch/__pycache__) by extension 'python'
[2.747s] Level 1:colcon.colcon_core.package_identification:_identify(launch/__pycache__) by extensions ['python_setup_py']
[2.747s] Level 1:colcon.colcon_core.package_identification:_identify(launch/__pycache__) by extension 'python_setup_py'
[2.748s] Level 1:colcon.colcon_core.package_identification:_identify(localization_logs) by extensions ['ignore', 'ignore_ament_install']
[2.749s] Level 1:colcon.colcon_core.package_identification:_identify(localization_logs) by extension 'ignore'
[2.749s] Level 1:colcon.colcon_core.package_identification:_identify(localization_logs) by extension 'ignore_ament_install'
[2.749s] Level 1:colcon.colcon_core.package_identification:_identify(localization_logs) by extensions ['colcon_pkg']
[2.750s] Level 1:colcon.colcon_core.package_identification:_identify(localization_logs) by extension 'colcon_pkg'
[2.750s] Level 1:colcon.colcon_core.package_identification:_identify(localization_logs) by extensions ['colcon_meta']
[2.750s] Level 1:colcon.colcon_core.package_identification:_identify(localization_logs) by extension 'colcon_meta'
[2.750s] Level 1:colcon.colcon_core.package_identification:_identify(localization_logs) by extensions ['ros']
[2.751s] Level 1:colcon.colcon_core.package_identification:_identify(localization_logs) by extension 'ros'
[2.751s] Level 1:colcon.colcon_core.package_identification:_identify(localization_logs) by extensions ['cmake', 'python']
[2.751s] Level 1:colcon.colcon_core.package_identification:_identify(localization_logs) by extension 'cmake'
[2.751s] Level 1:colcon.colcon_core.package_identification:_identify(localization_logs) by extension 'python'
[2.752s] Level 1:colcon.colcon_core.package_identification:_identify(localization_logs) by extensions ['python_setup_py']
[2.752s] Level 1:colcon.colcon_core.package_identification:_identify(localization_logs) by extension 'python_setup_py'
[2.753s] Level 1:colcon.colcon_core.package_identification:_identify(log) by extensions ['ignore', 'ignore_ament_install']
[2.754s] Level 1:colcon.colcon_core.package_identification:_identify(log) by extension 'ignore'
[2.754s] Level 1:colcon.colcon_core.package_identification:_identify(log) ignored
[2.754s] Level 1:colcon.colcon_core.package_identification:_identify(map_topic_data) by extensions ['ignore', 'ignore_ament_install']
[2.755s] Level 1:colcon.colcon_core.package_identification:_identify(map_topic_data) by extension 'ignore'
[2.755s] Level 1:colcon.colcon_core.package_identification:_identify(map_topic_data) by extension 'ignore_ament_install'
[2.755s] Level 1:colcon.colcon_core.package_identification:_identify(map_topic_data) by extensions ['colcon_pkg']
[2.756s] Level 1:colcon.colcon_core.package_identification:_identify(map_topic_data) by extension 'colcon_pkg'
[2.757s] Level 1:colcon.colcon_core.package_identification:_identify(map_topic_data) by extensions ['colcon_meta']
[2.757s] Level 1:colcon.colcon_core.package_identification:_identify(map_topic_data) by extension 'colcon_meta'
[2.758s] Level 1:colcon.colcon_core.package_identification:_identify(map_topic_data) by extensions ['ros']
[2.758s] Level 1:colcon.colcon_core.package_identification:_identify(map_topic_data) by extension 'ros'
[2.758s] Level 1:colcon.colcon_core.package_identification:_identify(map_topic_data) by extensions ['cmake', 'python']
[2.759s] Level 1:colcon.colcon_core.package_identification:_identify(map_topic_data) by extension 'cmake'
[2.759s] Level 1:colcon.colcon_core.package_identification:_identify(map_topic_data) by extension 'python'
[2.759s] Level 1:colcon.colcon_core.package_identification:_identify(map_topic_data) by extensions ['python_setup_py']
[2.759s] Level 1:colcon.colcon_core.package_identification:_identify(map_topic_data) by extension 'python_setup_py'
[2.760s] Level 1:colcon.colcon_core.package_identification:_identify(path_generate) by extensions ['ignore', 'ignore_ament_install']
[2.760s] Level 1:colcon.colcon_core.package_identification:_identify(path_generate) by extension 'ignore'
[2.761s] Level 1:colcon.colcon_core.package_identification:_identify(path_generate) by extension 'ignore_ament_install'
[2.761s] Level 1:colcon.colcon_core.package_identification:_identify(path_generate) by extensions ['colcon_pkg']
[2.761s] Level 1:colcon.colcon_core.package_identification:_identify(path_generate) by extension 'colcon_pkg'
[2.761s] Level 1:colcon.colcon_core.package_identification:_identify(path_generate) by extensions ['colcon_meta']
[2.762s] Level 1:colcon.colcon_core.package_identification:_identify(path_generate) by extension 'colcon_meta'
[2.762s] Level 1:colcon.colcon_core.package_identification:_identify(path_generate) by extensions ['ros']
[2.762s] Level 1:colcon.colcon_core.package_identification:_identify(path_generate) by extension 'ros'
[2.763s] Level 1:colcon.colcon_core.package_identification:_identify(path_generate) by extensions ['cmake', 'python']
[2.763s] Level 1:colcon.colcon_core.package_identification:_identify(path_generate) by extension 'cmake'
[2.763s] Level 1:colcon.colcon_core.package_identification:_identify(path_generate) by extension 'python'
[2.763s] Level 1:colcon.colcon_core.package_identification:_identify(path_generate) by extensions ['python_setup_py']
[2.763s] Level 1:colcon.colcon_core.package_identification:_identify(path_generate) by extension 'python_setup_py'
[2.764s] Level 1:colcon.colcon_core.package_identification:_identify(path_generate/center-line-fitting) by extensions ['ignore', 'ignore_ament_install']
[2.765s] Level 1:colcon.colcon_core.package_identification:_identify(path_generate/center-line-fitting) by extension 'ignore'
[2.765s] Level 1:colcon.colcon_core.package_identification:_identify(path_generate/center-line-fitting) by extension 'ignore_ament_install'
[2.765s] Level 1:colcon.colcon_core.package_identification:_identify(path_generate/center-line-fitting) by extensions ['colcon_pkg']
[2.765s] Level 1:colcon.colcon_core.package_identification:_identify(path_generate/center-line-fitting) by extension 'colcon_pkg'
[2.766s] Level 1:colcon.colcon_core.package_identification:_identify(path_generate/center-line-fitting) by extensions ['colcon_meta']
[2.766s] Level 1:colcon.colcon_core.package_identification:_identify(path_generate/center-line-fitting) by extension 'colcon_meta'
[2.766s] Level 1:colcon.colcon_core.package_identification:_identify(path_generate/center-line-fitting) by extensions ['ros']
[2.766s] Level 1:colcon.colcon_core.package_identification:_identify(path_generate/center-line-fitting) by extension 'ros'
[2.767s] Level 1:colcon.colcon_core.package_identification:_identify(path_generate/center-line-fitting) by extensions ['cmake', 'python']
[2.767s] Level 1:colcon.colcon_core.package_identification:_identify(path_generate/center-line-fitting) by extension 'cmake'
[2.767s] Level 1:colcon.colcon_core.package_identification:_identify(path_generate/center-line-fitting) by extension 'python'
[2.767s] Level 1:colcon.colcon_core.package_identification:_identify(path_generate/center-line-fitting) by extensions ['python_setup_py']
[2.768s] Level 1:colcon.colcon_core.package_identification:_identify(path_generate/center-line-fitting) by extension 'python_setup_py'
[2.768s] Level 1:colcon.colcon_core.package_identification:_identify(path_generate/center-line-fitting/src) by extensions ['ignore', 'ignore_ament_install']
[2.769s] Level 1:colcon.colcon_core.package_identification:_identify(path_generate/center-line-fitting/src) by extension 'ignore'
[2.769s] Level 1:colcon.colcon_core.package_identification:_identify(path_generate/center-line-fitting/src) by extension 'ignore_ament_install'
[2.769s] Level 1:colcon.colcon_core.package_identification:_identify(path_generate/center-line-fitting/src) by extensions ['colcon_pkg']
[2.770s] Level 1:colcon.colcon_core.package_identification:_identify(path_generate/center-line-fitting/src) by extension 'colcon_pkg'
[2.770s] Level 1:colcon.colcon_core.package_identification:_identify(path_generate/center-line-fitting/src) by extensions ['colcon_meta']
[2.770s] Level 1:colcon.colcon_core.package_identification:_identify(path_generate/center-line-fitting/src) by extension 'colcon_meta'
[2.770s] Level 1:colcon.colcon_core.package_identification:_identify(path_generate/center-line-fitting/src) by extensions ['ros']
[2.770s] Level 1:colcon.colcon_core.package_identification:_identify(path_generate/center-line-fitting/src) by extension 'ros'
[2.771s] Level 1:colcon.colcon_core.package_identification:_identify(path_generate/center-line-fitting/src) by extensions ['cmake', 'python']
[2.771s] Level 1:colcon.colcon_core.package_identification:_identify(path_generate/center-line-fitting/src) by extension 'cmake'
[2.771s] Level 1:colcon.colcon_core.package_identification:_identify(path_generate/center-line-fitting/src) by extension 'python'
[2.772s] Level 1:colcon.colcon_core.package_identification:_identify(path_generate/center-line-fitting/src) by extensions ['python_setup_py']
[2.772s] Level 1:colcon.colcon_core.package_identification:_identify(path_generate/center-line-fitting/src) by extension 'python_setup_py'
[2.773s] Level 1:colcon.colcon_core.package_identification:_identify(path_generate/center-line-fitting/src/__pycache__) by extensions ['ignore', 'ignore_ament_install']
[2.773s] Level 1:colcon.colcon_core.package_identification:_identify(path_generate/center-line-fitting/src/__pycache__) by extension 'ignore'
[2.773s] Level 1:colcon.colcon_core.package_identification:_identify(path_generate/center-line-fitting/src/__pycache__) by extension 'ignore_ament_install'
[2.774s] Level 1:colcon.colcon_core.package_identification:_identify(path_generate/center-line-fitting/src/__pycache__) by extensions ['colcon_pkg']
[2.774s] Level 1:colcon.colcon_core.package_identification:_identify(path_generate/center-line-fitting/src/__pycache__) by extension 'colcon_pkg'
[2.774s] Level 1:colcon.colcon_core.package_identification:_identify(path_generate/center-line-fitting/src/__pycache__) by extensions ['colcon_meta']
[2.774s] Level 1:colcon.colcon_core.package_identification:_identify(path_generate/center-line-fitting/src/__pycache__) by extension 'colcon_meta'
[2.775s] Level 1:colcon.colcon_core.package_identification:_identify(path_generate/center-line-fitting/src/__pycache__) by extensions ['ros']
[2.775s] Level 1:colcon.colcon_core.package_identification:_identify(path_generate/center-line-fitting/src/__pycache__) by extension 'ros'
[2.775s] Level 1:colcon.colcon_core.package_identification:_identify(path_generate/center-line-fitting/src/__pycache__) by extensions ['cmake', 'python']
[2.776s] Level 1:colcon.colcon_core.package_identification:_identify(path_generate/center-line-fitting/src/__pycache__) by extension 'cmake'
[2.776s] Level 1:colcon.colcon_core.package_identification:_identify(path_generate/center-line-fitting/src/__pycache__) by extension 'python'
[2.776s] Level 1:colcon.colcon_core.package_identification:_identify(path_generate/center-line-fitting/src/__pycache__) by extensions ['python_setup_py']
[2.776s] Level 1:colcon.colcon_core.package_identification:_identify(path_generate/center-line-fitting/src/__pycache__) by extension 'python_setup_py'
[2.777s] Level 1:colcon.colcon_core.package_identification:_identify(path_generate/global_racetrajectory_optimization) by extensions ['ignore', 'ignore_ament_install']
[2.777s] Level 1:colcon.colcon_core.package_identification:_identify(path_generate/global_racetrajectory_optimization) by extension 'ignore'
[2.778s] Level 1:colcon.colcon_core.package_identification:_identify(path_generate/global_racetrajectory_optimization) by extension 'ignore_ament_install'
[2.778s] Level 1:colcon.colcon_core.package_identification:_identify(path_generate/global_racetrajectory_optimization) by extensions ['colcon_pkg']
[2.778s] Level 1:colcon.colcon_core.package_identification:_identify(path_generate/global_racetrajectory_optimization) by extension 'colcon_pkg'
[2.778s] Level 1:colcon.colcon_core.package_identification:_identify(path_generate/global_racetrajectory_optimization) by extensions ['colcon_meta']
[2.779s] Level 1:colcon.colcon_core.package_identification:_identify(path_generate/global_racetrajectory_optimization) by extension 'colcon_meta'
[2.779s] Level 1:colcon.colcon_core.package_identification:_identify(path_generate/global_racetrajectory_optimization) by extensions ['ros']
[2.779s] Level 1:colcon.colcon_core.package_identification:_identify(path_generate/global_racetrajectory_optimization) by extension 'ros'
[2.780s] Level 1:colcon.colcon_core.package_identification:_identify(path_generate/global_racetrajectory_optimization) by extensions ['cmake', 'python']
[2.780s] Level 1:colcon.colcon_core.package_identification:_identify(path_generate/global_racetrajectory_optimization) by extension 'cmake'
[2.780s] Level 1:colcon.colcon_core.package_identification:_identify(path_generate/global_racetrajectory_optimization) by extension 'python'
[2.780s] Level 1:colcon.colcon_core.package_identification:_identify(path_generate/global_racetrajectory_optimization) by extensions ['python_setup_py']
[2.781s] Level 1:colcon.colcon_core.package_identification:_identify(path_generate/global_racetrajectory_optimization) by extension 'python_setup_py'
[2.781s] Level 1:colcon.colcon_core.package_identification:_identify(path_generate/global_racetrajectory_optimization/frictionmap) by extensions ['ignore', 'ignore_ament_install']
[2.782s] Level 1:colcon.colcon_core.package_identification:_identify(path_generate/global_racetrajectory_optimization/frictionmap) by extension 'ignore'
[2.782s] Level 1:colcon.colcon_core.package_identification:_identify(path_generate/global_racetrajectory_optimization/frictionmap) by extension 'ignore_ament_install'
[2.782s] Level 1:colcon.colcon_core.package_identification:_identify(path_generate/global_racetrajectory_optimization/frictionmap) by extensions ['colcon_pkg']
[2.783s] Level 1:colcon.colcon_core.package_identification:_identify(path_generate/global_racetrajectory_optimization/frictionmap) by extension 'colcon_pkg'
[2.784s] Level 1:colcon.colcon_core.package_identification:_identify(path_generate/global_racetrajectory_optimization/frictionmap) by extensions ['colcon_meta']
[2.784s] Level 1:colcon.colcon_core.package_identification:_identify(path_generate/global_racetrajectory_optimization/frictionmap) by extension 'colcon_meta'
[2.784s] Level 1:colcon.colcon_core.package_identification:_identify(path_generate/global_racetrajectory_optimization/frictionmap) by extensions ['ros']
[2.785s] Level 1:colcon.colcon_core.package_identification:_identify(path_generate/global_racetrajectory_optimization/frictionmap) by extension 'ros'
[2.785s] Level 1:colcon.colcon_core.package_identification:_identify(path_generate/global_racetrajectory_optimization/frictionmap) by extensions ['cmake', 'python']
[2.785s] Level 1:colcon.colcon_core.package_identification:_identify(path_generate/global_racetrajectory_optimization/frictionmap) by extension 'cmake'
[2.786s] Level 1:colcon.colcon_core.package_identification:_identify(path_generate/global_racetrajectory_optimization/frictionmap) by extension 'python'
[2.786s] Level 1:colcon.colcon_core.package_identification:_identify(path_generate/global_racetrajectory_optimization/frictionmap) by extensions ['python_setup_py']
[2.786s] Level 1:colcon.colcon_core.package_identification:_identify(path_generate/global_racetrajectory_optimization/frictionmap) by extension 'python_setup_py'
[2.787s] Level 1:colcon.colcon_core.package_identification:_identify(path_generate/global_racetrajectory_optimization/frictionmap/src) by extensions ['ignore', 'ignore_ament_install']
[2.787s] Level 1:colcon.colcon_core.package_identification:_identify(path_generate/global_racetrajectory_optimization/frictionmap/src) by extension 'ignore'
[2.788s] Level 1:colcon.colcon_core.package_identification:_identify(path_generate/global_racetrajectory_optimization/frictionmap/src) by extension 'ignore_ament_install'
[2.788s] Level 1:colcon.colcon_core.package_identification:_identify(path_generate/global_racetrajectory_optimization/frictionmap/src) by extensions ['colcon_pkg']
[2.788s] Level 1:colcon.colcon_core.package_identification:_identify(path_generate/global_racetrajectory_optimization/frictionmap/src) by extension 'colcon_pkg'
[2.788s] Level 1:colcon.colcon_core.package_identification:_identify(path_generate/global_racetrajectory_optimization/frictionmap/src) by extensions ['colcon_meta']
[2.789s] Level 1:colcon.colcon_core.package_identification:_identify(path_generate/global_racetrajectory_optimization/frictionmap/src) by extension 'colcon_meta'
[2.789s] Level 1:colcon.colcon_core.package_identification:_identify(path_generate/global_racetrajectory_optimization/frictionmap/src) by extensions ['ros']
[2.789s] Level 1:colcon.colcon_core.package_identification:_identify(path_generate/global_racetrajectory_optimization/frictionmap/src) by extension 'ros'
[2.790s] Level 1:colcon.colcon_core.package_identification:_identify(path_generate/global_racetrajectory_optimization/frictionmap/src) by extensions ['cmake', 'python']
[2.790s] Level 1:colcon.colcon_core.package_identification:_identify(path_generate/global_racetrajectory_optimization/frictionmap/src) by extension 'cmake'
[2.790s] Level 1:colcon.colcon_core.package_identification:_identify(path_generate/global_racetrajectory_optimization/frictionmap/src) by extension 'python'
[2.790s] Level 1:colcon.colcon_core.package_identification:_identify(path_generate/global_racetrajectory_optimization/frictionmap/src) by extensions ['python_setup_py']
[2.790s] Level 1:colcon.colcon_core.package_identification:_identify(path_generate/global_racetrajectory_optimization/frictionmap/src) by extension 'python_setup_py'
[2.791s] Level 1:colcon.colcon_core.package_identification:_identify(path_generate/global_racetrajectory_optimization/helper_funcs_glob) by extensions ['ignore', 'ignore_ament_install']
[2.792s] Level 1:colcon.colcon_core.package_identification:_identify(path_generate/global_racetrajectory_optimization/helper_funcs_glob) by extension 'ignore'
[2.792s] Level 1:colcon.colcon_core.package_identification:_identify(path_generate/global_racetrajectory_optimization/helper_funcs_glob) by extension 'ignore_ament_install'
[2.792s] Level 1:colcon.colcon_core.package_identification:_identify(path_generate/global_racetrajectory_optimization/helper_funcs_glob) by extensions ['colcon_pkg']
[2.792s] Level 1:colcon.colcon_core.package_identification:_identify(path_generate/global_racetrajectory_optimization/helper_funcs_glob) by extension 'colcon_pkg'
[2.793s] Level 1:colcon.colcon_core.package_identification:_identify(path_generate/global_racetrajectory_optimization/helper_funcs_glob) by extensions ['colcon_meta']
[2.793s] Level 1:colcon.colcon_core.package_identification:_identify(path_generate/global_racetrajectory_optimization/helper_funcs_glob) by extension 'colcon_meta'
[2.793s] Level 1:colcon.colcon_core.package_identification:_identify(path_generate/global_racetrajectory_optimization/helper_funcs_glob) by extensions ['ros']
[2.793s] Level 1:colcon.colcon_core.package_identification:_identify(path_generate/global_racetrajectory_optimization/helper_funcs_glob) by extension 'ros'
[2.794s] Level 1:colcon.colcon_core.package_identification:_identify(path_generate/global_racetrajectory_optimization/helper_funcs_glob) by extensions ['cmake', 'python']
[2.794s] Level 1:colcon.colcon_core.package_identification:_identify(path_generate/global_racetrajectory_optimization/helper_funcs_glob) by extension 'cmake'
[2.794s] Level 1:colcon.colcon_core.package_identification:_identify(path_generate/global_racetrajectory_optimization/helper_funcs_glob) by extension 'python'
[2.794s] Level 1:colcon.colcon_core.package_identification:_identify(path_generate/global_racetrajectory_optimization/helper_funcs_glob) by extensions ['python_setup_py']
[2.795s] Level 1:colcon.colcon_core.package_identification:_identify(path_generate/global_racetrajectory_optimization/helper_funcs_glob) by extension 'python_setup_py'
[2.795s] Level 1:colcon.colcon_core.package_identification:_identify(path_generate/global_racetrajectory_optimization/helper_funcs_glob/src) by extensions ['ignore', 'ignore_ament_install']
[2.796s] Level 1:colcon.colcon_core.package_identification:_identify(path_generate/global_racetrajectory_optimization/helper_funcs_glob/src) by extension 'ignore'
[2.796s] Level 1:colcon.colcon_core.package_identification:_identify(path_generate/global_racetrajectory_optimization/helper_funcs_glob/src) by extension 'ignore_ament_install'
[2.796s] Level 1:colcon.colcon_core.package_identification:_identify(path_generate/global_racetrajectory_optimization/helper_funcs_glob/src) by extensions ['colcon_pkg']
[2.797s] Level 1:colcon.colcon_core.package_identification:_identify(path_generate/global_racetrajectory_optimization/helper_funcs_glob/src) by extension 'colcon_pkg'
[2.797s] Level 1:colcon.colcon_core.package_identification:_identify(path_generate/global_racetrajectory_optimization/helper_funcs_glob/src) by extensions ['colcon_meta']
[2.797s] Level 1:colcon.colcon_core.package_identification:_identify(path_generate/global_racetrajectory_optimization/helper_funcs_glob/src) by extension 'colcon_meta'
[2.797s] Level 1:colcon.colcon_core.package_identification:_identify(path_generate/global_racetrajectory_optimization/helper_funcs_glob/src) by extensions ['ros']
[2.798s] Level 1:colcon.colcon_core.package_identification:_identify(path_generate/global_racetrajectory_optimization/helper_funcs_glob/src) by extension 'ros'
[2.798s] Level 1:colcon.colcon_core.package_identification:_identify(path_generate/global_racetrajectory_optimization/helper_funcs_glob/src) by extensions ['cmake', 'python']
[2.798s] Level 1:colcon.colcon_core.package_identification:_identify(path_generate/global_racetrajectory_optimization/helper_funcs_glob/src) by extension 'cmake'
[2.798s] Level 1:colcon.colcon_core.package_identification:_identify(path_generate/global_racetrajectory_optimization/helper_funcs_glob/src) by extension 'python'
[2.799s] Level 1:colcon.colcon_core.package_identification:_identify(path_generate/global_racetrajectory_optimization/helper_funcs_glob/src) by extensions ['python_setup_py']
[2.799s] Level 1:colcon.colcon_core.package_identification:_identify(path_generate/global_racetrajectory_optimization/helper_funcs_glob/src) by extension 'python_setup_py'
[2.799s] Level 1:colcon.colcon_core.package_identification:_identify(path_generate/global_racetrajectory_optimization/inputs) by extensions ['ignore', 'ignore_ament_install']
[2.800s] Level 1:colcon.colcon_core.package_identification:_identify(path_generate/global_racetrajectory_optimization/inputs) by extension 'ignore'
[2.800s] Level 1:colcon.colcon_core.package_identification:_identify(path_generate/global_racetrajectory_optimization/inputs) by extension 'ignore_ament_install'
[2.801s] Level 1:colcon.colcon_core.package_identification:_identify(path_generate/global_racetrajectory_optimization/inputs) by extensions ['colcon_pkg']
[2.801s] Level 1:colcon.colcon_core.package_identification:_identify(path_generate/global_racetrajectory_optimization/inputs) by extension 'colcon_pkg'
[2.801s] Level 1:colcon.colcon_core.package_identification:_identify(path_generate/global_racetrajectory_optimization/inputs) by extensions ['colcon_meta']
[2.801s] Level 1:colcon.colcon_core.package_identification:_identify(path_generate/global_racetrajectory_optimization/inputs) by extension 'colcon_meta'
[2.802s] Level 1:colcon.colcon_core.package_identification:_identify(path_generate/global_racetrajectory_optimization/inputs) by extensions ['ros']
[2.802s] Level 1:colcon.colcon_core.package_identification:_identify(path_generate/global_racetrajectory_optimization/inputs) by extension 'ros'
[2.803s] Level 1:colcon.colcon_core.package_identification:_identify(path_generate/global_racetrajectory_optimization/inputs) by extensions ['cmake', 'python']
[2.803s] Level 1:colcon.colcon_core.package_identification:_identify(path_generate/global_racetrajectory_optimization/inputs) by extension 'cmake'
[2.803s] Level 1:colcon.colcon_core.package_identification:_identify(path_generate/global_racetrajectory_optimization/inputs) by extension 'python'
[2.803s] Level 1:colcon.colcon_core.package_identification:_identify(path_generate/global_racetrajectory_optimization/inputs) by extensions ['python_setup_py']
[2.804s] Level 1:colcon.colcon_core.package_identification:_identify(path_generate/global_racetrajectory_optimization/inputs) by extension 'python_setup_py'
[2.804s] Level 1:colcon.colcon_core.package_identification:_identify(path_generate/global_racetrajectory_optimization/inputs/frictionmaps) by extensions ['ignore', 'ignore_ament_install']
[2.805s] Level 1:colcon.colcon_core.package_identification:_identify(path_generate/global_racetrajectory_optimization/inputs/frictionmaps) by extension 'ignore'
[2.805s] Level 1:colcon.colcon_core.package_identification:_identify(path_generate/global_racetrajectory_optimization/inputs/frictionmaps) by extension 'ignore_ament_install'
[2.805s] Level 1:colcon.colcon_core.package_identification:_identify(path_generate/global_racetrajectory_optimization/inputs/frictionmaps) by extensions ['colcon_pkg']
[2.806s] Level 1:colcon.colcon_core.package_identification:_identify(path_generate/global_racetrajectory_optimization/inputs/frictionmaps) by extension 'colcon_pkg'
[2.806s] Level 1:colcon.colcon_core.package_identification:_identify(path_generate/global_racetrajectory_optimization/inputs/frictionmaps) by extensions ['colcon_meta']
[2.806s] Level 1:colcon.colcon_core.package_identification:_identify(path_generate/global_racetrajectory_optimization/inputs/frictionmaps) by extension 'colcon_meta'
[2.806s] Level 1:colcon.colcon_core.package_identification:_identify(path_generate/global_racetrajectory_optimization/inputs/frictionmaps) by extensions ['ros']
[2.806s] Level 1:colcon.colcon_core.package_identification:_identify(path_generate/global_racetrajectory_optimization/inputs/frictionmaps) by extension 'ros'
[2.807s] Level 1:colcon.colcon_core.package_identification:_identify(path_generate/global_racetrajectory_optimization/inputs/frictionmaps) by extensions ['cmake', 'python']
[2.807s] Level 1:colcon.colcon_core.package_identification:_identify(path_generate/global_racetrajectory_optimization/inputs/frictionmaps) by extension 'cmake'
[2.807s] Level 1:colcon.colcon_core.package_identification:_identify(path_generate/global_racetrajectory_optimization/inputs/frictionmaps) by extension 'python'
[2.808s] Level 1:colcon.colcon_core.package_identification:_identify(path_generate/global_racetrajectory_optimization/inputs/frictionmaps) by extensions ['python_setup_py']
[2.808s] Level 1:colcon.colcon_core.package_identification:_identify(path_generate/global_racetrajectory_optimization/inputs/frictionmaps) by extension 'python_setup_py'
[2.809s] Level 1:colcon.colcon_core.package_identification:_identify(path_generate/global_racetrajectory_optimization/inputs/tracks) by extensions ['ignore', 'ignore_ament_install']
[2.809s] Level 1:colcon.colcon_core.package_identification:_identify(path_generate/global_racetrajectory_optimization/inputs/tracks) by extension 'ignore'
[2.809s] Level 1:colcon.colcon_core.package_identification:_identify(path_generate/global_racetrajectory_optimization/inputs/tracks) by extension 'ignore_ament_install'
[2.810s] Level 1:colcon.colcon_core.package_identification:_identify(path_generate/global_racetrajectory_optimization/inputs/tracks) by extensions ['colcon_pkg']
[2.810s] Level 1:colcon.colcon_core.package_identification:_identify(path_generate/global_racetrajectory_optimization/inputs/tracks) by extension 'colcon_pkg'
[2.810s] Level 1:colcon.colcon_core.package_identification:_identify(path_generate/global_racetrajectory_optimization/inputs/tracks) by extensions ['colcon_meta']
[2.810s] Level 1:colcon.colcon_core.package_identification:_identify(path_generate/global_racetrajectory_optimization/inputs/tracks) by extension 'colcon_meta'
[2.811s] Level 1:colcon.colcon_core.package_identification:_identify(path_generate/global_racetrajectory_optimization/inputs/tracks) by extensions ['ros']
[2.811s] Level 1:colcon.colcon_core.package_identification:_identify(path_generate/global_racetrajectory_optimization/inputs/tracks) by extension 'ros'
[2.812s] Level 1:colcon.colcon_core.package_identification:_identify(path_generate/global_racetrajectory_optimization/inputs/tracks) by extensions ['cmake', 'python']
[2.812s] Level 1:colcon.colcon_core.package_identification:_identify(path_generate/global_racetrajectory_optimization/inputs/tracks) by extension 'cmake'
[2.812s] Level 1:colcon.colcon_core.package_identification:_identify(path_generate/global_racetrajectory_optimization/inputs/tracks) by extension 'python'
[2.812s] Level 1:colcon.colcon_core.package_identification:_identify(path_generate/global_racetrajectory_optimization/inputs/tracks) by extensions ['python_setup_py']
[2.812s] Level 1:colcon.colcon_core.package_identification:_identify(path_generate/global_racetrajectory_optimization/inputs/tracks) by extension 'python_setup_py'
[2.813s] Level 1:colcon.colcon_core.package_identification:_identify(path_generate/global_racetrajectory_optimization/inputs/veh_dyn_info) by extensions ['ignore', 'ignore_ament_install']
[2.814s] Level 1:colcon.colcon_core.package_identification:_identify(path_generate/global_racetrajectory_optimization/inputs/veh_dyn_info) by extension 'ignore'
[2.814s] Level 1:colcon.colcon_core.package_identification:_identify(path_generate/global_racetrajectory_optimization/inputs/veh_dyn_info) by extension 'ignore_ament_install'
[2.814s] Level 1:colcon.colcon_core.package_identification:_identify(path_generate/global_racetrajectory_optimization/inputs/veh_dyn_info) by extensions ['colcon_pkg']
[2.814s] Level 1:colcon.colcon_core.package_identification:_identify(path_generate/global_racetrajectory_optimization/inputs/veh_dyn_info) by extension 'colcon_pkg'
[2.814s] Level 1:colcon.colcon_core.package_identification:_identify(path_generate/global_racetrajectory_optimization/inputs/veh_dyn_info) by extensions ['colcon_meta']
[2.815s] Level 1:colcon.colcon_core.package_identification:_identify(path_generate/global_racetrajectory_optimization/inputs/veh_dyn_info) by extension 'colcon_meta'
[2.815s] Level 1:colcon.colcon_core.package_identification:_identify(path_generate/global_racetrajectory_optimization/inputs/veh_dyn_info) by extensions ['ros']
[2.815s] Level 1:colcon.colcon_core.package_identification:_identify(path_generate/global_racetrajectory_optimization/inputs/veh_dyn_info) by extension 'ros'
[2.816s] Level 1:colcon.colcon_core.package_identification:_identify(path_generate/global_racetrajectory_optimization/inputs/veh_dyn_info) by extensions ['cmake', 'python']
[2.816s] Level 1:colcon.colcon_core.package_identification:_identify(path_generate/global_racetrajectory_optimization/inputs/veh_dyn_info) by extension 'cmake'
[2.816s] Level 1:colcon.colcon_core.package_identification:_identify(path_generate/global_racetrajectory_optimization/inputs/veh_dyn_info) by extension 'python'
[2.817s] Level 1:colcon.colcon_core.package_identification:_identify(path_generate/global_racetrajectory_optimization/inputs/veh_dyn_info) by extensions ['python_setup_py']
[2.817s] Level 1:colcon.colcon_core.package_identification:_identify(path_generate/global_racetrajectory_optimization/inputs/veh_dyn_info) by extension 'python_setup_py'
[2.817s] Level 1:colcon.colcon_core.package_identification:_identify(path_generate/global_racetrajectory_optimization/opt_mintime_traj) by extensions ['ignore', 'ignore_ament_install']
[2.818s] Level 1:colcon.colcon_core.package_identification:_identify(path_generate/global_racetrajectory_optimization/opt_mintime_traj) by extension 'ignore'
[2.818s] Level 1:colcon.colcon_core.package_identification:_identify(path_generate/global_racetrajectory_optimization/opt_mintime_traj) by extension 'ignore_ament_install'
[2.818s] Level 1:colcon.colcon_core.package_identification:_identify(path_generate/global_racetrajectory_optimization/opt_mintime_traj) by extensions ['colcon_pkg']
[2.819s] Level 1:colcon.colcon_core.package_identification:_identify(path_generate/global_racetrajectory_optimization/opt_mintime_traj) by extension 'colcon_pkg'
[2.819s] Level 1:colcon.colcon_core.package_identification:_identify(path_generate/global_racetrajectory_optimization/opt_mintime_traj) by extensions ['colcon_meta']
[2.819s] Level 1:colcon.colcon_core.package_identification:_identify(path_generate/global_racetrajectory_optimization/opt_mintime_traj) by extension 'colcon_meta'
[2.819s] Level 1:colcon.colcon_core.package_identification:_identify(path_generate/global_racetrajectory_optimization/opt_mintime_traj) by extensions ['ros']
[2.820s] Level 1:colcon.colcon_core.package_identification:_identify(path_generate/global_racetrajectory_optimization/opt_mintime_traj) by extension 'ros'
[2.820s] Level 1:colcon.colcon_core.package_identification:_identify(path_generate/global_racetrajectory_optimization/opt_mintime_traj) by extensions ['cmake', 'python']
[2.820s] Level 1:colcon.colcon_core.package_identification:_identify(path_generate/global_racetrajectory_optimization/opt_mintime_traj) by extension 'cmake'
[2.822s] Level 1:colcon.colcon_core.package_identification:_identify(path_generate/global_racetrajectory_optimization/opt_mintime_traj) by extension 'python'
[2.822s] Level 1:colcon.colcon_core.package_identification:_identify(path_generate/global_racetrajectory_optimization/opt_mintime_traj) by extensions ['python_setup_py']
[2.822s] Level 1:colcon.colcon_core.package_identification:_identify(path_generate/global_racetrajectory_optimization/opt_mintime_traj) by extension 'python_setup_py'
[2.823s] Level 1:colcon.colcon_core.package_identification:_identify(path_generate/global_racetrajectory_optimization/opt_mintime_traj/powertrain_src) by extensions ['ignore', 'ignore_ament_install']
[2.823s] Level 1:colcon.colcon_core.package_identification:_identify(path_generate/global_racetrajectory_optimization/opt_mintime_traj/powertrain_src) by extension 'ignore'
[2.824s] Level 1:colcon.colcon_core.package_identification:_identify(path_generate/global_racetrajectory_optimization/opt_mintime_traj/powertrain_src) by extension 'ignore_ament_install'
[2.824s] Level 1:colcon.colcon_core.package_identification:_identify(path_generate/global_racetrajectory_optimization/opt_mintime_traj/powertrain_src) by extensions ['colcon_pkg']
[2.824s] Level 1:colcon.colcon_core.package_identification:_identify(path_generate/global_racetrajectory_optimization/opt_mintime_traj/powertrain_src) by extension 'colcon_pkg'
[2.825s] Level 1:colcon.colcon_core.package_identification:_identify(path_generate/global_racetrajectory_optimization/opt_mintime_traj/powertrain_src) by extensions ['colcon_meta']
[2.825s] Level 1:colcon.colcon_core.package_identification:_identify(path_generate/global_racetrajectory_optimization/opt_mintime_traj/powertrain_src) by extension 'colcon_meta'
[2.825s] Level 1:colcon.colcon_core.package_identification:_identify(path_generate/global_racetrajectory_optimization/opt_mintime_traj/powertrain_src) by extensions ['ros']
[2.825s] Level 1:colcon.colcon_core.package_identification:_identify(path_generate/global_racetrajectory_optimization/opt_mintime_traj/powertrain_src) by extension 'ros'
[2.826s] Level 1:colcon.colcon_core.package_identification:_identify(path_generate/global_racetrajectory_optimization/opt_mintime_traj/powertrain_src) by extensions ['cmake', 'python']
[2.826s] Level 1:colcon.colcon_core.package_identification:_identify(path_generate/global_racetrajectory_optimization/opt_mintime_traj/powertrain_src) by extension 'cmake'
[2.826s] Level 1:colcon.colcon_core.package_identification:_identify(path_generate/global_racetrajectory_optimization/opt_mintime_traj/powertrain_src) by extension 'python'
[2.827s] Level 1:colcon.colcon_core.package_identification:_identify(path_generate/global_racetrajectory_optimization/opt_mintime_traj/powertrain_src) by extensions ['python_setup_py']
[2.827s] Level 1:colcon.colcon_core.package_identification:_identify(path_generate/global_racetrajectory_optimization/opt_mintime_traj/powertrain_src) by extension 'python_setup_py'
[2.827s] Level 1:colcon.colcon_core.package_identification:_identify(path_generate/global_racetrajectory_optimization/opt_mintime_traj/powertrain_src/src) by extensions ['ignore', 'ignore_ament_install']
[2.828s] Level 1:colcon.colcon_core.package_identification:_identify(path_generate/global_racetrajectory_optimization/opt_mintime_traj/powertrain_src/src) by extension 'ignore'
[2.828s] Level 1:colcon.colcon_core.package_identification:_identify(path_generate/global_racetrajectory_optimization/opt_mintime_traj/powertrain_src/src) by extension 'ignore_ament_install'
[2.829s] Level 1:colcon.colcon_core.package_identification:_identify(path_generate/global_racetrajectory_optimization/opt_mintime_traj/powertrain_src/src) by extensions ['colcon_pkg']
[2.829s] Level 1:colcon.colcon_core.package_identification:_identify(path_generate/global_racetrajectory_optimization/opt_mintime_traj/powertrain_src/src) by extension 'colcon_pkg'
[2.829s] Level 1:colcon.colcon_core.package_identification:_identify(path_generate/global_racetrajectory_optimization/opt_mintime_traj/powertrain_src/src) by extensions ['colcon_meta']
[2.829s] Level 1:colcon.colcon_core.package_identification:_identify(path_generate/global_racetrajectory_optimization/opt_mintime_traj/powertrain_src/src) by extension 'colcon_meta'
[2.830s] Level 1:colcon.colcon_core.package_identification:_identify(path_generate/global_racetrajectory_optimization/opt_mintime_traj/powertrain_src/src) by extensions ['ros']
[2.830s] Level 1:colcon.colcon_core.package_identification:_identify(path_generate/global_racetrajectory_optimization/opt_mintime_traj/powertrain_src/src) by extension 'ros'
[2.830s] Level 1:colcon.colcon_core.package_identification:_identify(path_generate/global_racetrajectory_optimization/opt_mintime_traj/powertrain_src/src) by extensions ['cmake', 'python']
[2.830s] Level 1:colcon.colcon_core.package_identification:_identify(path_generate/global_racetrajectory_optimization/opt_mintime_traj/powertrain_src/src) by extension 'cmake'
[2.831s] Level 1:colcon.colcon_core.package_identification:_identify(path_generate/global_racetrajectory_optimization/opt_mintime_traj/powertrain_src/src) by extension 'python'
[2.831s] Level 1:colcon.colcon_core.package_identification:_identify(path_generate/global_racetrajectory_optimization/opt_mintime_traj/powertrain_src/src) by extensions ['python_setup_py']
[2.831s] Level 1:colcon.colcon_core.package_identification:_identify(path_generate/global_racetrajectory_optimization/opt_mintime_traj/powertrain_src/src) by extension 'python_setup_py'
[2.832s] Level 1:colcon.colcon_core.package_identification:_identify(path_generate/global_racetrajectory_optimization/opt_mintime_traj/src) by extensions ['ignore', 'ignore_ament_install']
[2.832s] Level 1:colcon.colcon_core.package_identification:_identify(path_generate/global_racetrajectory_optimization/opt_mintime_traj/src) by extension 'ignore'
[2.833s] Level 1:colcon.colcon_core.package_identification:_identify(path_generate/global_racetrajectory_optimization/opt_mintime_traj/src) by extension 'ignore_ament_install'
[2.833s] Level 1:colcon.colcon_core.package_identification:_identify(path_generate/global_racetrajectory_optimization/opt_mintime_traj/src) by extensions ['colcon_pkg']
[2.833s] Level 1:colcon.colcon_core.package_identification:_identify(path_generate/global_racetrajectory_optimization/opt_mintime_traj/src) by extension 'colcon_pkg'
[2.833s] Level 1:colcon.colcon_core.package_identification:_identify(path_generate/global_racetrajectory_optimization/opt_mintime_traj/src) by extensions ['colcon_meta']
[2.834s] Level 1:colcon.colcon_core.package_identification:_identify(path_generate/global_racetrajectory_optimization/opt_mintime_traj/src) by extension 'colcon_meta'
[2.834s] Level 1:colcon.colcon_core.package_identification:_identify(path_generate/global_racetrajectory_optimization/opt_mintime_traj/src) by extensions ['ros']
[2.834s] Level 1:colcon.colcon_core.package_identification:_identify(path_generate/global_racetrajectory_optimization/opt_mintime_traj/src) by extension 'ros'
[2.835s] Level 1:colcon.colcon_core.package_identification:_identify(path_generate/global_racetrajectory_optimization/opt_mintime_traj/src) by extensions ['cmake', 'python']
[2.835s] Level 1:colcon.colcon_core.package_identification:_identify(path_generate/global_racetrajectory_optimization/opt_mintime_traj/src) by extension 'cmake'
[2.835s] Level 1:colcon.colcon_core.package_identification:_identify(path_generate/global_racetrajectory_optimization/opt_mintime_traj/src) by extension 'python'
[2.835s] Level 1:colcon.colcon_core.package_identification:_identify(path_generate/global_racetrajectory_optimization/opt_mintime_traj/src) by extensions ['python_setup_py']
[2.836s] Level 1:colcon.colcon_core.package_identification:_identify(path_generate/global_racetrajectory_optimization/opt_mintime_traj/src) by extension 'python_setup_py'
[2.836s] Level 1:colcon.colcon_core.package_identification:_identify(path_generate/global_racetrajectory_optimization/params) by extensions ['ignore', 'ignore_ament_install']
[2.837s] Level 1:colcon.colcon_core.package_identification:_identify(path_generate/global_racetrajectory_optimization/params) by extension 'ignore'
[2.837s] Level 1:colcon.colcon_core.package_identification:_identify(path_generate/global_racetrajectory_optimization/params) by extension 'ignore_ament_install'
[2.837s] Level 1:colcon.colcon_core.package_identification:_identify(path_generate/global_racetrajectory_optimization/params) by extensions ['colcon_pkg']
[2.837s] Level 1:colcon.colcon_core.package_identification:_identify(path_generate/global_racetrajectory_optimization/params) by extension 'colcon_pkg'
[2.838s] Level 1:colcon.colcon_core.package_identification:_identify(path_generate/global_racetrajectory_optimization/params) by extensions ['colcon_meta']
[2.838s] Level 1:colcon.colcon_core.package_identification:_identify(path_generate/global_racetrajectory_optimization/params) by extension 'colcon_meta'
[2.838s] Level 1:colcon.colcon_core.package_identification:_identify(path_generate/global_racetrajectory_optimization/params) by extensions ['ros']
[2.838s] Level 1:colcon.colcon_core.package_identification:_identify(path_generate/global_racetrajectory_optimization/params) by extension 'ros'
[2.839s] Level 1:colcon.colcon_core.package_identification:_identify(path_generate/global_racetrajectory_optimization/params) by extensions ['cmake', 'python']
[2.839s] Level 1:colcon.colcon_core.package_identification:_identify(path_generate/global_racetrajectory_optimization/params) by extension 'cmake'
[2.839s] Level 1:colcon.colcon_core.package_identification:_identify(path_generate/global_racetrajectory_optimization/params) by extension 'python'
[2.841s] Level 1:colcon.colcon_core.package_identification:_identify(path_generate/global_racetrajectory_optimization/params) by extensions ['python_setup_py']
[2.841s] Level 1:colcon.colcon_core.package_identification:_identify(path_generate/global_racetrajectory_optimization/params) by extension 'python_setup_py'
[2.842s] Level 1:colcon.colcon_core.package_identification:_identify(path_generate/steven_gong) by extensions ['ignore', 'ignore_ament_install']
[2.842s] Level 1:colcon.colcon_core.package_identification:_identify(path_generate/steven_gong) by extension 'ignore'
[2.842s] Level 1:colcon.colcon_core.package_identification:_identify(path_generate/steven_gong) by extension 'ignore_ament_install'
[2.844s] Level 1:colcon.colcon_core.package_identification:_identify(path_generate/steven_gong) by extensions ['colcon_pkg']
[2.844s] Level 1:colcon.colcon_core.package_identification:_identify(path_generate/steven_gong) by extension 'colcon_pkg'
[2.844s] Level 1:colcon.colcon_core.package_identification:_identify(path_generate/steven_gong) by extensions ['colcon_meta']
[2.844s] Level 1:colcon.colcon_core.package_identification:_identify(path_generate/steven_gong) by extension 'colcon_meta'
[2.845s] Level 1:colcon.colcon_core.package_identification:_identify(path_generate/steven_gong) by extensions ['ros']
[2.845s] Level 1:colcon.colcon_core.package_identification:_identify(path_generate/steven_gong) by extension 'ros'
[2.845s] Level 1:colcon.colcon_core.package_identification:_identify(path_generate/steven_gong) by extensions ['cmake', 'python']
[2.846s] Level 1:colcon.colcon_core.package_identification:_identify(path_generate/steven_gong) by extension 'cmake'
[2.846s] Level 1:colcon.colcon_core.package_identification:_identify(path_generate/steven_gong) by extension 'python'
[2.846s] Level 1:colcon.colcon_core.package_identification:_identify(path_generate/steven_gong) by extensions ['python_setup_py']
[2.846s] Level 1:colcon.colcon_core.package_identification:_identify(path_generate/steven_gong) by extension 'python_setup_py'
[2.847s] Level 1:colcon.colcon_core.package_identification:_identify(path_generate/steven_gong/Raceline-Optimization) by extensions ['ignore', 'ignore_ament_install']
[2.848s] Level 1:colcon.colcon_core.package_identification:_identify(path_generate/steven_gong/Raceline-Optimization) by extension 'ignore'
[2.848s] Level 1:colcon.colcon_core.package_identification:_identify(path_generate/steven_gong/Raceline-Optimization) by extension 'ignore_ament_install'
[2.848s] Level 1:colcon.colcon_core.package_identification:_identify(path_generate/steven_gong/Raceline-Optimization) by extensions ['colcon_pkg']
[2.848s] Level 1:colcon.colcon_core.package_identification:_identify(path_generate/steven_gong/Raceline-Optimization) by extension 'colcon_pkg'
[2.849s] Level 1:colcon.colcon_core.package_identification:_identify(path_generate/steven_gong/Raceline-Optimization) by extensions ['colcon_meta']
[2.849s] Level 1:colcon.colcon_core.package_identification:_identify(path_generate/steven_gong/Raceline-Optimization) by extension 'colcon_meta'
[2.849s] Level 1:colcon.colcon_core.package_identification:_identify(path_generate/steven_gong/Raceline-Optimization) by extensions ['ros']
[2.849s] Level 1:colcon.colcon_core.package_identification:_identify(path_generate/steven_gong/Raceline-Optimization) by extension 'ros'
[2.850s] Level 1:colcon.colcon_core.package_identification:_identify(path_generate/steven_gong/Raceline-Optimization) by extensions ['cmake', 'python']
[2.850s] Level 1:colcon.colcon_core.package_identification:_identify(path_generate/steven_gong/Raceline-Optimization) by extension 'cmake'
[2.850s] Level 1:colcon.colcon_core.package_identification:_identify(path_generate/steven_gong/Raceline-Optimization) by extension 'python'
[2.850s] Level 1:colcon.colcon_core.package_identification:_identify(path_generate/steven_gong/Raceline-Optimization) by extensions ['python_setup_py']
[2.850s] Level 1:colcon.colcon_core.package_identification:_identify(path_generate/steven_gong/Raceline-Optimization) by extension 'python_setup_py'
[2.851s] Level 1:colcon.colcon_core.package_identification:_identify(path_generate/steven_gong/Raceline-Optimization/frictionmap) by extensions ['ignore', 'ignore_ament_install']
[2.852s] Level 1:colcon.colcon_core.package_identification:_identify(path_generate/steven_gong/Raceline-Optimization/frictionmap) by extension 'ignore'
[2.852s] Level 1:colcon.colcon_core.package_identification:_identify(path_generate/steven_gong/Raceline-Optimization/frictionmap) by extension 'ignore_ament_install'
[2.853s] Level 1:colcon.colcon_core.package_identification:_identify(path_generate/steven_gong/Raceline-Optimization/frictionmap) by extensions ['colcon_pkg']
[2.853s] Level 1:colcon.colcon_core.package_identification:_identify(path_generate/steven_gong/Raceline-Optimization/frictionmap) by extension 'colcon_pkg'
[2.853s] Level 1:colcon.colcon_core.package_identification:_identify(path_generate/steven_gong/Raceline-Optimization/frictionmap) by extensions ['colcon_meta']
[2.853s] Level 1:colcon.colcon_core.package_identification:_identify(path_generate/steven_gong/Raceline-Optimization/frictionmap) by extension 'colcon_meta'
[2.854s] Level 1:colcon.colcon_core.package_identification:_identify(path_generate/steven_gong/Raceline-Optimization/frictionmap) by extensions ['ros']
[2.854s] Level 1:colcon.colcon_core.package_identification:_identify(path_generate/steven_gong/Raceline-Optimization/frictionmap) by extension 'ros'
[2.854s] Level 1:colcon.colcon_core.package_identification:_identify(path_generate/steven_gong/Raceline-Optimization/frictionmap) by extensions ['cmake', 'python']
[2.854s] Level 1:colcon.colcon_core.package_identification:_identify(path_generate/steven_gong/Raceline-Optimization/frictionmap) by extension 'cmake'
[2.855s] Level 1:colcon.colcon_core.package_identification:_identify(path_generate/steven_gong/Raceline-Optimization/frictionmap) by extension 'python'
[2.855s] Level 1:colcon.colcon_core.package_identification:_identify(path_generate/steven_gong/Raceline-Optimization/frictionmap) by extensions ['python_setup_py']
[2.855s] Level 1:colcon.colcon_core.package_identification:_identify(path_generate/steven_gong/Raceline-Optimization/frictionmap) by extension 'python_setup_py'
[2.856s] Level 1:colcon.colcon_core.package_identification:_identify(path_generate/steven_gong/Raceline-Optimization/frictionmap/src) by extensions ['ignore', 'ignore_ament_install']
[2.856s] Level 1:colcon.colcon_core.package_identification:_identify(path_generate/steven_gong/Raceline-Optimization/frictionmap/src) by extension 'ignore'
[2.857s] Level 1:colcon.colcon_core.package_identification:_identify(path_generate/steven_gong/Raceline-Optimization/frictionmap/src) by extension 'ignore_ament_install'
[2.857s] Level 1:colcon.colcon_core.package_identification:_identify(path_generate/steven_gong/Raceline-Optimization/frictionmap/src) by extensions ['colcon_pkg']
[2.857s] Level 1:colcon.colcon_core.package_identification:_identify(path_generate/steven_gong/Raceline-Optimization/frictionmap/src) by extension 'colcon_pkg'
[2.857s] Level 1:colcon.colcon_core.package_identification:_identify(path_generate/steven_gong/Raceline-Optimization/frictionmap/src) by extensions ['colcon_meta']
[2.857s] Level 1:colcon.colcon_core.package_identification:_identify(path_generate/steven_gong/Raceline-Optimization/frictionmap/src) by extension 'colcon_meta'
[2.858s] Level 1:colcon.colcon_core.package_identification:_identify(path_generate/steven_gong/Raceline-Optimization/frictionmap/src) by extensions ['ros']
[2.858s] Level 1:colcon.colcon_core.package_identification:_identify(path_generate/steven_gong/Raceline-Optimization/frictionmap/src) by extension 'ros'
[2.859s] Level 1:colcon.colcon_core.package_identification:_identify(path_generate/steven_gong/Raceline-Optimization/frictionmap/src) by extensions ['cmake', 'python']
[2.859s] Level 1:colcon.colcon_core.package_identification:_identify(path_generate/steven_gong/Raceline-Optimization/frictionmap/src) by extension 'cmake'
[2.859s] Level 1:colcon.colcon_core.package_identification:_identify(path_generate/steven_gong/Raceline-Optimization/frictionmap/src) by extension 'python'
[2.859s] Level 1:colcon.colcon_core.package_identification:_identify(path_generate/steven_gong/Raceline-Optimization/frictionmap/src) by extensions ['python_setup_py']
[2.859s] Level 1:colcon.colcon_core.package_identification:_identify(path_generate/steven_gong/Raceline-Optimization/frictionmap/src) by extension 'python_setup_py'
[2.860s] Level 1:colcon.colcon_core.package_identification:_identify(path_generate/steven_gong/Raceline-Optimization/helper_funcs_glob) by extensions ['ignore', 'ignore_ament_install']
[2.861s] Level 1:colcon.colcon_core.package_identification:_identify(path_generate/steven_gong/Raceline-Optimization/helper_funcs_glob) by extension 'ignore'
[2.861s] Level 1:colcon.colcon_core.package_identification:_identify(path_generate/steven_gong/Raceline-Optimization/helper_funcs_glob) by extension 'ignore_ament_install'
[2.861s] Level 1:colcon.colcon_core.package_identification:_identify(path_generate/steven_gong/Raceline-Optimization/helper_funcs_glob) by extensions ['colcon_pkg']
[2.861s] Level 1:colcon.colcon_core.package_identification:_identify(path_generate/steven_gong/Raceline-Optimization/helper_funcs_glob) by extension 'colcon_pkg'
[2.861s] Level 1:colcon.colcon_core.package_identification:_identify(path_generate/steven_gong/Raceline-Optimization/helper_funcs_glob) by extensions ['colcon_meta']
[2.862s] Level 1:colcon.colcon_core.package_identification:_identify(path_generate/steven_gong/Raceline-Optimization/helper_funcs_glob) by extension 'colcon_meta'
[2.862s] Level 1:colcon.colcon_core.package_identification:_identify(path_generate/steven_gong/Raceline-Optimization/helper_funcs_glob) by extensions ['ros']
[2.862s] Level 1:colcon.colcon_core.package_identification:_identify(path_generate/steven_gong/Raceline-Optimization/helper_funcs_glob) by extension 'ros'
[2.863s] Level 1:colcon.colcon_core.package_identification:_identify(path_generate/steven_gong/Raceline-Optimization/helper_funcs_glob) by extensions ['cmake', 'python']
[2.863s] Level 1:colcon.colcon_core.package_identification:_identify(path_generate/steven_gong/Raceline-Optimization/helper_funcs_glob) by extension 'cmake'
[2.863s] Level 1:colcon.colcon_core.package_identification:_identify(path_generate/steven_gong/Raceline-Optimization/helper_funcs_glob) by extension 'python'
[2.863s] Level 1:colcon.colcon_core.package_identification:_identify(path_generate/steven_gong/Raceline-Optimization/helper_funcs_glob) by extensions ['python_setup_py']
[2.863s] Level 1:colcon.colcon_core.package_identification:_identify(path_generate/steven_gong/Raceline-Optimization/helper_funcs_glob) by extension 'python_setup_py'
[2.866s] Level 1:colcon.colcon_core.package_identification:_identify(path_generate/steven_gong/Raceline-Optimization/helper_funcs_glob/src) by extensions ['ignore', 'ignore_ament_install']
[2.867s] Level 1:colcon.colcon_core.package_identification:_identify(path_generate/steven_gong/Raceline-Optimization/helper_funcs_glob/src) by extension 'ignore'
[2.868s] Level 1:colcon.colcon_core.package_identification:_identify(path_generate/steven_gong/Raceline-Optimization/helper_funcs_glob/src) by extension 'ignore_ament_install'
[2.868s] Level 1:colcon.colcon_core.package_identification:_identify(path_generate/steven_gong/Raceline-Optimization/helper_funcs_glob/src) by extensions ['colcon_pkg']
[2.869s] Level 1:colcon.colcon_core.package_identification:_identify(path_generate/steven_gong/Raceline-Optimization/helper_funcs_glob/src) by extension 'colcon_pkg'
[2.870s] Level 1:colcon.colcon_core.package_identification:_identify(path_generate/steven_gong/Raceline-Optimization/helper_funcs_glob/src) by extensions ['colcon_meta']
[2.870s] Level 1:colcon.colcon_core.package_identification:_identify(path_generate/steven_gong/Raceline-Optimization/helper_funcs_glob/src) by extension 'colcon_meta'
[2.871s] Level 1:colcon.colcon_core.package_identification:_identify(path_generate/steven_gong/Raceline-Optimization/helper_funcs_glob/src) by extensions ['ros']
[2.871s] Level 1:colcon.colcon_core.package_identification:_identify(path_generate/steven_gong/Raceline-Optimization/helper_funcs_glob/src) by extension 'ros'
[2.872s] Level 1:colcon.colcon_core.package_identification:_identify(path_generate/steven_gong/Raceline-Optimization/helper_funcs_glob/src) by extensions ['cmake', 'python']
[2.873s] Level 1:colcon.colcon_core.package_identification:_identify(path_generate/steven_gong/Raceline-Optimization/helper_funcs_glob/src) by extension 'cmake'
[2.873s] Level 1:colcon.colcon_core.package_identification:_identify(path_generate/steven_gong/Raceline-Optimization/helper_funcs_glob/src) by extension 'python'
[2.874s] Level 1:colcon.colcon_core.package_identification:_identify(path_generate/steven_gong/Raceline-Optimization/helper_funcs_glob/src) by extensions ['python_setup_py']
[2.874s] Level 1:colcon.colcon_core.package_identification:_identify(path_generate/steven_gong/Raceline-Optimization/helper_funcs_glob/src) by extension 'python_setup_py'
[2.875s] Level 1:colcon.colcon_core.package_identification:_identify(path_generate/steven_gong/Raceline-Optimization/inputs) by extensions ['ignore', 'ignore_ament_install']
[2.876s] Level 1:colcon.colcon_core.package_identification:_identify(path_generate/steven_gong/Raceline-Optimization/inputs) by extension 'ignore'
[2.877s] Level 1:colcon.colcon_core.package_identification:_identify(path_generate/steven_gong/Raceline-Optimization/inputs) by extension 'ignore_ament_install'
[2.878s] Level 1:colcon.colcon_core.package_identification:_identify(path_generate/steven_gong/Raceline-Optimization/inputs) by extensions ['colcon_pkg']
[2.878s] Level 1:colcon.colcon_core.package_identification:_identify(path_generate/steven_gong/Raceline-Optimization/inputs) by extension 'colcon_pkg'
[2.879s] Level 1:colcon.colcon_core.package_identification:_identify(path_generate/steven_gong/Raceline-Optimization/inputs) by extensions ['colcon_meta']
[2.879s] Level 1:colcon.colcon_core.package_identification:_identify(path_generate/steven_gong/Raceline-Optimization/inputs) by extension 'colcon_meta'
[2.880s] Level 1:colcon.colcon_core.package_identification:_identify(path_generate/steven_gong/Raceline-Optimization/inputs) by extensions ['ros']
[2.880s] Level 1:colcon.colcon_core.package_identification:_identify(path_generate/steven_gong/Raceline-Optimization/inputs) by extension 'ros'
[2.881s] Level 1:colcon.colcon_core.package_identification:_identify(path_generate/steven_gong/Raceline-Optimization/inputs) by extensions ['cmake', 'python']
[2.881s] Level 1:colcon.colcon_core.package_identification:_identify(path_generate/steven_gong/Raceline-Optimization/inputs) by extension 'cmake'
[2.882s] Level 1:colcon.colcon_core.package_identification:_identify(path_generate/steven_gong/Raceline-Optimization/inputs) by extension 'python'
[2.882s] Level 1:colcon.colcon_core.package_identification:_identify(path_generate/steven_gong/Raceline-Optimization/inputs) by extensions ['python_setup_py']
[2.883s] Level 1:colcon.colcon_core.package_identification:_identify(path_generate/steven_gong/Raceline-Optimization/inputs) by extension 'python_setup_py'
[2.884s] Level 1:colcon.colcon_core.package_identification:_identify(path_generate/steven_gong/Raceline-Optimization/inputs/frictionmaps) by extensions ['ignore', 'ignore_ament_install']
[2.885s] Level 1:colcon.colcon_core.package_identification:_identify(path_generate/steven_gong/Raceline-Optimization/inputs/frictionmaps) by extension 'ignore'
[2.885s] Level 1:colcon.colcon_core.package_identification:_identify(path_generate/steven_gong/Raceline-Optimization/inputs/frictionmaps) by extension 'ignore_ament_install'
[2.886s] Level 1:colcon.colcon_core.package_identification:_identify(path_generate/steven_gong/Raceline-Optimization/inputs/frictionmaps) by extensions ['colcon_pkg']
[2.887s] Level 1:colcon.colcon_core.package_identification:_identify(path_generate/steven_gong/Raceline-Optimization/inputs/frictionmaps) by extension 'colcon_pkg'
[2.888s] Level 1:colcon.colcon_core.package_identification:_identify(path_generate/steven_gong/Raceline-Optimization/inputs/frictionmaps) by extensions ['colcon_meta']
[2.889s] Level 1:colcon.colcon_core.package_identification:_identify(path_generate/steven_gong/Raceline-Optimization/inputs/frictionmaps) by extension 'colcon_meta'
[2.889s] Level 1:colcon.colcon_core.package_identification:_identify(path_generate/steven_gong/Raceline-Optimization/inputs/frictionmaps) by extensions ['ros']
[2.890s] Level 1:colcon.colcon_core.package_identification:_identify(path_generate/steven_gong/Raceline-Optimization/inputs/frictionmaps) by extension 'ros'
[2.891s] Level 1:colcon.colcon_core.package_identification:_identify(path_generate/steven_gong/Raceline-Optimization/inputs/frictionmaps) by extensions ['cmake', 'python']
[2.891s] Level 1:colcon.colcon_core.package_identification:_identify(path_generate/steven_gong/Raceline-Optimization/inputs/frictionmaps) by extension 'cmake'
[2.892s] Level 1:colcon.colcon_core.package_identification:_identify(path_generate/steven_gong/Raceline-Optimization/inputs/frictionmaps) by extension 'python'
[2.892s] Level 1:colcon.colcon_core.package_identification:_identify(path_generate/steven_gong/Raceline-Optimization/inputs/frictionmaps) by extensions ['python_setup_py']
[2.893s] Level 1:colcon.colcon_core.package_identification:_identify(path_generate/steven_gong/Raceline-Optimization/inputs/frictionmaps) by extension 'python_setup_py'
[2.894s] Level 1:colcon.colcon_core.package_identification:_identify(path_generate/steven_gong/Raceline-Optimization/inputs/tracks) by extensions ['ignore', 'ignore_ament_install']
[2.895s] Level 1:colcon.colcon_core.package_identification:_identify(path_generate/steven_gong/Raceline-Optimization/inputs/tracks) by extension 'ignore'
[2.895s] Level 1:colcon.colcon_core.package_identification:_identify(path_generate/steven_gong/Raceline-Optimization/inputs/tracks) by extension 'ignore_ament_install'
[2.896s] Level 1:colcon.colcon_core.package_identification:_identify(path_generate/steven_gong/Raceline-Optimization/inputs/tracks) by extensions ['colcon_pkg']
[2.896s] Level 1:colcon.colcon_core.package_identification:_identify(path_generate/steven_gong/Raceline-Optimization/inputs/tracks) by extension 'colcon_pkg'
[2.897s] Level 1:colcon.colcon_core.package_identification:_identify(path_generate/steven_gong/Raceline-Optimization/inputs/tracks) by extensions ['colcon_meta']
[2.897s] Level 1:colcon.colcon_core.package_identification:_identify(path_generate/steven_gong/Raceline-Optimization/inputs/tracks) by extension 'colcon_meta'
[2.898s] Level 1:colcon.colcon_core.package_identification:_identify(path_generate/steven_gong/Raceline-Optimization/inputs/tracks) by extensions ['ros']
[2.898s] Level 1:colcon.colcon_core.package_identification:_identify(path_generate/steven_gong/Raceline-Optimization/inputs/tracks) by extension 'ros'
[2.899s] Level 1:colcon.colcon_core.package_identification:_identify(path_generate/steven_gong/Raceline-Optimization/inputs/tracks) by extensions ['cmake', 'python']
[2.900s] Level 1:colcon.colcon_core.package_identification:_identify(path_generate/steven_gong/Raceline-Optimization/inputs/tracks) by extension 'cmake'
[2.900s] Level 1:colcon.colcon_core.package_identification:_identify(path_generate/steven_gong/Raceline-Optimization/inputs/tracks) by extension 'python'
[2.901s] Level 1:colcon.colcon_core.package_identification:_identify(path_generate/steven_gong/Raceline-Optimization/inputs/tracks) by extensions ['python_setup_py']
[2.901s] Level 1:colcon.colcon_core.package_identification:_identify(path_generate/steven_gong/Raceline-Optimization/inputs/tracks) by extension 'python_setup_py'
[2.902s] Level 1:colcon.colcon_core.package_identification:_identify(path_generate/steven_gong/Raceline-Optimization/inputs/veh_dyn_info) by extensions ['ignore', 'ignore_ament_install']
[2.903s] Level 1:colcon.colcon_core.package_identification:_identify(path_generate/steven_gong/Raceline-Optimization/inputs/veh_dyn_info) by extension 'ignore'
[2.904s] Level 1:colcon.colcon_core.package_identification:_identify(path_generate/steven_gong/Raceline-Optimization/inputs/veh_dyn_info) by extension 'ignore_ament_install'
[2.904s] Level 1:colcon.colcon_core.package_identification:_identify(path_generate/steven_gong/Raceline-Optimization/inputs/veh_dyn_info) by extensions ['colcon_pkg']
[2.905s] Level 1:colcon.colcon_core.package_identification:_identify(path_generate/steven_gong/Raceline-Optimization/inputs/veh_dyn_info) by extension 'colcon_pkg'
[2.906s] Level 1:colcon.colcon_core.package_identification:_identify(path_generate/steven_gong/Raceline-Optimization/inputs/veh_dyn_info) by extensions ['colcon_meta']
[2.907s] Level 1:colcon.colcon_core.package_identification:_identify(path_generate/steven_gong/Raceline-Optimization/inputs/veh_dyn_info) by extension 'colcon_meta'
[2.908s] Level 1:colcon.colcon_core.package_identification:_identify(path_generate/steven_gong/Raceline-Optimization/inputs/veh_dyn_info) by extensions ['ros']
[2.908s] Level 1:colcon.colcon_core.package_identification:_identify(path_generate/steven_gong/Raceline-Optimization/inputs/veh_dyn_info) by extension 'ros'
[2.909s] Level 1:colcon.colcon_core.package_identification:_identify(path_generate/steven_gong/Raceline-Optimization/inputs/veh_dyn_info) by extensions ['cmake', 'python']
[2.909s] Level 1:colcon.colcon_core.package_identification:_identify(path_generate/steven_gong/Raceline-Optimization/inputs/veh_dyn_info) by extension 'cmake'
[2.910s] Level 1:colcon.colcon_core.package_identification:_identify(path_generate/steven_gong/Raceline-Optimization/inputs/veh_dyn_info) by extension 'python'
[2.910s] Level 1:colcon.colcon_core.package_identification:_identify(path_generate/steven_gong/Raceline-Optimization/inputs/veh_dyn_info) by extensions ['python_setup_py']
[2.910s] Level 1:colcon.colcon_core.package_identification:_identify(path_generate/steven_gong/Raceline-Optimization/inputs/veh_dyn_info) by extension 'python_setup_py'
[2.911s] Level 1:colcon.colcon_core.package_identification:_identify(path_generate/steven_gong/Raceline-Optimization/maps) by extensions ['ignore', 'ignore_ament_install']
[2.911s] Level 1:colcon.colcon_core.package_identification:_identify(path_generate/steven_gong/Raceline-Optimization/maps) by extension 'ignore'
[2.912s] Level 1:colcon.colcon_core.package_identification:_identify(path_generate/steven_gong/Raceline-Optimization/maps) by extension 'ignore_ament_install'
[2.912s] Level 1:colcon.colcon_core.package_identification:_identify(path_generate/steven_gong/Raceline-Optimization/maps) by extensions ['colcon_pkg']
[2.913s] Level 1:colcon.colcon_core.package_identification:_identify(path_generate/steven_gong/Raceline-Optimization/maps) by extension 'colcon_pkg'
[2.914s] Level 1:colcon.colcon_core.package_identification:_identify(path_generate/steven_gong/Raceline-Optimization/maps) by extensions ['colcon_meta']
[2.914s] Level 1:colcon.colcon_core.package_identification:_identify(path_generate/steven_gong/Raceline-Optimization/maps) by extension 'colcon_meta'
[2.915s] Level 1:colcon.colcon_core.package_identification:_identify(path_generate/steven_gong/Raceline-Optimization/maps) by extensions ['ros']
[2.915s] Level 1:colcon.colcon_core.package_identification:_identify(path_generate/steven_gong/Raceline-Optimization/maps) by extension 'ros'
[2.916s] Level 1:colcon.colcon_core.package_identification:_identify(path_generate/steven_gong/Raceline-Optimization/maps) by extensions ['cmake', 'python']
[2.916s] Level 1:colcon.colcon_core.package_identification:_identify(path_generate/steven_gong/Raceline-Optimization/maps) by extension 'cmake'
[2.917s] Level 1:colcon.colcon_core.package_identification:_identify(path_generate/steven_gong/Raceline-Optimization/maps) by extension 'python'
[2.918s] Level 1:colcon.colcon_core.package_identification:_identify(path_generate/steven_gong/Raceline-Optimization/maps) by extensions ['python_setup_py']
[2.918s] Level 1:colcon.colcon_core.package_identification:_identify(path_generate/steven_gong/Raceline-Optimization/maps) by extension 'python_setup_py'
[2.919s] Level 1:colcon.colcon_core.package_identification:_identify(path_generate/steven_gong/Raceline-Optimization/opt_mintime_traj) by extensions ['ignore', 'ignore_ament_install']
[2.920s] Level 1:colcon.colcon_core.package_identification:_identify(path_generate/steven_gong/Raceline-Optimization/opt_mintime_traj) by extension 'ignore'
[2.921s] Level 1:colcon.colcon_core.package_identification:_identify(path_generate/steven_gong/Raceline-Optimization/opt_mintime_traj) by extension 'ignore_ament_install'
[2.921s] Level 1:colcon.colcon_core.package_identification:_identify(path_generate/steven_gong/Raceline-Optimization/opt_mintime_traj) by extensions ['colcon_pkg']
[2.922s] Level 1:colcon.colcon_core.package_identification:_identify(path_generate/steven_gong/Raceline-Optimization/opt_mintime_traj) by extension 'colcon_pkg'
[2.922s] Level 1:colcon.colcon_core.package_identification:_identify(path_generate/steven_gong/Raceline-Optimization/opt_mintime_traj) by extensions ['colcon_meta']
[2.922s] Level 1:colcon.colcon_core.package_identification:_identify(path_generate/steven_gong/Raceline-Optimization/opt_mintime_traj) by extension 'colcon_meta'
[2.923s] Level 1:colcon.colcon_core.package_identification:_identify(path_generate/steven_gong/Raceline-Optimization/opt_mintime_traj) by extensions ['ros']
[2.923s] Level 1:colcon.colcon_core.package_identification:_identify(path_generate/steven_gong/Raceline-Optimization/opt_mintime_traj) by extension 'ros'
[2.923s] Level 1:colcon.colcon_core.package_identification:_identify(path_generate/steven_gong/Raceline-Optimization/opt_mintime_traj) by extensions ['cmake', 'python']
[2.923s] Level 1:colcon.colcon_core.package_identification:_identify(path_generate/steven_gong/Raceline-Optimization/opt_mintime_traj) by extension 'cmake'
[2.924s] Level 1:colcon.colcon_core.package_identification:_identify(path_generate/steven_gong/Raceline-Optimization/opt_mintime_traj) by extension 'python'
[2.924s] Level 1:colcon.colcon_core.package_identification:_identify(path_generate/steven_gong/Raceline-Optimization/opt_mintime_traj) by extensions ['python_setup_py']
[2.924s] Level 1:colcon.colcon_core.package_identification:_identify(path_generate/steven_gong/Raceline-Optimization/opt_mintime_traj) by extension 'python_setup_py'
[2.925s] Level 1:colcon.colcon_core.package_identification:_identify(path_generate/steven_gong/Raceline-Optimization/opt_mintime_traj/powertrain_src) by extensions ['ignore', 'ignore_ament_install']
[2.926s] Level 1:colcon.colcon_core.package_identification:_identify(path_generate/steven_gong/Raceline-Optimization/opt_mintime_traj/powertrain_src) by extension 'ignore'
[2.927s] Level 1:colcon.colcon_core.package_identification:_identify(path_generate/steven_gong/Raceline-Optimization/opt_mintime_traj/powertrain_src) by extension 'ignore_ament_install'
[2.927s] Level 1:colcon.colcon_core.package_identification:_identify(path_generate/steven_gong/Raceline-Optimization/opt_mintime_traj/powertrain_src) by extensions ['colcon_pkg']
[2.928s] Level 1:colcon.colcon_core.package_identification:_identify(path_generate/steven_gong/Raceline-Optimization/opt_mintime_traj/powertrain_src) by extension 'colcon_pkg'
[2.929s] Level 1:colcon.colcon_core.package_identification:_identify(path_generate/steven_gong/Raceline-Optimization/opt_mintime_traj/powertrain_src) by extensions ['colcon_meta']
[2.929s] Level 1:colcon.colcon_core.package_identification:_identify(path_generate/steven_gong/Raceline-Optimization/opt_mintime_traj/powertrain_src) by extension 'colcon_meta'
[2.930s] Level 1:colcon.colcon_core.package_identification:_identify(path_generate/steven_gong/Raceline-Optimization/opt_mintime_traj/powertrain_src) by extensions ['ros']
[2.930s] Level 1:colcon.colcon_core.package_identification:_identify(path_generate/steven_gong/Raceline-Optimization/opt_mintime_traj/powertrain_src) by extension 'ros'
[2.931s] Level 1:colcon.colcon_core.package_identification:_identify(path_generate/steven_gong/Raceline-Optimization/opt_mintime_traj/powertrain_src) by extensions ['cmake', 'python']
[2.932s] Level 1:colcon.colcon_core.package_identification:_identify(path_generate/steven_gong/Raceline-Optimization/opt_mintime_traj/powertrain_src) by extension 'cmake'
[2.932s] Level 1:colcon.colcon_core.package_identification:_identify(path_generate/steven_gong/Raceline-Optimization/opt_mintime_traj/powertrain_src) by extension 'python'
[2.933s] Level 1:colcon.colcon_core.package_identification:_identify(path_generate/steven_gong/Raceline-Optimization/opt_mintime_traj/powertrain_src) by extensions ['python_setup_py']
[2.933s] Level 1:colcon.colcon_core.package_identification:_identify(path_generate/steven_gong/Raceline-Optimization/opt_mintime_traj/powertrain_src) by extension 'python_setup_py'
[2.935s] Level 1:colcon.colcon_core.package_identification:_identify(path_generate/steven_gong/Raceline-Optimization/opt_mintime_traj/powertrain_src/src) by extensions ['ignore', 'ignore_ament_install']
[2.936s] Level 1:colcon.colcon_core.package_identification:_identify(path_generate/steven_gong/Raceline-Optimization/opt_mintime_traj/powertrain_src/src) by extension 'ignore'
[2.936s] Level 1:colcon.colcon_core.package_identification:_identify(path_generate/steven_gong/Raceline-Optimization/opt_mintime_traj/powertrain_src/src) by extension 'ignore_ament_install'
[2.937s] Level 1:colcon.colcon_core.package_identification:_identify(path_generate/steven_gong/Raceline-Optimization/opt_mintime_traj/powertrain_src/src) by extensions ['colcon_pkg']
[2.939s] Level 1:colcon.colcon_core.package_identification:_identify(path_generate/steven_gong/Raceline-Optimization/opt_mintime_traj/powertrain_src/src) by extension 'colcon_pkg'
[2.939s] Level 1:colcon.colcon_core.package_identification:_identify(path_generate/steven_gong/Raceline-Optimization/opt_mintime_traj/powertrain_src/src) by extensions ['colcon_meta']
[2.940s] Level 1:colcon.colcon_core.package_identification:_identify(path_generate/steven_gong/Raceline-Optimization/opt_mintime_traj/powertrain_src/src) by extension 'colcon_meta'
[2.941s] Level 1:colcon.colcon_core.package_identification:_identify(path_generate/steven_gong/Raceline-Optimization/opt_mintime_traj/powertrain_src/src) by extensions ['ros']
[2.941s] Level 1:colcon.colcon_core.package_identification:_identify(path_generate/steven_gong/Raceline-Optimization/opt_mintime_traj/powertrain_src/src) by extension 'ros'
[2.942s] Level 1:colcon.colcon_core.package_identification:_identify(path_generate/steven_gong/Raceline-Optimization/opt_mintime_traj/powertrain_src/src) by extensions ['cmake', 'python']
[2.943s] Level 1:colcon.colcon_core.package_identification:_identify(path_generate/steven_gong/Raceline-Optimization/opt_mintime_traj/powertrain_src/src) by extension 'cmake'
[2.943s] Level 1:colcon.colcon_core.package_identification:_identify(path_generate/steven_gong/Raceline-Optimization/opt_mintime_traj/powertrain_src/src) by extension 'python'
[2.944s] Level 1:colcon.colcon_core.package_identification:_identify(path_generate/steven_gong/Raceline-Optimization/opt_mintime_traj/powertrain_src/src) by extensions ['python_setup_py']
[2.945s] Level 1:colcon.colcon_core.package_identification:_identify(path_generate/steven_gong/Raceline-Optimization/opt_mintime_traj/powertrain_src/src) by extension 'python_setup_py'
[2.946s] Level 1:colcon.colcon_core.package_identification:_identify(path_generate/steven_gong/Raceline-Optimization/opt_mintime_traj/src) by extensions ['ignore', 'ignore_ament_install']
[2.947s] Level 1:colcon.colcon_core.package_identification:_identify(path_generate/steven_gong/Raceline-Optimization/opt_mintime_traj/src) by extension 'ignore'
[2.948s] Level 1:colcon.colcon_core.package_identification:_identify(path_generate/steven_gong/Raceline-Optimization/opt_mintime_traj/src) by extension 'ignore_ament_install'
[2.948s] Level 1:colcon.colcon_core.package_identification:_identify(path_generate/steven_gong/Raceline-Optimization/opt_mintime_traj/src) by extensions ['colcon_pkg']
[2.949s] Level 1:colcon.colcon_core.package_identification:_identify(path_generate/steven_gong/Raceline-Optimization/opt_mintime_traj/src) by extension 'colcon_pkg'
[2.949s] Level 1:colcon.colcon_core.package_identification:_identify(path_generate/steven_gong/Raceline-Optimization/opt_mintime_traj/src) by extensions ['colcon_meta']
[2.950s] Level 1:colcon.colcon_core.package_identification:_identify(path_generate/steven_gong/Raceline-Optimization/opt_mintime_traj/src) by extension 'colcon_meta'
[2.951s] Level 1:colcon.colcon_core.package_identification:_identify(path_generate/steven_gong/Raceline-Optimization/opt_mintime_traj/src) by extensions ['ros']
[2.951s] Level 1:colcon.colcon_core.package_identification:_identify(path_generate/steven_gong/Raceline-Optimization/opt_mintime_traj/src) by extension 'ros'
[2.952s] Level 1:colcon.colcon_core.package_identification:_identify(path_generate/steven_gong/Raceline-Optimization/opt_mintime_traj/src) by extensions ['cmake', 'python']
[2.953s] Level 1:colcon.colcon_core.package_identification:_identify(path_generate/steven_gong/Raceline-Optimization/opt_mintime_traj/src) by extension 'cmake'
[2.953s] Level 1:colcon.colcon_core.package_identification:_identify(path_generate/steven_gong/Raceline-Optimization/opt_mintime_traj/src) by extension 'python'
[2.954s] Level 1:colcon.colcon_core.package_identification:_identify(path_generate/steven_gong/Raceline-Optimization/opt_mintime_traj/src) by extensions ['python_setup_py']
[2.954s] Level 1:colcon.colcon_core.package_identification:_identify(path_generate/steven_gong/Raceline-Optimization/opt_mintime_traj/src) by extension 'python_setup_py'
[2.955s] Level 1:colcon.colcon_core.package_identification:_identify(path_generate/steven_gong/Raceline-Optimization/params) by extensions ['ignore', 'ignore_ament_install']
[2.956s] Level 1:colcon.colcon_core.package_identification:_identify(path_generate/steven_gong/Raceline-Optimization/params) by extension 'ignore'
[2.957s] Level 1:colcon.colcon_core.package_identification:_identify(path_generate/steven_gong/Raceline-Optimization/params) by extension 'ignore_ament_install'
[2.957s] Level 1:colcon.colcon_core.package_identification:_identify(path_generate/steven_gong/Raceline-Optimization/params) by extensions ['colcon_pkg']
[2.958s] Level 1:colcon.colcon_core.package_identification:_identify(path_generate/steven_gong/Raceline-Optimization/params) by extension 'colcon_pkg'
[2.958s] Level 1:colcon.colcon_core.package_identification:_identify(path_generate/steven_gong/Raceline-Optimization/params) by extensions ['colcon_meta']
[2.959s] Level 1:colcon.colcon_core.package_identification:_identify(path_generate/steven_gong/Raceline-Optimization/params) by extension 'colcon_meta'
[2.960s] Level 1:colcon.colcon_core.package_identification:_identify(path_generate/steven_gong/Raceline-Optimization/params) by extensions ['ros']
[2.960s] Level 1:colcon.colcon_core.package_identification:_identify(path_generate/steven_gong/Raceline-Optimization/params) by extension 'ros'
[2.963s] Level 1:colcon.colcon_core.package_identification:_identify(path_generate/steven_gong/Raceline-Optimization/params) by extensions ['cmake', 'python']
[2.964s] Level 1:colcon.colcon_core.package_identification:_identify(path_generate/steven_gong/Raceline-Optimization/params) by extension 'cmake'
[2.964s] Level 1:colcon.colcon_core.package_identification:_identify(path_generate/steven_gong/Raceline-Optimization/params) by extension 'python'
[2.965s] Level 1:colcon.colcon_core.package_identification:_identify(path_generate/steven_gong/Raceline-Optimization/params) by extensions ['python_setup_py']
[2.965s] Level 1:colcon.colcon_core.package_identification:_identify(path_generate/steven_gong/Raceline-Optimization/params) by extension 'python_setup_py'
[2.966s] Level 1:colcon.colcon_core.package_identification:_identify(rosbag2_2025_09_18-18_36_26) by extensions ['ignore', 'ignore_ament_install']
[2.967s] Level 1:colcon.colcon_core.package_identification:_identify(rosbag2_2025_09_18-18_36_26) by extension 'ignore'
[2.968s] Level 1:colcon.colcon_core.package_identification:_identify(rosbag2_2025_09_18-18_36_26) by extension 'ignore_ament_install'
[2.969s] Level 1:colcon.colcon_core.package_identification:_identify(rosbag2_2025_09_18-18_36_26) by extensions ['colcon_pkg']
[2.969s] Level 1:colcon.colcon_core.package_identification:_identify(rosbag2_2025_09_18-18_36_26) by extension 'colcon_pkg'
[2.970s] Level 1:colcon.colcon_core.package_identification:_identify(rosbag2_2025_09_18-18_36_26) by extensions ['colcon_meta']
[2.970s] Level 1:colcon.colcon_core.package_identification:_identify(rosbag2_2025_09_18-18_36_26) by extension 'colcon_meta'
[2.971s] Level 1:colcon.colcon_core.package_identification:_identify(rosbag2_2025_09_18-18_36_26) by extensions ['ros']
[2.971s] Level 1:colcon.colcon_core.package_identification:_identify(rosbag2_2025_09_18-18_36_26) by extension 'ros'
[2.972s] Level 1:colcon.colcon_core.package_identification:_identify(rosbag2_2025_09_18-18_36_26) by extensions ['cmake', 'python']
[2.973s] Level 1:colcon.colcon_core.package_identification:_identify(rosbag2_2025_09_18-18_36_26) by extension 'cmake'
[2.973s] Level 1:colcon.colcon_core.package_identification:_identify(rosbag2_2025_09_18-18_36_26) by extension 'python'
[2.974s] Level 1:colcon.colcon_core.package_identification:_identify(rosbag2_2025_09_18-18_36_26) by extensions ['python_setup_py']
[2.975s] Level 1:colcon.colcon_core.package_identification:_identify(rosbag2_2025_09_18-18_36_26) by extension 'python_setup_py'
[2.979s] Level 1:colcon.colcon_core.package_identification:_identify(src) by extensions ['ignore', 'ignore_ament_install']
[2.979s] Level 1:colcon.colcon_core.package_identification:_identify(src) by extension 'ignore'
[2.979s] Level 1:colcon.colcon_core.package_identification:_identify(src) by extension 'ignore_ament_install'
[2.980s] Level 1:colcon.colcon_core.package_identification:_identify(src) by extensions ['colcon_pkg']
[2.980s] Level 1:colcon.colcon_core.package_identification:_identify(src) by extension 'colcon_pkg'
[2.981s] Level 1:colcon.colcon_core.package_identification:_identify(src) by extensions ['colcon_meta']
[2.981s] Level 1:colcon.colcon_core.package_identification:_identify(src) by extension 'colcon_meta'
[2.981s] Level 1:colcon.colcon_core.package_identification:_identify(src) by extensions ['ros']
[2.981s] Level 1:colcon.colcon_core.package_identification:_identify(src) by extension 'ros'
[2.982s] Level 1:colcon.colcon_core.package_identification:_identify(src) by extensions ['cmake', 'python']
[2.982s] Level 1:colcon.colcon_core.package_identification:_identify(src) by extension 'cmake'
[2.982s] Level 1:colcon.colcon_core.package_identification:_identify(src) by extension 'python'
[2.982s] Level 1:colcon.colcon_core.package_identification:_identify(src) by extensions ['python_setup_py']
[2.983s] Level 1:colcon.colcon_core.package_identification:_identify(src) by extension 'python_setup_py'
[2.983s] Level 1:colcon.colcon_core.package_identification:_identify(src/build) by extensions ['ignore', 'ignore_ament_install']
[2.984s] Level 1:colcon.colcon_core.package_identification:_identify(src/build) by extension 'ignore'
[2.985s] Level 1:colcon.colcon_core.package_identification:_identify(src/build) ignored
[2.985s] Level 1:colcon.colcon_core.package_identification:_identify(src/center_follow_cpp) by extensions ['ignore', 'ignore_ament_install']
[2.986s] Level 1:colcon.colcon_core.package_identification:_identify(src/center_follow_cpp) by extension 'ignore'
[2.986s] Level 1:colcon.colcon_core.package_identification:_identify(src/center_follow_cpp) by extension 'ignore_ament_install'
[2.987s] Level 1:colcon.colcon_core.package_identification:_identify(src/center_follow_cpp) by extensions ['colcon_pkg']
[2.987s] Level 1:colcon.colcon_core.package_identification:_identify(src/center_follow_cpp) by extension 'colcon_pkg'
[2.988s] Level 1:colcon.colcon_core.package_identification:_identify(src/center_follow_cpp) by extensions ['colcon_meta']
[2.988s] Level 1:colcon.colcon_core.package_identification:_identify(src/center_follow_cpp) by extension 'colcon_meta'
[2.988s] Level 1:colcon.colcon_core.package_identification:_identify(src/center_follow_cpp) by extensions ['ros']
[2.989s] Level 1:colcon.colcon_core.package_identification:_identify(src/center_follow_cpp) by extension 'ros'
[3.009s] DEBUG:colcon.colcon_core.package_identification:Package 'src/center_follow_cpp' with type 'ros.ament_cmake' and name 'center_follow_cpp'
[3.010s] Level 1:colcon.colcon_core.package_identification:_identify(src/f1tenth_slam_nav) by extensions ['ignore', 'ignore_ament_install']
[3.011s] Level 1:colcon.colcon_core.package_identification:_identify(src/f1tenth_slam_nav) by extension 'ignore'
[3.011s] Level 1:colcon.colcon_core.package_identification:_identify(src/f1tenth_slam_nav) by extension 'ignore_ament_install'
[3.012s] Level 1:colcon.colcon_core.package_identification:_identify(src/f1tenth_slam_nav) by extensions ['colcon_pkg']
[3.013s] Level 1:colcon.colcon_core.package_identification:_identify(src/f1tenth_slam_nav) by extension 'colcon_pkg'
[3.013s] Level 1:colcon.colcon_core.package_identification:_identify(src/f1tenth_slam_nav) by extensions ['colcon_meta']
[3.014s] Level 1:colcon.colcon_core.package_identification:_identify(src/f1tenth_slam_nav) by extension 'colcon_meta'
[3.014s] Level 1:colcon.colcon_core.package_identification:_identify(src/f1tenth_slam_nav) by extensions ['ros']
[3.014s] Level 1:colcon.colcon_core.package_identification:_identify(src/f1tenth_slam_nav) by extension 'ros'
[3.033s] DEBUG:colcon.colcon_core.package_identification:Package 'src/f1tenth_slam_nav' with type 'ros.ament_cmake' and name 'f1tenth_slam_nav'
[3.035s] Level 1:colcon.colcon_core.package_identification:_identify(src/f1tenth_system) by extensions ['ignore', 'ignore_ament_install']
[3.036s] Level 1:colcon.colcon_core.package_identification:_identify(src/f1tenth_system) by extension 'ignore'
[3.037s] Level 1:colcon.colcon_core.package_identification:_identify(src/f1tenth_system) by extension 'ignore_ament_install'
[3.037s] Level 1:colcon.colcon_core.package_identification:_identify(src/f1tenth_system) by extensions ['colcon_pkg']
[3.037s] Level 1:colcon.colcon_core.package_identification:_identify(src/f1tenth_system) by extension 'colcon_pkg'
[3.038s] Level 1:colcon.colcon_core.package_identification:_identify(src/f1tenth_system) by extensions ['colcon_meta']
[3.038s] Level 1:colcon.colcon_core.package_identification:_identify(src/f1tenth_system) by extension 'colcon_meta'
[3.038s] Level 1:colcon.colcon_core.package_identification:_identify(src/f1tenth_system) by extensions ['ros']
[3.038s] Level 1:colcon.colcon_core.package_identification:_identify(src/f1tenth_system) by extension 'ros'
[3.039s] Level 1:colcon.colcon_core.package_identification:_identify(src/f1tenth_system) by extensions ['cmake', 'python']
[3.039s] Level 1:colcon.colcon_core.package_identification:_identify(src/f1tenth_system) by extension 'cmake'
[3.039s] Level 1:colcon.colcon_core.package_identification:_identify(src/f1tenth_system) by extension 'python'
[3.039s] Level 1:colcon.colcon_core.package_identification:_identify(src/f1tenth_system) by extensions ['python_setup_py']
[3.040s] Level 1:colcon.colcon_core.package_identification:_identify(src/f1tenth_system) by extension 'python_setup_py'
[3.040s] Level 1:colcon.colcon_core.package_identification:_identify(src/f1tenth_system/ackermann_mux) by extensions ['ignore', 'ignore_ament_install']
[3.041s] Level 1:colcon.colcon_core.package_identification:_identify(src/f1tenth_system/ackermann_mux) by extension 'ignore'
[3.041s] Level 1:colcon.colcon_core.package_identification:_identify(src/f1tenth_system/ackermann_mux) by extension 'ignore_ament_install'
[3.042s] Level 1:colcon.colcon_core.package_identification:_identify(src/f1tenth_system/ackermann_mux) by extensions ['colcon_pkg']
[3.042s] Level 1:colcon.colcon_core.package_identification:_identify(src/f1tenth_system/ackermann_mux) by extension 'colcon_pkg'
[3.042s] Level 1:colcon.colcon_core.package_identification:_identify(src/f1tenth_system/ackermann_mux) by extensions ['colcon_meta']
[3.042s] Level 1:colcon.colcon_core.package_identification:_identify(src/f1tenth_system/ackermann_mux) by extension 'colcon_meta'
[3.043s] Level 1:colcon.colcon_core.package_identification:_identify(src/f1tenth_system/ackermann_mux) by extensions ['ros']
[3.043s] Level 1:colcon.colcon_core.package_identification:_identify(src/f1tenth_system/ackermann_mux) by extension 'ros'
[3.050s] DEBUG:colcon.colcon_core.package_identification:Package 'src/f1tenth_system/ackermann_mux' with type 'ros.ament_cmake' and name 'ackermann_mux'
[3.052s] Level 1:colcon.colcon_core.package_identification:_identify(src/f1tenth_system/f1tenth_stack) by extensions ['ignore', 'ignore_ament_install']
[3.052s] Level 1:colcon.colcon_core.package_identification:_identify(src/f1tenth_system/f1tenth_stack) by extension 'ignore'
[3.055s] Level 1:colcon.colcon_core.package_identification:_identify(src/f1tenth_system/f1tenth_stack) by extension 'ignore_ament_install'
[3.055s] Level 1:colcon.colcon_core.package_identification:_identify(src/f1tenth_system/f1tenth_stack) by extensions ['colcon_pkg']
[3.055s] Level 1:colcon.colcon_core.package_identification:_identify(src/f1tenth_system/f1tenth_stack) by extension 'colcon_pkg'
[3.057s] Level 1:colcon.colcon_core.package_identification:_identify(src/f1tenth_system/f1tenth_stack) by extensions ['colcon_meta']
[3.057s] Level 1:colcon.colcon_core.package_identification:_identify(src/f1tenth_system/f1tenth_stack) by extension 'colcon_meta'
[3.057s] Level 1:colcon.colcon_core.package_identification:_identify(src/f1tenth_system/f1tenth_stack) by extensions ['ros']
[3.058s] Level 1:colcon.colcon_core.package_identification:_identify(src/f1tenth_system/f1tenth_stack) by extension 'ros'
[3.064s] DEBUG:colcon.colcon_core.package_identification:Package 'src/f1tenth_system/f1tenth_stack' with type 'ros.ament_python' and name 'f1tenth_stack'
[3.065s] Level 1:colcon.colcon_core.package_identification:_identify(src/f1tenth_system/scripts) by extensions ['ignore', 'ignore_ament_install']
[3.065s] Level 1:colcon.colcon_core.package_identification:_identify(src/f1tenth_system/scripts) by extension 'ignore'
[3.066s] Level 1:colcon.colcon_core.package_identification:_identify(src/f1tenth_system/scripts) by extension 'ignore_ament_install'
[3.066s] Level 1:colcon.colcon_core.package_identification:_identify(src/f1tenth_system/scripts) by extensions ['colcon_pkg']
[3.066s] Level 1:colcon.colcon_core.package_identification:_identify(src/f1tenth_system/scripts) by extension 'colcon_pkg'
[3.066s] Level 1:colcon.colcon_core.package_identification:_identify(src/f1tenth_system/scripts) by extensions ['colcon_meta']
[3.067s] Level 1:colcon.colcon_core.package_identification:_identify(src/f1tenth_system/scripts) by extension 'colcon_meta'
[3.067s] Level 1:colcon.colcon_core.package_identification:_identify(src/f1tenth_system/scripts) by extensions ['ros']
[3.067s] Level 1:colcon.colcon_core.package_identification:_identify(src/f1tenth_system/scripts) by extension 'ros'
[3.068s] Level 1:colcon.colcon_core.package_identification:_identify(src/f1tenth_system/scripts) by extensions ['cmake', 'python']
[3.068s] Level 1:colcon.colcon_core.package_identification:_identify(src/f1tenth_system/scripts) by extension 'cmake'
[3.068s] Level 1:colcon.colcon_core.package_identification:_identify(src/f1tenth_system/scripts) by extension 'python'
[3.068s] Level 1:colcon.colcon_core.package_identification:_identify(src/f1tenth_system/scripts) by extensions ['python_setup_py']
[3.069s] Level 1:colcon.colcon_core.package_identification:_identify(src/f1tenth_system/scripts) by extension 'python_setup_py'
[3.071s] Level 1:colcon.colcon_core.package_identification:_identify(src/f1tenth_system/teleop_tools) by extensions ['ignore', 'ignore_ament_install']
[3.071s] Level 1:colcon.colcon_core.package_identification:_identify(src/f1tenth_system/teleop_tools) by extension 'ignore'
[3.072s] Level 1:colcon.colcon_core.package_identification:_identify(src/f1tenth_system/teleop_tools) by extension 'ignore_ament_install'
[3.072s] Level 1:colcon.colcon_core.package_identification:_identify(src/f1tenth_system/teleop_tools) by extensions ['colcon_pkg']
[3.072s] Level 1:colcon.colcon_core.package_identification:_identify(src/f1tenth_system/teleop_tools) by extension 'colcon_pkg'
[3.072s] Level 1:colcon.colcon_core.package_identification:_identify(src/f1tenth_system/teleop_tools) by extensions ['colcon_meta']
[3.073s] Level 1:colcon.colcon_core.package_identification:_identify(src/f1tenth_system/teleop_tools) by extension 'colcon_meta'
[3.073s] Level 1:colcon.colcon_core.package_identification:_identify(src/f1tenth_system/teleop_tools) by extensions ['ros']
[3.073s] Level 1:colcon.colcon_core.package_identification:_identify(src/f1tenth_system/teleop_tools) by extension 'ros'
[3.074s] Level 1:colcon.colcon_core.package_identification:_identify(src/f1tenth_system/teleop_tools) by extensions ['cmake', 'python']
[3.074s] Level 1:colcon.colcon_core.package_identification:_identify(src/f1tenth_system/teleop_tools) by extension 'cmake'
[3.075s] Level 1:colcon.colcon_core.package_identification:_identify(src/f1tenth_system/teleop_tools) by extension 'python'
[3.075s] Level 1:colcon.colcon_core.package_identification:_identify(src/f1tenth_system/teleop_tools) by extensions ['python_setup_py']
[3.075s] Level 1:colcon.colcon_core.package_identification:_identify(src/f1tenth_system/teleop_tools) by extension 'python_setup_py'
[3.077s] Level 1:colcon.colcon_core.package_identification:_identify(src/f1tenth_system/teleop_tools/joy_teleop) by extensions ['ignore', 'ignore_ament_install']
[3.077s] Level 1:colcon.colcon_core.package_identification:_identify(src/f1tenth_system/teleop_tools/joy_teleop) by extension 'ignore'
[3.078s] Level 1:colcon.colcon_core.package_identification:_identify(src/f1tenth_system/teleop_tools/joy_teleop) by extension 'ignore_ament_install'
[3.078s] Level 1:colcon.colcon_core.package_identification:_identify(src/f1tenth_system/teleop_tools/joy_teleop) by extensions ['colcon_pkg']
[3.078s] Level 1:colcon.colcon_core.package_identification:_identify(src/f1tenth_system/teleop_tools/joy_teleop) by extension 'colcon_pkg'
[3.078s] Level 1:colcon.colcon_core.package_identification:_identify(src/f1tenth_system/teleop_tools/joy_teleop) by extensions ['colcon_meta']
[3.079s] Level 1:colcon.colcon_core.package_identification:_identify(src/f1tenth_system/teleop_tools/joy_teleop) by extension 'colcon_meta'
[3.079s] Level 1:colcon.colcon_core.package_identification:_identify(src/f1tenth_system/teleop_tools/joy_teleop) by extensions ['ros']
[3.079s] Level 1:colcon.colcon_core.package_identification:_identify(src/f1tenth_system/teleop_tools/joy_teleop) by extension 'ros'
[3.085s] DEBUG:colcon.colcon_core.package_identification:Package 'src/f1tenth_system/teleop_tools/joy_teleop' with type 'ros.ament_python' and name 'joy_teleop'
[3.086s] Level 1:colcon.colcon_core.package_identification:_identify(src/f1tenth_system/teleop_tools/key_teleop) by extensions ['ignore', 'ignore_ament_install']
[3.087s] Level 1:colcon.colcon_core.package_identification:_identify(src/f1tenth_system/teleop_tools/key_teleop) by extension 'ignore'
[3.087s] Level 1:colcon.colcon_core.package_identification:_identify(src/f1tenth_system/teleop_tools/key_teleop) by extension 'ignore_ament_install'
[3.088s] Level 1:colcon.colcon_core.package_identification:_identify(src/f1tenth_system/teleop_tools/key_teleop) by extensions ['colcon_pkg']
[3.088s] Level 1:colcon.colcon_core.package_identification:_identify(src/f1tenth_system/teleop_tools/key_teleop) by extension 'colcon_pkg'
[3.088s] Level 1:colcon.colcon_core.package_identification:_identify(src/f1tenth_system/teleop_tools/key_teleop) by extensions ['colcon_meta']
[3.089s] Level 1:colcon.colcon_core.package_identification:_identify(src/f1tenth_system/teleop_tools/key_teleop) by extension 'colcon_meta'
[3.089s] Level 1:colcon.colcon_core.package_identification:_identify(src/f1tenth_system/teleop_tools/key_teleop) by extensions ['ros']
[3.089s] Level 1:colcon.colcon_core.package_identification:_identify(src/f1tenth_system/teleop_tools/key_teleop) by extension 'ros'
[3.094s] DEBUG:colcon.colcon_core.package_identification:Package 'src/f1tenth_system/teleop_tools/key_teleop' with type 'ros.ament_python' and name 'key_teleop'
[3.095s] Level 1:colcon.colcon_core.package_identification:_identify(src/f1tenth_system/teleop_tools/mouse_teleop) by extensions ['ignore', 'ignore_ament_install']
[3.097s] Level 1:colcon.colcon_core.package_identification:_identify(src/f1tenth_system/teleop_tools/mouse_teleop) by extension 'ignore'
[3.097s] Level 1:colcon.colcon_core.package_identification:_identify(src/f1tenth_system/teleop_tools/mouse_teleop) by extension 'ignore_ament_install'
[3.098s] Level 1:colcon.colcon_core.package_identification:_identify(src/f1tenth_system/teleop_tools/mouse_teleop) by extensions ['colcon_pkg']
[3.098s] Level 1:colcon.colcon_core.package_identification:_identify(src/f1tenth_system/teleop_tools/mouse_teleop) by extension 'colcon_pkg'
[3.098s] Level 1:colcon.colcon_core.package_identification:_identify(src/f1tenth_system/teleop_tools/mouse_teleop) by extensions ['colcon_meta']
[3.098s] Level 1:colcon.colcon_core.package_identification:_identify(src/f1tenth_system/teleop_tools/mouse_teleop) by extension 'colcon_meta'
[3.099s] Level 1:colcon.colcon_core.package_identification:_identify(src/f1tenth_system/teleop_tools/mouse_teleop) by extensions ['ros']
[3.100s] Level 1:colcon.colcon_core.package_identification:_identify(src/f1tenth_system/teleop_tools/mouse_teleop) by extension 'ros'
[3.107s] DEBUG:colcon.colcon_core.package_identification:Package 'src/f1tenth_system/teleop_tools/mouse_teleop' with type 'ros.ament_python' and name 'mouse_teleop'
[3.107s] Level 1:colcon.colcon_core.package_identification:_identify(src/f1tenth_system/teleop_tools/teleop_tools) by extensions ['ignore', 'ignore_ament_install']
[3.108s] Level 1:colcon.colcon_core.package_identification:_identify(src/f1tenth_system/teleop_tools/teleop_tools) by extension 'ignore'
[3.108s] Level 1:colcon.colcon_core.package_identification:_identify(src/f1tenth_system/teleop_tools/teleop_tools) by extension 'ignore_ament_install'
[3.109s] Level 1:colcon.colcon_core.package_identification:_identify(src/f1tenth_system/teleop_tools/teleop_tools) by extensions ['colcon_pkg']
[3.109s] Level 1:colcon.colcon_core.package_identification:_identify(src/f1tenth_system/teleop_tools/teleop_tools) by extension 'colcon_pkg'
[3.109s] Level 1:colcon.colcon_core.package_identification:_identify(src/f1tenth_system/teleop_tools/teleop_tools) by extensions ['colcon_meta']
[3.109s] Level 1:colcon.colcon_core.package_identification:_identify(src/f1tenth_system/teleop_tools/teleop_tools) by extension 'colcon_meta'
[3.110s] Level 1:colcon.colcon_core.package_identification:_identify(src/f1tenth_system/teleop_tools/teleop_tools) by extensions ['ros']
[3.110s] Level 1:colcon.colcon_core.package_identification:_identify(src/f1tenth_system/teleop_tools/teleop_tools) by extension 'ros'
[3.113s] DEBUG:colcon.colcon_core.package_identification:Package 'src/f1tenth_system/teleop_tools/teleop_tools' with type 'ros.ament_cmake' and name 'teleop_tools'
[3.114s] Level 1:colcon.colcon_core.package_identification:_identify(src/f1tenth_system/teleop_tools/teleop_tools_msgs) by extensions ['ignore', 'ignore_ament_install']
[3.114s] Level 1:colcon.colcon_core.package_identification:_identify(src/f1tenth_system/teleop_tools/teleop_tools_msgs) by extension 'ignore'
[3.115s] Level 1:colcon.colcon_core.package_identification:_identify(src/f1tenth_system/teleop_tools/teleop_tools_msgs) by extension 'ignore_ament_install'
[3.115s] Level 1:colcon.colcon_core.package_identification:_identify(src/f1tenth_system/teleop_tools/teleop_tools_msgs) by extensions ['colcon_pkg']
[3.115s] Level 1:colcon.colcon_core.package_identification:_identify(src/f1tenth_system/teleop_tools/teleop_tools_msgs) by extension 'colcon_pkg'
[3.115s] Level 1:colcon.colcon_core.package_identification:_identify(src/f1tenth_system/teleop_tools/teleop_tools_msgs) by extensions ['colcon_meta']
[3.116s] Level 1:colcon.colcon_core.package_identification:_identify(src/f1tenth_system/teleop_tools/teleop_tools_msgs) by extension 'colcon_meta'
[3.117s] Level 1:colcon.colcon_core.package_identification:_identify(src/f1tenth_system/teleop_tools/teleop_tools_msgs) by extensions ['ros']
[3.117s] Level 1:colcon.colcon_core.package_identification:_identify(src/f1tenth_system/teleop_tools/teleop_tools_msgs) by extension 'ros'
[3.121s] DEBUG:colcon.colcon_core.package_identification:Package 'src/f1tenth_system/teleop_tools/teleop_tools_msgs' with type 'ros.ament_cmake' and name 'teleop_tools_msgs'
[3.122s] Level 1:colcon.colcon_core.package_identification:_identify(src/f1tenth_system/vesc) by extensions ['ignore', 'ignore_ament_install']
[3.122s] Level 1:colcon.colcon_core.package_identification:_identify(src/f1tenth_system/vesc) by extension 'ignore'
[3.124s] Level 1:colcon.colcon_core.package_identification:_identify(src/f1tenth_system/vesc) by extension 'ignore_ament_install'
[3.137s] Level 1:colcon.colcon_core.package_identification:_identify(src/f1tenth_system/vesc) by extensions ['colcon_pkg']
[3.139s] Level 1:colcon.colcon_core.package_identification:_identify(src/f1tenth_system/vesc) by extension 'colcon_pkg'
[3.139s] Level 1:colcon.colcon_core.package_identification:_identify(src/f1tenth_system/vesc) by extensions ['colcon_meta']
[3.139s] Level 1:colcon.colcon_core.package_identification:_identify(src/f1tenth_system/vesc) by extension 'colcon_meta'
[3.140s] Level 1:colcon.colcon_core.package_identification:_identify(src/f1tenth_system/vesc) by extensions ['ros']
[3.140s] Level 1:colcon.colcon_core.package_identification:_identify(src/f1tenth_system/vesc) by extension 'ros'
[3.140s] Level 1:colcon.colcon_core.package_identification:_identify(src/f1tenth_system/vesc) by extensions ['cmake', 'python']
[3.141s] Level 1:colcon.colcon_core.package_identification:_identify(src/f1tenth_system/vesc) by extension 'cmake'
[3.141s] Level 1:colcon.colcon_core.package_identification:_identify(src/f1tenth_system/vesc) by extension 'python'
[3.141s] Level 1:colcon.colcon_core.package_identification:_identify(src/f1tenth_system/vesc) by extensions ['python_setup_py']
[3.142s] Level 1:colcon.colcon_core.package_identification:_identify(src/f1tenth_system/vesc) by extension 'python_setup_py'
[3.143s] Level 1:colcon.colcon_core.package_identification:_identify(src/f1tenth_system/vesc/vesc) by extensions ['ignore', 'ignore_ament_install']
[3.143s] Level 1:colcon.colcon_core.package_identification:_identify(src/f1tenth_system/vesc/vesc) by extension 'ignore'
[3.144s] Level 1:colcon.colcon_core.package_identification:_identify(src/f1tenth_system/vesc/vesc) by extension 'ignore_ament_install'
[3.144s] Level 1:colcon.colcon_core.package_identification:_identify(src/f1tenth_system/vesc/vesc) by extensions ['colcon_pkg']
[3.144s] Level 1:colcon.colcon_core.package_identification:_identify(src/f1tenth_system/vesc/vesc) by extension 'colcon_pkg'
[3.144s] Level 1:colcon.colcon_core.package_identification:_identify(src/f1tenth_system/vesc/vesc) by extensions ['colcon_meta']
[3.145s] Level 1:colcon.colcon_core.package_identification:_identify(src/f1tenth_system/vesc/vesc) by extension 'colcon_meta'
[3.145s] Level 1:colcon.colcon_core.package_identification:_identify(src/f1tenth_system/vesc/vesc) by extensions ['ros']
[3.145s] Level 1:colcon.colcon_core.package_identification:_identify(src/f1tenth_system/vesc/vesc) by extension 'ros'
[3.149s] DEBUG:colcon.colcon_core.package_identification:Package 'src/f1tenth_system/vesc/vesc' with type 'ros.ament_cmake' and name 'vesc'
[3.149s] Level 1:colcon.colcon_core.package_identification:_identify(src/f1tenth_system/vesc/vesc_ackermann) by extensions ['ignore', 'ignore_ament_install']
[3.150s] Level 1:colcon.colcon_core.package_identification:_identify(src/f1tenth_system/vesc/vesc_ackermann) by extension 'ignore'
[3.150s] Level 1:colcon.colcon_core.package_identification:_identify(src/f1tenth_system/vesc/vesc_ackermann) by extension 'ignore_ament_install'
[3.151s] Level 1:colcon.colcon_core.package_identification:_identify(src/f1tenth_system/vesc/vesc_ackermann) by extensions ['colcon_pkg']
[3.151s] Level 1:colcon.colcon_core.package_identification:_identify(src/f1tenth_system/vesc/vesc_ackermann) by extension 'colcon_pkg'
[3.151s] Level 1:colcon.colcon_core.package_identification:_identify(src/f1tenth_system/vesc/vesc_ackermann) by extensions ['colcon_meta']
[3.152s] Level 1:colcon.colcon_core.package_identification:_identify(src/f1tenth_system/vesc/vesc_ackermann) by extension 'colcon_meta'
[3.152s] Level 1:colcon.colcon_core.package_identification:_identify(src/f1tenth_system/vesc/vesc_ackermann) by extensions ['ros']
[3.153s] Level 1:colcon.colcon_core.package_identification:_identify(src/f1tenth_system/vesc/vesc_ackermann) by extension 'ros'
[3.162s] DEBUG:colcon.colcon_core.package_identification:Package 'src/f1tenth_system/vesc/vesc_ackermann' with type 'ros.ament_cmake' and name 'vesc_ackermann'
[3.163s] Level 1:colcon.colcon_core.package_identification:_identify(src/f1tenth_system/vesc/vesc_driver) by extensions ['ignore', 'ignore_ament_install']
[3.164s] Level 1:colcon.colcon_core.package_identification:_identify(src/f1tenth_system/vesc/vesc_driver) by extension 'ignore'
[3.164s] Level 1:colcon.colcon_core.package_identification:_identify(src/f1tenth_system/vesc/vesc_driver) by extension 'ignore_ament_install'
[3.165s] Level 1:colcon.colcon_core.package_identification:_identify(src/f1tenth_system/vesc/vesc_driver) by extensions ['colcon_pkg']
[3.165s] Level 1:colcon.colcon_core.package_identification:_identify(src/f1tenth_system/vesc/vesc_driver) by extension 'colcon_pkg'
[3.165s] Level 1:colcon.colcon_core.package_identification:_identify(src/f1tenth_system/vesc/vesc_driver) by extensions ['colcon_meta']
[3.165s] Level 1:colcon.colcon_core.package_identification:_identify(src/f1tenth_system/vesc/vesc_driver) by extension 'colcon_meta'
[3.166s] Level 1:colcon.colcon_core.package_identification:_identify(src/f1tenth_system/vesc/vesc_driver) by extensions ['ros']
[3.166s] Level 1:colcon.colcon_core.package_identification:_identify(src/f1tenth_system/vesc/vesc_driver) by extension 'ros'
[3.174s] DEBUG:colcon.colcon_core.package_identification:Package 'src/f1tenth_system/vesc/vesc_driver' with type 'ros.ament_cmake' and name 'vesc_driver'
[3.175s] Level 1:colcon.colcon_core.package_identification:_identify(src/f1tenth_system/vesc/vesc_msgs) by extensions ['ignore', 'ignore_ament_install']
[3.175s] Level 1:colcon.colcon_core.package_identification:_identify(src/f1tenth_system/vesc/vesc_msgs) by extension 'ignore'
[3.175s] Level 1:colcon.colcon_core.package_identification:_identify(src/f1tenth_system/vesc/vesc_msgs) by extension 'ignore_ament_install'
[3.177s] Level 1:colcon.colcon_core.package_identification:_identify(src/f1tenth_system/vesc/vesc_msgs) by extensions ['colcon_pkg']
[3.177s] Level 1:colcon.colcon_core.package_identification:_identify(src/f1tenth_system/vesc/vesc_msgs) by extension 'colcon_pkg'
[3.177s] Level 1:colcon.colcon_core.package_identification:_identify(src/f1tenth_system/vesc/vesc_msgs) by extensions ['colcon_meta']
[3.177s] Level 1:colcon.colcon_core.package_identification:_identify(src/f1tenth_system/vesc/vesc_msgs) by extension 'colcon_meta'
[3.178s] Level 1:colcon.colcon_core.package_identification:_identify(src/f1tenth_system/vesc/vesc_msgs) by extensions ['ros']
[3.178s] Level 1:colcon.colcon_core.package_identification:_identify(src/f1tenth_system/vesc/vesc_msgs) by extension 'ros'
[3.183s] DEBUG:colcon.colcon_core.package_identification:Package 'src/f1tenth_system/vesc/vesc_msgs' with type 'ros.ament_cmake' and name 'vesc_msgs'
[3.185s] Level 1:colcon.colcon_core.package_identification:_identify(src/install) by extensions ['ignore', 'ignore_ament_install']
[3.186s] Level 1:colcon.colcon_core.package_identification:_identify(src/install) by extension 'ignore'
[3.186s] Level 1:colcon.colcon_core.package_identification:_identify(src/install) ignored
[3.186s] Level 1:colcon.colcon_core.package_identification:_identify(src/lidar_processing) by extensions ['ignore', 'ignore_ament_install']
[3.187s] Level 1:colcon.colcon_core.package_identification:_identify(src/lidar_processing) by extension 'ignore'
[3.188s] Level 1:colcon.colcon_core.package_identification:_identify(src/lidar_processing) by extension 'ignore_ament_install'
[3.188s] Level 1:colcon.colcon_core.package_identification:_identify(src/lidar_processing) by extensions ['colcon_pkg']
[3.188s] Level 1:colcon.colcon_core.package_identification:_identify(src/lidar_processing) by extension 'colcon_pkg'
[3.189s] Level 1:colcon.colcon_core.package_identification:_identify(src/lidar_processing) by extensions ['colcon_meta']
[3.189s] Level 1:colcon.colcon_core.package_identification:_identify(src/lidar_processing) by extension 'colcon_meta'
[3.189s] Level 1:colcon.colcon_core.package_identification:_identify(src/lidar_processing) by extensions ['ros']
[3.189s] Level 1:colcon.colcon_core.package_identification:_identify(src/lidar_processing) by extension 'ros'
[3.195s] DEBUG:colcon.colcon_core.package_identification:Package 'src/lidar_processing' with type 'ros.ament_cmake' and name 'lidar_processing'
[3.198s] Level 1:colcon.colcon_core.package_identification:_identify(src/log) by extensions ['ignore', 'ignore_ament_install']
[3.198s] Level 1:colcon.colcon_core.package_identification:_identify(src/log) by extension 'ignore'
[3.199s] Level 1:colcon.colcon_core.package_identification:_identify(src/log) ignored
[3.199s] Level 1:colcon.colcon_core.package_identification:_identify(src/path_follow) by extensions ['ignore', 'ignore_ament_install']
[3.200s] Level 1:colcon.colcon_core.package_identification:_identify(src/path_follow) by extension 'ignore'
[3.200s] Level 1:colcon.colcon_core.package_identification:_identify(src/path_follow) by extension 'ignore_ament_install'
[3.200s] Level 1:colcon.colcon_core.package_identification:_identify(src/path_follow) by extensions ['colcon_pkg']
[3.201s] Level 1:colcon.colcon_core.package_identification:_identify(src/path_follow) by extension 'colcon_pkg'
[3.201s] Level 1:colcon.colcon_core.package_identification:_identify(src/path_follow) by extensions ['colcon_meta']
[3.201s] Level 1:colcon.colcon_core.package_identification:_identify(src/path_follow) by extension 'colcon_meta'
[3.201s] Level 1:colcon.colcon_core.package_identification:_identify(src/path_follow) by extensions ['ros']
[3.202s] Level 1:colcon.colcon_core.package_identification:_identify(src/path_follow) by extension 'ros'
[3.211s] DEBUG:colcon.colcon_core.package_identification:Package 'src/path_follow' with type 'ros.ament_cmake' and name 'path_follow'
[3.212s] Level 1:colcon.colcon_core.package_identification:_identify(src/path_planner) by extensions ['ignore', 'ignore_ament_install']
[3.212s] Level 1:colcon.colcon_core.package_identification:_identify(src/path_planner) by extension 'ignore'
[3.213s] Level 1:colcon.colcon_core.package_identification:_identify(src/path_planner) by extension 'ignore_ament_install'
[3.213s] Level 1:colcon.colcon_core.package_identification:_identify(src/path_planner) by extensions ['colcon_pkg']
[3.213s] Level 1:colcon.colcon_core.package_identification:_identify(src/path_planner) by extension 'colcon_pkg'
[3.213s] Level 1:colcon.colcon_core.package_identification:_identify(src/path_planner) by extensions ['colcon_meta']
[3.214s] Level 1:colcon.colcon_core.package_identification:_identify(src/path_planner) by extension 'colcon_meta'
[3.215s] Level 1:colcon.colcon_core.package_identification:_identify(src/path_planner) by extensions ['ros']
[3.215s] Level 1:colcon.colcon_core.package_identification:_identify(src/path_planner) by extension 'ros'
[3.224s] DEBUG:colcon.colcon_core.package_identification:Package 'src/path_planner' with type 'ros.ament_cmake' and name 'path_planner'
[3.225s] Level 1:colcon.colcon_core.package_identification:_identify(src/pygame_key_teleop) by extensions ['ignore', 'ignore_ament_install']
[3.225s] Level 1:colcon.colcon_core.package_identification:_identify(src/pygame_key_teleop) by extension 'ignore'
[3.226s] Level 1:colcon.colcon_core.package_identification:_identify(src/pygame_key_teleop) by extension 'ignore_ament_install'
[3.226s] Level 1:colcon.colcon_core.package_identification:_identify(src/pygame_key_teleop) by extensions ['colcon_pkg']
[3.226s] Level 1:colcon.colcon_core.package_identification:_identify(src/pygame_key_teleop) by extension 'colcon_pkg'
[3.226s] Level 1:colcon.colcon_core.package_identification:_identify(src/pygame_key_teleop) by extensions ['colcon_meta']
[3.227s] Level 1:colcon.colcon_core.package_identification:_identify(src/pygame_key_teleop) by extension 'colcon_meta'
[3.227s] Level 1:colcon.colcon_core.package_identification:_identify(src/pygame_key_teleop) by extensions ['ros']
[3.227s] Level 1:colcon.colcon_core.package_identification:_identify(src/pygame_key_teleop) by extension 'ros'
[3.230s] DEBUG:colcon.colcon_core.package_identification:Package 'src/pygame_key_teleop' with type 'ros.ament_python' and name 'pygame_key_teleop'
[3.235s] Level 1:colcon.colcon_core.package_discovery:discover_packages(recursive) using defaults
[3.235s] Level 1:colcon.colcon_core.package_discovery:discover_packages(ignore) discover
[3.235s] Level 1:colcon.colcon_core.package_discovery:discover_packages(ignore) using defaults
[3.235s] Level 1:colcon.colcon_core.package_discovery:discover_packages(path) discover
[3.236s] Level 1:colcon.colcon_core.package_discovery:discover_packages(path) using defaults
[3.450s] INFO:colcon.colcon_core.package_selection:Skipping not selected package 'ackermann_mux' in 'src/f1tenth_system/ackermann_mux'
[3.451s] INFO:colcon.colcon_core.package_selection:Skipping not selected package 'center_follow_cpp' in 'src/center_follow_cpp'
[3.451s] INFO:colcon.colcon_core.package_selection:Skipping not selected package 'key_teleop' in 'src/f1tenth_system/teleop_tools/key_teleop'
[3.451s] INFO:colcon.colcon_core.package_selection:Skipping not selected package 'lidar_processing' in 'src/lidar_processing'
[3.451s] INFO:colcon.colcon_core.package_selection:Skipping not selected package 'mouse_teleop' in 'src/f1tenth_system/teleop_tools/mouse_teleop'
[3.452s] INFO:colcon.colcon_core.package_selection:Skipping not selected package 'path_follow' in 'src/path_follow'
[3.452s] INFO:colcon.colcon_core.package_selection:Skipping not selected package 'path_planner' in 'src/path_planner'
[3.452s] INFO:colcon.colcon_core.package_selection:Skipping not selected package 'pygame_key_teleop' in 'src/pygame_key_teleop'
[3.452s] INFO:colcon.colcon_core.package_selection:Skipping not selected package 'teleop_tools_msgs' in 'src/f1tenth_system/teleop_tools/teleop_tools_msgs'
[3.452s] INFO:colcon.colcon_core.package_selection:Skipping not selected package 'vesc_msgs' in 'src/f1tenth_system/vesc/vesc_msgs'
[3.453s] INFO:colcon.colcon_core.package_selection:Skipping not selected package 'joy_teleop' in 'src/f1tenth_system/teleop_tools/joy_teleop'
[3.453s] INFO:colcon.colcon_core.package_selection:Skipping not selected package 'vesc_ackermann' in 'src/f1tenth_system/vesc/vesc_ackermann'
[3.453s] INFO:colcon.colcon_core.package_selection:Skipping not selected package 'vesc_driver' in 'src/f1tenth_system/vesc/vesc_driver'
[3.453s] INFO:colcon.colcon_core.package_selection:Skipping not selected package 'teleop_tools' in 'src/f1tenth_system/teleop_tools/teleop_tools'
[3.453s] INFO:colcon.colcon_core.package_selection:Skipping not selected package 'vesc' in 'src/f1tenth_system/vesc/vesc'
[3.453s] INFO:colcon.colcon_core.package_selection:Skipping not selected package 'f1tenth_slam_nav' in 'src/f1tenth_slam_nav'
[3.456s] Level 1:colcon.colcon_core.package_discovery:discover_packages(prefix_path) check parameters
[3.456s] Level 1:colcon.colcon_core.package_discovery:discover_packages(prefix_path) discover
[3.475s] DEBUG:colcon.colcon_installed_package_information.package_discovery:Found 308 installed packages in /opt/ros/foxy
[3.486s] Level 1:colcon.colcon_core.package_discovery:discover_packages(prefix_path) using defaults
[3.865s] Level 5:colcon.colcon_core.verb:set package 'f1tenth_stack' build argument 'cmake_args' from command line to 'None'
[3.866s] Level 5:colcon.colcon_core.verb:set package 'f1tenth_stack' build argument 'cmake_target' from command line to 'None'
[3.866s] Level 5:colcon.colcon_core.verb:set package 'f1tenth_stack' build argument 'cmake_target_skip_unavailable' from command line to 'False'
[3.866s] Level 5:colcon.colcon_core.verb:set package 'f1tenth_stack' build argument 'cmake_clean_cache' from command line to 'False'
[3.866s] Level 5:colcon.colcon_core.verb:set package 'f1tenth_stack' build argument 'cmake_clean_first' from command line to 'False'
[3.866s] Level 5:colcon.colcon_core.verb:set package 'f1tenth_stack' build argument 'cmake_force_configure' from command line to 'False'
[3.867s] Level 5:colcon.colcon_core.verb:set package 'f1tenth_stack' build argument 'ament_cmake_args' from command line to 'None'
[3.867s] Level 5:colcon.colcon_core.verb:set package 'f1tenth_stack' build argument 'catkin_cmake_args' from command line to 'None'
[3.867s] Level 5:colcon.colcon_core.verb:set package 'f1tenth_stack' build argument 'catkin_skip_building_tests' from command line to 'False'
[3.868s] DEBUG:colcon.colcon_core.verb:Building package 'f1tenth_stack' with the following arguments: {'ament_cmake_args': None, 'build_base': '/home/f1/f1tenth_ws/build/f1tenth_stack', 'catkin_cmake_args': None, 'catkin_skip_building_tests': False, 'cmake_args': None, 'cmake_clean_cache': False, 'cmake_clean_first': False, 'cmake_force_configure': False, 'cmake_target': None, 'cmake_target_skip_unavailable': False, 'install_base': '/home/f1/f1tenth_ws/install/f1tenth_stack', 'merge_install': False, 'path': '/home/f1/f1tenth_ws/src/f1tenth_system/f1tenth_stack', 'symlink_install': False, 'test_result_base': None}
[3.869s] INFO:colcon.colcon_core.executor:Executing jobs using 'parallel' executor
[3.874s] DEBUG:colcon.colcon_parallel_executor.executor.parallel:run_until_complete
[3.875s] INFO:colcon.colcon_ros.task.ament_python.build:Building ROS package in '/home/f1/f1tenth_ws/src/f1tenth_system/f1tenth_stack' with build type 'ament_python'
[3.876s] Level 1:colcon.colcon_core.shell:create_environment_hook('f1tenth_stack', 'ament_prefix_path')
[3.893s] INFO:colcon.colcon_core.plugin_system:Skipping extension 'colcon_core.shell.bat': Not used on non-Windows systems
[3.895s] INFO:colcon.colcon_core.shell:Creating environment hook '/home/f1/f1tenth_ws/install/f1tenth_stack/share/f1tenth_stack/hook/ament_prefix_path.ps1'
[3.898s] INFO:colcon.colcon_core.shell:Creating environment descriptor '/home/f1/f1tenth_ws/install/f1tenth_stack/share/f1tenth_stack/hook/ament_prefix_path.dsv'
[3.901s] INFO:colcon.colcon_core.shell:Creating environment hook '/home/f1/f1tenth_ws/install/f1tenth_stack/share/f1tenth_stack/hook/ament_prefix_path.sh'
[3.905s] INFO:colcon.colcon_core.shell:Skip shell extension 'powershell' for command environment: Not usable outside of PowerShell
[3.905s] DEBUG:colcon.colcon_core.shell:Skip shell extension 'dsv' for command environment
[5.504s] INFO:colcon.colcon_core.task.python.build:Building Python package in '/home/f1/f1tenth_ws/src/f1tenth_system/f1tenth_stack'
[5.509s] INFO:colcon.colcon_core.shell:Skip shell extension 'powershell' for command environment: Not usable outside of PowerShell
[5.509s] DEBUG:colcon.colcon_core.shell:Skip shell extension 'dsv' for command environment
[7.934s] DEBUG:colcon.colcon_core.event_handler.log_command:Invoking command in '/home/f1/f1tenth_ws/src/f1tenth_system/f1tenth_stack': AMENT_PREFIX_PATH=/home/f1/f1tenth_ws/install/vesc:/home/f1/f1tenth_ws/install/vesc_driver:/home/f1/f1tenth_ws/install/vesc_ackermann:/home/f1/f1tenth_ws/install/joy_teleop:/home/f1/f1tenth_ws/install/vesc_msgs:/home/f1/f1tenth_ws/install/teleop_tools_msgs:/home/f1/f1tenth_ws/install/ackermann_mux:${AMENT_PREFIX_PATH} CMAKE_PREFIX_PATH=/home/f1/f1tenth_ws/install/vesc:/home/f1/f1tenth_ws/install/vesc_driver:/home/f1/f1tenth_ws/install/vesc_ackermann:/home/f1/f1tenth_ws/install/vesc_msgs:/home/f1/f1tenth_ws/install/teleop_tools_msgs:/home/f1/f1tenth_ws/install/ackermann_mux LD_LIBRARY_PATH=/home/f1/f1tenth_ws/install/vesc_driver/lib:/home/f1/f1tenth_ws/install/vesc_ackermann/lib:/home/f1/f1tenth_ws/install/vesc_msgs/lib:/home/f1/f1tenth_ws/install/teleop_tools_msgs/lib:${LD_LIBRARY_PATH} PYTHONPATH=/home/f1/f1tenth_ws/build/f1tenth_stack/prefix_override:/usr/lib/python3/dist-packages/colcon_core/task/python/colcon_distutils_commands:/home/f1/f1tenth_ws/install/f1tenth_stack/lib/python3.8/site-packages:/home/f1/f1tenth_ws/build/joy_teleop:/home/f1/f1tenth_ws/install/joy_teleop/lib/python3.8/site-packages:/home/f1/f1tenth_ws/install/vesc_msgs/lib/python3.8/site-packages:/home/f1/f1tenth_ws/install/teleop_tools_msgs/lib/python3.8/site-packages:${PYTHONPATH} /usr/bin/python3 -W ignore:setup.py install is deprecated -W ignore:easy_install command is deprecated setup.py egg_info --egg-base ../../../build/f1tenth_stack build --build-base /home/f1/f1tenth_ws/build/f1tenth_stack/build install --record /home/f1/f1tenth_ws/build/f1tenth_stack/install.log --install-scripts $base/lib/f1tenth_stack --single-version-externally-managed install_data
[10.015s] DEBUG:colcon.colcon_core.event_handler.log_command:Invoked command in '/home/f1/f1tenth_ws/src/f1tenth_system/f1tenth_stack' returned '0': AMENT_PREFIX_PATH=/home/f1/f1tenth_ws/install/vesc:/home/f1/f1tenth_ws/install/vesc_driver:/home/f1/f1tenth_ws/install/vesc_ackermann:/home/f1/f1tenth_ws/install/joy_teleop:/home/f1/f1tenth_ws/install/vesc_msgs:/home/f1/f1tenth_ws/install/teleop_tools_msgs:/home/f1/f1tenth_ws/install/ackermann_mux:${AMENT_PREFIX_PATH} CMAKE_PREFIX_PATH=/home/f1/f1tenth_ws/install/vesc:/home/f1/f1tenth_ws/install/vesc_driver:/home/f1/f1tenth_ws/install/vesc_ackermann:/home/f1/f1tenth_ws/install/vesc_msgs:/home/f1/f1tenth_ws/install/teleop_tools_msgs:/home/f1/f1tenth_ws/install/ackermann_mux LD_LIBRARY_PATH=/home/f1/f1tenth_ws/install/vesc_driver/lib:/home/f1/f1tenth_ws/install/vesc_ackermann/lib:/home/f1/f1tenth_ws/install/vesc_msgs/lib:/home/f1/f1tenth_ws/install/teleop_tools_msgs/lib:${LD_LIBRARY_PATH} PYTHONPATH=/home/f1/f1tenth_ws/build/f1tenth_stack/prefix_override:/usr/lib/python3/dist-packages/colcon_core/task/python/colcon_distutils_commands:/home/f1/f1tenth_ws/install/f1tenth_stack/lib/python3.8/site-packages:/home/f1/f1tenth_ws/build/joy_teleop:/home/f1/f1tenth_ws/install/joy_teleop/lib/python3.8/site-packages:/home/f1/f1tenth_ws/install/vesc_msgs/lib/python3.8/site-packages:/home/f1/f1tenth_ws/install/teleop_tools_msgs/lib/python3.8/site-packages:${PYTHONPATH} /usr/bin/python3 -W ignore:setup.py install is deprecated -W ignore:easy_install command is deprecated setup.py egg_info --egg-base ../../../build/f1tenth_stack build --build-base /home/f1/f1tenth_ws/build/f1tenth_stack/build install --record /home/f1/f1tenth_ws/build/f1tenth_stack/install.log --install-scripts $base/lib/f1tenth_stack --single-version-externally-managed install_data
[10.033s] Level 1:colcon.colcon_core.environment:checking '/home/f1/f1tenth_ws/install/f1tenth_stack' for CMake module files
[10.039s] Level 1:colcon.colcon_core.environment:checking '/home/f1/f1tenth_ws/install/f1tenth_stack' for CMake config files
[10.047s] Level 1:colcon.colcon_core.environment:checking '/home/f1/f1tenth_ws/install/f1tenth_stack/lib'
[10.049s] Level 1:colcon.colcon_core.environment:checking '/home/f1/f1tenth_ws/install/f1tenth_stack/bin'
[10.049s] Level 1:colcon.colcon_core.environment:checking '/home/f1/f1tenth_ws/install/f1tenth_stack/lib/pkgconfig/f1tenth_stack.pc'
[10.051s] Level 1:colcon.colcon_core.environment:checking '/home/f1/f1tenth_ws/install/f1tenth_stack/lib/python3.8/site-packages'
[10.051s] Level 1:colcon.colcon_core.shell:create_environment_hook('f1tenth_stack', 'pythonpath')
[10.053s] INFO:colcon.colcon_core.shell:Creating environment hook '/home/f1/f1tenth_ws/install/f1tenth_stack/share/f1tenth_stack/hook/pythonpath.ps1'
[10.057s] INFO:colcon.colcon_core.shell:Creating environment descriptor '/home/f1/f1tenth_ws/install/f1tenth_stack/share/f1tenth_stack/hook/pythonpath.dsv'
[10.060s] INFO:colcon.colcon_core.shell:Creating environment hook '/home/f1/f1tenth_ws/install/f1tenth_stack/share/f1tenth_stack/hook/pythonpath.sh'
[10.065s] Level 1:colcon.colcon_core.environment:checking '/home/f1/f1tenth_ws/install/f1tenth_stack/bin'
[10.066s] Level 1:colcon.colcon_core.environment:create_environment_scripts_only(f1tenth_stack)
[10.068s] INFO:colcon.colcon_core.shell:Creating package script '/home/f1/f1tenth_ws/install/f1tenth_stack/share/f1tenth_stack/package.ps1'
[10.076s] INFO:colcon.colcon_core.shell:Creating package descriptor '/home/f1/f1tenth_ws/install/f1tenth_stack/share/f1tenth_stack/package.dsv'
[10.080s] INFO:colcon.colcon_core.shell:Creating package script '/home/f1/f1tenth_ws/install/f1tenth_stack/share/f1tenth_stack/package.sh'
[10.084s] INFO:colcon.colcon_core.shell:Creating package script '/home/f1/f1tenth_ws/install/f1tenth_stack/share/f1tenth_stack/package.bash'
[10.089s] INFO:colcon.colcon_core.shell:Creating package script '/home/f1/f1tenth_ws/install/f1tenth_stack/share/f1tenth_stack/package.zsh'
[10.094s] Level 1:colcon.colcon_core.environment:create_file_with_runtime_dependencies(/home/f1/f1tenth_ws/install/f1tenth_stack/share/colcon-core/packages/f1tenth_stack)
[10.100s] DEBUG:colcon.colcon_parallel_executor.executor.parallel:closing loop
[10.102s] DEBUG:colcon.colcon_parallel_executor.executor.parallel:loop closed
[10.102s] DEBUG:colcon.colcon_parallel_executor.executor.parallel:run_until_complete finished with '0'
[10.102s] DEBUG:colcon.colcon_core.event_reactor:joining thread
[10.144s] INFO:colcon.colcon_core.plugin_system:Skipping extension 'colcon_notification.desktop_notification.terminal_notifier': Not used on non-Darwin systems
[10.145s] INFO:colcon.colcon_core.plugin_system:Skipping extension 'colcon_notification.desktop_notification.win32': Not used on non-Windows systems
[10.146s] INFO:colcon.colcon_notification.desktop_notification:Sending desktop notification using 'notify2'
[10.375s] DEBUG:colcon.colcon_core.event_reactor:joined thread
[10.378s] INFO:colcon.colcon_core.shell:Creating prefix script '/home/f1/f1tenth_ws/install/local_setup.ps1'
[10.383s] INFO:colcon.colcon_core.shell:Creating prefix util module '/home/f1/f1tenth_ws/install/_local_setup_util_ps1.py'
[10.394s] INFO:colcon.colcon_core.shell:Creating prefix chain script '/home/f1/f1tenth_ws/install/setup.ps1'
[10.401s] INFO:colcon.colcon_core.shell:Creating prefix script '/home/f1/f1tenth_ws/install/local_setup.sh'
[10.405s] INFO:colcon.colcon_core.shell:Creating prefix util module '/home/f1/f1tenth_ws/install/_local_setup_util_sh.py'
[10.409s] INFO:colcon.colcon_core.shell:Creating prefix chain script '/home/f1/f1tenth_ws/install/setup.sh'
[10.415s] INFO:colcon.colcon_core.shell:Creating prefix script '/home/f1/f1tenth_ws/install/local_setup.bash'
[10.420s] INFO:colcon.colcon_core.shell:Creating prefix chain script '/home/f1/f1tenth_ws/install/setup.bash'
[10.428s] INFO:colcon.colcon_core.shell:Creating prefix script '/home/f1/f1tenth_ws/install/local_setup.zsh'
[10.432s] INFO:colcon.colcon_core.shell:Creating prefix chain script '/home/f1/f1tenth_ws/install/setup.zsh'
